daqname,subject,instance,time,road_type,oncoming,direction,heading_local,heading,width,curvature,speed,distance,steer,throttle,brake,lat_dist,front_left_x,front_left_y,front_center_x,front_center_y,front_right_x,front_right_y,pre_phase,ld_phase,post_phase,exceed
20130529091650.daq,21,1,72,1,0,right,2.75146284270437,-77.0829772949219,16,-0.000524505225280359,57.2556457519531,0,9.49211978912354,0.296994507312775,-0.0414877571165562,3.26069828455252,22609.0100758469,-2152.52048282872,22606.6098011498,-2153.07096970601,22604.2095264527,-2153.6214565833,1,0,0,0
20130529091650.daq,21,1,72.1,1,0,right,2.86756509150221,-77.4879302978516,16,-0.000517848729103316,57.2808227539063,8.39935759546734,9.7118444442749,0.296509861946106,0.00597078166902065,3.60272721944896,22610.9019202406,-2160.71953954045,22608.4978148156,-2161.25304823651,22606.0937093906,-2161.78655693257,1,0,0,0
20130529091650.daq,21,1,72.2,1,0,right,2.95496584603133,-77.9009094238281,16,-0.000511072965644844,57.3071327209473,16.8024855487947,10.107349395752,0.296179383993149,0.0154626751318574,3.9869487360269,22612.7365734471,-2168.93558146365,22610.3286850571,-2169.45174803067,22607.9207966671,-2169.9679145977,1,0,0,0
20130529091650.daq,21,1,72.3,1,0,right,3.05231153360333,-78.3177795410156,16,-0.000504177797038901,57.3328247070313,25.209475476503,9.6678991317749,0.296087235212326,-0.0225042030215263,4.38169046929345,22614.5142598422,-2177.16917936902,22612.1026797158,-2177.66781321997,22609.6910995894,-2178.16644707093,1,0,0,0
20130529091650.daq,21,1,72.4,1,0,right,3.13143930208273,-78.7069549560547,16,-0.000497165165816826,57.3584823608398,33.6201914690973,8.34954929351807,0.295001536607742,-0.0225042030215263,4.79095598807268,22616.2347866095,-2185.41723140973,22613.8198752232,-2185.89947348563,22611.4049638369,-2186.38171556152,1,0,0,0
20130529091650.daq,21,1,72.5,1,0,right,3.15660098090663,-79.0646209716797,16,-0.000490039922880783,57.3855514526367,42.0347635614244,7.07514476776123,0.295989215373993,-0.0414877571165562,5.2121479579637,22617.8983889483,-2193.6796315481,22615.4805142619,-2194.14678936327,22613.0626395755,-2194.61394717845,1,0,0,0
20130529091650.daq,21,1,72.6,1,0,right,3.14373000814511,-79.394287109375,16,-0.000482810198576764,57.4122886657715,50.4533347498564,6.89936447143555,0.295864045619965,-0.0889462977647781,5.63831705902187,22619.5087978876,-2201.95580456134,22617.0882753249,-2202.40904285096,22614.6677527623,-2202.86228114059,1,0,0,0
20130529091650.daq,21,1,72.7,1,0,right,3.14256393663558,-79.7038421630859,16,-0.000475487387367497,57.4386978149414,58.8757666071915,7.03119993209839,0.295660406351089,-0.0130125414580107,6.0691883042881,22621.0675394928,-2210.24410202646,22618.6446035338,-2210.68425627462,22616.2216675748,-2211.12441052278,1,0,0,0
20130529091650.daq,21,1,72.8,1,0,right,3.1473096557099,-80.0055847167969,16,-0.000468085999455112,57.4663734436035,67.3021481856194,6.24018955230713,0.295944809913635,-0.0699629709124565,6.50321406617848,22622.5797892826,-2218.54472756872,22620.1545689055,-2218.97211561955,22617.7293485284,-2219.39950367037,1,0,0,0
20130529091650.daq,21,1,72.9,1,0,right,3.09403285194421,-80.2507171630859,16,-0.000460623627516678,57.4941101074219,75.7326341841854,3.38376474380493,0.295353710651398,0.0154626751318574,6.94191653532434,22624.0463682699,-2226.8562402416,22621.619341571,-2227.27324842658,22619.1923148721,-2227.69025661156,1,0,0,0
20130529091650.daq,21,1,73,1,0,right,2.87790199350056,-80.4122314453125,16,-0.00045312151297038,57.5213203430176,84.1671250136296,0.26366999745369,0.295198768377304,0.110379755496979,7.36828502014287,22625.4766497272,-2235.17506318884,22623.0484571453,-2235.5852280445,22620.6202645635,-2235.99539290015,1,0,0,0
20130529091650.daq,21,1,73.1,1,0,right,2.58262538286604,-80.4740753173828,16,-0.000445605006390001,57.5480880737305,92.6056145195607,-2.68064475059509,0.29673758149147,0.0344459973275661,7.77000692893694,22626.8754774759,-2243.498974298,22624.4468435852,-2243.90651797468,22622.0182096945,-2244.31406165137,0,1,0,1
20130529091650.daq,21,1,73.2,1,0,right,2.32241459931244,-80.4665222167969,16,-0.000438103339175014,57.5733184814453,101.047883241947,-3.25192975997925,0.296336531639099,0.0154626751318574,8.14975721808198,22628.2548132647,-2251.82586233845,22625.8262331202,-2252.23372616984,22623.3976529757,-2252.64159000122,0,1,0,1
20130529091650.daq,21,1,73.3,1,0,right,1.97314107345942,-80.4152221679688,16,-0.000430648433755515,57.5989227294922,109.493870336227,-3.29587483406067,0.297201603651047,-0.00352087989449501,8.498662607913,22629.6249172491,-2260.15563521344,22627.1967032607,-2260.56567332184,22624.7684892724,-2260.97571143024,0,1,0,1
20130529091650.daq,21,1,73.4,1,0,right,1.55058718499082,-80.3395843505859,16,-0.000423269339829243,57.6239891052246,117.943583402144,-3.69137978553772,0.296310305595398,0.0154626751318574,8.80530128489944,22630.990542603,-2268.48920223072,22628.5628720336,-2268.90244553648,22626.1352014641,-2269.31568884225,0,1,0,1
20130529091650.daq,21,1,73.5,1,0,right,1.18823566628733,-80.2407379150391,16,-0.000415984103831263,57.6445617675781,126.396600444211,-4.39449977874756,0.296221852302551,-0.0130125414580107,9.05980649983811,22632.363340679,-2276.82439983952,22629.9363866475,-2277.24183073519,22627.5094326161,-2277.65926163087,0,1,0,1
20130529091650.daq,21,1,73.6,1,0,right,0.799021468206149,-80.1257934570313,16,-0.000408809794895666,57.6642112731934,134.852574671751,-4.57027959823608,0.296209841966629,0.0249543376266956,9.26589908703954,22633.744857544,-2285.1582949982,22631.3187458287,-2285.58059390688,22628.8926341134,-2286.00289281555,0,1,0,1
20130529091650.daq,21,1,73.7,1,0,right,0.37293134815863,-79.9896850585938,16,-0.000401762217966247,57.6838226318359,143.311434656514,-4.39449977874756,0.296544164419174,0.0249543376266956,9.411698601789,22635.1451420558,-2293.49217002615,22632.7200403729,-2293.92023106253,22630.29493869,-2294.34829209891,0,1,0,1
20130529091650.daq,21,1,73.8,1,0,right,-0.0296277050373135,-79.8521270751953,16,-0.000394855181806978,57.7009124755859,151.773085145293,-4.39449977874756,0.295281887054443,0.00597078166902065,9.49807857341311,22636.5630752853,-2301.82646418129,22634.1390082964,-2302.26034625885,22631.7149413076,-2302.69422833641,0,1,0,1
20130529091650.daq,21,1,73.9,1,0,right,-0.403388686776154,-79.7143402099609,16,-0.000388099926791816,57.7160453796387,160.23704404403,-4.21871948242188,0.296181619167328,0.0534295551478863,9.52670017163802,22638.0024942131,-2310.15853435158,22635.5794776473,-2310.59824464874,22633.1564610816,-2311.0379549459,0,1,1,1
20130529091650.daq,21,1,74,1,0,right,-0.779649298808962,-79.5790100097656,16,-0.000381504691498986,57.7315521240234,168.703225144607,-3.64743494987488,0.296107411384583,0.0344459973275661,9.49962964680624,22639.4632474723,-2318.48871956609,22637.0412762415,-2318.93415169372,22634.6193050106,-2319.37958382134,0,1,1,1
20130529091650.daq,21,1,74.1,1,0,right,-1.14923901966399,-79.4634094238281,16,-0.000375075240368613,57.7472534179688,177.171689105088,-2.98825979232788,0.29579895734787,0.0534295551478863,9.41552274496534,22640.9443640442,-2326.8190984864,22638.523296451,-2327.2694162995,22636.1022288579,-2327.7197341126,0,1,1,1
20130529091650.daq,21,1,74.2,1,0,right,-1.48423790957014,-79.3644256591797,16,-0.000368815397965554,57.761547088623,185.642421565224,-2.41697478294373,0.296171545982361,-0.00352087989449501,9.27381221674763,22642.4460230509,-2335.14981128577,22640.025737036,-2335.60431104325,22637.6054510211,-2336.05881080072,0,1,1,1
20130529091650.daq,21,1,74.3,1,0,right,-1.75172279884524,-79.29296875,16,-0.000362727544426077,57.7742080688477,194.115079510898,-1.93357992172241,0.296998500823975,0.0534295551478863,9.08550434398454,22643.9637087353,-2343.47954268903,22641.5439914357,-2343.93706057214,22639.1242741361,-2344.39457845525,0,1,1,1
20130529091650.daq,21,1,74.4,1,0,right,-2.01261435566533,-79.2297668457031,16,-0.000356812628770768,57.7878303527832,202.589642334219,-1.23045992851257,0.298177301883698,-0.0414877571165562,8.84891587217522,22645.5004593309,-2351.80809897044,22643.0812481828,-2352.26828571962,22640.6620370346,-2352.7284724688,0,1,1,1
20130529091650.daq,21,1,74.5,1,0,right,-2.24073668342109,-79.2042083740234,16,-0.000351069569539092,57.8023490905762,211.066265153847,-0.131834983825684,0.29612809419632,-0.0319960974156857,8.57189251677448,22647.0487682003,-2360.13848507615,22644.6297625727,-2360.59975093997,22642.2107569451,-2361.06101680378,0,1,1,1
20130529091650.daq,21,1,74.6,1,0,right,-2.44091188961148,-79.2150115966797,16,-0.000345494402718664,57.8175468444824,219.545072409726,1.36229491233826,0.296319186687469,-0.0319960974156857,8.25277342153081,22648.6087090476,-2368.47139048095,22646.1896164905,-2368.93220022869,22643.7705239334,-2369.39300997643,0,1,1,1
20130529091650.daq,21,1,74.7,1,0,right,-2.55528895557269,-79.2944488525391,16,-0.000340079788197511,57.8321762084961,228.026088020067,3.95504975318909,0.297973096370697,-0.0225042030215263,7.90221640858493,22650.1706568786,-2376.80894113708,22647.7509277609,-2377.2663965123,22645.3311986431,-2377.72385188752,0,1,1,1
20130529091650.daq,21,1,74.8,1,0,right,-2.57291801973466,-79.4353332519531,16,-0.000334814676733591,57.8464622497559,236.509210017774,5.2294545173645,0.2979536652565,-0.0225042030215263,7.53078337786582,22651.729146339,-2385.15135420382,22649.3082997019,-2385.60285833832,22646.8874530649,-2386.05436247283,0,0,1,0
20130529091650.daq,21,1,74.9,1,0,right,-2.54699519570804,-79.6111297607422,16,-0.000329684414553163,57.8616104125977,244.994485027036,5.31734466552734,0.220574125647545,-0.00352087989449501,7.14308132949507,22653.2817504754,-2393.49913202741,22650.8595299179,-2393.94320633916,22648.4373093604,-2394.38728065091,0,0,1,0
20130529091650.daq,21,1,75,1,0,right,-2.49692346766,-79.8050994873047,16,-0.000324671450966545,57.8734893798828,253.481847447624,5.66890478134155,0.150317132472992,-0.00352087989449501,6.75317750293807,22654.8157313817,-2401.8533774841,22652.3920213338,-2402.28924905614,22649.968311286,-2402.72512062817,0,0,1,0
20130529091650.daq,21,1,75.1,1,0,right,-2.42034257190326,-80.0218658447266,16,-0.000319757753333131,57.8686180114746,261.969917949688,6.45991468429565,0.136488437652588,-0.0225042030215263,6.36204521695277,22656.3308210149,-2410.21375326056,22653.9054792895,-2410.64045214524,22651.480137564,-2411.06715102993,0,0,1,0
20130529091650.daq,21,1,75.2,1,0,right,-2.31556934620626,-80.2585296630859,16,-0.000314927818444597,57.834716796875,270.455198833597,6.63569450378418,0.132305413484573,-0.00352087989449501,5.97525363333729,22657.8213156212,-2418.57770265833,22655.3942320842,-2418.994379905,22652.9671485472,-2419.41105715168,0,0,1,0
20130529091650.daq,21,1,75.3,1,0,right,-2.20138277044668,-80.4986724853516,16,-0.000310167182109026,57.7768516540527,278.933621113593,5.80073976516724,0.130790859460831,-0.0319960974156857,5.60055410460643,22659.2803284166,-2426.94049573371,22656.8515197906,-2427.34699675654,22654.4227111645,-2427.75349777936,0,0,1,0
20130529091650.daq,21,1,75.4,1,0,right,-2.1025047964127,-80.7242126464844,16,-0.00030546359061918,57.7003784179688,287.402208395042,4.70211458206177,0.130875676870346,0.0154626751318574,5.23693579916214,22660.7088892689,-2435.29833737848,22658.2784993065,-2435.69527446957,22655.8481093442,-2436.09221156067,0,0,1,0
20130529091650.daq,21,1,75.5,1,0,right,-2.03286534628694,-80.9145202636719,16,-0.000300808398988179,57.6057968139648,295.858175209338,3.33981990814209,0.130569130182266,0.0534295551478863,4.8883623092265,22662.1023237347,-2443.64760570948,22659.6706287568,-2444.03646809893,22657.238933779,-2444.42533048838,0,0,1,0
20130529091650.daq,21,1,75.6,1,0,right,-1.98609902277275,-81.0684356689453,16,-0.00029619758669427,57.5016326904297,304.299467341571,2.2411949634552,0.131254136562347,0.0629212111234665,4.55614454132943,22663.4607102852,-2451.98535171363,22661.0279794697,-2452.36768037124,22658.5952486541,-2452.75000902885,0,0,1,0
20130529091650.daq,21,1,75.7,1,0,right,-1.95254875905337,-81.1956176757813,16,-0.000291631721017812,57.395191192627,312.725366732693,2.32908487319946,0.131476938724518,0.0249543376266956,4.23504382072441,22664.7913180153,-2460.31020919495,22662.3577445217,-2460.68713687357,22659.9241710282,-2461.0640645522,0,0,1,0
20130529091650.daq,21,1,75.8,1,0,right,-1.9113118810716,-81.3169708251953,16,-0.00028711468664335,57.2889595031738,321.135550370359,2.94431495666504,0.131526350975037,0.0344459973275661,3.9266794451403,22666.0949068922,-2468.6221591713,22663.6605405204,-2468.99393167044,22661.2261741486,-2469.36570416958,0,0,1,0
20130529091650.daq,21,1,75.9,1,0,right,-1.84617788314856,-81.4477081298828,16,-0.000282651913293422,57.1833343505859,329.530197011687,3.69137978553772,0.132000178098679,-0.00352087989449501,3.62845624738638,22667.3764636652,-2476.92220178737,22664.9412553223,-2477.28841859501,22662.5060469794,-2477.65463540266,0,0,1,0
20130529091650.daq,21,1,76,1,0,right,-1.75442838537579,-81.5927734375,16,-0.000278248985328989,57.0782585144043,337.909394077023,3.99899482727051,0.131933391094208,0.0534295551478863,3.34344357275754,22668.6337486618,-2485.21049824576,22666.1976209128,-2485.57054826196,22663.7614931639,-2485.93059827816,0,0,1,0
20130529091650.daq,21,1,76.1,1,0,right,-1.64965311852036,-81.7368011474609,16,-0.000273909253283364,56.9735832214355,346.273210243788,3.51559996604919,0.132125422358513,0.0534295551478863,3.07032703853494,22669.8715499415,-2493.48702036464,22667.4345248119,-2493.8409454147,22664.9974996823,-2494.19487046476,0,0,1,0
20130529091650.daq,21,1,76.2,1,0,right,-1.55063971422155,-81.8623352050781,16,-0.000269633209765765,56.8692321777344,354.621698290559,2.54880976676941,0.132264867424965,0.00597078166902065,2.81343869155439,22671.0869686941,-2501.75070292369,22668.6491739708,-2502.0992876488,22666.2113792475,-2502.44787237392,0,0,1,0
20130529091650.daq,21,3,190.3,1,0,right,1.77227783203125,-91.7722778320313,12,0.0001,69.7119903564453,0,1.36229491233826,0.369602203369141,-0.0130125414580107,2.9330554906182,22714.017171818,-13215.9455798996,22711.5557588219,-13215.8694189758,22709.0943458259,-13215.793258052,1,0,0,0
20130529091650.daq,21,3,190.4,1,0,right,1.78443908691406,-91.7844390869141,12,0.0001,69.7527923583984,10.227441575702,1.31834995746613,0.369229704141617,0.0154626751318574,3.2249717684091,22713.6980520567,-13226.1665585391,22711.2366552816,-13226.0898751724,22708.7752585064,-13226.0131918057,1,0,0,0
20130529091650.daq,21,3,190.5,1,0,right,1.79542541503906,-91.7954254150391,12,0.0001,69.7934494018555,20.4608578540428,1.36229491233826,0.369335144758224,0.0249543376266956,3.54768283698786,22713.3750994579,-13236.3943463592,22710.9137174318,-13236.317191027,22708.4523354058,-13236.2400356948,1,0,0,0
20130529091650.daq,21,3,190.6,1,0,right,1.81260681152344,-91.8126068115234,12,0.0001,69.8339920043945,30.7002281338846,1.62596487998962,0.368734210729599,0.0629212111234665,3.87346993411773,22713.0498062615,-13246.6271569993,22710.5884474829,-13246.5492635712,22708.1270887042,-13246.4713701431,1,0,0,0
20130529091650.daq,21,3,190.7,1,0,right,1.83203125,-91.83203125,12,0.0001,69.8744430541992,40.9455368427534,1.53807497024536,0.369092702865601,0.043937660753727,4.20049253173076,22712.7224195302,-13256.8668539424,22710.2610873004,-13256.788126068,22707.7997550707,-13256.7093981935,1,0,0,0
20130529091650.daq,21,3,190.8,1,0,right,1.82965087890625,-91.8296508789063,12,0.0001,69.9147644042969,51.1967697136461,-0.527339935302734,0.369144350290298,0.0249543376266956,4.53023774208979,22712.392490288,-13267.1119173387,22709.9311547896,-13267.0332917212,22707.4698192912,-13266.9546661036,1,0,0,0
20130529091650.daq,21,3,190.9,1,0,right,1.70315551757813,-91.7031555175781,12,0.0001,69.9549407958984,61.453867627095,-6.10835456848145,0.369650453329086,0.0724128782749176,4.85512444608815,22712.0683676,-13277.359049924,22709.6068645137,-13277.285858533,22707.1453614275,-13277.212667142,1,0,0,0
20130529091650.daq,21,3,191,1,0,right,1.46072387695313,-91.4607238769531,12,0.0001,69.9944305419922,71.7168551074228,-8.43743896484375,0.368733882904053,0.043937660753727,5.16824912283642,22711.7553817849,-13287.6064353705,22709.2935910444,-13287.5436597902,22706.8318003039,-13287.4808842098,1,0,0,0
20130529091650.daq,21,3,191.1,1,0,right,1.13319396972656,-91.1331939697266,12,0.0001,70.0329284667969,81.985564307568,-8.74505424499512,0.371541410684586,0.043937660753727,5.4611274683366,22711.4632975995,-13297.8576324204,22709.0011882291,-13297.808930555,22706.5390788587,-13297.7602286897,1,0,0,0
20130529091650.daq,21,3,191.2,1,0,right,0.76190185546875,-90.7619018554688,12,0.0001,70.0702972412109,92.2598374512945,-8.30560398101807,0.369674652814865,-0.00352087989449501,5.71993844428702,22711.2051383054,-13308.1115803557,22708.7427650326,-13308.0788345344,22706.2803917598,-13308.0460887132,0,1,0,1
20130529091650.daq,21,3,191.3,1,0,right,0.396514892578125,-90.3965148925781,12,0.0001,70.106575012207,102.539510701219,-6.98725461959839,0.369398981332779,0.0534295551478863,5.93554023361639,22710.989524711,-13318.3713808823,22708.5269926834,-13318.354338681,22706.0644606559,-13318.3372964796,0,1,0,1
20130529091650.daq,21,3,191.4,1,0,right,0.0672607421875,-90.0672607421875,12,0.0001,70.1419067382813,112.824431969255,-5.49312448501587,0.368682831525803,0.0724128782749176,6.10297684795352,22710.8224025935,-13328.6397359232,22708.3598132924,-13328.6368450356,22705.8972239912,-13328.633954148,0,1,0,1
20130529091650.daq,21,3,191.5,1,0,right,-0.216995239257813,-89.7830047607422,12,0.0001,70.1766052246094,123.114484788193,-4.39449977874756,0.368899017572403,0.129363313317299,6.21452595161857,22710.711051963,-13338.9149512417,22708.2484786261,-13338.9242777445,22705.7859052891,-13338.9336042473,0,1,0,1
20130529091650.daq,21,3,191.6,1,0,right,-0.453567504882813,-89.5464324951172,12,0.0001,70.2113494873047,133.40961871067,-3.29587483406067,0.368631154298782,0.0534295551478863,6.27171251680756,22710.6533703489,-13349.1971357178,22708.190856512,-13349.2166299911,22705.7283426752,-13349.2361242645,0,1,0,1
20130529091650.daq,21,3,191.7,1,0,right,-0.639602661132813,-89.3603973388672,12,0.0001,70.2468185424805,143.70989779831,-2.02146983146667,0.368986338376999,0.0249543376266956,6.27961005073888,22710.6452904502,-13359.4863979875,22708.1828528902,-13359.5138877443,22705.7204153303,-13359.5413775011,0,1,1,1
20130529091650.daq,21,3,191.8,1,0,right,-0.752365112304688,-89.2476348876953,12,0.0001,70.2832946777344,154.015450081117,0.307614982128143,0.369397610425949,0.0249543376266956,6.24156837971124,22710.6834740938,-13369.7843225907,22708.2210954046,-13369.8166585555,22705.7587167155,-13369.8489945202,0,1,1,1
20130529091650.daq,21,3,191.9,1,0,right,-0.800125122070313,-89.1998748779297,12,0.0001,70.3206176757813,164.326418881838,1.40623998641968,0.369038254022598,0.0154626751318574,6.17036449273768,22710.7547684838,-13380.0897491835,22708.2924176044,-13380.1241377003,22705.830066725,-13380.1585262172,0,1,1,1
20130529091650.daq,21,3,192,1,0,right,-0.798919677734375,-89.2010803222656,12,0.0001,70.358528137207,174.642907519657,1.97752487659454,0.370191603899002,-0.0130125414580107,6.07246484942398,22710.8523506676,-13390.4032564178,22708.3899990652,-13390.4375931293,22705.9276474628,-13390.4719298408,0,1,1,1
20130529091650.daq,21,3,192.1,1,0,right,-0.742706298828125,-89.2572937011719,12,0.0001,70.3968963623047,184.964990127037,3.91110491752625,0.36977806687355,-0.00352087989449501,5.96063944788392,22710.9641304039,-13400.7249975023,22708.5017462986,-13400.7569183635,22706.0393621933,-13400.7888392247,0,1,1,1
20130529091650.daq,21,3,192.2,1,0,right,-0.624465942382813,-89.3755340576172,12,0.0001,70.4357376098633,195.292736640242,6.0644097328186,0.369056195020676,-0.0130125414580107,5.84308800655459,22711.0818592819,-13411.0541632243,22708.6194145454,-13411.0810024396,22706.156969809,-13411.107841655,0,1,1,1
20130529091650.daq,21,3,192.3,1,0,right,-0.439620971679688,-89.5603790283203,12,0.0001,70.4745864868164,205.626188927798,7.38275957107544,0.369614273309708,-0.0414877571165562,5.7297990531629,22711.1954800115,-13421.3927977938,22708.7329615024,-13421.4116926589,22706.2704429934,-13421.430587524,0,1,1,1
20130529091650.daq,21,3,192.4,1,0,right,-0.248016357421875,-89.7519836425781,12,0.0001,70.5128707885742,215.965299339785,5.2733998298645,0.369110018014908,0.043937660753727,5.6325772107243,22711.2930438385,-13431.7374230167,22708.8304759121,-13431.7480828061,22706.3679079857,-13431.7587425954,0,0,1,0
20130529091650.daq,21,3,192.5,1,0,right,-0.104339599609375,-89.8956604003906,12,0.0001,70.5507659912109,226.309993184259,2.37302994728088,0.367677927017212,0.0344459973275661,5.55571699855942,22711.3701141504,-13442.0876622142,22708.9075272357,-13442.0921467612,22706.4449403211,-13442.0966313082,0,0,1,0
20130529091650.daq,21,3,192.6,1,0,right,-0.0560302734375,-89.9439697265625,12,0.0001,70.5883102416992,236.660218708383,-0.659174978733063,0.37008860707283,0.0154626751318574,5.49622517705707,22711.4296306791,-13452.4404165537,22708.9670408586,-13452.4428247525,22706.5044510381,-13452.4452329513,0,0,1,0
20130529091650.daq,21,3,192.7,1,0,right,-0.09124755859375,-89.9087524414063,12,0.0001,70.6257476806641,247.015938985796,-1.93357992172241,0.370507448911667,-0.0225042030215263,5.4548802644333,22711.4708682158,-13462.794040144,22709.0082803407,-13462.7979619917,22706.5456924656,-13462.8018838394,0,0,1,0
20130529091650.daq,21,3,192.8,1,0,right,-0.188262939453125,-89.8117370605469,12,0.0001,70.6634368896484,257.377164553565,-2.59275484085083,0.369326680898666,-0.0130125414580107,5.42132228440224,22711.5042009171,-13473.1510154494,22709.0416232128,-13473.1591070364,22706.5790455085,-13473.1671986234,0,0,1,0
20130529091650.daq,21,3,192.9,1,0,right,-0.315048217773438,-89.6849517822266,12,0.0001,70.7013854980469,267.743940264161,-2.72458982467651,0.368950933218002,0.043937660753727,5.3917616939356,22711.5335058576,-13483.511145361,22709.0709520876,-13483.5246861663,22706.6083983177,-13483.5382269716,0,0,1,0
20130529091650.daq,21,3,193,1,0,right,-0.453094482421875,-89.5469055175781,12,0.0001,70.7392883300781,278.11628085082,-2.63669991493225,0.368388503789902,0.043937660753727,5.35764357534018,22711.5674037128,-13493.8758585152,22709.104889715,-13493.8953324586,22706.6423757173,-13493.9148064019,0,0,1,0
20130529091650.daq,21,3,193.1,1,0,right,-0.584625244140625,-89.4153747558594,12,0.0001,70.7769393920898,288.494165146165,-2.0654149055481,0.369035333395004,0.043937660753727,5.31039272202445,22711.6145641616,-13504.2465748606,22709.1521013578,-13504.2717018053,22706.689638554,-13504.29682875,0,0,1,0
20130529091650.daq,21,3,193.2,1,0,right,-0.69140625,-89.30859375,12,0.0001,70.8143081665039,298.877550442441,-0.92284494638443,0.368841558694839,0.0154626751318574,5.24537685989033,22711.6797264961,-13514.6227826379,22709.2173147973,-13514.6524987792,22706.7549030985,-13514.6822149206,0,0,1,0
20130529091650.daq,21,3,193.3,1,0,right,-0.772308349609375,-89.2276916503906,12,0.0001,70.8514556884766,309.266399813298,-0.307614982128143,0.36909756064415,0.0344459973275661,5.16248512560693,22711.7628247966,-13525.0064721925,22709.3004575119,-13525.0396652481,22706.8380902273,-13525.0728583037,0,0,1,0
20130529091650.daq,21,3,193.4,1,0,right,-0.83056640625,-89.16943359375,12,0.0001,70.8883514404297,319.660678383843,-0.351559966802597,0.369952946901321,0.0154626751318574,5.05875422869346,22711.8660136757,-13535.3956147319,22709.4036814145,-13535.4313114924,22706.9413491533,-13535.467008253,0,0,1,0
20130529091650.daq,21,3,193.5,1,0,right,-0.880111694335938,-89.1198883056641,12,0.0001,70.9252700805664,330.060365452939,-0.351559966802597,0.368467688560486,0.0344459973275661,4.94034168605673,22711.9842910357,-13545.790835492,22709.5219905631,-13545.8286614876,22707.0596900904,-13545.8664874832,0,0,1,0
20130529091650.daq,21,3,193.6,1,0,right,-0.9267578125,-89.0732421875,12,0.0001,70.9622802734375,340.465477339054,-0.351559966802597,0.368759304285049,0.0344459973275661,4.80902281591781,22712.116061209,-13556.1910106013,22709.6537923476,-13556.2308412127,22707.1915234862,-13556.2706718242,0,0,1,0
20130529091650.daq,21,3,193.7,1,0,right,-0.973159790039063,-89.0268402099609,12,0.0001,70.9991683959961,350.876009006772,-0.351559966802597,0.369043797254562,0.0534295551478863,4.66315072038113,22712.2614873041,-13566.5970490118,22709.7992515077,-13566.638873721,22707.3370157113,-13566.6806984302,0,0,1,0
20130529091650.daq,21,3,193.8,1,0,right,-1.02005004882813,-88.9799499511719,12,0.0001,71.0360107421875,361.291945536355,-0.351559966802597,0.368541240692139,0.0154626751318574,4.50582182376083,22712.4186611395,-13577.008931952,22709.9564603965,-13577.0527717146,22707.4942596536,-13577.0966114772,0,0,1,0
20130529091650.daq,21,3,193.9,1,0,right,-1.06654357910156,-88.9334564208984,12,0.0001,71.0728302001953,371.713285342583,-0.351559966802597,0.370241761207581,-0.0225042030215263,4.34135477452723,22712.5836221605,-13587.4247289962,22710.1214578027,-13587.4705667343,22707.6592934448,-13587.5164044725,0,0,1,0
20130529091650.daq,21,3,194,1,0,right,-1.11332702636719,-88.8866729736328,12,0.0001,71.1095123291016,382.140015463932,-0.351559966802597,0.368918746709824,0.043937660753727,4.16783991666616,22712.7564124836,-13597.8463756276,22710.2942863741,-13597.8942237695,22707.8321602647,-13597.9420719113,0,0,1,0
20130529091650.daq,21,3,194.1,1,0,right,-1.16108703613281,-88.8389129638672,12,0.0001,71.1461486816406,392.572121353656,-0.351559966802597,0.369733482599258,0.0249543376266956,3.98601591058407,22712.939027292,-13608.2738540666,22710.4769419227,-13608.3237545446,22708.0148565534,-13608.3736550226,0,0,1,0
20130529091650.daq,21,3,194.2,1,0,right,-1.20687866210938,-88.7931213378906,12,0.0001,71.1827011108398,403.009594526156,-0.351559966802597,0.369585871696472,0.0249543376266956,3.79475703547089,22713.1293329885,-13618.7062638233,22710.6672882867,-13618.7581320199,22708.2052435849,-13618.8100002165,0,0,1,0
20130529091650.daq,21,3,194.3,1,0,right,-1.25433349609375,-88.7456665039063,12,0.0001,71.2192001342773,413.452425283598,-0.307614982128143,0.368351101875305,0.0344459973275661,3.5954490372375,22713.3295052169,-13629.143511023,22710.8675043191,-13629.197418373,22708.4055034212,-13629.2513257231,0,0,1,0
20130529091650.daq,21,3,194.4,1,0,right,-1.30192565917969,-88.6980743408203,12,0.0001,71.2555084228516,423.900596841277,-0.307614982128143,0.369546681642532,0.0629212111234665,3.38644232154023,22713.5374973331,-13639.58563506,22711.0755420622,-13639.6415874276,22708.6135867913,-13639.6975397951,0,0,1,0
20130529091650.daq,21,3,194.5,1,0,right,-1.34861755371094,-88.6513824462891,12,0.0001,71.2916564941406,434.354080292202,-0.351559966802597,0.368905782699585,0.043937660753727,3.16911092614294,22713.7551989542,-13650.0336394883,22711.2932900978,-13650.0915981516,22708.8313812415,-13650.1495568149,0,0,1,0
20130529091650.daq,21,3,194.6,1,0,right,-1.39634704589844,-88.6036529541016,12,0.0001,71.3277282714844,444.812860250388,-0.351559966802597,0.369443088769913,0.0534295551478863,2.94339780284532,22713.9807755596,-13660.4864973374,22711.5189158392,-13660.546506841,22709.0570561189,-13660.6065163446,0,0,1,0
20130529091650.daq,21,3,194.7,1,0,right,-1.4437255859375,-88.5562744140625,12,0.0001,71.3637313842773,455.276925059792,-0.351559966802597,0.368896692991257,-0.107929855585098,2.70753624948082,22714.2160952913,-13670.9442447384,22711.7542860351,-13671.0062899614,22709.2924767789,-13671.0683351844,0,0,1,0
20130529091650.daq,21,4,195.15,1,0,left,-1.65670776367188,-88.3432922363281,12,0.0001,71.5245132446289,0,-0.351559966802597,0.368590831756592,0.0154626751318574,-3.40253001906833,22715.3795000636,-13718.0665842389,22712.9179384523,-13718.1377801487,22710.4563768411,-13718.2089760584,1,0,0,0
20130529091650.daq,21,4,195.25,1,0,left,-1.70623779296875,-88.2937622070313,12,0.0001,71.5599060058594,10.4928832173227,-0.395504981279373,0.369050264358521,0.0344459973275661,-3.66233296364185,22715.6618204566,-13728.552581971,22713.2003213113,-13728.6259057806,22710.738822166,-13728.6992295901,1,0,0,0
20130529091650.daq,21,4,195.35,1,0,left,-1.754150390625,-88.245849609375,12,0.0001,71.5951766967773,20.9909473139323,-0.395504981279373,0.368928819894791,0.0344459973275661,-3.95460687547539,22715.9538066638,-13739.0425261459,22713.4923696949,-13739.1179083153,22711.030932726,-13739.1932904848,1,0,0,0
20130529091650.daq,21,4,195.45,1,0,left,-1.80247497558594,-88.1975250244141,12,0.0001,71.6303939819336,31.4941808202802,-0.395504981279373,0.369403630495071,0.0154626751318574,-4.25374411567349,22716.2536294371,-13749.5383163271,22713.7922569228,-13749.6157745023,22711.3308844084,-13749.6932326775,1,0,0,0
20130529091650.daq,21,4,195.55,1,0,left,-1.85647583007813,-88.1435241699219,12,0.0001,71.6655426025391,42.0025744115283,-0.74706494808197,0.369207054376602,0.0344459973275661,-4.563610365227,22716.5635628061,-13760.0378594516,22714.1022643887,-13760.1176374177,22711.6409659713,-13760.1974153838,1,0,0,0
20130529091650.daq,21,4,195.65,1,0,left,-1.92453002929688,-88.0754699707031,12,0.0001,71.7005386352539,52.5161136341812,-1.36229491233826,0.368743300437927,0.0534295551478863,-4.88279288681031,22716.882163662,-13770.5428844899,22714.4209617387,-13770.6255858552,22711.9597598153,-13770.7082872204,1,0,0,0
20130529091650.daq,21,4,195.75,1,0,left,-2.00665283203125,-87.9933471679688,12,0.0001,71.7353363037109,63.0347718192097,-1.58201992511749,0.36898085474968,0.0249543376266956,-5.21352205778695,22717.2133378454,-13781.05143486,22714.7522569871,-13781.1376638125,22712.2911761288,-13781.223892765,1,0,0,0
20130529091650.daq,21,4,195.85,1,0,left,-2.0921630859375,-87.9078369140625,12,0.0001,71.7699508666992,73.5584480718753,-1.2744048833847,0.369223803281784,0.043937660753727,-5.5564736775486,22717.5564337728,-13791.5637934535,22715.0954843464,-13791.653695313,22712.6345349201,-13791.7435971725,1,0,0,0
20130529091650.daq,21,4,195.95,1,0,left,-2.16596984863281,-87.8340301513672,12,0.0001,71.8044586181641,84.0872626825694,-0.439449965953827,0.369359642267227,-0.0130125414580107,-5.91318940754553,22717.9124863915,-13802.0823185804,22715.4516548159,-13802.1753904882,22712.9908232403,-13802.2684623959,0,1,0,1
20130529091650.daq,21,4,196.05,1,0,left,-2.19430541992188,-87.8056945800781,12,0.0001,71.8389129638672,94.6211349914611,2.0654149055481,0.368605256080627,-0.0604710802435875,-6.27750871404942,22718.2774907892,-13812.6059699226,22715.8167055432,-13812.7002588208,22713.3559202971,-13812.7945477189,0,1,0,1
20130529091650.daq,21,4,196.15,1,0,left,-2.13380432128906,-87.8661956787109,12,0.0001,71.8734359741211,105.160062760586,5.80073976516724,0.368384748697281,-0.0225042030215263,-6.65307962139036,22718.6527173789,-13823.1378708604,22716.1918339411,-13823.2295612566,22713.7309505032,-13823.3212516528,0,1,0,1
20130529091650.daq,21,4,196.25,1,0,left,-1.96319580078125,-88.0368041992188,12,0.0001,71.908088684082,115.704065385607,8.43743991851807,0.367802143096924,0.0344459973275661,-7.02517459145606,22719.0251442837,-13833.6785721626,22716.5639987313,-13833.7629344387,22714.102853179,-13833.8472967148,0,1,0,1
20130529091650.daq,21,4,196.35,1,0,left,-1.70173645019531,-88.2982635498047,12,0.0001,71.9424133300781,126.253135033656,9.6678991317749,0.368394047021866,0.0249543376266956,-7.3866189265292,22719.3861550977,-13844.229458669,22716.9246501994,-13844.302589095,22714.4631453011,-13844.3757195209,0,1,0,1
20130529091650.daq,21,4,196.45,1,0,left,-1.37239074707031,-88.6276092529297,12,0.0001,71.9756851196289,136.807168851787,10.2391843795776,0.368928819894791,0.0249543376266956,-7.72541363038876,22719.7254036597,-13854.7898562588,22717.2635190635,-13854.8488364136,22714.8016344674,-13854.9078165683,0,1,0,1
20130529091650.daq,21,4,196.55,1,0,left,-1.00569152832031,-88.9943084716797,12,0.0001,72.0074234008789,147.365973909129,10.1952390670776,0.368793934583664,-0.0319960974156857,-8.0292657905029,22720.0291083994,-13865.3579333909,22717.5668967474,-13865.4011561161,22715.1046850954,-13865.4443788414,0,1,0,1
20130529091650.daq,21,4,196.65,1,0,left,-0.631317138671875,-89.3686828613281,12,0.0001,72.0375518798828,157.929313168332,9.53606414794922,0.368286460638046,0.0534295551478863,-8.28771859742574,22720.2873588857,-13875.9328964116,22717.8249173762,-13875.9600300758,22715.3624758667,-13875.9871637401,0,1,0,1
20130529091650.daq,21,4,196.75,1,0,left,-0.271881103515625,-89.7281188964844,12,0.0001,72.0664749145508,168.496977473305,8.43743991851807,0.369800567626953,-0.0319960974156857,-8.49182358298805,22720.4917814401,-13886.5131968158,22718.0292181673,-13886.524882309,22715.5666548945,-13886.5365678023,0,1,0,1
20130529091650.daq,21,4,196.85,1,0,left,0.0473785400390625,-90.0473785400391,12,0.0001,72.0949249267578,179.068751606823,7.29486989974976,0.369132906198502,0.0344459973275661,-8.63810780845749,22720.6380847706,-13897.09725617,22718.1754946145,-13897.0952198254,22715.7129044585,-13897.0931834808,0,1,0,1
20130529091650.daq,21,4,196.95,1,0,left,0.331588745117188,-90.3315887451172,12,0.0001,72.1234588623047,189.644787656967,6.24018955230713,0.368981212377548,-0.0319960974156857,-8.72424804371993,22720.724015447,-13907.6842633507,22718.2614656887,-13907.6700116395,22715.7989159304,-13907.6557599283,0,1,0,1
20130529091650.daq,21,4,197.05,1,0,left,0.567581176757813,-90.5675811767578,12,0.0001,72.1524124145508,200.225035083122,5.09761953353882,0.370049715042114,-0.0319960974156857,-8.75075556564442,22720.7504035306,-13918.2739348872,22718.2879333611,-13918.249540465,22715.8254631916,-13918.2251460428,0,1,1,1
20130529091650.daq,21,4,197.15,1,0,left,0.747314453125,-90.747314453125,12,0.0001,72.182243347168,210.809586947164,3.64743494987488,0.369329452514648,-0.00352087989449501,-8.72761555698183,22720.7275287121,-13928.8651398833,22718.265147182,-13928.8330209789,22715.802765652,-13928.8009020745,0,1,1,1
20130529091650.daq,21,4,197.25,1,0,left,0.87139892578125,-90.8713989257813,12,0.0001,72.2131423950195,221.398594777684,2.37302994728088,0.369001626968384,0.043937660753727,-8.65731899639654,22720.6573189435,-13939.4579255832,22718.1950127472,-13939.4204740214,22715.732706551,-13939.3830224597,0,1,1,1
20130529091650.daq,21,4,197.35,1,0,left,0.944061279296875,-90.9440612792969,12,0.0001,72.2449111938477,231.992199566213,1.71385490894318,0.370141416788101,-0.0414877571165562,-8.55130769729564,22720.5512387452,-13950.0533905992,22718.088982025,-13950.0128163783,22715.6267253049,-13949.9722421575,0,1,1,1
20130529091650.daq,21,4,197.45,1,0,left,0.977554321289063,-90.9775543212891,12,0.0001,72.2772903442383,242.590511718821,0.92284494638443,0.369428873062134,0.00597078166902065,-8.41465402384958,22720.4143899973,-13960.6518354407,22717.952157416,-13960.6098218805,22715.4899248348,-13960.5678083204,0,1,1,1
20130529091650.daq,21,4,197.55,1,0,left,0.9705810546875,-90.9705810546875,12,0.0001,72.3100738525391,253.193604994971,0,0.369238644838333,0.043937660753727,-8.25902453159241,22720.2585737424,-13971.2522572935,22717.7963360661,-13971.2105434032,22715.3340983897,-13971.168829513,0,1,1,1
20130529091650.daq,21,4,197.65,1,0,left,0.934066772460938,-90.9340667724609,12,0.0001,72.3431091308594,263.801526764828,-0.57128494977951,0.369087129831314,0.00597078166902065,-8.0891859765497,22720.0889696461,-13981.8558894183,22717.6267058858,-13981.8157447069,22715.1644421254,-13981.7755999954,0,1,1,1
20130529091650.daq,21,4,197.75,1,0,left,0.878768920898438,-90.8787689208984,12,0.0001,72.3763046264648,274.414307427358,-0.703119933605194,0.370036840438843,-0.0225042030215263,-7.91475732943049,22719.9146733216,-13992.4639591698,22717.4523719632,-13992.4261908803,22714.9900706048,-13992.3884225907,0,1,1,1
20130529091650.daq,21,4,197.85,1,0,left,0.814697265625,-90.814697265625,12,0.0001,72.4094848632813,285.031957333131,-0.74706494808197,0.36949896812439,0.0344459973275661,-7.74094062578989,22719.740920916,-14003.075723926,22717.2785788623,-14003.0407091559,22714.8162368086,-14003.0056943858,0,1,1,1
20130529091650.daq,21,4,197.95,1,0,left,0.74951171875,-90.74951171875,12,0.0001,72.4425354003906,295.654465199097,-0.74706494808197,0.368113249540329,0.0154626751318574,-7.57114297324371,22719.5711422443,-14013.6923405616,22717.1087619478,-14013.660127226,22714.6463816514,-14013.6279138905,0,1,1,1
20130529091650.daq,21,4,198.05,1,0,left,0.684707641601563,-90.6847076416016,12,0.0001,72.4754409790039,306.281810324121,-0.74706494808197,0.369494169950485,-0.0225042030215263,-7.4091530056132,22719.4091506273,-14024.3138444995,22716.9467354712,-14024.2844162457,22714.484320315,-14024.2549879919,0,1,1,1
20130529091650.daq,21,4,198.15,1,0,left,0.620956420898438,-90.6209564208984,12,0.0001,72.5081558227539,316.913966412156,-0.74706494808197,0.368475943803787,0.0819045379757881,-7.25686353173146,22719.2568575529,-14034.9412284402,22716.7944111772,-14034.9145400563,22714.3319648014,-14034.8878516725,0,1,1,1
20130529091650.daq,21,4,198.25,1,0,left,0.557693481445313,-90.5576934814453,12,0.0001,72.5406951904297,327.550909218631,-0.703119933605194,0.369118452072144,0.0344459973275661,-7.11625666195829,22719.116251245,-14045.5725259391,22716.6537769023,-14045.5485564727,22714.1913025597,-14045.5245870063,0,1,1,1
20130529091650.daq,21,4,198.35,1,0,left,0.494766235351563,-90.4947662353516,12,0.0001,72.5730743408203,338.192610209544,-0.703119933605194,0.368680268526077,0.0724128782749176,-6.98734160435553,22718.9873411981,-14056.2096865537,22716.5248420153,-14056.1884216064,22714.0623428325,-14056.167156659,0,1,1,1
20130529091650.daq,21,4,198.45,1,0,left,0.432861328125,-90.432861328125,12,0.0001,72.6054153442383,348.839057822099,-0.703119933605194,0.36870339512825,0.0249543376266956,-6.87008946921094,22718.8700848788,-14066.8507737896,22716.4075641577,-14066.8321694477,22713.9450434366,-14066.8135651058,0,1,1,1
20130529091650.daq,21,4,198.55,1,0,left,0.370468139648438,-90.3704681396484,12,0.0001,72.6375961303711,359.490238628527,-0.703119933605194,0.368970781564713,0.0534295551478863,-6.76266579779875,22718.7626228204,-14077.4977044464,22716.3000832998,-14077.4817817178,22713.8375437793,-14077.4658589892,0,1,1,1
20130529091650.daq,21,4,198.65,1,0,left,0.31103515625,-90.31103515625,12,0.0001,72.6696090698242,370.14612605305,-0.659174978733063,0.368823617696762,0.043937660753727,-6.66879450556903,22718.6686476858,-14088.1486089302,22716.2060929735,-14088.135240605,22713.7435382611,-14088.1218722798,0,1,1,1
20130529091650.daq,21,4,198.75,1,0,left,0.252487182617188,-90.2524871826172,12,0.0001,72.7015533447266,380.806702844717,-0.527339935302734,0.3695048391819,0.0344459973275661,-6.58474651236303,22718.5843818995,-14098.8044139256,22716.1218148124,-14098.7935619806,22713.6592477252,-14098.7827100355,0,1,1,1
20130529091650.daq,21,4,198.85,1,0,left,0.199493408203125,-90.1994934082031,12,0.0001,72.7333679199219,391.471955948751,-0.307614982128143,0.369933634996414,-0.00352087989449501,-6.51397118356072,22718.5134428611,-14109.466209961,22716.0508667902,-14109.4576356876,22713.5882907192,-14109.4490614142,0,1,1,1
20130529091650.daq,21,4,198.95,1,0,left,0.150848388671875,-90.1508483886719,12,0.0001,72.7651443481445,402.141871750902,-0.263669967651367,0.369224518537521,0.0249543376266956,-6.4502241326403,22718.4500461329,-14120.1320154281,22715.9874636698,-14120.1255319234,22713.5248812066,-14120.1190484187,0,1,1,1
20130529091650.daq,21,4,199.05,1,0,left,0.105758666992188,-90.1057586669922,12,0.0001,72.7968673706055,412.816444656257,-0.219724982976913,0.367266267538071,0.0629212111234665,-6.39815218677576,22718.3981472983,-14130.8027881595,22715.9355604954,-14130.7982426206,22713.4729736926,-14130.7936970818,0,1,1,1
20130529091650.daq,21,4,199.15,1,0,left,0.06256103515625,-90.0625610351563,12,0.0001,72.8284378051758,423.495661516807,-0.131834983825684,0.368048697710037,-0.0319960974156857,-6.35600411075204,22718.3558962542,-14141.4784878996,22715.8933067242,-14141.4757990068,22713.4307171941,-14141.4731101139,0,1,1,1
20130529091650.daq,21,4,199.25,1,0,left,0.02276611328125,-90.0227661132813,12,0.0001,72.8597259521484,434.179488296884,-0.131834983825684,0.368011981248856,0.0724128782749176,-6.32378390521867,22718.3231997451,-14152.1581754532,22715.8606089415,-14152.1571969583,22713.3980181379,-14152.1562184635,0,1,1,1
20130529091650.daq,21,4,199.35,1,0,left,-0.016326904296875,-89.9836730957031,12,0.0001,72.8907470703125,444.867883967223,-0.0878899917006493,0.368741273880005,0.043937660753727,-6.29841532783183,22718.2982716901,-14162.8437379422,22715.835680792,-14162.8444396777,22713.373089894,-14162.8451414133,0,1,1,1
20130529091650.daq,21,4,199.45,1,0,left,-0.0545196533203125,-89.9454803466797,12,0.0001,72.921630859375,455.560815611136,-0.0878899917006493,0.36854875087738,0.0249543376266956,-6.28112073592825,22718.2810998706,-14173.5332272192,22715.8185099874,-14173.535570491,22713.3559201043,-14173.5379137629,0,1,1,1
20130529091650.daq,21,4,199.55,1,0,left,-0.0918731689453125,-89.9081268310547,12,0.0001,72.9524917602539,466.258275675509,-0.0439449958503246,0.368021816015244,-0.0130125414580107,-6.27222129095088,22718.271688099,-14184.2276184519,22715.8091002668,-14184.2315671885,22713.3465124347,-14184.2355159251,0,1,1,1
20130529091650.daq,21,4,199.65,1,0,left,-0.122451782226563,-89.8775482177734,12,0.0001,72.9832000732422,476.960253996274,0.483394980430603,0.368842482566833,0.0154626751318574,-6.26977199374733,22718.2696699574,-14194.9260819077,22715.8070845834,-14194.9313449206,22713.3444992094,-14194.9366079335,0,1,1,1
20130529091650.daq,21,4,199.75,1,0,left,-0.1324462890625,-89.8675537109375,12,0.0001,73.0136871337891,487.666717843253,1.40623998641968,0.36950209736824,-0.0225042030215263,-6.27417642943269,22718.2741932412,-14205.6309129491,22715.8116088228,-14205.636605528,22713.3490244043,-14205.642298107,0,1,1,1
20130529091650.daq,21,4,199.85,1,0,left,-0.125137329101563,-89.8748626708984,12,0.0001,73.0441207885742,498.377647634285,1.53807497024536,0.369467347860336,-0.00352087989449501,-6.28190743688562,22718.28155451,-14216.3400780263,22715.8189693854,-14216.3454564646,22713.3563842608,-14216.3508349029,0,1,1,1
20130529091650.daq,21,4,199.95,1,0,left,-0.116241455078125,-89.8837585449219,12,0.0001,73.0745697021484,509.093042716633,0.92284494638443,0.368984937667847,0.0249543376266956,-6.29274628258875,22718.2927240269,-14227.0541650723,22715.8301380969,-14227.0591611639,22713.3675521669,-14227.0641572555,0,1,1,1
20130529091650.daq,21,4,200.05,1,0,left,-0.115982055664063,-89.8840179443359,12,0.0001,73.1049575805664,519.812899733357,0.483394980430603,0.368521422147751,-0.00352087989449501,-6.3068691766085,22718.306379886,-14237.772921482,22715.8437939334,-14237.7779064246,22713.3812079808,-14237.7828913671,0,1,1,1
20130529091650.daq,21,4,200.15,1,0,left,-0.123992919921875,-89.8760070800781,12,0.0001,73.1351852416992,530.537203484973,0.483394980430603,0.369427800178528,-0.00352087989449501,-6.32056000687775,22718.3205463559,-14248.4953797523,22715.8579611243,-14248.5007090036,22713.3953758928,-14248.506038255,0,1,1,1
20130529091650.daq,21,4,200.25,1,0,left,-0.138687133789063,-89.8613128662109,12,0.0001,73.1653137207031,541.265931591877,0.483394980430603,0.36947962641716,-0.00352087989449501,-6.33751896110562,22718.3370785122,-14259.2215789212,22715.8744947284,-14259.2275397329,22713.4119109446,-14259.2335005446,0,1,1,1
20130529091650.daq,21,4,200.35,1,0,left,-0.15484619140625,-89.8451538085938,12,0.0001,73.1954193115234,551.999075661706,0.483394980430603,0.36863312125206,-0.0130125414580107,-6.35375243218765,22718.353700994,-14269.9526244141,22715.8911189893,-14269.959279745,22713.4285369845,-14269.9659350759,0,1,1,1
20130529091650.daq,21,4,200.45,1,0,left,-0.172592163085938,-89.8274078369141,12,0.0001,73.225471496582,562.736632710521,0.527339994907379,0.368264198303223,0.0154626751318574,-6.37259962168218,22718.3723744294,-14280.6875365683,22715.9097946041,-14280.6949546236,22713.4472147788,-14280.702372679,0,1,1,1
20130529091650.daq,21,4,200.55,1,0,left,-0.188323974609375,-89.8116760253906,12,0.0001,73.2553787231445,573.478588005079,0.483394980430603,0.368963092565536,0.043937660753727,-6.39311754304884,22718.3928765586,-14291.427381124,22715.9302988629,-14291.4354753343,22713.4677211673,-14291.4435695446,0,1,1,1
20130529091650.daq,21,4,200.65,1,0,left,-0.204833984375,-89.795166015625,12,0.0001,73.2851409912109,584.224918606275,0.483394980430603,0.368448406457901,0.00597078166902065,-6.41734994206484,22718.4173328488,-14302.17111236,22715.9547575877,-14302.1799161716,22713.4921823267,-14302.1887199833,0,1,1,1
20130529091650.daq,21,4,200.75,1,0,left,-0.219589233398438,-89.7804107666016,12,0.0001,73.3147506713867,594.975602973742,0.483394980430603,0.368437170982361,-0.00352087989449501,-6.44218006620515,22718.4416807573,-14312.9197696718,22715.9791078451,-14312.9292076645,22713.516534933,-14312.9386456571,0,1,1,1
20130529091650.daq,21,4,200.85,1,0,left,-0.23602294921875,-89.7639770507813,12,0.0001,73.3442687988281,605.730592618331,0.307614982128143,0.368633657693863,0.043937660753727,-6.47212488355119,22718.4719914923,-14323.6722913095,22716.0094213885,-14323.682435623,22713.5468512846,-14323.6925799364,0,1,1,1
20130529091650.daq,21,4,200.95,1,0,left,-0.260650634765625,-89.7393493652344,12,0.0001,73.3737182617188,616.489936868422,-0.0878899917006493,0.368446260690689,0.0534295551478863,-6.50477864130793,22718.504760651,-14334.4294917587,22716.0421951351,-14334.4406945681,22713.5796296191,-14334.4518973774,0,1,1,1
20130529091650.daq,21,4,201.05,1,0,left,-0.297515869140625,-89.7024841308594,12,0.0001,73.4030456542969,627.253591990537,-0.57128494977951,0.367644786834717,0.0819045379757881,-6.54060684818931,22718.5402373159,-14345.189316546,22716.0776795178,-14345.2021038161,22713.6151217197,-14345.2148910862,0,1,1,1
20130529091650.daq,21,4,201.15,1,0,left,-0.346832275390625,-89.6531677246094,12,0.0001,73.432243347168,638.021540174233,-0.703119933605194,0.368368953466415,0.0629212111234665,-6.5826524880095,22718.5823403163,-14355.9537120082,22716.1197944368,-14355.9686188797,22713.6572485573,-14355.9835257512,0,1,1,1
20130529091650.daq,21,4,201.25,1,0,left,-0.390487670898438,-89.6095123291016,12,0.0001,73.4613418579102,648.793762396845,0.131834998726845,0.369344145059586,-0.0984379574656487,-6.62997859003159,22718.6299527899,-14366.7221526753,22716.1674189832,-14366.7389358309,22713.7048851765,-14366.7557189864,0,1,1,1
20130529091650.daq,21,4,201.35,1,0,left,-0.399078369140625,-89.6009216308594,12,0.0001,73.4903717041016,659.570246163088,2.15330481529236,0.367955088615417,-0.0319960974156857,-6.68129754191644,22718.6812634097,-14377.4963518868,22716.218732147,-14377.5135042645,22713.7562008844,-14377.5306566423,0,1,1,1
20130529091650.daq,21,4,201.45,1,0,left,-0.342269897460938,-89.6577301025391,12,0.0001,73.5194549560547,670.350990913479,4.4823899269104,0.368708729743958,0.0344459973275661,-6.73657796792271,22718.7363559518,-14388.277068053,22716.2738088931,-14388.2917788356,22713.8112618344,-14388.3064896182,0,1,1,1
20130529091650.daq,21,4,201.55,1,0,left,-0.22705078125,-89.77294921875,12,0.0001,73.5485000610352,681.135999631961,5.2294545173645,0.368992656469345,-0.0130125414580107,-6.79028882669663,22718.7897973538,-14399.0641156874,22716.3272256916,-14399.0738743773,22713.8646540294,-14399.0836330672,0,1,1,1
20130529091650.daq,21,4,201.65,1,0,left,-0.0853271484375,-89.9146728515625,12,0.0001,73.5774536132813,691.925262900446,4.52633476257324,0.368220537900925,-0.0319960974156857,-6.83425341099865,22718.8337838557,-14409.8566862581,22716.3711955885,-14409.860353645,22713.9086073213,-14409.8640210319,0,1,1,1
20130529091650.daq,21,4,201.75,1,0,left,0.0593414306640625,-90.0593414306641,12,0.0001,73.6061401367188,702.718755448635,4.04293966293335,0.368371963500977,0.0154626751318574,-6.86616425033349,22718.8658609095,-14420.6551667713,22716.4032712323,-14420.652616258,22713.9406815551,-14420.6500657447,0,1,1,1
20130529091650.daq,21,4,201.85,1,0,left,0.183746337890625,-90.1837463378906,12,0.0001,73.6332321166992,713.516381790194,3.38376474380493,0.367484211921692,0.0154626751318574,-6.88375694952391,22718.8835578205,-14431.4570370203,22716.420979486,-14431.4491395572,22713.9584011515,-14431.4412420942,0,1,1,1
20130529091650.daq,21,4,201.95,1,0,left,0.289276123046875,-90.2892761230469,12,0.0001,73.6622619628906,724.318151716203,2.41697478294373,0.368084222078323,0.0629212111234665,-6.88107069597057,22718.8809325068,-14442.2623388576,22716.4183728952,-14442.2499057298,22713.9558132836,-14442.237472602,0,1,1,1
20130529091650.daq,21,4,202.05,1,0,left,0.360260009765625,-90.3602600097656,12,0.0001,73.6899337768555,735.124003869236,1.66990995407104,0.369765073060989,-0.00352087989449501,-6.85710469985956,22718.85700519,-14453.0697231366,22716.3944628717,-14453.0542391478,22713.9319205534,-14453.0387551589,0,1,1,1
20130529091650.daq,21,4,202.15,1,0,left,0.402603149414063,-90.4026031494141,12,0.0001,73.7177047729492,745.933920252357,1.23045992851257,0.368996143341064,0.0154626751318574,-6.81540159786104,22718.815319345,-14463.8803169947,22716.3527891422,-14463.8630131245,22713.8902589395,-14463.8457092543,0,1,1,1
20130529091650.daq,21,4,202.25,1,0,left,0.42657470703125,-90.4265747070313,12,0.0001,73.7456817626953,756.74792287218,1.05467998981476,0.368606448173523,0.0534295551478863,-6.75922931909971,22718.7591463657,-14474.6943721536,22716.2966236181,-14474.6760380051,22713.8341008705,-14474.6577038566,0,1,1,1
20130529091650.daq,21,4,202.35,1,0,left,0.43890380859375,-90.4389038085938,12,0.0001,73.773796081543,767.566041847933,0.92284494638443,0.368026614189148,0.0344459973275661,-6.68816739502728,22718.6880697567,-14485.5110757465,22716.2255510113,-14485.4922117043,22713.7630322659,-14485.4733476622,0,1,1,1
20130529091650.daq,21,4,202.45,1,0,left,0.440872192382813,-90.4408721923828,12,0.0001,73.8018798828125,778.388283893493,0.615229964256287,0.36841893196106,0.0154626751318574,-6.60995905183573,22718.6098227581,-14496.3314357031,22716.1473046623,-14496.3124870617,22713.6847865664,-14496.2935384203,0,1,1,1
20130529091650.daq,21,4,202.55,1,0,left,0.4315185546875,-90.4315185546875,12,0.0001,73.8298568725586,789.214636886574,0.0878899991512299,0.36832869052887,-0.00352087989449501,-6.52662836195868,22718.5264180983,-14507.1554289049,22716.0638969418,-14507.1368822742,22713.6013757854,-14507.1183356435,0,1,1,1
20130529091650.daq,21,4,202.65,1,0,left,0.40887451171875,-90.4088745117188,12,0.0001,73.8578643798828,800.045093740302,-0.219724982976913,0.367225974798203,0.0724128782749176,-6.44222109386532,22718.441883867,-14517.9830074878,22715.979355573,-14517.9654340792,22713.516827279,-14517.9478606705,0,1,1,1
20130529091650.daq,21,4,202.75,1,0,left,0.377975463867188,-90.3779754638672,12,0.0001,73.8858413696289,810.879658930595,-0.307614982128143,0.368300229310989,0.0249543376266956,-6.35645158685855,22718.3559077312,-14528.8142922269,22715.8933703181,-14528.7980468379,22713.4308329051,-14528.7818014489,0,1,1,1
20130529091650.daq,21,4,202.85,1,0,left,0.342147827148438,-90.3421478271484,12,0.0001,73.9136276245117,821.718314274027,-0.351559966802597,0.368244767189026,0.00597078166902065,-6.2746293460611,22718.2741427138,-14539.6503394128,22715.8115956238,-14539.6356338768,22713.3490485337,-14539.6209283407,0,1,1,1
20130529091650.daq,21,4,202.95,1,0,left,0.304702758789063,-90.3047027587891,12,0.0001,73.9413146972656,832.561035899007,-0.307614982128143,0.368106484413147,0.0629212111234665,-6.19465939977759,22718.1944304341,-14550.4892756683,22715.7318742593,-14550.4761795077,22713.2693180845,-14550.463083347,0,1,1,1
20130529091650.daq,21,4,203.05,1,0,left,0.270706176757813,-90.2707061767578,12,0.0001,73.9689102172852,843.407812335992,-0.131834983825684,0.367898195981979,0.0154626751318574,-6.11845892861481,22718.1184103257,-14561.3322004367,22715.6558468138,-14561.3205654416,22713.1932833019,-14561.3089304465,0,1,1,1
20130529091650.daq,21,4,203.15,1,0,left,0.244766235351563,-90.2447662353516,12,0.0001,73.9964065551758,854.258628012505,0.307614982128143,0.368384003639221,0.0249543376266956,-6.04971112103948,22718.0497035625,-14572.1802027441,22715.5871350354,-14572.1696826448,22713.1245665082,-14572.1591625454,0,1,1,1
20130529091650.daq,21,4,203.25,1,0,left,0.232101440429688,-90.2321014404297,12,0.0001,74.0238571166992,865.113472204985,0.57128494977951,0.368868559598923,0.0154626751318574,-5.98622469562342,22717.9860343112,-14583.0324337077,22715.5234635188,-14583.0224579406,22713.0608927264,-14583.0124821734,0,1,1,1
20130529091650.daq,21,4,203.35,1,0,left,0.229843139648438,-90.2298431396484,12,0.0001,74.05126953125,875.972339411774,0.791009962558746,0.368804335594177,-0.00352087989449501,-5.92631186670933,22717.9256272041,-14593.8888240639,22715.4630560204,-14593.8789453585,22713.0004848368,-14593.869066653,0,1,1,1
20130529091650.daq,21,4,203.45,1,0,left,0.23480224609375,-90.2348022460938,12,0.0001,74.0786285400391,886.835224410965,0.834954977035522,0.369134873151779,-0.0225042030215263,-5.86885845138429,22717.8686796535,-14604.7502728628,22715.4061093341,-14604.7401810151,22712.9435390147,-14604.7300891674,0,1,1,1
20130529091650.daq,21,4,203.55,1,0,left,0.242935180664063,-90.2429351806641,12,0.0001,74.1058731079102,897.702113588295,0.878899991512299,0.369573354721069,-0.050979420542717,-5.81349144074264,22717.8134887729,-14615.6157050854,22715.3509199108,-14615.6052636847,22712.8883510487,-14615.5948222839,0,1,1,1
20130529091650.daq,21,4,203.65,1,0,left,0.260238647460938,-90.2602386474609,12,0.0001,74.1330642700195,908.572993702497,1.36229491233826,0.368748635053635,0.0154626751318574,-5.76000717217449,22717.7596833221,-14626.4852664094,22715.2971177256,-14626.4740813072,22712.8345521292,-14626.462896205,0,1,1,1
20130529091650.daq,21,4,203.75,1,0,left,0.293258666992188,-90.2932586669922,12,0.0001,74.1602325439453,919.447860650644,2.02146983146667,0.368177086114883,0.0249543376266956,-5.70328245618678,22717.7029515474,-14637.3600917644,22715.2403928059,-14637.3474874677,22712.7778340645,-14637.3348831711,0,1,1,1
20130529091650.daq,21,4,203.85,1,0,left,0.339080810546875,-90.3390808105469,12,0.0001,74.1872940063477,930.326705014651,2.15330481529236,0.368441611528397,0.043937660753727,-5.6434738890809,22717.6434733012,-14648.2381557646,22715.1809254275,-14648.2235820476,22712.7183775538,-14648.2090083305,0,0,1,0
20130529091650.daq,21,4,203.95,1,0,left,0.389678955078125,-90.3896789550781,12,0.0001,74.2141952514648,941.20950730561,1.80174493789673,0.368178844451904,0.0154626751318574,-5.58025117521596,22717.5797920113,-14659.1212157259,22715.1172579679,-14659.1044673284,22712.6547239246,-14659.0877189309,0,0,1,0
20130529091650.daq,21,4,204.05,1,0,left,0.431427001953125,-90.4314270019531,12,0.0001,74.2409820556641,952.096246449388,1.36229491233826,0.368630081415176,0.0534295551478863,-5.51092999327811,22717.5107987723,-14670.0089423218,22715.0482775862,-14669.9903996259,22712.5857564001,-14669.9718569301,0,0,1,0
20130529091650.daq,21,4,204.15,1,0,left,0.463623046875,-90.463623046875,12,0.0001,74.267692565918,962.98690855198,1.23045992851257,0.368123173713684,-0.0699629709124565,-5.4347128940447,22717.4345844383,-14680.8983901588,22714.9720740606,-14680.8784637089,22712.509563683,-14680.8585372589,0,0,1,0
20130529091650.daq,21,4,204.25,1,0,left,0.48876953125,-90.48876953125,12,0.0001,74.294319152832,973.881481770843,1.18651497364044,0.368457198143005,0.0344459973275661,-5.35139897862387,22717.350994249,-14691.7925501257,22714.888492854,-14691.7715429092,22712.425991459,-14691.7505356926,0,0,1,0
20130529091650.daq,21,4,204.35,1,0,left,0.505081176757813,-90.5050811767578,12,0.0001,74.3208236694336,984.779951652477,0.834954977035522,0.368638962507248,0.0249543376266956,-5.26212299334114,22717.2620922525,-14702.690403321,22714.7995969379,-14702.668695051,22712.3371016233,-14702.646986781,0,0,1,0
20130529091650.daq,21,4,204.45,1,0,left,0.509078979492188,-90.5090789794922,12,0.0001,74.3473434448242,995.682308126061,0.439449995756149,0.368627041578293,-0.0130125414580107,-5.1686960986005,22717.1680943596,-14713.59089004,22714.7056005657,-14713.56900995,22712.2431067718,-14713.5471298599,0,0,1,0
20130529091650.daq,21,4,204.55,1,0,left,0.50372314453125,-90.5037231445313,12,0.0001,74.3738555908203,1006.58855482828,0.219724997878075,0.368110448122025,-0.00352087989449501,-5.07078268650137,22717.0707702089,-14724.4950581744,22714.6082743805,-14724.4734082708,22712.145778552,-14724.4517583672,0,0,1,0
20130529091650.daq,21,4,204.65,1,0,left,0.485855102539063,-90.4858551025391,12,0.0001,74.4001846313477,1017.4986793571,-0.131834983825684,0.369356781244278,-0.0319960974156857,-4.9709480474344,22716.9703155656,-14735.4018550101,22714.5078131053,-14735.3809730521,22712.0453106449,-14735.360091094,0,0,1,0
20130529091650.daq,21,4,204.75,1,0,left,0.45477294921875,-90.4547729492188,12,0.0001,74.4263381958008,1028.41265066082,-0.527339935302734,0.368768602609634,0.0344459973275661,-4.87071321949532,22716.8706799059,-14746.3132160355,22714.4081664797,-14746.2936699533,22711.9456530535,-14746.2741238712,0,0,1,0
20130529091650.daq,21,4,204.85,1,0,left,0.412841796875,-90.412841796875,12,0.0001,74.4524841308594,1039.33045605766,-0.791009962558746,0.368241041898727,0.0629212111234665,-4.77411586076108,22716.7736692769,-14757.2272438863,22714.3111422057,-14757.2094999669,22711.8486151344,-14757.1917560475,0,0,1,0
20130529091650.daq,21,4,204.95,1,0,left,0.362716674804688,-90.3627166748047,12,0.0001,74.4785842895508,1050.25209377589,-0.834954977035522,0.368146806955338,0.0249543376266956,-4.68122912640552,22716.6810717594,-14768.1449778862,22714.2185301072,-14768.1293883112,22711.7559884551,-14768.1137987362,0,0,1,0
20130529091650.daq,21,4,205.05,1,0,left,0.309768676757813,-90.3097686767578,12,0.0001,74.5045547485352,1061.17755029452,-0.834954977035522,0.368526577949524,0.0249543376266956,-4.59271447478561,22716.5925542368,-14779.0655704063,22714.1299992296,-14779.052256514,22711.6674442223,-14779.0389426217,0,0,1,0
20130529091650.daq,21,4,205.15,1,0,left,0.255950927734375,-90.2559509277344,12,0.0001,74.5304183959961,1072.1068072436,-0.834954977035522,0.368542939424515,0.043937660753727,-4.51249294349547,22716.5119018666,-14789.9910215672,22714.04933544,-14789.9800207508,22711.5867690134,-14789.9690199343,0,0,1,0
20130529091650.daq,21,4,205.25,1,0,left,0.201202392578125,-90.2012023925781,12,0.0001,74.5562515258789,1083.03985436582,-0.834954977035522,0.36780309677124,0.043937660753727,-4.44107333407895,22716.4410714881,-14800.9193766061,22713.9784956739,-14800.9107288805,22711.5159198598,-14800.9020811548,0,0,1,0
20130529091650.daq,21,4,205.35,1,0,left,0.1474609375,-90.1474609375,12,0.0001,74.58203125,1093.97668821099,-0.834954977035522,0.367629736661911,0.043937660753727,-4.37840161224494,22716.3779900418,-14811.8526358193,22713.9154071997,-14811.8462979079,22711.4528243575,-14811.8399599964,0,0,1,0
20130529091650.daq,21,4,205.45,1,0,left,0.09442138671875,-90.0944213867188,12,0.0001,74.6075668334961,1104.91728667925,-0.834954977035522,0.368827730417252,-0.00352087989449501,-4.32702862779625,22716.3265827139,-14822.7888387868,22713.8639950598,-14822.7847805271,22711.4014074057,-14822.7807222674,0,0,1,0
20130529091650.daq,21,4,205.55,1,0,left,0.0407867431640625,-90.0407867431641,12,0.0001,74.6329116821289,1115.86161349697,-0.834954977035522,0.369380205869675,-0.0225042030215263,-4.28302623484306,22716.2830234664,-14833.7289303646,22713.8204330923,-14833.7271773375,22711.3578427183,-14833.7254243103,0,0,1,0
20130529091650.daq,21,4,205.65,1,0,left,-0.013336181640625,-89.9866638183594,12,0.0001,74.6583099365234,1126.8096600853,-0.834954977035522,0.368690222501755,0.0154626751318574,-4.25148841938481,22716.251211906,-14844.6729130781,22713.7886209747,-14844.6734862714,22711.3260300434,-14844.6740594648,0,0,1,0
20130529091650.daq,21,4,205.75,1,0,left,-0.06591796875,-89.93408203125,12,0.0001,74.6837539672852,1137.76143698133,-0.834954977035522,0.368031829595566,0.0154626751318574,-4.22993137746351,22716.2290695269,-14855.6208368816,22713.7664801587,-14855.6236700565,22711.3038907904,-14855.6265032313,0,0,1,0
20130529091650.daq,21,4,205.85,1,0,left,-0.120285034179688,-89.8797149658203,12,0.0001,74.7090682983398,1148.7169383104,-0.834954977035522,0.369821518659592,-0.0319960974156857,-4.21746611965382,22716.2168018075,-14866.5726198347,22713.7542162363,-14866.5777897203,22711.291630665,-14866.5829596059,0,0,1,0
20130529091650.daq,21,4,205.95,1,0,left,-0.171234130859375,-89.8287658691406,12,0.0001,74.7342071533203,1159.67613721697,-0.57128494977951,0.368932694196701,-0.0225042030215263,-4.21604149201126,22716.2160406142,-14877.5274139565,22713.7534606138,-14877.5347736435,22711.2908806134,-14877.5421333305,0,0,1,0
20130529091650.daq,21,4,206.05,1,0,left,-0.20166015625,-89.79833984375,12,0.0001,74.7593765258789,1170.639022791,0.57128494977951,0.367727667093277,0.0154626751318574,-4.22396588035557,22716.2237776342,-14888.4875973323,22713.7612018892,-14888.4962647327,22711.2986261443,-14888.504932133,0,0,1,0
20130529091650.daq,21,4,206.15,1,0,left,-0.209716796875,-89.790283203125,12,0.0001,74.7845611572266,1181.60560342483,0.92284494638443,0.36875855922699,0.0154626751318574,-4.23858484259735,22716.2379466319,-14899.451264665,22713.7753721301,-14899.4602783401,22711.3127976283,-14899.4692920153,0,0,1,0
20130529091650.daq,21,4,206.25,1,0,left,-0.206573486328125,-89.7934265136719,12,0.0001,74.8096389770508,1192.57586960712,0.74706494808197,0.36919292807579,0.0344459973275661,-4.26001147630644,22716.2592370571,-14910.420092647,22713.7966620645,-14910.4289712225,22711.3340870718,-14910.437849798,0,0,1,0
20130529091650.daq,21,4,206.35,1,0,left,-0.200485229492188,-89.7995147705078,12,0.0001,74.8347015380859,1203.54981257254,0.659174978733063,0.367938727140427,-0.00352087989449501,-4.28461426701362,22716.2842520098,-14921.391923347,22713.8216760876,-14921.4005402489,22711.3591001654,-14921.4091571509,0,0,1,0
20130529091650.daq,21,4,206.45,1,0,left,-0.195449829101563,-89.8045501708984,12,0.0001,74.8597106933594,1214.52742998988,0.659174978733063,0.368597745895386,-0.0414877571165562,-4.31338066693444,22716.3132381662,-14932.3686107144,22713.8506614963,-14932.3770111945,22711.3880848263,-14932.3854116746,0,0,1,0
20130529091650.daq,21,4,206.55,1,0,left,-0.1929931640625,-89.8070068359375,12,0.0001,74.8845520019531,1225.50870274321,0.57128494977951,0.36901068687439,-0.00352087989449501,-4.34241780092338,22716.3423834442,-14943.3481638121,22713.8798064164,-14943.3564587046,22711.4172293885,-14943.364753597,0,0,1,0
20130529091650.daq,21,4,206.65,1,0,left,-0.193145751953125,-89.8068542480469,12,0.0001,74.9093322753906,1236.49361348834,0.527339994907379,0.369123905897141,-0.0414877571165562,-4.37169100170985,22716.3716897353,-14954.3315584665,22713.9091127295,-14954.3398599173,22711.4465357237,-14954.348161368,0,0,1,0
20130529091650.daq,21,4,206.75,1,0,left,-0.194549560546875,-89.8054504394531,12,0.0001,74.9340591430664,1247.48215504516,0.527339994907379,0.368717700242996,-0.00352087989449501,-4.40303312991549,22716.4030263623,-14965.3178517863,22713.9404495607,-14965.3262135728,22711.4778727591,-14965.3345753593,0,0,1,0
20130529091650.daq,21,4,206.85,1,0,left,-0.198272705078125,-89.8017272949219,12,0.0001,74.9587097167969,1258.47431799556,0.527339994907379,0.369145035743713,-0.0414877571165562,-4.43257490943562,22716.4325529833,-14976.3089704038,22713.9699767302,-14976.3174922113,22711.5074004771,-14976.3260140188,0,0,1,0
20130529091650.daq,21,4,206.95,1,0,left,-0.201889038085938,-89.7981109619141,12,0.0001,74.9832916259766,1269.47009105651,0.527339994907379,0.36860916018486,0.0344459973275661,-4.4621101585282,22716.4620730074,-14987.3020447806,22713.9994972971,-14987.3107220183,22711.5369215868,-14987.319399256,0,0,1,0
20130529091650.daq,21,4,207.05,1,0,left,-0.20465087890625,-89.7953491210938,12,0.0001,75.0078811645508,1280.46946919259,0.527339994907379,0.368447095155716,0.0154626751318574,-4.49352777837016,22716.4934934255,-14998.3000231519,22714.0309181363,-14998.3088190937,22711.5683428471,-14998.3176150355,0,0,1,0
20130529091650.daq,21,4,207.15,1,0,left,-0.211929321289063,-89.7880706787109,12,0.0001,75.0324401855469,1291.47245193755,0.26366999745369,0.368366628885269,0.0249543376266956,-4.52521453773369,22716.5251925225,-15009.3008191434,22714.0626183705,-15009.3099279129,22711.6000442186,-15009.3190366824,0,0,1,0
20130529091650.daq,21,4,207.25,1,0,left,-0.228897094726563,-89.7711029052734,12,0.0001,75.056884765625,1302.47902931383,-0.175779983401299,0.367727041244507,0.0249543376266956,-4.55749475241746,22716.5574893849,-15020.3052807805,22714.0949180385,-15020.3151188249,22711.6323466921,-15020.3249568694,0,0,1,0
20130529091650.daq,21,4,207.35,1,0,left,-0.257598876953125,-89.7424011230469,12,0.0001,75.0811767578125,1313.48918108652,-0.483394980430603,0.36873921751976,0.0344459973275661,-4.59051074976,22716.5905099176,-15031.3123801369,22714.1279438085,-15031.323451782,22711.6653776993,-15031.3345234272,0,0,1,0
20130529091650.daq,21,4,207.45,1,0,left,-0.297576904296875,-89.7024230957031,12,0.0001,75.1053237915039,1324.50288366379,-0.659174978733063,0.367992728948593,0.00597078166902065,-4.62815987264455,22716.6281317046,-15042.3231040884,22714.1655739201,-15042.3358939818,22711.7030161356,-15042.3486838751,0,0,1,0
20130529091650.daq,21,4,207.55,1,0,left,-0.342681884765625,-89.6573181152344,12,0.0001,75.12939453125,1335.52012296513,-0.703119933605194,0.368845343589783,0.0913964286446571,-4.67204008772727,22716.6719282234,-15053.336628085,22714.2093812705,-15053.3513565746,22711.7468343177,-15053.3660850643,0,0,1,0
20130529091650.daq,21,4,207.65,1,0,left,-0.39154052734375,-89.6084594726563,12,0.0001,75.1533660888672,1346.54088509654,-0.703119933605194,0.36875593662262,-0.00352087989449501,-4.72015143950612,22716.71986142,-15064.3539622854,22714.2573279221,-15064.370790692,22711.7947944242,-15064.3876190986,0,0,1,0
20130529091650.daq,21,4,207.75,1,0,left,-0.44207763671875,-89.5579223632813,12,0.0001,75.1773223876953,1357.56516008044,-0.74706494808197,0.368382334709167,0.0154626751318574,-4.77434865070263,22716.7737563449,-15075.374181544,22714.3112386482,-15075.3931819943,22711.8487209516,-15075.4121824445,0,0,1,0
20130529091650.daq,21,4,207.85,1,0,left,-0.49462890625,-89.50537109375,12,0.0001,75.2012405395508,1368.5929474506,-0.834954977035522,0.36832270026207,-0.00352087989449501,-4.83824037159623,22716.8375398058,-15086.3972771566,22714.375040572,-15086.4185362018,22711.9125413382,-15086.4397952469,0,0,1,0
20130529091650.daq,21,4,207.95,1,0,left,-0.548507690429688,-89.4514923095703,12,0.0001,75.2250061035156,1379.62423182102,-0.878899931907654,0.36860990524292,0.0249543376266956,-4.90949920262619,22716.9092162701,-15097.424242632,22714.4467381163,-15097.4478173086,22711.9842599625,-15097.4713919851,0,0,1,0
20130529091650.daq,21,4,208.05,1,0,left,-0.604873657226563,-89.3951263427734,12,0.0001,75.248664855957,1390.65899360956,-0.878899931907654,0.367666333913803,0.0534295551478863,-4.99084721299718,22716.9908101196,-15108.4550484767,22714.5283563495,-15108.4810456578,22712.0659025794,-15108.5070428389,0,0,1,0
20130529091650.daq,21,4,208.15,1,0,left,-0.659927368164063,-89.3400726318359,12,0.0001,75.2722396850586,1401.69722022768,-0.878899931907654,0.368944615125656,0.043937660753727,-5.08211653222513,22717.082087485,-15119.488813791,22714.6196598315,-15119.517177054,22712.157232178,-15119.5455403171,0,0,1,0
20130529091650.daq,21,4,208.25,1,0,left,-0.710693359375,-89.289306640625,12,0.0001,75.2957382202148,1412.73889759489,-0.395504981279373,0.368550300598145,-0.00352087989449501,-5.18513879597416,22717.1848186469,-15130.5265908015,22714.7224170908,-15130.5571358469,22712.2600155347,-15130.5876808924,0,0,1,0
20130529091650.daq,21,4,208.35,1,0,left,-0.734939575195313,-89.2650604248047,12,0.0001,75.3192596435547,1423.7840217015,0.834954977035522,0.368374019861221,0.0344459973275661,-5.29436050000048,22717.2937311085,-15141.5679680537,22714.8313426987,-15141.5995551264,22712.368954289,-15141.631142199,0,0,1,0
20130529091650.daq,21,4,208.45,1,0,left,-0.730682373046875,-89.2693176269531,12,0.0001,75.3428344726563,1434.83260075337,1.45018494129181,0.367836266756058,-0.00352087989449501,-5.41271647039414,22717.4126100319,-15152.612997946,22714.950219282,-15152.6444020577,22712.4878285321,-15152.6758061694,0,0,1,0
20130529091650.daq,21,4,208.55,1,0,left,-0.709823608398438,-89.2901763916016,12,0.0001,75.3663711547852,1445.88463568297,1.36229491233826,0.367926836013794,0.043937660753727,-5.53636044130803,22717.5363276724,-15163.6633315985,22715.0739256528,-15163.6938392646,22712.6115236333,-15163.7243469308,0,0,1,0
20130529091650.daq,21,4,208.65,1,0,left,-0.680587768554688,-89.3194122314453,12,0.0001,75.3898391723633,1456.94011679248,1.36229491233826,0.368339538574219,0.0534295551478863,-5.66199533565678,22717.6614831062,-15174.7177831525,22715.1990658404,-15174.7470343454,22712.7366485745,-15174.7762855382,0,0,1,0
20130529091650.daq,21,4,208.75,1,0,left,-0.646713256835938,-89.3532867431641,12,0.0001,75.413200378418,1467.99903279886,1.66990995407104,0.367930501699448,0.0344459973275661,-5.78653565195088,22717.7863528392,-15185.7762573182,22715.3239187097,-15185.8040526714,22712.8614845803,-15185.8318480246,0,1,1,1
20130529091650.daq,21,4,208.85,1,0,left,-0.609268188476563,-89.3907318115234,12,0.0001,75.4354934692383,1479.06135554108,1.66990995407104,0.368217498064041,0.0534295551478863,-5.90907714860974,22717.9090492572,-15196.8377500681,22715.4465974883,-15196.863936117,22712.9841457193,-15196.8901221658,0,1,1,1
20130529091650.daq,21,4,208.95,1,0,left,-0.570556640625,-89.429443359375,12,0.0001,75.4595794677734,1490.1270798905,1.49412989616394,0.368474155664444,0.00597078166902065,-6.03031685350106,22718.0297139883,-15207.9022029143,22715.567245089,-15207.9267252166,22713.1047761897,-15207.9512475189,0,1,1,1
20130529091650.daq,21,4,209.05,1,0,left,-0.537734985351563,-89.4622650146484,12,0.0001,75.4825820922852,1501.196198294,1.36229491233826,0.367794722318649,0.0249543376266956,-6.14298815189838,22718.1429281421,-15218.9704122097,22715.6804455993,-15218.9935238927,22713.2179630565,-15219.0166355757,0,1,1,1
20130529091650.daq,21,4,209.15,1,0,left,-0.510498046875,-89.489501953125,12,0.0001,75.5055236816406,1512.268685761,1.23045992851257,0.368401169776917,0.0344459973275661,-6.2508066399898,22718.2506263091,-15230.0423862475,22715.7881330579,-15230.0643273271,22713.3256398066,-15230.0862684067,0,1,1,1
20130529091650.daq,21,4,209.25,1,0,left,-0.48663330078125,-89.5133666992188,12,0.0001,75.5283813476563,1523.34453044897,1.18651497364044,0.368156880140305,0.043937660753727,-6.35294023741672,22718.3526724416,-15241.117204511,22715.890170265,-15241.138119915,22713.4276680885,-15241.1590353191,0,1,1,1
20130529091650.daq,21,4,209.35,1,0,left,-0.46771240234375,-89.5322875976563,12,0.0001,75.5512008666992,1534.42372583052,1.09862494468689,0.368209362030029,0.0249543376266956,-6.44920080228348,22718.4491634433,-15252.1948278311,22715.9866544942,-15252.2149300371,22713.524145545,-15252.235032243,0,1,1,1
20130529091650.daq,21,4,209.45,1,0,left,-0.455062866210938,-89.5449371337891,12,0.0001,75.573974609375,1545.50626397954,0.615229964256287,0.368078589439392,0.0344459973275661,-6.54063807825317,22718.5401812061,-15263.276199786,22716.0776678788,-15263.2957583284,22713.6151545516,-15263.3153168709,0,1,1,1
20130529091650.daq,21,4,209.55,1,0,left,-0.458709716796875,-89.5412902832031,12,0.0001,75.5966873168945,1556.59213855515,0.0878899991512299,0.368338912725449,0.0249543376266956,-6.62830290424681,22718.6282964557,-15274.3600927107,22716.1657843783,-15274.379807991,22713.7032723009,-15274.3995232713,0,1,1,1
20130529091650.daq,21,4,209.65,1,0,left,-0.477676391601563,-89.5223236083984,12,0.0001,75.6192779541016,1567.68133687556,-0.131834983825684,0.369473576545715,0.0344459973275661,-6.7139863624853,22718.7134489726,-15285.4465309248,22716.2509435566,-15285.4670613716,22713.7884381405,-15285.4875918184,0,1,1,1
20130529091650.daq,21,4,209.75,1,0,left,-0.504196166992188,-89.4958038330078,12,0.0001,75.6418380737305,1578.77384196957,-0.219724982976913,0.367691606283188,0.0249543376266956,-6.79907096699964,22718.7990664146,-15296.5366852434,22716.336570765,-15296.5583554768,22713.8740751154,-15296.5800257102,0,1,1,1
20130529091650.daq,21,4,209.85,1,0,left,-0.532485961914063,-89.4675140380859,12,0.0001,75.6626129150391,1589.86964246089,-0.219724982976913,0.368345588445663,0.00597078166902065,-6.88721844634374,22718.886745638,-15307.6287474031,22716.4242609883,-15307.6516334913,22713.9617763385,-15307.6745195794,0,1,1,1
20130529091650.daq,21,4,209.95,1,0,left,-0.56842041015625,-89.4315795898438,12,0.0001,75.6869888305664,1600.96875625319,-0.263669967651367,0.368443757295609,-0.0130125414580107,-6.97687067927805,22718.9768481396,-15318.724522367,22716.5143783277,-15318.7489528579,22714.0519085158,-15318.7733833489,0,1,1,1
20130529091650.daq,21,4,210.05,1,0,left,-0.601547241210938,-89.3984527587891,12,0.0001,75.7093658447266,1612.07118166801,-0.263669967651367,0.369659185409546,0.00597078166902065,-7.07097430910777,22719.0706835706,-15329.8232964771,22716.6082282953,-15329.8491506957,22714.14577302,-15329.8750049142,0,1,1,1
20130529091650.daq,21,4,210.15,1,0,left,-0.636917114257813,-89.3630828857422,12,0.0001,75.7317352294922,1623.17688728064,-0.307614982128143,0.368085622787476,-0.0414877571165562,-7.17062847128259,22719.1705158753,-15340.9249424175,22716.7080770296,-15340.9523167557,22714.2456381838,-15340.979691094,0,1,1,1
20130529091650.daq,21,4,210.25,1,0,left,-0.670242309570313,-89.3297576904297,12,0.0001,75.7540512084961,1634.28587178561,-0.307614982128143,0.368479758501053,0.0629212111234665,-7.27421157986688,22719.2741281308,-15352.0305450089,22716.8117056234,-15352.0593515815,22714.349283116,-15352.0881581542,0,1,1,1
20130529091650.daq,21,4,210.35,1,0,left,-0.696197509765625,-89.3038024902344,12,0.0001,75.7762756347656,1645.39812184841,0.395504981279373,0.367460757493973,0.0154626751318574,-7.38549579604011,22719.3850992352,-15363.1392628331,22716.92269003,-15363.1691848892,22714.4602808248,-15363.1991069454,0,1,1,1
20130529091650.daq,21,4,210.45,1,0,left,-0.679916381835938,-89.3200836181641,12,0.0001,75.798454284668,1656.51362889017,2.63669991493225,0.368514388799667,0.0249543376266956,-7.49933858531096,22719.4993324437,-15374.2529563996,22717.0369148353,-15374.2821787381,22714.5744972268,-15374.3114010766,0,1,1,1
20130529091650.daq,21,4,210.55,1,0,left,-0.6107177734375,-89.3892822265625,12,0.0001,75.8205108642578,1667.63237911015,4.08688449859619,0.3692926466465,0.00597078166902065,-7.61635460405506,22719.6161696957,-15385.3709166041,22717.15371859,-15385.3971649531,22714.6912674844,-15385.423413302,0,1,1,1
20130529091650.daq,21,4,210.65,1,0,left,-0.501495361328125,-89.4985046386719,12,0.0001,75.8425598144531,1678.75436253078,4.21871995925903,0.368383049964905,0.0154626751318574,-7.72893645603301,22719.7285876152,-15396.494760916,22717.2660909469,-15396.5163150725,22714.8035942785,-15396.5378692289,0,1,1,1
20130529091650.daq,21,4,210.75,1,0,left,-0.368209838867188,-89.6317901611328,12,0.0001,75.8646469116211,1689.87958418746,4.21871995925903,0.367962211370468,0.0344459973275661,-7.83173338582157,22719.8317048514,-15407.623100093,22717.3691647052,-15407.6389257612,22714.906624559,-15407.6547514293,0,1,1,1
20130529091650.daq,21,4,210.85,1,0,left,-0.230438232421875,-89.7695617675781,12,0.0001,75.8855438232422,1701.0080175044,4.17477464675903,0.368416994810104,0.0154626751318574,-7.92286535947097,22719.9228188375,-15418.7554378234,22717.4602477566,-15418.7653421059,22714.9976766756,-15418.7752463884,0,1,1,1
20130529091650.daq,21,4,210.95,1,0,left,-0.0818939208984375,-89.9181060791016,12,0.0001,75.9078063964844,1712.13961539119,3.99899482727051,0.367265850305557,0.0629212111234665,-7.99404597859341,22719.9937280826,-15429.891927222,22717.5311396001,-15429.8954470478,22715.0685511176,-15429.8989668736,0,1,1,1
20130529091650.daq,21,4,211.05,1,0,left,0.0573577880859375,-90.0573577880859,12,0.0001,75.9286880493164,1723.27432320427,3.77926993370056,0.36924421787262,0.0344459973275661,-8.04401866057429,22720.0437179076,-15441.0301181292,22717.5811281436,-15441.0276528734,22715.1185383795,-15441.0251876177,0,1,1,1
20130529091650.daq,21,4,211.15,1,0,left,0.18621826171875,-90.1862182617188,12,0.0001,75.9493560791016,1734.41207147363,3.38376474380493,0.368461132049561,-0.0225042030215263,-8.07096346554587,22720.0709048796,-15452.171941048,22717.6083268882,-15452.1639373414,22715.1457488967,-15452.1559336348,0,1,1,1
20130529091650.daq,21,4,211.25,1,0,left,0.298126220703125,-90.2981262207031,12,0.0001,75.9700698852539,1745.55285441784,2.8564248085022,0.36814358830452,-0.0130125414580107,-8.07374581779086,22720.0737439073,-15463.3162645647,22717.6111862455,-15463.3034510618,22715.1486285837,-15463.2906375589,0,1,1,1
20130529091650.daq,21,4,211.35,1,0,left,0.395370483398438,-90.3953704833984,12,0.0001,75.9907684326172,1756.69667558035,2.54880976676941,0.369293242692947,0.0629212111234665,-8.05023841551353,22720.0501424942,-15474.4631501119,22717.5876101268,-15474.4461570964,22715.1250777593,-15474.429164081,0,1,1,1
20130529091650.daq,21,4,211.45,1,0,left,0.470504760742188,-90.4705047607422,12,0.0001,76.0114517211914,1767.84352973927,1.93357992172241,0.369673579931259,-0.0225042030215263,-8.00674389386917,22720.0064234625,-15485.6114464956,22717.5439154959,-15485.5912242772,22715.0814075294,-15485.5710020589,0,1,1,1
20130529091650.daq,21,4,211.55,1,0,left,0.525299072265625,-90.5252990722656,12,0.0001,76.0323486328125,1778.99343050884,1.49412989616394,0.368118554353714,-0.0130125414580107,-7.94289995056377,22719.9424791518,-15496.7621781779,22717.4799916507,-15496.7396009715,22715.0175041496,-15496.717023765,0,1,1,1
20130529091650.daq,21,4,211.65,1,0,left,0.562881469726563,-90.5628814697266,12,0.0001,76.0533981323242,1790.1464099665,1.40623998641968,0.367850214242935,0.0344459973275661,-7.86221121642377,22719.8620231862,-15507.91542378,22717.399551024,-15507.8912313429,22714.9370788619,-15507.8670389058,0,1,1,1
20130529091650.daq,21,4,211.75,1,0,left,0.591552734375,-90.591552734375,12,0.0001,76.0744094848633,1801.30247529238,1.18651497364044,0.370193362236023,-0.00352087989449501,-7.76654765198327,22719.7664945165,-15519.0704076414,22717.3040347687,-15519.0449829667,22714.841575021,-15519.0195582919,0,1,1,1
20130529091650.daq,21,4,211.85,1,0,left,0.6038818359375,-90.6038818359375,12,0.0001,76.0944976806641,1812.46160634483,0.615229964256287,0.369373321533203,-0.0225042030215263,-7.6666560495948,22719.6661201795,-15529.7630855954,22717.2036659597,-15529.7371310407,22714.7412117399,-15529.7111764861,0,1,1,1
20130529091650.daq,21,4,211.95,1,0,left,0.597976684570313,-90.5979766845703,12,0.0001,76.1165237426758,1823.62382541022,-0.0439449958503246,0.368106514215469,0.00597078166902065,-7.54931396383193,22719.5492990739,-15541.3879442548,22717.0868421922,-15541.3622434915,22714.6243853105,-15541.3365427282,0,1,1,1
20130529091650.daq,21,4,212.05,1,0,left,0.575271606445313,-90.5752716064453,12,0.0001,76.1376037597656,1834.78915524113,-0.219724982976913,0.369089961051941,0.043937660753727,-7.43164071629233,22719.4315670856,-15552.5504863918,22716.9691002126,-15552.5257614489,22714.5066333396,-15552.501036506,0,1,1,1
20130529091650.daq,21,4,212.15,1,0,left,0.545486450195313,-90.5454864501953,12,0.0001,76.1585845947266,1845.95756814282,-0.219724982976913,0.368505567312241,0.0344459973275661,-7.31443422259188,22719.3142740226,-15563.7157877977,22716.8517946291,-15563.6923429691,22714.3893152356,-15563.6688981405,0,1,1,1
20130529091650.daq,21,4,212.25,1,0,left,0.513046264648438,-90.5130462646484,12,0.0001,76.1795501708984,1857.12905768115,-0.219724982976913,0.368634313344955,-0.00352087989449501,-7.19741098132572,22719.1971452274,-15574.882977571,22716.7346529544,-15574.8609269725,22714.2721606814,-15574.838876374,0,1,1,1
20130529091650.daq,21,4,212.35,1,0,left,0.488815307617188,-90.4888153076172,12,0.0001,76.2004699707031,1868.30361900719,0.57128494977951,0.368530035018921,-0.00352087989449501,-7.08181796122187,22719.0814601608,-15586.054269977,22716.6189587827,-15586.033260793,22714.1564574045,-15586.012251609,0,1,1,1
20130529091650.daq,21,4,212.45,1,0,left,0.49615478515625,-90.4961547851563,12,0.0001,76.2213973999023,1879.48124848425,1.93357992172241,0.368645340204239,0.0344459973275661,-6.97010049731394,22718.9696769797,-15597.2292511974,22716.5071783129,-15597.2079265719,22714.0446796462,-15597.1866019465,0,1,1,1
20130529091650.daq,21,4,212.55,1,0,left,0.526596069335938,-90.5265960693359,12,0.0001,76.2422943115234,1890.66194545961,1.97752487659454,0.368887573480606,0.00597078166902065,-6.8588581341318,22718.8584143433,-15608.408693702,22716.3959273539,-15608.3860607525,22713.9334403645,-15608.363427803,0,1,1,1
20130529091650.daq,21,4,212.65,1,0,left,0.566131591796875,-90.5661315917969,12,0.0001,76.26318359375,1901.84570573708,1.40623998641968,0.368647336959839,-0.0130125414580107,-6.74700503427063,22718.7465872017,-15619.5922595128,22716.2841164159,-15619.5679273911,22713.82164563,-15619.5435952695,0,1,1,1
20130529091650.daq,21,4,212.75,1,0,left,0.601455688476563,-90.6014556884766,12,0.0001,76.2840270996094,1913.03252885042,1.2744048833847,0.368797063827515,0.0249543376266956,-6.63344011780231,22718.6330675904,-15630.7776759673,22716.1706122738,-15630.7518256835,22713.7081569572,-15630.7259753997,0,1,1,1
20130529091650.daq,21,4,212.85,1,0,left,0.630462646484375,-90.6304626464844,12,0.0001,76.3046646118164,1924.22239512423,1.2744048833847,0.368319511413574,0.00597078166902065,-6.52193070589552,22718.5218926258,-15641.5010260302,22716.0594507119,-15641.4739290901,22713.597008798,-15641.44683215,0,1,1,1
20130529091650.daq,21,4,212.95,1,0,left,0.656570434570313,-90.6565704345703,12,0.0001,76.325080871582,1935.4152079532,1.23045992851257,0.368983060121536,0.0249543376266956,-6.39742360240381,22718.3972253879,-15653.1588762816,22715.9347960768,-15653.1306572912,22713.4723667657,-15653.1024383007,0,1,1,1
20130529091650.daq,21,4,213.05,1,0,left,0.676788330078125,-90.6767883300781,12,0.0001,76.3454132080078,1946.61106972403,0.966789960861206,0.368989795446396,0.043937660753727,-6.27108040678876,22718.2709703821,-15664.3527181345,22715.808551182,-15664.3236302313,22713.3461319818,-15664.294542328,0,1,1,1
20130529091650.daq,21,4,213.15,1,0,left,0.682846069335938,-90.6828460693359,12,0.0001,76.3658218383789,1957.80991749409,0.307614982128143,0.368434697389603,-0.00352087989449501,-6.14172184163436,22718.1416880708,-15675.5501282346,22715.6792719598,-15675.5207799861,22713.2168558488,-15675.4914317376,0,1,1,1
20130529091650.daq,21,4,213.25,1,0,left,0.674041748046875,-90.6740417480469,12,0.0001,76.38623046875,1969.01176133419,0.0439449995756149,0.369154930114746,-0.0319960974156857,-6.00746933743517,22718.0074690084,-15686.7491369914,22715.5450484167,-15686.7201671289,22713.082627825,-15686.6911972664,0,1,1,1
20130529091650.daq,21,4,213.35,1,0,left,0.65338134765625,-90.6533813476563,12,0.0001,76.406494140625,1980.21658772331,-0.175779983401299,0.368477016687393,0.0344459973275661,-5.87206356670962,22717.8720327067,-15697.9507923246,22715.4096018288,-15697.9227103932,22712.9471709509,-15697.8946284617,0,1,1,1
20130529091650.daq,21,4,213.45,1,0,left,0.619979858398438,-90.6199798583984,12,0.0001,76.4266738891602,1991.42438006325,-0.439449965953827,0.368204981088638,0.0629212111234665,-5.73754570423242,22717.7373869033,-15709.1550722742,22715.274940073,-15709.1284258609,22712.8124932427,-15709.1017794475,0,1,1,1
20130529091650.daq,21,4,213.55,1,0,left,0.5804443359375,-90.5804443359375,12,0.0001,76.4468231201172,2002.63512968191,-0.57128494977951,0.368200808763504,0.00597078166902065,-5.60353553144189,22717.6031211853,-15720.3611572059,22715.1406565545,-15720.3362099488,22712.6781919238,-15720.3112626916,0,0,1,0
20130529091650.daq,21,4,213.65,1,0,left,0.535171508789063,-90.5351715087891,12,0.0001,76.4669189453125,2013.84883070465,-0.659174978733063,0.368304818868637,0.0154626751318574,-5.47574421225817,22717.4750700179,-15731.5710089815,22715.0125864436,-15731.5480074727,22712.5501028692,-15731.5250059639,0,0,1,0
20130529091650.daq,21,4,213.75,1,0,left,0.485565185546875,-90.4855651855469,12,0.0001,76.4868927001953,2025.06547016994,-0.791009962558746,0.368649154901505,-0.00352087989449501,-5.35147407253341,22717.351192915,-15742.7827074097,22714.888690349,-15742.761837912,22712.426187783,-15742.7409684142,0,0,1,0
20130529091650.daq,21,4,213.85,1,0,left,0.431472778320313,-90.4314727783203,12,0.0001,76.5067825317383,2036.2850321323,-0.878899931907654,0.369115710258484,0.0154626751318574,-5.23967959831929,22717.2393115603,-15753.5304278008,22714.776790389,-15753.5118831376,22712.3142692178,-15753.4933384743,0,0,1,0
20130529091650.daq,21,4,213.95,1,0,left,0.373809814453125,-90.3738098144531,12,0.0001,76.5265655517578,2047.50750381673,-0.92284494638443,0.367715030908585,0.0724128782749176,-5.12767748944372,22717.1276501769,-15765.2155586946,22714.6651115892,-15765.1994923428,22712.2025730016,-15765.1834259909,0,0,1,0
20130529091650.daq,21,4,214.05,1,0,left,0.315948486328125,-90.3159484863281,12,0.0001,76.5462799072266,2058.73287282117,-0.92284494638443,0.369089275598526,0.043937660753727,-5.02999863399414,22717.0296715493,-15776.4368139968,22714.5671179924,-15776.4232344982,22712.1045644355,-15776.4096549996,0,0,1,0
20130529091650.daq,21,4,214.15,1,0,left,0.256484985351563,-90.2564849853516,12,0.0001,76.5658416748047,2069.9611209622,-0.92284494638443,0.36932972073555,-0.0225042030215263,-4.94225989175427,22716.9415563077,-15787.6599798616,22714.4789899837,-15787.6489560914,22712.0164236597,-15787.6379323212,0,0,1,0
20130529091650.daq,21,4,214.25,1,0,left,0.199462890625,-90.199462890625,12,0.0001,76.5855026245117,2081.19224180568,-0.92284494638443,0.368158847093582,-0.00352087989449501,-4.86319406617562,22716.8630541245,-15798.8871076548,22714.4004780489,-15798.8785346931,22711.9379019734,-15798.8699617313,0,0,1,0
20130529091650.daq,21,4,214.35,1,0,left,0.142181396484375,-90.1421813964844,12,0.0001,76.6052322387695,2092.42625567976,-0.92284494638443,0.368196040391922,-0.00352087989449501,-4.79825237454525,22716.7982384779,-15810.1161787242,22714.3356550623,-15810.1100677284,22711.8730716466,-15810.1039567326,0,0,1,0
20130529091650.daq,21,4,214.45,1,0,left,0.0838623046875,-90.0838623046875,12,0.0001,76.6247329711914,2103.66314906342,-0.92284494638443,0.368301957845688,-0.0130125414580107,-4.7436811653286,22716.7432512102,-15821.3491270869,22714.28066285,-15821.3455226595,22711.8180744899,-15821.341918232,0,0,1,0
20130529091650.daq,21,4,214.55,1,0,left,0.0259246826171875,-90.0259246826172,12,0.0001,76.6440277099609,2114.90288568305,-0.92284494638443,0.36853238940239,0.0154626751318574,-4.6984561815968,22716.6980045374,-15832.5840342722,22714.2354137915,-15832.5829200211,22711.7728230455,-15832.5818057699,0,0,1,0
20130529091650.daq,21,4,214.65,1,0,left,-0.03302001953125,-89.9669799804688,12,0.0001,76.6632385253906,2126.14544465101,-0.92284494638443,0.367963671684265,0.0344459973275661,-4.66649575113617,22716.6664905165,-15843.8228192928,22714.2038999274,-15843.8242385037,22711.7413093384,-15843.8256577147,0,0,1,0
20130529091650.daq,21,4,214.75,1,0,left,-0.0896759033203125,-89.9103240966797,12,0.0001,76.6824111938477,2137.39081888043,-0.92284494638443,0.367322683334351,0.0534295551478863,-4.64490363021603,22716.644599286,-15855.0636101857,22714.1820113042,-15855.0674644832,22711.7194233225,-15855.0713187808,0,0,1,0
20130529091650.daq,21,4,214.85,1,0,left,-0.146759033203125,-89.8532409667969,12,0.0001,76.7014694213867,2148.638996995,-0.92284494638443,0.367570996284485,0.0724128782749176,-4.63510313038178,22716.6344517962,-15866.3073167353,22714.1718688767,-15866.3136244788,22711.7092859571,-15866.3199322223,0,0,1,0
20130529091650.daq,21,4,214.95,1,0,left,-0.204330444335938,-89.7956695556641,12,0.0001,76.7204895019531,2159.88996649945,-0.92284494638443,0.368160635232925,0.0534295551478863,-4.63605189723995,22716.6360517784,-15877.5539373503,22714.17347644,-15877.5627195198,22711.7109011017,-15877.5715016893,0,0,1,0
20130529091650.daq,21,4,215.05,1,0,left,-0.262603759765625,-89.7373962402344,12,0.0001,76.739501953125,2171.14372552881,-0.92284494638443,0.368242770433426,0.0154626751318574,-4.64990741200601,22716.6494123683,-15888.803466629,22714.1868472356,-15888.8147533833,22711.724282103,-15888.8260401377,0,0,1,0
20130529091650.daq,21,4,215.15,1,0,left,-0.320205688476563,-89.6797943115234,12,0.0001,76.7584686279297,2182.4002698869,-0.834954977035522,0.368015557527542,0.0629212111234665,-4.67269910484742,22716.6724957159,-15900.0559386771,22714.2099431748,-15900.0697011488,22711.7473906337,-15900.0834636204,0,0,1,0
20130529091650.daq,21,4,215.25,1,0,left,-0.370208740234375,-89.6297912597656,12,0.0001,76.7773818969727,2193.65959164761,-0.439449965953827,0.368840932846069,0.00597078166902065,-4.70888560730177,22716.7087811736,-15911.3115267185,22714.246241581,-15911.3274382983,22711.7837019884,-15911.3433498781,0,0,1,0
20130529091650.daq,21,4,215.35,1,0,left,-0.412307739257813,-89.5876922607422,12,0.0001,76.7962951660156,2204.92168661475,-0.263669967651367,0.368363052606583,0.0154626751318574,-4.75493289428283,22716.7543441823,-15922.5692630561,22714.2918169457,-15922.5869840222,22711.8292897092,-15922.6047049882,0,0,1,0
20130529091650.daq,21,4,215.45,1,0,left,-0.44482421875,-89.55517578125,12,0.0001,76.8152313232422,2216.18655749255,0.0439449995756149,0.368189603090286,0.0154626751318574,-4.80908608279277,22716.8090817844,-15933.831143959,22714.3465650014,-15933.8502624547,22711.8840482184,-15933.8693809504,0,0,1,0
20130529091650.daq,21,4,215.55,1,0,left,-0.46533203125,-89.53466796875,12,0.0001,76.8341217041016,2227.45420269577,0.395504981279373,0.368942648172379,-0.0225042030215263,-4.87367481429045,22716.8728449615,-15945.0952781721,22714.4103351793,-15945.1152780724,22711.9478253971,-15945.1352779726,0,0,1,0
20130529091650.daq,21,4,215.65,1,0,left,-0.473800659179688,-89.5261993408203,12,0.0001,76.8529663085938,2238.72461476455,0.659174978733063,0.368769764900208,-0.00352087989449501,-4.94368225205069,22716.9436790323,-15956.3636203806,22714.481172233,-15956.383984253,22712.0186654338,-15956.4043481253,0,0,1,0
20130529091650.daq,21,4,215.75,1,0,left,-0.463638305664063,-89.5363616943359,12,0.0001,76.8717803955078,2249.99778847698,1.40623998641968,0.36851692199707,-0.0130125414580107,-5.01995263374662,22717.0192250186,-15967.6353597212,22714.5567146462,-15967.655286827,22712.0942042739,-15967.6752139327,0,0,1,0
20130529091650.daq,21,4,215.85,1,0,left,-0.427093505859375,-89.5729064941406,12,0.0001,76.8906173706055,2261.27372299381,2.37302994728088,0.369035482406616,0.0154626751318574,-5.09510053723127,22717.0950988892,-15978.9097131844,22714.6325763077,-15978.9280696304,22712.1700537262,-15978.9464260764,0,0,1,0
20130529091650.daq,21,4,215.95,1,0,left,-0.36578369140625,-89.6342163085938,12,0.0001,76.9094619750977,2272.552421672,2.72458982467651,0.368798494338989,0.0154626751318574,-5.17412009906962,22717.1733521947,-15990.1885903853,22714.7108113806,-15990.204311779,22712.2482705665,-15990.2200331727,0,0,1,0
20130529091650.daq,21,4,216.05,1,0,left,-0.293792724609375,-89.7062072753906,12,0.0001,76.9282836914063,2283.83388283307,2.46091985702515,0.368185758590698,-0.0130125414580107,-5.24510265706268,22717.2450858553,-16001.4716358262,22714.7825272314,-16001.4842630765,22712.3199686075,-16001.4968903268,0,0,1,0
20130529091650.daq,21,4,216.15,1,0,left,-0.228118896484375,-89.7718811035156,12,0.0001,76.9469757080078,2295.11809603321,1.93357992172241,0.367620021104813,0.0344459973275661,-5.30980229958521,22717.3093945001,-16012.7564719788,22714.8468230202,-16012.7662765763,22712.3842515404,-16012.7760811738,0,0,1,0
20130529091650.daq,21,4,216.25,1,0,left,-0.17401123046875,-89.8259887695313,12,0.0001,76.9654159545898,2306.4050331114,1.58201992511749,0.368037551641464,0.0534295551478863,-5.3667595438038,22717.3666026356,-16024.0439467286,22714.9040229948,-16024.0514257756,22712.441443354,-16024.0589048227,0,0,1,0
20130529091650.daq,21,4,216.35,1,0,left,-0.131134033203125,-89.8688659667969,12,0.0001,76.9837188720703,2317.69466320244,1.53807497024536,0.367970436811447,0.0154626751318574,-5.41483630912889,22717.4147372285,-16035.3340703967,22714.9521526804,-16035.3397065746,22712.4895681322,-16035.3453427526,0,0,1,0
20130529091650.daq,21,4,216.45,1,0,left,-0.0938873291015625,-89.9061126708984,12,0.0001,77.0019836425781,2328.98697483678,1.40623998641968,0.368248611688614,-0.0130125414580107,-5.45206584816766,22717.4514999778,-16046.6260062329,22714.988912286,-16046.6300415387,22712.5263245942,-16046.6340768444,0,0,1,0
20130529091650.daq,21,4,216.55,1,0,left,-0.0679168701171875,-89.9320831298828,12,0.0001,77.0201797485352,2340.28195943556,1.05467998981476,0.369514107704163,-0.050979420542717,-5.47920073754862,22717.4791929858,-16057.9205922828,22715.0166037179,-16057.923511371,22712.55401445,-16057.9264304592,0,0,1,0
20130529091650.daq,21,4,216.65,1,0,left,-0.051971435546875,-89.9480285644531,12,0.0001,77.0383758544922,2351.57961205664,0.834954977035522,0.3687364757061,-0.0414877571165562,-5.49999235713051,22717.499692469,-16069.2178603248,22715.0371024841,-16069.2200940735,22712.5745124992,-16069.2223278221,0,0,1,0
20130529091650.daq,21,4,216.75,1,0,left,-0.0430145263671875,-89.9569854736328,12,0.0001,77.0565948486328,2362.87993652318,0.834954977035522,0.368542224168777,0.00597078166902065,-5.51314836977615,22717.5128110602,-16080.5169091101,22715.0502207562,-16080.518757888,22712.5876304522,-16080.520606666,0,0,1,0
20130529091650.daq,21,4,216.85,1,0,left,-0.0349884033203125,-89.9650115966797,12,0.0001,77.0747146606445,2374.1829263078,0.834954977035522,0.369858026504517,-0.0130125414580107,-5.5220812144142,22717.5220808684,-16091.8178880162,22715.0594903295,-16091.819391829,22712.5968997907,-16091.8208956417,0,0,1,0
20130529091650.daq,21,4,216.95,1,0,left,-0.0274505615234375,-89.9725494384766,12,0.0001,77.0928649902344,2385.48857273841,1.01073491573334,0.368442088365555,-0.0130125414580107,-5.52613793515511,22717.5255214401,-16103.1227610845,22715.0629307247,-16103.1239409184,22712.6003400093,-16103.1251207523,0,0,1,0
20130529091650.daq,21,4,217.05,1,0,left,-0.0119171142578125,-89.9880828857422,12,0.0001,77.1111221313477,2396.79689017526,1.36229491233826,0.367838501930237,0.043937660753727,-5.5286717845809,22717.5284679765,-16114.429783922,22715.0658770317,-16114.4302961234,22712.603286087,-16114.4308083248,0,0,1,0
20130529091650.daq,21,4,217.15,1,0,left,0.00946044921875,-90.0094604492188,12,0.0001,77.1292190551758,2408.10787666011,1.36229491233826,0.368799328804016,0.0629212111234665,-5.52530661186202,22717.5251938974,-16125.7398798206,22715.062602933,-16125.7394732075,22712.6000119686,-16125.7390665943,0,0,1,0
20130529091650.daq,21,4,217.25,1,0,left,0.034332275390625,-90.0343322753906,12,0.0001,77.1471862792969,2419.42150533746,1.31834995746613,0.368783235549927,0.0154626751318574,-5.52185009774577,22717.5217036557,-16137.0520141334,22715.0591130998,-16137.0505385213,22712.5965225439,-16137.0490629092,0,0,1,0
20130529091650.daq,21,4,217.35,1,0,left,0.059906005859375,-90.0599060058594,12,0.0001,77.1651916503906,2430.73777117189,1.31834995746613,0.367934972047806,-0.00352087989449501,-5.51301399019719,22717.5123103838,-16148.3680712398,22715.0497207318,-16148.3654964609,22712.5871310798,-16148.362921682,0,0,1,0
20130529091650.daq,21,4,217.45,1,0,left,0.0867462158203125,-90.0867462158203,12,0.0001,77.1831588745117,2442.05667677434,1.31834995746613,0.368553072214127,0.043937660753727,-5.50110662171036,22717.5008854018,-16159.6861117837,22715.0382972262,-16159.6823834049,22712.5757090506,-16159.6786550262,0,0,1,0
20130529091650.daq,21,4,217.55,1,0,left,0.113113403320313,-90.1131134033203,12,0.0001,77.2009811401367,2453.37820741158,1.31834995746613,0.368917614221573,0.00597078166902065,-5.4836336925095,22717.4836299889,-16171.0070696665,22715.0210437898,-16171.0022080193,22712.5584575908,-16170.9973463721,0,0,1,0
20130529091650.daq,21,4,217.65,1,0,left,0.140274047851563,-90.1402740478516,12,0.0001,77.2187881469727,2464.70234974909,1.31834995746613,0.368542432785034,-0.0319960974156857,-5.46252253205682,22717.4624189523,-16182.3309758735,22714.9998353346,-16182.3249468559,22712.5372517168,-16182.3189178383,0,0,1,0
20130529091650.daq,21,4,217.75,1,0,left,0.167388916015625,-90.1673889160156,12,0.0001,77.2365875244141,2476.02910406662,1.31834995746613,0.367904454469681,0.0249543376266956,-5.43777691379571,22717.437304183,-16193.656833292,22714.9747236942,-16193.6496388729,22712.5121432054,-16193.6424444538,0,0,1,0
20130529091650.daq,21,4,217.85,1,0,left,0.19329833984375,-90.1932983398438,12,0.0001,77.2542953491211,2487.35846262455,1.31834995746613,0.368927747011185,0.0154626751318574,-5.40499154914085,22717.4044511874,-16204.9855902211,22714.9418742038,-16204.9772822122,22712.4792972201,-16204.9689742032,0,0,1,0
20130529091650.daq,21,4,217.95,1,0,left,0.220138549804688,-90.2201385498047,12,0.0001,77.2719192504883,2498.69039343869,1.31834995746613,0.368600726127625,-0.0225042030215263,-5.36780821249695,22717.3676340537,-16216.3163222126,22714.9050612321,-16216.3068606103,22712.4424884105,-16216.297399008,0,0,1,0
20130529091650.daq,21,4,218.05,1,0,left,0.245620727539063,-90.2456207275391,12,0.0001,77.2894897460938,2510.02492373757,1.31834995746613,0.368835300207138,0.0154626751318574,-5.32701262343283,22717.3269944222,-16227.6509266503,22714.8644260522,-16227.6403698249,22712.4018576823,-16227.6298129995,0,0,1,0
20130529091650.daq,21,4,218.15,1,0,left,0.269805908203125,-90.2698059082031,12,0.0001,77.3069839477539,2521.36202508043,1.18651497364044,0.368522435426712,0.0154626751318574,-5.27864207240466,22717.278622309,-16238.9864754416,22714.8160586146,-16238.9748791399,22712.3534949201,-16238.9632828382,0,0,1,0
20130529091650.daq,21,4,218.25,1,0,left,0.291046142578125,-90.2910461425781,12,0.0001,77.3244476318359,2532.70168944793,1.14256989955902,0.368017822504044,0.043937660753727,-5.2266713995924,22717.2265260396,-16250.3258583808,22714.7639668132,-16250.3133491779,22712.3014075869,-16250.3008399751,0,0,1,0
20130529091650.daq,21,4,218.35,1,0,left,0.309677124023438,-90.3096771240234,12,0.0001,77.3418731689453,2544.04391283036,1.14256989955902,0.367790013551712,0.0629212111234665,-5.1710521442645,22717.1706849062,-16261.6671306861,22714.7081298776,-16261.6538207287,22712.2455748491,-16261.6405107713,0,0,1,0
20130529091650.daq,21,4,218.45,1,0,left,0.3291015625,-90.3291015625,12,0.0001,77.3592376708984,2555.38868823411,1.14256989955902,0.368137151002884,0.0344459973275661,-5.10959797719231,22717.1089351103,-16273.0103749665,22714.6463847356,-16272.9962301535,22712.183834361,-16272.9820853404,0,0,1,0
20130529091650.daq,21,4,218.55,1,0,left,0.348464965820313,-90.3484649658203,12,0.0001,77.3764953613281,2566.73600185841,1.14256989955902,0.367934435606003,0.0534295551478863,-5.04396959627155,22717.0432826854,-16284.356547049,22714.5807372317,-16284.3415700052,22712.118191778,-16284.3265929615,0,0,1,0
20130529091650.daq,21,4,218.65,1,0,left,0.367202758789063,-90.3672027587891,12,0.0001,77.3937454223633,2578.08584596366,1.14256989955902,0.367888182401657,0.0534295551478863,-4.97423302407392,22716.9737626078,-16295.7056332816,22714.5112221838,-16295.6898508972,22712.0486817598,-16295.6740685127,0,0,1,0
20130529091650.daq,21,4,218.75,1,0,left,0.3857421875,-90.3857421875,12,0.0001,77.4109497070313,2589.43821709966,1.18651497364044,0.368096560239792,0.0629212111234665,-4.90066296946073,22716.9003484219,-16307.0566674655,22714.4378132336,-16307.0400882677,22711.9752780453,-16307.0235090699,0,0,1,0
20130529091650.daq,21,4,218.85,1,0,left,0.40850830078125,-90.4085083007813,12,0.0001,77.4280853271484,2600.79310603483,1.2744048833847,0.367780655622482,0.043937660753727,-4.82298217447287,22716.8227659346,-16318.4107330213,22714.3602375284,-16318.3931753521,22711.8977091221,-16318.375617683,0,0,1,0
20130529091650.daq,21,4,218.95,1,0,left,0.433273315429688,-90.4332733154297,12,0.0001,77.445198059082,2612.15048889758,1.31834995746613,0.368030816316605,0.0344459973275661,-4.74130392181124,22716.7411530954,-16329.7667993504,22714.2786325081,-16329.7481773017,22711.8161119208,-16329.729555253,0,0,1,0
20130529091650.daq,21,4,219.05,1,0,left,0.458511352539063,-90.4585113525391,12,0.0001,77.4622573852539,2623.5103955274,1.31834995746613,0.368795037269592,0.00597078166902065,-4.65376763979877,22716.6536513018,-16341.1258060984,22714.1911391562,-16341.1060993436,22711.7286270106,-16341.0863925888,0,0,1,0
20130529091650.daq,21,4,219.15,1,0,left,0.484207153320313,-90.4842071533203,12,0.0001,77.479248046875,2634.87279869575,1.31834995746613,0.368123769760132,0.0534295551478863,-4.56426604871724,22716.5641677352,-16352.486776297,22714.1016646753,-16352.4659651658,22711.6391616153,-16352.4451540346,0,0,1,0
20130529091650.daq,21,4,219.25,1,0,left,0.511489868164063,-90.5114898681641,12,0.0001,77.496208190918,2646.2376923415,1.31834995746613,0.368189424276352,-0.0794546380639076,-4.46882665113896,22716.4687261137,-16363.8507136065,22714.0062332426,-16363.8287298998,22711.5437403716,-16363.806746193,0,0,1,0
20130529091650.daq,21,4,219.35,1,0,left,0.536697387695313,-90.5366973876953,12,0.0001,77.5130996704102,2657.60506835204,1.31834995746613,0.368316650390625,0.0629212111234665,-4.36767722299448,22716.3675535089,-16375.217529986,22713.9050705479,-16375.1944628973,22711.442587587,-16375.1713958086,0,0,1,0
20130529091650.daq,21,4,219.45,1,0,left,0.563247680664063,-90.5632476806641,12,0.0001,77.5299453735352,2668.97491842825,1.31834995746613,0.368150621652603,0.043937660753727,-4.26255830996679,22716.2623910949,-16386.5863309978,22713.7999190874,-16386.5621228216,22711.3374470799,-16386.5379146454,0,0,1,0
20130529091650.daq,21,4,219.55,1,0,left,0.588394165039063,-90.5883941650391,12,0.0001,77.5467529296875,2680.34723650901,1.31834995746613,0.368457943201065,0.0154626751318574,-4.15364822074191,22716.1534092304,-16397.9570507532,22713.6909480848,-16397.9317618276,22711.2284869392,-16397.906472902,0,0,1,0
20130529091650.daq,21,4,219.65,1,0,left,0.615768432617188,-90.6157684326172,12,0.0001,77.5634841918945,2691.72201429519,1.31834995746613,0.368865936994553,-0.0130125414580107,-4.03684211558377,22716.0364763626,-16409.3307528005,22713.5740275804,-16409.304287385,22711.1115787981,-16409.2778219696,0,0,1,0
20130529091650.daq,21,4,219.75,1,0,left,0.642868041992188,-90.6428680419922,12,0.0001,77.5801467895508,2703.09923975777,1.31834995746613,0.368053466081619,0.0344459973275661,-3.91621133231359,22715.9156539784,-16420.7064005998,22713.4532179891,-16420.6787705047,22710.9907819999,-16420.6511404096,0,0,1,0
20130529091650.daq,21,4,219.85,1,0,left,0.668060302734375,-90.6680603027344,12,0.0001,77.5967712402344,2714.47890692885,1.31834995746613,0.368312507867813,0.00597078166902065,-3.78997010832756,22715.7890903116,-16432.0859083416,22713.326666709,-16432.0571955459,22710.8642431063,-16432.0284827502,0,0,1,0
20130529091650.daq,21,4,219.95,1,0,left,0.694671630859375,-90.6946716308594,12,0.0001,77.6133499145508,2725.86097543188,1.31834995746613,0.368287473917007,0.0249543376266956,-3.65954288452983,22715.6585320272,-16443.4654492183,22713.1961220259,-16443.4355927401,22710.7337120247,-16443.4057362619,0,0,1,0
20130529091650.daq,21,4,220.05,1,0,left,0.720687866210938,-90.7206878662109,12,0.0001,77.6298446655273,2737.24550354709,1.31834995746613,0.368937343358994,-0.0414877571165562,-3.52277866205039,22715.5221510264,-16454.8488814115,22713.0597548359,-16454.8179068324,22710.5973586454,-16454.7869322533,0,0,1,0
20130529091650.daq,21,4,220.15,1,0,left,0.746749877929688,-90.7467498779297,12,0.0001,77.6462554931641,2748.63244390432,1.31834995746613,0.368628174066544,-0.0225042030215263,-3.38020745820913,22715.3799075264,-16466.2342670845,22712.91752568,-16466.2021724437,22710.4551438336,-16466.1700778028,0,0,1,0
20130529091650.daq,21,4,220.25,1,0,left,0.773239135742188,-90.7732391357422,12,0.0001,77.6626358032227,2760.02178950994,1.31834995746613,0.368830561637878,0.00597078166902065,-3.23380308786734,22715.2337309547,-16477.6216152928,22712.7713642096,-16477.5883822353,22710.3089974645,-16477.5551491778,0,0,1,0
20130529091650.daq,21,6,241.25,1,0,left,-3.25126647949219,-86.7487335205078,12,0.0001,80.1394500732422,0,5.62495994567871,0.368913888931274,-0.0130125414580107,-3.59578753094011,22727.5426655246,-18911.216560639,22725.0840382709,-18911.3562261335,22722.6254110171,-18911.4958916279,1,0,0,0
20130529091650.daq,21,6,241.35,1,0,left,-3.068115234375,-86.931884765625,12,0.0001,80.1482467651367,11.7544534334265,6.45991468429565,0.367363572120667,0.00597078166902065,-4.1882923553418,22728.1878636117,-18922.9580084072,22725.7288024664,-18923.0898139726,22723.2697413211,-18923.221619538,1,0,0,0
20130529091650.daq,21,6,241.45,1,0,left,-2.81097412109375,-87.1890258789063,12,0.0001,80.1569366455078,23.5102033921503,8.34954929351807,0.367620140314102,-0.0130125414580107,-4.82529335356388,22728.8246631743,-18934.7053709955,22726.3650352579,-18934.8261391048,22723.9054073415,-18934.9469072141,1,0,0,0
20130529091650.daq,21,6,241.55,1,0,left,-2.48240661621094,-87.5175933837891,12,0.0001,80.1641616821289,35.2671338752043,9.7557897567749,0.369414657354355,-0.050979420542717,-5.43834919434495,22729.4375674752,-18946.4565650781,22726.9772874505,-18946.5632263342,22724.5170074258,-18946.6698875902,1,0,0,0
20130529091650.daq,21,6,241.65,1,0,left,-2.09979248046875,-87.9002075195313,12,0.0001,80.169563293457,47.0249885428275,10.0194597244263,0.368844985961914,0.00597078166902065,-6.01666207627936,22730.015882409,-18958.2149559592,22727.5549449757,-18958.3051855131,22725.0940075423,-18958.395415067,0,1,0,1
20130529091650.daq,21,6,241.75,1,0,left,-1.68002319335938,-88.3199768066406,12,0.0001,80.1731109619141,58.783502383154,10.1952390670776,0.367839008569717,-0.050979420542717,-6.54173527825831,22730.5410797247,-18969.9761255872,22728.0795472891,-18970.0483231768,22725.6180148535,-18970.1205207663,0,1,0,1
20130529091650.daq,21,6,241.85,1,0,left,-1.24336242675781,-88.7566375732422,12,0.0001,80.1745452880859,70.5423827828163,10.151294708252,0.368615508079529,-0.0225042030215263,-7.00329866424478,22731.0026614556,-18981.743404828,22728.5406502807,-18981.79684075,22726.0786391057,-18981.850276672,0,1,0,1
20130529091650.daq,21,6,241.95,1,0,left,-0.806060791015625,-89.1939392089844,12,0.0001,80.1740341186523,82.3013251926423,9.44817447662354,0.369745761156082,-0.0414877571165562,-7.39445439028093,22731.3938050551,-18993.5124496937,22728.9314577514,-18993.5470933025,22726.4691104478,-18993.5817369113,0,1,0,1
20130529091650.daq,21,6,242.05,1,0,left,-0.393768310546875,-89.6062316894531,12,0.0001,80.1725997924805,94.0601099194791,8.30560398101807,0.368233650922775,-0.0225042030215263,-7.70882050387352,22731.7082799509,-19005.2845706368,22729.2457471092,-19005.301494792,22726.7832142675,-19005.3184189471,0,1,0,1
20130529091650.daq,21,6,242.15,1,0,left,-0.0086212158203125,-89.9913787841797,12,0.0001,80.1709442138672,105.818666654053,8.0419340133667,0.369454830884933,-0.0319960974156857,-7.94278634048084,22731.9423268304,-19017.0558415492,22729.4797358603,-19017.0562120918,22727.0171448901,-19017.0565826345,0,1,0,1
20130529091650.daq,21,6,242.25,1,0,left,0.358352661132813,-90.3583526611328,12,0.0001,80.169189453125,117.576967235367,7.95404481887817,0.368477910757065,-0.00352087989449501,-8.0958016757546,22732.0954045909,-19028.8265129228,22729.6328617585,-19028.8111109108,22727.1703189261,-19028.7957088988,0,1,0,1
20130529091650.daq,21,6,242.35,1,0,left,0.703857421875,-90.703857421875,12,0.0001,80.1679458618164,129.335043740855,7.42670488357544,0.368279814720154,0.0154626751318574,-8.17001227232796,22732.1696804538,-19040.5984806028,22729.7072752708,-19040.5682293458,22727.2448700879,-19040.5379780887,0,1,0,1
20130529091650.daq,21,6,242.45,1,0,left,1.02784729003906,-91.0278472900391,12,0.0001,80.1674346923828,141.092988952641,6.81147480010986,0.370079874992371,-0.00352087989449501,-8.16741766060452,22732.1671205014,-19052.3678610479,22729.7049257473,-19052.3236862108,22727.2427309932,-19052.2795113738,0,1,1,1
20130529091650.daq,21,6,242.55,1,0,left,1.32763671875,-91.32763671875,12,0.0001,80.1678009033203,152.850920643417,6.32807970046997,0.367421388626099,-0.0319960974156857,-8.08817385454017,22732.0879014453,-19064.1365676656,22729.6259715304,-19064.0795105194,22727.1640416156,-19064.0224533732,0,1,1,1
20130529091650.daq,21,6,242.65,1,0,left,1.60627746582031,-91.6062774658203,12,0.0001,80.1690902709961,164.60897570178,5.88862991333008,0.367303252220154,-0.0225042030215263,-7.94186293239372,22731.9416076792,-19075.9046936384,22729.4799843567,-19075.8356643603,22727.0183610341,-19075.7666350823,0,1,1,1
20130529091650.daq,21,6,242.75,1,0,left,1.86482238769531,-91.8648223876953,12,0.0001,80.1712951660156,176.367287006658,5.62495994567871,0.369232684373856,-0.0225042030215263,-7.72844136271943,22731.7281808472,-19087.670328696,22729.2668940775,-19087.5901921813,22726.8056073079,-19087.5100556666,0,1,1,1
20130529091650.daq,21,6,242.85,1,0,left,2.10879516601563,-92.1087951660156,12,0.0001,80.1742630004883,188.125980443339,5.36128950119019,0.368683606386185,-0.0319960974156857,-7.45341242002705,22731.453140752,-19099.4355660102,22728.9922175265,-19099.3449497789,22726.5312943009,-19099.2543335476,0,1,1,1
20130529091650.daq,21,6,242.95,1,0,left,2.33233642578125,-92.3323364257813,12,0.0001,80.1779556274414,199.885157745801,4.79000473022461,0.368528515100479,-0.00352087989449501,-7.12107424278002,22731.1207657293,-19111.198334833,22728.6602147749,-19111.0981179475,22726.1996638205,-19110.9979010619,0,1,1,1
20130529091650.daq,21,6,243.05,1,0,left,2.53080749511719,-92.5308074951172,12,0.0001,80.1823577880859,211.644932677056,4.04293966293335,0.368344306945801,-0.00352087989449501,-6.73368531858387,22730.7333058158,-19122.9585488217,22728.2731167715,-19122.8498092709,22725.8129277273,-19122.7410697201,0,1,1,1
20130529091650.daq,21,6,243.15,1,0,left,2.70211791992188,-92.7021179199219,12,0.0001,80.1874389648438,223.40540408036,3.38376474380493,0.367518901824951,-0.00352087989449501,-6.29920971631423,22730.2987108343,-19134.716179035,22727.83885791,-19134.6000841858,22725.3790049857,-19134.4839893366,0,1,1,1
20130529091650.daq,21,6,243.25,1,0,left,2.83781433105469,-92.8378143310547,12,0.0001,80.1932067871094,235.166669959755,2.59275484085083,0.36811089515686,0.0249543376266956,-5.82208744952786,22729.8214244444,-19146.4730122081,22727.3618533717,-19146.3510918993,22724.902282299,-19146.2291715905,0,1,1,1
20130529091650.daq,21,6,243.35,1,0,left,2.93682861328125,-92.9368286132813,12,0.0001,80.1995849609375,246.928828412521,1.7577999830246,0.369206547737122,0.0154626751318574,-5.30631025589972,22729.3054256669,-19158.2270882735,22726.8460689603,-19158.100917702,22724.3867122537,-19157.9747471306,0,0,1,0
20130529091650.daq,21,6,243.45,1,0,left,3.00286865234375,-93.0028686523438,12,0.0001,80.2064743041992,258.691960284996,1.31834995746613,0.367922633886337,0.0154626751318574,-4.75706642234794,22728.7563444002,-19169.9784982318,22726.2971347535,-19169.8494930507,22723.8379251067,-19169.7204878695,0,0,1,0
20130529091650.daq,21,6,243.55,1,0,left,3.04354858398438,-93.0435485839844,12,0.0001,80.2138137817383,270.456137564921,0.92284494638443,0.370177656412125,-0.00352087989449501,-4.18207403238772,22728.1815158283,-19181.7293643641,22725.7223983949,-19181.5986131798,22723.2632809615,-19181.4678619955,0,0,1,0
20130529091650.daq,21,6,243.65,1,0,left,3.05780029296875,-93.0578002929688,12,0.0001,80.2214813232422,282.221414522835,0.395504981279373,0.36857733130455,0.0249543376266956,-3.5852811085147,22727.5849146612,-19193.4777142473,22725.1258298269,-19193.3463513881,22722.6667449925,-19193.2149885288,0,0,1,0
20130529091650.daq,21,6,243.75,1,0,left,3.04714965820313,-93.0471496582031,12,0.0001,80.2295303344727,293.987844963052,-0.395504981279373,0.36775079369545,0.0724128782749176,-2.97447089639667,22726.9742576711,-19205.2274878233,22724.5151484604,-19205.0965820823,22722.0560392496,-19204.9656763412,0,0,1,0
20130529091650.daq,21,6,243.85,1,0,left,3.00880432128906,-93.0088043212891,12,0.0001,80.2377471923828,305.755471406828,-0.966789960861206,0.368876188993454,0.0154626751318574,-2.35564431842988,22726.3555798502,-19216.9747184739,22723.8963835812,-19216.8454585267,22721.4371873122,-19216.7161985796,0,0,1,0
20130529091650.daq,21,6,243.95,1,0,left,2.95501708984375,-92.9550170898438,12,0.0001,80.2459564208984,317.524294693405,-1.01073491573334,0.369188517332077,-0.0319960974156857,-1.73396798085855,22725.7339677665,-19228.7235708268,22723.2746512365,-19228.5966195419,22720.8153347065,-19228.469668257,0,0,1,0
20130529091650.daq,21,6,244.05,1,0,left,2.89494323730469,-92.8949432373047,12,0.0001,80.2541809082031,329.294331327728,-1.01073491573334,0.368895173072815,-0.00352087989449501,-1.11481606458829,22725.11470351,-19240.4722852842,22722.6552552252,-19240.3479126288,22720.1958069403,-19240.2235399735,0,0,1,0
20130529091650.daq,21,6,244.15,1,0,left,2.83384704589844,-92.8338470458984,12,0.0001,80.2623672485352,341.06557301071,-0.878899931907654,0.368589550256729,-0.00352087989449501,-0.50034614468333,22724.4994084917,-19252.2229269221,22722.0398289828,-19252.1011769197,22719.580249474,-19251.9794269173,0,0,1,0
20130529091650.daq,21,6,244.25,1,0,left,2.7822265625,-92.7822265625,12,0.0001,80.2704086303711,352.838004449608,-0.527339935302734,0.368465304374695,0.043937660753727,0.116958211866248,22723.8913284478,-19263.9757218945,22721.4316402469,-19263.856187893,22718.9719520459,-19263.7366538914,0,0,1,0
20130529091650.daq,21,6,244.35,1,0,left,2.73582458496094,-92.7358245849609,12,0.0001,80.2783737182617,364.611608020481,-0.527339935302734,0.368365496397018,0.043937660753727,0.711305835085274,22723.2907316879,-19275.7305798379,22720.8309474869,-19275.6130378963,22718.3711632859,-19275.4954959548,0,0,1,0
20130529091650.daq,21,6,244.45,1,0,left,2.69255065917969,-92.6925506591797,12,0.0001,80.2863845825195,376.386382604353,-0.791009962558746,0.368321418762207,0.0344459973275661,1.29983965890733,22722.7016561796,-19287.4874562848,22720.2417839041,-19287.371772184,22717.7819116285,-19287.2560880831,0,0,1,0
20130529091650.daq,21,6,244.55,1,0,left,2.63200378417969,-92.6320037841797,12,0.0001,80.2944259643555,388.162336034085,-2.02146983146667,0.367524027824402,0.0724128782749176,1.87792115762806,22722.1234313519,-19299.2439556536,22719.6634382015,-19299.1308710679,22717.2034450511,-19299.0177864823,0,0,1,0
20130529091650.daq,21,6,244.65,1,0,left,2.51661682128906,-92.5166168212891,12,0.0001,80.3022079467773,399.939455627897,-4.08688449859619,0.368977695703506,0.16733019053936,2.44287558754591,22721.5584159491,-19311.0012076499,22719.0982000484,-19310.8930774272,22716.6379841476,-19310.7849472045,0,0,1,0
20130529091650.daq,21,6,244.75,1,0,left,2.34402465820313,-92.3440246582031,12,0.0001,80.3095550537109,411.717681800077,-5.09761953353882,0.368149161338806,0.0154626751318574,2.99255810287152,22721.0087042416,-19322.759139353,22718.5481737824,-19322.6584205217,22716.0876433233,-19322.5577016905,0,0,1,0
20130529091650.daq,21,6,244.85,1,0,left,2.12525939941406,-92.1252593994141,12,0.0001,80.3164520263672,423.496956363655,-5.66890478134155,0.368406891822815,0.0724128782749176,3.51793621687006,22720.483359134,-19334.5160110428,22718.0224620491,-19334.4246876564,22715.5615649642,-19334.3333642701,0,0,1,0
20130529091650.daq,21,6,244.95,1,0,left,1.87216186523438,-91.8721618652344,12,0.0001,80.322624206543,435.277191478664,-5.84468460083008,0.369304567575455,0.0724128782749176,4.01554784539844,22719.9855341831,-19346.2740098755,22717.5242576989,-19346.1935580754,22715.0629812148,-19346.1131062754,0,0,1,0
20130529091650.daq,21,6,245.05,1,0,left,1.59815979003906,-91.5981597900391,12,0.0001,80.3280792236328,447.058277391778,-5.84468460083008,0.369209408760071,-0.0319960974156857,4.47666580700057,22719.5241459217,-19358.0314612972,22717.0625128437,-19357.962780783,22714.6008797658,-19357.8941002688,0,0,1,0
20130529091650.daq,21,6,245.15,1,0,left,1.31369018554688,-91.3136901855469,12,0.0001,80.332878112793,458.84011563272,-5.75679492950439,0.368399113416672,-0.0130125414580107,4.89822472492985,22719.1024427798,-19369.7924947498,22716.6404990495,-19369.7360368708,22714.1785553191,-19369.6795789919,0,0,1,0
20130529091650.daq,21,7,329.366666666667,-1,0,left,-0.40606689453125,-89.5939331054688,12,0.0001,58.6413993835449,0,0.219724997878075,0.32936817407608,0.00597078166902065,-3.25056658762269,22727.2461471527,-26714.5596536096,22724.7836180006,-26714.577106349,22722.3210888484,-26714.5945590884,1,0,0,0
20130529091650.daq,21,7,329.466666666667,-1,0,left,-0.423095703125,-89.576904296875,12,0.0001,58.6824798583984,8.60377223698379,0.219724997878075,0.329029530286789,0.0344459973275661,-3.29869368001927,22727.2979775924,-26723.1627429862,22724.8354537361,-26723.1809276101,22722.3729298798,-26723.199112234,1,0,0,0
20130529091650.daq,21,7,329.566666666667,-1,0,left,-0.44012451171875,-89.5598754882813,12,0.0001,58.7233810424805,17.2135569888196,0.219724997878075,0.3293516933918,0.0534295551478863,-3.35386240950975,22727.3537141554,-26731.769738301,22724.8911958125,-26731.7886548077,22722.4286774695,-26731.8075713145,1,0,0,0
20130529091650.daq,21,7,329.666666666667,-1,0,left,-0.458526611328125,-89.5414733886719,12,0.0001,58.7641372680664,25.8293296845695,0.219724997878075,0.329009741544724,0.0154626751318574,-3.41150808319691,22727.4114883026,-26740.3825582402,22724.9489761622,-26740.4022656508,22722.4864640219,-26740.4219730614,1,0,0,0
20130529091650.daq,21,7,329.766666666667,-1,0,left,-0.475311279296875,-89.5246887207031,12,0.0001,58.8047904968262,34.4510716279256,0.219724997878075,0.329274743795395,0.0344459973275661,-3.47143286939081,22727.4711158159,-26749.0032309084,22725.0086095544,-26749.0236597054,22722.546103293,-26749.0440885025,1,0,0,0
20130529091650.daq,21,7,329.866666666667,-1,0,left,-0.493255615234375,-89.5067443847656,12,0.0001,58.8453369140625,43.0787690647558,0.219724997878075,0.328972667455673,0.0154626751318574,-3.53543189775102,22727.5347208664,-26757.6277803987,22725.0722211237,-26757.6489804215,22722.6097213811,-26757.6701804443,1,0,0,0
20130529091650.daq,21,7,329.966666666667,-1,0,left,-0.510818481445313,-89.4891815185547,12,0.0001,58.8857574462891,51.7124041379939,0.219724997878075,0.329685926437378,0.00597078166902065,-3.60056613190226,22727.6002554135,-26766.2601516311,22725.137762285,-26766.2821064825,22722.6752691565,-26766.304061334,1,0,0,0
20130529091650.daq,21,7,330.066666666667,-1,0,left,-0.529327392578125,-89.4706726074219,12,0.0001,58.9260406494141,60.3519571256184,0.219724997878075,0.329133033752441,0.0344459973275661,-3.66985797582564,22727.6697543162,-26774.8964049853,22725.2072684085,-26774.9191553229,22722.7447825008,-26774.9419056606,1,0,0,0
20130529091650.daq,21,7,330.166666666667,-1,0,left,-0.546554565429688,-89.4534454345703,12,0.0001,58.9661865234375,68.9974088184645,0.219724997878075,0.329882562160492,0.0249543376266956,-3.73920716955714,22727.7391741717,-26783.5405027373,22725.2766952157,-26783.5639934718,22722.8142162597,-26783.5874842062,1,0,0,0
20130529091650.daq,21,7,330.266666666667,-1,0,left,-0.564132690429688,-89.4358673095703,12,0.0001,59.0062065124512,77.6487386552617,0.219724997878075,0.329618752002716,0.00597078166902065,-3.81448270832444,22727.814474872,-26792.1884975795,22725.3520032387,-26792.2127437919,22722.8895316055,-26792.2369900043,1,0,0,0
20130529091650.daq,21,7,330.366666666667,-1,0,left,-0.58306884765625,-89.4169311523438,12,0.0001,59.0461196899414,86.3059302709262,0.17577999830246,0.329345107078552,-0.00352087989449501,-3.88986630232395,22727.8898590084,-26800.8442703519,22725.427395523,-26800.8693304057,22722.9649320375,-26800.8943904594,1,0,0,0
20130529091650.daq,21,7,330.466666666667,-1,0,left,-0.601516723632813,-89.3984832763672,12,0.0001,59.0859260559082,94.9689678132308,0.17577999830246,0.328527212142944,0.0629212111234665,-3.96913514198968,22727.9691191929,-26809.5039613096,22725.5066639038,-26809.5298142166,22723.0442086147,-26809.5556671236,1,0,0,0
20130529091650.daq,21,7,330.566666666667,-1,0,left,-0.620193481445313,-89.3798065185547,12,0.0001,59.1255798339844,103.637833378492,0.17577999830246,0.329535335302353,-0.00352087989449501,-4.05236357325077,22728.0522995588,-26818.1714586221,22725.5898528279,-26818.1981142165,22723.1274060969,-26818.224769811,1,0,0,0
20130529091650.daq,21,7,330.666666666667,-1,0,left,-0.639724731445313,-89.3602752685547,12,0.0001,59.1650543212891,112.312501743032,0.17577999830246,0.329703092575073,-0.00352087989449501,-4.13766168200019,22728.1374854592,-26826.842840215,22725.6750479578,-26826.870335218,22723.2126104564,-26826.8978302211,1,0,0,0
20130529091650.daq,21,7,330.766666666667,-1,0,left,-0.658187866210938,-89.3418121337891,12,0.0001,59.2044296264648,120.992951413096,0.17577999830246,0.329158574342728,-0.0225042030215263,-4.22500531949952,22728.2245586215,-26835.5220609144,22725.762130108,-26835.5503494181,22723.2997015946,-26835.5786379217,1,0,0,0
20130529091650.daq,21,7,330.866666666667,-1,0,left,-0.676620483398438,-89.3233795166016,12,0.0001,59.2436828613281,129.679167935185,0.17577999830246,0.330120980739594,-0.00352087989449501,-4.31596215781924,22728.3155360066,-26844.2051882705,22725.8531167212,-26844.2342689601,22723.3906974358,-26844.2633496498,1,0,0,0
20130529091650.daq,21,7,330.966666666667,-1,0,left,-0.695602416992188,-89.3043975830078,12,0.0001,59.2827644348145,138.371128043833,0.17577999830246,0.329080790281296,0.0249543376266956,-4.40858684370028,22728.4085001436,-26852.8941607212,22725.9460906277,-26852.9240572019,22723.4836811118,-26852.9539536827,1,0,0,0
20130529091650.daq,21,7,331.066666666667,-1,0,left,-0.71514892578125,-89.2848510742188,12,0.0001,59.3217544555664,147.068813135997,0.17577999830246,0.328996777534485,0.0249543376266956,-4.50541899461029,22728.5054050817,-26861.5889778462,22726.0430059083,-26861.6197143785,22723.5806067349,-26861.6504509108,1,0,0,0
20130529091650.daq,21,7,331.166666666667,-1,0,left,-0.7335205078125,-89.2664794921875,12,0.0001,59.3606147766113,155.772208571678,0.17577999830246,0.329495549201965,0.0344459973275661,-4.60648343744252,22728.6061438755,-26870.2896837491,22726.1437546842,-26870.3212098348,22723.6813654929,-26870.3527359205,1,0,0,0
20130529091650.daq,21,7,331.266666666667,-1,0,left,-0.75225830078125,-89.2477416992188,12,0.0001,59.3993072509766,164.481290106301,0.17577999830246,0.328866392374039,0.0629212111234665,-4.70709894558895,22728.7069050287,-26878.9962393655,22726.2445262793,-26879.0285707399,22723.7821475299,-26879.0609021143,1,0,0,0
20130529091650.daq,21,7,331.366666666667,-1,0,left,-0.771408081054688,-89.2285919189453,12,0.0001,59.4379081726074,173.196040022674,0.17577999830246,0.329286456108093,0.0154626751318574,-4.81357023345921,22728.8135507203,-26887.70864351,22726.3511829144,-26887.7417978754,22723.8888151085,-26887.7749522407,1,0,0,0
20130529091650.daq,21,7,331.466666666667,-1,0,left,-0.791854858398438,-89.2081451416016,12,0.0001,59.4764060974121,181.916444007173,0.131834998726845,0.329647839069366,0.0249543376266956,-4.92277446881522,22728.9222290704,-26896.4268736465,22726.4598732529,-26896.4609067391,22723.9975174354,-26896.4949398317,1,0,0,0
20130529091650.daq,21,7,331.566666666667,-1,0,left,-0.812057495117188,-89.1879425048828,12,0.0001,59.5148010253906,190.642486767068,0.131834998726845,0.329532951116562,-0.00352087989449501,-5.03285037743047,22729.0328453606,-26905.1490157999,22726.5705016963,-26905.1839171232,22724.108158032,-26905.2188184466,1,0,0,0
20130529091650.daq,21,7,331.666666666667,-1,0,left,-0.832901000976563,-89.1670989990234,12,0.0001,59.5530891418457,199.374153056251,0.131834998726845,0.329688608646393,0.0154626751318574,-5.1478412914024,22729.147407087,-26913.8789536864,22726.6850762823,-26913.914750778,22724.2227454776,-26913.9505478696,1,0,0,0
20130529091650.daq,21,7,331.766666666667,-1,0,left,-0.852859497070313,-89.1471405029297,12,0.0001,59.5912857055664,208.111428048232,0.131834998726845,0.329439342021942,0.0344459973275661,-5.26582242493347,22729.2658205136,-26922.6128199267,22726.8035023279,-26922.649474748,22724.3411841422,-26922.6861295694,1,0,0,0
20130529091650.daq,21,7,331.866666666667,-1,0,left,-0.872695922851563,-89.1273040771484,12,0.0001,59.6293830871582,216.854298035501,0.131834998726845,0.328977644443512,0.0154626751318574,-5.38663386357745,22729.3861793915,-26931.3525482306,22726.9238740437,-26931.3900555312,22724.4615686959,-26931.4275628318,1,0,0,0
20130529091650.daq,21,7,331.966666666667,-1,0,left,-0.892379760742188,-89.1076202392578,12,0.0001,59.6673622131348,225.60274758545,0.131834998726845,0.329436361789703,0.0154626751318574,-5.51047000446475,22729.510434975,-26940.0981393854,22727.048142658,-26940.1364926033,22724.5858503411,-26940.1748458213,1,0,0,0
20130529091650.daq,21,7,332.066666666667,-1,0,left,-0.913009643554688,-89.0869903564453,12,0.0001,59.705207824707,234.356641674447,0.131834998726845,0.329416811466217,-0.0130125414580107,-5.63680496925614,22729.6367015911,-26948.8495653139,22727.1744232431,-26948.8888051008,22724.7121448952,-26948.9280448876,1,0,0,0
20130529091650.daq,21,7,332.166666666667,-1,0,left,-0.932327270507813,-89.0676727294922,12,0.0001,59.7429466247559,243.116193887876,0.131834998726845,0.329214304685593,0.0724128782749176,-5.76716290574935,22729.7667937162,-26957.6049306136,22727.3045287382,-26957.6450005706,22724.8422637601,-26957.6850705277,0,1,0,1
20130529091650.daq,21,7,332.266666666667,-1,0,left,-0.952133178710938,-89.0478668212891,12,0.0001,59.7805557250977,251.881272652292,0.131834998726845,0.329833954572678,0.0154626751318574,-5.90086752830888,22729.900821893,-26966.3680955098,22727.4385709134,-26966.409016616,22724.9763199338,-26966.4499377222,0,1,0,1
20130529091650.daq,21,7,332.366666666667,-1,0,left,-0.972198486328125,-89.0278015136719,12,0.0001,59.8180236816406,260.651856100947,0.131834998726845,0.329506099224091,-0.0319960974156857,-6.03683742823837,22730.0368189378,-26975.1351595875,22727.57458244,-26975.1769429855,22725.1123459422,-26975.2187263835,0,1,0,1
20130529091650.daq,21,7,332.466666666667,-1,0,left,-0.99285888671875,-89.0071411132813,12,0.0001,59.8554153442383,269.427929080983,0.131834998726845,0.329083025455475,0.00597078166902065,-6.1769392583478,22730.1767585657,-26983.9080673441,22727.7145372947,-26983.9507386022,22725.2523160238,-26983.9934098602,0,1,0,1
20130529091650.daq,21,7,332.566666666667,1,0,left,-1.01324462890625,-88.9867553710938,12,0.0001,59.8926849365234,278.209478164641,0.131834998726845,0.329626828432083,0.0344459973275661,-6.32099482244444,22730.3205874028,-26992.6848879451,22727.8583814701,-26992.7284352546,22725.3961755373,-26992.7719825642,0,1,0,1
20130529091650.daq,21,7,332.666666666667,1,0,left,-1.03407287597656,-88.9659271240234,12,0.0001,59.929817199707,286.996483117022,0.17577999830246,0.32977706193924,-0.00352087989449501,-6.46658235877891,22730.4663963213,-27001.4695092308,22728.0042063816,-27001.5139516022,22725.5420164419,-27001.5583939736,0,1,0,1
20130529091650.daq,21,7,332.766666666667,1,0,left,-1.04026794433594,-88.9597320556641,12,0.0001,59.9668388366699,295.788925894565,1.36229491233826,0.329371362924576,-0.00352087989449501,-6.61333155978129,22730.6132606832,-27010.2584125235,22728.1510755632,-27010.3031211173,22725.6888904432,-27010.3478297112,0,1,0,1
20130529091650.daq,21,7,332.866666666667,1,0,left,-0.99066162109375,-89.0093383789063,12,0.0001,60.0038223266602,304.586794235114,4.26266479492188,0.329222559928894,0.00597078166902065,-6.76258929490094,22730.7625612473,-27019.0546080799,22728.3003383417,-27019.0971849129,22725.8381154361,-27019.1397617459,0,1,0,1
20130529091650.daq,21,7,332.966666666667,1,0,left,-0.8804931640625,-89.1195068359375,12,0.0001,60.0406494140625,313.39007783472,5.66890478134155,0.329649865627289,0.0249543376266956,-6.90621212676342,22730.9061894606,-27027.8601616902,22728.4438892399,-27027.8980040796,22725.9815890192,-27027.9358464689,0,1,0,1
20130529091650.daq,21,7,333.066666666667,1,0,left,-0.72821044921875,-89.2717895507813,12,0.0001,60.0772438049316,322.198745082191,5.80073976516724,0.328984320163727,-0.0225042030215263,-7.04140132185644,22731.0413643225,-27036.6726309693,22728.5789722201,-27036.7039288455,22726.1165801176,-27036.7352267218,0,1,0,1
20130529091650.daq,21,7,333.166666666667,1,0,left,-0.545196533203125,-89.4548034667969,12,0.0001,60.1136054992676,331.012765112311,6.32807970046997,0.328551769256592,-0.0130125414580107,-7.16104901130589,22731.1609655779,-27045.4917087969,22728.6984860658,-27045.5151411653,22726.2360065537,-27045.5385735337,0,1,0,1
20130529091650.daq,21,7,333.266666666667,1,0,left,-0.345077514648438,-89.6549224853516,12,0.0001,60.1494178771973,339.832080810465,6.45991468429565,0.32938015460968,0.0154626751318574,-7.26210985035439,22731.2619196483,-27054.3170370522,22728.7993733134,-27054.3318685049,22726.3368269786,-27054.3466999576,0,1,0,1
20130529091650.daq,21,7,333.366666666667,1,0,left,-0.150070190429688,-89.8499298095703,12,0.0001,60.1847801208496,348.656612169543,5.53706979751587,0.329033374786377,0.0154626751318574,-7.33814465734658,22731.3377811882,-27063.1480551148,22728.8751986372,-27063.1545051724,22726.4126160863,-27063.16095523,0,1,0,1
20130529091650.daq,21,7,333.466666666667,1,0,left,0.02569580078125,-90.0256958007813,12,0.0001,60.2199249267578,357.486312611993,4.70211458206177,0.329192012548447,0.043937660753727,-7.38760288924564,22731.387471808,-27071.9844192767,22728.9248810577,-27071.9833148629,22726.4622903073,-27071.9822104492,0,1,0,1
20130529091650.daq,21,7,333.566666666667,1,0,left,0.17193603515625,-90.1719360351563,12,0.0001,60.2549438476563,366.321156494512,3.8232147693634,0.3291135430336,0.0534295551478863,-7.4096857068406,22731.409679127,-27080.8258895609,22728.9470992169,-27080.818499706,22726.4845193069,-27080.8111098511,0,1,0,1
20130529091650.daq,21,7,333.666666666667,1,0,left,0.28692626953125,-90.2869262695313,12,0.0001,60.2900619506836,375.161141812256,2.90036988258362,0.328860640525818,-0.0225042030215263,-7.40847235851131,22731.408421748,-27089.6704849434,22728.9458616285,-27089.6581528117,22726.483301509,-27089.6458206801,0,1,1,1
20130529091650.daq,21,7,333.766666666667,1,0,left,0.374786376953125,-90.3747863769531,12,0.0001,60.3252983093262,384.006287168279,2.63669991493225,0.329619288444519,0.00597078166902065,-7.38571411046518,22731.3854021775,-27098.5183166833,22728.922863864,-27098.5022083593,22726.4603255505,-27098.4861000354,0,1,1,1
20130529091650.daq,21,7,333.866666666667,1,0,left,0.442962646484375,-90.4429626464844,12,0.0001,60.3605766296387,392.856604498371,2.2411949634552,0.329171717166901,-0.0130125414580107,-7.34221072426355,22731.342115067,-27107.3695720356,22728.8795976641,-27107.3505335485,22726.4170802612,-27107.3314950614,0,1,1,1
20130529091650.daq,21,7,333.966666666667,1,0,left,0.494476318359375,-90.4944763183594,12,0.0001,60.3959350585938,401.712102101639,1.71385490894318,0.328547537326813,0.0249543376266956,-7.28424388357234,22731.2842341736,-27116.2262811436,22728.8217348832,-27116.2050286566,22726.3592355928,-27116.1837761695,0,1,1,1
20130529091650.daq,21,7,334.066666666667,1,0,left,0.5328369140625,-90.5328369140625,12,0.0001,60.4312705993652,410.572784966862,1.66990995407104,0.328021883964539,-0.0225042030215263,-7.21574063514397,22731.2154491812,-27125.0865779335,22728.7529646716,-27125.063676762,22726.2904801621,-27125.0407755905,0,1,1,1
20130529091650.daq,21,7,334.166666666667,1,0,left,0.5638427734375,-90.5638427734375,12,0.0001,60.4664726257324,419.438641577879,1.45018494129181,0.328549593687057,-0.0414877571165562,-7.13544763149141,22731.1354010557,-27133.9525562031,22728.6729292998,-27133.9283224508,22726.2104575439,-27133.9040886985,0,1,1,1
20130529091650.daq,21,7,334.266666666667,1,0,left,0.588180541992188,-90.5881805419922,12,0.0001,60.5015754699707,428.30965295864,1.2744048833847,0.330095440149307,-0.00352087989449501,-7.05001230622738,22731.0499068589,-27142.8242331372,22728.587445619,-27142.7989533927,22726.1249843791,-27142.7736736482,0,1,1,1
20130529091650.daq,21,7,334.366666666667,1,0,left,0.606155395507813,-90.6061553955078,12,0.0001,60.5366516113281,437.185809924176,1.09862494468689,0.329302757978439,-0.00352087989449501,-6.95907839598914,22730.958947859,-27151.6996634407,22728.496494671,-27151.6736111732,22726.0340414831,-27151.6475589057,0,1,1,1
20130529091650.daq,21,7,334.466666666667,1,0,left,0.6202392578125,-90.6202392578125,12,0.0001,60.5716896057129,446.067109257427,1.09862494468689,0.328872442245483,-0.0130125414580107,-6.86243328160889,22730.8623708063,-27160.5789066026,22728.3999240967,-27160.5522490408,22725.9374773871,-27160.525591479,0,1,1,1
20130529091650.daq,21,7,334.566666666667,1,0,left,0.631973266601563,-90.6319732666016,12,0.0001,60.6066513061523,454.953542193049,0.966789960861206,0.328650295734406,-0.0699629709124565,-6.76411854804182,22730.7639863779,-27169.4639527626,22728.3015451793,-27169.4367908994,22725.8391039807,-27169.4096290363,0,1,1,1
20130529091650.daq,21,7,334.666666666667,1,0,left,0.639602661132813,-90.6396026611328,12,0.0001,60.6415100097656,463.845095163397,0.92284494638443,0.328656733036041,-0.0414877571165562,-6.66207769846077,22730.6619503891,-27178.354760085,22728.1995128291,-27178.3272703283,22725.7370752691,-27178.2997805715,0,1,1,1
20130529091650.daq,21,7,334.766666666667,1,0,left,0.647430419921875,-90.6474304199219,12,0.0001,60.6762886047363,472.741754554208,0.92284494638443,0.328538417816162,-0.0319960974156857,-6.55798163832136,22730.5579489393,-27187.2494783323,22728.0955151579,-27187.2216521572,22725.6330813766,-27187.1938259821,0,1,1,1
20130529091650.daq,21,7,334.866666666667,1,0,left,0.654129028320313,-90.6541290283203,12,0.0001,60.7110023498535,481.643510108166,0.92284494638443,0.329320102930069,0.00597078166902065,-6.45442479591972,22730.4540175492,-27196.1500289277,22727.9915870379,-27196.1219148628,22725.5291565267,-27196.0938007979,0,1,1,1
20130529091650.daq,21,7,334.966666666667,1,0,left,0.659912109375,-90.659912109375,12,0.0001,60.7455978393555,490.550349236739,0.92284494638443,0.329313009977341,0.0249543376266956,-6.34822238414529,22730.3481898435,-27205.0544638701,22727.8857621824,-27205.0261012628,22725.4233345213,-27204.9977386556,0,1,1,1
20130529091650.daq,21,7,335.066666666667,1,0,left,0.664382934570313,-90.6643829345703,12,0.0001,60.7801132202148,499.46222046683,0.878899991512299,0.329221934080124,0.0154626751318574,-6.24054471885059,22730.2404904549,-27213.9647268334,22727.7780650145,-27213.9361720815,22725.3156395741,-27213.9076173296,0,1,1,1
20130529091650.daq,21,7,335.166666666667,1,0,left,0.670150756835938,-90.6701507568359,12,0.0001,60.8145790100098,508.379185622107,0.878899991512299,0.329389274120331,-0.00352087989449501,-6.13111790540553,22730.1307574216,-27222.8808800975,22727.6683348682,-27222.8520774595,22725.2059123148,-27222.8232748216,0,1,1,1
20130529091650.daq,21,7,335.266666666667,1,0,left,0.674331665039063,-90.6743316650391,12,0.0001,60.8489608764648,517.30119989673,0.791009962558746,0.329228132963181,-0.0225042030215263,-6.02130013268505,22730.0211228862,-27231.8009017201,22727.5587024411,-27231.7719193977,22725.096281996,-27231.7429370754,0,1,1,1
20130529091650.daq,21,7,335.366666666667,1,0,left,0.67559814453125,-90.6755981445313,12,0.0001,60.8832206726074,526.228248277705,0.74706494808197,0.329484671354294,-0.0130125414580107,-5.91168455605511,22729.9116692664,-27240.7247600568,22727.4492494625,-27240.6957233046,22724.9868296587,-27240.6666865523,0,1,1,1
20130529091650.daq,21,7,335.466666666667,1,0,left,0.677001953125,-90.677001953125,12,0.0001,60.9173736572266,535.160313141103,0.74706494808197,0.329461753368378,-0.00352087989449501,-5.80026538443798,22729.8002539958,-27249.6564341676,22727.3378349041,-27249.6273370833,22724.8754158124,-27249.5982399991,0,1,1,1
20130529091650.daq,21,7,335.566666666667,1,0,left,0.677276611328125,-90.6772766113281,12,0.0001,60.9514465332031,544.097381478769,0.703119993209839,0.329637557268143,-0.0319960974156857,-5.68901347511696,22729.6889088204,-27258.5900344689,22727.2264898682,-27258.5609255806,22724.7640709161,-27258.5318166923,0,0,1,0
20130529091650.daq,21,7,335.666666666667,1,0,left,0.6751708984375,-90.6751708984375,12,0.0001,60.9854049682617,553.039438231091,0.659174978733063,0.329770058393478,-0.0319960974156857,-5.57793341173898,22729.5777114138,-27267.5313904901,22727.1152913935,-27267.5023720997,22724.6528713732,-27267.4733537094,0,0,1,0
20130529091650.daq,21,7,335.766666666667,1,0,left,0.6722412109375,-90.6722412109375,12,0.0001,61.0192832946777,561.98646936419,0.527339994907379,0.329616814851761,-0.0699629709124565,-5.46692919115782,22729.4665651548,-27276.4746799736,22727.004143654,-27276.4457874935,22724.5417221531,-27276.4168950133,0,0,1,0
20130529091650.daq,21,7,335.866666666667,1,0,left,0.664627075195313,-90.6646270751953,12,0.0001,61.0530319213867,570.938461217178,0.439449995756149,0.329527467489243,-0.0319960974156857,-5.35615043378554,22729.3557096753,-27285.4256701601,22726.8932843566,-27285.3971049157,22724.4308590379,-27285.3685396712,0,0,1,0
20130529091650.daq,21,7,335.966666666667,1,0,left,0.654388427734375,-90.6543884277344,12,0.0001,61.0866394042969,579.89539201657,0.307614982128143,0.329448759555817,-0.0130125414580107,-5.24549074878761,22729.2450170736,-27294.3805038714,22726.7825866896,-27294.3523786582,22724.3201563057,-27294.324253445,0,0,1,0
20130529091650.daq,21,7,336.066666666667,1,0,left,0.640411376953125,-90.6404113769531,12,0.0001,61.120174407959,588.857176999591,0.26366999745369,0.329417824745178,-0.0130125414580107,-5.13501275238167,22729.1345564478,-27303.3391544075,22726.6721192761,-27303.311629894,22724.2096821044,-27303.2841053806,0,0,1,0
20130529091650.daq,21,7,336.166666666667,1,0,left,0.624496459960938,-90.6244964599609,12,0.0001,61.1536254882813,597.82394396314,0.219724997878075,0.329587072134018,-0.0319960974156857,-5.02848747564147,22729.0281222484,-27312.3036177754,22726.5656775263,-27312.2767772485,22724.1032328041,-27312.2499367216,0,0,1,0
20130529091650.daq,21,7,336.266666666667,1,0,left,0.607925415039063,-90.6079254150391,12,0.0001,61.186939239502,606.79560739845,0.219724997878075,0.329149514436722,0.0724128782749176,-4.92197122285474,22728.9217286558,-27321.2719714196,22726.4592762739,-27321.2458430804,22723.9968238919,-27321.2197147411,0,0,1,0
20130529091650.daq,21,7,336.366666666667,1,0,left,0.589797973632813,-90.5897979736328,12,0.0001,61.220142364502,615.772148422737,0.219724997878075,0.328543990850449,0.0249543376266956,-4.81748633516729,22728.8173846359,-27330.2461468715,22726.3549241106,-27330.220797613,22723.8924635853,-27330.1954483544,0,0,1,0
20130529091650.daq,21,7,336.466666666667,1,0,left,0.57342529296875,-90.5734252929688,12,0.0001,61.253246307373,624.753552349379,0.219724997878075,0.329063415527344,0.0249543376266956,-4.71489491727356,22728.7148847475,-27339.2242702719,22726.252417079,-27339.1996246802,22723.7899494106,-27339.1749790884,0,0,1,0
20130529091650.daq,21,7,336.566666666667,1,0,left,0.55438232421875,-90.5543823242188,12,0.0001,61.286247253418,633.739803652523,0.17577999830246,0.329639077186584,0.0344459973275661,-4.6164898442057,22728.6164566288,-27348.2081887127,22726.1539809051,-27348.1843615542,22723.6915051813,-27348.1605343957,0,0,1,0
20130529091650.daq,21,7,336.666666666667,1,0,left,0.536697387695313,-90.5366973876953,12,0.0001,61.3191871643066,642.730889417264,0.17577999830246,0.329270899295807,-0.00352087989449501,-4.52018170044193,22728.5198972589,-27357.197998736,22726.0574142979,-27357.1749316473,22723.594931337,-27357.1518645586,0,0,1,0
20130529091650.daq,21,7,336.766666666667,1,0,left,0.51849365234375,-90.5184936523438,12,0.0001,61.3520431518555,651.72680106476,0.17577999830246,0.329660892486572,-0.0130125414580107,-4.42773055889801,22728.4272761798,-27366.1897490821,22725.9647860144,-27366.1674643626,22723.502295849,-27366.1451796431,0,0,1,0
20130529091650.daq,21,7,336.866666666667,1,0,left,0.499618530273438,-90.4996185302734,12,0.0001,61.3847808837891,660.727522882658,0.17577999830246,0.329158842563629,-0.0225042030215263,-4.33474505806633,22728.3346965906,-27375.1892954264,22725.8721992175,-27375.1678219337,22723.4097018444,-27375.146348441,0,0,1,0
20130529091650.daq,21,7,336.966666666667,1,0,left,0.480758666992188,-90.4807586669922,12,0.0001,61.4174346923828,669.733040464092,0.17577999830246,0.32937616109848,-0.00352087989449501,-4.24804528450586,22728.2479752809,-27384.1907948774,22725.7854709729,-27384.170131958,22723.3229666648,-27384.1494690386,0,0,1,0
20130529091650.daq,21,7,337.066666666667,1,0,left,0.46246337890625,-90.4624633789063,12,0.0001,61.4499626159668,678.743305180029,0.17577999830246,0.329423367977142,-0.0319960974156857,-4.1637975813919,22728.1631719497,-27393.2001200414,22725.7006611693,-27393.1802434328,22723.2381503888,-27393.1603668241,0,0,1,0
20130529091650.daq,21,7,337.166666666667,1,0,left,0.44390869140625,-90.4439086914063,12,0.0001,61.4823799133301,687.758364866891,0.17577999830246,0.329656273126602,-0.0225042030215263,-4.08037529150467,22728.0803376806,-27402.2113917156,22725.6178205924,-27402.1923125684,22723.1553035042,-27402.1732334212,0,0,1,0
20130529091650.daq,21,7,337.266666666667,1,0,left,0.424697875976563,-90.4246978759766,12,0.0001,61.5147285461426,696.778173972842,0.17577999830246,0.329375237226486,-0.00352087989449501,-4.0016810187708,22728.0014501787,-27411.2285065629,22725.5389268319,-27411.210253079,22723.076403485,-27411.1919995951,0,0,1,0
20130529091650.daq,21,7,337.366666666667,1,0,left,0.405563354492188,-90.4055633544922,12,0.0001,61.5470008850098,705.802722520311,0.17577999830246,0.329316198825836,0.0154626751318574,-3.92471407643158,22727.9245109189,-27420.2514822282,22725.4619816134,-27420.2340511306,22722.999452308,-27420.216620033,0,0,1,0
20130529091650.daq,21,7,337.466666666667,1,0,left,0.386672973632813,-90.3866729736328,12,0.0001,61.5791702270508,714.831997128153,0.17577999830246,0.329170495271683,-0.00352087989449501,-3.85158213782786,22727.8514626287,-27429.2783696478,22725.38892771,-27429.2617504454,22722.9263927914,-27429.245131243,0,0,1,0
20130529091650.daq,21,7,337.566666666667,1,0,left,0.3682861328125,-90.3682861328125,12,0.0001,61.6112251281738,723.86598105829,0.17577999830246,0.329000055789948,0.0154626751318574,-3.78060090193742,22727.7803361192,-27438.3091751106,22725.3177959941,-27438.2933461634,22722.855255869,-27438.2775172162,0,0,1,0
20130529091650.daq,21,7,337.666666666667,1,0,left,0.348876953125,-90.348876953125,12,0.0001,61.6431694030762,732.904658318628,0.17577999830246,0.329271256923676,0.0344459973275661,-3.71334666420409,22727.7131790417,-27447.3458148349,22725.2506336957,-27447.3308200841,22722.7880883498,-27447.3158253333,0,0,1,0
20130529091650.daq,21,7,337.766666666667,1,0,left,0.3289794921875,-90.3289794921875,12,0.0001,61.6750297546387,741.94801450229,0,0.329418659210205,0.0249543376266956,-3.64812913399647,22727.6480051704,-27456.3863485713,22725.1854547656,-27456.3722090048,22722.7229043608,-27456.3580694383,0,0,1,0
20130529091650.daq,21,7,337.866666666667,1,0,left,0.298431396484375,-90.2984313964844,12,0.0001,61.7067718505859,750.99603566865,-0.439449965953827,0.329574108123779,0.00597078166902065,-3.58788939736192,22727.587396886,-27465.4324829065,22725.1248392925,-27465.4196562873,22722.6622816991,-27465.406829668,0,0,1,0
20130529091650.daq,21,7,337.966666666667,1,0,left,0.260177612304688,-90.2601776123047,12,0.0001,61.7384033203125,760.048703541022,-0.659174978733063,0.329420566558838,-0.00352087989449501,-3.5292199964933,22727.5292183504,-27474.4823352385,22725.066652742,-27474.4711527596,22722.6040871336,-27474.4599702807,0,0,1,0
20130529091650.daq,21,7,338.066666666667,1,0,left,0.213623046875,-90.213623046875,12,0.0001,61.7699546813965,769.105972614208,-0.703119933605194,0.329109311103821,0.00597078166902065,-3.47775644460569,22727.4774122639,-27483.5358901195,22725.0148383824,-27483.5267085536,22722.5522645008,-27483.5175269877,0,0,1,0
20130529091650.daq,21,7,338.166666666667,1,0,left,0.1658935546875,-90.1658935546875,12,0.0001,61.8013801574707,778.167892589587,-0.703119933605194,0.329331964254379,-0.00352087989449501,-3.43195970451024,22727.4315373161,-27492.5952733606,22724.9689566404,-27492.5881432123,22722.5063759647,-27492.5810130641,0,0,1,0
20130529091650.daq,21,7,338.266666666667,1,0,left,0.116943359375,-90.116943359375,12,0.0001,61.8326835632324,787.234412320431,-0.703119933605194,0.329616665840149,-0.00352087989449501,-3.39160889609665,22727.3915962642,-27501.6565774115,22724.9290103956,-27501.6515511518,22722.466424527,-27501.6465248922,0,0,1,0
20130529091650.daq,21,7,338.366666666667,1,0,left,0.0667266845703125,-90.0667266845703,12,0.0001,61.8638877868652,796.305516141012,-0.703119933605194,0.329549491405487,-0.0225042030215263,-3.35770489214621,22727.3575918594,-27510.7256603323,22724.8950025314,-27510.7227923986,22722.4324132034,-27510.7199244649,0,0,1,0
20130529091650.daq,21,7,338.466666666667,1,0,left,0.0181732177734375,-90.0181732177734,12,0.0001,61.8950271606445,805.381191602668,-0.703119933605194,0.329705238342285,0.0154626751318574,-3.33187984266921,22727.3312960902,-27519.7967345153,22724.8687052161,-27519.7959534246,22722.406114342,-27519.7951723339,0,0,1,0
20130529091650.daq,21,7,338.566666666667,1,0,left,-0.0305023193359375,-89.9694976806641,12,0.0001,61.9261131286621,814.46142961369,-0.703119933605194,0.329109787940979,0.0154626751318574,-3.31332611909041,22727.3128193517,-27528.8736625255,22724.8502287027,-27528.8749735249,22722.3876380537,-27528.8762845243,0,0,1,0
20130529091650.daq,21,7,338.666666666667,1,0,left,-0.079833984375,-89.920166015625,12,0.0001,61.9570999145508,823.546221315479,-0.703119933605194,0.329524159431458,-0.0225042030215263,-3.30319732662752,22727.3021946164,-27537.9544780442,22724.8396060089,-27537.9579093334,22722.3770174014,-27537.9613406225,0,0,1,0
20130529091650.daq,21,7,338.766666666667,1,0,left,-0.129440307617188,-89.8705596923828,12,0.0001,61.9879264831543,832.635545820405,-0.703119933605194,0.329943537712097,-0.0130125414580107,-3.3008549895562,22727.3013514146,-27547.0411435241,22724.8387667009,-27547.0467069053,22722.3761819871,-27547.0522702866,0,0,1,0
20130529091650.daq,21,7,338.866666666667,1,0,left,-0.17974853515625,-89.8202514648438,12,0.0001,62.018669128418,841.729384105798,-0.703119933605194,0.329989075660706,-0.0225042030215263,-3.30641027618071,22727.3064098438,-27556.1316952107,22724.8438309643,-27556.1394208478,22722.3812520847,-27556.1471464849,0,0,1,0
20130529091650.daq,21,7,338.966666666667,1,0,left,-0.228164672851563,-89.7718353271484,12,0.0001,62.0493316650391,850.827725960964,-0.703119933605194,0.329589575529099,-0.0130125414580107,-3.31918871802349,22727.3191629492,-27565.2261974046,22724.8565914772,-27565.2360039696,22722.3940200052,-27565.2458105346,0,0,1,0
20130529091650.daq,21,7,339.066666666667,1,0,left,-0.276870727539063,-89.7231292724609,12,0.0001,62.0799026489258,859.930527046301,-0.57128494977951,0.329922318458557,-0.0319960974156857,-3.33979731083736,22727.3397454187,-27574.3265492355,22724.8771831728,-27574.338449182,22722.414620927,-27574.3503491284,0,0,1,0
20130529091650.daq,21,7,339.166666666667,1,0,left,-0.314102172851563,-89.6858978271484,12,0.0001,62.1103630065918,869.03783477861,0.0878899991512299,0.330376327037811,-0.0414877571165562,-3.36750324245712,22727.3674319031,-27583.4291376897,22724.9048779098,-27583.4426378343,22722.4423239166,-27583.4561379789,0,0,1,0
20130529091650.daq,21,7,339.266666666667,1,0,left,-0.333175659179688,-89.6668243408203,12,0.0001,62.1408004760742,878.149607335992,0.791009962558746,0.330029129981995,-0.0414877571165562,-3.40186351272813,22727.401810952,-27592.5380371268,22724.9392615894,-27592.5523570429,22722.4767122267,-27592.5666769589,0,0,1,0
20130529091650.daq,21,7,339.366666666667,1,0,left,-0.332443237304688,-89.6675567626953,12,0.0001,62.1712455749512,887.265844438709,1.23045992851257,0.329235553741455,-0.0319960974156857,-3.44084154742182,22727.4408282995,-27601.6532897706,22724.978278754,-27601.6675782075,22722.5157292085,-27601.6818666444,0,0,1,0
20130529091650.daq,21,7,339.466666666667,1,0,left,-0.319961547851563,-89.6800384521484,12,0.0001,62.2016677856445,896.386546552996,1.23045992851257,0.329074651002884,-0.0319960974156857,-3.48302985089481,22727.4830275387,-27610.7727416384,22725.020474939,-27610.786493617,22722.5579223393,-27610.8002455956,0,0,1,0
20130529091650.daq,21,7,339.566666666667,1,0,left,-0.303009033203125,-89.6969909667969,12,0.0001,62.2319793701172,905.511703188411,1.23045992851257,0.328687727451324,0.00597078166902065,-3.52698275578222,22727.5269041629,-27619.898164097,22725.064347602,-27619.9111874618,22722.6017910412,-27619.9242108267,0,0,1,0
20130529091650.daq,21,7,339.666666666667,1,0,left,-0.286117553710938,-89.7138824462891,12,0.0001,62.2621536254883,914.641295741909,1.14256989955902,0.328924357891083,0.0154626751318574,-3.56911535900621,22727.568831301,-27629.025537852,22725.1062710078,-27629.0378352252,22722.6437107145,-27629.0501325984,0,0,1,0
20130529091650.daq,21,7,339.766666666667,1,0,left,-0.27105712890625,-89.7289428710938,12,0.0001,62.2921409606934,923.775300388526,1.09862494468689,0.329586833715439,0.0629212111234665,-3.61159551484845,22727.6108712465,-27638.1587251263,22725.1483078059,-27638.1703752053,22722.6857443653,-27638.1820252842,0,0,1,0
20130529091650.daq,21,7,339.866666666667,1,0,left,-0.257095336914063,-89.7429046630859,12,0.0001,62.3220024108887,932.913693349939,1.14256989955902,0.329951882362366,-0.0130125414580107,-3.65128872029758,22727.6510257337,-27647.2977442184,22725.1884595274,-27647.3087942214,22722.725893321,-27647.3198442244,0,0,1,0
20130529091650.daq,21,7,339.966666666667,1,0,left,-0.243377685546875,-89.7566223144531,12,0.0001,62.3518028259277,942.056460872005,1.14256989955902,0.329615354537964,-0.0130125414580107,-3.68925244087999,22727.6892420718,-27656.4387101595,22725.2266732904,-27656.4491705791,22722.764104509,-27656.4596309987,0,0,1,0
20130529091650.daq,21,7,340.066666666667,1,0,left,-0.228424072265625,-89.7715759277344,12,0.0001,62.3815765380859,951.203596380721,1.14256989955902,0.329150021076202,0.00597078166902065,-3.72556826713546,22727.7254289525,-27665.5855659636,22725.2628575249,-27665.5953836775,22722.8002860974,-27665.6052013915,0,0,1,0
20130529091650.daq,21,7,340.166666666667,1,0,left,-0.214080810546875,-89.7859191894531,12,0.0001,62.4112701416016,960.355093814938,1.14256989955902,0.329358696937561,-0.0130125414580107,-3.7584407332938,22727.757747145,-27674.7363126311,22725.2951733369,-27674.7455138717,22722.8325995287,-27674.7547151122,0,0,1,0
20130529091650.daq,21,7,340.266666666667,1,0,left,-0.199493408203125,-89.8005065917969,12,0.0001,62.4409065246582,969.510941145621,1.14256989955902,0.329825580120087,-0.00352087989449501,-3.78816953983633,22727.7880970585,-27683.8909713817,22725.3255209875,-27683.8995456551,22722.8629449166,-27683.9081199285,0,0,1,0
20130529091650.daq,21,7,340.366666666667,1,0,left,-0.185150146484375,-89.8148498535156,12,0.0001,62.4704322814941,978.67112802219,1.09862494468689,0.329293638467789,-0.0319960974156857,-3.81663624952674,22727.8165088213,-27693.0514832274,22725.3539306811,-27693.0594410263,22722.8913525408,-27693.0673988252,0,0,1,0
20130529091650.daq,21,7,340.466666666667,1,0,left,-0.17047119140625,-89.8295288085938,12,0.0001,62.499885559082,987.835639991157,1.09862494468689,0.329042881727219,0.0249543376266956,-3.8434388256765,22727.8429466517,-27702.2139562911,22725.3803665535,-27702.2212831868,22722.9177864553,-27702.2286100825,0,0,1,0
20130529091650.daq,21,7,340.566666666667,1,0,left,-0.158523559570313,-89.8414764404297,12,0.0001,62.529239654541,997.004464510606,1.09862494468689,0.32916447520256,0.0249543376266956,-3.86759995069958,22727.8675998533,-27711.3822208866,22725.4050182808,-27711.3890342714,22722.9424367083,-27711.3958476562,0,0,1,0
20130529091650.daq,21,7,340.666666666667,1,0,left,-0.145217895507813,-89.8547821044922,12,0.0001,62.5584716796875,1006.17758582158,1.09862494468689,0.329392552375793,0.100888095796108,-3.88884325541931,22727.8882629129,-27720.5544251785,22725.4256798245,-27720.5606666836,22722.9630967362,-27720.5669081887,0,0,1,0
20130529091650.daq,21,7,340.766666666667,1,0,left,-0.132354736328125,-89.8676452636719,12,0.0001,62.5876121520996,1015.35498713937,1.09862494468689,0.329436898231506,-0.0225042030215263,-3.90701816947645,22727.9070000892,-27729.7305245879,22725.4444156616,-27729.7362132319,22722.9818312341,-27729.7419018759,0,0,1,0
20130529091650.daq,21,7,340.866666666667,1,0,left,-0.119766235351563,-89.8802337646484,12,0.0001,62.6167297363281,1024.53665988511,1.09862494468689,0.328926026821136,0.043937660753727,-3.92627866206006,22727.9257541516,-27738.9124764063,22725.4631685337,-27738.9176239938,22723.0005829157,-27738.9227715812,0,0,1,0
20130529091650.daq,21,7,340.966666666667,1,0,left,-0.10595703125,-89.89404296875,12,0.0001,62.6458168029785,1033.72260135461,1.14256989955902,0.328862994909286,0.0154626751318574,-3.94053284093245,22727.9405265218,-27748.0964113295,22725.4779397347,-27748.1009653941,22723.0153529476,-27748.1055194588,0,0,1,0
20130529091650.daq,21,7,341.066666666667,1,0,left,-0.0926055908203125,-89.9073944091797,12,0.0001,62.6747589111328,1042.91279933235,1.14256989955902,0.328936874866486,0.0344459973275661,-3.95403760451203,22727.9533739528,-27757.2861941228,22725.4907861714,-27757.290174339,22723.0281983899,-27757.2941545553,0,0,1,0
20130529091650.daq,21,7,341.166666666667,1,0,left,-0.0766448974609375,-89.9233551025391,12,0.0001,62.7035675048828,1052.10723195155,1.18651497364044,0.329748302698135,0.0629212111234665,-3.96413703452812,22727.9641070381,-27766.4799473405,22725.5015182435,-27766.4832415618,22723.0389294488,-27766.4865357831,0,0,1,0
20130529091650.daq,21,7,341.266666666667,1,0,left,-0.0595550537109375,-89.9404449462891,12,0.0001,62.7323188781738,1061.30588485199,1.2744048833847,0.329221934080124,0.00597078166902065,-3.97356750639597,22727.9728171453,-27775.6776343665,22725.5102274776,-27775.6801940613,22723.0476378099,-27775.6827537562,0,0,1,0
20130529091650.daq,21,7,341.366666666667,1,0,left,-0.0373382568359375,-89.9626617431641,12,0.0001,62.7610168457031,1070.50875201914,1.62596487998962,0.329535722732544,-0.050979420542717,-3.97928869642963,22727.9792572843,-27784.881306717,22725.5166668092,-27784.8829115272,22723.0540763342,-27784.8845163373,0,0,1,0
20130529091650.daq,21,7,341.466666666667,1,0,left,-0.0036468505859375,-89.9963531494141,12,0.0001,62.7896156311035,1079.71582095773,2.10935997962952,0.329841762781143,-0.155388385057449,-3.98164523122683,22727.9810819668,-27794.0872138746,22725.5184909738,-27794.0873706175,22723.0558999808,-27794.0875273603,0,0,1,0
20130529091650.daq,21,7,341.566666666667,1,0,left,0.0419769287109375,-90.0419769287109,12,0.0001,62.8181304931641,1088.9270776805,2.32908487319946,0.32934895157814,-0.0414877571165562,-3.98038422357957,22727.9802155262,-27803.2992720717,22725.5176251891,-27803.29746789,22723.055034852,-27803.2956637082,0,0,1,0
20130529091650.daq,21,7,341.666666666667,1,0,left,0.0948486328125,-90.0948486328125,12,0.0001,62.8465728759766,1098.14251179024,2.37302994728088,0.329395115375519,-0.0130125414580107,-3.97372238764897,22727.9730406711,-27812.5154117468,22725.5104530474,-27812.511335124,22723.0478654236,-27812.5072585012,0,0,1,0
20130529091650.daq,21,7,341.766666666667,1,0,left,0.151580810546875,-90.1515808105469,12,0.0001,62.8749237060547,1107.36211046532,2.46091985702515,0.329063534736633,-0.0414877571165562,-3.95995432425679,22727.9597664526,-27821.7355489399,22725.4971840726,-27821.7290339555,22723.0346016925,-27821.7225189712,0,0,1,0
20130529091650.daq,21,7,341.866666666667,1,0,left,0.21490478515625,-90.2149047851563,12,0.0001,62.9031753540039,1116.58585962522,2.68064475059509,0.329063147306442,-0.00352087989449501,-3.93632892828539,22727.9363173203,-27830.961702584,22725.4737436447,-27830.952465929,22723.0111699692,-27830.943229274,0,0,1,0
20130529091650.daq,21,7,341.966666666667,1,0,left,0.286788940429688,-90.2867889404297,12,0.0001,62.9312896728516,1125.81374323123,2.94431495666504,0.328920215368271,-0.00352087989449501,-3.90651542084851,22727.9064771256,-27840.1900128597,22725.4439169766,-27840.1776866304,22722.9813568276,-27840.1653604012,0,0,1,0
20130529091650.daq,21,7,342.066666666667,1,0,left,0.36297607421875,-90.3629760742188,12,0.0001,62.9592552185059,1135.04573923011,2.94431495666504,0.329225301742554,0.0154626751318574,-3.86679122419182,22727.8666025655,-27849.4242810368,22725.4040609839,-27849.4086803129,22722.9415194024,-27849.3930795891,0,0,1,0
20130529091650.daq,21,7,342.166666666667,1,0,left,0.442184448242188,-90.4421844482422,12,0.0001,62.9870796203613,1144.28182664098,2.94431495666504,0.329636931419373,-0.00352087989449501,-3.81521778107361,22727.8148195498,-27858.662522026,22725.3523018886,-27858.6435169851,22722.8897842274,-27858.6245119442,0,0,1,0
20130529091650.daq,21,7,342.266666666667,1,0,left,0.5198974609375,-90.5198974609375,12,0.0001,63.0147895812988,1153.52198574181,2.76853489875793,0.328721463680267,0.0154626751318574,-3.75202749401034,22727.7514078763,-27867.9046265566,22725.2889182576,-27867.8822815035,22722.8264286389,-27867.8599364503,0,0,1,0
20130529091650.daq,21,7,342.366666666667,1,0,left,0.590545654296875,-90.5905456542969,12,0.0001,63.0424499511719,1162.76620557592,2.46091985702515,0.328197538852692,0.043937660753727,-3.67741345195918,22727.6767132482,-27877.1504616511,22725.2142530539,-27877.1250802586,22722.7517928597,-27877.0996988662,0,0,1,0
20130529091650.daq,21,7,342.466666666667,1,0,left,0.651443481445313,-90.6514434814453,12,0.0001,63.0700531005859,1172.01447700496,2.0654149055481,0.329868674278259,-0.0319960974156857,-3.59151121697995,22727.5909029863,-27886.3999647996,22725.12847116,-27886.3719661529,22722.6660393337,-27886.3439675062,0,0,1,0
20130529091650.daq,21,7,342.566666666667,1,0,left,0.695465087890625,-90.6954650878906,12,0.0001,63.0976448059082,1181.26679583276,1.49412989616394,0.328787267208099,-0.0130125414580107,-3.49301703435847,22727.4924671397,-27895.6510150039,22725.0300575522,-27895.6211244251,22722.5676479647,-27895.5912338464,0,0,1,0
20130529091650.daq,21,7,342.666666666667,1,0,left,0.721054077148438,-90.7210540771484,12,0.0001,63.1251831054688,1190.52315958824,0.92284494638443,0.32948237657547,0.00597078166902065,-3.38795367653293,22727.387362661,-27904.9074838792,22724.9249666685,-27904.8764935615,22722.4625706761,-27904.8455032438,0,0,1,0
20130529091650.daq,21,7,342.766666666667,1,0,left,0.7288818359375,-90.7288818359375,12,0.0001,63.1526145935059,1199.78355335166,0.57128494977951,0.32889199256897,-0.0130125414580107,-3.27430283876925,22727.2735953208,-27914.1674358107,22724.8112035853,-27914.1361090803,22722.3488118497,-27914.10478235,0,0,1,0
20130529091650.daq,21,7,342.866666666667,1,0,left,0.72613525390625,-90.7261352539063,12,0.0001,63.1800231933594,1209.04796845091,0.395504981279373,0.330348372459412,0.00597078166902065,-3.15745860665502,22727.1565783817,-27923.4290891975,22724.6941851472,-27923.3978805067,22722.2317919128,-27923.3666718158,0,0,1,0
20130529091650.daq,21,8,389.033333333333,1,0,left,-0.701054579413722,-144.202423095703,12,-0.000257968170016299,71.0989608764648,0,1.2744048833847,0.66170346736908,0.0154626751318574,-3.18215510762998,21440.0304417258,-31729.9399339446,21438.590014691,-31727.9425545663,21437.1495876563,-31725.9451751879,1,0,0,0
20130529091650.daq,21,8,389.133333333333,1,0,left,-0.849476781817373,-144.240707397461,12,-0.00025531655520444,71.2109756469727,10.4360883410045,1.58201992511749,0.661392748355865,-0.0699629709124565,-3.30051573295181,21431.5556387997,-31736.0323149918,21430.1165467095,-31734.0339735846,21428.6774546194,-31732.0356321774,1,0,0,0
20130529091650.daq,21,8,389.233333333333,1,0,left,-0.999975321126783,-144.291656494141,12,-0.000252656009883947,71.3225936889648,20.8885777643372,2.15330481529236,0.662021577358246,-0.050979420542717,-3.45750795696509,21423.0645021531,-31742.1281472028,21421.6271876158,-31740.1285269028,21420.1898730786,-31738.1289066028,1,0,0,0
20130529091650.daq,21,8,389.333333333333,1,0,left,-1.14608374810615,-144.359390258789,12,-0.000249982571057851,71.432746887207,31.3573446226583,2.72458982467651,0.661264836788177,-0.0414877571165562,-3.6461344979964,21414.5548492136,-31748.2272808224,21413.1198995856,-31746.2259627595,21411.6849499577,-31744.2246446967,1,0,0,0
20130529091650.daq,21,8,389.433333333333,1,0,left,-1.27020286516102,-144.44270324707,12,-0.000247291362259073,71.5422439575195,41.8421953323705,3.07614994049072,0.662542462348938,-0.117421515285969,-3.86243314299157,21406.0247964207,-31754.3278027602,21404.5927583972,-31752.3244002737,21403.1607203737,-31750.3209977873,1,0,0,0
20130529091650.daq,21,8,389.533333333333,1,0,left,-1.35804521398822,-144.546081542969,12,-0.000244576540107423,71.6517181396484,52.3431111505561,3.86715984344482,0.661945104598999,-0.0414877571165562,-4.10388181426783,21397.4740955896,-31760.4275942711,21396.0456746175,-31758.4216112328,21394.6172536454,-31756.4156281945,1,0,0,0
20130529091650.daq,21,8,389.633333333333,1,0,left,-1.38489864780405,-144.69157409668,12,-0.000241831322885211,71.7610015869141,62.8600706300713,5.88862991333008,0.660117864608765,-0.0889462977647781,-4.36402429728652,21388.9015206801,-31766.5258510015,21387.478198149,-31764.5162472108,21386.0548756178,-31762.50664342,1,0,0,0
20130529091650.daq,21,8,389.733333333333,1,0,left,-1.33901582644521,-144.896606445313,12,-0.000239048052700496,71.8697891235352,73.3930273332444,7.73431968688965,0.661851525306702,-0.0699629709124565,-4.63395556717169,21380.3002542007,-31772.618014415,21378.8841321136,-31770.6033301574,21377.4680100265,-31768.5886458998,1,0,0,0
20130529091650.daq,21,8,389.833333333333,1,0,left,-1.30855278591142,-145.150512695313,12,-0.000236218625024462,71.9769821166992,83.9418328086686,8.1298246383667,0.596320509910583,-0.0794546380639076,-4.91212707670222,21371.6709112882,-31778.6985807211,21370.2637311503,-31776.6776407212,21368.8565510124,-31774.6567007214,1,0,0,0
20130529091650.daq,21,8,389.933333333333,1,0,left,-1.28530646009995,-145.426391601563,12,-0.000233334216607041,72.0829696655273,94.5062622345358,7.86615467071533,0.467030555009842,-0.0794546380639076,-5.20315101040632,21363.0071910892,-31784.7626484089,21361.6097580424,-31782.7349562965,21360.2123249955,-31780.707264184,1,0,0,0
20130529091650.daq,21,8,390.033333333333,1,0,left,-1.26518100269453,-145.704986572266,12,-0.000230387297082656,72.1869659423828,105.086117271559,7.51459455490112,0.372981876134872,-0.0889462977647781,-5.50242601897492,21354.3082139623,-31790.8031041024,21352.9206568454,-31788.7686411092,21351.5330997285,-31786.734178116,1,0,0,0
20130529091650.daq,21,8,390.133333333333,1,0,left,-1.14740934089482,-145.968780517578,12,-0.000227373515769973,72.2808532714844,115.680761219897,7.3388147354126,0.323830902576447,-0.0604710802435875,-5.77393980369036,21346.3015068025,-31796.3166957798,21344.9233311747,-31794.2758659577,21343.545155547,-31792.2350361357,0,1,0,1
20130529091650.daq,21,8,390.233333333333,1,0,left,-1.04625918297305,-146.244918823242,12,-0.000224291736251316,72.3745956420898,126.289120604342,7.03119993209839,0.285996317863464,-0.0699629709124565,-6.07781090128911,21336.8000282956,-31802.8004583427,21335.4317044613,-31800.7530100997,21334.0633806269,-31798.7055618567,0,1,0,1
20130529091650.daq,21,8,390.333333333333,1,0,left,-0.966698024330753,-146.494293212891,12,-0.000221143556735247,72.44384765625,136.909474712767,6.28413486480713,0.245828852057457,-0.0604710802435875,-6.34394880485234,21327.9934206931,-31808.7539141216,21326.6340211132,-31806.7005297919,21325.2746215334,-31804.6471454622,0,1,0,1
20130529091650.daq,21,8,390.433333333333,1,0,left,-0.917201191949857,-146.723419189453,12,-0.000217932989492423,72.4865264892578,147.538063677763,5.62495994567871,0.214100182056427,-0.0889462977647781,-6.59432601791583,21319.1528005782,-31814.6709743525,21317.8016233356,-31812.6121702135,21316.4504460931,-31810.5533660745,0,1,0,1
20130529091650.daq,21,8,390.533333333333,1,0,left,-0.889075141311849,-146.944152832031,12,-0.000214665868562705,72.4945602416992,158.170485989889,5.40523481369019,0.187939241528511,-0.0699629709124565,-6.83469456686653,21310.285327454,-31820.5531505716,21308.9420918212,-31818.4891562745,21307.5988561884,-31816.4251619775,0,1,0,1
20130529091650.daq,21,8,390.633333333333,1,0,left,-0.832998183620504,-147.163726806641,12,-0.000211348810002354,72.4669342041016,168.801409427753,5.36128950119019,0.173329666256905,-0.0130125414580107,-7.06492415306847,21301.3925591533,-31826.3982159817,21300.0572431871,-31824.3290891867,21298.7219272208,-31822.2599623917,0,1,0,1
20130529091650.daq,21,8,390.733333333333,1,0,left,-0.758615802643703,-147.384704589844,12,-0.000207988199255681,72.4127426147461,179.426201412483,5.36128950119019,0.160251513123512,-0.0225042030215263,-7.28116298866616,21292.4841224984,-31832.2041188528,21291.156796631,-31830.1298574264,21289.8294707635,-31828.055596,0,1,0,1
20130529091650.daq,21,8,390.833333333333,1,0,left,-0.684588602477646,-147.610931396484,12,-0.000204589483573692,72.3386154174805,190.04155638269,5.40523481369019,0.146703869104385,0.00597078166902065,-7.48370536477113,21283.5617643128,-31837.9707084385,21282.2426387898,-31835.8912223775,21280.9235132668,-31833.8117363165,0,1,0,1
20130529091650.daq,21,8,390.933333333333,1,0,left,-0.609448618280481,-147.846160888672,12,-0.000201156891821851,72.2436599731445,200.644536735068,5.66890478134155,0.130268946290016,0.00597078166902065,-7.67396984343451,21274.6272387571,-31843.6958811449,21273.3166617178,-31841.6109969161,21272.0060846786,-31839.5261126873,0,1,0,1
20130529091650.daq,21,8,391.033333333333,1,0,left,-0.520829753051629,-148.102783203125,12,-0.000197693298576956,72.1289215087891,211.232093527746,6.41596984863281,0.1207539960742,-0.00352087989449501,-7.84902399119832,21265.6798871724,-31849.3752359355,21264.3786612444,-31847.2845026891,21263.0774353163,-31845.1937694427,0,1,0,1
20130529091650.daq,21,8,391.133333333333,1,0,left,-0.404624876110432,-148.380447387695,12,-0.000194200042484478,72.0040435791016,221.801686488703,7.60248470306396,0.118399150669575,-0.1648800522089,-7.99867957365469,21257.4716929906,-31854.5400215479,21256.1806143185,-31852.4430069352,21254.8895356463,-31850.3459923225,0,1,0,1
20130529091650.daq,21,8,391.233333333333,1,0,left,-0.263252061349448,-148.72021484375,12,-0.000190676556250784,71.856803894043,232.351238976815,8.1298246383667,0.123352825641632,-0.0319960974156857,-8.16067249189407,21247.7602535766,-31860.5909221083,21246.4816329564,-31858.4862882368,21245.2030123362,-31856.3816543653,0,1,0,1
20130529091650.daq,21,8,391.333333333333,1,0,left,-0.043870789741419,-149.070251464844,12,-0.000187120128710128,71.7105331420898,242.879554615487,7.95404481887817,0.132204800844193,-0.0319960974156857,-8.28982146584126,21238.7866333461,-31866.1217699342,21237.5208943291,-31864.0093639212,21236.255155312,-31861.8969579081,0,1,0,1
20130529091650.daq,21,8,391.433333333333,1,0,left,0.198582859006478,-149.426559448242,12,-0.000183525988641015,71.5632934570313,253.386316733297,7.82220983505249,0.136795073747635,0.0249543376266956,-8.38236449160658,21229.8010508257,-31871.5917026623,21228.5484727183,-31869.4714662349,21227.2958946109,-31867.3512298074,0,1,0,1
20130529091650.daq,21,8,391.533333333333,1,0,left,0.453321590959177,-149.786727905273,12,-0.000179887986148759,71.4164199829102,263.871513860693,7.73431968688965,0.138281926512718,0.0154626751318574,-8.43909627568848,21220.8055907933,-31877.0027667213,21219.5663654182,-31874.8746983735,21218.3271400431,-31872.7466300256,0,1,0,1
20130529091650.daq,21,8,391.633333333333,1,0,left,0.706175969994689,-150.140045166016,12,-0.000176202866986998,71.2702102661133,274.335214721708,7.29486989974976,0.139008417725563,0.0249543376266956,-8.45346553315897,21211.7969086073,-31882.3514955892,21210.5708295494,-31880.2158260063,21209.3447504915,-31878.0801564235,0,1,1,1
20130529091650.daq,21,8,391.733333333333,1,0,left,0.945950774115801,-150.472076416016,12,-0.000172471269892158,71.1247634887695,284.777527950719,6.41596984863281,0.139529839158058,0.0154626751318574,-8.42337072070841,21202.7737949289,-31887.6345914895,21201.5601126765,-31885.4918526315,21200.3464304242,-31883.3491137734,0,1,1,1
20130529091650.daq,21,8,391.833333333333,1,0,left,1.15948101782706,-150.771331787109,12,-0.000168694966536013,70.9800567626953,295.198562928024,5.2294545173645,0.140069633722305,0.0249543376266956,-8.35022688424791,21193.7426875011,-31892.8545089588,21192.5402132592,-31890.705460304,21191.3377390172,-31888.5564116491,0,1,1,1
20130529091650.daq,21,8,391.933333333333,1,0,left,1.33480257310777,-151.025848388672,12,-0.00016487739880934,70.8361053466797,305.59842950022,4.08688449859619,0.140489906072617,-0.00352087989449501,-8.23231955068812,21184.7002743699,-31898.0117792023,21183.5073583628,-31895.8574101941,21182.3144423558,-31893.7030411859,0,1,1,1
20130529091650.daq,21,8,392.033333333333,1,0,left,1.46764174297996,-151.231353759766,12,-0.000161024018128581,70.6930694580078,315.977247491472,2.98825979232788,0.140724465250969,-0.0319960974156857,-8.07828150490679,21175.6526092433,-31903.114426541,21174.467428066,-31900.9557927137,21173.2822468887,-31898.7971588864,0,1,1,1
20130529091650.daq,21,8,392.133333333333,1,0,left,1.55481080877286,-151.381561279297,12,-0.000157142198780817,70.5511703491211,326.335166005883,1.80174493789673,0.141577810049057,-0.0225042030215263,-7.89834682498313,21166.9808510884,-31907.9537608045,21165.8013330859,-31905.7920273091,21164.6218150834,-31903.6302938137,0,1,1,1
20130529091650.daq,21,8,392.233333333333,1,0,left,1.59881858386373,-151.48828125,12,-0.000153240905522977,70.410514831543,336.672365385828,1.36229491233826,0.146393314003944,-0.0130125414580107,-7.67230986335937,21157.5535186107,-31913.1660204598,21156.3780291289,-31911.0020937278,21155.2025396471,-31908.8381669958,0,1,1,1
20130529091650.daq,21,8,392.333333333333,1,0,left,1.6255290788786,-151.567260742188,12,-0.000149330342644847,70.2710113525391,346.98902168421,1.31834995746613,0.150646150112152,0.00597078166902065,-7.43011739592942,21148.5065164304,-31918.1274998409,21147.3340109339,-31915.9619548092,21146.1615054375,-31913.7964097775,0,1,1,1
20130529091650.daq,21,8,392.433333333333,1,0,left,1.63593835125303,-151.623626708984,12,-0.000145420992092452,70.1324768066406,357.285291185297,1.14256989955902,0.153897494077682,0.0629212111234665,-7.17317120992515,21139.4665313207,-31923.0567359897,21138.2961567932,-31920.8900385284,21137.1257822657,-31918.7233410671,0,1,1,1
20130529091650.daq,21,8,392.533333333333,1,0,left,1.63448897944551,-151.66242980957,12,-0.000141522826560092,69.9946441650391,367.561296883687,0.74706494808197,0.155830070376396,0.00597078166902065,-6.90309785974098,21130.435256126,-31927.9574228219,21129.266349245,-31925.7899332309,21128.0974423641,-31923.62244364,0,1,1,1
20130529091650.daq,21,8,392.633333333333,1,0,left,1.61932621542735,-151.68049621582,12,-0.000137646151510429,69.857307434082,377.817125034111,0.439449995756149,0.158800661563873,-0.0130125414580107,-6.62709195758402,21121.4148041695,-31932.8375102925,21120.2465807957,-31930.6696522316,21119.0783574219,-31928.5017941707,0,1,1,1
20130529091650.daq,21,8,392.733333333333,1,0,left,1.59449781947364,-151.682586669922,12,-0.000133801217196831,69.7206192016602,388.052850794767,0.17577999830246,0.167647048830986,0.043937660753727,-6.34848616351289,21112.4107914007,-31937.6987490821,21111.2426471227,-31935.5308483997,21110.0745028446,-31933.3629477172,0,1,1,1
20130529091650.daq,21,8,392.833333333333,1,0,left,1.55333535066299,-151.662033081055,12,-0.000129997835010731,69.5857925415039,398.268642851945,-0.527339935302734,0.178181767463684,0.0249543376266956,-6.06795124211999,21103.4196513469,-31942.5453303943,21102.2507294578,-31940.3778488971,21101.0818075687,-31938.2103673999,0,1,1,1
20130529091650.daq,21,8,392.933333333333,1,0,left,1.48790756662163,-151.610717773438,12,-0.000126246100773257,69.4553909301758,408.464949357287,-1.36229491233826,0.180339872837067,-0.0225042030215263,-5.79123406533964,21094.4476584627,-31947.3815056627,21093.2767958005,-31945.2150719458,21092.1059331384,-31943.0486382288,0,1,1,1
20130529091650.daq,21,8,393.033333333333,1,0,left,1.38539171671434,-151.516296386719,12,-0.000122557050553169,69.3311080932617,418.642579147148,-2.63669991493225,0.187303736805916,0.0154626751318574,-5.51861968360263,21085.4954467405,-31952.2097495822,21084.321015465,-31950.0452483458,21083.1465841894,-31947.8807471094,0,0,1,0
20130529091650.daq,21,8,393.133333333333,1,0,left,1.25543379095524,-151.38818359375,12,-0.000118942699296366,69.212287902832,428.802387682044,-2.81247973442078,0.209212958812714,0.0344459973275661,-5.26887129207311,21076.9375434387,-31956.8362920514,21075.7582752998,-31954.6744222404,21074.5790071609,-31952.5125524293,0,0,1,0
20130529091650.daq,21,8,393.233333333333,1,0,left,1.11348505457644,-151.241775512695,12,-0.000115415413537055,69.099983215332,438.945214010775,-2.50486493110657,0.247789680957794,0.043937660753727,-5.00966567559233,21067.6559810118,-31961.8678915559,21066.4711924964,-31959.7090421871,21065.286403981,-31957.5501928183,0,0,1,0
20130529091650.daq,21,8,393.333333333333,1,0,left,0.974144723387553,-151.091934204102,12,-0.000111986966023075,68.9983749389648,449.072290130767,-2.32908487319946,0.272572755813599,-0.00352087989449501,-4.78042273696722,21058.7691421117,-31966.7082105412,21057.5787117793,-31964.552467039,21056.3882814469,-31962.3967235369,0,0,1,0
20130529091650.daq,21,8,393.433333333333,1,0,left,0.641109030896018,-150.939758300781,12,-0.000108666934357548,68.9120407104492,459.185541620827,-2.28513979911804,0.279408931732178,-0.0319960974156857,-4.57603315300236,21049.9058774903,-31971.5583732353,21048.7097257721,-31969.4057990808,21047.5135740539,-31967.2532249264,0,0,1,0
20130529091650.daq,21,8,393.533333333333,1,0,left,0.531147247505515,-150.794219970703,12,-0.000105461396888334,68.840576171875,469.287261738034,-2.2411949634552,0.279495745897293,-0.0319960974156857,-4.41617411558218,21041.0637716634,-31976.4238617483,21039.8621560068,-31974.2743329075,21038.6605403502,-31972.1248040668,0,0,1,0
20130529091650.daq,21,8,393.633333333333,1,0,left,0.388935381417014,-150.656585693359,12,-0.000102372224217592,68.7814712524414,479.379427441039,-2.0654149055481,0.279011905193329,-0.0225042030215263,-4.27728528538045,21032.2388507162,-31981.3046256892,21031.032074995,-31979.1579895342,21029.8252992737,-31977.0113533791,0,0,1,0
20130529091650.daq,21,8,393.733333333333,1,0,left,0.256561172622696,-150.528594970703,12,0.0001,68.733039855957,489.463737994825,-1.66990995407104,0.279767364263535,0.00597078166902065,-4.16363875949639,21023.432975232,-31986.2025485546,21022.2214072421,-31984.0586135208,21021.0098392522,-31981.9146784869,0,0,1,0
20130529091650.daq,21,8,393.833333333333,1,0,left,0.141715050999125,-150.417938232422,12,0.0001,68.6919708251953,499.541527597044,-1.31834995746613,0.278693795204163,-0.0130125414580107,-4.07537742008478,21014.6437903156,-31991.119266886,21013.4280839537,-31988.97767578,21012.2123775919,-31986.836084674,0,0,1,0
20130529091650.daq,21,8,393.933333333333,1,0,left,0.0382019462390133,-150.318420410156,12,0.0001,68.6554489135742,509.613652174448,-1.2744048833847,0.278896927833557,0.0249543376266956,-4.01108584679092,21005.871613625,-31996.0530899262,21004.65218934,-31993.9136136266,21003.432765055,-31991.7741373269,0,0,1,0
20130529091650.daq,21,8,394.033333333333,1,0,left,-0.0619432267702678,-150.222076416016,12,0.0001,68.6219024658203,519.680652194591,-1.49412989616394,0.278354197740555,0.0534295551478863,-3.96758117769601,20997.112950857,-32001.0023975197,20995.8899307257,-31998.86497473,20994.6669105944,-31996.7275519404,0,0,1,0
20130529091650.daq,21,8,394.133333333333,1,0,left,-0.163328625754986,-150.124298095703,12,0.0001,68.5903472900391,529.742886756918,-1.58201992511749,0.278618574142456,0.0344459973275661,-3.94415489453883,20988.3660882737,-32005.9673809726,20987.1394222985,-32003.8320484438,20985.9127563232,-32001.696715915,0,0,1,0
20130529091650.daq,21,8,394.233333333333,1,0,left,-0.264718288285621,-150.026321411133,12,0.0001,68.5601806640625,539.800600824892,-1.58201992511749,0.277880907058716,0.00597078166902065,-3.94087257129993,20979.6348679359,-32010.946035789,20978.4045523037,-32008.8128039993,20977.1742366714,-32006.6795722096,0,0,1,0
20130529091650.daq,21,8,394.333333333333,1,0,left,-0.367332917206511,-149.92692565918,12,0.0001,68.5309295654297,549.853963551046,-1.58201992511749,0.27833366394043,0.0249543376266956,-3.95590439897333,20970.9154473889,-32015.9384121422,20969.6814329153,-32013.8073178922,20968.4474184417,-32011.6762236422,0,0,1,0
20130529091650.daq,21,8,394.433333333333,1,0,left,-0.468212309069429,-149.829071044922,12,0.0001,68.502197265625,559.903077881594,-1.58201992511749,0.278983414173126,0.0344459973275661,-3.98905968625101,20962.207672071,-32020.9443880765,20960.9700197346,-32018.8154044886,20959.7323673981,-32016.6864209007,0,0,1,0
20130529091650.daq,21,8,394.533333333333,1,0,left,-0.570301409383092,-149.72981262207,12,0.0001,68.4738540649414,569.948007318664,-1.62596487998962,0.277935981750488,0.129363313317299,-4.03978092452102,20953.5136490229,-32025.96213154,20952.2723103235,-32023.8352952377,20951.0309716242,-32021.7084589354,0,0,1,0
20130529091650.daq,21,8,394.633333333333,1,0,left,-0.673584960020065,-149.629165649414,12,0.0001,68.4457778930664,579.988801470383,-1.71385490894318,0.277975469827652,0.0344459973275661,-4.10714392783374,20944.831424603,-32030.9916415151,20943.5863517753,-32028.8669890547,20942.3412789476,-32026.7423365944,0,0,1,0
20130529091650.daq,21,8,394.733333333333,1,0,left,-0.777742527274825,-149.527450561523,12,0.0001,68.4178237915039,590.025487658531,-1.71385490894318,0.278065413236618,0.0344459973275661,-4.19453872818867,20936.1609822635,-32036.0368107849,20934.9121395825,-32033.9143720033,20933.6632969015,-32031.7919332218,0,0,1,0
20130529091650.daq,21,8,394.833333333333,1,0,left,-0.882377381555585,-149.425064086914,12,0.0001,68.3900146484375,600.05808350705,-1.71385490894318,0.2772296667099,0.0344459973275661,-4.2995708600485,20927.5042544778,-32041.0937166429,20926.2516210348,-32038.9735129072,20924.9989875918,-32036.8533091715,0,0,1,0
20130529091650.daq,21,8,394.933333333333,1,0,left,-0.986601830799799,-149.322860717773,12,0.0001,68.3623809814453,610.086613260515,-1.62596487998962,0.277479588985443,0.0534295551478863,-4.42127062189039,20918.8572901186,-32046.164277318,20917.6008766822,-32044.0463113834,20916.3444632458,-32041.9283454487,0,0,1,0
20130529091650.daq,21,8,395.033333333333,1,0,left,-1.08856296099387,-149.222763061523,12,0.0001,68.3348693847656,620.111099764763,-1.49412989616394,0.277835369110107,0.0534295551478863,-4.5606696099518,20910.2258471019,-32051.2464618414,20908.965735427,-32049.1306941344,20907.705623752,-32047.0149264274,0,0,1,0
20130529091650.daq,21,8,395.133333333333,1,0,left,-1.18268534011509,-149.130310058594,12,0.0001,68.3074645996094,630.131558685534,-0.878899931907654,0.277162075042725,0.043937660753727,-4.71870341581699,20901.6037730857,-32056.3439531379,20900.3402490303,-32054.2302215124,20899.0767249749,-32052.1164898869,0,0,1,0
20130529091650.daq,21,8,395.233333333333,1,0,left,-1.22632065313329,-149.088150024414,12,0.0001,68.2802429199219,640.14800997798,1.2744048833847,0.2773317694664,0.043937660753727,-4.89129729387473,20892.9927187895,-32061.4511253637,20891.7276397261,-32059.338324051,20890.4625606628,-32057.2255227383,0,0,1,0
20130529091650.daq,21,8,395.333333333333,1,0,left,-1.2267730184353,-149.088958740234,12,0.0001,68.2533187866211,650.160491221191,2.19724988937378,0.27932345867157,-0.0130125414580107,-5.07613619567944,20884.3891604352,-32066.568280203,20883.1241111936,-32064.4554610342,20881.8590619521,-32062.3426418654,0,0,1,0
20130529091650.daq,21,8,395.433333333333,1,0,left,-1.18849571650884,-149.128326416016,12,0.0001,68.2266540527344,660.169042045716,2.76853489875793,0.278611838817596,0.0154626751318574,-5.26743930804019,20875.7913778365,-32071.6897364487,20874.5277806021,-32069.576048569,20873.2641833677,-32067.4623606894,0,0,1,0
20130529091650.daq,21,8,395.533333333333,1,0,left,-1.11074819163738,-149.206970214844,12,0.0001,68.2002029418945,670.173699750907,3.95504975318909,0.2786003947258,-0.0319960974156857,-5.46332129419095,20867.19738325,-32076.8135077382,20865.9366884386,-32074.6980874451,20864.6759936273,-32072.5826671521,0,0,1,0
20130529091650.daq,21,8,395.633333333333,1,0,left,-0.995229149464052,-149.323181152344,12,0.0001,68.1738357543945,680.174485317635,4.79000473022461,0.279028654098511,-0.0130125414580107,-5.65472150508173,20858.6033669912,-32081.9318424328,20857.3469653999,-32079.8138694715,20856.0905638085,-32077.6958965103,0,0,1,0
20130529091650.daq,21,8,395.733333333333,1,0,left,-0.851544964563175,-149.467376708984,12,0.0001,68.1473693847656,690.171398186423,4.92183971405029,0.278693318367004,-0.0225042030215263,-5.83603943741324,20850.0059358082,-32087.041212636,20848.7548684655,-32084.9200844155,20847.5038011229,-32082.7989561951,0,1,1,1
20130529091650.daq,21,8,395.833333333333,1,0,left,-0.693720148673322,-149.625518798828,12,0.0001,68.120719909668,700.164415884414,4.79000473022461,0.276560127735138,0.0249543376266956,-6.00067703505678,20841.4019283946,-32092.1343687269,20840.1567203363,-32090.0097955192,20838.9115122779,-32087.8852223115,0,1,1,1
20130529091650.daq,21,8,395.933333333333,1,0,left,-0.535944906562435,-149.783416748047,12,0.0001,68.0938949584961,710.153512768295,4.21871995925903,0.278090357780457,0.043937660753727,-6.14715285820893,20832.7920922282,-32097.2099338123,20831.5527438728,-32095.0819370836,20830.3133955175,-32092.9539403549,0,1,1,1
20130529091650.daq,21,8,396.033333333333,1,0,left,-0.379627277470888,-149.939666748047,12,0.0001,68.0668487548828,720.138658625619,4.35055494308472,0.278265416622162,0.00597078166902065,-6.26906375540239,20824.1745474848,-32102.2621064627,20822.9410069416,-32100.1307378527,20821.7074663983,-32097.9993692427,0,1,1,1
20130529091650.daq,21,8,396.133333333333,1,0,left,-0.225846875853136,-150.093185424805,12,0.0001,68.0397567749023,730.119831729498,4.35055494308472,0.278103679418564,0.0344459973275661,-6.36837137696596,20815.547397011,-32107.2928853061,20814.3195716915,-32105.1582191945,20813.0917463719,-32103.0235530828,0,1,1,1
20130529091650.daq,21,8,396.233333333333,1,0,left,-0.0780004937615217,-150.240585327148,12,0.0001,68.0127334594727,740.097035903113,3.95504975318909,0.278729379177094,0.0534295551478863,-6.43847494769028,20806.9108161474,-32112.29655254,20805.688486556,-32110.1587347757,20804.4661569646,-32108.0209170113,0,1,1,1
20130529091650.daq,21,8,396.333333333333,1,0,left,0.0569234807002204,-150.374862670898,12,0.0001,67.9858245849609,750.070285133741,3.25192975997925,0.278867572546005,-0.0699629709124565,-6.48481021659679,20798.2651665827,-32117.2773080259,20797.0478504942,-32115.1366315057,20795.8305344057,-32112.9959549855,0,1,1,1
20130529091650.daq,21,8,396.433333333333,1,0,left,0.170861744503753,-150.487976074219,12,0.0001,67.9592056274414,760.039605810649,2.90036988258362,0.276910960674286,0.00597078166902065,-6.50490017227578,20789.6108613199,-32122.2335385315,20788.3977737272,-32120.0904629575,20787.1846861346,-32117.9473873835,0,1,1,1
20130529091650.daq,21,8,396.533333333333,1,0,left,0.275408901944985,-150.591491699219,12,0.0001,67.9328079223633,770.005042413301,2.94431495666504,0.278917580842972,-0.0130125414580107,-6.50170730481749,20780.9492495949,-32127.1667207862,20779.74003585,-32125.0214570396,20778.530822105,-32122.8761932931,0,1,1,1
20130529091650.daq,21,8,396.633333333333,1,0,left,0.370743613282713,-150.685623168945,12,0.0001,67.9064712524414,779.966610327705,2.8564248085022,0.279499053955078,0.00597078166902065,-6.47845075358207,20772.2822713386,-32132.0807548101,20771.0765836866,-32129.9335073374,20769.8708960345,-32127.7862598647,0,1,1,1
20130529091650.daq,21,8,396.733333333333,1,0,left,0.458417987149687,-150.771881103516,12,0.0001,67.8803558349609,789.924330348207,2.54880976676941,0.278650104999542,0.0154626751318574,-6.43545873190195,20763.6078935165,-32136.9755796813,20762.4054398784,-32134.826519498,20761.2029862402,-32132.6774593147,0,1,1,1
20130529091650.daq,21,8,396.833333333333,1,0,left,0.540947484357218,-150.852828979492,12,0.0001,67.8545150756836,799.878241359424,2.68064475059509,0.277952492237091,-0.0130125414580107,-6.3732847691228,20754.9279355798,-32141.8530427237,20753.7285193479,-32139.7022858508,20752.529103116,-32137.551528978,0,1,1,1
20130529091650.daq,21,8,396.933333333333,1,0,left,0.621986090516742,-150.932098388672,12,0.0001,67.8287734985352,809.828371615578,2.68064475059509,0.278013348579407,-0.0130125414580107,-6.29613796765415,20746.2441626515,-32146.7149454742,20745.0477231649,-32144.5625312533,20743.8512836783,-32142.4101170324,0,1,1,1
20130529091650.daq,21,8,397.033333333333,1,0,left,0.699814424340161,-151.007934570313,12,0.0001,67.8030624389648,819.774728296819,2.54880976676941,0.279427945613861,-0.0130125414580107,-6.20155148445265,20737.5566647345,-32151.5594091078,20736.3630752112,-32149.4054131762,20735.169485688,-32147.2514172446,0,1,1,1
20130529091650.daq,21,8,397.133333333333,1,0,left,0.766918668175435,-151.072891235352,12,0.0001,67.7775268554688,829.717324551144,1.84568989276886,0.278180956840515,0.0344459973275661,-6.09481004046847,20728.8658240245,-32156.3926079,20727.6746772695,-32154.2372601713,20726.4835305146,-32152.0819124426,0,1,1,1
20130529091650.daq,21,8,397.233333333333,1,0,left,0.805905431706492,-151.10954284668,12,0.0001,67.7521896362305,839.656190311296,0.74706494808197,0.277709782123566,0.0819045379757881,-5.97442307593316,20720.1725341594,-32161.2113734211,20718.9827664053,-32159.0552641673,20717.7929986511,-32156.8991549134,0,1,1,1
20130529091650.daq,21,8,397.333333333333,1,0,left,0.815400790658686,-151.116470336914,12,0.0001,67.7270050048828,849.591353178766,0.219724997878075,0.277996003627777,0.043937660753727,-5.84432468883558,20711.4788188751,-32166.0196746426,20710.2893118195,-32163.8634215526,20709.0998047638,-32161.7071684626,0,1,1,1
20130529091650.daq,21,8,397.433333333333,1,0,left,0.80026154308041,-151.098617553711,12,0.0001,67.7018814086914,859.522826767832,-0.219724982976913,0.278092443943024,0.043937660753727,-5.70890032298033,20702.7883299082,-32170.8212096783,20701.5981510437,-32168.6653273313,20700.4079721792,-32166.5094449843,0,1,1,1
20130529091650.daq,21,8,397.533333333333,1,0,left,0.761765562217931,-151.057220458984,12,0.0001,67.6768341064453,869.450620403346,-0.834954977035522,0.27852401137352,0.0344459973275661,-5.56794749877335,20694.0990515606,-32175.6159252091,20692.9073153483,-32173.4609033475,20691.7155791359,-32171.305881486,0,0,1,0
20130529091650.daq,21,8,397.633333333333,1,0,left,0.708656131135569,-151.001022338867,12,0.0001,67.6518859863281,879.374747792797,-1.01073491573334,0.278685301542282,0.00597078166902065,-5.42954724001642,20685.4144422871,-32180.4112628189,20684.2205929119,-32178.257410899,20683.0267435367,-32176.1035589791,0,0,1,0
20130529091650.daq,21,8,397.733333333333,1,0,left,0.646762107547318,-150.935852050781,12,0.0001,67.627082824707,889.295226839873,-1.01073491573334,0.278704941272736,0.0249543376266956,-5.29154386848591,20676.7342036827,-32185.2050219459,20675.5379052114,-32183.0525293464,20674.34160674,-32180.9000367469,0,0,1,0
20130529091650.daq,21,8,397.833333333333,1,0,left,0.582828207398251,-150.868392944336,12,0.0001,67.6023712158203,899.212075541509,-1.01073491573334,0.278980433940887,0.0154626751318574,-5.1619034076708,20668.0618986975,-32190.0047327797,20666.8630667466,-32187.8536501739,20665.6642347958,-32185.7025675681,0,0,1,0
20130529091650.daq,21,8,397.933333333333,1,0,left,0.517177439962836,-150.799087524414,12,0.0001,67.5776596069336,909.125299865605,-0.966789960861206,0.278616845607758,-0.0319960974156857,-5.03932797857699,20659.3955517051,-32194.810376339,20658.1941186657,-32192.6607454229,20656.9926856263,-32190.5111145069,0,0,1,0
20130529091650.daq,21,8,398.033333333333,1,0,left,0.453270648294762,-150.731338500977,12,0.0001,67.5529861450195,919.034902889362,-0.92284494638443,0.278312295675278,0.0629212111234665,-4.92775136893395,20650.7388934552,-32199.6237628849,20649.5349194391,-32197.475554098,20648.330945423,-32195.3273453111,0,0,1,0
20130529091650.daq,21,8,398.133333333333,1,0,left,0.389200478673104,-150.663238525391,12,0.0001,67.5283737182617,928.940890300924,-1.01073491573334,0.277801513671875,0.0629212111234665,-4.826242419276,20642.090069207,-32204.4449724704,20640.883542748,-32202.2981962065,20639.677016289,-32200.1514199426,0,0,1,0
20130529091650.daq,21,8,398.233333333333,1,0,left,0.320618180363624,-150.590438842773,12,0.0001,67.5037841796875,938.843322058994,-1.18651497364044,0.277931809425354,0.043937660753727,-4.73598877269134,20633.4512572147,-32209.2741866257,20632.242004049,-32207.1289450998,20631.0327508833,-32204.9837035738,0,0,1,0
20130529091650.daq,21,8,398.333333333333,1,0,left,0.245082349297775,-150.510498046875,12,0.0001,67.4792251586914,948.742098854062,-1.53807497024536,0.27846571803093,0.0534295551478863,-4.65611118047944,20624.8206316015,-32214.1115061911,20623.6083865082,-32211.967953939,20622.3961414149,-32209.824401687,0,0,1,0
20130529091650.daq,21,8,398.433333333333,1,0,left,0.156275843844952,-150.417098999023,12,0.0001,67.4547348022461,958.637277101378,-1.88963496685028,0.279100835323334,0.0249543376266956,-4.5896199650961,20616.2004744843,-32218.9591455485,20614.9847367539,-32216.8175722496,20613.7689990235,-32214.6759989508,0,0,1,0
20130529091650.daq,21,8,398.533333333333,1,0,left,0.0601190768236961,-150.316162109375,12,0.0001,67.4303817749023,968.528870881462,-1.93357992172241,0.311508744955063,0.0154626751318574,-4.53780366808675,20607.5904809614,-32223.8188086674,20606.3709723503,-32221.6793804328,20605.1514637393,-32219.5399521982,0,0,1,0
20130529091650.daq,21,8,398.633333333333,1,0,left,-0.0396495475937115,-150.21142578125,12,0.0001,67.4081954956055,978.416998433233,-1.66990995407104,0.342398315668106,0.0154626751318574,-4.49967508308643,20598.9924112659,-32228.6883855271,20597.7689938331,-32226.5511901199,20596.5455764003,-32224.4139947127,0,0,1,0
20130529091650.daq,21,8,398.733333333333,1,0,left,-0.134942874457124,-150.110977172852,12,0.0001,67.3942794799805,988.302399589244,-1.58201992511749,0.361275434494019,0.0534295551478863,-4.47543861142601,20590.4038916977,-32233.5694940043,20589.1767293037,-32231.4344467257,20587.9495669097,-32229.299399447,0,0,1,0
20130529091650.daq,21,8,398.833333333333,1,0,left,-0.226676426004957,-150.013900756836,12,0.0001,67.3934326171875,998.186687825983,-1.58201992511749,0.372027665376663,0.0154626751318574,-4.46850659833461,20581.8249690767,-32238.4641261368,20580.5941910286,-32236.3311611067,20579.3634129805,-32234.1981960765,0,0,1,0
20130529091650.daq,21,8,398.933333333333,1,0,left,-0.315521591897976,-149.919525146484,12,0.0001,67.4061126708984,1008.07185809903,-1.62596487998962,0.376511722803116,0.0724128782749176,-4.47526241174477,20573.2517715072,-32243.3762166831,20572.0174817847,-32241.2452818403,20570.7831920622,-32239.1143469974,0,0,1,0
20130529091650.daq,21,8,399.033333333333,1,0,left,-0.402454933471802,-149.826873779297,12,0.0001,67.4303131103516,1017.95976521166,-1.62596487998962,0.379478245973587,0.0154626751318574,-4.49837470763812,20564.6863026359,-32248.3019001809,20563.4485686549,-32246.1729640579,20562.2108346739,-32244.044027935,0,0,1,0
20130529091650.daq,21,8,399.133333333333,1,0,left,-0.48601160371544,-149.737411499023,12,0.0001,67.463264465332,1027.85189339813,-1.53807497024536,0.393019527196884,0.0154626751318574,-4.53744213761216,20556.1245791339,-32253.2450232767,20554.883522518,-32251.11802236,20553.6424659021,-32248.9910214434,0,0,1,0
20130529091650.daq,21,8,399.233333333333,1,0,left,-0.56709187413108,-149.650238037109,12,0.0001,67.503791809082,1037.74940714406,-1.36229491233826,0.410305947065353,-0.0130125414580107,-4.59248657971372,20547.5666475846,-32258.2056235667,20546.3223562512,-32256.080513334,20545.0780649178,-32253.9554031013,0,0,1,0
20130529091650.daq,21,8,399.333333333333,1,0,left,-0.638371526005329,-149.572677612305,12,0.0001,67.5518951416016,1047.65343512767,-1.05467987060547,0.424950867891312,0.0249543376266956,-4.66037397671974,20539.0101699361,-32263.181449435,20537.7630030143,-32261.0580255271,20536.5158360924,-32258.9346016192,0,0,1,0
20130529091650.daq,21,8,399.433333333333,1,0,left,-0.698065278432409,-149.50651550293,12,0.0001,67.6060638427734,1057.56497324155,-0.659174978733063,0.4378362596035,0.00597078166902065,-4.74173248119635,20530.4530976607,-32268.174383264,20529.2034795543,-32266.0524009333,20527.9538614479,-32263.9304186027,0,0,1,0
20130529091650.daq,21,8,399.533333333333,1,0,left,-0.749850498069833,-149.44807434082,12,0.0001,67.6659469604492,1067.48487508122,-0.615229964256287,0.453147292137146,0.0249543376266956,-4.83686682058867,20521.8956224995,-32273.18457686,20520.6438406413,-32271.0638702318,20519.392058783,-32268.9431636037,0,0,1,0
20130529091650.daq,21,8,399.633333333333,1,0,left,-0.796580579562601,-149.394500732422,12,0.0001,67.7315826416016,1077.41397922928,-0.615229964256287,0.464263647794724,0.0154626751318574,-4.94170388795342,20513.3359405032,-32278.2082412564,20512.0821762557,-32276.0887060161,20510.8284120082,-32273.9691707757,0,0,1,0
20130529091650.daq,21,8,399.733333333333,1,0,left,-0.839063438878867,-149.344863891602,12,0.0001,67.8035888671875,1087.35316884101,-0.527339935302734,0.468358427286148,-0.00352087989449501,-5.05879718821643,20504.7741001237,-32283.2493212302,20503.5185001378,-32281.130872954,20502.2629001519,-32279.0124246778,0,0,1,0
20130529091650.daq,21,8,399.833333333333,1,0,left,-0.871178666590822,-149.305526733398,12,0.0001,67.8819961547852,1097.30339598222,0.307614982128143,0.479825615882874,-0.0130125414580107,-5.18118543827511,20496.2058594634,-32288.3016997184,20494.9488053254,-32286.1841139899,20493.6917511875,-32284.0665282613,0,0,1,0
20130529091650.daq,21,8,399.933333333333,1,0,left,-0.878829575457956,-149.290466308594,12,0.0001,67.9662399291992,1107.26555527777,1.40623998641968,0.482088357210159,-0.0225042030215263,-5.31326324730714,20487.6324342176,-32293.3687171023,20486.3748235072,-32291.2514618686,20485.1172127969,-32289.1342066349,0,0,1,0
20130529091650.daq,21,8,400.033333333333,1,0,left,-0.852774040435889,-149.308792114258,12,0.0001,68.0559539794922,1117.24047813009,2.41697478294373,0.481678485870361,0.0249543376266956,-5.44614020508252,20479.047484313,-32298.4460984357,20477.7905508619,-32296.328441069,20476.5336174107,-32294.2107837023,0,0,1,0
20130529091650.daq,21,8,400.133333333333,1,0,left,-0.791917460084449,-149.361724853516,12,0.0001,68.1501312255859,1127.22890232025,3.33981990814209,0.48179879784584,-0.050979420542717,-5.58289690326596,20470.4528999135,-32303.5337924256,20469.1979233974,-32301.414974744,20467.9429468813,-32299.2961570625,0,0,1,0
20130529091650.daq,21,8,400.233333333333,1,0,left,-0.704074216278485,-149.441589355469,12,0.0001,68.2473678588867,1137.23137913262,3.69137978553772,0.482267826795578,-0.0130125414580107,-5.71474607875104,20461.8412760051,-32308.6282002627,20460.5892541241,-32306.5076353302,20459.3372322431,-32304.3870703977,0,1,1,1
20130529091650.daq,21,8,400.333333333333,1,0,left,-0.603571839264049,-149.533782958984,12,0.0001,68.3464813232422,1147.24826803966,3.55954480171204,0.481811255216599,-0.0130125414580107,-5.83778984213809,20453.2153371679,-32313.7220993464,20451.966729069,-32311.5995225542,20450.71812097,-32309.476945762,0,1,1,1
20130529091650.daq,21,8,400.433333333333,1,0,left,-0.503851914699965,-149.625,12,0.0001,68.4465942382813,1157.27977465399,3.38376474380493,0.480450361967087,0.0154626751318574,-5.95158064353974,20444.5699243584,-32318.8179836849,20443.3246970626,-32316.6934217523,20442.0794697669,-32314.5688598198,0,1,1,1
20130529091650.daq,21,8,400.533333333333,1,0,left,-0.40509754517393,-149.715057373047,12,0.0001,68.5473175048828,1167.32601320487,3.33981990814209,0.481893539428711,0.0154626751318574,-6.05179540589141,20435.9070001163,-32323.9100016579,20434.6651137389,-32321.7834851051,20433.4232273615,-32319.6569685524,0,1,1,1
20130529091650.daq,21,8,400.633333333333,1,0,left,-0.315563740374529,-149.795700073242,12,0.0001,68.648307800293,1177.38704588899,3.12009477615356,0.482251852750778,0.0154626751318574,-6.13786933300727,20427.225043094,-32328.9984923357,20425.9861509765,-32326.8702299589,20424.7472588591,-32324.741967582,0,1,1,1
20130529091650.daq,21,8,400.733333333333,1,0,left,-0.233434696698822,-149.868743896484,12,0.0001,68.7494735717773,1187.46290478377,2.81247997283936,0.481308817863464,0.0154626751318574,-6.20703053995989,20418.522003612,-32334.0814300511,20417.285825727,-32331.9515899961,20416.049647842,-32329.8217499411,0,1,1,1
20130529091650.daq,21,8,400.833333333333,1,0,left,-0.160007418955161,-149.932891845703,12,0.0001,68.8506317138672,1197.55360350347,2.68064475059509,0.483521074056625,0.00597078166902065,-6.26044396834593,20409.7999013564,-32339.1588697144,20408.5661087995,-32337.0276469786,20407.3323162426,-32334.8964242427,0,1,1,1
20130529091650.daq,21,8,400.933333333333,1,0,left,-0.0946618973375735,-149.98860168457,12,0.0001,68.9516906738281,1207.65913048528,2.46091985702515,0.484788328409195,-0.0225042030215263,-6.29993476475213,20401.0587112094,-32344.2327471508,20399.8269914661,-32342.1003257813,20398.5952717228,-32339.9679044117,0,1,1,1
20130529091650.daq,21,8,401.033333333333,1,0,left,-0.0394893452183567,-150.034103393555,12,0.0001,69.0528030395508,1217.77948125329,2.0654149055481,0.48502191901207,0.0154626751318574,-6.32425159152032,20392.2985244875,-32349.3031366666,20391.0684986047,-32347.1697377936,20389.838472722,-32345.0363389206,0,1,1,1
20130529091650.daq,21,8,401.133333333333,1,0,left,0.00159509180997475,-150.065322875977,12,0.0001,69.1541366577148,1227.91467725463,1.71385490894318,0.484865516424179,-0.0130125414580107,-6.33899749435884,20383.5234588563,-32354.3721608463,20382.2945956083,-32352.2380920702,20381.0657323604,-32350.104023294,0,1,1,1
20130529091650.daq,21,8,401.233333333333,1,0,left,0.00665811662844362,-150.090713500977,12,0.0001,69.255256652832,1238.06472417743,1.84568989276886,0.485562294721603,0.0249543376266956,-6.34447310698767,20374.7291664744,-32359.4414249089,20373.5012490596,-32357.3068117715,20372.2733316449,-32355.1721986342,0,1,1,1
20130529091650.daq,21,8,401.333333333333,1,0,left,0.0118482161335578,-150.117568969727,12,0.0001,69.3561935424805,1248.22958621434,2.15330481529236,0.486137360334396,-0.0130125414580107,-6.34874969228599,20365.9191732348,-32364.5125809714,20364.692256483,-32362.3773925236,20363.4653397312,-32360.2422040758,0,1,1,1
20130529091650.daq,21,8,401.433333333333,1,0,left,0.0256232772835574,-150.148361206055,12,0.0001,69.4570083618164,1258.40924639415,2.37302994728088,0.485881775617599,0.0154626751318574,-6.3514418151639,20357.095303608,-32369.5874798252,20355.8695345389,-32367.4516323089,20354.6437654699,-32365.3157847926,0,1,1,1
20130529091650.daq,21,8,401.533333333333,1,0,left,0.0456819046385419,-150.181365966797,12,0.0001,69.5575866699219,1268.60367608962,2.32908487319946,0.485581189393997,-0.0130125414580107,-6.35023567959049,20348.2556944883,-32374.6642393761,20347.0311559599,-32372.5276861201,20345.8066174314,-32370.3911328641,0,1,1,1
20130529091650.daq,21,8,401.633333333333,1,0,left,0.0706704439217845,-150.214904785156,12,0.0001,69.6578369140625,1278.81283445794,2.15330481529236,0.485247403383255,-0.00352087989449501,-6.34611786364141,20339.3984802423,-32379.7429289436,20338.1751925824,-32377.6056592544,20336.9519049225,-32375.4683895651,0,1,1,1
20130529091650.daq,21,8,401.733333333333,1,0,left,0.0944088894169965,-150.242797851563,12,0.0001,69.7576904296875,1289.03666806781,1.93357992172241,0.486765742301941,-0.00352087989449501,-6.3388666726311,20330.5278885684,-32384.8257577256,20329.3056415315,-32382.6878927616,20328.0833944946,-32380.5500277976,0,1,1,1
20130529091650.daq,21,8,401.833333333333,1,0,left,0.1153101962976,-150.263458251953,12,0.0001,69.8571166992188,1299.27511500231,1.88963496685028,0.485701680183411,-0.0130125414580107,-6.32799394755922,20321.6420485139,-32389.9127919473,20320.4205724535,-32387.7744863898,20319.1990963931,-32385.6361808323,0,1,1,1
20130529091650.daq,21,8,401.933333333333,1,0,left,0.137051653232561,-150.280563354492,12,0.0001,69.9561462402344,1309.52811595549,1.80174493789673,0.486284375190735,-0.0130125414580107,-6.30917066290104,20312.7407685838,-32394.9999732481,20311.5199309484,-32392.861303126,20310.2990933129,-32390.7226330039,0,1,1,1
20130529091650.daq,21,8,402.033333333333,1,0,left,0.153728096696568,-150.288208007813,12,0.0001,70.054801940918,1319.7956132066,1.45018494129181,0.485839873552322,-0.0699629709124565,-6.28819032777037,20303.826308702,-32400.0934061494,20302.6057564281,-32397.9545731568,20301.3852041542,-32395.8157401642,0,1,1,1
20130529091650.daq,21,8,402.133333333333,1,0,left,0.166973883480239,-150.28776550293,12,0.0001,70.1531066894531,1330.07755369733,1.2744048833847,0.486412137746811,0.00597078166902065,-6.26196958415898,20294.898597328,-32405.1910807559,20293.6780285356,-32403.0522571899,20292.4574597432,-32400.9134336239,0,1,1,1
20130529091650.daq,21,8,402.233333333333,1,0,left,0.178369742481038,-150.281265258789,12,0.0001,70.2510833740234,1340.37378795054,1.23045992851257,0.488589316606522,0.0913964286446571,-6.23133202865051,20285.9575289709,-32410.2948660105,20284.7367175354,-32408.1561809326,20283.5159060999,-32406.0174958547,0,1,1,1
20130529091650.daq,21,8,402.333333333333,1,0,left,0.187917275409973,-150.268112182617,12,0.0001,70.3487319946289,1350.68446814755,1.09862494468689,0.499745815992355,0.0344459973275661,-6.19746214556564,20277.0050877821,-32415.4047864817,20275.7837854126,-32413.2663817152,20274.5624830432,-32411.1279769486,0,1,1,1
20130529091650.daq,21,8,402.433333333333,1,0,left,0.197634254453845,-150.251068115234,12,0.000100234156676914,70.4462051391602,1361.00945441583,0.92284494638443,0.509852528572083,0.0249543376266956,-6.15831340331793,20268.0391771921,-32420.5226805828,20266.8172387545,-32418.3846392179,20265.5953003169,-32416.2465978529,0,1,1,1
20130529091650.daq,21,8,402.533333333333,1,0,left,0.203743786363617,-150.225463867188,12,0.000103172017385814,70.5437393188477,1371.34873808329,0.659174978733063,0.514216840267181,-0.0225042030215263,-6.1169634550067,20259.0639464981,-32425.6487415703,20257.841052738,-32423.5112464767,20256.6181589779,-32421.3737513832,0,1,1,1
20130529091650.daq,21,8,402.633333333333,1,0,left,0.208776933794098,-150.194869995117,12,0.000106110812118323,70.6415481567383,1381.70234563245,0.57128494977951,0.515430688858032,-0.0130125414580107,-6.07161098622763,20250.0753040862,-32430.7847741619,20248.8512691555,-32428.6479323541,20247.6272342247,-32426.5110905462,0,1,1,1
20130529091650.daq,21,8,402.733333333333,1,0,left,0.21457774306657,-150.159942626953,12,0.000109046845611884,70.739616394043,1392.07031883858,0.527339994907379,0.51592880487442,-0.050979420542717,-6.02346700047145,20241.079075496,-32435.9307507997,20239.8537381792,-32433.7946555576,20238.6284008624,-32431.6585603155,0,1,1,1
20130529091650.daq,21,8,402.833333333333,1,0,left,0.220056006730772,-150.120147705078,12,0.000111977862024894,70.8378524780273,1402.45268940611,0.483394980430603,0.516543507575989,0.0534295551478863,-5.97405322218501,20232.0713826294,-32441.0905993937,20230.8445619781,-32438.9553557277,20229.6177413269,-32436.8201120617,0,1,1,1
20130529091650.daq,21,8,402.933333333333,1,0,left,0.228721656512988,-150.078994750977,12,0.000114902953779502,70.9361114501953,1412.84947048308,0.439449995756149,0.516664564609528,-0.00352087989449501,-5.92071323239166,20223.0559491987,-32446.260268251,20221.8275952156,-32444.1259063052,20220.5992412324,-32441.9915443594,0,1,1,1
20130529091650.daq,21,8,403.033333333333,1,0,left,0.239781660856153,-150.035690307617,12,0.000117822111448473,71.034294128418,1423.2606588058,0.439449995756149,0.51661604642868,-0.0225042030215263,-5.86502341863406,20214.0308635862,-32451.4436962015,20212.8008967924,-32449.3102632615,20211.5709299986,-32447.1768303215,0,1,1,1
20130529091650.daq,21,8,403.133333333333,1,0,left,0.255983040598892,-149.992980957031,12,0.000120735726288474,71.1323394775391,1433.68623796257,0.439449995756149,0.517710030078888,-0.00352087989449501,-5.80602377327537,20204.9959826397,-32456.6407697933,20203.7644258868,-32454.5082542863,20202.5328691339,-32452.3757387793,0,1,1,1
20130529091650.daq,21,8,403.233333333333,1,0,left,0.275734104602634,-149.948196411133,12,0.000123644342340219,71.2301864624023,1444.12618277629,0.395504981279373,0.518347144126892,0.00597078166902065,-5.74385539626691,20195.9533988792,-32461.8515990448,20194.7201756479,-32459.7200468204,20193.4869524167,-32457.5884945959,0,1,1,1
20130529091650.daq,21,8,403.333333333333,1,0,left,0.296312616434136,-149.900695800781,12,0.000126548577086854,71.3278198242188,1454.5804634075,0.307614982128143,0.518805742263794,-0.0319960974156857,-5.67769619625638,20186.9011928692,-32467.0781631853,20185.6662029155,-32464.9476340872,20184.4312129619,-32462.8171049891,0,0,1,0
20130529091650.daq,21,8,403.433333333333,1,0,left,0.318356380163152,-149.850112915039,12,0.000129449010195686,71.4252319335938,1465.04904749903,0.219724997878075,0.519223511219025,-0.0130125414580107,-5.60656051535397,20177.8432902867,-32472.3165706563,20176.6064199028,-32470.1871326843,20175.3695495188,-32468.0576947122,0,0,1,0
20130529091650.daq,21,8,403.533333333333,1,0,left,0.344603124674592,-149.797882080078,12,0.000132346135132697,71.5224151611328,1475.5319017612,0.219724997878075,0.520142436027527,0.0154626751318574,-5.5300480472368,20168.7757101535,-32477.57066842,20167.536899088,-32475.4423588638,20166.2980880225,-32473.3140493075,0,0,1,0
20130529091650.daq,21,8,403.633333333333,1,0,left,0.372964121854466,-149.744445800781,12,0.000135239113863892,71.6193695068359,1486.02899206511,0.219724997878075,0.520639181137085,0.00597078166902065,-5.44954865128292,20159.7023357281,-32482.8404381016,20158.4615402571,-32480.7132848343,20157.2207447862,-32478.586131567,0,0,1,0
20130529091650.daq,21,8,403.733333333333,1,0,left,0.404870267852544,-149.688552856445,12,0.000138126092530133,71.7160949707031,1496.54028614682,0.17577999830246,0.521311819553375,-0.00352087989449501,-5.36172860958887,20150.6193264726,-32488.1259307445,20149.3764565205,-32485.9999889048,20148.1335865684,-32483.8740470652,0,0,1,0
20130529091650.daq,21,8,403.833333333333,1,0,left,0.42545476712786,-149.63151550293,12,0.000141005517289003,71.8118438720703,1507.06569448792,0.0878899991512299,0.522094070911407,0.00597078166902065,-5.26980756635823,20141.530520099,-32493.4270923193,20140.2855344101,-32491.302388797,20139.0405487211,-32489.1776852746,0,0,1,0
20130529091650.daq,21,8,403.933333333333,1,0,left,0.445177431205195,-149.569778442383,12,0.000143875952467818,71.907600402832,1517.60513941248,0,0.522283494472504,-0.0225042030215263,-5.17413121211416,20132.4361033749,-32498.7440678069,20131.1888290093,-32496.6207070085,20129.9415546437,-32494.49734621,0,0,1,0
20130529091650.daq,21,8,404.033333333333,1,0,left,0.470230248801158,-149.506240844727,12,0.000146736078312249,72.0034255981445,1528.15863807823,-0.131834983825684,0.522415280342102,-0.00352087989449501,-5.07151608686815,20123.3339714663,-32504.0767382118,20122.0843431878,-32501.9547618715,20120.8347149092,-32499.8327855312,0,0,1,0
20130529091650.daq,21,8,404.133333333333,1,0,left,0.497162995020659,-149.438735961914,12,0.000149584639621994,72.0991897583008,1538.72618834046,-0.175779983401299,0.522991895675659,0.043937660753727,-4.96287225856416,20114.2261916821,-32509.4251914227,20112.9740641961,-32507.3046888449,20111.7219367102,-32505.1841862671,0,0,1,0
20130529091650.daq,21,8,404.233333333333,1,0,left,0.525935362074989,-149.367218017578,12,0.000152420469818727,72.1947326660156,1549.30776959126,-0.219724982976913,0.523570954799652,0.0249543376266956,-4.84938643958867,20105.1108138733,-32514.7933348089,20103.8560405021,-32512.6743968178,20102.6012671309,-32510.5554588266,0,0,1,0
20130529091650.daq,21,8,404.333333333333,1,0,left,0.551945259996273,-149.287078857422,12,0.000155242241995085,72.289924621582,1559.90333958914,-0.791009962558746,0.523455619812012,-0.0414877571165562,-4.73054345709589,20095.9919877179,-32520.1794014073,20094.734251833,-32518.06222053,20093.4765159481,-32515.9450396527,0,0,1,0
20130529091650.daq,21,8,404.433333333333,1,0,left,0.568509195899509,-149.18977355957,12,0.000158048418014094,72.3846664428711,1570.51283893488,-1.31834995746613,0.523251116275787,0.00597078166902065,-4.6039505742645,20086.868212395,-32525.5837352313,20085.6068827219,-32523.4686934162,20084.3455530488,-32521.3536516012,0,0,1,0
20130529091650.daq,21,8,404.533333333333,1,0,left,0.574521989655466,-149.07780456543,12,0.000160837421333112,72.4789657592773,1581.1362007694,-1.71385490894318,0.523390710353851,-0.0130125414580107,-4.47142849268733,20077.741312318,-32531.0081837465,20076.475851783,-32528.8956108938,20075.210391248,-32526.7830380412,0,0,1,0
20130529091650.daq,21,8,404.633333333333,1,0,left,0.574726923138485,-148.954147338867,12,0.000163607978428595,72.572868347168,1591.77336429476,-1.80174493789673,0.523909509181976,-0.0130125414580107,-4.33392666080356,20068.6111334432,-32536.454575727,20067.3411164498,-32534.3447389419,20066.0710994564,-32532.2349021567,0,0,1,0
20130529091650.daq,21,8,404.733333333333,1,0,left,0.574050301278248,-148.821578979492,12,0.000166359476193156,72.6664581298828,1602.42427663913,-1.84568989276886,0.523921489715576,0.00597078166902065,-4.1904784962306,20059.4794846612,-32541.9227956798,20058.2045894276,-32539.8159030468,20056.929694194,-32537.7090104139,0,0,1,0
20130529091650.daq,21,8,404.833333333333,1,0,left,0.558092137191124,-148.687194824219,12,0.000169092325823224,72.7591018676758,1613.08887001096,-1.84568989276886,0.52418041229248,-0.00352087989449501,-4.04595863266742,20050.3479446408,-32547.4184157788,20049.0681113156,-32545.3145191362,20047.7882779903,-32543.2106224935,0,0,1,0
20130529091650.daq,21,8,404.933333333333,1,0,left,0.52833915010558,-148.551879882813,12,0.00017180712774362,72.8511810302734,1623.76697936065,-1.84568989276886,0.524089813232422,-0.00352087989449501,-3.90329955797845,20041.2164667614,-32552.9394468895,20039.9316682556,-32550.8385786825,20038.6468697499,-32548.7377104756,0,0,1,0
20130529091650.daq,21,8,405.033333333333,1,0,left,0.499616871999763,-148.416900634766,12,0.000174501970528818,72.9435653686523,1634.45861606448,-1.84568989276886,0.523968696594238,-0.0225042030215263,-3.76542595103501,20032.08693686,-32558.4877913967,20030.7971926309,-32556.3899557866,20029.5074484019,-32554.2921201765,0,0,1,0
20130529091650.daq,21,8,405.133333333333,1,0,left,0.47491669540392,-148.281814575195,12,0.000177174595519193,73.0360565185547,1645.16381164042,-1.84568989276886,0.523999333381653,0.0154626751318574,-3.63108157464922,20022.9574253067,-32564.0654200621,20021.6627386071,-32561.9706311053,20020.3680519076,-32559.8758421485,0,0,1,0
20130529091650.daq,21,8,405.233333333333,1,0,left,0.452184440683425,-148.146255493164,12,0.0001798236117152,73.1284561157227,1655.8825688859,-1.84568989276886,0.524753928184509,-0.00352087989449501,-3.50231659426585,20013.8299048061,-32569.6723472852,20012.530265564,-32567.5806273556,20011.230626322,-32565.4889074259,0,0,1,0
20130529091650.daq,21,8,405.333333333333,1,0,left,0.43148794425943,-148.010284423828,12,0.000182448094020738,73.2205123901367,1666.61485600325,-1.84568989276886,0.525019824504852,0.043937660753727,-3.37663045336383,20004.7043721798,-32575.3066173277,20003.3997726519,-32573.2179875148,20002.095173124,-32571.1293577019,0,0,1,0
20130529091650.daq,21,11,429.116666666667,1,0,left,-1.50556828166675,-111.501907348633,12,0.00023705194033164,69.5118865966797,0,-0.483394980430603,0.874825000762939,-0.0225042030215263,-3.49037209466367,18424.6242076894,-34436.6697026695,18422.3329998086,-34435.7670837741,18420.0417919277,-34434.8644648788,1,0,0,0
20130529091650.daq,21,11,429.216666666667,1,0,left,-1.46133303662529,-111.411026000977,12,0.000236117916477113,69.6435394287109,10.2048281006428,-1.88963496685028,0.890836238861084,-0.050979420542717,-3.71597687188479,18420.8743921564,-34446.1579586969,18418.5817554436,-34445.2589752007,18416.2891187308,-34444.3599917045,1,0,0,0
20130529091650.daq,21,11,429.316666666667,1,0,left,-1.43934485946802,-111.286117553711,12,0.000235194813813627,69.7861785888672,20.4300641659647,-2.37302994728088,0.891802132129669,-0.0319960974156857,-3.95277934557267,18417.1346519318,-34455.6657208882,18414.8400608273,-34454.7717376183,18412.5454697229,-34453.8777543484,1,0,0,0
20130529091650.daq,21,11,429.416666666667,1,0,left,-1.4459056241863,-111.142486572266,12,0.000234288564617509,69.92236328125,30.6753799617072,-2.68064475059509,0.892252504825592,-0.0130125414580107,-4.184814446984,18413.4059222541,-34465.2007969048,18411.1090972946,-34464.3125685958,18408.8122723351,-34463.4243402869,1,0,0,0
20130529091650.daq,21,11,429.516666666667,1,0,left,-1.46555373383229,-110.983596801758,12,0.000233405490527913,70.0593948364258,40.9407254134931,-2.81247973442078,0.870512068271637,-0.0225042030215263,-4.41404521391349,18409.6899257759,-34474.7631802532,18407.3906464613,-34473.8813247908,18405.0913671466,-34472.9994693284,1,0,0,0
20130529091650.daq,21,11,429.616666666667,1,0,left,-1.4802243412575,-110.827499389648,12,0.000232552101345747,70.1968383789063,51.2262022553041,-2.32908487319946,0.860268175601959,-0.0225042030215263,-4.63766249959924,18405.9854620045,-34484.3489746188,18403.6837886867,-34483.4733866097,18401.382115369,-34482.5977986006,1,0,0,0
20130529091650.daq,21,11,429.716666666667,1,0,left,-1.47642989995256,-110.68766784668,12,0.000231733230437161,70.3341064453125,61.5318335194679,-1.53807497024536,0.851244032382965,-0.0604710802435875,-4.86164591081277,18402.2974943682,-34493.9621036373,18399.9936910163,-34493.0921355118,18397.6898876645,-34492.2221673863,1,0,0,0
20130529091650.daq,21,11,429.816666666667,1,0,left,-1.43964392493942,-110.576080322266,12,0.000230954964944665,70.4706192016602,71.8575487102498,-0.439449965953827,0.824157059192657,-0.0889462977647781,-5.08221408573805,18398.6213202593,-34503.6064971251,18396.3158269542,-34502.7410174643,18394.010333649,-34501.8755378035,1,0,0,0
20130529091650.daq,21,11,429.916666666667,1,0,left,-1.36468824509082,-110.5029296875,12,0.000230225269523842,70.6059799194336,82.2032060901038,0.615229964256287,0.813444554805756,-0.0319960974156857,-5.29996049079026,18394.9601683909,-34513.2782739745,18392.6535719903,-34512.4157384864,18390.3469755898,-34511.5532029982,1,0,0,0
20130529091650.daq,21,11,430.016666666667,1,0,left,-1.2717583068487,-110.446685791016,12,0.000229549928769026,70.7393646240234,92.5685945447331,0.219724997878075,0.81286883354187,-0.00352087989449501,-5.51078911779523,18391.3115641877,-34522.9735067861,18389.0041221982,-34522.1132359631,18386.6966802088,-34521.2529651402,1,0,0,0
20130529091650.daq,21,11,430.116666666667,1,0,left,-1.19149204639747,-110.387481689453,12,0.000228933165423389,70.8702926635742,102.953345836329,-0.439449965953827,0.795803248882294,-0.0225042030215263,-5.71375082235235,18387.6709692162,-34532.6960751877,18385.3626395353,-34531.8381891185,18383.0543098545,-34530.9803030492,0,1,0,1
20130529091650.daq,21,11,430.216666666667,1,0,left,-1.12309765836537,-110.314193725586,12,0.000228378924810322,71.000617980957,113.35724726539,-0.74706494808197,0.775096476078033,-0.0319960974156857,-5.90798415151305,18384.0391230035,-34542.4420545577,18381.7296978753,-34541.5871218115,18379.4202727471,-34540.7321890653,0,1,0,1
20130529091650.daq,21,11,430.316666666667,1,0,left,-1.05806159624004,-110.235321044922,12,0.000227889914781503,71.130012512207,123.780196724932,-0.175779983401299,0.736660718917847,-0.0699629709124565,-6.09093026031125,18380.4154604216,-34552.2075494988,18378.1048605918,-34551.3557966884,18375.794260762,-34550.5040438781,0,1,0,1
20130529091650.daq,21,11,430.416666666667,1,0,left,-0.968308189911241,-110.178924560547,12,0.000227467671269088,71.2577972412109,134.222019001289,0.92284494638443,0.653743326663971,-0.0414877571165562,-6.26136782569336,18376.7961628244,-34562.0004208266,18374.4847257301,-34561.1509427619,18372.1732886357,-34560.3014646973,0,1,0,1
20130529091650.daq,21,11,430.516666666667,1,0,left,-0.853791818684655,-110.145034790039,12,0.000227113071754611,71.3826446533203,144.682388098146,1.53807497024536,0.57058185338974,-0.0319960974156857,-6.41438490165837,18373.1792751684,-34571.8128605085,18370.8673360223,-34570.9647497799,18368.5553968761,-34570.1166390512,0,1,0,1
20130529091650.daq,21,11,430.616666666667,1,0,left,-0.710473921682819,-110.135101318359,12,0.000226826472105665,71.502799987793,155.160742846841,2.19724988937378,0.548354744911194,-0.0225042030215263,-6.54740582848015,18369.562748032,-34581.644873826,18367.2506618822,-34580.7971639352,18364.9385757323,-34579.9494540443,0,1,0,1
20130529091650.daq,21,11,430.716666666667,1,0,left,-0.552215908772567,-110.146865844727,12,0.000226607479656596,71.6171569824219,165.656314974076,2.46091985702515,0.550404191017151,-0.0319960974156857,-6.66135322994793,18365.948684692,-34591.4964575515,18363.6367726509,-34590.6482729385,18361.3248606099,-34589.8000883255,0,1,0,1
20130529091650.daq,21,11,430.816666666667,1,0,left,-0.395087892481158,-110.163070678711,12,0.000226454304218278,71.7266845703125,176.168262540348,2.15330481529236,0.550816595554352,-0.0319960974156857,-6.75281510427752,18362.3304199092,-34601.3675802752,18360.0187478507,-34600.5187418234,18357.7070757922,-34599.6699033715,0,1,0,1
20130529091650.daq,21,11,430.916666666667,1,0,left,-0.240074349914806,-110.176803588867,12,0.000226362753643021,71.8339385986328,186.69608974408,1.88963496685028,0.550854921340942,-0.050979420542717,-6.82249835017869,18358.7123194512,-34611.2504170907,18356.4008509125,-34610.4010245913,18354.0893823739,-34609.5516320918,0,1,0,1
20130529091650.daq,21,11,431.016666666667,1,0,left,-0.0933117815314404,-110.177124023438,12,0.000226326332523212,71.9393768310547,197.239511804772,1.40623998641968,0.551358461380005,-0.107929855585098,-6.86422224289614,18355.0872981488,-34621.1488551554,18352.7758343605,-34620.2994497288,18350.4643705722,-34619.4500443022,0,1,0,1
20130529091650.daq,21,11,431.116666666667,1,0,left,0.039822673417433,-110.161010742188,12,0.000226337587164596,72.0430450439453,207.798265575519,0.791009962558746,0.551152169704437,-0.0130125414580107,-6.87997378115312,18351.4575099774,-34631.062889109,18349.1458074023,-34630.2141337685,18346.8341048273,-34629.365378428,0,1,0,1
20130529091650.daq,21,11,431.216666666667,1,0,left,0.150922143300264,-110.120040893555,12,0.000226387281963825,72.1451873779297,218.372110662021,0.0878899991512299,0.551675319671631,-0.050979420542717,-6.87127773240147,18347.8254679726,-34640.9925026698,18345.5131590787,-34640.1454005493,18343.2008501848,-34639.2982984288,0,1,1,1
20130529091650.daq,21,11,431.316666666667,1,0,left,0.242429191883915,-110.056640625,12,0.000226465652910917,72.2459945678711,228.960836229744,-0.527339935302734,0.551632046699524,-0.0225042030215263,-6.8359482597106,18344.1910107557,-34650.933790661,18341.8777659224,-34650.0892477289,18339.564521089,-34649.2447047967,0,1,1,1
20130529091650.daq,21,11,431.416666666667,1,0,left,0.304074009940138,-109.972030639648,12,0.000226564214070144,72.344841003418,239.564220907043,-0.834954977035522,0.551562666893005,-0.0699629709124565,-6.77894682157242,18340.557963288,-34660.8906568256,18338.2434738215,-34660.0495308345,18335.928984355,-34659.2084048434,0,1,1,1
20130529091650.daq,21,11,431.516666666667,1,0,left,0.349751651098032,-109.876251220703,12,0.000226677099365972,72.4426879882813,250.181997257605,-1.05467987060547,0.551330208778381,-0.050979420542717,-6.70357338853886,18336.9276111256,-34670.8631161747,18334.6117188117,-34670.0258604109,18332.2958264979,-34669.188604647,0,1,1,1
20130529091650.daq,21,11,431.616666666667,1,0,left,0.389881730388041,-109.772018432617,12,0.000226800490381399,72.54052734375,260.81412443865,-1.23045992851257,0.551531732082367,0.0154626751318574,-6.61497266188843,18333.3056329854,-34680.8511710526,18330.9882213644,-34680.0181297556,18328.6708097435,-34679.1850884586,0,1,1,1
20130529091650.daq,21,11,431.716666666667,1,0,left,0.430758470821132,-109.663131713867,12,0.000226927104445923,72.6382751464844,271.46059713501,-1.31834995746613,0.552172780036926,-0.0414877571165562,-6.51458504108298,18329.6937293536,-34690.8587336133,18327.3747387803,-34690.0300979005,18325.0557482071,-34689.2014621878,0,1,1,1
20130529091650.daq,21,11,431.816666666667,1,0,left,0.470600307102913,-109.552703857422,12,0.000227050965690008,72.7357940673828,282.121391848115,-1.36229491233826,0.551588773727417,-0.0130125414580107,-6.40223651896343,18326.0916932777,-34700.8858098401,18323.7711099583,-34700.061645123,18321.4505266388,-34699.2374804058,0,1,1,1
20130529091650.daq,21,11,431.916666666667,1,0,left,0.512830814334961,-109.43913269043,12,0.000227169759227994,72.8328399658203,292.796454680385,-1.36229491233826,0.552625894546509,-0.0225042030215263,-6.28082136089482,18322.5015843007,-34710.9363011982,18320.1793718895,-34710.1167379361,18317.8571594783,-34709.297174674,0,1,1,1
20130529091650.daq,21,11,432.016666666667,1,0,left,0.556753145184473,-109.326812744141,12,0.000227284596779722,72.9292678833008,303.485706836975,-1.40623986721039,0.551989793777466,-0.0604710802435875,-6.14762067987004,18318.9250634703,-34721.0024060369,18316.6012488891,-34720.1873967024,18314.2774343078,-34719.3723873679,0,1,1,1
20130529091650.daq,21,11,432.116666666667,1,0,left,0.586078187454135,-109.21208190918,12,0.000227400730033229,73.0240783691406,314.188981310042,-1.40623986721039,0.552158713340759,0.0819045379757881,-6.00771833154556,18315.3643272159,-34731.0880205509,18313.0388852949,-34730.2776661252,18310.7134433738,-34729.4673116996,0,1,1,1
20130529091650.daq,21,11,432.216666666667,1,0,left,0.615182646263762,-109.099044799805,12,0.000227525454516364,73.1185607910156,324.906115754187,-1.45018494129181,0.552188217639923,-0.0225042030215263,-5.86267645322162,18311.8191027772,-34741.1931561552,18309.492066659,-34740.3873910976,18307.1650305408,-34739.58162604,0,1,1,1
20130529091650.daq,21,11,432.316666666667,1,0,left,0.6491705653373,-108.985504150391,12,0.000227667279453553,73.2134475708008,335.637150639195,-1.45018494129181,0.551973819732666,-0.0225042030215263,-5.71172378036865,18308.2895361161,-34751.3217128609,18305.9609078171,-34750.5205607725,18303.6322795181,-34749.7194086841,0,1,1,1
20130529091650.daq,21,11,432.416666666667,1,0,left,0.68579016833506,-108.871536254883,12,0.000227835041201255,73.3084182739258,346.382111328632,-1.45018494129181,0.551955997943878,-0.0319960974156857,-5.55234600940159,18304.7736690012,-34761.4697844704,18302.4434517263,-34760.6732658734,18300.1132344515,-34759.8767472764,0,0,1,0
20130529091650.daq,21,11,432.516666666667,1,0,left,0.724997048347703,-108.757080078125,12,0.000228036922038422,73.4032287597656,357.140992973582,-1.49412989616394,0.551681756973267,-0.0794546380639076,-5.38556454349409,18301.2734585731,-34771.6373706077,18298.9416547936,-34770.8455085255,18296.6098510141,-34770.0536464432,0,0,1,0
20130529091650.daq,21,11,432.616666666667,1,0,left,0.764336389749459,-108.639663696289,12,0.000228279527564559,73.4976577758789,367.913755010988,-1.53807497024536,0.551833987236023,-0.0319960974156857,-5.2107729955187,18297.7890689488,-34781.8244623199,18295.4556473019,-34781.0373804683,18293.1222256549,-34780.2502986167,0,0,1,0
20130529091650.daq,21,11,432.716666666667,1,0,left,0.801110454959257,-108.521179199219,12,0.000228567212189989,73.5912322998047,378.700325266625,-1.62596487998962,0.551754593849182,-0.0319960974156857,-5.02913729141939,18294.3223275204,-34792.0310653699,18291.9872832223,-34791.2488105845,18289.6522389242,-34790.466555799,0,0,1,0
20130529091650.daq,21,11,432.816666666667,1,0,left,0.820035751148424,-108.398895263672,12,0.000228901866507526,73.6833572387695,389.500490761216,-1.71385490894318,0.552017986774445,-0.0414877571165562,-4.83930944872483,18290.8695093217,-34802.2571688784,18288.53280081,-34801.4798994561,18286.1960922984,-34800.7026300338,0,0,1,0
20130529091650.daq,21,11,432.916666666667,1,0,left,0.844079324680152,-108.275787353516,12,0.00022928315888874,73.7758941650391,400.314193494283,-1.75779986381531,0.5527463555336,-0.0414877571165562,-4.64523071049396,18287.4343229493,-34812.502783041,18285.0959497618,-34811.7305361506,18282.7575765744,-34810.9582892602,0,0,1,0
20130529091650.daq,21,11,433.016666666667,1,0,left,0.865275349036594,-108.148620605469,12,0.000229709061979745,73.8685836791992,411.141479157544,-1.93357992172241,0.552086353302002,-0.00352087989449501,-4.44530995476271,18284.0169830615,-34822.7678942041,18281.6769016497,-34822.0008391803,18279.3368202378,-34821.2337841566,0,0,1,0
20130529091650.daq,21,11,433.116666666667,1,0,left,0.883634568458646,-108.015045166016,12,0.000230176475316628,73.9613342285156,421.982366960132,-2.15330481529236,0.551646709442139,-0.0319960974156857,-4.24167378630343,18280.6176454581,-34833.0563967977,18278.2757821478,-34832.2947993584,18275.9339188376,-34831.5332019191,0,0,1,0
20130529091650.daq,21,11,433.216666666667,1,0,left,0.902378992486817,-107.875686645508,12,0.000230681729797201,74.0538177490234,432.836746216257,-2.19724988937378,0.552137136459351,-0.0225042030215263,-4.03369865424362,18277.2382215152,-34843.3643843721,18274.8945127271,-34842.6084852122,18272.550803939,-34841.8525860523,0,0,1,0
20130529091650.daq,21,11,433.316666666667,1,0,left,0.919950972975229,-107.734069824219,12,0.000231220899054371,74.145866394043,443.704752882019,-2.19724988937378,0.551647245883942,-0.0225042030215263,-3.81776029585857,18273.8765240211,-34853.6918703322,18271.5309540533,-34852.9417663731,18269.1853840855,-34852.1916624139,0,0,1,0
20130529091650.daq,21,11,433.416666666667,1,0,left,0.927062554644223,-107.59016418457,12,0.00023178971342109,74.2364883422852,454.586178081088,-2.19724988937378,0.551899194717407,0.0154626751318574,-3.59670520411493,18270.534507992,-34864.0388534256,18268.1870614429,-34863.2946430235,18265.8396148938,-34862.5504326215,0,0,1,0
20130529091650.daq,21,11,433.516666666667,1,0,left,0.928012895277959,-107.448501586914,12,0.000232383933631804,74.3265686035156,465.48082095648,-2.19724988937378,0.551524102687836,-0.0130125414580107,-3.37487328660262,18267.2138258576,-34874.4053548439,18264.8645464411,-34873.6669507224,18262.5152670246,-34872.9285466009,0,0,1,0
20130529091650.daq,21,12,469.433333333333,1,0,right,0.48631455109097,-73.357421875,12,0.000222813120410775,70.0217895507813,0,-1.80174493789673,0.485706210136414,-0.0699629709124565,2.67732333653945,18300.7698154402,-38055.7933864213,18298.4103823626,-38056.4986735796,18296.0509492849,-38057.2039607379,1,0,0,0
20130529091650.daq,21,12,469.533333333333,1,0,right,0.521735845773264,-73.2692413330078,12,0.000223228528404188,70.1716766357422,10.281095007791,-1.80174493789673,0.485920697450638,-0.107929855585098,2.778984524831,18303.7001936187,-38065.6413077595,18301.3418488007,-38066.3502253449,18298.9835039827,-38067.0591429302,1,0,0,0
20130529091650.daq,21,12,469.633333333333,1,0,right,0.568292201083523,-73.1815185546875,12,0.000223644338400453,70.3023834228516,20.5828954425378,-1.80174493789673,0.485766798257828,-0.0130125414580107,2.9003208267516,18306.6500736179,-38075.5087722342,18304.2928169528,-38076.2212997341,18301.9355602876,-38076.9338272341,1,0,0,0
20130529091650.daq,21,12,469.733333333333,1,0,right,0.611659104516775,-73.0929718017578,12,0.000224069380854341,70.410774230957,30.9020314015143,-1.80174493789673,0.48605665564537,-0.0604710802435875,3.02743427199343,18309.6234283787,-38085.3879142817,18307.2672756912,-38086.1040839101,18304.9111230037,-38086.8202535385,1,0,0,0
20130529091650.daq,21,12,469.833333333333,1,0,right,0.652762875459331,-73.0045166015625,12,0.00022451155718117,70.5118103027344,41.2364237258589,-1.80174493789673,0.48579740524292,-0.0319960974156857,3.16380681589023,18312.6143508343,-38095.2748655234,18310.2593066016,-38095.9946718066,18307.9042623689,-38096.7144780898,1,0,0,0
20130529091650.daq,21,12,469.933333333333,1,0,right,0.688280806279067,-72.9149932861328,12,0.000224978212481346,70.6102676391602,51.5854189310339,-1.84568989276886,0.487842202186584,-0.117421515285969,3.30647531511288,18315.624854237,-38105.1695776862,18313.270937559,-38105.8930627909,18310.9170208811,-38106.6165478955,1,0,0,0
20130529091650.daq,21,12,470.033333333333,1,0,right,0.719787516622802,-72.8215789794922,12,0.000225473903083445,70.7074279785156,61.9487523781427,-2.02146983146667,0.529199659824371,-0.0414877571165562,3.45655969099745,18318.6550845232,-38115.075838952,18316.3023505341,-38115.803160889,18313.949616545,-38116.5304828261,1,0,0,0
20130529091650.daq,21,12,470.133333333333,1,0,right,0.749552848631723,-72.7266540527344,12,0.000225999884653424,70.8040161132813,72.3262827959188,-2.0654149055481,0.566377699375153,-0.0225042030215263,3.61448348046442,18321.7029646855,-38124.9898416537,18319.3514389173,-38125.7210604887,18316.999913149,-38126.4522793237,1,0,0,0
20130529091650.daq,21,12,470.233333333333,1,0,right,0.77737761906991,-72.6278991699219,12,0.000226556045866344,70.900749206543,82.718000300054,-2.0654149055481,0.588886559009552,-0.0604710802435875,3.77417931317128,18324.7744735285,-38134.9114882062,18322.4242115798,-38135.6467590379,18320.0739496311,-38136.3820298695,1,0,0,0
20130529091650.daq,21,12,470.333333333333,1,0,right,0.816287450923653,-72.5305938720703,12,0.00022714026198915,70.9985961914063,93.1239516079659,-2.0654149055481,0.601908564567566,-0.0414877571165562,3.94420268238827,18327.8634786198,-38144.8409993543,18325.5144687687,-38145.5802605684,18323.1654589175,-38146.3195217825,1,0,0,0
20130529091650.daq,21,12,470.433333333333,1,0,right,0.852092720546395,-72.4325866699219,12,0.000227749158961435,71.0991058349609,103.544444346029,-2.0654149055481,0.603155970573425,-0.0604710802435875,4.12263001026846,18330.9739972866,-38154.7821911896,18328.6262554135,-38155.5254694152,18326.2785135404,-38156.2687476408,1,0,0,0
20130529091650.daq,21,12,470.533333333333,1,0,right,0.88721726636868,-72.3340454101563,12,0.000228379378694129,71.2018737792969,113.979849922478,-2.0654149055481,0.603525817394257,-0.0699629709124565,4.30441734395527,18334.1079738575,-38164.7272581179,18331.7615137975,-38165.4745730517,18329.4150537375,-38166.2218879855,1,0,0,0
20130529091650.daq,21,12,470.633333333333,1,0,right,0.918483714080821,-72.2363128662109,12,0.000229028873795179,71.3062438964844,124.430454982801,-2.0654149055481,0.604640126228333,-0.0984379574656487,4.49572889321541,18337.2614330065,-38174.6879755126,18334.9162510955,-38175.4392918425,18332.5710691845,-38176.1906081724,1,0,0,0
20130529091650.daq,21,12,470.733333333333,1,0,right,0.947558794598791,-72.1365966796875,12,0.0002296922686496,71.4114074707031,134.896434274451,-2.10935974121094,0.604410350322723,-0.0699629709124565,4.69230918527376,18340.4364711913,-38184.6525065841,18338.092600404,-38185.4079032719,18335.7487296167,-38186.1632999597,1,0,0,0
20130529091650.daq,21,12,470.833333333333,1,0,right,0.971017790290162,-72.0358276367188,12,0.000230360269470889,71.5168075561523,145.377860624372,-2.10935974121094,0.608958005905151,-0.0604710802435875,4.89476327127381,18343.6330403047,-38194.6287028206,18341.2905016968,-38195.3882206244,18338.947963089,-38196.1477384283,1,0,0,0
20130529091650.daq,21,12,470.933333333333,1,0,right,0.993551391986159,-71.9344024658203,12,0.000231028199240458,71.6220703125,155.874738974759,-2.19724988937378,0.615248739719391,-0.0699629709124565,5.10029633827859,18346.8530729385,-38204.6126745756,18344.5118825012,-38205.3763379565,18342.1706920638,-38206.1400013374,1,0,0,0
20130529091650.daq,21,12,471.033333333333,1,0,right,1.02028066869789,-71.8282775878906,12,0.000231694083612339,71.7262115478516,166.386990530707,-2.37302994728088,0.616550445556641,-0.050979420542717,5.31249314494165,18350.0948222071,-38214.6081555666,18347.755050264,-38215.3761540548,18345.4152783209,-38216.144152543,1,0,0,0
20130529091650.daq,21,12,471.133333333333,1,0,right,1.04856855646565,-71.7196350097656,12,0.000232352638108714,71.8301162719727,176.914469078794,-2.41697478294373,0.616287112236023,-0.0414877571165562,5.53194183175687,18353.3581757812,-38224.6113314557,18351.0198642998,-38225.3837651676,18348.6815528184,-38226.1561988795,1,0,0,0
20130529091650.daq,21,12,471.233333333333,1,0,right,1.07062345161232,-71.6069488525391,12,0.00023299903611083,71.9345550537109,187.457231966764,-2.68064475059509,0.616982102394104,-0.050979420542717,5.75644421651964,18356.6451637897,-38234.6221361827,18354.3083760094,-38235.3991672589,18351.9715882291,-38236.1761983351,0,1,0,1
20130529091650.daq,21,12,471.333333333333,1,0,right,1.06367540531433,-71.4674377441406,12,0.000233629194759683,72.0392684936523,198.015336822122,-4.17477464675903,0.617073953151703,-0.0794546380639076,5.98427185047144,18359.9569420798,-38244.6395903236,18357.6220532398,-38245.4223090011,18355.2871643998,-38246.2050276786,0,1,0,1
20130529091650.daq,21,12,471.433333333333,1,0,right,1.00567136746811,-71.2790374755859,12,0.000234238293771907,72.1437911987305,208.588790078997,-5.93257474899292,0.616128504276276,-0.050979420542717,6.21386901330099,18363.294619547,-38254.6627328373,18360.9623170646,-38255.4531248626,18358.6300145821,-38256.243516888,0,1,0,1
20130529091650.daq,21,12,471.533333333333,1,0,right,0.896561197246854,-71.0416870117188,12,0.000234820059450384,72.2476577758789,219.177528981236,-7.07514476776123,0.616694390773773,-0.0130125414580107,6.43831020314649,18366.6640377782,-38264.6876304733,18364.3350295345,-38265.487677362,18362.0060212908,-38266.2877242507,0,1,0,1
20130529091650.daq,21,12,471.633333333333,1,0,right,0.734677039627272,-70.7537078857422,12,0.000235366900753274,72.3506011962891,229.781437807615,-8.0419340133667,0.61601060628891,-0.0225042030215263,6.6551965377078,18370.06916083,-38274.7180857773,18367.7442031704,-38275.529828535,18365.4192455108,-38276.3415712926,0,1,0,1
20130529091650.daq,21,12,471.733333333333,1,0,right,0.526110507330344,-70.4186248779297,12,0.000235868223814437,72.4523162841797,240.400358595391,-9.18450450897217,0.618351817131042,0.0154626751318574,6.85285645174285,18373.5175914868,-38284.7464027924,18371.1974208765,-38285.5717286446,18368.8772502662,-38286.3970544969,0,1,0,1
20130529091650.daq,21,12,471.833333333333,1,0,right,0.285685529984278,-70.0401763916016,12,0.00023631136512878,72.5512619018555,251.03399369579,-10.0194597244263,0.61651611328125,-0.0225042030215263,7.02615438800258,18377.0169197724,-38294.7687996228,18374.7022511541,-38295.6094324862,18372.3875825358,-38296.4500653496,0,1,0,1
20130529091650.daq,21,12,471.933333333333,1,0,right,0.0151990413788639,-69.6315002441406,12,0.000236685850316904,72.6496505737305,261.682091338196,-10.1952390670776,0.617511749267578,-0.0699629709124565,7.17137500350634,18380.5703646881,-38304.7858196118,18378.2617509186,-38305.6429408907,18375.9531371491,-38306.5000621697,0,1,0,1
20130529091650.daq,21,12,472.033333333333,1,0,right,-0.273519086678036,-69.2067718505859,12,0.000236983235910714,72.7475128173828,272.344578975404,-9.97551441192627,0.618173539638519,-0.0604710802435875,7.27640764374867,18384.1908732824,-38314.7941622385,18381.888676647,-38315.6683733545,18379.5864800115,-38316.5425844704,0,1,0,1
20130529091650.daq,21,12,472.133333333333,1,0,right,-0.563992734783,-68.7824554443359,12,0.000237194896475626,72.8449172973633,283.021385831904,-9.7557897567749,0.616561055183411,-0.0319960974156857,7.33793464948613,18387.881532884,-38324.7945566201,18385.585873482,-38325.6857930273,18383.29021408,-38326.5770294345,0,1,0,1
20130529091650.daq,21,12,472.233333333333,1,0,right,-0.852589122510992,-68.3643493652344,12,0.000237314400717224,72.94189453125,293.712449990759,-9.44817447662354,0.616195201873779,-0.0414877571165562,7.3509012053301,18391.644015416,-38334.7794563775,18389.3549207232,-38335.6874210855,18387.0658260304,-38336.5953857934,0,1,1,1
20130529091650.daq,21,12,472.333333333333,1,0,right,-1.12829985830085,-67.9590606689453,12,0.000237337698390735,73.0384216308594,304.417701981947,-9.05266952514648,0.617542684078217,-0.0414877571165562,7.31527564787758,18395.4799616491,-38344.7530791598,18393.1973467706,-38345.6772132083,18390.914731892,-38346.6013472568,0,1,1,1
20130529091650.daq,21,12,472.433333333333,1,0,right,-1.38996997157096,-67.5699462890625,12,0.000237262148139286,73.1346054077148,315.137082686015,-8.70110988616943,0.618759334087372,-0.0604710802435875,7.22937219377922,18399.391175943,-38354.7155944474,18397.1148897521,-38355.6552090495,18394.8386035612,-38356.5948236517,0,1,1,1
20130529091650.daq,21,12,472.533333333333,1,0,right,-1.64011045028015,-67.1869659423828,12,0.000237085859975193,73.2299346923828,325.870533076726,-8.78899955749512,0.615977764129639,0.0534295551478863,7.08977621114374,18403.3781488553,-38364.6587383186,18401.1081941049,-38365.6135471237,18398.8382393545,-38366.5683559289,0,1,1,1
20130529091650.daq,21,12,472.633333333333,1,0,right,-1.88152509465777,-66.8046417236328,12,0.000236807525120823,73.3249282836914,336.617907127147,-8.9208345413208,0.61582750082016,-0.0225042030215263,6.90037828209006,18407.4411433863,-38374.590072827,18405.1776103889,-38375.5600072541,18402.9140773914,-38376.5299416811,0,1,1,1
20130529091650.daq,21,12,472.733333333333,1,0,right,-2.11901713189233,-66.4304656982422,12,0.000236427557043942,73.4208831787109,347.379279062996,-8.48138427734375,0.616702675819397,0.0154626751318574,6.66419379190052,18411.5759024396,-38384.5060471023,18409.3187519227,-38385.4907429779,18407.0616014058,-38386.4754388535,0,1,1,1
20130529091650.daq,21,12,472.833333333333,1,0,right,-2.32498013107394,-66.0897064208984,12,0.000235949959967895,73.5181884765625,358.154817943534,-6.5478048324585,0.616183221340179,-0.050979420542717,6.38296863894874,18415.7812574291,-38394.4078703999,18413.5300031487,-38395.4059728938,18411.2787488683,-38396.4040753876,0,1,1,1
20130529091650.daq,21,12,472.933333333333,1,0,right,-2.47260566074635,-65.8069610595703,12,0.000235381267545501,73.6168212890625,368.944729194933,-4.57027959823608,0.616669654846191,0.0154626751318574,6.05973559459546,18420.0560976857,-38404.3006520935,18417.8097962708,-38405.3098519631,18415.5634948559,-38406.3190518328,0,1,1,1
20130529091650.daq,21,12,473.033333333333,1,0,right,-2.54476681269726,-65.6037750244141,12,0.000234730728562934,73.7164459228516,379.749183648186,-2.41697478294373,0.617295682430267,-0.0225042030215263,5.69799088579476,18424.39361092,-38414.1815586166,18422.1509025128,-38415.1987181045,18419.9081941057,-38416.2158775924,0,0,1,0
20130529091650.daq,21,12,473.133333333333,1,0,right,-2.53999984742386,-65.4793701171875,12,0.000234010885726815,73.8168640136719,390.568309240058,-0.834954977035522,0.616390585899353,-0.0604710802435875,5.31314060021902,18428.7841076559,-38424.0623106153,18426.5436130668,-38425.0843372389,18424.3031184776,-38426.1063638625,0,0,1,0
20130529091650.daq,21,12,473.233333333333,1,0,right,-2.47878729254688,-65.4105682373047,12,0.000233236491938001,73.9178009033203,401.402205186823,-0.57128494977951,0.616352260112762,-0.0414877571165562,4.90697258388334,18433.2208654172,-38433.9379116258,18430.9815997125,-38434.9626279412,18428.7423340077,-38435.9873442565,0,0,1,0
20130529091650.daq,21,12,473.333333333333,1,0,right,-2.38082077562201,-65.366455078125,12,0.000232422757264111,74.0176544189453,412.25062120986,-0.615229964256287,0.616746723651886,-0.0225042030215263,4.49250630436673,18437.6975013474,-38443.8186029335,18435.4590252557,-38444.8450430001,18433.220549164,-38445.8714830667,0,0,1,0
20130529091650.daq,21,12,473.433333333333,1,0,right,-2.28382260295187,-65.3257141113281,12,0.000231584454954823,74.1186294555664,423.113962100324,-0.791009962558746,0.617883026599884,-0.0414877571165562,4.07915647651078,18442.201324658,-38453.6994550085,18439.9635789968,-38454.7274865152,18437.7258333355,-38455.755518022,0,0,1,0
20130529091650.daq,21,12,473.533333333333,1,0,right,-2.19078778551817,-65.2807464599609,12,0.000230734108633004,74.2201919555664,433.99216165187,-0.966789960861206,0.618179976940155,-0.0604710802435875,3.66931379536854,18446.7307309977,-38463.5840084052,18444.4937928592,-38464.6137958531,18442.2568547207,-38465.643583301,0,0,1,0
20130529091650.daq,21,12,473.633333333333,1,0,right,-2.10703760063211,-65.2285308837891,12,0.000229879952965774,74.3219757080078,444.885278797461,-0.966789960861206,0.616274356842041,-0.0699629709124565,3.27171132869246,18451.2799989041,-38473.4799295082,18449.0440001744,-38474.5117551253,18446.8080014447,-38475.5435807425,0,0,1,0
20130529091650.daq,21,12,473.733333333333,1,0,right,-2.03329227592708,-65.1683349609375,12,0.000229027083015805,74.4235305786133,455.793312138398,-1.01073491573334,0.618222773075104,-0.0225042030215263,2.88793846303599,18455.8452546823,-38483.3832758139,18453.61034124,-38484.4174500396,18451.3754277977,-38485.4516242652,0,0,1,0
20130529091650.daq,21,12,473.833333333333,1,0,right,-1.96191048568896,-65.1077880859375,12,0.000228180251565553,74.5245513916016,466.716203674187,-1.01073491573334,0.617227971553802,-0.0604710802435875,2.5200727201551,18460.4241953231,-38493.2944147716,18458.1903759842,-38494.330950147,18455.9565566453,-38495.3674855224,0,0,1,0
20130529091650.daq,21,12,473.933333333333,1,0,right,-1.89426912948494,-65.0455017089844,12,0.000227341252740966,74.6249084472656,477.653863979627,-1.01073491573334,0.616911292076111,-0.0604710802435875,2.16464384042987,18465.0207904097,-38503.213279185,18462.7880992105,-38504.2522423377,18460.5554080114,-38505.2912054904,0,0,1,0
20130529091650.daq,21,12,474.033333333333,1,0,right,-1.81960220190588,-64.98095703125,12,0.000226509700234131,74.7237777709961,488.60615094423,-1.01073491573334,0.617242813110352,-0.050979420542717,1.82524495626417,18469.63115707,-38513.1437499331,18467.3996376971,-38514.1852275909,18465.1681183242,-38515.2267052488,0,0,1,0
20130529091650.daq,21,12,474.133333333333,1,0,right,-1.74305415269778,-64.9175109863281,12,0.000225685142928606,74.8221893310547,499.572869212643,-1.01073491573334,0.617422938346863,-0.00352087989449501,1.49914465108172,18474.2590483007,-38523.0820831075,18472.0286835681,-38524.1260311822,18469.7983188354,-38525.169979257,0,0,1,0
20130529091650.daq,21,12,474.233333333333,1,0,right,-1.66482955459439,-64.8552856445313,12,0.0002248677551751,74.921028137207,510.554059441172,-0.878899931907654,0.605247735977173,-0.0414877571165562,1.19104824097528,18478.904458722,-38533.0282847999,18476.6752290708,-38534.0746545173,18474.4459994196,-38535.1210242348,0,0,1,0
20130529091650.daq,21,12,474.333333333333,1,0,right,-1.57783446207229,-64.8058929443359,12,0.000224058239047056,75.0200271606445,521.549661857614,0.0439449995756149,0.593578398227692,-0.0794546380639076,0.890694876350503,18483.5668608343,-38542.9829190069,18481.3385340502,-38544.0312100767,18479.1102072662,-38545.0795011466,0,0,1,0
20130529091650.daq,21,12,474.433333333333,1,0,right,-1.44740258604338,-64.7995147705078,12,0.000223257954100183,75.1187133789063,532.559868367098,1.93357992172241,0.584052801132202,-0.0699629709124565,0.614693278148975,18488.2429319461,-38552.9474530811,18486.0147218718,-38553.995992202,18483.7865117975,-38555.044531323,0,0,1,0
20130529091650.daq,21,12,474.533333333333,1,0,right,-1.28310771859906,-64.8309783935547,12,0.000222468724680784,75.2165679931641,543.584494151364,2.63669991493225,0.577512621879578,-0.0794546380639076,0.356229765087851,18492.9329079692,-38562.9255429035,18490.7041224321,-38563.9728582586,18488.4753368951,-38565.0201736137,0,0,1,0
20130529091650.daq,21,12,474.633333333333,1,0,right,-1.09161466274182,-64.8892517089844,12,0.000221692448074555,75.3132095336914,554.623384791113,2.59275484085083,0.575808525085449,-0.0225042030215263,0.115273729479268,18497.6294756027,-38572.9127445596,18495.3996260348,-38573.9577925621,18493.1697764668,-38575.0028405646,0,0,1,0
20130529091650.daq,21,12,474.733333333333,1,0,right,-0.89228351997636,-64.9528045654297,12,0.000220931633905567,75.4079513549805,565.676341294347,2.32908487319946,0.575148701667786,-0.0414877571165562,-0.0983261193156615,18502.3336122704,-38582.9158242341,18500.1026049002,-38583.9583982304,18497.8715975301,-38585.0009722267,0,0,1,0
20130529091650.daq,21,12,474.833333333333,1,0,right,-0.687361488948895,-65.0152587890625,12,0.000220190905462318,75.5008010864258,576.743017616347,2.15330481529236,0.573744773864746,-0.0414877571165562,-0.278918613235974,18507.0397487752,-38592.9344725408,18504.8076062918,-38593.9746140491,18502.5754638084,-38595.0147555574,0,0,1,0
20130529091650.daq,21,12,474.933333333333,1,0,right,-0.490289086054716,-65.0715637207031,12,0.000219476070853515,75.5934143066406,587.823290576045,2.15330481529236,0.573421001434326,-0.050979420542717,-0.423786689699547,18511.7442097351,-38602.968445508,18509.511046176,-38604.0063929737,18507.2778826168,-38605.0443404393,0,0,1,0
20130529091650.daq,21,12,475.033333333333,1,0,right,-0.29867278479459,-65.1240997314453,12,0.000218792317177154,75.6857528686523,598.917126324253,2.02146983146667,0.573315262794495,-0.0414877571165562,-0.53374745344883,18516.4468872072,-38613.0178589272,18514.2127728655,-38614.0537583102,18511.9786585238,-38615.0896576933,0,0,1,0
20130529091650.daq,21,13,490.816666666667,1,0,left,-0.575883851434895,-42.5975341796875,12,0.000217255236856333,77.6945419311523,0,-2.81247973442078,0.581163287162781,0.0154626751318574,-3.35249675802738,19550.4814740398,-40055.8164493271,19548.8146833845,-40057.6292271223,19547.1478927292,-40059.4420049175,1,0,0,0
20130529091650.daq,21,13,490.916666666667,1,0,left,-0.602345470588148,-42.4409484863281,12,0.000216902753177382,77.7850112915039,11.4018745494905,-2.81247973442078,0.514771938323975,0.0534295551478863,-3.40651317273472,19558.8406446944,-40063.5606223565,19557.1788144631,-40065.3779486083,19555.5169842317,-40067.1952748601,1,0,0,0
20130529091650.daq,21,13,491.016666666667,1,0,left,-0.614131439975367,-42.2855682373047,12,0.00021656769843513,77.8737487792969,22.8169035529063,-2.76853489875793,0.491175204515457,0.043937660753727,-3.4700563087125,19567.2290574182,-40071.2892353503,19565.5721616932,-40073.1110616263,19563.9152659682,-40074.9328879023,1,0,0,0
20130529091650.daq,21,13,491.116666666667,1,0,left,-0.621670204248076,-42.1376800537109,12,0.000216248596512384,77.9576797485352,34.2446219806516,-2.28513979911804,0.49377715587616,0.0154626751318574,-3.53322430466341,19575.6485199222,-40079.0065866198,19573.9963320921,-40080.832683495,19572.3441442621,-40082.6587803702,1,0,0,0
20130529091650.daq,21,13,491.216666666667,1,0,left,-0.611026140379288,-42.0057220458984,12,0.000215943591088845,78.0387496948242,45.684399567006,-1.84568989276886,0.493662804365158,0.00597078166902065,-3.60051517060914,19584.0949348054,-40086.7053913649,19582.4469570403,-40088.5352885503,19580.7989792752,-40090.3651857357,1,0,0,0
20130529091650.daq,21,13,491.316666666667,1,0,left,-0.586920802632882,-41.8870086669922,12,0.000215651000676253,78.1183395385742,57.1359594575551,-1.62596487998962,0.493937820196152,0.0629212111234665,-3.66609969310382,19592.5722768113,-40094.3972033088,19590.9280940168,-40096.230511074,19589.2839112223,-40098.0638188391,1,0,0,0
20130529091650.daq,21,13,491.416666666667,1,0,left,-0.556135431737069,-41.7769470214844,12,0.000215369633183321,78.1969528198242,68.599118512524,-1.45018494129181,0.492981046438217,0.0154626751318574,-3.73274852827896,19601.0767497008,-40102.0739250103,19599.4360916083,-40103.9103877644,19597.7954335159,-40105.7468505185,1,0,0,0
20130529091650.daq,21,13,491.516666666667,1,0,left,-0.517352007170444,-41.6724395751953,12,0.000215098529854472,78.2746810913086,80.073741335269,-1.45018494129181,0.396656900644302,0.0249543376266956,-3.79530875314649,19609.6064738343,-40109.7392702871,19607.9691681755,-40111.5787225434,19606.3318625167,-40113.4181747996,1,0,0,0
20130529091650.daq,21,13,491.616666666667,1,0,left,-0.477103904767553,-41.5691375732422,12,0.000214836046246969,78.3506469726563,91.559668564325,-1.45018494129181,0.291244149208069,0.043937660753727,-3.85510773872865,19618.1615494274,-40117.3929678748,19616.5275628869,-40119.2353691364,19614.8935763464,-40121.0777703981,1,0,0,0
20130529091650.daq,21,13,491.716666666667,1,0,left,-0.432737004245986,-41.4696807861328,12,0.000214578947226219,78.4124374389648,103.0559441242,-1.45018494129181,0.271624684333801,0.043937660753727,-3.907589087207,19626.7399643672,-40125.0390893949,19625.1091784161,-40126.8843242323,19623.478392465,-40128.7295590697,1,0,0,0
20130529091650.daq,21,13,491.816666666667,1,0,left,-0.390399263424932,-41.3692779541016,12,0.000214326898133568,78.4455184936523,114.559217694296,-1.45018494129181,0.273591339588165,0.0154626751318574,-3.95325751089778,19635.3379209343,-40132.6734290386,19633.7103710012,-40134.5215187654,19632.082821068,-40136.3696084923,1,0,0,0
20130529091650.daq,21,13,491.916666666667,1,0,left,-0.348560386101447,-41.2662353515625,12,0.000214081181142593,78.4515533447266,126.065345876661,-1.53807497024536,0.264322191476822,0.0344459973275661,-3.99214751051543,19643.9515502925,-40140.2919743332,19642.3273266546,-40142.1429881088,19640.7031030166,-40143.9940018844,1,0,0,0
20130529091650.daq,21,13,492.016666666667,1,0,left,-0.315353176214003,-41.1566162109375,12,0.000213840824760849,78.4335556030273,137.570528893579,-1.93357992172241,0.217446848750114,0.043937660753727,-4.02333694531465,19652.5789856508,-40147.8944781348,19650.9583063705,-40149.7485960097,19649.3376270903,-40151.6027138846,1,0,0,0
20130529091650.daq,21,13,492.116666666667,1,0,left,-0.29995229400442,-41.0290374755859,12,0.000213603912154387,78.3951416015625,149.071574480433,-2.32908487319946,0.185774698853493,0.0629212111234665,-4.0464652938483,19661.2185221997,-40155.4802253353,19659.6019754406,-40157.3379473271,19657.9854286814,-40159.1956693188,1,0,0,0
20130529091650.daq,21,13,492.216666666667,1,0,left,-0.296148419274253,-40.8896942138672,12,0.000213369561104925,78.3353881835938,160.565423997541,-2.37302994728088,0.185715198516846,0.0913964286446571,-4.06450707916345,19669.8661107202,-40163.041789922,19668.2540867146,-40164.9034378557,19666.6420627091,-40166.7650857894,1,0,0,0
20130529091650.daq,21,13,492.316666666667,1,0,left,-0.303469516358859,-40.7390441894531,12,0.000213137014702654,78.2554397583008,172.0490097601,-2.37302994728088,0.185589477419853,0.0724128782749176,-4.08043278298511,19678.5217358723,-40170.5752925907,19676.9146123368,-40172.4411726418,19675.3074888014,-40174.3070526929,1,0,0,0
20130529091650.daq,21,13,492.416666666667,1,0,left,-0.318696937928408,-40.5802917480469,12,0.000212905735643321,78.1577453613281,183.519514828193,-2.37302994728088,0.187054514884949,0.0724128782749176,-4.09292266605951,19687.183369937,-40178.0809330949,19685.5814224563,-40179.9512589201,19683.9794749756,-40181.8215847454,1,0,0,0
20130529091650.daq,21,13,492.516666666667,1,0,left,-0.341538905722686,-40.4176177978516,12,0.00021267558467984,78.0458450317383,194.97458598602,-2.37302994728088,0.185426011681557,0.0724128782749176,-4.10203960316047,19695.8528725411,-40185.5589733908,19694.2562417316,-40187.4338399145,19692.6596109221,-40189.3087064381,1,0,0,0
20130529091650.daq,21,13,492.616666666667,1,0,left,-0.365560350455425,-40.2514495849609,12,0.000212446679315571,77.9270172119141,206.412673072708,-2.41697478294373,0.166168361902237,0.0819045379757881,-4.11536085918823,19704.5263262617,-40192.9977210311,19702.9351396142,-40194.8772101841,19701.3439529667,-40196.7566993371,1,0,0,0
20130529091650.daq,21,13,492.716666666667,1,0,left,-0.39895487682557,-40.0755615234375,12,0.000212219066422887,77.8033294677734,217.832991403266,-2.72458982467651,0.136052414774895,0.0249543376266956,-4.13094167630257,19713.2077659728,-40200.4045950645,19711.6223565181,-40202.2889600197,19710.0369470633,-40204.1733249748,1,0,0,0
20130529091650.daq,21,13,492.816666666667,1,0,left,-0.444320879852953,-39.8895416259766,12,0.000211992199809317,77.6709899902344,229.234600567921,-2.94431495666504,0.122371487319469,0.233772054314613,-4.15113037086485,19721.8952414228,-40207.7717551818,19720.3159582048,-40209.6612574816,19718.7366749867,-40211.5507597813,1,0,0,0
20130529091650.daq,21,13,492.916666666667,1,0,left,-0.494816578568233,-39.6980285644531,12,0.000211764608067478,77.5267562866211,240.615934460315,-2.90036988258362,0.118478387594223,0.043937660753727,-4.17534562486141,19730.588651011,-40215.1033990858,19729.0156923282,-40216.9981696274,19727.4427336454,-40218.8929401691,1,0,0,0
20130529091650.daq,21,13,493.016666666667,1,0,left,-0.547346243757801,-39.5018920898438,12,0.000211533581851981,77.3727493286133,251.975337735443,-2.81247973442078,0.122960597276688,0.0344459973275661,-4.2075850372543,19739.2879735239,-40222.3917683442,19737.7215102749,-40224.2919123685,19736.155047026,-40226.1920563928,1,0,0,0
20130529091650.daq,21,13,493.116666666667,1,0,left,-0.595892942226747,-39.3115539550781,12,0.000211296070051052,77.2153396606445,263.31183883857,-2.28513979911804,0.134037479758263,0.0629212111234665,-4.24788913908705,19747.9929962192,-40229.6375227294,19746.4328539323,-40231.5428600927,19744.8727116454,-40233.448197456,1,0,0,0
20130529091650.daq,21,13,493.216666666667,1,0,left,-0.629846739428586,-39.1378936767578,12,0.000211050704979651,77.0561218261719,274.625105898747,-1.58201992511749,0.139203727245331,0.0249543376266956,-4.29630280612184,19756.7035059083,-40236.8413538182,19755.1491457489,-40238.7514111258,19753.5947855895,-40240.6614684334,1,0,0,0
20130529091650.daq,21,13,493.316666666667,1,0,left,-0.629082276665237,-38.9989318847656,12,0.000210797215706389,76.8971481323242,285.915334084821,-0.615229964256287,0.147312343120575,0.00597078166902065,-4.3509982045598,19765.4172027809,-40244.0044089985,19763.8674797284,-40245.9182305377,19762.317756676,-40247.832052077,1,0,0,0
20130529091650.daq,21,13,493.416666666667,1,0,left,-0.5885489928501,-38.9014282226563,12,0.000210537121431055,76.7395858764648,297.182037666033,0.615229964256287,0.154740616679192,0.00597078166902065,-4.41176899214504,19774.1359230178,-40251.1271227679,19772.5894590726,-40253.0435787913,19771.0429951274,-40254.9600348147,1,0,0,0
20130529091650.daq,21,13,493.516666666667,1,0,left,-0.513906956860708,-38.8353271484375,12,0.000210274317149164,76.583366394043,308.425733145094,0.395504981279373,0.158898502588272,-0.0225042030215263,-4.47166023706341,19782.8559709358,-40258.2166728155,19781.3117189989,-40260.1349116898,19779.767467062,-40262.0531505641,1,0,0,0
20130529091650.daq,21,13,493.616666666667,1,0,left,-0.424586398829305,-38.7855834960938,12,0.000210014875615465,76.4280776977539,319.646588555559,0.219724997878075,0.160580396652222,0.00597078166902065,-4.52974610217523,19791.5737413493,-40265.2721049506,19790.031155391,-40267.1916838067,19788.4885694327,-40269.1112626627,1,0,0,0
20130529091650.daq,21,13,493.716666666667,1,0,left,-0.325543240301691,-38.7428131103516,12,0.000209766411668863,76.2734451293945,330.844721949863,0.351559996604919,0.161058038473129,0.0249543376266956,-4.58108586919205,19800.2874668434,-40272.2967296187,19798.7463142497,-40274.2174594557,19797.2051616561,-40276.1381892926,1,0,0,0
20130529091650.daq,21,13,493.816666666667,1,0,left,-0.221302667268901,-38.7069091796875,12,0.000209537034817584,76.1193389892578,342.020210817405,0.307614982128143,0.161120072007179,0.0534295551478863,-4.6190171101495,19808.9951973633,-40279.2983528338,19807.4552486818,-40281.2200480442,19805.9153000003,-40283.1417432547,1,0,0,0
20130529091650.daq,21,13,493.916666666667,1,0,left,-0.118501061801361,-38.6711120605469,12,0.00020933435542002,75.9655303955078,353.173122110507,0.0878899991512299,0.161487758159637,0.0344459973275661,-4.64384012299957,19817.6912056286,-40286.272638655,19816.1524578797,-40288.1952956157,19814.6137101308,-40290.1179525764,1,0,0,0
20130529091650.daq,21,13,494.016666666667,1,0,left,-0.0235069704324147,-38.628173828125,12,0.00020916447088808,75.8137741088867,364.303588801347,-0.351559966802597,0.161676794290543,0.0249543376266956,-4.65135504142806,19826.3775851896,-40293.2269384822,19824.8402787377,-40295.1507480613,19823.3029722859,-40297.0745576404,1,0,0,0
20130529091650.daq,21,13,494.116666666667,1,0,left,0.0556999719825484,-38.5691986083984,12,0.000209031903181308,75.6649322509766,375.412019038027,-0.966789960861206,0.162211418151855,0.0344459973275661,-4.64412369380363,19835.0525536631,-40300.1567796355,19833.5172282251,-40302.0821705628,19831.9819027872,-40304.0075614901,1,0,0,0
20130529091650.daq,21,13,494.216666666667,1,0,left,0.107551254944092,-38.4826049804688,12,0.000208940379034701,75.5183410644531,386.498790569676,-1.71385490894318,0.162054732441902,0.0724128782749176,-4.62033028622471,19843.716330417,-40307.0653300556,19842.1839166593,-40308.9930391878,19840.6515029016,-40310.92074832,1,0,0,0
20130529091650.daq,21,13,494.316666666667,1,0,left,0.136020239061807,-38.3745574951172,12,0.00020889110341386,75.3733673095703,397.564339145931,-2.15330481529236,0.162521094083786,0.043937660753727,-4.57971550220136,19852.3707429593,-40313.9529800661,19850.8419671679,-40315.8835755709,19849.3131913765,-40317.8141710757,1,0,0,0
20130529091650.daq,21,13,494.416666666667,1,0,left,0.137604190932628,-38.2371368408203,12,0.000208882675103785,75.2292251586914,408.608549418546,-2.76853489875793,0.164257720112801,0.0344459973275661,-4.53024515979454,19861.0159335326,-40320.811410017,19859.4917925569,-40322.7456666467,19857.9676515813,-40324.6799232765,1,0,0,0
20130529091650.daq,21,13,494.516666666667,1,0,left,0.113212910104572,-38.0756530761719,12,0.0002089114032869,75.0855560302734,419.631654228695,-3.16403985023499,0.165792465209961,0.043937660753727,-4.47433292573805,19869.6576484557,-40327.6409547513,19868.1389650805,-40329.5794993675,19866.6202817053,-40331.5180439838,1,0,0,0
20130529091650.daq,21,13,494.616666666667,1,0,left,0.0658780941432298,-37.8924789428711,12,0.000208971688519938,74.9415054321289,430.633694792145,-3.33981990814209,0.166356831789017,0.0629212111234665,-4.41492066161609,19878.2938775905,-40334.4378558021,19876.7813994769,-40336.3812457216,19875.2689213633,-40338.3246356411,1,0,0,0
20130529091650.daq,21,13,494.716666666667,1,0,left,0.00200699351335487,-37.694221496582,12,0.000209056803160267,74.7978057861328,441.61458457444,-3.38376474380493,0.166511133313179,0.0819045379757881,-4.35524205545022,19886.9303459191,-40341.2025317898,19885.4246014524,-40343.1511436096,19883.9188569856,-40345.0997554294,1,0,0,0
20130529091650.daq,21,13,494.816666666667,1,0,left,-0.0704466042446015,-37.4866561889648,12,0.000209161489212502,74.6557998657227,452.574522754083,-3.42770981788635,0.166807472705841,0.0724128782749176,-4.29908901154,19895.568892015,-40347.9314433258,19894.0702166456,-40349.8854972045,19892.5715412763,-40351.8395510832,1,0,0,0
20130529091650.daq,21,13,494.916666666667,1,0,left,-0.147602401268877,-37.2736511230469,12,0.000209282021891155,74.5153732299805,463.513749818594,-3.38376474380493,0.167045533657074,0.0724128782749176,-4.25365525565652,19904.2113934092,-40354.6170240363,19902.719992848,-40356.5766359339,19901.2285922867,-40358.5362478315,1,0,0,0
20130529091650.daq,21,13,495.016666666667,1,0,left,-0.229783802319687,-37.0548706054688,12,0.000209415209833093,74.3763122558594,474.4324822907,-3.38376474380493,0.168282404541969,0.0534295551478863,-4.21751350258529,19912.8598052027,-40361.2631577417,19911.3758981571,-40363.2284501636,19909.8919911115,-40365.1937425854,1,0,0,0
20130529091650.daq,21,13,495.116666666667,1,0,left,-0.313432203671262,-36.8360824584961,12,0.000209557791766367,74.2382507324219,485.330895477324,-3.38376474380493,0.205524876713753,0.0724128782749176,-4.19525795381962,19921.5159760563,-40367.866307492,19920.0395844249,-40369.8372519798,19918.5631927934,-40371.8081964676,1,0,0,0
20130529091650.daq,21,13,495.216666666667,1,0,left,-0.39634751974468,-36.6150436401367,12,0.000209707900263283,74.1034927368164,496.20923704614,-3.38376474380493,0.225686311721802,0.0249543376266956,-4.18505164943404,19930.1799443167,-40374.4263293505,19928.7111672714,-40376.4029548624,19927.242390226,-40378.3795803743,1,0,0,0
20130529091650.daq,21,13,495.316666666667,1,0,left,-0.482705637237579,-36.3923110961914,12,0.000209864641993733,73.9785385131836,507.068590543167,-3.38376474380493,0.226344093680382,0.0629212111234665,-4.19110303905936,19938.8516988576,-40380.939352656,19937.390616857,-40382.921672966,19935.9295348565,-40384.9039932759,1,0,0,0
20130529091650.daq,21,13,495.416666666667,1,0,left,-0.567329552625139,-36.1725234985352,12,0.000210027129815504,73.8637847900391,517.910248763772,-3.38376474380493,0.226828143000603,0.0629212111234665,-4.20955372338838,19947.5350674951,-40387.4134884838,19946.0816004407,-40389.4013989308,19944.6281333863,-40391.3893093778,1,0,0,0
20130529091650.daq,21,13,495.516666666667,1,0,left,-0.655283293149814,-35.9511871337891,12,0.000210193548413826,73.7588043212891,528.735836840504,-3.38376474380493,0.227211937308311,0.043937660753727,-4.2461735226211,19956.228172833,-40393.8406354689,19954.7823959988,-40395.8341458825,19953.3366191645,-40397.8276562961,1,0,0,0
20130529091650.daq,21,13,495.616666666667,1,0,left,-0.741006091464513,-35.7316741943359,12,0.000210360019384311,73.6604690551758,539.546539214112,-3.38376474380493,0.227180004119873,0.0249543376266956,-4.30146053968163,19964.936818651,-40400.2249173452,19963.4986899929,-40402.2239522089,19962.0605613347,-40404.2229870725,1,0,0,0
20130529091650.daq,21,13,495.716666666667,1,0,left,-0.825409380979309,-35.5130615234375,12,0.000210519871616729,73.5668563842773,550.343189525003,-3.38376474380493,0.226655825972557,0.0534295551478863,-4.3709912870693,19973.6590677862,-40406.570181295,19972.228576917,-40408.5746887898,19970.7980860479,-40410.5791962846,1,0,0,0
20130529091650.daq,21,13,495.816666666667,1,0,left,-0.906009447062956,-35.2978210449219,12,0.000210672169392932,73.4763488769531,561.126355096269,-3.38376474380493,0.19696356356144,0.0344459973275661,-4.45770317968455,19982.3948821947,-40412.8726812194,19980.9719316449,-40414.8825484181,19979.548981095,-40416.8924156167,1,0,0,0
20130529091650.daq,21,13,495.916666666667,1,0,left,-0.986555734120493,-35.0821914672852,12,0.000210821171940307,73.3861770629883,571.896327329028,-3.38376474380493,0.182544350624084,0.0154626751318574,-4.55759053921265,19991.1423690791,-40419.1360808242,19989.7269926153,-40421.1512889745,19988.3116161514,-40423.1664971248,1,0,0,0
20130529091650.daq,21,13,496.016666666667,1,0,left,-1.06685323331743,-34.8663558959961,12,0.000210967743286283,73.2902526855469,582.652716818098,-3.38376474380493,0.187540993094444,0.0629212111234665,-4.67511675183066,19999.9034784584,-40425.3564858453,19998.4957033916,-40427.3770114662,19997.0879283247,-40429.3975370871,1,0,0,0
20130529091650.daq,21,13,496.116666666667,1,0,left,-1.15421466799422,-34.6479873657227,12,0.00021111053230626,73.185676574707,593.394408126529,-3.38376474380493,0.199721738696098,0.0819045379757881,-4.80945503894457,20008.6762916991,-40431.5337456332,20007.276227566,-40433.5596219489,20005.8761634329,-40435.5854982646,1,0,0,0
20130529091650.daq,21,13,496.216666666667,1,0,left,-1.24075089327513,-34.4292373657227,12,0.000211250072235947,73.0774459838867,604.120397249135,-3.38376474380493,0.20503830909729,0.0724128782749176,-4.95552910330496,20017.4588222174,-40437.6719057704,20016.0665028782,-40439.7031126238,20014.6741835391,-40441.7343194772,1,0,0,0
20130529091650.daq,21,13,496.316666666667,1,0,left,-1.3238642021634,-34.2131423950195,12,0.000211386554790059,72.9705047607422,614.830683812928,-3.38376474380493,0.206828072667122,0.0629212111234665,-5.12268630692529,20026.2529790453,-40443.7633510369,20024.868330427,-40445.7997946592,20023.4836818086,-40447.8362382816,1,0,0,0
20130529091650.daq,21,13,496.416666666667,1,0,left,-1.41176171625408,-33.9936828613281,12,0.000211519403683833,72.8663330078125,625.525375613033,-3.42770981788635,0.206944808363914,0.0724128782749176,-5.30216811996466,20035.0568962511,-40449.8155034378,20033.6800579434,-40451.8572357165,20032.3032196357,-40453.8989679952,1,0,0,0
20130529091650.daq,21,13,496.516666666667,1,0,left,-1.49710915093593,-33.773796081543,12,0.000211647896508517,72.7646713256836,636.204983090989,-3.33981990814209,0.207681193947792,0.0724128782749176,-5.49966136205175,20043.8724835331,-40455.8246473974,20042.503491,-40457.8716485864,20041.1344984669,-40459.9186497754,1,0,0,0
20130529091650.daq,21,13,496.616666666667,1,0,left,-1.57072590075728,-33.5670623779297,12,0.000211771238615956,72.6647567749023,646.869813406927,-2.68064475059509,0.208086267113686,0.0629212111234665,-5.7098829994327,20052.6956485906,-40461.7916668968,20051.3340509094,-40463.8435943268,20049.9724532283,-40465.8955217568,0,1,0,1
20130529091650.daq,21,13,496.716666666667,1,0,left,-1.61823257157877,-33.3856506347656,12,0.000211888637874889,72.5660934448242,657.520087093239,-1.71385490894318,0.208283975720406,0.0154626751318574,-5.93390682244377,20061.5320961356,-40467.721262827,20060.1770021474,-40469.7774910989,20058.8219081591,-40471.8337193709,0,1,0,1
20130529091650.daq,21,13,496.816666666667,1,0,left,-1.6093601038592,-33.2603302001953,12,0.00021200164734834,72.4683151245117,668.155965096601,0.483394980430603,0.208573326468468,0.0724128782749176,-6.1693706517811,20070.3755727405,-40473.6115371525,20069.024979484,-40475.6707244386,20067.6743862275,-40477.7299117246,0,1,0,1
20130529091650.daq,21,13,496.916666666667,1,0,left,-1.54008930909379,-33.199348449707,12,0.000212116261772379,72.3700866699219,678.777450121233,2.02146983146667,0.208791628479958,0.0344459973275661,-6.4076521703856,20079.2279461491,-40479.4747510738,20077.8795453168,-40481.5353746733,20076.5311444845,-40483.5959982728,0,1,0,1
20130529091650.daq,21,13,497.016666666667,1,0,left,-1.40072799918453,-33.2079086303711,12,0.0002122408939319,72.274055480957,689.384690711762,3.42770981788635,0.213419243693352,0.0534295551478863,-6.64738364137125,20088.0813481997,-40485.3073401583,20086.7326395184,-40487.3677622792,20085.3839308371,-40489.4281844002,0,1,0,1
20130529091650.daq,21,13,497.116666666667,1,0,left,-1.18838120177347,-33.2888946533203,12,0.000212384942842329,72.1797561645508,699.977974912414,4.87789487838745,0.221896216273308,0.0344459973275661,-6.87877128061718,20096.9357383235,-40491.1212106187,20095.58411864,-40493.179724319,20094.2324989564,-40495.2382380194,0,1,0,1
20130529091650.daq,21,13,497.216666666667,1,0,left,-0.916328191398648,-33.4290161132813,12,0.000212559730708449,72.0879592895508,710.557599905718,5.62495994567871,0.224565029144287,0.0344459973275661,-7.08852963531156,20105.7834638546,-40496.9272117273,20104.4268139564,-40498.9824137799,20103.0701640581,-40501.0376158325,0,1,0,1
20130529091650.daq,21,13,497.316666666667,1,0,left,-0.600899926709545,-33.611930847168,12,0.000212777265590337,71.9989547729492,721.123969084125,5.66890478134155,0.2251046448946,0.0249543376266956,-7.26791473199723,20114.618861734,-40502.7320867293,20113.2556576009,-40504.7829472597,20111.8924534679,-40506.83380779,0,1,0,1
20130529091650.daq,21,13,497.416666666667,1,0,left,-0.280415209235919,-33.7993087768555,12,0.000213048123109293,71.9120254516602,731.677445370267,4.4384446144104,0.225707724690437,0.0249543376266956,-7.40958987607529,20123.4365812649,-40508.5411501832,20122.0666773778,-40510.5875415836,20120.6967734906,-40512.6339329839,0,1,0,1
20130529091650.daq,21,13,497.516666666667,1,0,left,0.00580779364600659,-33.9518203735352,12,0.000213379799845091,71.8264617919922,742.218278949527,2.59275484085083,0.226026967167854,0.0344459973275661,-7.50637056455712,20132.2313163663,-40514.3596581196,20130.8559701937,-40516.402395824,20129.480624021,-40518.4451335283,0,1,0,1
20130529091650.daq,21,13,497.616666666667,1,0,left,0.239834324889237,-34.0565490722656,12,0.000213775427338778,71.7409286499023,752.746599903352,1.49412989616394,0.237330719828606,0.0344459973275661,-7.55405118892191,20141.0013160077,-40520.1906815606,20139.6222382949,-40522.2309019128,20138.2431605821,-40524.271122265,0,1,0,1
20130529091650.daq,21,13,497.716666666667,1,0,left,0.43260717710821,-34.1197128295898,12,0.000214233627557612,71.6563720703125,763.262393685029,0.74706494808197,0.269524037837982,0.0154626751318574,-7.55797665760757,20149.7484614011,-40526.0307217758,20148.3671353562,-40528.0694205719,20146.9858093113,-40530.1081193679,0,1,1,1
20130529091650.daq,21,13,497.816666666667,1,0,left,0.577482006514316,-34.1363143920898,12,0.00021474952627544,71.5773468017578,773.766126256633,-0.0439449958503246,0.285251826047897,0.0534295551478863,-7.51423704815647,20158.4708799608,-40531.8833624424,20157.088963257,-40533.921660911,20155.7070465532,-40535.9599593796,0,1,1,1
20130529091650.daq,21,13,497.916666666667,1,0,left,0.687713789905551,-34.1152496337891,12,0.000215316481774861,71.5080871582031,784.25894951525,-0.703119933605194,0.291164666414261,0.0534295551478863,-7.43591510731012,20167.1762596239,-40537.7374631577,20165.7950923927,-40539.7762695494,20164.4139251614,-40541.815075941,0,1,1,1
20130529091650.daq,21,13,498.016666666667,1,0,left,0.76246146948003,-34.0600433349609,12,0.000215927873830004,71.4501342773438,794.742438985304,-1.14256989955902,0.296142876148224,0.0154626751318574,-7.32389085460352,20175.8665006303,-40543.5932523016,20174.4872984944,-40545.633388545,20173.1080963585,-40547.6735247885,0,1,1,1
20130529091650.daq,21,13,498.116666666667,1,0,left,0.812721274492233,-33.9794998168945,12,0.000216571668806957,71.4027633666992,805.218225114477,-1.31834995746613,0.310570806264877,0.0629212111234665,-7.18778582102686,20184.5473314155,-40549.4434880902,20183.1709985621,-40551.4855611301,20181.7946657086,-40553.5276341699,0,1,1,1
20130529091650.daq,21,13,498.216666666667,1,0,left,0.8496999511488,-33.8825759887695,12,0.000217229669173848,71.3644256591797,815.687740290952,-1.49412989616394,0.320429086685181,0.0344459973275661,-7.03064116194712,20193.2264318339,-40555.2887512673,20191.8535554004,-40557.3331496438,20190.4806789669,-40559.3775480203,0,1,1,1
20130529091650.daq,21,13,498.316666666667,1,0,left,0.875864986044682,-33.7761917114258,12,0.00021788677666278,71.3347854614258,826.152271528692,-1.80174493789673,0.32083186507225,0.0344459973275661,-6.85604686080321,20201.9056533183,-40561.1255844368,20200.5365751979,-40563.1725283842,20199.1674970775,-40565.2194723316,0,1,1,1
20130529091650.daq,21,13,498.416666666667,1,0,left,0.877711636136155,-33.6499862670898,12,0.000218530985572934,71.311653137207,836.612955432051,-2.72458982467651,0.320577174425125,0.043937660753727,-6.67421730544459,20210.5890414672,-40566.945500322,20209.224475469,-40568.9954549703,20207.8599094708,-40571.0454096185,0,1,1,1
20130529091650.daq,21,13,498.516666666667,1,0,left,0.858035832651119,-33.5023727416992,12,0.000219152178544218,71.2942733764648,847.070675902294,-3.25192975997925,0.320263564586639,0.0344459973275661,-6.48681872662281,20219.2785624723,-40572.7483938487,20217.9192823813,-40574.8018572785,20216.5600022903,-40576.8553207083,0,1,1,1
20130529091650.daq,21,13,498.616666666667,1,0,left,0.827129343240372,-33.3427810668945,12,0.000219741650411345,71.2812881469727,857.526199254491,-2.8564248085022,0.319497138261795,0.0534295551478863,-6.29851114648393,20227.9779852462,-40578.5309707849,20226.6244301381,-40580.588212383,20225.2708750301,-40582.6454539811,0,1,1,1
20130529091650.daq,21,13,498.716666666667,1,0,left,0.801497433291416,-33.1877059936523,12,0.00022029213229259,71.2712554931641,867.980048518766,-2.32908487319946,0.320126831531525,0.100888095796108,-6.10918834281776,20236.6890379845,-40584.2943048518,20235.3410558971,-40586.3552024027,20233.9930738097,-40588.4160999537,0,1,1,1
20130529091650.daq,21,13,498.816666666667,1,0,left,0.788445561503856,-33.0422286987305,12,0.000220798129851498,71.2630157470703,878.432568714052,-2.19724988937378,0.32038688659668,0.0534295551478863,-5.91899835305625,20245.4136097186,-40590.0387279251,20244.0708647086,-40592.1030414337,20242.7281196986,-40594.1673549422,0,1,1,1
20130529091650.daq,21,13,498.916666666667,1,0,left,0.779053803737568,-32.9018325805664,12,0.000221256321895124,71.2558670043945,888.883968716698,-2.2411949634552,0.320645540952682,0.0344459973275661,-5.73391575294915,20254.1498104621,-40595.7561338899,20252.8121278194,-40597.8237314259,20251.4744451767,-40599.8913289619,0,1,1,1
20130529091650.daq,21,13,499.016666666667,1,0,left,0.770505751004091,-32.7614898681641,12,0.000221665870931286,71.2491607666016,899.334359585519,-2.46091985702515,0.271320909261703,0.0819045379757881,-5.54971396517712,20262.9016130815,-40601.4540076441,20261.5689989077,-40603.5248755508,20260.236384734,-40605.5957434576,0,0,1,0
20130529091650.daq,21,13,499.116666666667,1,0,left,0.755850160530443,-32.6153945922852,12,0.000222028314629043,71.2400054931641,909.783685464739,-2.59275484085083,0.196732476353645,0.00597078166902065,-5.36893702655378,20271.6671376296,-40607.1280638773,20270.3398081714,-40609.2023230061,20269.0124787133,-40611.2765821348,0,0,1,0
20130529091650.daq,21,13,499.216666666667,1,0,left,0.734947649474094,-32.467658996582,12,0.00022234724622527,71.2150650024414,920.230665494775,-2.59275484085083,0.198026552796364,0.043937660753727,-5.1909373526243,20280.4443769925,-40612.7785707537,20279.1224003611,-40614.8562454659,20277.8004237298,-40616.933920178,0,0,1,0
20130529091650.daq,21,13,499.316666666667,1,0,left,0.708097415755827,-32.3130569458008,12,0.000222627779947133,71.1693954467773,930.672445902608,-2.59275484085083,0.20803265273571,0.0724128782749176,-5.01524415067322,20289.2314412573,-40618.4051865776,20287.9150756521,-40620.4864208309,20286.598710047,-40622.5676550841,0,0,1,0
20130529091650.daq,21,13,499.416666666667,1,0,left,0.680894588017178,-32.1571731567383,12,0.000222875931149756,71.1084060668945,941.106315305457,-2.59275484085083,0.227588415145874,0.0819045379757881,-4.84364093955788,20298.0263062327,-40624.0043697173,20296.7156078761,-40626.08917768,20295.4049095195,-40628.1739856427,0,0,1,0
20130529091650.daq,21,13,499.516666666667,1,0,left,0.644888677362456,-31.9915466308594,12,0.000223098067140508,71.0386581420898,951.530527161391,-2.76853489875793,0.248786985874176,0.129363313317299,-4.67986256130585,20306.8290718316,-40629.571660256,20305.5244055561,-40631.6602483755,20304.2197392806,-40633.748836495,0,0,1,0
20130529091650.daq,21,13,499.616666666667,1,0,left,0.600891406285729,-31.8169784545898,12,0.000223300238130934,70.9661560058594,961.94423356303,-3.20798492431641,0.261542826890945,0.0629212111234665,-4.51946599948797,20315.6377700237,-40635.1110159682,20314.3394732821,-40637.2035694309,20313.0411765405,-40639.2961228936,0,0,1,0
20130529091650.daq,21,13,499.716666666667,1,0,left,0.537423660478687,-31.6219787597656,12,0.000223487530616293,70.896369934082,972.347459967161,-3.77926993370056,0.263106614351273,0.0724128782749176,-4.365572586746,20324.4505741108,-40640.6177770867,20323.1594066433,-40642.7147370277,20321.8682391757,-40644.8116969687,0,0,1,0
20130529091650.daq,21,13,499.816666666667,1,0,left,0.453562197707686,-31.4078674316406,12,0.000223663204642656,70.8315353393555,982.740803070083,-4.35055494308472,0.262708783149719,0.0819045379757881,-4.21682108073635,20333.2713618482,-40646.0959341158,20331.9880396074,-40648.197704429,20330.7047173665,-40650.2994747422,0,0,1,0
20130529091650.daq,21,13,499.916666666667,1,0,left,0.345699871967625,-31.1698989868164,12,0.000223827684759908,70.770637512207,993.124966244242,-4.87789487838745,0.263026118278503,0.100888095796108,-4.08386252884667,20342.1040773723,-40651.533454791,20340.8294955268,-40653.6405370254,20339.5549136813,-40655.7476192599,0,0,1,0
20130529091650.daq,21,13,500.016666666667,1,0,left,0.205785893767942,-30.9029769897461,12,0.000223977650999125,70.7129364013672,1003.50041507874,-5.71284961700439,0.263309359550476,0.0534295551478863,-3.96462561935969,20350.9448491411,-40656.9339077815,20349.6800972873,-40659.0469049825,20348.4153454335,-40661.1599021836,0,0,1,0
20130529091650.daq,21,13,500.116666666667,1,0,left,0.0344836055428139,-30.6058731079102,12,0.000224105382571491,70.6583023071289,1013.86763250684,-6.24018955230713,0.263109028339386,0.0534295551478863,-3.86751211646295,20359.8034288157,-40662.2933021542,20358.5496507388,-40664.4128292141,20357.2958726619,-40666.5323562739,0,0,1,0
20130529091650.daq,21,13,500.216666666667,1,0,left,-0.150972663022159,-30.2914733886719,12,0.000224204224947975,70.6058502197266,1024.22700476331,-6.24018955230713,0.262920022010803,0.043937660753727,-3.78768425311639,20368.6757512362,-40667.6124808767,20367.4336224794,-40669.7388558613,20366.1914937227,-40671.8652308459,0,0,1,0
20130529091650.daq,21,13,500.316666666667,1,0,left,-0.351075608004965,-29.9636459350586,12,0.000224266396837175,70.5548324584961,1034.57880096293,-6.19624471664429,0.262462377548218,0.0629212111234665,-3.7406693848468,20377.5676199831,-40672.879977511,20376.3376779047,-40675.0134246998,20375.1077358262,-40677.1468718885,0,0,1,0
20130529091650.daq,21,13,500.416666666667,1,0,left,-0.543107481911971,-29.6406936645508,12,0.000224282394544745,70.5046615600586,1044.92318233212,-5.66890478134155,0.263251066207886,0.110379755496979,-3.72079967551924,20386.4808048598,-40678.1009023117,20385.2629076026,-40680.2412482404,20384.0450103455,-40682.3815941691,0,0,1,0
20130529091650.daq,21,13,500.516666666667,1,0,left,-0.719059946102341,-29.3350524902344,12,0.000224242594726449,70.4550170898438,1055.26024230577,-4.87789487838745,0.263032376766205,0.0913964286446571,-3.72904457795696,20395.4132482172,-40683.2721701764,20394.2067857915,-40685.4189824269,20393.0003233658,-40687.5657946774,0,0,1,0
20130529091650.daq,21,13,500.616666666667,1,0,left,-0.864112379311766,-29.0570602416992,12,0.000224138655572766,70.4058456420898,1065.59005240534,-3.86715984344482,0.262827157974243,0.043937660753727,-3.77175552914037,20404.3687864529,-40688.3905597682,20403.1727542623,-40690.5432003379,20401.9767220718,-40692.6958409077,0,0,1,0
20130529091650.daq,21,13,500.716666666667,1,0,left,-0.975556747841836,-28.8192596435547,12,0.000223964852420176,70.3563766479492,1075.91264405556,-2.72458982467651,0.262449413537979,0.0154626751318574,-3.83850549523763,20413.3434364428,-40693.4647152216,20412.1563488547,-40695.6223012526,20410.9692612665,-40697.7798872837,0,0,1,0
20130529091650.daq,21,13,500.816666666667,1,0,left,-1.04301871522192,-28.6268539428711,12,0.000223719126939197,70.3078536987305,1086.22801940113,-1.75779986381531,0.262561678886414,0.043937660753727,-3.93550795486566,20422.3391425477,-40698.4910782694,20421.1593070569,-40700.6526385017,20419.9794715661,-40702.8141987341,0,0,1,0
20130529091650.daq,21,13,500.916666666667,1,0,left,-1.04693299328479,-28.4948501586914,12,0.000223403746541409,70.2611999511719,1096.53641855658,0,0.26333811879158,0.0724128782749176,-4.05069397004679,20431.3499575317,-40703.478456298,20430.1751051878,-40705.642729015,20429.0002528439,-40707.807001732,0,0,1,0
20130529091650.daq,21,13,501.016666666667,1,0,left,-1.00805762343291,-28.4068222045898,12,0.000223025306683323,70.2161560058594,1106.83809832793,0.439449995756149,0.262411236763,0.0534295551478863,-4.18158054196061,20440.3760367702,-40708.4296740544,20439.2045109518,-40710.5957492332,20438.0329851334,-40712.761824412,0,0,1,0
20130529091650.daq,21,13,501.116666666667,1,0,left,-0.934298338572798,-28.3526916503906,12,0.0002225938772585,70.1721343994141,1117.13325556251,0.439449995756149,0.262868821620941,0.0819045379757881,-4.31990367049583,20449.4116120304,-40713.3518799213,20448.2421331479,-40715.5190609398,20447.0726542654,-40717.6862419582,0,0,1,0
20130529091650.daq,21,13,501.216666666667,1,0,left,-0.844489596648035,-28.3136138916016,12,0.000222121546675321,70.1285171508789,1127.42199180774,0.439449995756149,0.263038575649261,0.043937660753727,-4.4543818741959,20458.4529280464,-40718.2555485468,20457.2849275303,-40720.4235266874,20456.1169270142,-40722.5915048279,0,0,1,0
20130529091650.daq,21,13,501.316666666667,1,0,left,-0.750693052627895,-28.2752685546875,12,0.000221620798028302,70.0849609375,1137.70433755587,0.0439449995756149,0.262322723865509,0.0249543376266956,-4.58455563040517,20467.4981429708,-40723.1397341057,20466.3315936407,-40725.3084934477,20465.1650443106,-40727.4772527898,0,0,1,0
20130529091650.daq,21,13,501.416666666667,1,0,left,-0.667455973344996,-28.2275772094727,12,0.000221102938138777,70.0412826538086,1147.98028963646,-0.439449965953827,0.263113975524902,0.0629212111234665,-4.7046822071702,20476.5434269552,-40728.0076769705,20475.3786832414,-40730.177406563,20474.2139395276,-40732.3471361555,0,0,1,0
20130529091650.daq,21,13,501.516666666667,1,0,left,-0.608650998053506,-28.1618576049805,12,0.000220576668124526,69.9962615966797,1158.24973148904,-0.966789960861206,0.263775110244751,0.0154626751318574,-4.81243460249188,20485.5868904016,-40732.8627094976,20484.4246361842,-40735.0337736509,20483.2623819668,-40737.2048378042,0,0,1,0
20130529091650.daq,21,13,501.616666666667,1,0,left,-0.574492016977462,-28.0713043212891,12,0.000220046984754668,69.9515914916992,1168.5125773251,-1.80174493789673,0.26341387629509,0.0249543376266956,-4.90889751769459,20494.628579495,-40737.7043814468,20493.4697579925,-40739.877279776,20492.31093649,-40742.0501781051,0,0,1,0
20130529091650.daq,21,13,501.716666666667,1,0,left,-0.559197597933732,-27.9607543945313,12,0.000219514500893251,69.9078521728516,1178.76895191095,-2.0654149055481,0.263235211372375,0.043937660753727,-4.99541491032953,20503.672357611,-40742.5330117173,20502.5177307838,-40744.7081419004,20501.3631039566,-40746.8832720835,0,0,1,0
20130529091650.daq,21,13,501.816666666667,1,0,left,-0.55504451901626,-27.8379211425781,12,0.000218980536345653,69.8648147583008,1189.0189647202,-2.02146983146667,0.262481033802032,0.0534295551478863,-5.0763712010417,20512.7142559939,-40747.3412970091,20511.5642949577,-40749.5188975323,20510.4143339216,-40751.6964980555,0,0,1,0
20130529091650.daq,21,13,501.916666666667,1,0,left,-0.555491952907268,-27.7093353271484,12,0.000218449315382779,69.8220901489258,1199.26269100427,-2.02146983146667,0.263892233371735,0.0154626751318574,-5.14707963089266,20521.7600833139,-40752.1374812208,20520.6150122405,-40754.3176570532,20519.4699411672,-40756.4978328857,0,0,1,0
20130529091650.daq,21,13,502.016666666667,1,0,left,-0.556913391577261,-27.57861328125,12,0.000217923544872486,69.7793731689453,1209.50015444826,-2.02146983146667,0.262918740510941,-0.0699629709124565,-5.21661673105346,20530.8078592372,-40756.9100846043,20529.6677652767,-40759.0928672743,20528.5276713161,-40761.2756499443,0,0,1,0
20130529091650.daq,21,13,502.116666666667,1,0,left,-0.559046735676699,-27.4460067749023,12,0.000217405118809634,69.7365570068359,1219.73134740577,-2.02146983146667,0.263131946325302,0.0344459973275661,-5.28231073313588,20539.8595342396,-40761.6630300131,20538.7244952042,-40763.8484454911,20537.5894561687,-40766.0338609691,0,0,1,0
20130529091650.daq,21,13,502.216666666667,1,0,left,-0.561894376002115,-27.314094543457,12,0.000216895779962796,69.6934509277344,1229.95624236857,-2.02146983146667,0.262646436691284,0.0534295551478863,-5.34767703201446,20548.9170437892,-40766.3925818267,20547.7870392457,-40768.5806047138,20546.6570347021,-40770.768627601,0,0,1,0
20130529091650.daq,21,13,502.316666666667,1,0,left,-0.572246630479004,-27.1800918579102,12,0.000216397577375411,69.6486892700195,1240.17468184015,-2.02146983146667,0.263099908828735,0.0629212111234665,-5.41287304618704,20557.9784527786,-40771.0985557777,20556.8535686427,-40773.2892155195,20555.7286845068,-40775.4798752612,0,0,1,0
20130529091650.daq,21,13,502.416666666667,1,0,left,-0.582611186875607,-27.0449142456055,12,0.000215912828360141,69.6048965454102,1250.38662236676,-2.02146983146667,0.263569414615631,0.0344459973275661,-5.48232440148886,20567.0437545563,-40775.7771061907,20565.9240419576,-40777.970413766,20564.8043293589,-40780.1637213413,0,0,1,0
20130529091650.daq,21,13,502.516666666667,1,0,left,-0.591795696135556,-26.9097442626953,12,0.000215443799241116,69.5619049072266,1260.59220176949,-2.02146983146667,0.263906806707382,0.043937660753727,-5.55083436343688,20576.1168476709,-40780.4361238817,20575.0023125495,-40782.6320669336,20573.8877774282,-40784.8280099854,0,0,1,0
20130529091650.daq,21,13,502.616666666667,1,0,left,-0.601565601261022,-26.7750091552734,12,0.000214992187531089,69.5197601318359,1270.79153921977,-2.02146983146667,0.263107031583786,0.043937660753727,-5.61944136594529,20585.1938233557,-40785.0717309525,20584.0844552278,-40787.270288839,20582.9750870999,-40789.4688467255,0,0,1,0
20130529091650.daq,21,13,502.716666666667,1,0,left,-0.609738749542498,-26.6384963989258,12,0.000214558216381704,69.4781036376953,1280.98473589207,-2.02146983146667,0.263632506132126,0.0913964286446571,-5.69189672492467,20594.2766476155,-40789.6798746283,20593.172520909,-40791.8810694492,20592.0683942025,-40794.0822642701,0,0,1,0
20130529091650.daq,21,13,502.816666666667,1,0,left,-0.616343222192963,-26.5023498535156,12,0.00021413891808371,69.4365768432617,1291.17183551988,-2.02146983146667,0.264034926891327,0.0629212111234665,-5.76488078114851,20603.3633545346,-40794.2646032089,20602.2644614315,-40796.4684154448,20601.1655683284,-40798.6722276808,0,1,1,1
20130529091650.daq,21,13,502.916666666667,1,0,left,-0.623587620417346,-26.3666152954102,12,0.00021372927114793,69.3950653076172,1301.35284602929,-2.02146983146667,0.263925284147263,0.0154626751318574,-5.83896395386964,20612.4578502836,-40798.8259197941,20611.3641811234,-40801.0323291377,20610.2705119632,-40803.2387384812,0,1,1,1
20130529091650.daq,21,13,503.016666666667,1,0,left,-0.62909104502393,-26.2306976318359,12,0.000213322863779536,69.3531799316406,1311.52775800223,-2.02146983146667,0.263760298490524,0.0154626751318574,-5.91248240466776,20621.5562319321,-40803.3637849989,20620.4677999121,-40805.5727825456,20619.3793678922,-40807.7817800923,0,1,1,1
20130529091650.daq,21,13,503.116666666667,1,0,left,-0.643479842487462,-26.0948257446289,12,0.000212912584973795,69.3102188110352,1321.69642690373,-2.02146983146667,0.264815151691437,0.0534295551478863,-5.98781405495248,20630.6604513468,-40807.8782140435,20629.5772608253,-40810.0897864971,20628.4940703037,-40812.3013589507,0,1,1,1
20130529091650.daq,21,13,503.216666666667,1,0,left,-0.658011604224079,-25.9555130004883,12,0.000212493220683419,69.2683334350586,1331.85886709405,-2.02146983146667,0.26506233215332,0.0249543376266956,-6.06697769607756,20639.7685726513,-40812.3650694994,20638.6907626898,-40814.579269154,20637.6129527283,-40816.7934688086,0,1,1,1
20130529091650.daq,21,13,503.316666666667,1,0,left,-0.663764441382593,-25.8303375244141,12,0.000212061107034535,69.2306976318359,1342.01526749437,-2.0654149055481,0.265248119831085,0.0344459973275661,-6.14510476760019,20648.5016038181,-40816.6419235161,20647.4286338405,-40818.858472602,20646.3556638629,-40821.075021688,0,1,1,1
20130529091650.daq,21,13,503.416666666667,1,0,left,-0.679933018195385,-25.6826629638672,12,0.000211614641645426,69.187141418457,1352.16571827586,-1.88963496685028,0.265723049640656,0.0249543376266956,-6.23029262275367,20658.0022993007,-40821.2688461033,20656.9350458305,-40823.4881533046,20655.8677923602,-40825.7074605059,0,1,1,1
20130529091650.daq,21,13,503.516666666667,1,0,left,-0.676395924904455,-25.5600738525391,12,0.00021115531535996,69.1474914550781,1362.31027445506,-1.05467987060547,0.275927603244781,0.0154626751318574,-6.31551312844551,20667.1259043358,-40825.6825876731,20666.0634016981,-40827.9041732709,20665.0008990604,-40830.1257588687,0,1,1,1
20130529091650.daq,21,13,503.616666666667,1,0,left,-0.615073159403348,-25.4918518066406,12,0.000210688243090779,69.1086730957031,1372.44906462147,1.40623998641968,0.282372415065765,0.0154626751318574,-6.3963441552451,20676.257066795,-40830.0804045777,20675.1972101504,-40832.3032537215,20674.1373535057,-40834.5261028653,0,1,1,1
20130529091650.daq,21,13,503.716666666667,1,0,left,-0.512293159966656,-25.4661254882813,12,0.000210221451178809,69.072380065918,1382.5823276774,1.84568989276886,0.282722473144531,0.0249543376266956,-6.47358719904162,20685.3919453126,-40834.4576036753,20684.3330868539,-40836.6809284802,20683.2742283952,-40838.9042532851,0,1,1,1
20130529091650.daq,21,13,503.816666666667,1,0,left,-0.392654336008508,-25.458610534668,12,0.000209763259033299,69.0387420654297,1392.71049321808,1.18651497364044,0.282321631908417,-0.00352087989449501,-6.54231320030862,20694.5286968951,-40838.8203862369,20693.4701300583,-40841.0438499033,20692.4115632216,-40843.2673135696,0,1,1,1
20130529091650.daq,21,13,503.916666666667,1,0,left,-0.284076354273331,-25.4444961547852,12,0.000209321143639135,69.0067749023438,1402.83383007855,0.395504981279373,0.282434612512589,0.043937660753727,-6.60044110174283,20703.6654771335,-40843.1710121025,20702.6074580622,-40845.3947364712,20701.549438991,-40847.61846084,0,1,1,1
20130529091650.daq,21,13,504.016666666667,1,0,left,-0.19549563150802,-25.411003112793,12,0.000208899543518388,68.9772644042969,1412.95266229691,-0.175779983401299,0.282722592353821,0.0724128782749176,-6.6444693919795,20712.8023408704,-40847.5125394337,20711.7456218887,-40849.7368819022,20710.6889029071,-40851.9612243707,0,1,1,1
20130529091650.daq,21,13,504.116666666667,1,0,left,-0.122305703246845,-25.3606262207031,12,0.000208499458970233,68.9494781494141,1423.06729703326,-0.307614982128143,0.283582657575607,0.043937660753727,-6.67432497392486,20721.9373221233,-40851.8451336585,20720.8825592866,-40854.0704043795,20719.8277964499,-40856.2956751005,0,1,1,1
20130529091650.daq,21,13,504.216666666667,1,0,left,-0.0581418954183697,-25.2997207641602,12,0.00020812724243653,68.9230651855469,1433.1779614406,-0.351559966802597,0.284029394388199,-0.0699629709124565,-6.68660040628113,20731.0723445162,-40856.1731226512,20730.0199477394,-40858.3995133285,20728.9675509626,-40860.6259040057,0,1,1,1
20130529091650.daq,21,13,504.316666666667,1,0,left,0.00384017006360082,-25.2328872680664,12,0.000207788983808447,68.8974227905273,1443.28481301548,-0.395504981279373,0.294444113969803,0.0534295551478863,-6.68681891382569,20740.205433831,-40860.4889991424,20739.1556347754,-40862.7166158882,20738.1058357198,-40864.944232634,0,1,1,1
20130529091650.daq,21,13,504.416666666667,1,0,left,0.0639310645326816,-25.1648483276367,12,0.000207487249472924,68.8725814819336,1453.3879520931,-0.395504981279373,0.312073528766632,0.0534295551478863,-6.67099085664191,20749.3385228231,-40864.7969827948,20748.2913698098,-40867.0258446098,20747.2442167965,-40869.2547064247,0,1,1,1
20130529091650.daq,21,13,504.516666666667,1,0,left,0.123928756265176,-25.0951843261719,12,0.000207222277550462,68.8510437011719,1463.48764704228,-0.395504981279373,0.327409952878952,0.043937660753727,-6.64408303618032,20758.4735659869,-40869.0931394907,20757.4291237447,-40871.3232728558,20756.3846815025,-40873.5534062209,0,1,1,1
20130529091650.daq,21,13,504.616666666667,1,0,left,0.183050017255777,-25.0266571044922,12,0.000206992625708159,68.8355484008789,1473.58462175008,-0.395504981279373,0.339083641767502,0.0629212111234665,-6.60573702692357,20767.6105522607,-40873.3776525742,20766.5687780616,-40875.6090335237,20765.5270038625,-40877.8404144731,0,1,1,1
20130529091650.daq,21,13,504.716666666667,1,0,left,0.237607733072618,-24.9602661132813,12,0.000206795471719033,68.8277816772461,1483.67984944973,-0.307614982128143,0.34574219584465,0.0534295551478863,-6.55791328046527,20776.7514312553,-40877.6505884267,20775.7122433484,-40879.8831750247,20774.6730554416,-40882.1157616228,0,1,1,1
20130529091650.daq,21,13,504.816666666667,1,0,left,0.293209276430531,-24.8934326171875,12,0.000206630525138969,68.8291778564453,1493.77461808766,-0.351559966802597,0.349229902029037,0.00597078166902065,-6.49745096019233,20785.8962130338,-40881.9156821057,20784.8596300665,-40884.1494793605,20783.8230470991,-40886.3832766152,0,1,1,1
20130529091650.daq,21,13,504.916666666667,1,0,left,0.349223076849086,-24.8255157470703,12,0.000206500403485729,68.8381958007813,1503.87016730768,-0.351559966802597,0.356674939393997,0.043937660753727,-6.42849095661982,20795.0468529454,-40886.1689848053,20794.0129185886,-40888.4040092278,20792.9789842319,-40890.6390336504,0,1,1,1
20130529091650.daq,21,13,505.016666666667,1,0,left,0.409726666988561,-24.7583694458008,12,0.000206407043490566,68.8534469604492,1513.96750810857,-0.351559966802597,0.363118022680283,-0.00352087989449501,-6.35031834886046,20804.2033441483,-40890.4106196345,20803.1720297798,-40892.6468542145,20802.1407154113,-40894.8830887945,0,1,1,1
20130529091650.daq,21,13,505.116666666667,1,0,left,0.468008790894825,-24.6896743774414,12,0.000206349905840173,68.8743133544922,1524.06750387698,-0.439449965953827,0.365989774465561,0.0344459973275661,-6.26001505771476,20813.3676480068,-40894.644338827,20812.3390155238,-40896.881808299,20811.3103830409,-40899.1192777711,0,1,1,1
20130529091650.daq,21,13,505.216666666667,1,0,left,0.525122485227964,-24.6182861328125,12,0.000206328736697932,68.9001998901367,1534.17093360976,-0.527339935302734,0.372371345758438,-0.00352087989449501,-6.15852738333867,20822.541721157,-40898.8700663618,20821.515877269,-40901.1088157316,20820.490033381,-40903.3475651015,0,1,1,1
20130529091650.daq,21,13,505.316666666667,1,0,left,0.577747818832091,-24.5454635620117,12,0.000206344723753918,68.9292602539063,1544.27847951197,-0.615229964256287,0.374052762985229,0.0249543376266956,-6.05284457701157,20831.3388400184,-40902.9081983259,20830.3158423944,-40905.1482497282,20829.2928447704,-40907.3883011304,0,1,1,1
20130529091650.daq,21,13,505.416666666667,1,0,left,0.630351149676965,-24.4658126831055,12,0.000206399003262803,68.9646606445313,1554.39078658256,-0.659174978733063,0.375034183263779,0.0154626751318574,-5.92608854250018,20840.9133184563,-40907.2896264119,20839.8934358723,-40909.5310977899,20838.8735532883,-40911.7725691679,0,1,1,1
20130529091650.daq,21,13,505.516666666667,1,0,left,0.675491136486787,-24.3872680664063,12,0.00020649202650262,69.0017852783203,1564.5083114588,-0.703119933605194,0.374510526657104,0.0249543376266956,-5.79727035758297,20850.1147392099,-40911.4836276309,20849.0979303316,-40913.7264950207,20848.0811214532,-40915.9693624106,0,1,1,1
20130529091650.daq,21,13,505.616666666667,1,0,left,0.714590113933355,-24.303596496582,12,0.000206623326218248,69.0421905517578,1574.63153045333,-0.878899931907654,0.37555718421936,0.100888095796108,-5.6576339468052,20859.3259339655,-40915.6694754089,20858.312401529,-40917.9138252978,20857.2988690926,-40920.1581751866,0,0,1,0
20130529091650.daq,21,13,505.716666666667,1,0,left,0.751190772388366,-24.2162094116211,12,0.000206791526035887,69.084831237793,1584.76084705185,-1.05467987060547,0.375108271837234,0.0534295551478863,-5.5121911008603,20868.5488502285,-40919.8433572132,20867.5387420349,-40922.089250323,20866.5286338412,-40924.3351434327,0,0,1,0
20130529091650.daq,21,13,505.816666666667,1,0,left,0.785725019273691,-24.1233215332031,12,0.000206996078899039,69.1289443969727,1594.89653596406,-1.18651497364044,0.375088959932327,0.0629212111234665,-5.35732437334503,20877.7834919,-40924.0090606367,20876.7770260725,-40926.256588381,20875.770560245,-40928.5041161253,0,0,1,0
20130529091650.daq,21,13,505.916666666667,1,0,left,0.81464795603404,-24.0257720947266,12,0.000207237362452807,69.1735610961914,1605.03874088567,-1.31834995746613,0.375742107629776,-0.0225042030215263,-5.19451362476033,20887.0298549327,-40928.1627351344,20886.0272171105,-40930.4119731878,20885.0245792882,-40932.6612112412,0,0,1,0
20130529091650.daq,21,13,506.016666666667,1,0,left,0.840079152831901,-23.9234848022461,12,0.000207515043611428,69.2182159423828,1615.18749491987,-1.40623986721039,0.375363200902939,0.0249543376266956,-5.02561927328141,20896.2879379412,-40932.3043755895,20895.2893171669,-40934.5554000169,20894.2906963926,-40936.8064244442,0,0,1,0
20130529091650.daq,21,13,506.116666666667,1,0,left,0.86534005494941,-23.817497253418,12,0.000207828396702156,69.2626266479492,1625.34278510512,-1.45018494129181,0.286549836397171,0.0344459973275661,-4.85350178252235,20905.5596898091,-40936.4301446629,20904.5652347573,-40938.6830125182,20903.5707797056,-40940.9358803735,0,0,1,0
20130529091650.daq,21,13,506.216666666667,1,0,left,0.883299266742416,-23.7105178833008,12,0.000208176633109626,69.3027648925781,1635.50442811514,-1.45018494129181,0.183095052838326,0.0344459973275661,-4.67102630571982,20914.8451028421,-40940.5480348351,20913.8548559461,-40942.8027555514,20912.8646090501,-40945.0574762676,0,0,1,0
20130529091650.daq,21,13,506.316666666667,1,0,left,0.892143643518661,-23.6083984375,12,0.000208559037110183,69.3174362182617,1645.67036390701,-1.49412989616394,0.192079409956932,0.0344459973275661,-4.5032523820143,20923.3668199503,-40944.3068725609,20922.3805932601,-40946.5633546324,20921.3943665698,-40948.8198367038,0,0,1,0
20130529091650.daq,21,13,506.416666666667,1,0,left,0.911082997993237,-23.4953994750977,12,0.000208975059130703,69.2964096069336,1655.83579270749,-1.49412989616394,0.217510655522346,0.0819045379757881,-4.30259024263443,20933.4432352538,-40948.7290492197,20932.4614607215,-40950.9874719417,20931.4796861893,-40953.2458946637,0,0,1,0
20130529091650.daq,21,13,506.516666666667,1,0,left,0.92427224392938,-23.3830718994141,12,0.000209423155518174,69.2525177001953,1665.99625724465,-1.58201992511749,0.237958744168282,0.0724128782749176,-4.11520582077403,20942.7520563044,-40952.7918950429,20941.7747112622,-40955.0522381788,20940.79736622,-40957.3125813147,0,0,1,0
20130529091650.daq,21,13,506.616666666667,1,0,left,0.929845154049975,-23.263313293457,12,0.000209900168521761,69.1980972290039,1676.14939451161,-2.19724988937378,0.252218842506409,0.0819045379757881,-3.92287666738076,20952.0589231435,-40956.8347151839,20951.0863047614,-40959.0970962098,20950.1136863792,-40961.3594772356,0,0,1,0
20130529091650.daq,21,13,506.716666666667,1,0,left,0.895046148189422,-23.1012115478516,12,0.000210401069704053,69.1406707763672,1686.29426587028,-3.69137978553772,0.255811274051666,0.0629212111234665,-3.72991475654516,20961.365843459,-40960.8551885408,20960.3996297101,-40963.1203122493,20959.4334159612,-40965.3854359578,0,0,1,0
20130529091650.daq,21,13,506.816666666667,1,0,left,0.835995395621371,-22.9105911254883,12,0.000210920316061407,69.0840835571289,1696.43074692736,-3.99899482727051,0.25597470998764,0.0913964286446571,-3.53966366586176,20970.6727739718,-40964.8464212543,20969.7141015187,-40967.1147469697,20968.7554290656,-40969.383072685,0,0,1,0
20130529091650.daq,21,13,506.916666666667,1,0,left,0.752164007256795,-22.6954498291016,12,0.0002114519683883,69.0296630859375,1706.55908758848,-4.30660963058472,0.255949646234512,0.0534295551478863,-3.3542921535434,20979.9816442491,-40968.8086788627,20979.0314959249,-40971.0805883208,20978.0813476007,-40973.3524977788,0,0,1,0
20130529091650.daq,21,13,507.016666666667,1,0,left,0.62941592859924,-22.4558639526367,12,0.00021198841475823,68.9761505126953,1716.67954997478,-4.87789487838745,0.25611674785614,0.0629212111234665,-3.19307227939309,20989.2943889783,-40972.7380600401,20988.3537490645,-40975.0139227283,20987.4131091506,-40977.2897854166,0,0,1,0
