daqname,subject,instance,time,road_type,oncoming,direction,heading_local,heading,width,curvature,speed,distance,steer,throttle,brake,lat_dist,front_left_x,front_left_y,front_center_x,front_center_y,front_right_x,front_right_y,pre_phase,ld_phase,post_phase,exceed
20130123094532.daq,34,6,854.983333333333,1,0,right,0.729568481445313,269.270431518555,12,0.0001,54.1335792541504,0,-0.0439449958503246,0.33477520942688,0.0752590075135231,2.79788659677269,-57093.8631660699,-121978.64401465,-57096.3255574298,-121978.61265841,-57098.7879487898,-121978.58130217,1,0,0,0
20130123094532.daq,34,6,855.083333333333,1,0,right,0.682769775390625,269.317230224609,12,0.0001,54.1964569091797,7.94422243208101,-0.0439449958503246,0.335082739591599,-0.0101661784574389,2.90234126794658,-57093.9774478178,-121986.588212353,-57096.4398639679,-121986.558867383,-57098.902280118,-121986.529522414,1,0,0,0
20130123094532.daq,34,6,855.183333333333,1,0,right,0.6365966796875,269.363403320313,12,0.0001,54.2592086791992,15.8976575697307,-0.395504981279373,0.334472805261612,-0.0101661784574389,3.00924545010936,-57094.0839568034,-121994.532422633,-57096.5463958022,-121994.505062066,-57099.008834801,-121994.477701499,1,0,0,0
20130123094532.daq,34,6,855.283333333333,1,0,right,0.585678100585938,269.414321899414,12,0.0001,54.32177734375,23.8602841056927,-0.527339935302734,0.334392428398132,0.0372923612594604,3.10728575752123,-57094.1823597628,-122002.492141953,-57096.6448221045,-122002.466969759,-57099.1072844461,-122002.441797564,1,0,0,0
20130123094532.daq,34,6,855.383333333333,1,0,right,0.532196044921875,269.467803955078,12,0.0001,54.3840827941895,31.8320684239443,-0.527339935302734,0.334099858999252,0.0562756843864918,3.20187087804826,-57094.2766985734,-122010.459609422,-57096.739183339,-122010.436735794,-57099.2016681045,-122010.413862166,1,0,0,0
20130123094532.daq,34,6,855.483333333333,1,0,right,0.476806640625,269.523193359375,12,0.0001,54.4461059570313,39.8129708472989,-0.483394980430603,0.333499580621719,0.0562756843864918,3.28484304287402,-57094.3592015866,-122018.434840388,-57096.821707314,-122018.414347322,-57099.2842130415,-122018.393854256,1,0,0,0
20130123094532.daq,34,6,855.583333333333,1,0,right,0.420944213867188,269.579055786133,12,0.0001,54.5078010559082,47.8029460570469,-0.483394980430603,0.329341769218445,0.0847508981823921,3.36317667440593,-57094.4377703248,-122026.42568162,-57096.9002948622,-122026.407589465,-57099.3628193996,-122026.389497311,1,0,0,0
20130123094532.daq,34,6,855.683333333333,1,0,right,0.369964599609375,269.630035400391,12,0.0001,54.5688781738281,55.8019322295077,-0.131834983825684,0.320120424032211,0.0372923612594604,3.43407216035575,-57094.5088303605,-122034.416637581,-57096.9713700209,-122034.400736494,-57099.4339096812,-122034.384835407,1,0,0,0
20130123094532.daq,34,6,855.783333333333,1,0,right,0.338226318359375,269.661773681641,12,0.0001,54.6283264160156,63.8097742460523,0.834954977035522,0.301675349473953,0.0372923612594604,3.49851523866277,-57094.5732706497,-122042.423681945,-57097.0358187404,-122042.409144953,-57099.4983668312,-122042.394607962,1,0,0,0
20130123094532.daq,34,6,855.883333333333,1,0,right,0.318038940429688,269.68196105957,12,0.0001,54.6838264465332,71.8260845664336,0.92284494638443,0.290972888469696,0.0183090381324291,3.55592483910208,-57094.6306141567,-122050.438817799,-57097.0931672165,-122050.425148454,-57099.5557202763,-122050.411479108,1,0,0,0
20130123094532.daq,34,6,855.983333333333,1,0,right,0.30010986328125,269.699890136719,12,0.0001,54.7323913574219,79.8500523495022,0.351559996604919,0.280584812164307,0.0372923612594604,3.61358241568543,-57094.6880976691,-122058.461820504,-57097.1506548858,-122058.448921744,-57099.6132121025,-122058.436022985,1,0,0,0
20130123094532.daq,34,6,856.083333333333,1,0,right,0.27520751953125,269.724792480469,12,0.0001,54.772891998291,87.880517305799,0.219724997878075,0.264919400215149,0.0467842556536198,3.6629177541745,-57094.7373370959,-122066.492466024,-57097.1998996861,-122066.480637562,-57099.6624622764,-122066.4688091,1,0,0,0
20130123094532.daq,34,6,856.183333333333,1,0,right,0.2530517578125,269.746948242188,12,0.0001,54.8051109313965,95.9163573311234,0.74706494808197,0.247272849082947,0.0467842556536198,3.7081502380515,-57094.7828405477,-122074.523177651,-57097.2454075278,-122074.512301441,-57099.7079745079,-122074.501425231,1,0,0,0
20130123094532.daq,34,6,856.283333333333,1,0,right,0.23870849609375,269.761291503906,12,0.0001,54.8281784057617,103.956265829329,1.09862494468689,0.232951954007149,0.0752590075135231,3.75397372133469,-57094.8288277418,-122082.561891335,-57097.2913973675,-122082.551631597,-57099.7539669931,-122082.541371859,1,0,0,0
20130123094532.daq,34,6,856.383333333333,1,0,right,0.231002807617188,269.768997192383,12,0.0001,54.8412399291992,111.998830367404,1.05467998981476,0.221632480621338,0.0657675787806511,3.79261609207631,-57094.8674133184,-122090.600766348,-57097.3299843016,-122090.5908378,-57099.7925552848,-122090.580909252,1,0,0,0
20130123094532.daq,34,6,856.483333333333,1,0,right,0.225341796875,269.774658203125,12,0.0001,54.8437347412109,120.042545030854,0.92284494638443,0.214616522192955,0.113226115703583,3.83561033785084,-57094.9100317109,-122098.647503569,-57097.3726036631,-122098.637818331,-57099.8351756153,-122098.628133093,1,0,0,0
20130123094532.daq,34,6,856.583333333333,1,0,right,0.216598510742188,269.783401489258,12,0.0001,54.835132598877,128.085808139076,0.791009962558746,0.214016482234001,0.0467842556536198,3.87005452710496,-57094.9446468697,-122106.686353204,-57097.4072202711,-122106.677043753,-57099.8697936726,-122106.667734301,1,0,0,0
20130123094532.daq,34,6,856.683333333333,1,0,right,0.2069091796875,269.793090820313,12,0.0001,54.8170280456543,136.127081373765,0.791009962558746,0.213819518685341,0.0278004687279463,3.9082933380018,-57094.9831097689,-122114.725179711,-57097.4456847095,-122114.716286707,-57099.9082596501,-122114.707393703,1,0,0,0
20130123094532.daq,34,6,856.783333333333,1,0,right,0.195556640625,269.804443359375,12,0.0001,54.7921447753906,144.165171715315,0.791009962558746,0.213529989123344,0.0467842556536198,3.94273692606656,-57095.0175635454,-122122.763965579,-57097.4801401997,-122122.755560508,-57099.942716854,-122122.747155437,1,0,0,0
20130123094532.daq,34,6,856.883333333333,1,0,right,0.18463134765625,269.815368652344,12,0.0001,54.7626647949219,152.199253915656,0.74706494808197,0.212632045149803,-0.0101661784574389,3.97734173946846,-57095.0520438108,-122130.794949227,-57097.514622023,-122130.787013726,-57099.9772002352,-122130.779078225,1,0,0,0
20130123094532.daq,34,6,856.983333333333,1,0,right,0.163955688476563,269.836044311523,12,0.0001,54.7300224304199,160.228768857596,0.131834998726845,0.198400497436523,0.0372923612594604,4.00755557612123,-57095.0820146774,-122138.825694814,-57097.5445955928,-122138.818647955,-57100.0071765083,-122138.811601097,1,0,0,0
20130123094532.daq,34,6,857.083333333333,1,0,right,0.134323120117188,269.865676879883,12,0.0001,54.694019317627,168.253344759891,-0.0439449958503246,0.184816539287567,0.0372923612594604,4.04098056938321,-57095.1153379777,-122146.848408579,-57097.5779222083,-122146.842635334,-57100.040506439,-122146.836862088,1,0,0,0
20130123094532.daq,34,6,857.183333333333,1,0,right,0.097747802734375,269.902252197266,12,0.0001,54.6523857116699,176.272180385939,-0.0439449958503246,0.182530805468559,0.0562756843864918,4.06596640677767,-57095.1404198443,-122154.86313897,-57097.6030072586,-122154.858937741,-57100.065594673,-122154.854736511,1,0,0,0
20130123094532.daq,34,6,857.283333333333,1,0,right,0.0582122802734375,269.941787719727,12,0.0001,54.6039352416992,184.284405681858,0.0439449995756149,0.182700976729393,0.0657675787806511,4.0869719478869,-57095.1614130395,-122162.869982833,-57097.6240027665,-122162.867480851,-57100.0865924935,-122162.864978869,1,0,0,0
20130123094532.daq,34,6,857.383333333333,1,0,right,0.0217132568359375,269.978286743164,12,0.0001,54.5499305725098,192.289096323191,0.26366999745369,0.182414725422859,0.0562756843864918,4.1043752682002,-57095.1786883116,-122170.869087094,-57097.6412791328,-122170.868153852,-57100.1038699539,-122170.867220609,1,0,0,0
20130123094532.daq,34,6,857.483333333333,1,0,right,-0.0106964111328125,270.010696411133,12,0.0001,54.492015838623,200.285561572666,0.351559996604919,0.18234546482563,0.0752590075135231,4.1179653739799,-57095.1923105725,-122178.86829051,-57097.6549015276,-122178.868750245,-57100.1174924826,-122178.86920998,1,0,0,0
20130123094532.daq,34,6,857.583333333333,1,0,right,-0.03973388671875,270.039733886719,12,0.0001,54.4315299987793,208.273330665907,0.527339994907379,0.182914271950722,0.0657675787806511,4.12753971307632,-57095.2022353492,-122186.851950847,-57097.6648257551,-122186.853658622,-57100.1274161609,-122186.855366397,1,0,0,0
20130123094532.daq,34,6,857.683333333333,1,0,right,-0.0529937744140625,270.052993774414,12,0.0001,54.3693466186523,216.25209602317,1.18651497364044,0.183274805545807,0.00881714466959238,4.13050241672359,-57095.2053225065,-122194.828186696,-57097.6679124512,-122194.830464385,-57100.1305023958,-122194.832742074,1,0,0,0
20130123094532.daq,34,6,857.783333333333,1,0,right,-0.060516357421875,270.060516357422,12,0.0001,54.3060340881348,224.221652544671,1.05467998981476,0.183147951960564,0.0278004687279463,4.13025226122903,-57095.2048578535,-122202.796751296,-57097.6674474779,-122202.799352308,-57100.1300371023,-122202.80195332,1,0,0,0
20130123094532.daq,34,6,857.883333333333,1,0,right,-0.0697174072265625,270.069717407227,12,0.0001,54.2420310974121,232.181867771113,0.659174978733063,0.183877274394035,0.0183090381324291,4.12965890471741,-57095.2042895584,-122210.757461946,-57097.6668787334,-122210.760458422,-57100.1294679083,-122210.763454898,1,0,0,0
20130123094532.daq,34,6,857.983333333333,1,0,right,-0.090576171875,270.090576171875,12,0.0001,54.1777000427246,240.132668176142,0.26366999745369,0.182328924536705,0.0562756843864918,4.12825077771199,-57095.2030013694,-122218.702259841,-57097.6655892903,-122218.706152832,-57100.1281772112,-122218.710045823,1,0,0,0
20130123094532.daq,34,6,858.083333333333,1,0,right,-0.109466552734375,270.109466552734,12,0.0001,54.1132278442383,248.074088308298,0.74706494808197,0.184720084071159,0.0752590075135231,4.11941502196195,-57095.1940224049,-122226.639293392,-57097.6566089085,-122226.643998297,-57100.119195412,-122226.648703201,1,0,0,0
20130123094532.daq,34,6,858.183333333333,1,0,right,-0.116744995117188,270.116744995117,12,0.0001,54.0487480163574,256.005983026473,1.36229491233826,0.18558232486248,0.0562756843864918,4.11510052511995,-57095.1896667586,-122234.568801067,-57097.6522526445,-122234.573818801,-57100.1148385305,-122234.578836535,1,0,0,0
20130123094532.daq,34,6,858.283333333333,1,0,right,-0.115951538085938,270.115951538086,12,0.0001,53.9845962524414,263.928440357136,1.2744048833847,0.191560164093971,-0.0291495025157928,4.10323784546347,-57095.1779969983,-122242.490695674,-57097.6405829535,-122242.495679304,-57100.1031689087,-122242.500662935,1,0,0,0
20130123094532.daq,34,6,858.383333333333,1,0,right,-0.110443115234375,270.110443115234,12,0.0001,53.9211120605469,271.841531402155,1.31834995746613,0.203449741005898,0.0183090381324291,4.09566897088918,-57095.1705246072,-122250.404894268,-57097.6331110302,-122250.409641145,-57100.0956974532,-122250.414388023,1,0,0,0
20130123094532.daq,34,6,858.483333333333,1,0,right,-0.0967559814453125,270.096755981445,12,0.0001,53.8596420288086,279.745436084282,1.62596487998962,0.202867522835732,0.0183090381324291,4.08537908217322,-57095.1596510047,-122258.303669789,-57097.6222384913,-122258.30782839,-57100.084825978,-122258.311986991,1,0,0,0
20130123094532.daq,34,6,858.583333333333,1,0,right,-0.0784454345703125,270.07844543457,12,0.0001,53.8015632629395,287.640567726907,1.80174493789673,0.202834367752075,0.0183090381324291,4.07833330424131,-57095.1529692629,-122266.202559175,-57097.6155579528,-122266.205930783,-57100.0781466427,-122266.209302392,1,0,0,0
20130123094532.daq,34,6,858.683333333333,1,0,right,-0.0558624267578125,270.055862426758,12,0.0001,53.7467384338379,295.527426514236,1.80174493789673,0.20417158305645,0.0467842556536198,4.06860421901688,-57095.1426453134,-122274.085928503,-57097.605235141,-122274.088329487,-57100.0678249685,-122274.090730472,1,0,0,0
20130123094532.daq,34,6,858.783333333333,1,0,right,-0.0309295654296875,270.03092956543,12,0.0001,53.6945343017578,303.406443626751,1.84568989276886,0.204514443874359,0.0467842556536198,4.06592070631607,-57095.1402792534,-122281.961542633,-57097.6028698926,-122281.962871995,-57100.0654605318,-122281.964201358,1,0,0,0
20130123094532.daq,34,6,858.883333333333,1,0,right,-0.0028839111328125,270.002883911133,12,0.0001,53.6443939208984,311.27796147245,1.93357992172241,0.204067036509514,0.0372923612594604,4.06365762177692,-57095.1381058008,-122289.837232634,-57097.6006967956,-122289.837356585,-57100.0632877905,-122289.837480537,1,0,0,0
20130123094532.daq,34,6,858.983333333333,1,0,right,0.0264892578125,269.973510742188,12,0.0001,53.5957679748535,319.142243757713,1.93357992172241,0.204237416386604,0.0467842556536198,4.06523452096749,-57095.1399209803,-122297.697329386,-57097.6025117151,-122297.696190869,-57100.0651024499,-122297.695052353,1,0,0,0
20130123094532.daq,34,6,859.083333333333,1,0,right,0.05645751953125,269.943542480469,12,0.0001,53.5481414794922,326.999520572877,2.02146983146667,0.204232811927795,0.0278004687279463,4.07087317104009,-57095.1456795659,-122305.557439802,-57097.6082693684,-122305.55501324,-57100.0708591709,-122305.552586678,1,0,0,0
20130123094532.daq,34,6,859.183333333333,1,0,right,0.0948333740234375,269.905166625977,12,0.0001,53.5012283325195,334.84981844711,2.41697478294373,0.204570636153221,0.103734225034714,4.08108765560763,-57095.1558646354,-122313.409942623,-57097.6184522602,-122313.405866656,-57100.0810398851,-122313.401790689,1,0,0,0
20130123094532.daq,34,6,859.283333333333,1,0,right,0.146469116210938,269.853530883789,12,0.0001,53.4548645019531,342.693277392842,2.94431495666504,0.203192785382271,0.0467842556536198,4.09636465150556,-57095.1707767341,-122321.254955343,-57097.6333596856,-122321.24866006,-57100.095942637,-122321.242364778,1,0,0,0
20130123094532.daq,34,6,859.383333333333,1,0,right,0.205581665039063,269.794418334961,12,0.0001,53.4088592529297,350.529965201633,2.94431495666504,0.205542147159576,0.00881714466959238,4.11919249892473,-57095.193965122,-122329.09233487,-57097.656540268,-122329.083498923,-57100.1191154139,-122329.074662976,1,0,0,0
20130123094532.daq,34,6,859.483333333333,1,0,right,0.257217407226563,269.742782592773,12,0.0001,53.3630485534668,358.359919685681,1.80174493789673,0.204650223255157,0.0183090381324291,4.14583560915583,-57095.2205984055,-122336.921716415,-57097.6831645884,-122336.910661165,-57100.1457307712,-122336.899605916,1,0,0,0
20130123094532.daq,34,6,859.583333333333,1,0,right,0.264434814453125,269.735565185547,12,0.0001,53.3176193237305,366.18318126817,-0.175779983401299,0.203975319862366,0.0278004687279463,4.17763671062784,-57095.2522951876,-122344.742204319,-57097.7148599583,-122344.730838867,-57100.177424729,-122344.719473414,1,0,0,0
20130123094532.daq,34,6,859.683333333333,1,0,right,0.245147705078125,269.754852294922,12,0.0001,53.2725105285645,373.999806177853,-0.175779983401299,0.20406074821949,0.0467842556536198,4.21146201243332,-57095.2862575492,-122352.554235459,-57097.7488260062,-122352.543698964,-57100.2113944633,-122352.533162469,1,0,0,0
20130123094532.daq,34,6,859.783333333333,1,0,right,0.21600341796875,269.783996582031,12,0.0001,53.2275810241699,381.809828870006,0.439449995756149,0.205126121640205,-0.000674748385790735,4.24887230171267,-57095.3235162926,-122360.366026213,-57097.7860897907,-122360.356742339,-57100.2486632887,-122360.347458464,1,0,0,0
20130123094532.daq,34,6,859.883333333333,1,0,right,0.196975708007813,269.803024291992,12,0.0001,53.1828384399414,389.613275081203,0.966789960861206,0.20421214401722,0.00881714466959238,4.28673564002718,-57095.3614013516,-122368.162437666,-57097.823977797,-122368.153971603,-57100.2865542423,-122368.145505541,1,0,0,0
20130123094532.daq,34,6,859.983333333333,1,0,right,0.186843872070313,269.81315612793,12,0.0001,53.1382484436035,397.410171527066,1.05467998981476,0.204192399978638,0.0657675787806511,4.32109754191373,-57095.395930703,-122375.959065677,-57097.858508607,-122375.951035082,-57100.3210865109,-122375.943004487,1,0,0,0
20130123094532.daq,34,6,860.083333333333,1,0,right,0.18182373046875,269.818176269531,12,0.0001,53.0938110351563,405.200538069512,0.966789960861206,0.204114511609077,0.0657675787806511,4.35232419578193,-57095.4268701023,-122383.748005758,-57097.8894487004,-122383.740190929,-57100.3520272985,-122383.7323761,1,0,0,0
20130123094532.daq,34,6,860.183333333333,1,0,right,0.163787841796875,269.836212158203,12,0.0001,53.0495872497559,412.984403335795,0.17577999830246,0.204360842704773,0.0372923612594604,4.38241212955533,-57095.457004294,-122391.528815717,-57097.9195852301,-122391.521776073,-57100.3821661662,-122391.514736428,1,0,0,0
20130123094532.daq,34,6,860.283333333333,1,0,right,0.139404296875,269.860595703125,12,0.0001,53.0054817199707,420.761791803598,0.0878899991512299,0.203637003898621,0.0847508981823921,4.41192968249059,-57095.4867460019,-122399.309470247,-57097.9493297109,-122399.303478612,-57100.4119134199,-122399.297486976,1,0,0,0
20130123094532.daq,34,6,860.383333333333,1,0,right,0.106033325195313,269.893966674805,12,0.0001,52.961483001709,428.532719278533,0.0878899991512299,0.20455402135849,0.0562756843864918,4.43720566692328,-57095.5120259359,-122407.074279255,-57097.9746127169,-122407.069721912,-57100.4371994979,-122407.065164568,1,0,0,0
20130123094532.daq,34,6,860.483333333333,1,0,right,0.07598876953125,269.924011230469,12,0.0001,52.9175605773926,436.297199561348,0.395504981279373,0.204492643475533,0.0372923612594604,4.45886258663692,-57095.5336057477,-122414.839168573,-57097.99619458,-122414.835902553,-57100.4587834122,-122414.832636532,1,0,0,0
20130123094532.daq,34,6,860.583333333333,1,0,right,0.0513763427734375,269.948623657227,12,0.0001,52.8738021850586,444.055247245422,0.659174978733063,0.204391300678253,0.0657675787806511,4.47742167210272,-57095.5516154718,-122422.588565179,-57098.0142054797,-122422.586357007,-57100.4767954877,-122422.584148836,1,0,0,0
20130123094532.daq,34,6,860.683333333333,1,0,right,0.0307769775390625,269.969223022461,12,0.0001,52.8302688598633,451.806893289206,0.439449995756149,0.204399332404137,0.0562756843864918,4.49480094925866,-57095.5698734803,-122430.338059665,-57098.032464123,-122430.336736861,-57100.4950547657,-122430.335414057,1,0,0,0
20130123094532.daq,34,6,860.783333333333,1,0,right,-0.0014190673828125,270.001419067383,12,0.0001,52.7869529724121,459.552171728348,-0.131834983825684,0.204504653811455,0.0278004687279463,4.50539617248663,-57095.5796025652,-122438.07945615,-57098.0421935625,-122438.079517142,-57100.5047845597,-122438.079578134,1,0,0,0
20130123094532.daq,34,6,860.883333333333,1,0,right,-0.03924560546875,270.039245605469,12,0.0001,52.743782043457,467.291108532532,-0.131834983825684,0.204528912901878,0.0183090381324291,4.51373401185417,-57095.5889842629,-122445.820712872,-57098.0515746832,-122445.822399661,-57100.5141651035,-122445.824086449,1,0,0,0
20130123094532.daq,34,6,860.983333333333,1,0,right,-0.083526611328125,270.083526611328,12,0.0001,52.7007217407227,475.023721745318,-0.175779983401299,0.204910039901733,0.0278004687279463,4.51533595273004,-57095.590155463,-122453.546183812,-57098.0527438442,-122453.549773812,-57100.5153322254,-122453.553363811,1,0,0,0
20130123094532.daq,34,6,861.083333333333,1,0,right,-0.12835693359375,270.128356933594,12,0.0001,52.6577644348145,482.750026472924,-0.219724982976913,0.204337894916534,0.0183090381324291,4.512576254656,-57095.5873873443,-122461.271639059,-57098.0499721628,-122461.277155876,-57100.5125569813,-122461.282672694,1,0,0,0
20130123094532.daq,34,6,861.183333333333,1,0,right,-0.1737060546875,270.173706054688,12,0.0001,52.614933013916,490.470040712302,-0.175779983401299,0.204124286770821,0.0278004687279463,4.50601839436634,-57095.580681824,-122468.989266788,-57098.0432615046,-122468.996732719,-57100.5058411852,-122469.00419865,1,0,0,0
20130123094532.daq,34,6,861.283333333333,1,0,right,-0.219497680664063,270.219497680664,12,0.0001,52.572193145752,498.183779802806,-0.0878899917006493,0.204653322696686,0.0372923612594604,4.49164244475913,-57095.5661373913,-122476.699068819,-57098.0287103185,-122476.708502877,-57100.4912832458,-122476.717936935,1,0,0,0
20130123094532.daq,34,6,861.383333333333,1,0,right,-0.25531005859375,270.255310058594,12,0.0001,52.5295753479004,505.891258011419,0.395504981279373,0.205198004841805,0.0278004687279463,4.47345757548918,-57095.5483031351,-122484.401304226,-57098.0108696846,-122484.412277498,-57100.4734362341,-122484.42325077,1,0,0,0
20130123094532.daq,34,6,861.483333333333,1,0,right,-0.278167724609375,270.278167724609,12,0.0001,52.4871788024902,513.59250079497,0.966789960861206,0.204608395695686,0.0372923612594604,4.44868067948677,-57095.5234558425,-122492.103860712,-57097.9860178183,-122492.115816403,-57100.4485797942,-122492.127772094,1,0,0,0
20130123094532.daq,34,6,861.583333333333,1,0,right,-0.287155151367188,270.287155151367,12,0.0001,52.4450073242188,521.287542701961,1.23045992851257,0.204669401049614,0.0372923612594604,4.42086918470929,-57095.495557837,-122499.791137023,-57097.9581179072,-122499.803478992,-57100.4206779774,-122499.815820961,1,0,0,0
20130123094532.daq,34,6,861.683333333333,1,0,right,-0.292373657226563,270.292373657227,12,0.0001,52.4030380249023,528.976414784112,0.834954977035522,0.204218432307243,0.0657675787806511,4.3891466153034,-57095.4639860273,-122507.478507099,-57097.9265449632,-122507.491073358,-57100.389103899,-122507.503639617,1,0,0,0
20130123094532.daq,34,6,861.783333333333,1,0,right,-0.3135986328125,270.313598632813,12,0.0001,52.3611907958984,536.65914114612,-0.131834983825684,0.204099774360657,0.0467842556536198,4.3568513240127,-57095.4314272685,-122515.165478364,-57097.8939813802,-122515.178956867,-57100.356535492,-122515.192435369,1,0,0,0
20130123094532.daq,34,6,861.883333333333,1,0,right,-0.347518920898438,270.347518920898,12,0.0001,52.3193740844727,544.33573288453,-0.175779983401299,0.203897073864937,0.0657675787806511,4.31932675530945,-57095.3941798575,-122522.836507371,-57097.8567255582,-122522.851443754,-57100.3192712588,-122522.866380137,1,0,0,0
20130123094532.daq,34,6,861.983333333333,1,0,right,-0.38201904296875,270.382019042969,12,0.0001,52.2775917053223,552.006193682661,0.395504981279373,0.204483389854431,0.0752590075135231,4.27815058118343,-57095.3529909643,-122530.499708146,-57097.8155272247,-122530.516127325,-57100.2780634852,-122530.532546505,1,0,0,0
20130123094532.daq,34,6,862.083333333333,1,0,right,-0.40667724609375,270.406677246094,12,0.0001,52.2359199523926,559.670533424855,0.878899991512299,0.204452633857727,0.0562756843864918,4.23782951569342,-57095.3124089897,-122538.163153962,-57097.7749379558,-122538.180632934,-57100.2374669219,-122538.198111906,1,0,0,0
20130123094532.daq,34,6,862.183333333333,1,0,right,-0.4112548828125,270.411254882813,12,0.0001,52.194465637207,567.328775609669,1.62596487998962,0.204707756638527,0.0562756843864918,4.19033714750432,-57095.2652519382,-122545.819289407,-57097.7277795,-122545.836965122,-57100.1903070618,-122545.854640837,1,0,0,0
20130123094532.daq,34,6,862.283333333333,1,0,right,-0.395462036132813,270.395462036133,12,0.0001,52.1532554626465,574.980956184372,2.10935997962952,0.204325541853905,0.0752590075135231,4.14444053591292,-57095.2193500545,-122553.468122027,-57097.6818823948,-122553.485118978,-57100.1444147351,-122553.502115928,1,0,0,0
20130123094532.daq,34,6,862.383333333333,1,0,right,-0.369216918945313,270.369216918945,12,0.0001,52.1122398376465,582.627107832508,2.10935997962952,0.204358875751495,0.0372923612594604,4.0994136075836,-57095.1740924546,-122561.117215559,-57097.6366323222,-122561.133084511,-57100.0991721899,-122561.148953463,1,0,0,0
20130123094532.daq,34,6,862.483333333333,1,0,right,-0.347503662109375,270.347503662109,12,0.0001,52.0713310241699,590.267252887068,1.2744048833847,0.204652324318886,0.0372923612594604,4.05416047572098,-57095.1285557981,-122568.758382751,-57097.5911015027,-122568.773318479,-57100.0536472074,-122568.788254206,1,0,0,0
20130123094532.daq,34,6,862.583333333333,1,0,right,-0.338119506835938,270.338119506836,12,0.0001,52.0305404663086,597.901405754914,1.01073491573334,0.204478070139885,0.0372923612594604,4.00765803721803,-57095.0822592743,-122576.391429422,-57097.5448073922,-122576.405961823,-57100.00735551,-122576.420494223,1,0,0,0
20130123094532.daq,34,6,862.683333333333,1,0,right,-0.331924438476563,270.331924438477,12,0.0001,51.9899215698242,605.529588442667,1.31834995746613,0.204244688153267,0.0372923612594604,3.96498993698846,-57095.0396724337,-122584.016583961,-57097.5022221085,-122584.0308501,-57099.9647717833,-122584.045116239,1,0,0,0
20130123094532.daq,34,6,862.783333333333,1,0,right,-0.32220458984375,270.322204589844,12,0.0001,51.9494361877441,613.151824635417,1.58201992511749,0.204220220446587,0.0942427963018417,3.92646186605087,-57095.0012091701,-122591.641826343,-57097.4637612296,-122591.655674727,-57099.9263132891,-122591.669523111,1,0,0,0
20130123094532.daq,34,6,862.883333333333,1,0,right,-0.308349609375,270.308349609375,12,0.0001,51.909049987793,620.768130232012,1.62596487998962,0.204016461968422,0.0562756843864918,3.88834495620886,-57094.9630009117,-122599.251546668,-57097.4255562479,-122599.264799569,-57099.8881115842,-122599.27805247,1,0,0,0
20130123094532.daq,34,6,862.983333333333,1,0,right,-0.29327392578125,270.293273925781,12,0.0001,51.8687515258789,628.378518706828,1.53807497024536,0.204325005412102,0.0562756843864918,3.85032483479346,-57094.9248680117,-122606.861297182,-57097.3874267498,-122606.873902135,-57099.8499854879,-122606.886507087,1,0,0,0
20130123094532.daq,34,6,863.083333333333,1,0,right,-0.28057861328125,270.280578613281,12,0.0001,51.8285255432129,635.983001715918,1.23045992851257,0.204242154955864,0.0278004687279463,3.81615470300079,-57094.8904946593,-122614.463175715,-57097.3530561299,-122614.475235026,-57099.8156176005,-122614.487294337,1,0,0,0
20130123094532.daq,34,6,863.183333333333,1,0,right,-0.273651123046875,270.273651123047,12,0.0001,51.7884254455566,643.581593899282,1.18651497364044,0.204686746001244,0.0562756843864918,3.78119857162933,-57094.855765645,-122622.064910593,-57097.3183285557,-122622.076672161,-57099.7808914663,-122622.08843373,1,0,0,0
20130123094532.daq,34,6,863.283333333333,1,0,right,-0.26849365234375,270.268493652344,12,0.0001,51.748462677002,651.174313953197,1.18651497364044,0.217882409691811,0.0847508981823921,3.75004269075051,-57094.8248337327,-122629.658788893,-57097.2873976921,-122629.670328794,-57099.7499616515,-122629.681868696,1,0,0,0
20130123094532.daq,34,6,863.383333333333,1,0,right,-0.258636474609375,270.258636474609,12,0.0001,51.7091484069824,658.761202347479,1.71385490894318,0.24765308201313,0.0467842556536198,3.71933008032325,-57094.7941917076,-122637.244971527,-57097.2567576158,-122637.256087768,-57099.7193235241,-122637.267204009,1,0,0,0
20130123094532.daq,34,6,863.483333333333,1,0,right,-0.235992431640625,270.235992431641,12,0.0001,51.6744575500488,666.342590766551,2.2411949634552,0.25814813375473,0.0467842556536198,3.68978082600533,-57094.7643385153,-122644.823659255,-57097.2269086246,-122644.833802257,-57099.6894787338,-122644.843945259,1,0,0,0
20130123094532.daq,34,6,863.583333333333,1,0,right,-0.205230712890625,270.205230712891,12,0.0001,51.6496391296387,673.919577862704,2.15330481529236,0.257323324680328,0.0562756843864918,3.66039393625592,-57094.7349864216,-122652.402547831,-57097.1975616216,-122652.411368694,-57099.6601368216,-122652.420189558,1,0,0,0
20130123094532.daq,34,6,863.683333333333,1,0,right,-0.171173095703125,270.171173095703,12,0.0001,51.6349601745605,681.493693002391,2.15330481529236,0.257520616054535,0.0562756843864918,3.63881461506273,-57094.7136506528,-122659.973704531,-57097.176230661,-122659.981061594,-57099.6388106693,-122659.988418658,1,0,0,0
20130123094532.daq,34,6,863.783333333333,1,0,right,-0.137496948242188,270.137496948242,12,0.0001,51.6276702880859,689.066232757534,2.15330481529236,0.257230162620544,0.0467842556536198,3.61786386554262,-57094.6922918362,-122667.544850546,-57097.1548757432,-122667.550760203,-57099.6174596503,-122667.556669861,1,0,0,0
20130123094532.daq,34,6,863.883333333333,1,0,right,-0.104690551757813,270.104690551758,12,0.0001,51.6252365112305,696.63808308087,2.15330481529236,0.256904780864716,-0.000674748385790735,3.60027999014037,-57094.6747860543,-122675.115973859,-57097.1373729414,-122675.12047349,-57099.5999598286,-122675.124973121,1,0,0,0
20130123094532.daq,34,6,863.983333333333,1,0,right,-0.0728912353515625,270.072891235352,12,0.0001,51.626033782959,704.20982919915,2.15330481529236,0.25742307305336,0.0183090381324291,3.59007256341283,-57094.6650310381,-122682.687071175,-57097.1276200432,-122682.690204063,-57099.5902090484,-122682.693336951,1,0,0,0
20130123094532.daq,34,6,864.083333333333,1,0,right,-0.04022216796875,270.040222167969,12,0.0001,51.6289405822754,711.781857626862,2.15330481529236,0.257826954126358,-0.0101661784574389,3.58089186970703,-57094.6553301857,-122690.258188822,-57097.1179205769,-122690.259917583,-57099.5805109681,-122690.261646345,1,0,0,0
20130123094532.daq,34,6,864.183333333333,1,0,right,-0.0073394775390625,270.007339477539,12,0.0001,51.6332855224609,719.354424424026,2.19724988937378,0.257302463054657,0.00881714466959238,3.5787768676653,-57094.6534554916,-122697.829310571,-57097.1160464694,-122697.829626024,-57099.5786374472,-122697.829941477,1,0,0,0
20130123094532.daq,34,6,864.283333333333,1,0,right,0.025604248046875,269.974395751953,12,0.0001,51.6386222839355,726.927705223934,2.19724988937378,0.257046848535538,0.0657675787806511,3.58077392716019,-57094.6554912837,-122705.408245153,-57097.1180820359,-122705.407144675,-57099.580672788,-122705.406044196,1,0,0,0
20130123094532.daq,34,6,864.383333333333,1,0,right,0.05975341796875,269.940246582031,12,0.0001,51.644588470459,734.50181831215,2.19724988937378,0.257423728704453,0.00881714466959238,3.58321365259666,-57094.6576020586,-122712.979395623,-57097.1201917174,-122712.976827403,-57099.5827813762,-122712.974259182,1,0,0,0
20130123094532.daq,34,6,864.483333333333,1,0,right,0.093719482421875,269.906280517578,12,0.0001,51.6509323120117,742.07683651564,2.19724988937378,0.257287681102753,0.0183090381324291,3.59287513178167,-57094.6675145107,-122720.558352852,-57097.1301022143,-122720.55432476,-57099.5926899179,-122720.550296669,1,0,0,0
20130123094532.daq,34,6,864.583333333333,1,0,right,0.127731323242188,269.872268676758,12,0.0001,51.6575508117676,749.652807251208,2.19724988937378,0.257192552089691,0.0372923612594604,3.6105729092697,-57094.6852427869,-122728.129497455,-57097.1478276655,-122728.124007526,-57099.610412544,-122728.118517597,1,0,0,0
20130123094532.daq,34,6,864.683333333333,1,0,right,0.161636352539063,269.838363647461,12,0.0001,51.6643486022949,757.229762269919,2.19724988937378,0.257208585739136,0.0372923612594604,3.62856513909334,-57094.7029649492,-122735.708450702,-57097.1655461479,-122735.701503528,-57099.6281273466,-122735.694556355,1,0,0,0
20130123094532.daq,34,6,864.783333333333,1,0,right,0.195388793945313,269.804611206055,12,0.0001,51.6712875366211,764.807724790604,2.19724988937378,0.257014870643616,0.0562756843864918,3.64977042143522,-57094.7245844098,-122743.287398988,-57097.1871610887,-122743.279001131,-57099.6497377676,-122743.270603274,1,0,0,0
20130123094532.daq,34,6,864.883333333333,1,0,right,0.226974487304688,269.773025512695,12,0.0001,51.6783332824707,772.386713416337,2.10935997962952,0.257075577974319,0.0562756843864918,3.67911347084444,-57094.753882756,-122750.866293309,-57097.2164544312,-122750.856537898,-57099.6790261064,-122750.846782487,1,0,0,0
20130123094532.daq,34,6,864.983333333333,1,0,right,0.254989624023438,269.745010375977,12,0.0001,51.6854019165039,779.966737565192,1.84568989276886,0.257976710796356,0.0752590075135231,3.70867039083576,-57094.7829605026,-122758.445099762,-57097.2455271134,-122758.434140262,-57099.7080937243,-122758.423180762,1,0,0,0
20130123094532.daq,34,6,865.083333333333,1,0,right,0.26422119140625,269.735778808594,12,0.0001,51.6915588378906,787.547785534487,0.703119993209839,0.257648110389709,0.0183090381324291,3.74429926344315,-57094.8147819633,-122764.765636629,-57097.2773467764,-122764.754280357,-57099.7399115894,-122764.742924086,1,0,0,0
20130123094532.daq,34,6,865.183333333333,1,0,right,0.239547729492188,269.760452270508,12,0.0001,51.6995124816895,795.129789066428,-0.395504981279373,0.256645560264587,0.0562756843864918,3.78136403478709,-57094.8562234355,-122773.608786751,-57097.3187929106,-122773.598490943,-57099.7813623857,-122773.588195134,1,0,0,0
20130123094532.daq,34,6,865.283333333333,1,0,right,0.201583862304688,269.798416137695,12,0.0001,51.7065620422363,802.712918712285,-0.219724982976913,0.2566137611866,0.0562756843864918,3.81829794412748,-57094.8929364916,-122781.185987464,-57097.3555122481,-122781.177323343,-57099.8180880046,-122781.168659221,1,0,0,0
20130123094532.daq,34,6,865.383333333333,1,0,right,0.167251586914063,269.832748413086,12,0.0001,51.7135467529297,810.297078146476,0.527339994907379,0.257348477840424,0.0562756843864918,3.85163454341779,-57094.9259685713,-122788.771087753,-57097.3885490773,-122788.763899236,-57099.8511295834,-122788.75671072,1,0,0,0
20130123094532.daq,34,6,865.483333333333,1,0,right,0.1461181640625,269.853881835938,12,0.0001,51.7205276489258,817.882260655133,0.878899991512299,0.256944358348846,0.0372923612594604,3.8811566181427,-57094.9559112761,-122796.348696771,-57097.4184942661,-122796.342416572,-57099.881077256,-122796.336136373,1,0,0,0
20130123094532.daq,34,6,865.583333333333,1,0,right,0.133148193359375,269.866851806641,12,0.0001,51.7275466918945,825.468469735068,0.92284494638443,0.257192850112915,0.0372923612594604,3.91153150709135,-57094.9863590592,-122803.934317364,-57097.4489434077,-122803.928594617,-57099.9115277562,-122803.92287187,1,0,0,0
20130123094532.daq,34,6,865.683333333333,1,0,right,0.12615966796875,269.873840332031,12,0.0001,51.7345428466797,833.055706784995,1.09862494468689,0.256622135639191,0.0372923612594604,3.93469928398443,-57095.0093643356,-122811.520084032,-57097.4719493638,-122811.514661653,-57099.9345343921,-122811.509239274,1,0,0,0
20130123094532.daq,34,6,865.783333333333,1,0,right,0.129898071289063,269.870101928711,12,0.0001,51.7415466308594,840.643970685953,1.62596487998962,0.25715845823288,0.0562756843864918,3.95872041015897,-57095.0330330443,-122819.106112922,-57097.4956177135,-122819.100529866,-57099.9582023827,-122819.09494681,1,0,0,0
20130123094532.daq,34,6,865.883333333333,1,0,right,0.141525268554688,269.858474731445,12,0.0001,51.7485084533691,848.233259153341,1.80174493789673,0.257234811782837,0.0372923612594604,3.9825585748554,-57095.0571896887,-122826.700147069,-57097.5197731742,-122826.694064274,-57099.9823566597,-122826.687981478,1,0,0,0
20130123094532.daq,34,6,865.983333333333,1,0,right,0.160324096679688,269.83967590332,12,0.0001,51.7554588317871,855.823567990992,1.80174493789673,0.257348537445068,0.0278004687279463,4.0069605458588,-57095.0817900218,-122834.286543668,-57097.544371379,-122834.279652896,-57100.0069527361,-122834.272762124,1,0,0,0
20130123094532.daq,34,6,866.083333333333,1,0,right,0.180282592773438,269.819717407227,12,0.0001,51.7621040344238,863.414891091124,1.80174493789673,0.257184475660324,0.0467842556536198,4.03165379499448,-57095.1064622529,-122841.880780671,-57097.5690410603,-122841.87303208,-57100.0316198677,-122841.865283489,1,0,0,0
20130123094532.daq,34,6,866.183333333333,1,0,right,0.201034545898438,269.798965454102,12,0.0001,51.7692909240723,871.007228080765,1.80174493789673,0.257218778133392,0.00881714466959238,4.06053556445354,-57095.1350900009,-122849.467224079,-57097.5976658404,-122849.458583567,-57100.0602416798,-122849.449943055,1,0,0,0
20130123094532.daq,34,6,866.283333333333,1,0,right,0.221542358398438,269.778457641602,12,0.0001,51.7761840820313,878.600580498496,1.71385490894318,0.257017076015472,0.0278004687279463,4.08925918552203,-57095.163702823,-122857.061473577,-57097.6262754121,-122857.051951639,-57100.0888480011,-122857.042429702,1,0,0,0
20130123094532.daq,34,6,866.383333333333,1,0,right,0.234848022460938,269.765151977539,12,0.0001,51.7830696105957,886.194942702794,1.40623998641968,0.257063150405884,0.0562756843864918,4.12105674523748,-57095.1957763047,-122864.655547414,-57097.6583466161,-122864.645453599,-57100.1209169274,-122864.635359784,1,0,0,0
20130123094532.daq,34,6,866.483333333333,1,0,right,0.245697021484375,269.754302978516,12,0.0001,51.7899856567383,893.790317491112,1.36229491233826,0.256916344165802,0.0562756843864918,4.15675292488618,-57095.2316040501,-122872.249561318,-57097.6941724061,-122872.239001214,-57100.156740762,-122872.228441109,1,0,0,0
20130123094532.daq,34,6,866.583333333333,1,0,right,0.253204345703125,269.746795654297,12,0.0001,51.7968673706055,901.386704723584,1.40623998641968,0.25694078207016,0.0372923612594604,4.19238104989266,-57095.2672249929,-122879.843493861,-57097.729791944,-122879.832611092,-57100.1923588951,-122879.821728324,1,0,0,0
20130123094532.daq,34,6,866.683333333333,1,0,right,0.260162353515625,269.739837646484,12,0.0001,51.8036918640137,908.984096567328,1.40623998641968,0.257437944412231,0.0183090381324291,4.22804587159543,-57095.3028119551,-122887.445225493,-57097.7653775664,-122887.43404367,-57100.2279431778,-122887.422861847,1,0,0,0
20130123094532.daq,34,6,866.783333333333,1,0,right,0.26861572265625,269.731384277344,12,0.0001,51.810474395752,916.582486028732,1.45018494129181,0.256896436214447,0.0467842556536198,4.26785736615738,-57095.3423977602,-122895.039180902,-57097.804961695,-122895.027635755,-57100.2675256298,-122895.016090607,1,0,0,0
20130123094532.daq,34,6,866.883333333333,1,0,right,0.27667236328125,269.723327636719,12,0.0001,51.817253112793,924.181870310356,1.40623998641968,0.256574720144272,0.0278004687279463,4.30753283462626,-57095.3819590341,-122902.6409391,-57097.8445213211,-122902.629047679,-57100.3070836082,-122902.617156258,1,0,0,0
20130123094532.daq,34,6,866.983333333333,1,0,right,0.284133911132813,269.715866088867,12,0.0001,51.8239936828613,931.782246288371,1.36229491233826,0.257152318954468,0.0278004687279463,4.35075795254006,-57095.4253897413,-122910.24268278,-57097.8879504588,-122910.230470664,-57100.3505111764,-122910.218258547,1,0,0,0
20130123094532.daq,34,6,867.083333333333,1,0,right,0.284439086914063,269.715560913086,12,0.0001,51.8307113647461,939.383608740842,0.966789960861206,0.256715595722198,0.0562756843864918,4.38965320814115,-57095.4644711357,-122917.836440189,-57097.9270317882,-122917.824214956,-57100.3895924407,-122917.811989723,1,0,0,0
20130123094532.daq,34,6,867.183333333333,1,0,right,0.282638549804688,269.717361450195,12,0.0001,51.8374290466309,946.985956269076,1.05467998981476,0.257163226604462,0.0467842556536198,4.43245734061674,-57095.507328409,-122925.437958975,-57097.9698894445,-122925.425811129,-57100.4324504799,-122925.413663282,1,0,0,0
20130123094532.daq,34,6,867.283333333333,1,0,right,0.280593872070313,269.71940612793,12,0.0001,51.8441314697266,954.589288500072,1.23045992851257,0.25748997926712,-0.0101661784574389,4.47529976264585,-57095.5501705685,-122933.039471829,-57098.0127320359,-122933.027411863,-57100.4752935032,-122933.015351896,1,0,0,0
20130123094532.daq,34,6,867.383333333333,1,0,right,0.280731201171875,269.719268798828,12,0.0001,51.8507881164551,962.193600678154,1.2744048833847,0.257560521364212,0.00881714466959238,4.51832874623417,-57095.5931478208,-122940.641037664,-57098.0557092592,-122940.628971795,-57100.5182706977,-122940.616905926,1,0,0,0
20130123094532.daq,34,6,867.483333333333,1,0,right,0.283279418945313,269.716720581055,12,0.0001,51.8574485778809,969.798888653786,1.23045992851257,0.257355898618698,0.0278004687279463,4.56149916238377,-57095.636274337,-122948.250474535,-57098.0988352364,-122948.238299144,-57100.5613961358,-122948.226123753,1,0,0,0
20130123094532.daq,34,6,867.583333333333,1,0,right,0.285308837890625,269.714691162109,12,0.0001,51.8641014099121,977.405153126303,1.23045992851257,0.256655365228653,0.0847508981823921,4.60472136838646,-57095.6793687352,-122955.852086304,-57098.1419292018,-122955.839823689,-57100.6044896684,-122955.827561075,1,0,0,0
20130123094532.daq,34,6,867.683333333333,1,0,right,0.287628173828125,269.712371826172,12,0.0001,51.8707427978516,985.012393023382,1.23045992851257,0.25641730427742,0.0467842556536198,4.64791394539791,-57095.7224810852,-122963.461517607,-57098.1850410534,-122963.449155307,-57100.6476010216,-122963.436793008,1,0,0,0
20130123094532.daq,34,6,867.783333333333,1,0,right,0.2879638671875,269.712036132813,12,0.0001,51.8772811889648,992.620600512142,1.09862494468689,0.257131040096283,-0.0196580719202757,4.69099966608004,-57095.7654706196,-122971.063088255,-57098.2280305153,-122971.050711528,-57100.690590411,-122971.038334801,1,0,0,0
20130123094532.daq,34,6,867.883333333333,1,0,right,0.284332275390625,269.715667724609,12,0.0001,51.883716583252,1000.22975796864,0.92284494638443,0.257325232028961,0.0752590075135231,4.73365065954589,-57095.8082145227,-122978.672375096,-57098.2707751979,-122978.660154454,-57100.7333358732,-122978.647933811,1,0,0,0
20130123094532.daq,34,6,867.983333333333,1,0,right,0.277069091796875,269.722930908203,12,0.0001,51.8901824951172,1007.83986040409,0.834954977035522,0.257741183042526,0.0278004687279463,4.77609362429877,-57095.8507335956,-122986.281573735,-57098.3132958003,-122986.269665263,-57100.7758580049,-122986.257756791,1,0,0,0
20130123094532.daq,34,6,868.083333333333,1,0,right,0.268112182617188,269.731887817383,12,0.0001,51.8967094421387,1015.45091583786,0.834954977035522,0.256934821605682,0.0467842556536198,4.81844524366892,-57095.8931478377,-122993.890731169,-57098.3557118739,-122993.879207663,-57100.8182759101,-122993.867684158,1,0,0,0
20130123094532.daq,34,6,868.183333333333,1,0,right,0.25848388671875,269.741516113281,12,0.0001,51.9032897949219,1023.06293228931,0.834954977035522,0.256705403327942,0.0467842556536198,4.85686097017529,-57095.9316143033,-123001.499872198,-57098.3941802412,-123001.488762515,-57100.8567461791,-123001.477652833,1,0,0,0
20130123094532.daq,34,6,868.283333333333,1,0,right,0.242691040039063,269.757308959961,12,0.0001,51.9098625183105,1030.67591470058,0.439449995756149,0.257086753845215,0.0467842556536198,4.89886535807894,-57095.9736054908,-123009.11667571,-57098.4361743974,-123009.106244802,-57100.898743304,-123009.095813895,1,0,0,0
20130123094532.daq,34,6,868.383333333333,1,0,right,0.218597412109375,269.781402587891,12,0.0001,51.9163589477539,1038.28985533208,0.17577999830246,0.257142543792725,0.0278004687279463,4.93640506147666,-57096.0111768218,-123016.725464377,-57098.473749897,-123016.716069013,-57100.9363229721,-123016.706673648,1,0,0,0
20130123094532.daq,34,6,868.483333333333,1,0,right,0.189361572265625,269.810638427734,12,0.0001,51.9228096008301,1045.90474532521,0.17577999830246,0.256876081228256,0.0942427963018417,4.96977257224672,-57096.0445239795,-123024.341939563,-57098.5071015282,-123024.333800756,-57100.9696790768,-123024.32566195,1,0,0,0
20130123094532.daq,34,6,868.583333333333,1,0,right,0.1580810546875,269.841918945313,12,0.0001,51.9292449951172,1053.52058011079,0.131834998726845,0.256941467523575,0.0942427963018417,5.0029697977779,-57096.0777450168,-123031.950551409,-57098.5403266418,-123031.943757044,-57101.0029082668,-123031.936962678,1,0,0,0
20130123094532.daq,34,6,868.683333333333,1,0,right,0.125335693359375,269.874664306641,12,0.0001,51.9356689453125,1061.137357684,0.131834998726845,0.256737679243088,0.0657675787806511,5.03221250106931,-57096.1069696261,-123039.566938886,-57098.5695547321,-123039.561551922,-57101.032139838,-123039.556164958,1,0,0,0
20130123094532.daq,34,6,868.783333333333,1,0,right,0.0922393798828125,269.907760620117,12,0.0001,51.942066192627,1068.75507571361,0.131834998726845,0.2572241127491,0.0372923612594604,5.05752718976278,-57096.1322667431,-123047.183316613,-57098.5948545499,-123047.179352136,-57101.0574423567,-123047.17538766,1,0,0,0
20130123094532.daq,34,6,868.883333333333,1,0,right,0.059906005859375,269.940093994141,12,0.0001,51.9484329223633,1076.37372967708,0.131834998726845,0.257457911968231,-0.000674748385790735,5.07898219948218,-57096.1537052413,-123054.799711865,-57098.6162948932,-123054.797137086,-57101.0788845452,-123054.794562307,1,0,0,0
20130123094532.daq,34,6,868.983333333333,1,0,right,0.0272369384765625,269.972763061523,12,0.0001,51.9548110961914,1083.99331775606,0.131834998726845,0.257120907306671,0.0372923612594604,5.09606045362528,-57096.1712171897,-123062.416097746,-57098.6338079094,-123062.414927094,-57101.0963986292,-123062.413756441,1,0,0,0
20130123094532.daq,34,6,869.083333333333,1,0,right,-0.005462646484375,270.005462646484,12,0.0001,51.9611968994141,1091.61384242164,0.17577999830246,0.2569320499897,0.0183090381324291,5.10673200915827,-57096.1809152098,-123070.032481725,-57098.6435061966,-123070.032716511,-57101.1060971834,-123070.032951298,1,0,0,0
20130123094532.daq,34,6,869.183333333333,1,0,right,-0.0368804931640625,270.036880493164,12,0.0001,51.9675559997559,1099.23530241499,0.17577999830246,0.257088243961334,0.0372923612594604,5.11555985649309,-57096.1906928696,-123077.648896114,-57098.6532833574,-123077.65048125,-57101.1158738452,-123077.652066385,1,0,0,0
20130123094532.daq,34,6,869.283333333333,1,0,right,-0.0679779052734375,270.067977905273,12,0.0001,51.9738922119141,1106.85769246754,0.26366999745369,0.257068276405334,0.0372923612594604,5.11808202338753,-57096.1926782445,-123085.27312984,-57098.6552675093,-123085.276051552,-57101.117856774,-123085.278973263,1,0,0,0
20130123094532.daq,34,6,869.383333333333,1,0,right,-0.0899505615234375,270.089950561523,12,0.0001,51.9802360534668,1114.48101267256,0.834954977035522,0.257087707519531,-0.000674748385790735,5.11673738438799,-57096.1913212529,-123092.889775282,-57098.6539092162,-123092.893641384,-57101.1164971794,-123092.897507487,1,0,0,0
20130123094532.daq,34,6,869.483333333333,1,0,right,-0.105560302734375,270.105560302734,12,0.0001,51.9865455627441,1122.10526186445,0.92284494638443,0.257083296775818,0.0657675787806511,5.11196019978127,-57096.1864510998,-123100.514389878,-57098.6490379184,-123100.518926891,-57101.111624737,-123100.523463904,1,0,0,0
20130123094532.daq,34,6,869.583333333333,1,0,right,-0.114334106445313,270.114334106445,12,0.0001,51.992847442627,1129.73043449492,0.92284494638443,0.256983697414398,0.0372923612594604,5.10731220559932,-57096.1820031127,-123108.139173138,-57098.6445892076,-123108.144087251,-57101.1071753025,-123108.149001365,1,0,0,0
20130123094532.daq,34,6,869.683333333333,1,0,right,-0.124313354492188,270.124313354492,12,0.0001,51.9991455078125,1137.35653163632,0.791009962558746,0.257210075855255,0.0183090381324291,5.09895111476495,-57096.1735744859,-123115.763926519,-57098.6361596876,-123115.769269543,-57101.0987448893,-123115.774612567,1,0,0,0
20130123094532.daq,34,6,869.783333333333,1,0,right,-0.14764404296875,270.147644042969,12,0.0001,52.0053901672363,1144.98354895261,-0.0878899917006493,0.257039725780487,0.0278004687279463,5.08579006690072,-57096.1604154482,-123123.388349525,-57098.62299827,-123123.394695306,-57101.0855810919,-123123.401041088,1,0,0,0
20130123094532.daq,34,6,869.883333333333,1,0,right,-0.184951782226563,270.184951782227,12,0.0001,52.011589050293,1152.61147805143,-0.351559966802597,0.256695359945297,0.0372923612594604,5.07167668589983,-57096.1463940452,-123131.012425644,-57098.608972213,-123131.020374917,-57101.0715503808,-123131.02832419,1,0,0,0
20130123094532.daq,34,6,869.983333333333,1,0,right,-0.228713989257813,270.228713989258,12,0.0001,52.0177803039551,1160.2403154826,-0.263669967651367,0.256646901369095,0.0562756843864918,5.05718002759711,-57096.1319750365,-123138.636340015,-57098.5945464143,-123138.646170189,-57101.0571177922,-123138.656000364,1,0,0,0
20130123094532.daq,34,6,870.083333333333,1,0,right,-0.261871337890625,270.261871337891,12,0.0001,52.0236511230469,1167.87005415925,0.659174978733063,0.256938248872757,0.0372923612594604,5.03553665330566,-57096.1103984317,-123145.627703592,-57098.5729637085,-123145.638958867,-57101.0355289852,-123145.650214142,1,0,0,0
20130123094532.daq,34,6,870.183333333333,1,0,right,-0.2821044921875,270.282104492188,12,0.0001,52.0299987792969,1175.50068834658,1.05467998981476,0.251911759376526,0.0278004687279463,5.01083577005744,-57096.0857130573,-123153.89282524,-57098.5482742059,-123153.904950132,-57101.0108353545,-123153.917075025,1,0,0,0
20130123094532.daq,34,6,870.283333333333,1,0,right,-0.291534423828125,270.291534423828,12,0.0001,52.0359191894531,1183.13221370856,1.05467998981476,0.228359296917915,0.0278004687279463,4.97903397801448,-57096.0538815296,-123161.525402995,-57098.5164406492,-123161.537933184,-57100.9789997689,-123161.550463373,1,0,0,0
20130123094532.daq,34,6,870.383333333333,1,0,right,-0.297271728515625,270.297271728516,12,0.0001,52.0391883850098,1190.76446328399,0.703119993209839,0.22939769923687,-0.000674748385790735,4.94746621997963,-57096.0222777387,-123169.150260126,-57098.4848355913,-123169.163036903,-57100.9473934439,-123169.17581368,1,0,0,0
20130123094532.daq,34,6,870.483333333333,1,0,right,-0.32257080078125,270.322570800781,12,0.0001,52.036792755127,1198.39678871696,-0.175779983401299,0.229064106941223,0.0657675787806511,4.914770713652,-57095.9894678422,-123176.782442213,-57098.4520198131,-123176.796306336,-57100.914571784,-123176.81017046,1,0,0,0
20130123094532.daq,34,6,870.583333333333,1,0,right,-0.352569580078125,270.352569580078,12,0.0001,52.029369354248,1206.02837422414,0.26366999745369,0.229076132178307,0.0467842556536198,4.87794366397738,-57095.9524622809,-123184.414506298,-57098.4150066553,-123184.429659756,-57100.8775510298,-123184.444813214,1,0,0,0
20130123094532.daq,34,6,870.683333333333,1,0,right,-0.36895751953125,270.368957519531,12,0.0001,52.0184745788574,1213.65860035661,1.36229491233826,0.229595065116882,0.0372923612594604,4.83784675740602,-57095.912389692,-123192.03909704,-57098.3749296315,-123192.054954843,-57100.8374695709,-123192.070812646,1,0,0,0
20130123094532.daq,34,6,870.783333333333,1,0,right,-0.36322021484375,270.363220214844,12,0.0001,52.0051765441895,1221.28704246134,1.97752487659454,0.229219660162926,0.0372923612594604,4.79905355702906,-57095.8736808038,-123199.664240351,-57098.3362223189,-123199.679851568,-57100.7987638339,-123199.695462785,1,0,0,0
20130123094532.daq,34,6,870.883333333333,1,0,right,-0.34246826171875,270.342468261719,12,0.0001,51.9902572631836,1228.91340750529,2.0654149055481,0.228894576430321,0.0278004687279463,4.75723824662998,-57095.8319911952,-123207.297570916,-57098.294538203,-123207.312290224,-57100.7570852107,-123207.327009532,1,0,0,0
20130123094532.daq,34,6,870.983333333333,1,0,right,-0.315338134765625,270.315338134766,12,0.0001,51.9742393493652,1236.53749896756,1.97752487659454,0.229047492146492,0.0562756843864918,4.71596866955496,-57095.7906950173,-123214.91543501,-57098.2532487187,-123214.928988276,-57100.7158024201,-123214.942541542,1,0,0,0
20130123094532.daq,34,6,871.083333333333,1,0,right,-0.294326782226563,270.294326782227,12,0.0001,51.957389831543,1244.15917818781,1.62596487998962,0.229118570685387,0.0752590075135231,4.67822315161065,-57095.752928087,-123222.220645965,-57098.215486593,-123222.233296169,-57100.6780450991,-123222.245946373,1,0,0,0
20130123094532.daq,34,6,871.183333333333,1,0,right,-0.273269653320313,270.27326965332,12,0.0001,51.9400367736816,1251.77834455107,1.66990995407104,0.228520750999451,0.0562756843864918,4.64041415339771,-57095.7151641718,-123230.158670084,-57098.1777271607,-123230.170415256,-57100.6402901496,-123230.182160429,1,0,0,0
20130123094532.daq,34,6,871.283333333333,1,0,right,-0.251068115234375,270.251068115234,12,0.0001,51.9223785400391,1259.3949421083,1.88963496685028,0.229583844542503,0.0752590075135231,4.60664545888949,-57095.6813772904,-123237.77640967,-57098.1439446456,-123237.787200624,-57100.6065120007,-123237.797991577,1,0,0,0
20130123094532.daq,34,6,871.383333333333,1,0,right,-0.2281494140625,270.228149414063,12,0.0001,51.9045104980469,1267.00893211481,1.88963496685028,0.228372320532799,-0.000674748385790735,4.57689617717509,-57095.6515411172,-123245.386354034,-57098.1141125918,-123245.396159943,-57100.5766840664,-123245.405965852,1,0,0,0
20130123094532.daq,34,6,871.483333333333,1,0,right,-0.2027587890625,270.202758789063,12,0.0001,51.8865165710449,1274.62029321672,1.93357992172241,0.229104593396187,0.00881714466959238,4.55122620133456,-57095.6257639497,-123252.996359146,-57098.088339528,-123253.005073766,-57100.5509151063,-123253.013788385,1,0,0,0
20130123094532.daq,34,6,871.583333333333,1,0,right,-0.174850463867188,270.174850463867,12,0.0001,51.8683624267578,1282.22900270806,2.10935997962952,0.229194760322571,0.0183090381324291,4.52573332999928,-57095.6001424444,-123260.606425939,-57098.0627219754,-123260.613941056,-57100.5253015064,-123260.621456173,1,0,0,0
20130123094532.daq,34,6,871.683333333333,1,0,right,-0.140411376953125,270.140411376953,12,0.0001,51.8501968383789,1289.8350470212,2.32908487319946,0.22841776907444,0.0752590075135231,4.50438566366149,-57095.5788306717,-123268.21665346,-57098.041414275,-123268.22268838,-57100.5039978783,-123268.2287233,1,0,0,0
20130123094532.daq,34,6,871.783333333333,1,0,right,-0.10235595703125,270.102355957031,12,0.0001,51.8320922851563,1297.43843179765,2.41697478294373,0.229175880551338,0.0372923612594604,4.49059182996485,-57095.5655552099,-123275.819156515,-57098.0281422784,-123275.823555804,-57100.4907293468,-123275.827955094,1,0,0,0
20130123094532.daq,34,6,871.883333333333,1,0,right,-0.059814453125,270.059814453125,12,0.0001,51.8140258789063,1305.03916449728,2.41697478294373,0.229189202189445,-0.0671166107058525,4.47821262773186,-57095.5525574575,-123283.413956098,-57098.0151471136,-123283.416526941,-57100.4777367696,-123283.419097785,1,0,0,0
20130123094532.daq,34,6,871.983333333333,1,0,right,-0.0183868408203125,270.01838684082,12,0.0001,51.7959785461426,1312.63724861692,2.37302994728088,0.228905156254768,0.0183090381324291,4.47229818157853,-57095.5473041624,-123291.016538823,-57098.0098950336,-123291.017329096,-57100.4724859048,-123291.018119368,1,0,0,0
20130123094532.daq,34,6,872.083333333333,1,0,right,0.01947021484375,269.980529785156,12,0.0001,51.7779579162598,1320.23268779324,2.19724988937378,0.229010626673698,0.0467842556536198,4.47123921204214,-57095.5457371895,-123298.2987195,-57098.0083280453,-123298.297882664,-57100.4709189011,-123298.297045828,1,0,0,0
20130123094532.daq,34,6,872.183333333333,1,0,right,0.0570220947265625,269.942977905273,12,0.0001,51.7599716186523,1327.82548640892,2.15330481529236,0.228875026106834,0.0657675787806511,4.47355758538424,-57095.548058216,-123306.205891147,-57098.0106479944,-123306.203440319,-57100.4732377729,-123306.200989492,1,0,0,0
20130123094532.daq,34,6,872.283333333333,1,0,right,0.092498779296875,269.907501220703,12,0.0001,51.7419967651367,1335.41564800739,2.15330481529236,0.229445099830627,-0.000674748385790735,4.4834616565578,-57095.5580640322,-123313.792697964,-57098.020651821,-123313.788722339,-57100.4832396099,-123313.784746713,1,0,0,0
20130123094532.daq,34,6,872.383333333333,1,0,right,0.116653442382813,269.883346557617,12,0.0001,51.7240562438965,1343.00317519962,1.18651497364044,0.23003114759922,0.0467842556536198,4.49649231448407,-57095.5712764317,-123321.387039071,-57098.0338623257,-123321.382025272,-57100.4964482197,-123321.377011473,1,0,0,0
20130123094532.daq,34,6,872.483333333333,1,0,right,0.104660034179688,269.89533996582,12,0.0001,51.7061920166016,1350.58807595833,-0.395504981279373,0.229352042078972,0.0278004687279463,4.51137024188357,-57095.5861597654,-123328.96487065,-57098.0487466549,-123328.96037233,-57100.5113335445,-123328.955874011,1,0,0,0
20130123094532.daq,34,6,872.583333333333,1,0,right,0.070037841796875,269.929962158203,12,0.0001,51.688346862793,1358.17036030772,-0.527339935302734,0.228502377867699,0.0467842556536198,4.52835867979322,-57095.6035503411,-123336.549960241,-57098.0661394992,-123336.546949993,-57100.5287286574,-123336.543939745,1,0,0,0
20130123094532.daq,34,6,872.683333333333,1,0,right,0.0218658447265625,269.978134155273,12,0.0001,51.6704597473145,1365.75002451787,-0.395504981279373,0.229605033993721,0.0467842556536198,4.54163660058795,-57095.6161977418,-123344.126903342,-57098.0787885604,-123344.125963541,-57100.5413793791,-123344.12502374,1,0,0,0
20130123094532.daq,34,6,872.783333333333,1,0,right,-0.02447509765625,270.024475097656,12,0.0001,51.652515411377,1373.32705954368,-0.0439449958503246,0.229402422904968,0.0657675787806511,4.55390607532971,-57095.628959262,-123351.696076506,-57098.0915500353,-123351.697128453,-57100.5541408087,-123351.698180401,1,0,0,0
20130123094532.daq,34,6,872.883333333333,1,0,right,-0.0612640380859375,270.061264038086,12,0.0001,51.6347312927246,1380.90147195915,0.351559996604919,0.228946164250374,0.0183090381324291,4.55985277940216,-57095.6344991722,-123359.265482866,-57098.0970887625,-123359.268116013,-57100.5596783527,-123359.270749161,1,0,0,0
20130123094532.daq,34,6,872.983333333333,1,0,right,-0.09063720703125,270.090637207031,12,0.0001,51.6171112060547,1388.47328969219,0.483394980430603,0.229515001177788,0.0372923612594604,4.56200503401057,-57095.6365913503,-123366.835070834,-57098.099179267,-123366.838966449,-57100.5617671837,-123366.842862063,1,0,0,0
20130123094532.daq,34,6,873.083333333333,1,0,right,-0.113372802734375,270.113372802734,12,0.0001,51.5995254516602,1396.04252589079,0.483394980430603,0.229436442255974,0.0278004687279463,4.55655061529718,-57095.6312812166,-123374.404821889,-57098.0938673936,-123374.409694686,-57100.5564535707,-123374.414567482,1,0,0,0
20130123094532.daq,34,6,873.183333333333,1,0,right,-0.136367797851563,270.136367797852,12,0.0001,51.5819473266602,1403.60918451803,0.483394980430603,0.227991089224815,0.0278004687279463,4.55139020852283,-57095.6259552922,-123381.966753472,-57098.0885393153,-123381.972614599,-57100.5511233383,-123381.978475725,1,0,0,0
20130123094532.daq,34,6,873.283333333333,1,0,right,-0.155975341796875,270.155975341797,12,0.0001,51.5643081665039,1411.17326193721,0.703119993209839,0.229341626167297,0.0372923612594604,4.54217237025225,-57095.6169324339,-123389.52876834,-57098.079514307,-123389.535472202,-57100.5420961801,-123389.542176064,1,0,0,0
20130123094532.daq,34,6,873.383333333333,1,0,right,-0.167022705078125,270.167022705078,12,0.0001,51.5465850830078,1418.73474453406,1.05467998981476,0.228672727942467,0.0278004687279463,4.52597505182557,-57095.600625562,-123397.090994823,-57098.0632060968,-123397.098173502,-57100.5257866315,-123397.105352181,1,0,0,0
20130123094532.daq,34,6,873.483333333333,1,0,right,-0.17291259765625,270.172912597656,12,0.0001,51.5289154052734,1426.29363109639,1.14256989955902,0.229780241847038,0.0278004687279463,4.51385152446248,-57095.5885432942,-123404.645536443,-57098.0511230779,-123404.652968271,-57100.5137028617,-123404.660400099,1,0,0,0
20130123094532.daq,34,6,873.583333333333,1,0,right,-0.174118041992188,270.174118041992,12,0.0001,51.5113639831543,1433.84993295382,1.18651497364044,0.229344859719276,0.0278004687279463,4.4944479543091,-57095.5689376473,-123412.200194083,-57098.0315172741,-123412.20767772,-57100.494096901,-123412.215161358,1,0,0,0
20130123094532.daq,34,6,873.683333333333,1,0,right,-0.17523193359375,270.175231933594,12,0.0001,51.4939765930176,1441.40367435098,1.09862494468689,0.228882551193237,0.0278004687279463,4.47866889136884,-57095.5532439013,-123419.754853988,-57098.0158233822,-123419.762385501,-57100.4784028631,-123419.769917014,1,0,0,0
20130123094532.daq,34,6,873.783333333333,1,0,right,-0.175247192382813,270.175247192383,12,0.0001,51.4765815734863,1448.95486727026,1.09862494468689,0.229397401213646,0.0467842556536198,4.45918703349952,-57095.5337117096,-123427.30172861,-57097.9962911885,-123427.309260779,-57100.4588706674,-123427.316792948,1,0,0,0
20130123094532.daq,34,6,873.883333333333,1,0,right,-0.178680419921875,270.178680419922,12,0.0001,51.4591941833496,1456.503506956,0.966789960861206,0.2301976531744,0.0372923612594604,4.44321434756874,-57095.5178748249,-123434.848518551,-57097.980453848,-123434.856198281,-57100.4430328711,-123434.86387801,1,0,0,0
20130123094532.daq,34,6,873.983333333333,1,0,right,-0.18695068359375,270.186950683594,12,0.0001,51.4419479370117,1464.04960511085,0.659174978733063,0.228834345936775,0.0657675787806511,4.42308690153296,-57095.4978331889,-123442.395188601,-57097.9604110779,-123442.403223787,-57100.4229889669,-123442.411258973,1,0,0,0
20130123094532.daq,34,6,874.083333333333,1,0,right,-0.2001953125,270.2001953125,12,0.0001,51.4248695373535,1471.59318817074,0.659174978733063,0.228870883584023,0.0183090381324291,4.40275730221988,-57095.4774846298,-123449.941735225,-57097.9400605955,-123449.950339666,-57100.4026365613,-123449.958944107,1,0,0,0
20130123094532.daq,34,6,874.183333333333,1,0,right,-0.214767456054688,270.214767456055,12,0.0001,51.4077606201172,1479.13426555376,0.703119993209839,0.229241952300072,0.0278004687279463,4.38242668239883,-57095.4570542391,-123457.480436217,-57097.9196279368,-123457.489666969,-57100.3822016346,-123457.498897722,1,0,0,0
20130123094532.daq,34,6,874.283333333333,1,0,right,-0.223159790039063,270.223159790039,12,0.0001,51.3905906677246,1486.67282868105,1.18651497364044,0.229144021868706,0.0183090381324291,4.36215017304384,-57095.4370052012,-123465.011477915,-57097.8995775204,-123465.02106937,-57100.3621498396,-123465.030660825,1,0,0,0
20130123094532.daq,34,6,874.383333333333,1,0,right,-0.219635009765625,270.219635009766,12,0.0001,51.3734703063965,1494.20887638701,1.58201992511749,0.228484213352203,0.0278004687279463,4.33927837777462,-57095.4137851684,-123472.550627911,-57097.876358073,-123472.560067871,-57100.3389309777,-123472.569507831,1,0,0,0
20130123094532.daq,34,6,874.483333333333,1,0,right,-0.210693359375,270.210693359375,12,0.0001,51.3563690185547,1501.74241519901,1.53807497024536,0.229084491729736,0.0467842556536198,4.31616199898754,-57095.3908993627,-123480.08209981,-57097.8534737105,-123480.091155458,-57100.3160480584,-123480.100211106,1,0,0,0
20130123094532.daq,34,6,874.583333333333,1,0,right,-0.199066162109375,270.199066162109,12,0.0001,51.3392753601074,1509.27344590968,1.49412989616394,0.228691101074219,0.0372923612594604,4.29335290032475,-57095.3681793053,-123487.613638227,-57097.8307554401,-123487.622194137,-57100.2933315749,-123487.630750048,1,0,0,0
20130123094532.daq,34,6,874.683333333333,1,0,right,-0.190811157226563,270.190811157227,12,0.0001,51.322193145752,1516.80197061711,1.14256989955902,0.228992521762848,0.0467842556536198,4.27070826360455,-57095.3452512062,-123495.137280407,-57097.8078285482,-123495.145481517,-57100.2704058902,-123495.153682626,1,0,0,0
20130123094532.daq,34,6,874.783333333333,1,0,right,-0.198150634765625,270.198150634766,12,0.0001,51.3051147460938,1524.32798922804,0.307614982128143,0.229270443320274,0.103734225034714,4.25062973768856,-57095.3252670493,-123502.660535931,-57097.7878433205,-123502.669052492,-57100.2504195918,-123502.677569053,1,0,0,0
20130123094532.daq,34,6,874.883333333333,1,0,right,-0.2188720703125,270.218872070313,12,0.0001,51.2880897521973,1531.85150663802,0.26366999745369,0.22913946211338,0.0372923612594604,4.22582606131821,-57095.30055099,-123510.183459347,-57097.7631240201,-123510.192866516,-57100.2256970502,-123510.202273685,1,0,0,0
20130123094532.daq,34,6,874.983333333333,1,0,right,-0.24517822265625,270.245178222656,12,0.0001,51.2711715698242,1539.37253534231,0.26366999745369,0.230054453015327,0.0372923612594604,4.20468953642235,-57095.2793968589,-123517.706243545,-57097.7419653104,-123517.716781352,-57100.2045337618,-123517.727319158,1,0,0,0
20130123094532.daq,34,6,875.083333333333,1,0,right,-0.27410888671875,270.274108886719,12,0.0001,51.2543754577637,1546.89109054043,0.26366999745369,0.229760810732841,0.0372923612594604,4.1797812051022,-57095.2541749129,-123525.221149204,-57097.7167377295,-123525.232930447,-57100.1793005461,-123525.24471169,1,0,0,0
20130123094532.daq,34,6,875.183333333333,1,0,right,-0.301513671875,270.301513671875,12,0.0001,51.2377586364746,1554.40722999971,0.219724997878075,0.230038642883301,0.0183090381324291,4.15037628532814,-57095.2251411685,-123532.736091972,-57097.6876980684,-123532.749051066,-57100.1502549683,-123532.762010161,1,0,0,0
20130123094532.daq,34,6,875.283333333333,1,0,right,-0.330093383789063,270.330093383789,12,0.0001,51.2213363647461,1561.92091166515,0.26366999745369,0.229772880673409,0.0562756843864918,4.11723675514261,-57095.1921290666,-123540.243192129,-57097.654679196,-123540.25737957,-57100.1172293254,-123540.271567011,1,0,0,0
20130123094532.daq,34,6,875.383333333333,1,0,right,-0.356399536132813,270.356399536133,12,0.0001,51.2050933837891,1569.43219838614,0.439449995756149,0.2296973913908,0.0562756843864918,4.08437531364263,-57095.1592574568,-123547.750348178,-57097.6218008128,-123547.765666246,-57100.0843441688,-123547.780984313,1,0,0,0
20130123094532.daq,34,6,875.483333333333,1,0,right,-0.37200927734375,270.372009277344,12,0.0001,51.1889610290527,1576.94111142333,0.878899991512299,0.230138957500458,0.0372923612594604,4.04449974783714,-57095.1192328564,-123555.257770796,-57097.5817719478,-123555.273759762,-57100.0443110391,-123555.289748728,1,0,0,0
20130123094532.daq,34,6,875.583333333333,1,0,right,-0.381759643554688,270.381759643555,12,0.0001,51.1729278564453,1584.4476663958,0.834954977035522,0.229376196861267,0.0467842556536198,4.00511942599985,-57095.0795694503,-123562.76533963,-57097.542105785,-123562.78174766,-57100.0046421198,-123562.798155691,1,0,0,0
20130123094532.daq,34,6,875.683333333333,1,0,right,-0.387191772460938,270.387191772461,12,0.0001,51.1569442749023,1591.95187453998,0.74706494808197,0.229896068572998,0.0562756843864918,3.96171463971243,-57095.0362659411,-123570.265203834,-57097.4988007092,-123570.281845334,-57099.9613354773,-123570.298486834,1,0,0,0
20130123094532.daq,34,6,875.783333333333,1,0,right,-0.39483642578125,270.394836425781,12,0.0001,51.1409797668457,1599.45373930607,0.57128494977951,0.229790449142456,0.0183090381324291,3.91418918563987,-57094.9889198553,-123577.765012674,-57097.451452381,-123577.781982736,-57099.9139849068,-123577.798952798,1,0,0,0
20130123094532.daq,34,6,875.883333333333,1,0,right,-0.402328491210938,270.402328491211,12,0.0001,51.1250267028809,1606.95326321178,0.659174978733063,0.230441048741341,0.0467842556536198,3.86672574026352,-57094.9415831971,-123585.264825269,-57097.4041134827,-123585.282117335,-57099.8666437684,-123585.2994094,1,0,0,0
20130123094532.daq,34,6,875.983333333333,1,0,right,-0.401092529296875,270.401092529297,12,0.0001,51.1091651916504,1614.45045180537,1.18651497364044,0.257075756788254,0.0183090381324291,3.8198914963887,-57094.8947843549,-123592.757043689,-57097.357315013,-123592.774282634,-57099.8198456711,-123592.791521579,1,0,0,0
20130123094532.daq,34,6,876.083333333333,1,0,right,-0.380386352539063,270.380386352539,12,0.0001,51.0947494506836,1621.94537814693,2.0654149055481,0.288070440292358,0.0278004687279463,3.77426296841433,-57094.8491853324,-123600.257561455,-57097.3117220598,-123600.273910462,-57099.7742587871,-123600.29025947,1,0,0,0
20130123094532.daq,34,6,876.183333333333,1,0,right,-0.343963623046875,270.343963623047,12,0.0001,51.0879554748535,1629.43866275775,2.10935997962952,0.292520940303802,-0.000674748385790735,3.72964873653629,-57094.8045552655,-123607.7506586,-57097.2671018883,-123607.765442178,-57099.729648511,-123607.780225756,1,0,0,0
20130123094532.daq,34,6,876.283333333333,1,0,right,-0.302001953125,270.302001953125,12,0.0001,51.0928115844727,1636.9318028336,1.88963496685028,0.292164355516434,0.0278004687279463,3.68928811558979,-57094.7641735602,-123615.243892309,-57097.2267303495,-123615.25687239,-57099.6892871389,-123615.26985247,1,0,0,0
20130123094532.daq,34,6,876.383333333333,1,0,right,-0.263717651367188,270.263717651367,12,0.0001,51.106990814209,1644.42638191826,1.45018494129181,0.292266964912415,0.0183090381324291,3.65260837503802,-57094.7274720535,-123622.737032679,-57097.1900369662,-123622.748367308,-57099.652601879,-123622.759701937,1,0,0,0
20130123094532.daq,34,6,876.483333333333,1,0,right,-0.236297607421875,270.236297607422,12,0.0001,51.1275291442871,1651.92353461123,1.09862494468689,0.291774809360504,0.00881714466959238,3.61916639104892,-57094.6940071889,-123630.229901675,-57097.1565772441,-123630.240057793,-57099.6191472993,-123630.250213911,1,0,0,0
20130123094532.daq,34,6,876.583333333333,1,0,right,-0.214019775390625,270.214019775391,12,0.0001,51.1525268554688,1659.42404466503,0.966789960861206,0.292552620172501,-0.000674748385790735,3.58936457686155,-57094.6641316208,-123637.730454771,-57097.1267054388,-123637.739653388,-57099.5892792567,-123637.748852005,1,0,0,0
20130123094532.daq,34,6,876.683333333333,1,0,right,-0.19537353515625,270.195373535156,12,0.0001,51.1806182861328,1666.92846205856,0.966789960861206,0.291139543056488,-0.000674748385790735,3.5633858070683,-57094.6379384167,-123645.238729794,-57097.1005150979,-123645.247126995,-57099.563091779,-123645.255524196,1,0,0,0
20130123094532.daq,34,6,876.783333333333,1,0,right,-0.175704956054688,270.175704956055,12,0.0001,51.2108268737793,1674.43716491392,1.01073491573334,0.292287230491638,0.00881714466959238,3.54146255567118,-57094.615714708,-123652.74702977,-57097.0782941266,-123652.754581613,-57099.5408735453,-123652.762133457,1,0,0,0
20130123094532.daq,34,6,876.883333333333,1,0,right,-0.154006958007813,270.154006958008,12,0.0001,51.2423896789551,1681.95040453548,1.01073491573334,0.292108118534088,0.00881714466959238,3.52295853172873,-57094.5975226832,-123660.255379561,-57097.0601047852,-123660.261998822,-57099.5226868871,-123660.268618082,1,0,0,0
20130123094532.daq,34,6,876.983333333333,1,0,right,-0.1295166015625,270.129516601563,12,0.0001,51.2749443054199,1689.46834881691,1.01073491573334,0.291870772838593,0.0467842556536198,3.50470591944875,-57094.5795032503,-123667.771610388,-57097.0420879566,-123667.777177048,-57099.5046726629,-123667.782743709,1,0,0,0
20130123094532.daq,34,6,877.083333333333,1,0,right,-0.104949951171875,270.104949951172,12,0.0001,51.3082466125488,1696.99112560173,0.966789960861206,0.292214244604111,0.00881714466959238,3.49100380406461,-57094.5653950371,-123675.295654953,-57097.0279819039,-123675.300165733,-57099.4905687706,-123675.304676513,1,0,0,0
20130123094532.daq,34,6,877.183333333333,1,0,right,-0.0814208984375,270.081420898438,12,0.0001,51.3420257568359,1704.51882482798,0.878899991512299,0.291803002357483,0.0657675787806511,3.48059651555029,-57094.5551292548,-123682.827485768,-57097.0177177663,-123682.830985263,-57099.4803062778,-123682.834484758,1,0,0,0
20130123094532.daq,34,6,877.283333333333,1,0,right,-0.0574493408203125,270.05744934082,12,0.0001,51.3761291503906,1712.05150365693,0.791009962558746,0.292068302631378,0.0467842556536198,3.47388359144845,-57094.5487972933,-123690.359326892,-57097.0113870534,-123690.361796083,-57099.4739768134,-123690.364265274,1,0,0,0
20130123094532.daq,34,6,877.383333333333,1,0,right,-0.03436279296875,270.034362792969,12,0.0001,51.4104194641113,1719.58919966763,0.791009962558746,0.292180895805359,0.0372923612594604,3.46772172051702,-57094.5424109051,-123697.898958107,-57097.0050014602,-123697.900435031,-57099.4675920153,-123697.901911955,1,0,0,0
20130123094532.daq,34,6,877.483333333333,1,0,right,-0.011016845703125,270.011016845703,12,0.0001,51.4447822570801,1727.13193085705,0.834954977035522,0.292099297046661,0.0278004687279463,3.46548032519859,-57094.5399470236,-123705.438595128,-57097.0025379761,-123705.439068636,-57099.4651289286,-123705.439542143,1,0,0,0
20130123094532.daq,34,6,877.583333333333,1,0,right,0.014495849609375,269.985504150391,12,0.0001,51.4791717529297,1734.67970459183,0.878899991512299,0.291991651058197,0.0372923612594604,3.46708603144359,-57094.5415235266,-123712.986097299,-57097.0041144458,-123712.985474262,-57099.4667053649,-123712.984851226,1,0,0,0
20130123094532.daq,34,6,877.683333333333,1,0,right,0.04095458984375,269.959045410156,12,0.0001,51.5135612487793,1742.23252269027,0.878899991512299,0.292325466871262,0.0278004687279463,3.47259993146813,-57094.5470650332,-123720.541434484,-57097.0096554021,-123720.539674242,-57099.472245771,-123720.537914001,1,0,0,0
20130123094532.daq,34,6,877.783333333333,1,0,right,0.0696258544921875,269.930374145508,12,0.0001,51.5479049682617,1749.79038170221,0.878899991512299,0.292170882225037,0.00881714466959238,3.48206816946996,-57094.5566498712,-123728.096825144,-57097.0192390509,-123728.093832603,-57099.4818282306,-123728.090840062,1,0,0,0
20130123094532.daq,34,6,877.883333333333,1,0,right,0.0995025634765625,269.900497436523,12,0.0001,51.582160949707,1757.35327113719,0.966789960861206,0.291868627071381,0.0183090381324291,3.49565028526795,-57094.5702158488,-123735.660056924,-57097.0328031333,-123735.655780274,-57099.4953904178,-123735.651503624,1,0,0,0
20130123094532.daq,34,6,877.983333333333,1,0,right,0.134994506835938,269.865005493164,12,0.0001,51.616340637207,1764.92117947905,1.18651497364044,0.291534930467606,0.0562756843864918,3.50952420726553,-57094.5841295027,-123743.231237487,-57097.0467136656,-123743.225435386,-57099.5092978284,-123743.219633284,1,0,0,0
20130123094532.daq,34,6,878.083333333333,1,0,right,0.1795654296875,269.820434570313,12,0.0001,51.6504249572754,1772.49409446562,1.58201992511749,0.291134774684906,0.0372923612594604,3.53158858134177,-57094.6064178827,-123750.802638179,-57097.0689967869,-123750.794920412,-57099.5315756911,-123750.787202645,1,0,0,0
20130123094532.daq,34,6,878.183333333333,1,0,right,0.230331420898438,269.769668579102,12,0.0001,51.6843757629395,1780.07192946916,1.71385490894318,0.300444394350052,0.0467842556536198,3.55460604018109,-57094.6290905158,-123758.382000009,-57097.0916616152,-123758.372100318,-57099.5542327146,-123758.362200626,1,0,0,0
20130123094532.daq,34,6,878.283333333333,1,0,right,0.28955078125,269.71044921875,12,0.0001,51.7184524536133,1787.65481251969,1.88963496685028,0.320196062326431,0.0278004687279463,3.58931942204118,-57094.6640063738,-123765.961564274,-57097.1265659257,-123765.949119342,-57099.5891254777,-123765.936674409,1,0,0,0
20130123094532.daq,34,6,878.383333333333,1,0,right,0.3526611328125,269.647338867188,12,0.0001,51.7549362182617,1795.24282688801,1.88963496685028,0.33837416768074,0.0562756843864918,3.62817400486225,-57094.703070981,-123773.556843934,-57097.1656153313,-123773.541686541,-57099.6281596815,-123773.526529148,1,0,0,0
20130123094532.daq,34,6,878.483333333333,1,0,right,0.416259765625,269.583740234375,12,0.0001,51.7977142333984,1802.83660736238,1.80174493789673,0.360186070203781,-0.0101661784574389,3.67507116718066,-57094.7499800291,-123781.152131073,-57097.2125060375,-123781.134240252,-57099.6750320459,-123781.116349431,1,0,0,0
20130123094532.daq,34,6,878.583333333333,1,0,right,0.485092163085938,269.514907836914,12,0.0001,51.8503036499023,1810.43734491093,2.28513979911804,0.373561501502991,0.0183090381324291,3.73021303985663,-57094.8050277585,-123788.755352279,-57097.2675304967,-123788.734503111,-57099.7300332349,-123788.713653943,1,0,0,0
20130123094532.daq,34,6,878.683333333333,1,0,right,0.563735961914063,269.436264038086,12,0.0001,51.915283203125,1818.04668210366,2.59275484085083,0.374272555112839,0.0752590075135231,3.79386897349212,-57094.8684985687,-123796.358803642,-57097.3309703698,-123796.334574481,-57099.7934421709,-123796.310345319,1,0,0,0
20130123094532.daq,34,6,878.783333333333,1,0,right,0.641494750976563,269.358505249023,12,0.0001,51.9932327270508,1825.66651216216,2.02146983146667,0.374274492263794,0.0467842556536198,3.8649759281994,-57094.9397295399,-123803.985664666,-57097.4021661908,-123803.958093592,-57099.8646028416,-123803.930522518,1,0,0,0
20130123094532.daq,34,6,878.883333333333,1,0,right,0.705123901367188,269.294876098633,12,0.0001,52.0817794799805,1833.29859058022,1.40623998641968,0.374003201723099,-0.000674748385790735,3.95074097137049,-57095.0257106816,-123811.619995149,-57097.4881151953,-123811.589689462,-57099.9505197089,-123811.559383776,1,0,0,0
20130123094532.daq,34,6,878.983333333333,1,0,right,0.756942749023438,269.243057250977,12,0.0001,52.1777114868164,1840.94423318552,1.23045992851257,0.374178439378738,-0.0196580719202757,4.03967494719748,-57095.1148661718,-123819.261853135,-57097.5772422697,-123819.229320439,-57100.0396183675,-123819.196787743,1,0,0,0
20130123094532.daq,34,6,879.083333333333,1,0,right,0.801254272460938,269.198745727539,12,0.0001,52.2784690856934,1848.6043251382,1.14256989955902,0.373677581548691,-0.000674748385790735,4.14003911578535,-57095.215275085,-123826.926967682,-57097.6776252862,-123826.892530639,-57100.1399754875,-123826.858093596,1,0,0,0
20130123094532.daq,34,6,879.183333333333,1,0,right,0.835739135742188,269.164260864258,12,0.0001,52.3823204040527,1856.279438517,0.659174978733063,0.373597413301468,0.0657675787806511,4.24790879987552,-57095.3228866216,-123834.599659951,-57097.7852156501,-123834.563740888,-57100.2475446785,-123834.527821826,1,0,0,0
20130123094532.daq,34,6,879.283333333333,1,0,right,0.853591918945313,269.146408081055,12,0.0001,52.4880676269531,1863.96993428634,-0.219724982976913,0.373932391405106,0.0278004687279463,4.36193463974217,-57095.4372773835,-123842.287582544,-57097.8995951004,-123842.250896246,-57100.3619128173,-123842.214209948,1,0,0,0
20130123094532.daq,34,6,879.383333333333,1,0,right,0.857345581054688,269.142654418945,12,0.0001,52.5948944091797,1871.67602719721,-0.351559966802597,0.373923450708389,0.00881714466959238,4.47944033489476,-57095.5546981822,-123849.990796352,-57098.0170134904,-123849.953948739,-57100.4793287985,-123849.917101126,1,0,0,0
20130123094532.daq,34,6,879.483333333333,1,0,right,0.854080200195313,269.145919799805,12,0.0001,52.7022171020508,1879.39783040651,-0.263669967651367,0.373646646738052,-0.000674748385790735,4.59662476356992,-57095.6716827309,-123857.717281597,-57098.1340001351,-123857.680574315,-57100.5963175393,-123857.643867033,1,0,0,0
20130123094532.daq,34,6,879.583333333333,1,0,right,0.849929809570313,269.15007019043,12,0.0001,52.8095893859863,1887.13538247245,-0.307614982128143,0.373490840196609,0.0278004687279463,4.7175998271386,-57095.7925185306,-123865.451558386,-57098.2548385873,-123865.41502947,-57100.717158644,-123865.378500553,1,0,0,0
20130123094532.daq,34,6,879.683333333333,1,0,right,0.843429565429688,269.15657043457,12,0.0001,52.9167747497559,1894.888669874,-0.439449965953827,0.373525619506836,0.0183090381324291,4.83828935009257,-57095.913208299,-123873.201404533,-57098.3755324841,-123873.165154969,-57100.8378566692,-123873.128905405,1,0,0,0
20130123094532.daq,34,6,879.783333333333,1,0,right,0.834869384765625,269.165130615234,12,0.0001,53.0236663818359,1902.65765745652,-0.439449965953827,0.373647481203079,0.0278004687279463,4.95865050774463,-57096.0337700718,-123880.966826854,-57098.4960996452,-123880.93094517,-57100.9584292187,-123880.895063486,1,0,0,0
20130123094532.daq,34,6,879.883333333333,1,0,right,0.826568603515625,269.173431396484,12,0.0001,53.1302032470703,1910.44229673087,-0.439449965953827,0.3736712038517,-0.0196580719202757,5.07903510597804,-57096.1543479941,-123888.747880241,-57098.61668274,-123888.71235529,-57101.079017486,-123888.676830338,1,0,0,0
20130123094532.daq,34,6,879.983333333333,1,0,right,0.817535400390625,269.182464599609,12,0.0001,53.2363319396973,1918.24253212103,-0.483394980430603,0.373895257711411,0.0183090381324291,5.19577787375199,-57096.2709741845,-123896.544541195,-57098.7333145007,-123896.509404454,-57101.1956548169,-123896.474267712,1,0,0,0
20130123094532.daq,34,6,880.083333333333,1,0,right,0.805633544921875,269.194366455078,12,0.0001,53.3420333862305,1926.05830129045,-0.659174978733063,0.395711064338684,-0.0101661784574389,5.31607249903837,-57096.3913284227,-123904.36457154,-57098.8536759846,-123904.329946292,-57101.3160235465,-123904.295321045,1,0,0,0
20130123094532.daq,34,6,880.183333333333,1,0,right,0.785202026367188,269.214797973633,12,0.0001,53.4478492736816,1933.88945718647,-1.09862494468689,0.428776025772095,0.0183090381324291,5.43227874029202,-57096.5072465641,-123912.192211815,-57098.9696063168,-123912.158464636,-57101.4319660694,-123912.124717457,1,0,0,0
20130123094532.daq,34,6,880.283333333333,1,0,right,0.749542236328125,269.250457763672,12,0.0001,53.5564270019531,1941.73640105679,-1.97752487659454,0.433160662651062,0.0372923612594604,5.54312803093522,-57096.6183127761,-123920.035114725,-57099.0806930554,-123920.002900077,-57101.5430733347,-123919.97068543,1,0,0,0
20130123094532.daq,34,6,880.383333333333,1,0,right,0.680282592773438,269.319717407227,12,0.0001,53.6705207824707,1949.5996574235,-3.25192975997925,0.425023943185806,0.00881714466959238,5.65213491670269,-57096.727293413,-123927.892840539,-57099.1897108346,-123927.863602462,-57101.6521282563,-123927.834364384,1,0,0,0
20130123094532.daq,34,6,880.483333333333,1,0,right,0.581771850585938,269.418228149414,12,0.0001,53.7897987365723,1957.48004952981,-3.99899482727051,0.393632441759109,0.00881714466959238,5.75549199922612,-57096.8305549214,-123935.765485884,-57099.2930189735,-123935.740481572,-57101.7554830256,-123935.715477261,0,1,0,1
20130123094532.daq,34,6,880.583333333333,1,0,right,0.467544555664063,269.532455444336,12,0.0001,53.9112396240234,1965.37814469877,-3.99899482727051,0.380012989044189,0.0278004687279463,5.85016274381479,-57096.9250336555,-123943.661179908,-57099.3875426636,-123943.641084916,-57101.8500516716,-123943.620989923,0,1,0,1
20130123094532.daq,34,6,880.683333333333,1,0,right,0.345840454101563,269.654159545898,12,0.0001,54.0304946899414,1973.29393547054,-3.95504975318909,0.381731867790222,-0.0101661784574389,5.92876178525021,-57097.0034297524,-123951.572303823,-57099.4659758896,-123951.557439579,-57101.9285220268,-123951.542575336,0,1,0,1
20130123094532.daq,34,6,880.783333333333,1,0,right,0.223526000976563,269.776473999023,12,0.0001,54.1457099914551,1981.22692203385,-3.95504975318909,0.380821704864502,0.0183090381324291,5.99522163346303,-57097.070075585,-123959.499021868,-57099.5326478429,-123959.489414673,-57101.9952201008,-123959.479807478,0,1,0,1
20130123094532.daq,34,6,880.883333333333,1,0,right,0.1005859375,269.8994140625,12,0.0001,54.2574043273926,1989.17653893061,-3.91110491752625,0.381188064813614,0.0657675787806511,6.042571640492,-57097.1171578393,-123967.441333441,-57099.5797450424,-123967.437010227,-57102.0423322456,-123967.432687014,0,1,0,1
20130123094532.daq,34,6,880.983333333333,1,0,right,-0.01947021484375,270.019470214844,12,0.0001,54.3663711547852,1997.14232859107,-3.77926993370056,0.381338566541672,0.0372923612594604,6.07798787419575,-57097.1527059772,-123975.399324667,-57099.615296833,-123975.400161503,-57102.0778876888,-123975.400998339,0,1,0,1
20130123094532.daq,34,6,881.083333333333,1,0,right,-0.137008666992188,270.137008666992,12,0.0001,54.4733276367188,2005.12394525029,-3.69137978553772,0.380167722702026,0.0278004687279463,6.09405727187067,-57097.1688844793,-123983.372987622,-57099.6314684366,-123983.378876293,-57102.0940523939,-123983.384764964,0,1,0,1
20130123094532.daq,34,6,881.183333333333,1,0,right,-0.253890991210938,270.253890991211,12,0.0001,54.5788116455078,2013.12113615855,-3.69137978553772,0.368794322013855,0.0278004687279463,6.09461930908606,-57097.1694844164,-123991.370089503,-57099.6320512369,-123991.381001784,-57102.0946180574,-123991.391914064,0,1,0,1
20130123094532.daq,34,6,881.283333333333,1,0,right,-0.368194580078125,270.368194580078,12,0.0001,54.6828002929688,2021.13369374503,-3.73532485961914,0.365955919027328,0.0278004687279463,6.07580319730512,-57097.150717964,-123999.375053599,-57099.6132581144,-123999.390878612,-57102.0757982648,-123999.406703624,0,1,0,1
20130123094532.daq,34,6,881.383333333333,1,0,right,-0.485397338867188,270.485397338867,12,0.0001,54.784610748291,2029.16135117949,-3.73532485961914,0.366223186254501,0.0562756843864918,6.04512711330628,-57097.1200599207,-124007.395555856,-57099.5825625478,-124007.41641814,-57102.0450651749,-124007.437280424,0,1,0,1
20130123094532.daq,34,6,881.483333333333,1,0,right,-0.601715087890625,270.601715087891,12,0.0001,54.884105682373,2037.20376754591,-3.69137978553772,0.367399334907532,0.0372923612594604,5.99516775739209,-57097.0699311017,-124015.431690679,-57099.5323863012,-124015.457552112,-57101.9948415007,-124015.483413544,0,1,0,1
20130123094532.daq,34,6,881.583333333333,1,0,right,-0.718170166015625,270.718170166016,12,0.0001,54.9814071655273,2045.260617221,-3.69137978553772,0.367383152246475,0.0183090381324291,5.92899717286212,-57097.0041747981,-124023.483432491,-57099.4665723473,-124023.514298867,-57101.9289698965,-124023.545165243,0,1,0,1
20130123094532.daq,34,6,881.683333333333,1,0,right,-0.829315185546875,270.829315185547,12,0.0001,55.0767593383789,2053.3315881957,-3.12009477615356,0.366161555051804,0.0562756843864918,5.84798960392889,-57096.9231256862,-124031.550920047,-57099.3854587264,-124031.586563035,-57101.8477917666,-124031.622206023,0,1,0,1
20130123094532.daq,34,6,881.783333333333,1,0,right,-0.877426147460938,270.877426147461,12,0.0001,55.1705780029297,2061.41642697435,0.703119993209839,0.357535511255264,0.0183090381324291,5.75494650079691,-57096.8303270029,-124039.627818115,-57099.2926292458,-124039.665528698,-57101.7549314887,-124039.703239282,0,1,0,1
20130123094532.daq,34,6,881.883333333333,1,0,right,-0.879608154296875,270.879608154297,12,0.0001,55.2628021240234,2069.51492095066,1.01073491573334,0.357298254966736,0.0183090381324291,5.64966108956955,-57096.7247242604,-124047.72151241,-57099.1870250653,-124047.759316766,-57101.6493258703,-124047.797121122,0,0,0,0
20130123094532.daq,34,6,881.983333333333,1,0,right,-0.866622924804688,270.866622924805,12,0.0001,55.3520927429199,2077.62673708808,-0.0439449958503246,0.357845276594162,0.0278004687279463,5.53697669414155,-57096.6122404377,-124055.831218836,-57099.0745497472,-124055.868465147,-57101.5368590567,-124055.905711459,0,0,0,0
20130123094532.daq,34,6,882.083333333333,1,0,right,-0.856903076171875,270.856903076172,12,0.0001,55.4384078979492,2085.75142345841,-0.219724982976913,0.357195734977722,0.0278004687279463,5.42031170981093,-57096.495649886,-124063.9564668,-57098.9579654787,-124063.993295397,-57101.4202810714,-124064.030123993,0,0,0,0
20130123094532.daq,34,6,882.183333333333,1,0,right,-0.853347778320313,270.85334777832,12,0.0001,55.5224800109863,2093.88859671759,0.0878899991512299,0.344928592443466,0.0183090381324291,5.30334170860947,-57096.3786807465,-124072.097182475,-57098.8409986198,-124072.13385828,-57101.303316493,-124072.170534086,0,0,0,0
20130123094532.daq,34,6,882.283333333333,1,0,right,-0.823898315429688,270.82389831543,12,0.0001,55.6044883728027,2102.03795898373,1.84568989276886,0.298504233360291,0.0278004687279463,5.18801641450565,-57096.2633022001,-124080.246370533,-57098.7256385991,-124080.281780727,-57101.1879749981,-124080.317190921,0,0,0,0
20130123094532.daq,34,6,882.383333333333,1,0,right,-0.773834228515625,270.773834228516,12,0.0001,55.6801490783691,2110.1989767363,2.0654149055481,0.288426220417023,0.0467842556536198,5.07402244222238,-57096.1491908058,-124088.403894348,-57098.6115572056,-124088.437152981,-57101.0739236054,-124088.470411613,0,0,0,0
20130123094532.daq,34,6,882.483333333333,1,0,right,-0.713668823242188,270.713668823242,12,0.0001,55.7422981262207,2118.37015511072,1.58201992511749,0.289331942796707,0.0372923612594604,4.96864808842261,-57096.0435140412,-124096.577296621,-57098.5059140078,-124096.607969543,-57100.9683139743,-124096.638642465,0,0,0,0
20130123094532.daq,34,6,882.583333333333,1,0,right,-0.652542114257813,270.652542114258,12,0.0001,55.7903289794922,2126.54938179835,1.66990995407104,0.288955301046371,0.00881714466959238,4.86683126963721,-57095.9418042562,-124104.758531819,-57098.4042355451,-124104.786577682,-57100.8666668341,-124104.814623545,0,0,0,0
20130123094532.daq,34,6,882.683333333333,1,0,right,-0.592529296875,270.592529296875,12,0.0001,55.8279266357422,2134.73483873576,1.66990995407104,0.289402633905411,0.00881714466959238,4.77275896325355,-57095.847840077,-124112.947547411,-57098.3102993911,-124112.973014057,-57100.7727587051,-124112.998480702,0,0,0,0
20130123094532.daq,34,6,882.783333333333,1,0,right,-0.530853271484375,270.530853271484,12,0.0001,55.8588104248047,2142.92527989165,1.66990995407104,0.290824592113495,0.0847508981823921,4.68696060520008,-57095.7617923726,-124121.136600977,-57098.2242776735,-124121.159416894,-57100.6867629745,-124121.182232812,0,0,0,0
20130123094532.daq,34,6,882.883333333333,1,0,right,-0.46881103515625,270.468811035156,12,0.0001,55.885684967041,2151.11992957947,1.7577999830246,0.289682626724243,0.0562756843864918,4.60876377602318,-57095.6835813928,-124129.333472143,-57098.1460899561,-124129.353621567,-57100.6085985193,-124129.373770991,0,0,0,0
20130123094532.daq,34,6,882.983333333333,1,0,right,-0.403839111328125,270.403839111328,12,0.0001,55.9101486206055,2159.31833288709,1.7577999830246,0.289876401424408,0.0752590075135231,4.53843589292023,-57095.6133651162,-124137.530412475,-57098.0758949451,-124137.547769466,-57100.538424774,-124137.565126457,0,0,0,0
20130123094532.daq,34,6,883.083333333333,1,0,right,-0.344970703125,270.344970703125,12,0.0001,55.9329376220703,2167.52019389079,1.31834995746613,0.289212375879288,0.0278004687279463,4.47613759359388,-57095.5505869359,-124145.735008468,-57098.0131332984,-124145.74983533,-57100.4756796609,-124145.764662192,0,0,0,0
20130123094532.daq,34,6,883.183333333333,1,0,right,-0.301361083984375,270.301361083984,12,0.0001,55.9545707702637,2175.7253082834,0.615229964256287,0.289748102426529,0.0467842556536198,4.42370580512055,-57095.4985880773,-124153.939220773,-57097.9611450117,-124153.952173309,-57100.4237019461,-124153.965125845,0,0,0,0
20130123094532.daq,34,6,883.283333333333,1,0,right,-0.271575927734375,270.271575927734,12,0.0001,55.9754066467285,2183.93353311517,0.219724997878075,0.289784252643585,0.0467842556536198,4.37910135812542,-57095.4535498816,-124162.15089972,-57097.9161132166,-124162.162572097,-57100.3786765516,-124162.174244474,0,0,0,0
20130123094532.daq,34,6,883.383333333333,1,0,right,-0.263275146484375,270.263275146484,12,0.0001,55.9956703186035,2192.14476958947,-0.483394980430603,0.299841940402985,0.0278004687279463,4.34012989578912,-57095.4149993465,-124170.362043683,-57097.8775643467,-124170.373359294,-57100.340129347,-124170.384674904,0,0,0,0
20130123094532.daq,34,6,883.483333333333,1,0,right,-0.279129028320313,270.27912902832,12,0.0001,56.0158538818359,2200.35895807394,-1.40623986721039,0.357176214456558,0.00881714466959238,4.30055713521702,-57095.3749590571,-124178.57258679,-57097.837520832,-124178.584583798,-57100.3000826069,-124178.596580805,0,0,0,0
20130123094532.daq,34,6,883.583333333333,1,0,right,-0.314773559570313,270.31477355957,12,0.0001,56.0403442382813,2208.57632991781,-1.49412989616394,0.364473551511765,-0.0101661784574389,4.26664427990934,-57095.3415110767,-124186.790449082,-57097.8040649116,-124186.803978082,-57100.2666187464,-124186.817507083,0,0,0,0
20130123094532.daq,34,6,883.683333333333,1,0,right,-0.317916870117188,270.317916870117,12,0.0001,56.0762062072754,2216.79807375801,1.36229491233826,0.363126009702682,0.0183090381324291,4.2314553710574,-57095.3061610245,-124195.009120733,-57097.7687141134,-124195.022784832,-57100.2312672024,-124195.036448931,0,0,0,0
20130123094532.daq,34,6,883.783333333333,1,0,right,-0.288101196289063,270.288101196289,12,0.0001,56.1244354248047,2225.02600583959,1.88963496685028,0.354208022356033,0.00881714466959238,4.19427262941798,-57095.2689369964,-124203.236425971,-57097.7314968624,-124203.248808601,-57100.1940567285,-124203.261191231,0,0,0,0
20130123094532.daq,34,6,883.883333333333,1,0,right,-0.241409301757813,270.241409301758,12,0.0001,56.1820907592773,2233.26174826456,1.36229491233826,0.35571026802063,-0.000674748385790735,4.15789265835865,-57095.2327543531,-124211.47196219,-57097.6953234924,-124211.482338009,-57100.1578926317,-124211.492713828,0,0,0,0
20130123094532.daq,34,6,883.983333333333,1,0,right,-0.19207763671875,270.192077636719,12,0.0001,56.2454719543457,2241.50640369485,1.2744048833847,0.343669444322586,0.00881714466959238,4.12593592964731,-57095.2006418022,-124219.71537401,-57097.6632189623,-124219.723629553,-57100.1257961224,-124219.731885096,0,0,0,0
20130123094532.daq,34,6,884.083333333333,1,0,right,-0.146026611328125,270.146026611328,12,0.0001,56.3118782043457,2249.76061153449,1.23045992851257,0.321909070014954,0.00881714466959238,4.10175089476871,-57095.1761402905,-124227.966514545,-57097.6387232905,-124227.972790809,-57100.1013062905,-124227.979067072,0,0,0,0
20130123094532.daq,34,6,884.183333333333,1,0,right,-0.106460571289063,270.106460571289,12,0.0001,56.3769416809082,2258.02439197178,0.791009962558746,0.320925414562225,0.00881714466959238,4.08076794885355,-57095.1551455114,-124236.233117643,-57097.6177322583,-124236.237693349,-57100.0803190053,-124236.242269056,0,0,0,0
20130123094532.daq,34,6,884.283333333333,1,0,right,-0.0766448974609375,270.076644897461,12,0.0001,56.436466217041,2266.29746777932,0.527339994907379,0.320984184741974,0.0183090381324291,4.06305468361376,-57095.1374554619,-124244.50729109,-57097.6000442565,-124244.510585312,-57100.0626330512,-124244.513879533,0,0,0,0
20130123094532.daq,34,6,884.383333333333,1,0,right,-0.0536041259765625,270.053604125977,12,0.0001,56.490306854248,2274.57884315779,0.527339994907379,0.319855183362961,0.0183090381324291,4.05213837566886,-57095.1271598056,-124252.789109155,-57097.5897497258,-124252.791413078,-57100.0523396461,-124252.793717,0,0,0,0
20130123094532.daq,34,6,884.483333333333,1,0,right,-0.03521728515625,270.035217285156,12,0.0001,56.5397911071777,2282.86778004636,0.26366999745369,0.320245712995529,0.0278004687279463,4.04576882537348,-57095.120483117,-124261.078624568,-57097.5830736498,-124261.080138218,-57100.0456641826,-124261.081651868,0,0,0,0
20130123094532.daq,34,6,884.583333333333,1,0,right,-0.02862548828125,270.028625488281,12,0.0001,56.5861206054688,2291.16372991154,-0.263669967651367,0.319713681936264,0.0372923612594604,4.04227221552085,-57095.1169840978,-124269.375661851,-57097.5795747885,-124269.376892184,-57100.0421654791,-124269.378122517,0,0,0,0
20130123094532.daq,34,6,884.683333333333,1,0,right,-0.0198211669921875,270.019821166992,12,0.0001,56.6303176879883,2299.4663087565,0.307614982128143,0.319919228553772,0.0467842556536198,4.04294059699123,-57095.1175280441,-124277.672753532,-57097.5801188947,-124277.673605452,-57100.0427097454,-124277.674457372,0,0,0,0
20130123094532.daq,34,6,884.783333333333,1,0,right,3.0517578125e-05,269.999969482422,12,0.0001,56.673095703125,2307.77525851643,1.05467998981476,0.319667488336563,0.0183090381324291,4.04405564894151,-57095.1187546377,-124285.985741788,-57097.5813456357,-124285.985740477,-57100.0439366337,-124285.985739165,0,0,0,0
20130123094532.daq,34,6,884.883333333333,1,0,right,0.0399322509765625,269.960067749023,12,0.0001,56.714900970459,2316.0904068217,1.66990995407104,0.319816261529922,0.0278004687279463,4.05081102888524,-57095.1251268429,-124294.299221895,-57097.5877172429,-124294.297505594,-57100.0503076428,-124294.295789293,0,0,0,0
20130123094532.daq,34,6,884.983333333333,1,0,right,0.0953826904296875,269.90461730957,12,0.0001,56.7559852600098,2324.41163198318,1.88963496685028,0.319708049297333,0.0278004687279463,4.0576883703513,-57095.1324611012,-124302.620893572,-57097.5950486868,-124302.616793995,-57100.0576362725,-124302.612694418,0,0,0,0
20130123094532.daq,34,6,885.083333333333,1,0,right,0.153472900390625,269.846527099609,12,0.0001,56.7965278625488,2332.7388412654,1.45018494129181,0.319387376308441,0.0467842556536198,4.07305010543075,-57095.1477724621,-124310.950438895,-57097.6103546256,-124310.943842588,-57100.0729367892,-124310.937246281,0,0,0,0
20130123094532.daq,34,6,885.183333333333,1,0,right,0.208709716796875,269.791290283203,12,0.0001,56.8366470336914,2341.07196431245,1.31834995746613,0.319941073656082,0.0372923612594604,4.09608600844612,-57095.1707211878,-124319.287723572,-57097.6332958477,-124319.278753181,-57100.0958705076,-124319.269782791,0,0,0,0
20130123094532.daq,34,6,885.283333333333,1,0,right,0.260360717773438,269.739639282227,12,0.0001,56.876350402832,2349.41094107238,1.31834995746613,0.319897353649139,0.0278004687279463,4.12252221978784,-57095.1973554844,-124327.624917814,-57097.6599210571,-124327.613727465,-57100.1224866297,-124327.602537116,0,0,0,0
20130123094532.daq,34,6,885.383333333333,1,0,right,0.307479858398438,269.692520141602,12,0.0001,56.9157409667969,2357.75571666851,1.18651497364044,0.319757997989655,0.0183090381324291,4.15689912876783,-57095.2315227812,-124335.969811774,-57097.6940783183,-124335.956596255,-57100.1566338554,-124335.943380735,0,0,0,0
20130123094532.daq,34,6,885.483333333333,1,0,right,0.351669311523438,269.648330688477,12,0.0001,56.9549293518066,2366.10625328867,1.01073491573334,0.319910645484924,0.0467842556536198,4.20241257858572,-57095.2772282955,-124344.322444928,-57097.7397729078,-124344.307330163,-57100.20231752,-124344.292215398,0,0,0,0
20130123094532.daq,34,6,885.583333333333,1,0,right,0.380386352539063,269.619613647461,12,0.0001,56.9939384460449,2374.46252482328,0.17577999830246,0.320477396249771,0.0467842556536198,4.25104070028125,-57095.3258822567,-124352.674702073,-57097.7884189841,-124352.658353065,-57100.2509557114,-124352.642004058,0,0,0,0
20130123094532.daq,34,6,885.683333333333,1,0,right,0.389556884765625,269.610443115234,12,0.0001,57.0328178405762,2382.82450754064,-0.351559966802597,0.319335758686066,0.0183090381324291,4.30669957238192,-57095.3811379255,-124361.042111214,-57097.8436720045,-124361.025368063,-57100.3062060836,-124361.008624912,0,0,0,0
20130123094532.daq,34,6,885.783333333333,1,0,right,0.392425537109375,269.607574462891,12,0.0001,57.0715827941895,2391.19218465605,-0.0439449958503246,0.320556879043579,0.0467842556536198,4.36506702877088,-57095.4399094128,-124369.409368027,-57097.9024426505,-124369.392501583,-57100.3649758881,-124369.37563514,0,0,0,0
20130123094532.daq,34,6,885.883333333333,1,0,right,0.409378051757813,269.590621948242,12,0.0001,57.1102256774902,2399.56553742658,1.09862494468689,0.319090992212296,0.0467842556536198,4.42462253217705,-57095.4995535854,-124377.776964957,-57097.9620817248,-124377.759369907,-57100.4246098643,-124377.741774856,0,0,0,0
20130123094532.daq,34,6,885.983333333333,1,0,right,0.442428588867188,269.557571411133,12,0.0001,57.1487464904785,2407.94455009328,1.2744048833847,0.3199862241745,0.0278004687279463,4.4893387970113,-57095.564101832,-124386.152762286,-57098.0266194122,-124386.133746753,-57100.4891369925,-124386.114731219,0,0,0,0
20130123094532.daq,34,6,886.083333333333,1,0,right,0.481491088867188,269.518508911133,12,0.0001,57.18701171875,2416.32919472823,0.92284494638443,0.320217192173004,0.0183090381324291,4.55832323939105,-57095.6329295016,-124394.544328128,-57098.0954335453,-124394.52363373,-57100.557937589,-124394.502939332,0,0,0,0
20130123094532.daq,34,6,886.183333333333,1,0,right,0.512771606445313,269.487228393555,12,0.0001,57.2250938415527,2424.71943687617,0.483394980430603,0.320113867521286,0.0278004687279463,4.63041478391782,-57095.7051814911,-124402.927892846,-57098.1676738698,-124402.905854052,-57100.6301662485,-124402.883815258,0,0,0,0
20130123094532.daq,34,6,886.283333333333,1,0,right,0.535232543945313,269.464767456055,12,0.0001,57.2631034851074,2433.11525830704,0.219724997878075,0.320202082395554,-0.0101661784574389,4.70593097643007,-57095.7807931424,-124411.326869822,-57098.2432766923,-124411.30386569,-57100.7057602421,-124411.280861558,0,0,0,0
20130123094532.daq,34,6,886.383333333333,1,0,right,0.551315307617188,269.448684692383,12,0.0001,57.3010482788086,2441.51664950953,0.219724997878075,0.320412874221802,0.0372923612594604,4.7888867855091,-57095.863821885,-124419.725693269,-57098.3262988807,-124419.701997925,-57100.7887758763,-124419.678302582,0,0,0,0
20130123094532.daq,34,6,886.483333333333,1,0,right,0.56341552734375,269.436584472656,12,0.0001,57.3388977050781,2449.92359892082,0.219724997878075,0.314550578594208,0.0278004687279463,4.87166040327195,-57095.9466036918,-124428.13223346,-57098.4090756284,-124428.10801807,-57100.8715475649,-124428.08380268,0,0,0,0
20130123094532.daq,34,6,886.583333333333,1,0,right,0.574676513671875,269.425323486328,12,0.0001,57.3764572143555,2458.33608476742,0.17577999830246,0.312568247318268,0.0278004687279463,4.95444229637289,-57096.0293334974,-124436.546565881,-57098.4918006271,-124436.521866515,-57100.9542677567,-124436.497167148,0,0,0,0
20130123094532.daq,34,6,886.683333333333,1,0,right,0.578109741210938,269.421890258789,12,0.0001,57.4128723144531,2466.75400578161,-0.395504981279373,0.312412351369858,0.0278004687279463,5.04457431553382,-57096.1193902322,-124444.960710647,-57098.5818558774,-124444.935863727,-57101.0443215227,-124444.911016806,0,0,0,0
20130123094532.daq,34,6,886.783333333333,1,0,right,0.570526123046875,269.429473876953,12,0.0001,57.4477920532227,2475.17715644398,-0.703119933605194,0.312121391296387,0.0372923612594604,5.13409301734522,-57096.208763529,-124453.382403914,-57098.6712324414,-124453.357882923,-57101.1337013538,-124453.333361933,0,0,0,0
20130123094532.daq,34,6,886.883333333333,1,0,right,0.557510375976563,269.442489624023,12,0.0001,57.4814987182617,2483.60533580432,-0.615229964256287,0.311921179294586,0.0467842556536198,5.22288593104582,-57096.2977998973,-124461.81177936,-57098.7602743165,-124461.787817764,-57101.2227487357,-124461.763856167,0,0,0,0
20130123094532.daq,34,6,886.983333333333,1,0,right,0.538681030273438,269.461318969727,12,0.0001,57.5143241882324,2492.0383909819,-0.878899931907654,0.311854004859924,0.0847508981823921,5.31145350208253,-57096.3864757669,-124470.241015101,-57098.8489579277,-124470.217862758,-57101.3114400886,-124470.194710415,0,0,0,0
20130123094532.daq,34,6,887.083333333333,1,0,right,0.505874633789063,269.494125366211,12,0.0001,57.546501159668,2500.47621115106,-1.53807497024536,0.312211751937866,0.0278004687279463,5.39541643427049,-57096.4703788221,-124478.677727082,-57098.9328738358,-124478.65598471,-57101.3953688495,-124478.634242339,0,0,0,0
20130123094532.daq,34,6,887.183333333333,1,0,right,0.46649169921875,269.533508300781,12,0.0001,57.5782127380371,2508.91871406672,-1.45018494129181,0.311434805393219,0.0467842556536198,5.479196820688,-57096.5538746385,-124487.114279555,-57099.0163840154,-124487.094229813,-57101.4788933922,-124487.074180072,0,0,0,0
20130123094532.daq,34,6,887.283333333333,1,0,right,0.428726196289063,269.571273803711,12,0.0001,57.6095390319824,2517.3658403763,-1.01073491573334,0.297430753707886,0.00881714466959238,5.55869537760464,-57096.6335650955,-124495.558681866,-57099.0960871529,-124495.540255248,-57101.5586092103,-124495.521828631,0,0,0,0
20130123094532.daq,34,6,887.383333333333,1,0,right,0.400009155273438,269.599990844727,12,0.0001,57.6396217346191,2525.8174917494,-0.74706494808197,0.289289236068726,0.00881714466959238,5.63107740852949,-57096.7060042988,-124504.003301222,-57099.1685352825,-124503.98610884,-57101.6310662661,-124503.968916457,0,0,0,0
20130123094532.daq,34,6,887.483333333333,1,0,right,0.37652587890625,269.623474121094,12,0.0001,57.6664047241211,2534.27333431024,-0.791009962558746,0.288965106010437,-0.000674748385790735,5.70418802720255,-57096.7787680881,-124512.463671242,-57099.2413059114,-124512.447488156,-57101.7038437347,-124512.431305069,0,1,0,1
20130123094532.daq,34,6,887.583333333333,1,0,right,0.3541259765625,269.645874023438,12,0.0001,57.689266204834,2542.73281271818,-0.74706494808197,0.28961306810379,-0.0101661784574389,5.76888950964403,-57096.8437867172,-124520.916254388,-57099.3063306791,-124520.901034036,-57101.7688746411,-124520.885813685,0,1,0,1
20130123094532.daq,34,6,887.683333333333,1,0,right,0.336318969726563,269.663681030273,12,0.0001,57.7090721130371,2551.19540669394,-0.527339935302734,0.289573788642883,-0.000674748385790735,5.83044697332074,-57096.9051837665,-124529.376760748,-57099.3677323399,-124529.362305734,-57101.8302809132,-124529.347850719,0,1,0,1
20130123094532.daq,34,6,887.783333333333,1,0,right,0.325637817382813,269.674362182617,12,0.0001,57.7268257141113,2559.66074403667,-0.307614982128143,0.28856959939003,-0.000674748385790735,5.88829827739974,-57096.9631159994,-124537.837439474,-57099.4256672247,-124537.823443531,-57101.88821845,-124537.809447589,0,1,0,1
20130123094532.daq,34,6,887.883333333333,1,0,right,0.318511962890625,269.681488037109,12,0.0001,57.7432060241699,2568.12857913016,-0.219724982976913,0.289104759693146,0.0657675787806511,5.94646923730845,-57097.0212684499,-124546.306016766,-57099.4838213968,-124546.29232709,-57101.9463743436,-124546.278637414,0,1,0,1
20130123094532.daq,34,6,887.983333333333,1,0,right,0.32025146484375,269.679748535156,12,0.0001,57.758659362793,2576.59874370774,0.17577999830246,0.288644552230835,0.0562756843864918,6.00126519251793,-57097.0760636741,-124554.774808931,-57099.5386162043,-124554.761044492,-57102.0011687344,-124554.747280053,0,1,0,1
20130123094532.daq,34,6,888.083333333333,1,0,right,0.326766967773438,269.673233032227,12,0.0001,57.7734909057617,2585.07112754983,0.17577999830246,0.289180964231491,0.0467842556536198,6.05632787621759,-57097.131154679,-124563.243716836,-57099.5937056279,-124563.229672363,-57102.0562565769,-124563.21562789,0,1,0,1
20130123094532.daq,34,6,888.183333333333,1,0,right,0.336227416992188,269.663772583008,12,0.0001,57.7878684997559,2593.54565083585,0.17577999830246,0.288637161254883,0.0657675787806511,6.11160338484734,-57097.1864280962,-124571.72050853,-57099.6489766926,-124571.706057451,-57102.111525289,-124571.691606372,0,1,0,1
20130123094532.daq,34,6,888.283333333333,1,0,right,0.347946166992188,269.652053833008,12,0.0001,57.8019256591797,2602.02225831612,0.219724997878075,0.28694224357605,0.0372923612594604,6.16315621378288,-57097.23793518,-124580.197354802,-57099.7004807692,-124580.182400056,-57102.1630263584,-124580.16744531,0,1,0,1
20130123094532.daq,34,6,888.383333333333,1,0,right,0.361297607421875,269.638702392578,12,0.0001,57.8156242370605,2610.50090345972,0.395504981279373,0.278608024120331,-0.000674748385790735,6.21856762876224,-57097.2934497097,-124588.674240429,-57099.7559917472,-124588.658711845,-57102.2185337847,-124588.64318326,0,1,0,1
20130123094532.daq,34,6,888.483333333333,1,0,right,0.378158569335938,269.621841430664,12,0.0001,57.8283767700195,2618.98150094437,0.395504981279373,0.274722129106522,0.0372923612594604,6.27836236431862,-57097.3530879877,-124597.151210716,-57099.8156253489,-124597.134957457,-57102.27816271,-124597.118704199,0,1,0,1
20130123094532.daq,34,6,888.583333333333,1,0,right,0.386138916015625,269.613861083984,12,0.0001,57.8390083312988,2627.46382473606,-0.351559966802597,0.275140464305878,0.0467842556536198,6.33724672608364,-57097.412176158,-124605.635778616,-57099.8747112314,-124605.619182367,-57102.3372463049,-124605.602586118,0,1,0,1
20130123094532.daq,34,6,888.683333333333,1,0,right,0.38140869140625,269.618591308594,12,0.0001,57.8473320007324,2635.94753303288,-0.703119933605194,0.275088369846344,0.0467842556536198,6.39968299543734,-57097.4743830949,-124614.120039286,-57099.9369195301,-124614.103646339,-57102.3994559653,-124614.087253392,0,1,0,1
20130123094532.daq,34,6,888.783333333333,1,0,right,0.366653442382813,269.633346557617,12,0.0001,57.8539581298828,2644.43232977125,-0.791009962558746,0.274781197309494,0.0467842556536198,6.45717077438566,-57097.532062738,-124622.596244995,-57099.9946033132,-124622.580486219,-57102.4571438883,-124622.564727444,0,1,0,1
20130123094532.daq,34,6,888.883333333333,1,0,right,0.342041015625,269.657958984375,12,0.0001,57.8594398498535,2652.91800947842,-1.18651497364044,0.274838477373123,0.0278004687279463,6.51820965163466,-57097.5930381705,-124631.080024326,-57100.055585288,-124631.065323381,-57102.5181324054,-124631.050622436,0,1,0,1
20130123094532.daq,34,6,888.983333333333,1,0,right,0.308135986328125,269.691864013672,12,0.0001,57.864143371582,2661.40443246834,-1.40623986721039,0.275125563144684,0.0183090381324291,6.57483153159351,-57097.6495321608,-124639.563577687,-57100.1120875464,-124639.550333967,-57102.574642932,-124639.537090247,0,1,0,1
20130123094532.daq,34,6,889.083333333333,1,0,right,0.267410278320313,269.73258972168,12,0.0001,57.8683090209961,2669.89150320803,-1.49412989616394,0.275825798511505,0.00881714466959238,6.63073275331453,-57097.7056043854,-124648.046964116,-57100.1681685626,-124648.035470778,-57102.6307327397,-124648.02397744,0,1,0,1
20130123094532.daq,34,6,889.183333333333,1,0,right,0.215774536132813,269.784225463867,12,0.0001,57.8721542358398,2678.37915936099,-2.02146983146667,0.273567587137222,0.0278004687279463,6.67845930364059,-57097.7531896284,-124656.537895639,-57100.2157631635,-124656.528621602,-57102.6783366986,-124656.519347565,0,1,0,1
20130123094532.daq,34,6,889.283333333333,1,0,right,0.152481079101563,269.847518920898,12,0.0001,57.8756904602051,2686.86735863906,-2.37302994728088,0.274604320526123,0.0183090381324291,6.72144988011026,-57097.7961486105,-124665.020727175,-57100.2587308878,-124665.014173497,-57102.7213131652,-124665.007619819,0,1,0,1
20130123094532.daq,34,6,889.383333333333,1,0,right,0.085479736328125,269.914520263672,12,0.0001,57.8788681030273,2695.35604831029,-2.0654149055481,0.274127215147018,0.0467842556536198,6.76015208106107,-57097.834973793,-124673.503463578,-57100.2975620505,-124673.499789633,-57102.7601503079,-124673.496115688,0,1,0,1
20130123094532.daq,34,6,889.483333333333,1,0,right,0.015960693359375,269.984039306641,12,0.0001,57.8818702697754,2703.84519032935,-2.19724988937378,0.274207651615143,0.103734225034714,6.78731150330187,-57097.861926552,-124681.986133287,-57100.3245174544,-124681.985447291,-57102.7871083569,-124681.984761296,0,1,0,1
20130123094532.daq,34,6,889.583333333333,1,0,right,-0.057647705078125,270.057647705078,12,0.0001,57.8847274780273,2712.33476157064,-2.54880976676941,0.274560868740082,0.0372923612594604,6.80319342743426,-57097.8769100408,-124690.476509503,-57100.3394997923,-124690.47898722,-57102.8020895439,-124690.481464936,0,1,0,1
20130123094532.daq,34,6,889.683333333333,1,0,right,-0.139984130859375,270.139984130859,12,0.0001,57.8873863220215,2720.82473881532,-2.68064475059509,0.274645835161209,0.0278004687279463,6.80963123973769,-57097.8835445463,-124698.958851528,-57100.3461281946,-124698.964868085,-57102.8087118428,-124698.970884642,0,1,0,1
20130123094532.daq,34,6,889.783333333333,1,0,right,-0.2266845703125,270.226684570313,12,0.0001,57.8898735046387,2729.31509133805,-2.72458982467651,0.274298697710037,0.0372923612594604,6.80745921476941,-57097.8821002393,-124707.441077905,-57100.3446719638,-124707.450820855,-57102.8072436884,-124707.460563805,0,1,1,1
20130123094532.daq,34,6,889.883333333333,1,0,right,-0.323333740234375,270.323333740234,12,0.0001,57.8922538757324,2737.80580165477,-3.25192975997925,0.27395561337471,0.0467842556536198,6.78963630837094,-57097.864420805,-124715.930860691,-57100.3269725911,-124715.944757605,-57102.7895243772,-124715.95865452,0,1,1,1
20130123094532.daq,34,6,889.983333333333,1,0,right,-0.434661865234375,270.434661865234,12,0.0001,57.8944816589355,2746.29685009006,-3.69137978553772,0.274361133575439,0.0372923612594604,6.7591653934754,-57097.8341223582,-124724.412453296,-57100.2966424934,-124724.431135023,-57102.7591626287,-124724.44981675,0,1,1,1
20130123094532.daq,34,6,890.083333333333,1,0,right,-0.54290771484375,270.542907714844,12,0.0001,57.896671295166,2754.78822004573,-2.8564248085022,0.27449306845665,0.0467842556536198,6.71349654499786,-57097.7883940624,-124732.901922657,-57100.2508745086,-124732.925256656,-57102.7133549548,-124732.948590654,0,1,1,1
20130123094532.daq,34,6,890.183333333333,1,0,right,-0.631393432617188,270.631393432617,12,0.0001,57.8989334106445,2763.27990933041,-1.66990995407104,0.273992598056793,0.0372923612594604,6.65717818807469,-57097.7321676709,-124741.384066359,-57100.1946091443,-124741.411203302,-57102.6570506176,-124741.438340245,0,1,1,1
20130123094532.daq,34,6,890.283333333333,1,0,right,-0.693862915039063,270.693862915039,12,0.0001,57.901237487793,2771.77194144273,-1.36229491233826,0.27450755238533,0.0467842556536198,6.5867402276624,-57097.6619193176,-124749.874673536,-57100.12432974,-124749.904495258,-57102.5867401624,-124749.93431698,0,1,1,1
20130123094532.daq,34,6,890.383333333333,1,0,right,-0.742782592773438,270.742782592773,12,0.0001,57.9035377502441,2780.26431060128,-1.31834995746613,0.274487972259521,0.0183090381324291,6.50182580484971,-57097.5768805315,-124758.357808066,-57100.0392645942,-124758.389732206,-57102.501648657,-124758.421656346,0,1,1,1
20130123094532.daq,34,6,890.483333333333,1,0,right,-0.780227661132813,270.780227661133,12,0.0001,57.9059410095215,2788.75702351993,-0.966789960861206,0.273845225572586,-0.000674748385790735,6.40959526662287,-57097.4847354099,-124766.849044325,-57099.9470980831,-124766.882577724,-57102.4094607564,-124766.916111123,0,1,1,1
20130123094532.daq,34,6,890.583333333333,1,0,right,-0.809158325195313,270.809158325195,12,0.0001,57.9084320068359,2797.25009689014,-0.834954977035522,0.274211347103119,0.00881714466959238,6.3060861639719,-57097.381395259,-124775.340495852,-57099.8437406862,-124775.375272581,-57102.3060861133,-124775.410049309,0,1,1,1
20130123094532.daq,34,6,890.683333333333,1,0,right,-0.833587646484375,270.833587646484,12,0.0001,57.9108505249023,2805.74353127142,-0.878899931907654,0.274322688579559,0.0183090381324291,6.19923837911753,-57097.2744257337,-124783.83206119,-57099.7367561092,-124783.867887791,-57102.1990864847,-124783.903714392,0,1,1,1
20130123094532.daq,34,6,890.783333333333,1,0,right,-0.8583984375,270.8583984375,12,0.0001,57.9131698608398,2814.2373130961,-0.878899931907654,0.274207711219788,-0.0101661784574389,6.08441886257076,-57097.1596205451,-124792.323616159,-57099.6219351757,-124792.360509019,-57102.0842498064,-124792.397401879,0,1,1,1
20130123094532.daq,34,6,890.883333333333,1,0,right,-0.880538940429688,270.88053894043,12,0.0001,57.9154396057129,2822.73143066154,-0.703119933605194,0.274195849895477,0.0467842556536198,5.96567599443867,-57097.0410733534,-124800.807426146,-57099.5033735439,-124800.845270503,-57101.9656737344,-124800.88311486,0,1,1,1
20130123094532.daq,34,6,890.983333333333,1,0,right,-0.8824462890625,270.882446289063,12,0.0001,57.9177436828613,2831.22588219599,0.439449995756149,0.273016899824142,0.0467842556536198,5.84857313272241,-57096.9237687296,-124809.299564948,-57099.3860676589,-124809.337491273,-57101.8483665882,-124809.375417598,0,1,1,1
20130123094532.daq,34,6,891.083333333333,1,0,right,-0.873001098632813,270.873001098633,12,0.0001,57.920051574707,2839.72067413362,0.527339994907379,0.274537295103073,0.0467842556536198,5.72408207025308,-57096.7993487425,-124817.791993567,-57099.2616538905,-124817.829513982,-57101.7239590385,-124817.867034398,0,1,1,1
20130123094532.daq,34,6,891.183333333333,1,0,right,-0.851470947265625,270.851470947266,12,0.0001,57.922306060791,2848.21579272027,0.615229964256287,0.273984462022781,0.00881714466959238,5.6042154173261,-57096.6795772707,-124826.292542836,-57099.141896344,-124826.329137984,-57101.6042154172,-124826.365733131,0,0,1,0
20130123094532.daq,34,6,891.283333333333,1,0,right,-0.819015502929688,270.81901550293,12,0.0001,57.9246292114258,2856.71125352843,1.09862494468689,0.275265127420425,0.0183090381324291,5.48144334627812,-57096.5565709175,-124834.785557388,-57099.0189103253,-124834.820757739,-57101.481249733,-124834.855958089,0,0,1,0
20130123094532.daq,34,6,891.383333333333,1,0,right,-0.777008056640625,270.777008056641,12,0.0001,57.9270095825195,2865.20705912244,1.31834995746613,0.274093389511108,0.0278004687279463,5.36292657105585,-57096.4380582621,-124843.278813674,-57098.9004228158,-124843.312208706,-57101.3627873695,-124843.345603738,0,0,1,0
20130123094532.daq,34,6,891.483333333333,1,0,right,-0.730270385742188,270.730270385742,12,0.0001,57.929443359375,2873.703218221,1.2744048833847,0.274786233901978,-0.000674748385790735,5.24853187844965,-57096.3237434194,-124851.772188086,-57098.7861343951,-124851.803574492,-57101.2485253707,-124851.834960897,0,0,1,0
20130123094532.daq,34,6,891.583333333333,1,0,right,-0.685302734375,270.685302734375,12,0.0001,57.9318313598633,2882.19973175661,1.01073491573334,0.273917078971863,0.0278004687279463,5.14218001066356,-57096.2171331983,-124860.273327835,-57098.6795480487,-124860.302781664,-57101.1419628991,-124860.332235494,0,0,1,0
20130123094532.daq,34,6,891.683333333333,1,0,right,-0.64105224609375,270.641052246094,12,0.0001,57.9342384338379,2890.69659604596,1.05467998981476,0.274082064628601,0.0372923612594604,5.03939789358696,-57096.1143860057,-124868.766634789,-57098.5768228694,-124868.794186845,-57101.0392597331,-124868.821738902,0,0,1,0
20130123094532.daq,34,6,891.783333333333,1,0,right,-0.595382690429688,270.59538269043,12,0.0001,57.9366455078125,2899.19381374661,1.36229491233826,0.273606330156326,0.00881714466959238,4.94445588054599,-57096.0195394964,-124877.267787938,-57098.4819975391,-124877.293377216,-57100.9444555819,-124877.318966495,0,0,1,0
20130123094532.daq,34,6,891.883333333333,1,0,right,-0.540115356445313,270.540115356445,12,0.0001,57.9390144348145,2907.69138280712,1.66990995407104,0.262514561414719,0.0847508981823921,4.8544029499275,-57095.9291909517,-124885.761367933,-57098.3916725321,-124885.784581921,-57100.8541541126,-124885.807795909,0,0,1,0
20130123094532.daq,34,6,891.983333333333,1,0,right,-0.490859985351563,270.490859985352,12,0.0001,57.9409332275391,2916.18927907614,0.791009962558746,0.252403676509857,0.0183090381324291,4.77148030432694,-57095.8462860285,-124894.262606188,-57098.3087866553,-124894.28370325,-57100.7712872822,-124894.304800312,0,0,1,0
20130123094532.daq,34,6,892.083333333333,1,0,right,-0.455047607421875,270.455047607422,12,0.0001,57.9402923583984,2924.68729810666,0.395504981279373,0.253449022769928,0.0372923612594604,4.69539540746093,-57095.7703666088,-124902.763504856,-57098.2328799412,-124902.783062743,-57100.6953932737,-124902.802620629,0,0,1,0
20130123094532.daq,34,6,892.183333333333,1,0,right,-0.427719116210938,270.427719116211,12,0.0001,57.9360504150391,2933.18495430776,0.483394980430603,0.252399861812592,0.0657675787806511,4.6269663201301,-57095.7017375688,-124911.256377204,-57098.1642599497,-124911.274760538,-57100.6267823306,-124911.293143872,0,0,1,0
20130123094532.daq,34,6,892.283333333333,1,0,right,-0.405471801757813,270.405471801758,12,0.0001,57.9290046691895,2941.6817732784,0.439449995756149,0.252433896064758,-0.0481332875788212,4.56596815897479,-57095.6406082648,-124919.756934125,-57098.1031375981,-124919.774361288,-57100.5656669314,-124919.79178845,0,0,1,0
20130123094532.daq,34,6,892.383333333333,1,0,right,-0.383590698242188,270.383590698242,12,0.0001,57.9198379516602,2950.17739549949,0.439449995756149,0.252335250377655,0.0372923612594604,4.50453372651673,-57095.5794566087,-124928.249668859,-57098.0419924178,-124928.266155587,-57100.5045282269,-124928.282642316,0,0,1,0
20130123094532.daq,34,6,892.483333333333,1,0,right,-0.361175537109375,270.361175537109,12,0.0001,57.9092330932617,2958.67156048172,0.439449995756149,0.252350747585297,0.0657675787806511,4.45140037232751,-57095.5261505785,-124936.742416416,-57097.9886926491,-124936.757939754,-57100.4512347197,-124936.773463092,0,0,1,0
20130123094532.daq,34,6,892.583333333333,1,0,right,-0.340087890625,270.340087890625,12,0.0001,57.8976173400879,2967.16409226543,0.439449995756149,0.25321364402771,0.0278004687279463,4.39811536592284,-57095.4727629322,-124945.235130311,-57097.9353105494,-124945.249747312,-57100.3978581665,-124945.264364313,0,0,1,0
20130123094532.daq,34,6,892.683333333333,1,0,right,-0.314956665039063,270.314956665039,12,0.0001,57.8853874206543,2975.65487000072,0.659174978733063,0.25308096408844,0.0278004687279463,4.35254530975372,-57095.4274372872,-124953.727944518,-57097.8899910788,-124953.741481388,-57100.3525448704,-124953.755018259,0,0,1,0
20130123094532.daq,34,6,892.783333333333,1,0,right,-0.286819458007813,270.286819458008,12,0.0001,57.872859954834,2984.14383107131,0.74706494808197,0.229346692562103,0.0372923612594604,4.30772721859252,-57095.3822972886,-124962.213020379,-57097.8448574311,-124962.22534792,-57100.3074175735,-124962.237675461,0,0,1,0
20130123094532.daq,34,6,892.883333333333,1,0,right,-0.260910034179688,270.26091003418,12,0.0001,57.8588523864746,2992.63088502628,0.307614982128143,0.184456348419189,0.0657675787806511,4.26613790870281,-57095.3409264743,-124970.698039996,-57097.8034919395,-124970.709253954,-57100.2660574048,-124970.720467913,0,0,1,0
20130123094532.daq,34,6,892.983333333333,1,0,right,-0.239654541015625,270.239654541016,12,0.0001,57.8367729187012,3001.11540290544,0.26366999745369,0.169665887951851,0.0183090381324291,4.2284000740326,-57095.3031751014,-124979.182943285,-57097.7657445573,-124979.193243684,-57100.2283140133,-124979.203544083,0,0,1,0
20130123094532.daq,34,6,893.083333333333,1,0,right,-0.220352172851563,270.220352172852,12,0.0001,57.7993507385254,3009.59559657804,0.26366999745369,0.171079769730568,0.0372923612594604,4.19857469475641,-57095.2731159214,-124987.667797609,-57097.7356887077,-124987.677268393,-57100.1982614939,-124987.686739177,0,0,1,0
20130123094532.daq,34,6,893.183333333333,1,0,right,-0.201263427734375,270.201263427734,12,0.0001,57.7481117248535,3018.06922901578,0.26366999745369,0.170065000653267,0.0657675787806511,4.1643254193707,-57095.2391374711,-124996.137021234,-57097.701713276,-124996.145671583,-57100.1642890809,-124996.154321932,0,0,1,0
20130123094532.daq,34,6,893.283333333333,1,0,right,-0.184906005859375,270.184906005859,12,0.0001,57.6874160766602,3026.53461815797,0,0.170847356319427,0.0847508981823921,4.13820870993745,-57095.2128031202,-125004.606176778,-57097.6753812943,-125004.614124084,-57100.1379594684,-125004.62207139,0,0,1,0
20130123094532.daq,34,6,893.383333333333,1,0,right,-0.173675537109375,270.173675537109,12,0.0001,57.6189956665039,3034.99052631904,-0.0878899917006493,0.170863389968872,0.0562756843864918,4.11539729296271,-57095.1900587074,-125013.059580044,-57097.652638392,-125013.067044663,-57100.1152180766,-125013.074509282,0,0,1,0
20130123094532.daq,34,6,893.483333333333,1,0,right,-0.154190063476563,270.154190063477,12,0.0001,57.5442504882813,3043.43591363982,0.483394980430603,0.170414194464684,0.0467842556536198,4.09298811649792,-57095.1678238809,-125021.505375029,-57097.6304059617,-125021.512002159,-57100.0929880425,-125021.51862929,0,0,1,0
20130123094532.daq,34,6,893.583333333333,1,0,right,-0.130599975585938,270.130599975586,12,0.0001,57.4653205871582,3051.87000517976,0.395504981279373,0.171083033084869,0.0657675787806511,4.07108307424991,-57095.145842617,-125029.935646102,-57097.6084272176,-125029.941259326,-57100.0710118182,-125029.94687255,0,0,1,0
20130123094532.daq,34,6,893.683333333333,1,0,right,-0.109207153320313,270.10920715332,12,0.0001,57.3840675354004,3060.29233255231,0.0878899991512299,0.170973524451256,0.0467842556536198,4.05682285232164,-57095.1315384216,-125038.3580498,-57097.5941249464,-125038.362743555,-57100.0567114712,-125038.367437311,0,0,1,0
20130123094532.daq,34,6,893.783333333333,1,0,right,-0.0888824462890625,270.088882446289,12,0.0001,57.3015098571777,3068.70263974406,0.131834998726845,0.169530406594276,0.0847508981823921,4.04240638452415,-57095.117168463,-125046.764801644,-57097.5797564979,-125046.768621838,-57100.0423445327,-125046.772442033,0,0,1,0
20130123094532.daq,34,6,893.883333333333,1,0,right,-0.0680999755859375,270.068099975586,12,0.0001,57.2180862426758,3077.10077135661,0.351559996604919,0.171153947710991,0.0372923612594604,4.03195317980432,-57095.1067332051,-125055.16375183,-57097.5693224636,-125055.166678788,-57100.0319117222,-125055.169605747,0,0,1,0
20130123094532.daq,34,6,893.983333333333,1,0,right,-0.0360565185546875,270.036056518555,12,0.0001,57.1341552734375,3085.48662518978,0.966789960861206,0.172205939888954,0.0278004687279463,4.02275456650883,-57095.0969937718,-125063.547353904,-57097.5595842822,-125063.548903624,-57100.0221747926,-125063.550453345,0,0,1,0
20130123094532.daq,34,6,894.083333333333,1,0,right,0.008209228515625,269.991790771484,12,0.0001,57.0501556396484,3093.86015867566,1.14256989955902,0.174099445343018,0.141701340675354,4.02108048406755,-57095.0958225322,-125071.923442822,-57097.5584135049,-125071.923089987,-57100.0210044777,-125071.922737151,0,0,1,0
20130123094532.daq,34,6,894.183333333333,1,0,right,0.058502197265625,269.941497802734,12,0.0001,56.9665260314941,3102.22139330801,1.09862494468689,0.181390896439552,0.0657675787806511,4.02452770153822,-57095.0989309613,-125080.284052442,-57097.5615206756,-125080.281538,-57100.0241103899,-125080.279023557,0,0,1,0
20130123094532.daq,34,6,894.283333333333,1,0,right,0.1025390625,269.8974609375,12,0.0001,56.8840827941895,3110.57043538996,0.527339994907379,0.184591293334961,0.0467842556536198,4.03078582192137,-57095.1055598619,-125088.636693744,-57097.5681469163,-125088.632286584,-57100.0307339707,-125088.627879425,0,0,1,0
20130123094532.daq,34,6,894.383333333333,1,0,right,0.138412475585938,269.861587524414,12,0.0001,56.8040046691895,3118.90754895425,0.219724997878075,0.185470178723335,0.0562756843864918,4.04513993419945,-57095.1194971562,-125096.973508512,-57097.5820809686,-125096.967559506,-57100.0446647809,-125096.961610499,0,0,1,0
20130123094532.daq,34,6,894.483333333333,1,0,right,0.161834716796875,269.838165283203,12,0.0001,56.7264823913574,3127.23310857961,-0.0439449958503246,0.186469778418541,0.0372923612594604,4.06180460715294,-57095.1365709703,-125105.294393044,-57097.5991521449,-125105.287437345,-57100.0617333196,-125105.280481646,0,0,1,0
20130123094532.daq,34,6,894.583333333333,1,0,right,0.176956176757813,269.823043823242,12,0.0001,56.6511077880859,3135.54746082356,-0.175779983401299,0.187735572457314,0.0942427963018417,4.08612608964145,-57095.1609439526,-125113.607262034,-57097.6235232057,-125113.599656413,-57100.0861024588,-125113.592050791,0,0,1,0
20130123094532.daq,34,6,894.683333333333,1,0,right,0.18603515625,269.81396484375,12,0.0001,56.577579498291,3143.85089545542,-0.175779983401299,0.188159689307213,0.0657675787806511,4.11424522102464,-57095.1888494163,-125121.912170958,-57097.6514274334,-125121.904175121,-57100.1140054504,-125121.896179285,0,0,1,0
20130123094532.daq,34,6,894.783333333333,1,0,right,0.190216064453125,269.809783935547,12,0.0001,56.505672454834,3152.14366792909,-0.351559966802597,0.187673166394234,0.0562756843864918,4.14203572767846,-57095.2164518497,-125130.201335395,-57097.6790292767,-125130.193159863,-57100.1416067037,-125130.18498433,0,0,1,0
20130123094532.daq,34,6,894.883333333333,1,0,right,0.182769775390625,269.817230224609,12,0.0001,56.4350624084473,3160.42599434766,-0.878899931907654,0.189064979553223,0.0467842556536198,4.17288295508658,-57095.2472411341,-125138.48240383,-57097.7098196029,-125138.47454834,-57100.1723980716,-125138.466692849,0,0,1,0
20130123094532.daq,34,6,894.983333333333,1,0,right,0.163192749023438,269.836807250977,12,0.0001,56.3654251098633,3168.6980377559,-1.2744048833847,0.189088806509972,0.00881714466959238,4.20290788068665,-57095.2772799803,-125146.755363692,-57097.7398609894,-125146.748349625,-57100.2024419985,-125146.741335558,0,0,1,0
20130123094532.daq,34,6,895.083333333333,1,0,right,0.13043212890625,269.869567871094,12,0.0001,56.2966690063477,3176.9599328977,-1.2744048833847,0.188915252685547,0.0372923612594604,4.23202983360186,-57095.3065035746,-125155.012375977,-57097.7690881917,-125155.006769967,-57100.2316728087,-125155.001163957,0,0,1,0
20130123094532.daq,34,6,895.183333333333,1,0,right,0.101943969726563,269.898056030273,12,0.0001,56.2286796569824,3185.21201024528,-0.74706494808197,0.188947215676308,0.0847508981823921,4.26129468338709,-57095.3359918138,-125163.261679179,-57097.7985789139,-125163.257297597,-57100.2611660139,-125163.252916015,0,0,1,0
20130123094532.daq,34,6,895.283333333333,1,0,right,0.0822296142578125,269.917770385742,12,0.0001,56.1612777709961,3193.4539533603,-0.395504981279373,0.189287766814232,0.0467842556536198,4.28338825398846,-57095.3582103443,-125171.503383969,-57097.8207988062,-125171.499849715,-57100.2833872681,-125171.496315461,0,0,1,0
20130123094532.daq,34,6,895.383333333333,1,0,right,0.06719970703125,269.932800292969,12,0.0001,56.0943298339844,3201.68604455218,-0.527339935302734,0.186556681990623,0.0942427963018417,4.30611409856481,-57095.3807186332,-125179.729578177,-57097.8433079375,-125179.726689913,-57100.3058972417,-125179.723801648,0,0,1,0
20130123094532.daq,34,6,895.483333333333,1,0,right,0.0487518310546875,269.951248168945,12,0.0001,56.0276565551758,3209.9083414018,-1.09862494468689,0.188260331749916,0.0752590075135231,4.32416429605959,-57095.3991094913,-125187.947875798,-57097.8616995978,-125187.945780429,-57100.3242897044,-125187.94368506,0,0,1,0
20130123094532.daq,34,6,895.583333333333,1,0,right,0.0146026611328125,269.985397338867,12,0.0001,55.9609336853027,3218.12085729032,-1.53807497024536,0.188464924693108,0.0278004687279463,4.33754779365943,-57095.4126238773,-125196.157974923,-57097.8752147954,-125196.157347296,-57100.3378057134,-125196.156719669,0,0,1,0
20130123094532.daq,34,6,895.683333333333,1,0,right,-0.0249786376953125,270.024978637695,12,0.0001,55.8943023681641,3226.32359049262,-1.31834995746613,0.188221082091331,0.0467842556536198,4.3475068053033,-57095.4218969026,-125204.360126613,-57097.8844876665,-125204.361200203,-57100.3470784305,-125204.362273793,0,0,1,0
20130123094532.daq,34,6,895.783333333333,1,0,right,-0.064239501953125,270.064239501953,12,0.0001,55.8278656005859,3234.5165658594,-1.14256989955902,0.188251569867134,0.0562756843864918,4.3527126351876,-57095.4272841422,-125212.546659514,-57097.8898735924,-125212.549420548,-57100.3524630426,-125212.552181581,0,0,1,0
20130123094532.daq,34,6,895.883333333333,1,0,right,-0.103103637695313,270.103103637695,12,0.0001,55.761604309082,3242.69981075904,-1.18651497364044,0.188213542103767,0.0657675787806511,4.35396442602149,-57095.4287902922,-125220.73320055,-57097.891377303,-125220.737631976,-57100.3539643139,-125220.742063401,0,0,1,0
20130123094532.daq,34,6,895.983333333333,1,0,right,-0.138473510742188,270.138473510742,12,0.0001,55.6955337524414,3250.87335027538,-1.14256989955902,0.188561201095581,0.0752590075135231,4.35184560608262,-57095.4266065503,-125228.896388892,-57097.8891903563,-125228.902340523,-57100.3517741622,-125228.908292153,0,0,1,0
20130123094532.daq,34,6,896.083333333333,1,0,right,-0.1658935546875,270.165893554688,12,0.0001,55.6297721862793,3259.03722016914,-0.439449965953827,0.187434628605843,0.0372923612594604,4.34240049755621,-57095.4171015037,-125237.059772785,-57097.8796821794,-125237.066902933,-57100.3422628551,-125237.074033082,0,0,1,0
20130123094532.daq,34,6,896.183333333333,1,0,right,-0.168075561523438,270.168075561523,12,0.0001,55.564323425293,3267.19147121405,0.483394980430603,0.188175067305565,-0.000674748385790735,4.33039847033452,-57095.4052480798,-125245.215968749,-57097.8678284822,-125245.22319268,-57100.3304088845,-125245.230416611,0,0,1,0
20130123094532.daq,34,6,896.283333333333,1,0,right,-0.15777587890625,270.157775878906,12,0.0001,55.4989356994629,3275.33612849395,0.395504981279373,0.177876129746437,0.0562756843864918,4.31530382493701,-57095.3902587965,-125253.35684877,-57097.8528404577,-125253.36363002,-57100.3154221189,-125253.370411269,0,0,1,0
20130123094532.daq,34,6,896.383333333333,1,0,right,-0.142990112304688,270.142990112305,12,0.0001,55.4333648681641,3283.47119163584,-0.0439449958503246,0.160643771290779,0.0467842556536198,4.29712232918131,-57095.3716402334,-125261.490027169,-57097.8342235626,-125261.496172923,-57100.2968068917,-125261.502318678,0,0,1,0
20130123094532.daq,34,6,896.483333333333,1,0,right,-0.14068603515625,270.140686035156,12,0.0001,55.3653678894043,3291.59650034576,-0.615229964256287,0.159208744764328,0.0942427963018417,4.281447347311,-57095.3561574666,-125269.615084166,-57097.8187410409,-125269.62113089,-57100.2813246152,-125269.627177615,0,0,1,0
20130123094532.daq,34,6,896.583333333333,1,0,right,-0.147232055664063,270.147232055664,12,0.0001,55.2922401428223,3299.71147615748,-0.659174978733063,0.158669874072075,0.0562756843864918,4.26529411534978,-57095.3401283796,-125277.724297219,-57097.802711247,-125277.730625293,-57100.2652941145,-125277.736953367,0,0,1,0
20130123094532.daq,34,6,896.683333333333,1,0,right,-0.159378051757813,270.159378051758,12,0.0001,55.2137603759766,3307.81532608689,-0.615229964256287,0.158398985862732,0.0942427963018417,4.2490389798601,-57095.3237536542,-125285.833371608,-57097.7863351249,-125285.840221719,-57100.2489165955,-125285.84707183,0,0,1,0
20130123094532.daq,34,6,896.783333333333,1,0,right,-0.165924072265625,270.165924072266,12,0.0001,55.1311073303223,3315.90734158626,-0.175779983401299,0.16192901134491,0.0183090381324291,4.2329143128108,-57095.3077246201,-125293.919147029,-57097.7703052921,-125293.926278489,-57100.232885964,-125293.933409949,0,0,1,0
20130123094532.daq,34,6,896.883333333333,1,0,right,-0.153778076171875,270.153778076172,12,0.0001,55.0459594726563,3323.98702983796,0.615229964256287,0.162986502051353,0.0467842556536198,4.21431917009126,-57095.2889430612,-125301.997572726,-57097.7515251895,-125302.004182149,-57100.2141073179,-125302.010791572,0,0,1,0
20130123094532.daq,34,6,896.983333333333,1,0,right,-0.13153076171875,270.131530761719,12,0.0001,54.9599876403809,3332.05415361816,0.615229964256287,0.163605764508247,0.0467842556536198,4.20001671287054,-57095.2746914042,-125310.068435587,-57097.7372759133,-125310.074088817,-57100.1998604224,-125310.079742046,0,0,1,0
20130123094532.daq,34,6,897.083333333333,1,0,right,-0.0998687744140625,270.099868774414,12,0.0001,54.8740539550781,3340.10866574317,0.659174978733063,0.163744568824768,0.0657675787806511,4.18664185420637,-57095.2610212901,-125318.116092932,-57097.7236085472,-125318.120385322,-57100.1861958043,-125318.124677712,0,0,1,0
20130123094532.daq,34,6,897.183333333333,1,0,right,-0.064971923828125,270.064971923828,12,0.0001,54.7884178161621,3348.1507684687,0.659174978733063,0.164497792720795,0.0562756843864918,4.17666146128082,-57095.2514576546,-125326.163828956,-57097.7140470693,-125326.16662147,-57100.176636484,-125326.169413984,0,0,1,0
20130123094532.daq,34,6,897.283333333333,1,0,right,-0.030029296875,270.030029296875,12,0.0001,54.7032127380371,3356.18016717655,0.527339994907379,0.164887472987175,0.0942427963018417,4.16738685113803,-57095.2418973712,-125334.188127295,-57097.704488031,-125334.189417964,-57100.1670786907,-125334.190708633,0,0,1,0
20130123094532.daq,34,6,897.383333333333,1,0,right,-0.003509521484375,270.003509521484,12,0.0001,54.6185302734375,3364.19710617743,0.0878899991512299,0.18054424226284,0.0183090381324291,4.16483497459456,-57095.2396296438,-125342.204404751,-57097.7022206372,-125342.204555592,-57100.1648116306,-125342.204706432,0,0,1,0
20130123094532.daq,34,6,897.483333333333,1,0,right,0.0170135498046875,269.982986450195,12,0.0001,54.535327911377,3372.20170562187,0.0439449995756149,0.20329362154007,0.0467842556536198,4.16221382619202,-57095.2369916177,-125350.212721652,-57097.6995825071,-125350.211990405,-57100.1621733965,-125350.211259157,0,0,1,0
20130123094532.daq,34,6,897.583333333333,1,0,right,0.0335540771484375,269.966445922852,12,0.0001,54.4576110839844,3380.1944450862,0.0439449995756149,0.212713226675987,0.0372923612594604,4.16732450206184,-57095.2419201215,-125358.205315343,-57097.7045106972,-125358.203873178,-57100.1671012729,-125358.202431013,0,0,1,0
20130123094532.daq,34,6,897.683333333333,1,0,right,0.046478271484375,269.953521728516,12,0.0001,54.388484954834,3388.1764100747,0,0.213246583938599,0.0562756843864918,4.17611482699273,-57095.2505314568,-125366.18219502,-57097.7131216445,-125366.18019737,-57100.1757118323,-125366.178199719,0,0,1,0
20130123094532.daq,34,6,897.783333333333,1,0,right,0.056793212890625,269.943206787109,12,0.0001,54.3268013000488,3396.14880381765,-0.175779983401299,0.209773227572441,0.0942427963018417,4.18418867156454,-57095.2589815673,-125374.151198034,-57097.7215713555,-125374.148757044,-57100.1841611437,-125374.146316054,0,0,1,0
20130123094532.daq,34,6,897.883333333333,1,0,right,0.0633697509765625,269.936630249023,12,0.0001,54.2711982727051,3404.11261022521,-0.219724982976913,0.212026417255402,0.0183090381324291,4.19628048939859,-57095.2711068649,-125382.112296789,-57097.7336963567,-125382.109573137,-57100.1962858485,-125382.106849486,0,0,1,0
20130123094532.daq,34,6,897.983333333333,1,0,right,0.0645599365234375,269.935440063477,12,0.0001,54.2204399108887,3412.06863048736,-0.263669967651367,0.212225571274757,0.0752590075135231,4.20832942359244,-57095.2828991917,-125390.073263467,-57097.7454886264,-125390.070488661,-57100.2080780611,-125390.067713855,0,0,1,0
20130123094532.daq,34,6,898.083333333333,1,0,right,0.0673370361328125,269.932662963867,12,0.0001,54.1735191345215,3420.0174993457,-0.131834983825684,0.211588695645332,0.0752590075135231,4.22006411482793,-57095.294789623,-125398.018644043,-57097.7573789204,-125398.015749877,-57100.2199682177,-125398.01285571,0,0,1,0
20130123094532.daq,34,6,898.183333333333,1,0,right,0.076263427734375,269.923736572266,12,0.0001,54.1292762756348,3427.95978776002,0.26366999745369,0.211633458733559,0.0657675787806511,4.23631016518609,-57095.3109664784,-125405.956362803,-57097.7735552949,-125405.953084978,-57100.2361441115,-125405.949807152,0,0,1,0
20130123094532.daq,34,6,898.283333333333,1,0,right,0.088531494140625,269.911468505859,12,0.0001,54.0866737365723,3435.89562711727,0.26366999745369,0.207498177886009,0.0467842556536198,4.25268445212608,-57095.3273499814,-125413.894163318,-57097.7899380396,-125413.890358207,-57100.2525260979,-125413.886553097,0,0,1,0
20130123094532.daq,34,6,898.383333333333,1,0,right,0.105010986328125,269.894989013672,12,0.0001,54.0450210571289,3443.82529720915,0.26366999745369,0.204975143074989,0.0467842556536198,4.26918555005998,-57095.3439939672,-125421.824254238,-57097.8065808292,-125421.819740835,-57100.2691676911,-125421.815227431,0,0,1,0
20130123094532.daq,34,6,898.483333333333,1,0,right,0.120498657226563,269.879501342773,12,0.0001,54.0029716491699,3451.74884685118,0.131834998726845,0.205971658229828,0.0657675787806511,4.2860835549226,-57095.3605767309,-125429.746508111,-57097.8231622829,-125429.741329044,-57100.2857478348,-125429.736149977,0,0,1,0
20130123094532.daq,34,6,898.583333333333,1,0,right,0.127182006835938,269.872817993164,12,0.0001,53.9599304199219,3459.66615379479,-0.483394980430603,0.205306902527809,0.0467842556536198,4.30591250436727,-57095.3805213135,-125437.660734026,-57097.8431062446,-125437.655267707,-57100.3056911757,-125437.649801388,0,0,1,0
20130123094532.daq,34,6,898.683333333333,1,0,right,0.1231689453125,269.876831054688,12,0.0001,53.9162635803223,3467.57709849552,-0.57128494977951,0.205167010426521,0.0847508981823921,4.32508868944444,-57095.3998043729,-125445.574698408,-57097.8623896808,-125445.569404572,-57100.3249749887,-125445.564110735,0,0,1,0
20130123094532.daq,34,6,898.783333333333,1,0,right,0.118331909179688,269.88166809082,12,0.0001,53.8721542358398,3475.48160523573,-0.307614982128143,0.205766305327415,0.0183090381324291,4.34812603277117,-57095.4229427322,-125453.473017622,-57097.8855284782,-125453.467931682,-57100.3481142243,-125453.462845742,0,0,1,0
20130123094532.daq,34,6,898.883333333333,1,0,right,0.1201171875,269.8798828125,12,0.0001,53.8277397155762,3483.37961760014,0.0439449995756149,0.205651640892029,0.0562756843864918,4.37175690567979,-57095.4464906394,-125461.371498783,-57097.9090762258,-125461.366336111,-57100.3716618122,-125461.36117344,0,0,1,0
20130123094532.daq,34,6,898.983333333333,1,0,right,0.12408447265625,269.875915527344,12,0.0001,53.7832260131836,3491.27110705477,-0.0439449958503246,0.204791381955147,0.0657675787806511,4.39161613603489,-57095.4662672438,-125469.262220794,-57097.9288524668,-125469.256887608,-57100.3914376898,-125469.251554421,0,0,1,0
20130123094532.daq,34,6,899.083333333333,1,0,right,0.128250122070313,269.87174987793,12,0.0001,53.7386360168457,3499.1560631558,-0.395504981279373,0.205013558268547,0.0847508981823921,4.4153367599949,-57095.489962373,-125477.145135138,-57097.9525472018,-125477.139622911,-57100.4151320305,-125477.134110684,0,0,1,0
20130123094532.daq,34,6,899.183333333333,1,0,right,0.124267578125,269.875732421875,12,0.0001,53.6939697265625,3507.03456367236,-0.57128494977951,0.205587491393089,0.0657675787806511,4.4384878288712,-57095.513153568,-125485.020037771,-57097.9757387739,-125485.014696715,-57100.4383239799,-125485.009355659,0,0,1,0
20130123094532.daq,34,6,899.283333333333,1,0,right,0.1124267578125,269.887573242188,12,0.0001,53.6493110656738,3514.90642173473,-0.791009962558746,0.205340087413788,0.0562756843864918,4.45725657103629,-57095.5319525487,-125492.894748182,-57097.9945388058,-125492.889916047,-57100.457125063,-125492.885083912,0,0,1,0
20130123094532.daq,34,6,899.383333333333,1,0,right,0.0917205810546875,269.908279418945,12,0.0001,53.604736328125,3522.77173525368,-1.05467987060547,0.205320194363594,0.0752590075135231,4.47931134622588,-57095.554109665,-125500.75361641,-57098.0166975076,-125500.749674232,-57100.4792853502,-125500.745732053,0,0,1,0
20130123094532.daq,34,6,899.483333333333,1,0,right,0.0669708251953125,269.933029174805,12,0.0001,53.5602340698242,3530.63051639811,-1.09862494468689,0.204978764057159,0.0372923612594604,4.49729070354311,-57095.5721107336,-125508.612385067,-57098.0347000493,-125508.60950664,-57100.4972893651,-125508.606628213,0,0,1,0
20130123094532.daq,34,6,899.583333333333,1,0,right,0.0377197265625,269.962280273438,12,0.0001,53.5157585144043,3538.48277393341,-1.14256989955902,0.205269709229469,0.0847508981823921,4.51478210584119,-57095.5898338395,-125516.463230093,-57098.0524243039,-125516.461608887,-57100.5150147682,-125516.459987682,0,0,1,0
20130123094532.daq,34,6,899.683333333333,1,0,right,0.0062713623046875,269.993728637695,12,0.0001,53.4712677001953,3546.32850613446,-1.14256989955902,0.204584285616875,0.103734225034714,4.52878180824419,-57095.6035152813,-125524.306207695,-57098.0661062646,-125524.30593815,-57100.5286972478,-125524.305668605,0,0,1,0
20130123094532.daq,34,6,899.783333333333,1,0,right,-0.0216064453125,270.021606445313,12,0.0001,53.4268074035645,3554.16771561222,-0.92284494638443,0.205464348196983,0.0372923612594604,4.53518770370653,-57095.6096052438,-125532.141459602,-57098.0721960667,-125532.142388253,-57100.5347868896,-125532.143316905,0,0,1,0
20130123094532.daq,34,6,899.883333333333,1,0,right,-0.0450592041015625,270.045059204102,12,0.0001,53.3823623657227,3562.00040525739,-0.703119933605194,0.206085279583931,0.0657675787806511,4.54121488866826,-57095.6159688835,-125539.969007183,-57098.0785591199,-125539.970943842,-57100.5411493564,-125539.972880501,0,0,1,0
20130123094532.daq,34,6,899.983333333333,1,0,right,-0.0635833740234375,270.063583374023,12,0.0001,53.3380317687988,3569.82658346229,-0.615229964256287,0.205224260687828,0.141701340675354,4.54426194235698,-57095.6187309177,-125547.79667569,-57098.0813203994,-125547.799408523,-57100.543909881,-125547.802141356,0,0,1,0
20130123094532.daq,34,6,900.083333333333,1,0,right,-0.074798583984375,270.074798583984,12,0.0001,53.293888092041,3577.64627367893,-0.439449965953827,0.205087229609489,0.0657675787806511,4.54322676846881,-57095.6180382394,-125555.608899132,-57098.080627139,-125555.612113998,-57100.5432160385,-125555.615328864,0,0,1,0
20130123094532.daq,34,6,900.183333333333,1,0,right,-0.0920562744140625,270.092056274414,12,0.0001,53.2498359680176,3585.45954225353,-0.966789960861206,0.204880341887474,0.0657675787806511,4.54248575533318,-57095.6169724688,-125563.420973307,-57098.0795602883,-125563.424929914,-57100.5421481078,-125563.42888652,0,0,1,0
20130123094532.daq,34,6,900.283333333333,1,0,right,-0.12554931640625,270.125549316406,12,0.0001,53.2057914733887,3593.26630610174,-1.71385490894318,0.204946652054787,0.0562756843864918,4.53229589891993,-57095.6070919296,-125571.224833467,-57098.0696770155,-125571.230229613,-57100.5322621013,-125571.235625758,0,0,1,0
20130123094532.daq,34,6,900.383333333333,1,0,right,-0.168182373046875,270.168182373047,12,0.0001,53.1617965698242,3601.06661180116,-1.49412989616394,0.205143645405769,0.0278004687279463,4.5219339608726,-57095.5966477374,-125579.020653603,-57098.0592281263,-125579.027882125,-57100.5218085152,-125579.035110647,0,0,1,0
20130123094532.daq,34,6,900.483333333333,1,0,right,-0.203125,270.203125,12,0.0001,53.1179580688477,3608.86047594999,-0.74706494808197,0.205285176634789,0.0657675787806511,4.50816794155996,-57095.5827726028,-125586.816662563,-57098.0453481253,-125586.825392922,-57100.5079236479,-125586.834123282,0,0,1,0
20130123094532.daq,34,6,900.583333333333,1,0,right,-0.228546142578125,270.228546142578,12,0.0001,53.0743141174316,3616.64792419153,-0.439449965953827,0.205845311284065,0.0467842556536198,4.49073914835699,-57095.5655791415,-125594.597281682,-57098.0281505482,-125594.607104643,-57100.4907219548,-125594.616927604,0,0,1,0
20130123094532.daq,34,6,900.683333333333,1,0,right,-0.237960815429688,270.23796081543,12,0.0001,53.0308837890625,3624.42898687814,-0.131834983825684,0.205497562885284,0.0372923612594604,4.47065639415195,-57095.5454670859,-125602.378297861,-57098.0080368452,-125602.388525463,-57100.4706066045,-125602.398753066,0,0,1,0
20130123094532.daq,34,6,900.783333333333,1,0,right,-0.2384033203125,270.238403320313,12,0.0001,52.9876556396484,3632.20369576087,0.0439449995756149,0.205451965332031,0.0278004687279463,4.4473822909426,-57095.522002288,-125610.151724368,-57097.9845719683,-125610.16197099,-57100.4471416486,-125610.172217612,0,0,1,0
20130123094532.daq,34,6,900.883333333333,1,0,right,-0.23541259765625,270.235412597656,12,0.0001,52.9445533752441,3639.97207415182,0,0.205524489283562,0.0372923612594604,4.42043824246652,-57095.4948430356,-125617.917423657,-57097.9574132473,-125617.927541738,-57100.4199834591,-125617.937659818,0,0,1,0
20130123094532.daq,34,6,900.983333333333,1,0,right,-0.231307983398438,270.231307983398,12,0.0001,52.901611328125,3647.73414149324,0,0.204955592751503,0.0657675787806511,4.39328597246254,-57095.4677525053,-125625.6753381,-57097.9303234356,-125625.685279764,-57100.3928943659,-125625.695221428,0,0,1,0
20130123094532.daq,34,6,901.083333333333,1,0,right,-0.228530883789063,270.228530883789,12,0.0001,52.8588371276855,3655.48992398798,-0.0439449958503246,0.205348983407021,0.0372923612594604,4.36600141557448,-57095.4405800829,-125633.433219561,-57097.9031514922,-125633.443041866,-57100.3657229014,-125633.452864171,0,0,1,0
20130123094532.daq,34,6,901.183333333333,1,0,right,-0.230850219726563,270.230850219727,12,0.0001,52.8161544799805,3663.23948364617,-0.307614982128143,0.205010071396828,0.0372923612594604,4.34240101009676,-57095.4169994959,-125641.183161967,-57097.8795705056,-125641.193083957,-57100.3421415152,-125641.203005947,0,0,1,0
20130123094532.daq,34,6,901.283333333333,1,0,right,-0.239028930664063,270.239028930664,12,0.0001,52.7735710144043,3670.98274642861,-0.439449965953827,0.205367043614388,0.0278004687279463,4.31461689831332,-57095.3891511946,-125648.925146327,-57097.8517207629,-125648.935419837,-57100.3142903311,-125648.945693348,0,0,1,0
20130123094532.daq,34,6,901.383333333333,1,0,right,-0.248153686523438,270.248153686523,12,0.0001,52.7311210632324,3678.71977308662,-0.175779983401299,0.20535035431385,0.0278004687279463,4.28687130428624,-57095.3612445653,-125656.659294604,-57097.8238124662,-125656.669960296,-57100.2863803671,-125656.680625987,0,0,1,0
20130123094532.daq,34,6,901.483333333333,1,0,right,-0.235702514648438,270.235702514648,12,0.0001,52.6888618469238,3686.45058697892,1.36229491233826,0.205652236938477,0.0467842556536198,4.26002001525584,-57095.3346689004,-125664.386166456,-57097.797239061,-125664.396296997,-57100.2598092215,-125664.406427539,0,0,1,0
20130123094532.daq,34,6,901.583333333333,1,0,right,-0.182571411132813,270.182571411133,12,0.0001,52.6468544006348,3694.17522083567,2.76853489875793,0.20527420938015,0.0183090381324291,4.23579614430292,-57095.310603445,-125672.114047135,-57097.7731819409,-125672.1218941,-57100.2357604368,-125672.129741065,0,0,1,0
20130123094532.daq,34,6,901.683333333333,1,0,right,-0.119873046875,270.119873046875,12,0.0001,52.6050186157227,3701.89370762015,1.66990995407104,0.20558100938797,0.0657675787806511,4.21623768504966,-57095.2910361288,-125679.834348767,-57097.7536217371,-125679.839500945,-57100.2162073455,-125679.844653123,0,0,1,0
20130123094532.daq,34,6,901.783333333333,1,0,right,-0.0787506103515625,270.078750610352,12,0.0001,52.5633087158203,3709.60606691456,0.131834998726845,0.204982295632362,0.0562756843864918,4.19959324850758,-57095.2740441657,-125687.546301646,-57097.7366328376,-125687.549686372,-57100.1992215095,-125687.553071097,0,0,1,0
20130123094532.daq,34,6,901.883333333333,1,0,right,-0.05908203125,270.05908203125,12,0.0001,52.5217132568359,3717.31231816115,0.0878899991512299,0.20515501499176,0.0942427963018417,4.18882045107717,-57095.2635401967,-125695.249911651,-57097.7261298854,-125695.252451015,-57100.1887195742,-125695.254990379,0,0,1,0
20130123094532.daq,34,6,901.983333333333,1,0,right,-0.0468292236328125,270.046829223633,12,0.0001,52.4802131652832,3725.01247567357,0.483394980430603,0.204842701554298,0.0372923612594604,4.17817721949928,-57095.2525782951,-125702.95333858,-57097.7151684706,-125702.955351315,-57100.177758646,-125702.95736405,0,0,1,0
20130123094532.daq,34,6,902.083333333333,1,0,right,-0.0337982177734375,270.033798217773,12,0.0001,52.4388236999512,3732.70655483781,0.615229964256287,0.205329477787018,0.0657675787806511,4.17482477565919,-57095.2494770332,-125710.641159508,-57097.7120676027,-125710.642612166,-57100.1746581723,-125710.644064824,0,0,1,0
20130123094532.daq,34,6,902.183333333333,1,0,right,-0.017608642578125,270.017608642578,12,0.0001,52.3974990844727,3740.39456814911,0.615229964256287,0.205515444278717,0.0278004687279463,4.17566853228029,-57095.2504772429,-125718.32905797,-57097.7130681246,-125718.329814795,-57100.1756590063,-125718.33057162,0,0,1,0
20130123094532.daq,34,6,902.283333333333,1,0,right,0.00054931640625,269.999450683594,12,0.0001,52.3562698364258,3748.07652707704,0.615229964256287,0.205222800374031,0.0562756843864918,4.1770255620282,-57095.2515991955,-125726.009192043,-57097.7141901934,-125726.009168433,-57100.1767811913,-125726.009144823,0,0,1,0
20130123094532.daq,34,6,902.383333333333,1,0,right,0.018280029296875,269.981719970703,12,0.0001,52.3151626586914,3755.75244826645,0.615229964256287,0.205244913697243,0.0562756843864918,4.17791129436145,-57095.2526948857,-125733.689315264,-57097.7152857584,-125733.688529583,-57100.177876631,-125733.687743901,0,0,1,0
20130123094532.daq,34,6,902.483333333333,1,0,right,0.0354766845703125,269.96452331543,12,0.0001,52.2741928100586,3763.42234990076,0.615229964256287,0.206043347716331,0.0562756843864918,4.18685179534413,-57095.261570202,-125741.353800038,-57097.7241607279,-125741.352275238,-57100.1867512538,-125741.350750439,0,0,1,0
20130123094532.daq,34,6,902.583333333333,1,0,right,0.0516815185546875,269.948318481445,12,0.0001,52.2334022521973,3771.0862548724,0.615229964256287,0.205868259072304,0.0657675787806511,4.19203504048054,-57095.266478086,-125749.018260164,-57097.7290680822,-125749.016038876,-57100.1916580783,-125749.013817589,0,0,1,0
20130123094532.daq,34,6,902.683333333333,1,0,right,0.0683441162109375,269.931655883789,12,0.0001,52.1929092407227,3778.74419819621,0.615229964256287,0.20637358725071,0.0467842556536198,4.20444374640481,-57095.2792268819,-125756.674918728,-57097.741816128,-125756.671981277,-57100.2044053741,-125756.669043826,0,0,1,0
20130123094532.daq,34,6,902.783333333333,1,0,right,0.09405517578125,269.905944824219,12,0.0001,52.1527137756348,3786.39622481787,1.36229491233826,0.206117764115334,0.0562756843864918,4.21775679528198,-57095.2925352674,-125764.331798571,-57097.7551229474,-125764.327756051,-57100.2177106273,-125764.323713531,0,0,1,0
20130123094532.daq,34,6,902.883333333333,1,0,right,0.133834838867188,269.866165161133,12,0.0001,52.1128082275391,3794.04237772486,1.7577999830246,0.206325426697731,0.0372923612594604,4.23208062008025,-57095.3067140277,-125771.973396646,-57097.7692983075,-125771.967644387,-57100.2318825872,-125771.961892127,0,0,1,0
20130123094532.daq,34,6,902.983333333333,1,0,right,0.170074462890625,269.829925537109,12,0.0001,52.0731201171875,3801.68269379692,0.659174978733063,0.20613656938076,0.0752590075135231,4.25410438686249,-57095.3284869564,-125779.614906638,-57097.7910671053,-125779.607596794,-57100.2536472541,-125779.60028695,0,0,1,0
20130123094532.daq,34,6,903.083333333333,1,0,right,0.177536010742188,269.822463989258,12,0.0001,52.0336303710938,3809.31720394591,-0.615229964256287,0.205840066075325,0.0562756843864918,4.27397407792834,-57095.3484798257,-125787.247901178,-57097.8110590017,-125787.240270635,-57100.2736381778,-125787.232640093,0,0,1,0
20130123094532.daq,34,6,903.183333333333,1,0,right,0.156585693359375,269.843414306641,12,0.0001,51.9942970275879,3816.94593470095,-1.09862494468689,0.205798044800758,0.0752590075135231,4.29991897191111,-57095.3745275146,-125794.872389901,-57097.8371093161,-125794.865659806,-57100.2996911177,-125794.858929711,0,0,1,0
20130123094532.daq,34,6,903.283333333333,1,0,right,0.117630004882813,269.882369995117,12,0.0001,51.9550704956055,3824.56890494485,-1.36229491233826,0.206445634365082,0.0847508981823921,4.32476584770836,-57095.3994618246,-125802.496437955,-57097.8620476328,-125802.491382184,-57100.3246334409,-125802.486326412,0,0,1,0
20130123094532.daq,34,6,903.383333333333,1,0,right,0.0662384033203125,269.93376159668,12,0.0001,51.9159736633301,3832.18613034333,-1.53807497024536,0.205948606133461,0.0942427963018417,4.34500722666034,-57095.4197217047,-125810.112367113,-57097.8823110571,-125810.109520166,-57100.3449004095,-125810.106673219,0,0,1,0
20130123094532.daq,34,6,903.483333333333,1,0,right,0.0064544677734375,269.993545532227,12,0.0001,51.877025604248,3839.79763239015,-1.66990995407104,0.206145346164703,0.0467842556536198,4.3613203961819,-57095.4355578463,-125817.720274696,-57097.8981488287,-125817.719997281,-57100.360739811,-125817.719719866,0,0,1,0
20130123094532.daq,34,6,903.583333333333,1,0,right,-0.0563812255859375,270.056381225586,12,0.0001,51.8381958007813,3847.40343150669,-1.66990995407104,0.206221878528595,0.0278004687279463,4.37313260855296,-57095.4473007683,-125825.320290717,-57097.909890574,-125825.322714,-57100.3724803797,-125825.325137283,0,0,1,0
20130123094532.daq,34,6,903.683333333333,1,0,right,-0.120803833007813,270.120803833008,12,0.0001,51.7994689941406,3855.0035429857,-1.66990995407104,0.205564558506012,0.0278004687279463,4.37679194851911,-57095.4511349117,-125832.912450763,-57097.913720436,-125832.917642947,-57100.3763059604,-125832.92283513,0,0,1,0
20130123094532.daq,34,6,903.783333333333,1,0,right,-0.186508178710938,270.186508178711,12,0.0001,51.7608032226563,3862.59797946232,-1.58201992511749,0.205547392368317,0.0467842556536198,4.37248673383842,-57095.4470792467,-125840.504574569,-57097.9096571976,-125840.512590736,-57100.3722351486,-125840.520606903,0,0,1,0
20130123094532.daq,34,6,903.883333333333,1,0,right,-0.246902465820313,270.24690246582,12,0.0001,51.7221641540527,3870.18674704432,-1.40623986721039,0.205913856625557,0.0657675787806511,4.3607206429676,-57095.4355404973,-125848.089013198,-57097.8981086305,-125848.099625113,-57100.3606767637,-125848.110237027,0,0,1,0
20130123094532.daq,34,6,903.983333333333,1,0,right,-0.309600830078125,270.309600830078,12,0.0001,51.6836318969727,3877.76985454368,-1.62596487998962,0.189139544963837,0.0657675787806511,4.33728014304508,-57095.4121425131,-125855.66557799,-57097.8746975593,-125855.678884669,-57100.3372526056,-125855.692191347,0,0,1,0
20130123094532.daq,34,6,904.083333333333,1,0,right,-0.372787475585938,270.372787475586,12,0.0001,51.6445198059082,3885.34729170308,-1.62596487998962,0.18295256793499,0.0847508981823921,4.30627690306113,-57095.3809036453,-125863.242126352,-57097.8434425192,-125863.258148764,-57100.3059813932,-125863.274171177,0,0,1,0
20130123094532.daq,34,6,904.183333333333,1,0,right,-0.431808471679688,270.43180847168,12,0.0001,51.6019287109375,3892.91876926607,-1.18651497364044,0.183637067675591,0.0562756843864918,4.27122642349434,-57095.34601689,-125870.810962276,-57097.8085379526,-125870.829521367,-57100.2710590151,-125870.848080458,0,0,1,0
20130123094532.daq,34,6,904.283333333333,1,0,right,-0.470001220703125,270.470001220703,12,0.0001,51.5551147460938,3900.48367976616,-0.0878899917006493,0.182940170168877,0.0467842556536198,4.22573617956515,-57095.3006955909,-125878.372504781,-57097.7632037351,-125878.392705358,-57100.2257118792,-125878.412905935,0,0,1,0
20130123094532.daq,34,6,904.383333333333,1,0,right,-0.483749389648438,270.483749389648,12,0.0001,51.505256652832,3908.04148893685,0.834954977035522,0.193499609827995,0.0847508981823921,4.17444370524939,-57095.2490676547,-125885.92684723,-57097.7115708808,-125885.947638687,-57100.174074107,-125885.968430144,0,0,1,0
20130123094532.daq,34,6,904.483333333333,1,0,right,-0.4720458984375,270.472045898438,12,0.0001,51.4533920288086,3915.59181818975,1.23045992851257,0.236086890101433,0.0467842556536198,4.12014402183623,-57095.1951009134,-125893.474015977,-57097.6576083351,-125893.494304431,-57100.1201157568,-125893.514592886,0,0,1,0
20130123094532.daq,34,6,904.583333333333,1,0,right,-0.4459228515625,270.445922851563,12,0.0001,51.4040641784668,3923.13463334935,1.2744048833847,0.253893077373505,0.0657675787806511,4.06339134048704,-57095.1381161658,-125901.02154611,-57097.6006325817,-125901.040711824,-57100.0631489977,-125901.059877538,0,0,1,0
20130123094532.daq,34,6,904.683333333333,1,0,right,-0.412796020507813,270.412796020508,12,0.0001,51.3658180236816,3930.67094121825,1.2744048833847,0.253194749355316,0.0562756843864918,4.01075806422983,-57095.085469483,-125908.553625835,-57097.5479965684,-125908.571367787,-57100.0105236539,-125908.589109739,0,0,1,0
20130123094532.daq,34,6,904.783333333333,1,0,right,-0.37939453125,270.37939453125,12,0.0001,51.3408088684082,3938.20264037984,1.2744048833847,0.252774506807327,0.0657675787806511,3.95791423150255,-57095.0328402062,-125916.085711244,-57097.4953772161,-125916.102017624,-57099.9579142261,-125916.118324003,0,0,1,0
20130123094532.daq,34,6,904.883333333333,1,0,right,-0.34539794921875,270.345397949219,12,0.0001,51.3253746032715,3945.7314171376,1.2744048833847,0.253310173749924,0.0372923612594604,3.90941192949879,-57094.9841543492,-125923.609997805,-57097.4467006011,-125923.62484303,-57099.909246853,-125923.639688255,0,0,1,0
20130123094532.daq,34,6,904.983333333333,1,0,right,-0.312744140625,270.312744140625,12,0.0001,51.3165855407715,3953.25844614121,1.2744048833847,0.25382462143898,0.0183090381324291,3.86474808808741,-57094.9392924538,-125931.14206216,-57097.4018467663,-125931.155503937,-57099.8644010788,-125931.168945713,0,0,1,0
20130123094532.daq,34,6,905.083333333333,1,0,right,-0.280975341796875,270.280975341797,12,0.0001,51.3123588562012,3960.78454219491,1.18651497364044,0.25413703918457,0.0467842556536198,3.82734489438469,-57094.9021889427,-125938.666290842,-57097.3647503297,-125938.678367204,-57099.8273117168,-125938.690443566,0,0,1,0
20130123094532.daq,34,6,905.183333333333,1,0,right,-0.25714111328125,270.257141113281,12,0.0001,51.311206817627,3968.31025732902,0.74706494808197,0.254569888114929,0.0657675787806511,3.79368993798723,-57094.8685026927,-125946.190321205,-57097.3310688903,-125946.201373176,-57099.7936350878,-125946.212425146,0,0,1,0
20130123094532.daq,34,6,905.283333333333,1,0,right,-0.239837646484375,270.239837646484,12,0.0001,51.3121452331543,3975.83596574925,0.615229964256287,0.253490924835205,0.0278004687279463,3.75998677621756,-57094.8344138059,-125953.714188736,-57097.2969832289,-125953.724497005,-57099.7595526518,-125953.734805274,0,0,1,0
20130123094532.daq,34,6,905.383333333333,1,0,right,-0.22662353515625,270.226623535156,12,0.0001,51.3145561218262,3983.36192771179,0.615229964256287,0.253397732973099,0.0942427963018417,3.73321414520375,-57094.8078852549,-125961.23795442,-57097.2704569898,-125961.247694747,-57099.7330287246,-125961.257435074,0,0,1,0
20130123094532.daq,34,6,905.483333333333,1,0,right,-0.214691162109375,270.214691162109,12,0.0001,51.3178596496582,3990.88831367468,0.615229964256287,0.252992182970047,0.0372923612594604,3.70643304797898,-57094.7812776964,-125968.76950061,-57097.2438514064,-125968.778728083,-57099.7064251164,-125968.787955557,0,0,1,0
20130123094532.daq,34,6,905.583333333333,1,0,right,-0.202987670898438,270.202987670898,12,0.0001,51.3217277526855,3998.41522816929,0.659174978733063,0.254000335931778,-0.000674748385790735,3.68007918730231,-57094.7546560766,-125976.293228469,-57097.2172316201,-125976.301952926,-57099.6798071635,-125976.310677383,0,0,1,0
20130123094532.daq,34,6,905.683333333333,1,0,right,-0.192550659179688,270.19255065918,12,0.0001,51.326000213623,4005.94274159817,0.615229964256287,0.254104793071747,0.0562756843864918,3.65735082366612,-57094.7318626123,-125983.816924783,-57097.1944397042,-125983.825200656,-57099.6570167961,-125983.83347653,0,0,1,0
20130123094532.daq,34,6,905.783333333333,1,0,right,-0.179855346679688,270.17985534668,12,0.0001,51.3305473327637,4013.47090235723,0.615229964256287,0.253522992134094,0.0847508981823921,3.63827545333529,-57094.7131148143,-125991.348489439,-57097.1756936795,-125991.356219667,-57099.6382725446,-125991.363949895,0,0,1,0
20130123094532.daq,34,6,905.883333333333,1,0,right,-0.167694091796875,270.167694091797,12,0.0001,51.3352966308594,4020.99974611394,0.615229964256287,0.253472328186035,0.103734225034714,3.61578760206095,-57094.690427874,-125998.872228196,-57097.1530083244,-125998.879435732,-57099.6155887749,-125998.886643267,0,0,1,0
20130123094532.daq,34,6,905.983333333333,1,0,right,-0.156982421875,270.156982421875,12,0.0001,51.340145111084,4028.52929464181,0.57128494977951,0.253314614295959,0.141701340675354,3.60052295688023,-57094.6754640222,-126006.403743412,-57097.138045777,-126006.410490558,-57099.6006275319,-126006.417237705,0,0,1,0
20130123094532.daq,34,6,906.083333333333,1,0,right,-0.1497802734375,270.149780273438,12,0.0001,51.3450393676758,4036.05955754543,0.439449995756149,0.253383338451385,0.0562756843864918,3.58155322829406,-57094.6563773327,-126013.935171664,-57097.1189599163,-126013.941609261,-57099.5815424998,-126013.948046858,0,0,1,0
20130123094532.daq,34,6,906.183333333333,1,0,right,-0.148605346679688,270.14860534668,12,0.0001,51.3499450683594,4043.59053990682,0,0.253883719444275,0.0752590075135231,3.56617982067318,-57094.6408248585,-126021.466450738,-57097.1034075735,-126021.472837836,-57099.5659902886,-126021.479224935,0,0,1,0
20130123094532.daq,34,6,906.283333333333,1,0,right,-0.156097412109375,270.156097412109,12,0.0001,51.3548812866211,4051.12224354434,-0.131834983825684,0.254169583320618,0.0467842556536198,3.55023237540385,-57094.6247373992,-126028.997515319,-57097.087319258,-126029.004224427,-57099.5499011168,-126029.010933536,0,0,1,0
20130123094532.daq,34,6,906.383333333333,1,0,right,-0.166305541992188,270.166305541992,12,0.0001,51.3598213195801,4058.65467204803,-0.131834983825684,0.25373175740242,0.0183090381324291,3.53413095576128,-57094.6084823256,-126036.528512583,-57097.07106295,-126036.535660438,-57099.5336435744,-126036.542808294,0,0,1,0
20130123094532.daq,34,6,906.483333333333,1,0,right,-0.180770874023438,270.180770874023,12,0.0001,51.3647689819336,4066.18782611729,-0.351559966802597,0.252857208251953,0.0847508981823921,3.51740004684738,-57094.5919645631,-126044.059404253,-57097.0545433044,-126044.067173831,-57099.5171220457,-126044.074943408,0,0,1,0
20130123094532.daq,34,6,906.583333333333,1,0,right,-0.201416015625,270.201416015625,12,0.0001,51.3697280883789,4073.7217063582,-0.483394980430603,0.253171384334564,0.0847508981823921,3.50044838805285,-57094.5750655556,-126051.59014245,-57097.0376413374,-126051.598799357,-57099.5002171193,-126051.607456264,0,0,1,0
20130123094532.daq,34,6,906.683333333333,1,0,right,-0.223434448242188,270.223434448242,12,0.0001,51.3746490478516,4081.25631095243,-0.483394980430603,0.254041224718094,0.0372923612594604,3.47942858113786,-57094.5541757559,-126059.120846096,-57097.0167480291,-126059.130449356,-57099.4793203024,-126059.140052616,0,0,1,0
20130123094532.daq,34,6,906.783333333333,1,0,right,-0.247512817382813,270.247512817383,12,0.0001,51.3795318603516,4088.79163430508,-0.483394980430603,0.253953635692596,0.0183090381324291,3.45871344080064,-57094.5331590975,-126066.65149803,-57096.9957271175,-126066.662136178,-57099.4582951375,-126066.672774325,0,0,1,0
20130123094532.daq,34,6,906.883333333333,1,0,right,-0.269866943359375,270.269866943359,12,0.0001,51.3844223022461,4096.32767445791,-0.351559966802597,0.253369450569153,0.0183090381324291,3.4335455414375,-57094.5083427837,-126074.190004733,-57096.9709064658,-126074.201603658,-57099.4334701478,-126074.213202583,0,0,1,0
20130123094532.daq,34,6,906.983333333333,1,0,right,-0.284591674804688,270.284591674805,12,0.0001,51.389347076416,4103.86443444152,0.0439449995756149,0.25366073846817,0.0752590075135231,3.40529498871459,-57094.4800909233,-126081.720888334,-57096.9426515432,-126081.733120125,-57099.4052121631,-126081.745351917,0,0,1,0
20130123094532.daq,34,6,907.083333333333,1,0,right,-0.294784545898438,270.294784545898,12,0.0001,51.3942680358887,4111.40191649386,0.0439449995756149,0.254006147384644,0.0562756843864918,3.37375397539487,-57094.448212359,-126089.259697066,-57096.9107707639,-126089.272366944,-57099.3733291689,-126089.285036823,0,0,1,0
20130123094532.daq,34,6,907.183333333333,1,0,right,-0.302444458007813,270.302444458008,12,0.0001,51.3992042541504,4118.94011693162,0.0439449995756149,0.253461241722107,0.0467842556536198,3.34161173983467,-57094.4164900246,-126096.790756286,-57096.8790467137,-126096.803755386,-57099.3416034027,-126096.816754485,0,0,1,0
20130123094532.daq,34,6,907.283333333333,1,0,right,-0.310592651367188,270.310592651367,12,0.0001,51.4041519165039,4126.47904745746,0,0.253496885299683,-0.0386413931846619,3.31017316377293,-57094.3847376092,-126104.329615776,-57096.8472924247,-126104.342965082,-57099.3098472402,-126104.356314389,0,0,1,0
20130123094532.daq,34,6,907.383333333333,1,0,right,-0.320343017578125,270.320343017578,12,0.0001,51.4090576171875,4134.01870070477,-0.0439449958503246,0.253203570842743,0.0752590075135231,3.27423068375668,-57094.3489801922,-126111.868435254,-57096.8115327003,-126111.882203628,-57099.2740852085,-126111.895972002,0,0,1,0
20130123094532.daq,34,6,907.483333333333,1,0,right,-0.329605102539063,270.329605102539,12,0.0001,51.4139213562012,4141.55906986644,-0.0439449958503246,0.253835797309875,0.0562756843864918,3.23843593581854,-57094.3132529189,-126119.407266807,-57096.7758031691,-126119.421433262,-57099.2383534194,-126119.435599717,0,0,1,0
20130123094532.daq,34,6,907.583333333333,1,0,right,-0.339065551757813,270.339065551758,12,0.0001,51.4187431335449,4149.10014962727,0.0439449995756149,0.253976494073868,-0.000674748385790735,3.19916236667903,-57094.2736072047,-126126.946093319,-57096.7361550822,-126126.96066638,-57099.1987029598,-126126.975239441,0,0,1,0
20130123094532.daq,34,6,907.683333333333,1,0,right,-0.346786499023438,270.346786499023,12,0.0001,51.4235382080078,4156.64193467214,0.131834998726845,0.254462122917175,0.0278004687279463,3.1630668051085,-57094.2379750055,-126134.484963151,-57096.7005208969,-126134.499868055,-57099.1630667883,-126134.514772959,0,0,1,0
20130123094532.daq,34,6,907.783333333333,1,0,right,-0.352264404296875,270.352264404297,12,0.0001,51.4283294677734,4164.1844220171,0.26366999745369,0.25418022274971,-0.000674748385790735,3.12426395872729,-57094.1985748419,-126142.031701416,-57096.661119297,-126142.046841758,-57099.1236637521,-126142.0619821,0,0,1,0
20130123094532.daq,34,6,907.883333333333,1,0,right,-0.3509521484375,270.350952148438,12,0.0001,51.4331512451172,4171.72761413322,0.483394980430603,0.253098517656326,0.00881714466959238,3.08082212809403,-57094.1556869794,-126149.570796675,-57096.6182317807,-126149.585880616,-57099.0807765819,-126149.600964558,0,0,1,0
20130123094532.daq,34,6,907.983333333333,1,0,right,-0.346420288085938,270.346420288086,12,0.0001,51.4379844665527,4179.27151498353,0.483394980430603,0.253326684236526,0.0183090381324291,3.04221343693456,-57094.1169038295,-126157.109972291,-57096.5794498162,-126157.124861455,-57099.0419958028,-126157.13975062,0,0,1,0
20130123094532.daq,34,6,908.083333333333,1,0,right,-0.342864990234375,270.342864990234,12,0.0001,51.4427490234375,4186.81612023204,0.307614982128143,0.253869593143463,0.0562756843864918,2.9994399169833,-57094.0741542393,-126164.656936016,-57096.536701145,-126164.671672375,-57098.9992480508,-126164.686408735,0,0,1,0
20130123094532.daq,34,6,908.183333333333,1,0,right,-0.340713500976563,270.340713500977,12,0.0001,51.4474906921387,4194.36142157959,0.219724997878075,0.253495275974274,0.0278004687279463,2.96044398973748,-57094.0352243665,-126172.203864701,-57096.4977718239,-126172.218508591,-57098.9603192813,-126172.23315248,0,0,1,0
20130123094532.daq,34,6,908.283333333333,1,0,right,-0.341552734375,270.341552734375,12,0.0001,51.4522438049316,4201.9074191661,0.26366999745369,0.253380119800568,0.0278004687279463,2.92164430664078,-57093.9961101322,-126179.742906261,-57096.4586573749,-126179.75758622,-57098.9212046175,-126179.772266179,0,0,1,0
20130123094532.daq,34,6,908.383333333333,1,0,right,-0.341461181640625,270.341461181641,12,0.0001,51.4569664001465,4209.45411285166,0.26366999745369,0.253969132900238,0.0372923612594604,2.87826085121266,-57093.9531470259,-126187.289783545,-57096.415694292,-126187.30445957,-57098.8782415581,-126187.319135594,0,0,1,0
20130123094532.daq,34,6,908.483333333333,1,0,right,-0.342605590820313,270.34260559082,12,0.0001,51.4616546630859,4217.00149550278,0.219724997878075,0.253422498703003,0.0562756843864918,2.8397311043895,-57093.9140139797,-126194.836629989,-57096.3765609521,-126194.851355199,-57098.8391079246,-126194.86608041,0,0,1,0
20130123094532.daq,34,6,908.583333333333,1,0,right,-0.343841552734375,270.343841552734,12,0.0001,51.4663314819336,4224.54956534773,0.26366999745369,0.253620654344559,0.0847508981823921,2.79996918788304,-57093.8748752903,-126202.383474146,-57096.3374219446,-126202.398252478,-57098.7999685988,-126202.41303081,0,0,1,0
20130123094532.daq,34,6,908.683333333333,1,0,right,-0.34332275390625,270.343322753906,12,0.0001,51.4709663391113,4232.09831809713,0.307614982128143,0.253520309925079,0.0467842556536198,2.76165735828656,-57093.835844771,-126209.930362093,-57096.2983915589,-126209.945118127,-57098.7609383469,-126209.959874161,0,0,1,0
20130123094532.daq,34,6,908.783333333333,1,0,right,-0.341598510742188,270.341598510742,12,0.0001,51.4755668640137,4239.64774778301,0.395504981279373,0.253747761249542,0.0657675787806511,2.71808627696393,-57093.7929823104,-126217.477280119,-57096.2555295413,-126217.491962045,-57098.7180767722,-126217.506643972,0,0,1,0
20130123094532.daq,34,6,908.883333333333,1,0,right,-0.335479736328125,270.335479736328,12,0.0001,51.4801864624023,4247.19785347296,0.703119993209839,0.253734439611435,0.00881714466959238,2.67993201170397,-57093.7542970071,-126225.024307777,-57096.2168457919,-126225.038726722,-57098.6793945767,-126225.053145666,0,0,1,0
