daqname,subject,instance,time,road_type,oncoming,direction,heading_local,heading,width,curvature,speed,distance,steer,throttle,brake,lat_dist,front_left_x,front_left_y,front_center_x,front_center_y,front_right_x,front_right_y,pre_phase,ld_phase,post_phase,exceed
20131212090452.daq,120,2,1178.4,1,0,right,1.5230712890625,358.476928710938,12,0.0001,67.5693511962891,0,1.23045992851257,0.153259247541428,0.00739280506968498,2.88745991343074,23738.4145079548,-41305.9438218956,23738.3490535712,-41308.4055428682,23738.2835991876,-41310.8672638408,1,0,0,0
20131212090452.daq,120,2,1178.5,1,0,right,1.5748291015625,358.425170898438,12,0.0001,67.4408187866211,9.90076429078181,1.23045992851257,0.153393998742104,0.00739280506968498,3.12078513942784,23748.3102247312,-41306.1970533479,23748.2425465931,-41308.6587141883,23748.174868455,-41311.1203750287,1,0,0,0
20131212090452.daq,120,2,1178.6,1,0,right,1.62628173828125,358.373718261719,12,-0.000100996843795527,67.312614440918,19.7827012699418,1.23045992851257,0.153160244226456,-0.0400659665465355,3.38523262547357,23758.1883534986,-41306.4619855571,23758.1184647725,-41308.9235846287,23758.0485760465,-41311.3851837003,1,0,0,0
20131212090452.daq,120,2,1178.7,-1,0,right,1.60091800204805,358.322174072266,12,-0.000102645019954737,67.1847610473633,29.6458606388915,1.23045992851257,0.1533243060112,0.00739280506968498,3.65900270513233,23768.044997089,-41306.7386432914,23767.972893898,-41309.2001784939,23767.9007907071,-41311.6617136965,1,0,0,0
20131212090452.daq,120,2,1178.8,-1,0,right,1.49295132048849,358.270874023438,12,-0.000104293772468578,67.0572509765625,39.490293217983,1.23045992851257,0.153203383088112,0.0168844666332006,3.91207464627583,23777.8840541128,-41307.0191930711,23777.8097470038,-41309.4806627291,23777.7354398948,-41311.942132387,1,0,0,0
20131212090452.daq,120,2,1178.9,-1,0,right,1.41937336191819,358.218627929688,12,-0.00010594381593576,66.9300765991211,49.3160490815644,1.23045992851257,0.153273448348045,0.00739280506968498,4.15201110247606,23787.7055515707,-41307.3115217966,23787.6289999616,-41309.7729226731,23787.5524483524,-41312.2343235495,1,0,0,0
20131212090452.daq,120,2,1179,-1,0,right,1.38038633705679,358.168823242188,12,-0.000107595781252742,66.8032608032227,59.1231792365143,1.23045992851257,0.15355971455574,-0.00209908839315176,4.37783675334574,23797.5055065085,-41307.6076051495,23797.4268153416,-41310.0689385531,23797.3481241747,-41312.5302719567,1,0,0,0
20131212090452.daq,120,2,1179.1,-1,0,right,1.37729294566321,358.118103027344,12,-0.000109250143688166,66.6767959594727,68.9117346896819,1.23045992851257,0.15325853228569,0.0263761281967163,4.60356152098193,23807.2879012518,-41307.9154655115,23807.2070312582,-41310.3767282905,23807.1261612646,-41312.8379910696,1,0,0,0
20131212090452.daq,120,2,1179.2,-1,0,right,1.40679699907565,358.069763183594,12,-0.000110907190914694,66.5507049560547,78.6817690589232,1.18651497364044,0.153158098459244,0.0263761281967163,4.83084728975656,23817.0507084062,-41308.2309904086,23816.9677619002,-41310.6921840826,23816.8848153942,-41313.1533777565,1,0,0,0
20131212090452.daq,120,2,1179.3,-1,0,right,1.19793642246077,358.020568847656,12,-0.000112567201743751,66.4249649047852,88.4333361484896,1.14256989955902,0.153289169073105,0.00739280506968498,5.04248414595103,23826.7959540545,-41308.5543822179,23826.7108943907,-41311.0155037665,23826.625834727,-41313.4766253151,1,0,0,0
20131212090452.daq,120,2,1179.4,-1,0,right,1.03449308255227,357.972412109375,12,-0.000114230637919271,66.2995376586914,98.1664854732662,1.14256989955902,0.0958199724555016,-0.0305740740150213,5.22163457996853,23836.5216425847,-41308.8855224967,23836.4345143942,-41311.346571684,23836.3473862037,-41313.8076208712,1,0,0,0
20131212090452.daq,120,2,1179.5,-1,0,right,0.922860738194629,357.925750732422,12,-0.000115898042339985,66.1734237670898,107.881209853163,1.18651497364044,0,-0.0210824124515057,5.37771160173502,23846.2297170621,-41309.2243825095,23846.1405846354,-41311.6853599239,23846.0514522087,-41314.1463373382,1,0,0,0
20131212090452.daq,120,2,1179.6,-1,0,right,0.865905232895727,357.878845214844,12,-0.000117569921706085,66.0464630126953,117.577359624527,1.18651497364044,0,-0.0115907499566674,5.51631031658263,23855.9182633487,-41309.5671649187,23855.8271162588,-41312.0280685396,23855.735969169,-41314.4889721605,1,0,0,0
20131212090452.daq,120,2,1179.7,-1,0,right,0.860014837727192,357.832244873047,12,-0.000119246744349689,65.9194488525391,127.254880703331,1.14256989955902,0,-0.0210824124515057,5.653292215654,23865.5872691953,-41309.9216478057,23865.4941206106,-41312.38247648,23865.4009720258,-41314.8433051544,1,0,0,0
20131212090452.daq,120,2,1179.8,-1,0,right,0.797832508309739,357.786193847656,12,-0.000120928958518186,65.7926177978516,136.913785118581,1.14256989955902,0,0.0548515766859055,5.78973749759356,23875.238682358,-41310.2839095954,23875.1435559322,-41312.7446626075,23875.0484295064,-41315.2054156195,0,1,0,1
20131212090452.daq,120,2,1179.9,-1,0,right,0.662305021425993,357.738861083984,12,-0.000122616956759793,65.6660842895508,146.554108397933,1.14256989955902,0,-0.0115907499566674,5.90186726897252,23884.8705903128,-41310.6501588386,23884.7734310606,-41313.1108324258,23884.6762718085,-41315.5715060131,0,1,0,1
20131212090452.daq,120,2,1180,-1,0,right,0.553259639418343,357.693939208984,12,-0.000124310983965273,65.5398635864258,156.175895860084,1.14256989955902,0,-0.0875245034694672,5.9977217363617,23894.4829113401,-41311.0279764577,23894.3838228648,-41313.4885731124,23894.2847343894,-41315.9491697672,0,1,0,1
20131212090452.daq,120,2,1180.1,-1,0,right,0.474131805198624,357.647979736328,12,-0.000126011081625704,65.4139785766602,165.779195154944,1.14256989955902,0,0.00739280506968498,6.07457098121363,23904.0776748898,-41311.4097662124,23903.9766126934,-41313.8702825923,23903.875550497,-41316.3307989722,0,1,0,1
20131212090452.daq,120,2,1180.2,-1,0,right,0.423538247056854,357.602355957031,12,-0.000127717016328269,65.2884216308594,175.364055983897,1.18651497364044,0,0.00739280506968498,6.14135497936246,23913.6528974984,-41311.7993482088,23913.5498760615,-41314.2597833344,23913.4468546247,-41316.7202184599,0,1,0,1
20131212090452.daq,120,2,1180.3,-1,0,right,0.402846306429979,357.555694580078,12,-0.000129428515763235,65.1632080078125,184.930526836077,1.23045992851257,0,0.0168844666332006,6.1994947551702,23923.2086093285,-41312.1929023985,23923.1035841608,-41314.653252808,23922.9985589931,-41317.1136032175,0,1,0,1
20131212090452.daq,120,2,1180.4,-1,0,right,0.283791789524173,357.508026123047,12,-0.000131145117463439,65.0383148193359,194.478655920902,1.31834995746613,0,0.00739280506968498,6.25080960069105,23932.7467626779,-41312.5982394185,23932.6396906053,-41315.0585015986,23932.5326185327,-41317.5187637786,0,1,0,1
20131212090452.daq,120,2,1180.5,-1,0,right,0.180359080111714,357.456787109375,12,-0.000132865866012605,64.9137420654297,204.0084913545,1.40623998641968,0,0.00739280506968498,6.279779460708,23942.2674133225,-41313.0077078636,23942.1581411064,-41315.4678733065,23942.0488688903,-41317.9280387493,0,1,0,1
20131212090452.daq,120,2,1180.6,-1,0,right,0.110111905812573,357.393890380859,12,-0.000134588816147486,64.7894744873047,213.520079015128,2.0654149055481,0,-0.0400659665465355,6.29414869905321,23951.7687834621,-41313.4257224243,23951.6568106534,-41315.8857664308,23951.5448378448,-41318.3458104372,0,1,0,1
20131212090452.daq,120,2,1180.7,-1,0,right,0.0842028726497688,357.305755615234,12,-0.000136310707882105,64.6654739379883,223.013460957765,2.94431495666504,0,-0.0115907499566674,6.29872821683597,23961.2511648352,-41313.8531378203,23961.1354080179,-41316.3130066751,23961.0196512006,-41318.7728755299,0,1,0,1
20131212090452.daq,120,2,1180.8,-1,0,right,0.094139852764954,357.200866699219,12,-0.000138027163058063,64.541748046875,232.488675507484,2.94431495666504,0,-0.0400659665465355,6.29868970090604,23970.7182736823,-41314.2933290033,23970.5980138855,-41316.7529818253,23970.4777540887,-41319.2126346472,0,1,1,1
20131212090452.daq,120,2,1180.9,-1,0,right,0.0990835810220574,357.086120605469,12,-0.00013973300895001,64.4182739257813,241.945762854346,2.68064475059509,0,-0.0400659665465355,6.2949552325018,23980.164097184,-41314.7458636812,23980.038911692,-41317.2052707268,23979.9137262,-41319.6646777724,0,1,1,1
20131212090452.daq,120,2,1181,-1,0,right,0.0547276610556082,356.975799560547,12,-0.000141422729678753,64.2950744628906,251.384760390938,2.37302994728088,0,0.0168844666332006,6.28457891534261,23989.5941870171,-41315.209843234,23989.4642662568,-41317.6690046804,23989.3343454964,-41320.1281661268,0,1,1,1
20131212090452.daq,120,2,1181.1,-1,0,right,0.0213967000231037,356.871032714844,12,-0.000143091120821456,64.1721649169922,260.805709519555,2.2411949634552,0,1.12741553783417,6.26807013595663,23999.0026614986,-41315.6930084062,23998.8682443163,-41318.1519281781,23998.733827134,-41320.61084795,0,1,1,1
20131212090452.daq,120,2,1181.2,-1,0,right,-0.00437269257940898,356.771087646484,12,-0.000144733723575453,64.0495452880859,270.208652388435,2.2411949634552,0,3.89899802207947,6.24195014051406,24008.39344422,-41316.1875922288,24008.2547379773,-41318.6462737864,24008.1160317345,-41321.104955344,0,1,1,1
20131212090452.daq,120,2,1181.3,-1,0,right,-0.0141374708356921,356.671264648438,12,-0.000146347064013171,63.9272537231445,279.593634969046,2.28513979911804,0,5.36072301864624,6.21731862814541,24017.7666352612,-41316.7017032694,24017.6236456178,-41319.160139436,24017.4806559744,-41321.6185756027,0,1,1,1
20131212090452.daq,120,2,1181.4,-1,0,right,-0.00970558174333291,356.571380615234,12,-0.000147928661293965,63.8048858642578,288.960693162007,2.28513979911804,0,5.503098487854,6.19289381049208,24027.1183322229,-41317.2314468089,24026.9710569943,-41319.6896299653,24026.8237817656,-41322.1478131218,0,1,1,1
20131212090452.daq,120,2,1181.5,-1,0,right,-0.0467712486280334,356.472686767578,14,-0.000149476896615571,63.6788368225098,298.30959920818,2.28513979911804,0,6.03463459014893,6.16731171297288,24036.4524153839,-41317.7767437729,24036.3009060752,-41320.2346695962,24036.1493967666,-41322.6925954195,0,0,1,0
20131212090452.daq,120,2,1181.6,-1,0,right,-0.0929226674733741,356.374725341797,14,-0.00015099079815055,63.5429916381836,307.639363136259,2.32908487319946,0,6.63261365890503,6.13063188488172,24045.7669414445,-41318.3337167061,24045.6112299221,-41320.791379894,24045.4555183997,-41323.2490430819,0,0,1,0
20131212090452.daq,120,2,1181.7,-1,0,right,-0.12047272662079,356.2724609375,14,-0.000152469619590617,63.3923721313477,316.948184273613,2.50486493110657,0,6.68007230758667,6.092767515383,24055.0581077031,-41318.9104965462,24054.8980098695,-41321.3678778977,24054.737912036,-41323.8252592493,0,0,1,0
20131212090452.daq,120,2,1181.8,-1,0,right,-0.133883383022578,356.166351318359,14,-0.000153912442069248,63.2254600524902,326.233676208081,2.63669991493225,0,6.50922107696533,6.04793400831679,24064.3259033585,-41319.499242271,24064.1612548246,-41321.9563229135,24063.9966062908,-41324.413403556,0,0,1,0
20131212090452.daq,120,2,1181.9,-1,0,right,-0.132354047442675,356.057678222656,14,-0.000155318003765865,63.0501403808594,335.493918069929,2.63669991493225,0,5.96819305419922,6.00709045262235,24073.5663948111,-41320.1076856139,24073.3970862232,-41322.5644495475,24073.2277776352,-41325.0212134811,0,0,1,0
20131212090452.daq,120,2,1182,-1,0,right,-0.111008162786845,355.942901611328,14,-0.000156684776175677,62.8818397521973,344.728802157246,2.72458982467651,0,5.34173917770386,5.9632415832594,24082.7816055971,-41320.7282387003,24082.6073758895,-41323.1846585407,24082.4331461819,-41325.6410783812,0,0,1,0
20131212090452.daq,120,2,1182.1,-1,0,right,-0.136281950749947,355.827026367188,14,-0.000158010865394013,62.7291450500488,353.940086994378,2.76853489875793,0,4.85766220092773,5.91837125242096,24091.9714331847,-41321.3644910921,24091.7922359622,-41323.8205535463,24091.6130387397,-41326.2766160005,0,0,1,0
20131212090452.daq,120,2,1182.2,-1,0,right,-0.152380924255397,355.709045410156,14,-0.000159294165360951,62.592700958252,363.130206876594,2.76853489875793,0,4.24070024490356,5.86865524755782,24101.1398034256,-41322.0165068005,24100.9555491705,-41324.4721950529,24100.7712949153,-41326.9278833053,0,0,1,0
20131212090452.daq,120,2,1182.3,-1,0,right,-0.160158985361761,355.591613769531,14,-0.000160532559256981,62.4676284790039,372.301219282512,2.72458982467651,0,3.22508549690247,5.81940916634512,24110.2866630193,-41322.6880237105,24110.0973760528,-41325.1433291635,24109.9080890862,-41327.5986346166,0,0,1,0
20131212090452.daq,120,2,1182.4,-1,0,right,-0.15836007613558,355.475189208984,14,-0.000161724327304673,62.3481292724609,381.454360405696,2.76853489875793,0,3.30101943016052,5.76796910209969,24119.4159094333,-41323.3751063879,24119.2216337001,-41325.8300221426,24119.0273579669,-41328.2849378974,0,0,1,0
20131212090452.daq,120,2,1182.5,-1,0,right,-0.148804257968436,355.358001708984,14,-0.000162868319642525,62.2301483154297,390.590114811319,2.72458982467651,0,4.89562845230103,5.71539657179291,24128.5256244456,-41324.0778672168,24128.3263280642,-41326.5323804833,24128.1270316827,-41328.9868937499,0,0,1,0
20131212090452.daq,120,2,1182.6,-1,0,right,-0.136654567265168,355.241638183594,14,-0.000163963956348398,62.1117172241211,399.708572390795,2.72458982467651,0,5.85429239273071,5.67196857960926,24137.6177301308,-41324.8040178001,24137.4134492274,-41327.2581212486,24137.2091683239,-41329.712224697,0,0,1,0
20131212090452.daq,120,2,1182.7,-1,0,right,-0.158501453778626,355.125244140625,14,-0.000165011079193031,61.9863891601563,408.809230908402,2.72458982467651,0,5.77835893630981,5.6213310055713,24146.6902901186,-41325.5418936546,24146.4810242289,-41327.9955770512,24146.2717583392,-41330.4492604478,0,0,1,0
20131212090452.daq,120,2,1182.8,-1,0,right,-0.169697800166034,355.006469726563,14,-0.000166009597579995,61.8538398742676,417.890919118043,2.76853489875793,0,5.65496635437012,5.57135152546167,24155.7413961778,-41326.2994569323,24155.5270442445,-41328.752701248,24155.3126923111,-41331.2059455636,0,0,1,0
20131212090452.daq,120,2,1182.9,-1,0,right,-0.17447263465175,354.887359619141,14,-0.000166959518974972,61.7215156555176,426.953076969992,2.72458982467651,0,5.32275629043579,5.51864123522197,24164.7729616751,-41327.0726713121,24164.5535102484,-41329.5254647186,24164.3340588217,-41331.978258125,0,0,1,0
20131212090452.daq,120,2,1183,-1,0,right,-0.176741471144908,354.771820068359,14,-0.000167861071280181,61.595890045166,435.996285728004,2.63669991493225,0,4.17425775527954,5.46411584808361,24173.7829597115,-41327.8612876763,24173.5585625646,-41330.3136335622,24173.3341654178,-41332.7659794481,0,0,1,0
20131212090452.daq,120,2,1183.1,-1,0,right,-0.179320477186252,354.662658691406,14,-0.000168714904046921,61.4763832092285,445.021551821657,2.15330481529236,0,2.85490870475769,5.41248549158754,24182.7732921977,-41328.6690326781,24182.5442231892,-41331.1209465862,24182.3151541807,-41333.5728604943,0,0,1,0
20131212090452.daq,120,2,1183.2,-1,0,right,-0.213599030736816,354.571472167969,14,-0.000169522648029377,61.3599395751953,454.029548271064,1.53807497024536,0,2.35184764862061,5.35999557376224,24191.7437454981,-41329.4912589939,24191.5107745479,-41331.9428052325,24191.2778035977,-41334.394351471,0,0,1,0
20131212090452.daq,120,2,1183.3,-1,0,right,-0.299359555022988,354.502075195313,14,-0.000170287047443923,61.2446060180664,463.02056069595,1.14256989955902,0,2.32337236404419,5.29933061133721,24200.6962074516,-41330.3277213835,24200.4602673464,-41332.7789836481,24200.2243272411,-41335.2302459128,0,0,1,0
20131212090452.daq,120,2,1183.4,-1,0,right,-0.379784980704983,354.449584960938,14,-0.000171011723181232,61.1298217773438,471.994701227493,0.703119993209839,0,2.35184764862061,5.22919853200122,24209.6288202961,-41331.1748240291,24209.3906346216,-41333.6258691139,24209.1524489471,-41336.0769141988,0,0,1,0
20131212090452.daq,120,2,1183.5,-1,0,right,-0.449964775791443,354.413238525391,14,-0.000171700658483605,61.0153770446777,480.95203238877,0.527339994907379,0,2.13353824615479,5.15240272896163,24218.5435542016,-41332.0326148125,24218.303813718,-41334.4835083076,24218.0640732344,-41336.9344018026,0,0,1,0
20131212090452.daq,120,2,1183.6,-1,0,right,-0.505122798356638,354.385986328125,14,-0.000172357710335686,60.9012222290039,489.892599918036,0.527339994907379,0,1.77285277843475,5.07018935321671,24227.4405410235,-41332.8976373793,24227.1996348227,-41335.3484165668,24226.9587286218,-41337.7991957543,0,0,1,0
20131212090452.daq,120,2,1183.7,-1,0,right,-0.541417642003807,354.363983154297,14,-0.00017298606404865,60.7873840332031,498.816448061669,0.527339994907379,0,1.96268689632416,4.98634547861611,24236.3198523401,-41333.7701372268,24236.0780049897,-41336.2208237189,24235.8361576392,-41338.6715102109,0,0,1,0
20131212090452.daq,120,2,1183.8,-1,0,right,-0.554700924886504,354.343078613281,14,-0.000173588056384915,60.6738662719727,507.723622931007,0.527339994907379,0,2.2189633846283,4.89705352525464,24245.1815648063,-41334.6425670109,24244.9388233315,-41337.0931651011,24244.6960818566,-41339.5437631913,0,0,1,0
20131212090452.daq,120,2,1183.9,-1,0,right,-0.595893299710895,354.324371337891,14,-0.000174165190248238,60.5606842041016,516.61417245568,0.527339994907379,0,2.41828942298889,4.81221853773635,24254.0256583362,-41335.5226689839,24253.7821167454,-41337.9731876875,24253.5385751545,-41340.4237063912,0,0,1,0
20131212090452.daq,120,2,1184,-1,0,right,-0.685524779739239,354.305114746094,14,-0.000174718374101463,60.4478340148926,525.488146383679,0.57128494977951,0,2.62710738182068,4.71010869711314,24262.8541365457,-41336.398899935,24262.6097713715,-41338.8493366481,24262.3654061973,-41341.2997733613,0,0,1,0
20131212090452.daq,120,2,1184.1,-1,0,right,-0.754250107518317,354.286376953125,14,-0.000175248120145272,60.3353004455566,534.345592924437,0.57128494977951,0,2.7504997253418,4.60260627309701,24271.6650267171,-41337.2829103365,24271.4198601745,-41339.7332670023,24271.1746936319,-41342.1836236681,0,0,1,0
20131212090452.daq,120,2,1184.2,-1,0,right,-0.805319782181243,354.268585205078,14,-0.000175754682674578,60.2230567932129,543.186556231041,0.57128494977951,0,2.92135047912598,4.48056741511665,24280.4583210683,-41338.1629541114,24280.2123936416,-41340.6132345289,24279.9664662149,-41343.0635149464,0,0,1,0
20131212090452.daq,120,2,1184.3,-1,0,right,-0.641175559499288,354.247772216797,14,-0.000176238261745083,60.1110801696777,552.011076773299,0.659174978733063,0,2.87389206886292,4.3738639442588,24289.236045262,-41339.0470974292,24288.9892277745,-41341.4972883506,24288.742410287,-41343.947479272,0,0,1,0
20131212090452.daq,120,2,1184.4,1,0,right,-0.625204626401853,354.225646972656,14,-0.000176699179295771,59.9993705749512,560.819193156043,0.703119993209839,0,2.90236711502075,4.2766674966181,24297.9981679125,-41339.9313248064,24297.7504042817,-41342.3814202345,24297.5026406509,-41344.8315156625,0,0,1,0
20131212090452.daq,120,2,1184.5,1,0,right,-0.608472160898827,354.201812744141,14,-0.000177137815045466,59.8879318237305,569.610945522669,0.791009962558746,0,2.87389206886292,4.18434989892772,24306.7427430244,-41340.8195678949,24306.4939602103,-41343.2695600449,24306.2451773961,-41345.7195521948,0,0,1,0
20131212090452.daq,120,2,1184.6,1,0,right,-0.585022286610979,354.174163818359,14,-0.000177554276977926,59.7767715454102,578.386373317262,0.878899991512299,0,2.94033432006836,4.09275981350612,24315.471761882,-41341.708055182,24315.2217968169,-41344.1579269929,24314.9718317519,-41346.6077988038,0,0,1,0
20131212090452.daq,120,2,1184.7,1,0,right,-0.557384352019824,354.145446777344,14,-0.00017794796760696,59.6658973693848,587.145519061058,0.92284494638443,0,2.93084239959717,4.00283616395913,24324.1832211516,-41342.596611047,24323.9320282253,-41345.0463572659,24323.6808352989,-41347.4961034848,0,0,1,0
20131212090452.daq,120,2,1184.8,1,0,right,-0.53103003330034,354.112701416016,14,-0.000178316834907967,59.5553092956543,595.888424156321,1.09862494468689,0,2.8454167842865,3.92236264248167,24332.8771743644,-41343.4932374344,24332.624581414,-41345.9428396929,24332.3719884636,-41348.3924419514,0,0,1,0
20131212090452.daq,120,2,1184.9,1,0,right,-0.4918602157544,354.061828613281,14,-0.000178657010845441,59.4449768066406,604.615129539117,2.0654149055481,0,2.74100828170776,3.83979028540972,24341.5577820683,-41344.3871180871,24341.303014221,-41346.8364951033,24341.0482463738,-41349.2858721195,0,0,1,0
20131212090452.daq,120,2,1185,1,0,right,-0.431562720632883,353.984832763672,14,-0.00017896254111432,59.3348655700684,613.325668452468,2.90036988258362,0,2.6460907459259,3.76582881797579,24350.2212786702,-41345.2904845596,24349.963219505,-41347.7395169993,24349.7051603398,-41350.188549439,0,0,1,0
20131212090452.daq,120,2,1185.1,1,0,right,-0.365125357157808,353.885833740234,14,-0.000179225333477819,59.2249717712402,622.020073486681,3.0322048664093,0,2.43727326393127,3.69658187380229,24358.8675838405,-41346.1991685707,24358.60529348,-41348.647751465,24358.3430031196,-41351.0963343593,0,0,1,0
20131212090452.daq,120,2,1185.2,1,0,right,-0.266259148337383,353.774841308594,14,-0.000179435950605344,59.1152725219727,630.698375320469,3.0322048664093,0,2.15252161026001,3.6358286917452,24367.4984658858,-41347.1203430661,24367.2314326664,-41349.5684132619,24366.964399447,-41352.0164834576,0,0,1,0
20131212090452.daq,120,2,1185.3,1,0,right,-0.16506976317271,353.656463623047,14,-0.000179584655017717,59.0020866394043,639.360292017402,3.0322048664093,0,1.71590232849121,3.58476735519013,24376.1118860852,-41348.0498074846,24375.8397955296,-41350.4973207436,24375.5677049739,-41352.9448340026,0,0,1,0
20131212090452.daq,120,2,1185.4,1,0,right,-0.0785455079569601,353.53662109375,14,-0.000179662332726331,58.8845710754395,648.0053790159,3.0322048664093,0,1.24131643772125,3.54737311401886,24384.7038318205,-41348.9949952033,24384.4266225307,-41351.4419339915,24384.1494132409,-41353.8888727797,0,0,1,0
20131212090452.daq,120,2,1185.5,1,0,right,-0.000521720567746797,353.408630371094,14,-0.000179661526689731,58.7655220031738,656.633173477647,3.0322048664093,0,0.804697275161743,3.52228913541082,24393.274418334,-41349.9563354522,24392.991743623,-41352.402648889,24392.7090689119,-41354.8489623258,0,0,1,0
20131212090452.daq,120,2,1185.6,1,0,right,0.0903439054700925,353.288940429688,14,-0.000179577069245672,58.6486740112305,665.243576233028,3.0322048664093,0,0.681304931640625,3.50844796192432,24401.8253125477,-41350.9327723886,24401.5375281486,-41353.3784899853,24401.2497437494,-41355.8242075821,0,0,1,0
20131212090452.daq,120,2,1185.7,1,0,right,0.187441638288021,353.154663085938,14,-0.000179406388300294,58.5336532592773,673.836828702086,3.0322048664093,0,0.776222050189972,3.50791160070973,24410.3569082007,-41351.9257762981,24410.063392858,-41354.3708127328,24409.7698775153,-41356.8158491675,0,0,1,0
20131212090452.daq,120,2,1185.8,1,0,right,0.267784411738603,353.027679443359,14,-0.000179149761395712,58.4192848205566,682.413305743248,2.98825979232788,0,0.861647665500641,3.52333523225562,24418.868829128,-41352.9378476863,24418.5698956187,-41355.3822276037,24418.2709621094,-41357.8266075211,0,0,1,0
20131212090452.daq,120,2,1185.9,1,0,right,0.334230659605055,352.899475097656,14,-0.000178810235635056,58.3064956665039,690.973280527585,2.81247997283936,0,0.966056644916534,3.54757966285462,24427.3631742859,-41353.965627392,24427.0587720145,-41356.4093323007,24426.7543697431,-41358.8530372093,0,0,1,0
20131212090452.daq,120,2,1186,1,0,right,0.392766902973392,352.788909912109,14,-0.000178393000807443,58.1949310302734,699.51682779369,2.59275484085083,0,1.11792421340942,3.5799941324656,24435.8376765035,-41355.0079010855,24435.5285591196,-41357.4510140314,24435.2194417357,-41359.8941269773,0,0,1,0
20131212090452.daq,120,2,1186.1,1,0,right,0.455136826461967,352.675079345703,14,-0.000177904337270738,58.0821266174316,708.04375740813,2.41697478294373,0,1.05148184299469,3.62347795499588,24444.2926876362,-41356.0660136897,24443.9787170887,-41358.5085076853,24443.6647465411,-41360.951001681,0,0,1,0
20131212090452.daq,120,2,1186.2,1,0,right,0.449758870509584,352.580322265625,14,-0.000177350988515656,57.9726943969727,716.554448192372,2.28513979911804,0,1.08944892883301,3.67456016847105,24452.7297934915,-41357.142431948,24452.4117839223,-41359.5844033519,24452.0937743531,-41362.0263747558,0,0,1,0
20131212090452.daq,120,2,1186.3,1,0,right,0.506618196961767,352.486053466797,14,-0.000176739741872943,57.8635673522949,725.049091585344,2.15330481529236,0,1.10843229293823,3.7302931346125,24461.1493031663,-41358.2305400436,24460.8272762516,-41360.671984921,24460.5052493368,-41363.1134297985,0,0,1,0
20131212090452.daq,120,2,1186.4,1,0,right,0.537313532008739,352.402404785156,14,-0.000176076669972237,57.7567558288574,733.527900706191,1.93357992172241,0,1.06097376346588,3.7926240658098,24469.5510527452,-41359.3296844016,24469.2254617999,-41361.7706565358,24468.8998708546,-41364.2116286699,0,0,1,0
20131212090452.daq,120,2,1186.5,1,0,right,0.546012568146693,352.326477050781,14,-0.000175367047491021,57.6505508422852,741.991126299763,1.62596487998962,0,1.22233319282532,3.8588303718854,24477.938998195,-41360.4400513122,24477.6101727872,-41362.8805898337,24477.2813473794,-41365.3211283551,0,0,1,0
20131212090452.daq,120,2,1186.6,1,0,right,0.521433417789694,352.267272949219,14,-0.000174615610943485,57.5437049865723,750.438734004027,1.14256989955902,0,1.08944892883301,3.92597972045407,24486.3090908257,-41361.561059243,24485.9777437696,-41364.0012566841,24485.6463967135,-41366.4414541253,0,0,1,0
20131212090452.daq,120,2,1186.7,1,0,right,0.468632588807168,352.221496582031,14,-0.000173826629851847,57.4360198974609,758.870607911289,0.92284494638443,0,0.890122890472412,3.98916041101094,24494.6633398311,-41362.6890138574,24494.3300432893,-41365.1289457906,24493.9967467475,-41367.5688777238,0,0,1,0
20131212090452.daq,120,2,1186.8,1,0,right,0.43262521404904,352.184600830078,14,-0.000173004042260417,57.3278465270996,767.286640039936,0.92284494638443,0,0.519945561885834,4.049281418384,24502.9979135925,-41363.8242082025,24502.66304592,-41366.2639250027,24502.3281782475,-41368.703641803,0,0,1,0
20131212090452.daq,120,2,1186.9,1,0,right,0.382793463847804,352.151733398438,14,-0.00017215153486999,57.219898223877,775.686820272502,0.92284494638443,0,0.738255381584167,4.10394163649585,24511.3167967122,-41364.9630490643,24510.9805295638,-41367.402573368,24510.6442624154,-41369.8420976717,0,0,1,0
20131212090452.daq,120,2,1187,1,0,right,0.325491830895828,352.119293212891,14,-0.000171272403784162,57.1125373840332,784.07120982655,0.92284494638443,0,0.0168844666332006,4.1553942649588,24519.6180937049,-41366.1096751349,24519.280445381,-41368.5490086571,24518.942797057,-41370.9883421794,0,0,1,0
20131212090452.daq,120,2,1187.1,1,0,right,0.260446614420232,352.086242675781,14,-0.000170369683383213,57.0058517456055,792.439902276819,0.878899991512299,0,-0.0685409530997276,4.19546395842209,24527.9037741813,-41367.2563409188,24527.5647188068,-41369.6954792659,24527.2256634322,-41372.134617613,0,0,1,0
20131212090452.daq,120,2,1187.2,1,0,right,0.187104289434728,352.053131103516,14,-0.000169446041862453,56.8997611999512,800.792993902214,0.92284494638443,0,-0.0400659665465355,4.22685873420323,24536.171876266,-41368.4069171974,24535.8314113556,-41370.8458591951,24535.4909464452,-41373.2848011929,0,0,1,0
20131212090452.daq,120,2,1187.3,1,0,right,0.116976353711436,352.014801025391,14,-0.000168503304796636,56.7940101623535,809.130545174354,1.45018494129181,0,-0.00209908839315176,4.24486640759305,24544.4244343851,-41369.5578309331,24544.0823379327,-41371.9965446188,24543.7402414804,-41374.4352583045,0,0,1,0
20131212090452.daq,120,2,1187.4,1,0,right,0.0699362600147424,351.956176757813,14,-0.000167542005776569,56.6884880065918,817.45261115639,2.50486493110657,0,-0.0780328437685966,4.25861243591943,24552.6616846186,-41370.7178690146,24552.3170930869,-41373.1562313953,24551.9725015552,-41375.594593776,0,0,1,0
20131212090452.daq,120,2,1187.5,1,0,right,0.0521686819215006,351.870361328125,14,-0.000166561169017124,56.5830039978027,825.759205462571,3.29587483406067,0,0.0358677878975868,4.26276457101893,24560.8837305549,-41371.8796657842,24560.535487325,-41374.3175093141,24560.1872440951,-41376.755352844,0,0,1,0
20131212090452.daq,120,2,1187.6,1,0,right,0.0668671171896449,351.755859375,14,-0.000165558028467585,56.4775161743164,834.050328792247,3.91110491752625,0,0.776222050189972,4.26031506231572,24569.0905874278,-41373.0511323573,24568.7374730221,-41375.4882750778,24568.3843586164,-41377.9254177983,0,0,1,0
20131212090452.daq,120,2,1187.7,1,0,right,0.109120396855758,351.614135742188,14,-0.000164528300772586,56.3720359802246,842.325981098795,4.4823899269104,0,1.83929467201233,4.25845304511507,24577.2802685581,-41374.2321765729,24576.921126859,-41376.6684383945,24576.5619851599,-41379.1047002161,0,0,1,0
20131212090452.daq,120,2,1187.8,1,0,right,0.152575131914318,351.455810546875,14,-0.000163466760426463,56.2665748596191,850.586160470615,4.61422491073608,0,1.96268689632416,4.25804201188794,24585.4545533571,-41375.4299262184,24585.0886809253,-41377.8651863251,24584.7228084935,-41380.3004464317,0,0,1,0
20131212090452.daq,120,2,1187.9,1,0,right,0.186809183822049,351.282165527344,14,-0.000162367826042274,56.1614036560059,858.830893530161,4.57027959823608,0,1.83929467201233,4.25977545167732,24593.61146063,-41376.6443002464,24593.2382094022,-41379.0784403295,24592.8649581744,-41381.5125804127,0,0,1,0
20131212090452.daq,120,2,1188,1,0,right,0.215174622065547,351.109283447266,14,-0.000161225892391492,56.0564193725586,867.060216690879,4.4384446144104,0,1.78234422206879,4.26286022669214,24601.7487913041,-41377.8781639078,24601.3681971059,-41380.311166678,24600.9876029078,-41382.7441694482,0,0,1,0
20131212090452.daq,120,2,1188.1,1,0,right,0.237288726718134,350.937530517578,14,-0.000160035325805809,55.9516677856445,875.27416025853,4.30660963058472,0,2.05760455131531,4.26536653793379,24609.8684936022,-41379.1314932336,24609.4806078242,-41381.5633441844,24609.0927220462,-41383.9951951351,0,0,1,0
20131212090452.daq,120,2,1188.2,1,0,right,0.290557850437494,350.76806640625,14,-0.000158790249592522,55.8470764160156,883.472742183381,4.26266479492188,0,2.32337236404419,4.27474766647236,24617.968598392,-41380.4081189208,24617.5735216192,-41382.8388119839,24617.1784448465,-41385.269505047,0,0,1,0
20131212090452.daq,120,2,1188.3,1,0,right,0.342568007861644,350.599517822266,14,-0.000157484385493595,55.7427940368652,891.656014824432,4.26266479492188,0,2.43727326393127,4.29041425978361,24626.0491264195,-41381.7042235628,24625.6469009292,-41384.133743902,24625.244675439,-41386.5632642412,0,0,1,0
20131212090452.daq,120,2,1188.4,1,0,right,0.390742650860375,350.433532714844,14,-0.000156111173772877,55.6387062072754,899.824007088639,4.13082981109619,0,2.19998002052307,4.31540795528359,24634.1120082878,-41383.0236060521,24633.7027462073,-41385.4519509562,24633.2934841268,-41387.8802958602,0,0,1,0
20131212090452.daq,120,2,1188.5,1,0,right,0.434544559671167,350.272705078125,14,-0.000154664033740146,55.5348587036133,907.976750866947,3.91110491752625,0,2.09557104110718,4.34602560982914,24642.1552565312,-41384.3621909751,24641.7391797763,-41386.789377527,24641.3231030214,-41389.2165640788,0,0,1,0
20131212090452.daq,120,2,1188.6,1,0,right,0.465740304150188,350.121154785156,14,-0.000153136905083219,55.4313125610352,916.114286162934,3.69137978553772,0,2.19048810005188,4.38469824548325,24650.1788178592,-41385.7236157161,24649.7563225336,-41388.1496932341,24649.3338272081,-41390.5757707521,0,0,1,0
20131212090452.daq,120,2,1188.7,1,0,right,0.469501429308764,349.975708007813,14,-0.00015152472511375,55.3280220031738,924.236644867517,3.64743494987488,0,2.09557104110718,4.42781133090629,24658.1846928772,-41387.1041796512,24657.7560402608,-41389.5291768384,24657.3273876444,-41391.9541740256,0,0,1,0
20131212090452.daq,120,2,1188.8,1,0,right,0.463462591214807,349.830749511719,14,-0.000149823904132115,55.2251968383789,932.343892114674,3.60348987579346,0,2.06709575653076,4.46784708639285,24666.1710061102,-41388.5003417362,24665.736219622,-41390.924246671,24665.3014331338,-41393.3481516058,0,0,1,0
20131212090452.daq,120,2,1188.9,1,0,right,0.463840255568925,349.693115234375,14,-0.000148032545914636,55.1226768493652,940.436083107459,3.29587483406067,0,2.06709575653076,4.51335085444926,24674.1376680445,-41389.9194686955,24673.6970601815,-41392.3423222062,24673.2564523184,-41394.765175717,0,0,1,0
20131212090452.daq,120,2,1189,1,0,right,0.456507251107894,349.57421875,14,-0.000146150579821201,55.0204963684082,948.513263211207,2.41697478294373,0,2.17150473594666,4.55381344378583,24682.0864869707,-41391.3490966126,24681.6408523115,-41393.7710305865,24681.1952176523,-41396.1929645604,0,0,1,0
20131212090452.daq,120,2,1189.1,1,0,right,0.438271291589899,349.471984863281,14,-0.000144179720570679,54.9184494018555,956.575478117593,2.15330481529236,0,2.17150473594666,4.59849998574337,24690.0174972196,-41392.7971718222,24689.5675417719,-41395.2183067871,24689.1175863242,-41397.6394417521,0,0,1,0
20131212090452.daq,120,2,1189.2,1,0,right,0.39800334367203,349.382873535156,14,-0.000142123052893587,54.8169097900391,964.622764007014,2.15330481529236,0,2.12404632568359,4.64341585207514,24697.9287967249,-41394.2600179333,24697.4750762654,-41396.6804501609,24697.0213558059,-41399.1008823884,0,0,1,0
20131212090452.daq,120,2,1189.3,1,0,right,0.36255112408827,349.299621582031,14,-0.000139984417118744,54.7158470153809,972.655189043988,2.10935997962952,0,2.14302968978882,4.68166961188984,24705.8224347597,-41395.7302957979,24705.3651978423,-41398.1500662054,24704.9079609249,-41400.5698366128,0,0,1,0
20131212090452.daq,120,2,1189.4,1,0,right,0.334321623518747,349.221618652344,14,-0.000137767769027142,54.6149787902832,980.672797521518,1.84568989276886,0,2.43727326393127,4.72150030188481,24713.7003738015,-41397.2158574349,24713.2398430142,-41399.6350031141,24712.7793122268,-41402.0541487934,0,0,1,0
20131212090452.daq,120,2,1189.5,1,0,right,0.297979252203902,349.160400390625,14,-0.000135476857467558,54.5143890380859,988.675632333834,1.14256989955902,0,3.85153937339783,4.75316179749969,24721.5605177121,-41398.7042303719,24721.0974024272,-41401.1228826115,24720.6342871423,-41403.5415348512,0,0,1,0
20131212090452.daq,120,2,1189.6,1,0,right,0.257857799883254,349.115051269531,14,-0.000133115360969061,54.4141159057617,996.663737027964,0.74706494808197,0,4.08883237838745,4.7860825929884,24729.4028814245,-41400.2032862328,24728.9378519422,-41402.6215711631,24728.47282246,-41405.0398560933,0,0,1,0
20131212090452.daq,120,2,1189.7,1,0,right,0.179932539868389,349.085357666016,14,-0.000130686874560952,54.3140830993652,1004.63714759772,0.615229964256287,0,4.18374967575073,4.81180260935059,24737.2294231819,-41401.7052260003,24736.7631404832,-41404.1232696038,24736.2968577845,-41406.5413132072,0,0,1,0
20131212090452.daq,120,2,1189.8,1,0,right,0.0941693467604523,349.063659667969,14,-0.000128194967684726,54.2144927978516,1012.59592171726,0.483394980430603,0,4.03188228607178,4.82805539689647,24745.0402397052,-41403.2105498171,24744.5730413232,-41405.6284166652,24744.1058429412,-41408.0462835134,0,0,1,0
20131212090452.daq,120,2,1189.9,1,0,right,0.00878412563793063,349.051574707031,14,-0.000125643293496589,54.115161895752,1020.5401113259,0.26366999745369,0,4.37358379364014,4.83617887872379,24752.8353115314,-41404.7191518922,24752.3676031776,-41407.136920144,24751.8998948238,-41409.5546883958,0,0,1,0
20131212090452.daq,120,2,1190,1,0,right,-0.0743052226296754,349.047180175781,14,-0.000123035752293751,54.0160903930664,1028.46975223105,-0.131834983825684,0,4.53494310379028,4.83243607558898,24760.6146628928,-41406.2233452683,24760.1467690998,-41408.6410776402,24759.6788753069,-41411.058810012,0,0,1,0
20131212090452.daq,120,2,1190.1,1,0,right,-0.159741341687493,349.055114746094,14,-0.000120376433533329,53.9172744750977,1036.38488084613,-0.307614982128143,0,4.57290983200073,4.81961273704797,24768.3782363735,-41407.7306393493,24767.9106774033,-41410.1484364939,24767.443118433,-41412.5662336386,0,0,1,0
20131212090452.daq,120,2,1190.2,1,0,right,-0.243016509760992,349.067749023438,14,-0.000117669329903936,53.8185119628906,1044.28553088052,-0.351559966802597,0,5.33224725723267,4.79658882185083,24776.1300326765,-41409.2337201448,24775.6630068654,-41411.651620332,24775.1959810543,-41414.0695205192,0,0,1,0
20131212090452.daq,120,2,1190.3,1,0,right,-0.34210056210901,349.090728759766,14,-0.000114917879413437,53.7192649841309,1052.17169771834,-0.351559966802597,0,5.71191644668579,4.76204329461579,24783.8660751006,-41410.7322188634,24783.4000190793,-41413.1503061672,24782.9339630579,-41415.5683934709,0,0,1,0
20131212090452.daq,120,2,1190.4,1,0,right,-0.428630859784732,349.10986328125,14,-0.000112124691945956,53.6142616271973,1060.04292462915,-0.395504981279373,0,5.96819305419922,4.71723574142673,24791.5865398719,-41412.22706263,24791.1212914219,-41414.6453054431,24790.6560429719,-41417.0635482563,0,0,1,0
20131212090452.daq,120,2,1190.5,1,0,right,-0.511222926333687,349.131317138672,14,-0.000109291477510492,53.5006217956543,1067.89816093691,-0.395504981279373,0,6.21497774124146,4.66168250205176,24799.2933033803,-41413.7178487282,24798.8289604509,-41416.1362655797,24798.3646175215,-41418.5546824311,0,0,1,0
20131212090452.daq,120,2,1190.6,1,0,right,-0.585954012993056,349.153350830078,14,-0.000106419131262656,53.3762016296387,1075.73593051999,-0.351559966802597,0,5.96819305419922,4.59476092871989,24806.9824809814,-41415.2007845551,24806.5190681137,-41417.6193797957,24806.0556552461,-41420.0379750362,0,0,1,0
20131212090452.daq,120,2,1190.7,1,0,right,-0.651231169022083,349.172454833984,14,-0.000103507839104212,53.2480964660645,1083.5550062299,-0.175779983401299,0,5.44614839553833,4.51693676391989,24814.6541166442,-41416.6760993261,24814.1915102292,-41419.0948489469,24813.7289038141,-41421.5135985677,0,0,1,0
20131212090452.daq,120,2,1190.8,1,0,right,-0.699424202521016,349.182647705078,14,-0.000100556902316161,53.1293678283691,1091.35589477824,0.395504981279373,0,5.66445827484131,4.43339984118068,24822.3082856516,-41418.1480898875,24821.8461095374,-41420.5669217673,24821.3839334231,-41422.9857536472,0,0,1,0
20131212090452.daq,120,2,1190.9,1,0,right,-0.722360380331793,349.174865722656,14,0.0001,53.0185852050781,1099.14009079649,0.966789960861206,0,6.0631103515625,4.34197285685938,24829.9470551608,-41419.6134418708,24829.4845505221,-41422.0322109549,24829.0220458835,-41424.4509800391,0,0,1,0
20131212090452.daq,120,2,1191,1,0,right,-0.721535302343455,349.150604248047,14,0.0001,52.90185546875,1106.90772874876,1.40623998641968,0,6.55667924880981,4.25124115731924,24837.5704059817,-41421.0798701977,24837.1068771746,-41423.4984432208,24836.6433483676,-41425.917016244,0,0,1,0
20131212090452.daq,120,2,1191.1,1,0,right,-0.699283885060368,349.112426757813,14,0.0001,52.7723083496094,1114.65736519697,1.53807497024536,0,6.89838123321533,4.15420033840972,24845.1763516576,-41422.5393951742,24844.711211403,-41424.9576588006,24844.2460711483,-41427.3759224271,0,0,1,0
20131212090452.daq,120,2,1191.2,1,0,right,-0.661994430465882,349.066131591797,14,0.0001,52.6268348693848,1122.38684801543,1.58201992511749,0,7.06923246383667,4.06408455945369,24852.7609121379,-41424.003357067,24852.2938180709,-41426.4212440693,24851.8267240038,-41428.8391310716,0,0,1,0
20131212090452.daq,120,2,1191.3,1,0,right,-0.615381975870093,349.017761230469,14,0.0001,52.4643211364746,1130.09378463756,1.53807497024536,0,7.58178567886353,3.97775057914762,24860.3259645816,-41425.4674550253,24859.8568294477,-41427.884946835,24859.3876943138,-41430.3024386446,0,0,1,0
20131212090452.daq,120,2,1191.4,1,0,right,-0.563112668435508,348.970916748047,14,0.0001,52.2802963256836,1137.775336583,1.40623998641968,0,7.84755373001099,3.89365925134471,24867.861698701,-41426.9275475159,24867.3905872059,-41429.3446549572,24866.9194757108,-41431.7617623984,0,0,1,0
20131212090452.daq,120,2,1191.5,1,0,right,-0.50632970381514,348.926544189453,14,0.0001,52.0746078491211,1145.42829405646,1.31834995746613,0,8.05637168884277,3.81958591856883,24875.3700562686,-41428.3913851535,24874.8970729927,-41430.8081270189,24874.4240897169,-41433.2248688844,0,0,1,0
20131212090452.daq,120,2,1191.6,1,0,right,-0.442859386070211,348.882080078125,14,0.0001,51.8491706848145,1153.04960541188,1.2744048833847,0,7.98992967605591,3.75433928462706,24882.8452095826,-41429.8552291974,24882.3703509486,-41432.2716032788,24881.8954923146,-41434.6879773602,0,0,1,0
20131212090452.daq,120,2,1191.7,1,0,right,-0.401814218931293,348.839172363281,14,0.0001,51.6117057800293,1160.63677914617,1.23045992851257,0,7.29703426361084,3.69767811054016,24890.2832323432,-41431.3189719017,24889.8065642661,-41433.734989693,24889.3298961891,-41436.1510074843,0,0,1,0
20131212090452.daq,120,2,1191.8,1,0,right,-0.37518894688975,348.802520751953,14,0.0001,51.3852500915527,1168.18965109554,0.966789960861206,0,6.12955236434937,3.64284454007903,24897.6879740946,-41432.7783996564,24897.2097606096,-41435.1941120329,24896.7315471247,-41437.6098244094,0,0,1,0
20131212090452.daq,120,2,1191.9,1,0,right,-0.353405166619666,348.771148681641,14,0.0001,51.1889266967773,1175.71131295626,0.74706494808197,0,5.28478908538818,3.59266646509932,24905.0614005454,-41434.2374824283,24904.5818644187,-41436.6529325989,24904.102328292,-41439.0683827694,0,0,1,0
20131212090452.daq,120,2,1192,1,0,right,-0.339728255573846,348.748321533203,14,0.0001,51.0330352783203,1183.20719383475,0.57128494977951,0,6.49023723602295,3.54622521940516,24912.4054260286,-41435.6960065504,24911.9249276032,-41438.1112654778,24911.4444291777,-41440.5265244052,0,0,1,0
20131212090452.daq,120,2,1192.1,1,0,right,-0.332266130753567,348.732147216797,14,0.0001,50.8961181640625,1190.68200729613,0.395504981279373,0,7.27805042266846,3.50204131925507,24919.729839614,-41437.1540956504,24919.248659392,-41439.5692188393,24918.76747917,-41441.9843420282,0,0,1,0
20131212090452.daq,120,2,1192.2,1,0,right,-0.328974107744727,348.720581054688,14,0.0001,50.7482757568359,1198.1361393886,0.395504981279373,0,6.90787315368652,3.46080248983691,24927.0346662565,-41438.6118833967,24926.5529985092,-41441.0269094017,24926.0713307618,-41443.4419354066,0,0,1,0
20131212090452.daq,120,2,1192.3,1,0,right,-0.327389059256006,348.711303710938,14,0.0001,50.5834770202637,1205.56734063521,0.395504981279373,0,7.35398387908936,3.42294344255186,24934.3160277539,-41440.0695214609,24933.8339689713,-41442.4844694425,24933.3519101888,-41444.899417424,0,0,1,0
20131212090452.daq,120,2,1192.4,1,0,right,-0.325823200902107,348.702331542969,14,0.0001,50.4029922485352,1212.97322168639,0.395504981279373,0,7.66721057891846,3.38581897740174,24941.5719948651,-41441.5232333312,24941.0895579224,-41443.9381057958,24940.6071209798,-41446.3529782602,0,0,1,0
20131212090452.daq,120,2,1192.5,1,0,right,-0.323203589822242,348.69287109375,14,0.0001,50.2053108215332,1220.35141291462,0.351559996604919,0,8.54044914245605,3.3445679475695,24948.8025771149,-41442.9691646584,24948.3197414448,-41445.3839574319,24947.8369057747,-41447.7987502054,0,0,1,0
20131212090452.daq,120,2,1192.6,1,0,right,-0.320192823110517,348.683441162109,14,0.0001,49.9838676452637,1227.69896380173,0.351559996604919,0,8.63536643981934,3.30588180120908,24955.999955772,-41444.4111877579,24955.5167226737,-41446.825901032,24955.0334895754,-41449.2406143061,0,0,1,0
20131212090452.daq,120,2,1192.7,1,0,right,-0.318846288156124,348.676208496094,14,0.0001,49.7371635437012,1235.01209699623,0.307614982128143,0,7.90450429916382,3.26838358177973,24963.1641048977,-41445.8491608881,24962.6805669847,-41448.2638131427,24962.1970290718,-41450.6784653971,0,0,1,0
20131212090452.daq,120,2,1192.8,1,0,right,-0.317533246869118,348.669311523438,14,0.0001,49.487117767334,1242.28836827188,0.307614982128143,0,6.41430377960205,3.23086371186895,24970.2911405721,-41447.2792995689,24969.8073119992,-41449.6938936001,24969.3234834263,-41452.1084876313,0,0,1,0
20131212090452.daq,120,2,1192.9,1,0,right,-0.315306505864669,348.662017822266,14,0.0001,49.2662658691406,1249.52981477916,0.307614982128143,0,5.56004905700684,3.19485742286916,24977.3849778109,-41448.7055579634,24976.9008418663,-41451.1200903841,24976.4167059216,-41453.5346228047,0,0,1,0
20131212090452.daq,120,2,1193,1,0,right,-0.314932456400925,348.656982421875,14,0.0001,49.0903091430664,1256.74208932732,0.26366999745369,0,5.8637843132019,3.15722845164066,24984.4475380031,-41450.1238561292,24983.9631898608,-41452.5383459926,24983.4788417185,-41454.952835856,0,0,1,0
20131212090452.daq,120,2,1193.1,1,0,right,-0.315568610879495,348.653442382813,14,0.0001,48.9496078491211,1263.93146319546,0.219724997878075,0,7.03126573562622,3.12329612844578,24991.4885959277,-41451.5420564717,24991.0040986062,-41453.9565164049,24990.5196012848,-41456.370976338,0,0,1,0
20131212090452.daq,120,2,1193.2,1,0,right,-0.318999453022343,348.653015136719,14,0.0001,48.811393737793,1271.10077906004,0.0439449995756149,0,7.65771865844727,3.08463009498043,24998.5081322818,-41452.9522406727,24998.0236169561,-41455.366696993,24997.5391016304,-41457.7811533132,0,0,1,0
20131212090452.daq,120,2,1193.3,1,0,right,-0.327151637847862,348.65771484375,14,0.0001,48.6527519226074,1278.24850070085,-0.131834983825684,0,7.61975193023682,3.05005187595522,25005.5100292496,-41454.3620894638,25005.0257119722,-41456.7765855185,25004.5413946948,-41459.1910815733,0,0,1,0
20131212090452.daq,120,2,1193.4,1,0,right,-0.339084312888019,348.666656494141,14,0.0001,48.4683113098145,1285.37097632528,-0.175779983401299,0,7.30652523040771,3.01471756884885,25012.4864848355,-41455.7677545062,25012.0025443732,-41458.1823261147,25011.518603911,-41460.5968977231,0,0,1,0
20131212090452.daq,120,2,1193.5,1,0,right,-0.351145934314047,348.676116943359,14,0.0001,48.2722015380859,1292.46531066483,-0.219724982976913,0,7.07872438430786,2.9770613423177,25019.4375434938,-41457.1655731272,25018.9540017225,-41459.5802246091,25018.4704599512,-41461.9948760909,0,0,1,0
20131212090452.daq,120,2,1193.6,1,0,right,-0.36467927040826,348.687438964844,14,0.0001,48.0811882019043,1299.53112499128,-0.219724982976913,0,6.99329900741577,2.93740543257356,25026.3592828646,-41458.5554574934,25025.8762182537,-41460.9702044791,25025.3931536428,-41463.3849514649,0,0,1,0
20131212090452.daq,120,2,1193.7,1,0,right,-0.380050535272176,348.700988769531,14,0.0001,47.8992500305176,1306.56963167321,-0.307614982128143,0,7.08821630477905,2.89573764086177,25033.2536516059,-41459.9373836636,25032.7711580689,-41462.3522448212,25032.2886645319,-41464.7671059787,0,0,1,0
20131212090452.daq,120,2,1193.8,1,0,right,-0.396868703175585,348.716400146484,14,0.0001,47.7195281982422,1313.58170519382,-0.307614982128143,0,7.19262504577637,2.85436711191581,25040.1206540158,-41461.3152818601,25039.6388100438,-41463.730272711,25039.1569660718,-41466.145263562,0,0,1,0
20131212090452.daq,120,2,1193.9,1,0,right,-0.414746782581517,348.733245849609,14,0.0001,47.536735534668,1320.56724792211,-0.351559966802597,0,7.6387357711792,2.81144112681679,25046.9622482643,-41462.6852737947,25046.4811143518,-41465.1004062097,25045.9999804393,-41467.5155386246,0,0,1,0
20131212090452.daq,120,2,1194,1,0,right,-0.430978231633105,348.748809814453,14,0.0001,47.3438148498535,1327.52534910123,-0.351559966802597,0,8.20823955535889,2.76575367329982,25053.7765138922,-41464.0475371161,25053.2960360499,-41466.4628001383,25052.8155582075,-41468.8780631605,0,0,1,0
20131212090452.daq,120,2,1194.1,1,0,right,-0.446329811019439,348.763885498047,14,0.0001,47.1318168640137,1334.45384630156,-0.351559966802597,0,8.44553184509277,2.71772512254737,25060.5653945137,-41465.4020199211,25060.0855521927,-41467.8174092832,25059.6057098718,-41470.2327986453,0,0,1,0
20131212090452.daq,120,5,1273.85,1,0,left,-3.11065472188557,277.370529174805,12,0.000328924855125524,59.024528503418,0,1.58201992511749,0.286662995815277,-0.0400659665465355,-3.68380477456538,26074.208559726,-45340.8421919129,26071.7663164307,-45341.1581066321,26069.3240731353,-45341.4740213512,1,0,0,0
20131212090452.daq,120,5,1273.95,1,0,left,-2.88864702553423,277.383850097656,12,0.000332558707228244,59.0301780700684,8.65733475191519,2.10935997962952,0.286485582590103,-0.0780328437685966,-4.07394822480236,26075.2933183659,-45349.4276989445,26072.8511485848,-45349.7441814619,26070.4089788037,-45350.0606639794,1,0,0,0
20131212090452.daq,120,5,1274.05,1,0,left,-2.64973999801452,277.362915039063,12,0.000336139548439658,59.0382537841797,17.3156861907773,2.19724988937378,0.286843776702881,-0.0875245034694672,-4.48474441654087,26076.3975702423,-45358.0143128844,26073.9552849861,-45358.3299030468,26071.5129997298,-45358.6454932092,1,0,0,0
20131212090452.daq,120,5,1274.15,1,0,left,-2.39434755875544,277.340118408203,12,0.00033969053207097,59.0471153259277,25.9753060871735,1.31834995746613,0.287475049495697,-0.0115907499566674,-4.87348034982665,26077.5114792567,-45366.6009864685,26075.069068628,-45366.9156048786,26072.6266579992,-45367.2302232887,1,0,0,0
20131212090452.daq,120,5,1274.25,1,0,left,-2.15006813938089,277.342712402344,12,0.000343229289902741,59.0561866760254,34.636233558791,-0.0439449958503246,0.286671668291092,-0.0590492896735668,-5.22894863324573,26078.6307707073,-45375.1868402372,26076.188374325,-45375.501569224,26073.7459779427,-45375.8162982109,1,0,0,0
20131212090452.daq,120,5,1274.35,1,0,left,-1.96451110752469,277.379943847656,12,0.000346767139421988,59.065559387207,43.2985133648763,-0.834954977035522,0.285896092653275,0.0168844666332006,-5.54860034943317,26079.7501225795,-45383.7754814445,26077.3079312273,-45384.0917974615,26074.8657398751,-45384.4081134786,1,0,0,0
20131212090452.daq,120,5,1274.45,1,0,left,-1.78019733881428,277.438873291016,12,0.000350309631842697,59.0746612548828,51.9621636888623,-0.966789960861206,0.287228405475616,0.0168844666332006,-5.83853960298022,26080.8726873459,-45392.3595127016,26078.4308226205,-45392.678340376,26075.988957895,-45392.9971680504,0,1,0,1
20131212090452.daq,120,5,1274.55,1,0,left,-1.59135707468818,277.501968383789,12,0.000353858270702361,59.0836448669434,60.6271266234544,-0.483394980430603,0.286227166652679,-0.00209908839315176,-6.09332343051666,26081.9993982352,-45400.9473115559,26079.5578860888,-45401.2688280597,26077.1163739423,-45401.5903445634,0,1,0,1
20131212090452.daq,120,5,1274.65,1,0,left,-1.42480296965789,277.555618286133,12,0.000357412491388948,59.0929794311523,69.293430003323,0,0.286346137523651,-0.0115907499566674,-6.31783434688986,26083.1314182319,-45409.5354133533,26080.6902082134,-45409.8592158682,26078.2489981948,-45410.1830183832,0,1,0,1
20131212090452.daq,120,5,1274.75,1,0,left,-1.23025872743318,277.599243164063,12,0.000360971382440088,59.1020622253418,77.9610972337978,0.131834998726845,0.287068605422974,-0.0305740740150213,-6.5184038990969,26084.2726208154,-45418.1238385032,26081.831658047,-45418.4494996559,26079.3906952785,-45418.7751608087,0,1,0,1
20131212090452.daq,120,5,1274.85,1,0,left,-1.01933899256875,277.634353637695,12,0.000364534487756706,59.1110382080078,86.6300789865199,0.17577999830246,0.286734163761139,-0.0210824124515057,-6.68385593857785,26085.4172349377,-45426.7164453765,26082.9764721905,-45427.0436022738,26080.5357094434,-45427.3707591711,0,1,0,1
20131212090452.daq,120,5,1274.95,1,0,left,-0.828468412242728,277.665161132813,12,0.000368102012764768,59.1201171875,95.3003843531915,0.351559996604919,0.286318361759186,-0.0115907499566674,-6.82389154549212,26086.5713645852,-45435.3052850687,26084.1307781006,-45435.6337542978,26081.6901916159,-45435.9622235269,0,1,0,1
20131212090452.daq,120,5,1275.05,1,0,left,-0.618031040469361,277.692504882813,12,0.000371674512771665,59.128662109375,103.971995849744,0.439449995756149,0.28675439953804,-0.0305740740150213,-6.93512276073132,26087.7311523634,-45443.8981430948,26085.2907229149,-45444.2277770282,26082.8502934663,-45444.5574109616,0,1,0,1
20131212090452.daq,120,5,1275.15,1,0,left,-0.400334775280157,277.719863891602,12,0.000375252400166303,59.1368675231934,112.644825403113,0.26366999745369,0.286683470010757,-0.0305740740150213,-7.01461575403696,26088.8967999747,-45452.4870936163,26086.4565282062,-45452.8178928288,26084.0162564376,-45453.1486920413,0,1,0,1
20131212090452.daq,120,5,1275.25,1,0,left,-0.209840800676318,277.752212524414,12,0.000378835548606253,59.1450004577637,121.3188512864,-0.175779983401299,0.287395656108856,-0.0400659665465355,-7.06250957627255,26090.0666423716,-45461.0797865081,26087.6265577579,-45461.4119634212,26085.1864731442,-45461.7441403343,0,1,0,1
20131212090452.daq,120,5,1275.35,1,0,left,-0.0175700571355151,277.803161621094,12,0.00038242261419807,59.1525459289551,129.994037086144,-0.878899931907654,0.287456274032593,-0.0495576299726963,-7.08248046605577,26091.2434202792,-45469.671869418,26088.8036320118,-45470.0062159947,26086.3638437443,-45470.3405625713,0,1,0,1
20131212090452.daq,120,5,1275.45,1,0,left,0.151326358105507,277.877975463867,12,0.000386010664133837,59.1599922180176,138.670309882102,-1.75779986381531,0.286616742610931,-0.0780328437685966,-7.07120168242489,26092.4254834367,-45478.2631667045,26089.9861338213,-45478.6006987436,26087.5467842059,-45478.9382307827,0,1,1,1
20131212090452.daq,120,5,1275.55,1,0,left,0.276904557927878,277.975524902344,12,0.000389595274866491,59.1674728393555,147.347678206497,-2.28513979911804,0.287429213523865,-0.0495576299726963,-7.03312452426129,26093.6166697749,-45486.8537101362,26091.1778983629,-45487.1953948204,26088.7391269509,-45487.5370795047,0,1,1,1
20131212090452.daq,120,5,1275.65,1,0,left,0.408364379998204,278.087951660156,12,0.000393170967635116,59.1744232177734,156.026114178079,-2.28513979911804,0.287112653255463,-0.0210824124515057,-6.97364699431106,26094.8204281578,-45495.439846379,26092.3823318999,-45495.7863158013,26089.944235642,-45496.1327852237,0,1,1,1
20131212090452.daq,120,5,1275.75,1,0,left,0.53514628842953,278.203598022461,12,0.000396731952716141,59.1813163757324,164.7055546677,-1.97752487659454,0.286202728748322,-0.00209908839315176,-6.8882901277544,26096.0360836225,-45504.0258631635,26093.5986916477,-45504.3772529541,26091.161299673,-45504.7286427448,0,1,1,1
20131212090452.daq,120,5,1275.85,1,0,left,0.650450502621709,278.312744140625,12,0.00040027298263626,59.1883163452148,173.386015201191,-1.53807497024536,0.286317706108093,0.00739280506968498,-6.78269644726616,26097.2669820216,-45512.6120827098,26094.8302638521,-45512.9681149921,26092.3935456826,-45513.3241472745,0,1,1,1
20131212090452.daq,120,5,1275.95,1,0,left,0.798648844221134,278.412185668945,12,0.0004037897558459,59.1947326660156,182.067470834634,-1.31834995746613,0.287078619003296,-0.0305740740150213,-6.65691853103334,26098.5129402202,-45521.1986140731,26096.0768436436,-45521.5588749415,26093.6407470671,-45521.9191358099,0,1,1,1
20131212090452.daq,120,5,1276.05,1,0,left,0.945595035889994,278.506454467773,12,0.000407278960031417,59.2010383605957,190.74984687609,-1.31834995746613,0.286966025829315,-0.0685409530997276,-6.51038272541635,26099.7761734873,-45529.7853085715,26097.3406729453,-45530.1495770624,26094.9051724033,-45530.5138455533,0,1,1,1
20131212090452.daq,120,5,1276.15,1,0,left,1.07467762395174,278.598403930664,12,0.000410737991911478,59.2074394226074,199.433153955848,-1.31834995746613,0.286827176809311,-0.0400659665465355,-6.3447735131382,26101.0548933861,-45538.368165714,26098.6199805658,-45538.7363422762,26096.1850677455,-45539.1045188385,0,1,1,1
20131212090452.daq,120,5,1276.25,1,0,left,1.22430820476501,278.690292358398,12,0.000414164571537484,59.213264465332,208.117365684666,-1.31834995746613,0.286860197782516,-0.0495576299726963,-6.15889192501008,26102.3472767083,-45546.9471101862,26099.9129574843,-45547.3191912784,26097.4786382603,-45547.6912723706,0,1,1,1
20131212090452.daq,120,5,1276.35,1,0,left,1.36614294876239,278.787521362305,12,0.00041755627619581,59.2190132141113,216.80241795427,-1.58201992511749,0.286379426717758,-0.0305740740150213,-5.94921402678381,26103.6536330304,-45555.529772299,26101.2199487202,-45555.905983811,26098.78626441,-45556.282195323,0,1,1,1
20131212090452.daq,120,5,1276.45,1,0,left,1.47705444411895,278.903686523438,12,0.000420909889614692,59.2248573303223,225.488321348341,-2.63669991493225,0.286398231983185,0.0263761281967163,-5.72148378900546,26104.9766928449,-45564.1078778559,26102.5437762916,-45564.4890227999,26100.1108597384,-45564.870167744,0,1,1,1
20131212090452.daq,120,5,1276.55,1,0,left,1.56975233242792,279.06169128418,12,0.000424220559177147,59.2300567626953,234.175042670468,-4.52633476257324,0.286985844373703,-0.0305740740150213,-5.47657958536381,26106.3177612935,-45572.6806415958,26103.8859050747,-45573.0684943441,26101.4540488558,-45573.4563470923,0,0,1,0
20131212090452.daq,120,5,1276.65,1,0,left,1.60897353585096,279.262542724609,12,0.00042748096767636,59.2350158691406,242.862500887801,-5.44917964935303,0.286489516496658,-0.0305740740150213,-5.21212845158243,26107.6768839888,-45581.2519155642,26105.2464023345,-45581.6482908299,26102.8159206801,-45582.0446660957,0,0,1,0
20131212090452.daq,120,5,1276.75,1,0,left,1.57054568982693,279.523178100586,12,0.000430680838246694,59.2398948669434,251.550684251095,-7.38275957107544,0.287344485521317,0.0168844666332006,-4.94212653125966,26109.0647743964,-45589.8171842082,26106.6361209722,-45590.2246114632,26104.2074675479,-45590.6320387182,0,0,1,0
20131212090452.daq,120,5,1276.85,1,0,left,1.48406770596574,279.854949951172,12,0.000433807213710444,59.2435722351074,260.239503801364,-9.18450450897217,0.287013947963715,-0.0400659665465355,-4.66913867796587,26110.4840007108,-45598.376006284,26108.0577472017,-45598.7974897747,26105.6314936925,-45599.2189732654,0,0,1,0
20131212090452.daq,120,5,1276.95,1,0,left,1.33549579411084,280.241287231445,12,0.00043684534957911,59.2465858459473,268.928804979441,-9.84367942810059,0.287479102611542,-0.0115907499566674,-4.4006195267825,26111.9433499536,-45606.9249888872,26109.5199935821,-45607.3628225542,26107.0966372106,-45607.8006562211,0,0,1,0
20131212090452.daq,120,5,1277.05,1,0,left,1.13486142697315,280.667083740234,12,0.000439780148938313,59.2491493225098,277.618517382827,-10.4149646759033,0.288252532482147,0.00739280506968498,-4.14600440149529,26113.4497464829,-45615.4607018334,26111.0297107828,-45615.9165325408,26108.6096750828,-45616.3723632483,0,0,1,0
20131212090452.daq,120,5,1277.15,1,0,left,0.934315008193266,281.115661621094,12,0.000442597942646716,59.2506103515625,286.30852505716,-10.3270740509033,0.286858439445496,0.0453596822917461,-3.91244436765226,26115.0119913585,-45623.9876038261,26112.5955985625,-45624.4623672189,26110.1792057666,-45624.9371306117,0,0,1,0
20131212090452.daq,120,5,1277.25,1,0,left,0.73083756751538,281.556991577148,12,0.00044528816525345,59.2519874572754,294.998730697786,-9.05266952514648,0.288395166397095,-0.0305740740150213,-3.70051172447122,26116.6323003562,-45632.5067613497,26114.2196361486,-45633.0001231285,26111.806971941,-45633.4934849073,0,0,1,0
20131212090452.daq,120,5,1277.35,1,0,left,0.539374811460107,281.969696044922,12,0.000447844583703912,59.2538681030273,303.689172256782,-7.91009950637817,0.286946028470993,0.00739280506968498,-3.51817635956576,26118.3153543627,-45641.0111605036,26115.9063064239,-45641.5218878787,26113.497258485,-45642.0326152538,0,0,1,0
20131212090452.daq,120,5,1277.45,1,0,left,0.398578886622033,282.358474731445,12,0.000450265616231804,59.2556343078613,312.379883956295,-7.55853986740112,0.287940204143524,0.0168844666332006,-3.3607898489954,26120.0594806903,-45649.508473891,26117.6539537084,-45650.0355359011,26115.2484267264,-45650.5625979113,0,0,1,0
20131212090452.daq,120,5,1277.55,1,0,left,0.265805550600135,282.728652954102,12,0.000452553971831881,59.2579383850098,321.070885425113,-7.51459455490112,0.287549376487732,-0.00209908839315176,-3.22794695681644,26121.8630354049,-45657.990716382,26119.4609638626,-45658.5333089816,26117.0588923203,-45659.0759015813,0,0,1,0
20131212090452.daq,120,6,1300.4,1,0,left,-1.47541924718206,304.18684387207,12,-0.00151392181506135,54.9100227355957,0,28.7839736938477,0.205901846289635,-0.0875245034694672,-3.46560168830891,27199.5998561277,-47146.1411047278,27197.5627771719,-47147.5248184812,27195.5256982162,-47148.9085322346,1,0,0,0
20131212090452.daq,120,6,1300.5,1,0,left,-1.39557712670239,303.139389038086,12,-0.00154368286958133,54.836109161377,8.04811607961892,28.5203037261963,0.206079706549644,-0.0875245034694672,-3.8128101761065,27204.2360411514,-47152.7726330357,27202.1740075937,-47154.1188767098,27200.1119740359,-47155.4651203839,1,0,0,0
20131212090452.daq,120,6,1300.6,1,0,left,-1.32879750046993,302.095367431641,12,-0.00157310397823854,54.759033203125,16.085142923519,28.959753036499,0.206038907170296,-0.0970161706209183,-4.18928132583201,27208.7443669004,-47159.4774624574,27206.658146283,-47160.7859111415,27204.5719256657,-47162.0943598257,1,0,0,0
20131212090452.daq,120,6,1300.7,1,0,left,-1.2740619109685,301.036270141602,12,-0.00160211904050213,54.6798248291016,24.1106978404132,29.6628742218018,0.205264329910278,-0.0780328437685966,-4.55535610977527,27213.1202054994,-47166.2526549832,27211.0101563379,-47167.522319096,27208.9001071763,-47168.7919832087,1,0,0,0
20131212090452.daq,120,6,1300.8,1,0,left,-1.2475795029282,299.941299438477,12,-0.0016306694464162,54.5992317199707,32.1245319504233,30.8054428100586,0.205527171492577,-0.0875245034694672,-4.91489758055962,27217.3626685755,-47173.1031489662,27215.2287418471,-47174.3322588642,27213.0948151187,-47175.5613687621,1,0,0,0
20131212090452.daq,120,6,1300.9,1,0,left,-1.11886456415948,298.826629638672,12,-0.00165870456882373,54.5170593261719,40.1264312951389,31.9040679931641,0.205580234527588,-0.0685409530997276,-5.2608036102562,27221.4684421607,-47180.0241031025,27219.3110088434,-47181.2114682126,27217.153575526,-47182.3988333227,1,0,0,0
20131212090452.daq,120,6,1301,1,0,left,-0.976092631466258,297.676635742188,12,-0.00168618197373726,54.4334945678711,48.1161691411689,32.1677360534668,0.199477553367615,-0.0780328437685966,-5.5980043023076,27225.4348547829,-47187.0084237578,27223.2540257958,-47188.1522503847,27221.0731968087,-47189.2960770116,1,0,0,0
20131212090452.daq,120,6,1301.1,1,0,left,-0.835454335131885,296.531173706055,12,-0.00171306771823116,54.348575592041,56.0935639339295,32.7390213012695,0.181219175457954,-0.134983047842979,-5.91645518880898,27229.2596782269,-47194.0618326782,27227.0564190912,-47195.1618343165,27224.8531599555,-47196.2618359548,0,1,0,1
20131212090452.daq,120,6,1301.2,1,0,left,-0.661975321405635,295.332748413086,12,-0.00173933684874739,54.2590827941895,64.0582229113061,34.6726036071777,0.156689167022705,-0.125491380691528,-6.21680411367103,27232.9383881145,-47201.1793053654,27230.712604452,-47202.2329853507,27228.4868207896,-47203.2866653359,0,1,0,1
20131212090452.daq,120,6,1301.3,1,0,left,-0.449365341583302,294.127639770508,12,-0.00176497482159812,54.1617584228516,72.0092070622341,34.8923263549805,0.105959393084049,-0.115999720990658,-6.49744531883468,27236.4671310847,-47208.3584605747,27234.2196792015,-47209.3650957897,27231.9722273183,-47210.3717310048,0,1,0,1
20131212090452.daq,120,6,1301.4,1,0,left,-0.221845183111498,292.892776489258,12,-0.00178997871501555,54.0535125732422,79.9451899287087,34.277099609375,0.0441562198102474,-0.125491380691528,-6.74711723567775,27239.8389594129,-47215.596424362,27237.5703357328,-47216.5543914918,27235.3017120528,-47217.5123586216,0,1,0,1
20131212090452.daq,120,6,1301.5,1,0,left,0.032841617096949,291.653503417969,12,-0.00181435802898219,53.9237289428711,87.8637877560832,34.277099609375,0,-0.0780328437685966,-6.97232703785331,27243.0530820301,-47222.8880165232,27240.7642703611,-47223.7966944458,27238.475458692,-47224.7053723683,0,1,0,1
20131212090452.daq,120,6,1301.6,1,0,left,0.276343420050125,290.412261962891,12,-0.00183813355909792,53.7834053039551,95.7623726654856,34.233154296875,0,-0.0875245034694672,-7.1622217604238,27246.1018214315,-47230.2291814822,27243.793863,-47231.0880658177,27241.4859045684,-47231.9469501532,0,1,0,1
20131212090452.daq,120,6,1301.7,1,0,left,0.538202230999104,289.155395507813,12,-0.00186133194743878,53.6412887573242,103.640203472256,33.7497596740723,0.0331889614462852,-0.0875245034694672,-7.3244804910128,27248.9884196419,-47237.6126683407,27246.6621771233,-47238.4207216608,27244.3359346047,-47239.2287749809,0,1,0,1
20131212090452.daq,120,6,1301.8,1,0,left,0.761265753191537,287.928451538086,12,-0.00188397569574345,53.4993476867676,111.497195600139,33.6179237365723,0.0395695008337498,-0.0970161706209183,-7.45191358300393,27251.7073828967,-47245.0364683891,27249.3643712258,-47245.7945255991,27247.0213595549,-47246.552582809,0,1,0,1
20131212090452.daq,120,6,1301.9,1,0,left,1.05407980719167,286.683898925781,12,-0.00190607421294053,53.3576698303223,119.333389472318,34.057373046875,0.0398658215999603,-0.0400659665465355,-7.54417973790001,27254.2582983523,-47252.4987123286,27251.89937453,-47253.2057008888,27249.5404507077,-47253.9126894489,0,1,0,1
20131212090452.daq,120,6,1302,1,0,left,1.26954477961323,285.453643798828,12,-0.00192761947694933,53.2163696289063,127.14883628214,34.7165489196777,0.0373868495225906,-0.0685409530997276,-7.6007769681645,27256.6389337136,-47259.9902228807,27254.2653743639,-47260.6464015432,27251.8918150143,-47261.3025802057,0,1,0,1
20131212090452.daq,120,6,1302.1,1,0,left,1.55828079122233,284.218505859375,12,-0.00194858539166528,53.0759162902832,134.943605359746,34.3649864196777,0.0369803011417389,-0.144474700093269,-7.62156998007568,27258.8502764931,-47267.5156799761,27256.4631243404,-47268.1205427898,27254.0759721877,-47268.7254056034,0,1,1,1
20131212090452.daq,120,6,1302.2,1,0,left,1.78594831014135,282.97673034668,12,-0.00196893230874449,52.9367599487305,142.717873504065,34.145263671875,0.0370905362069607,-0.125491380691528,-7.6027248522589,27260.8902957655,-47275.0672979101,27258.4905960312,-47275.6202858022,27256.0908962969,-47276.1732736942,0,1,1,1
20131212090452.daq,120,6,1302.3,1,0,left,2.01916948279802,281.761245727539,12,-0.00198861372233538,52.7987327575684,150.471809494615,33.793701171875,0.0382309965789318,-0.0970161706209183,-7.55017634679183,27262.7627870762,-47282.6438240941,27260.3518969847,-47283.1457836443,27257.9410068931,-47283.6477431945,0,1,1,1
20131212090452.daq,120,6,1302.4,1,0,left,2.28443307802928,280.540679931641,12,-0.00200758276095698,52.662467956543,158.205619037341,32.4314079284668,0.0716556459665298,-0.106507830321789,-7.46194439683663,27264.4660784591,-47290.234724915,27262.0450430125,-47290.6852155252,27259.6240075659,-47291.1357061353,0,1,1,1
20131212090452.daq,120,6,1302.5,1,0,left,2.46398264373437,279.371231079102,12,-0.00202579717489279,52.5288200378418,165.91963540185,31.11305809021,0.118601553142071,-0.0875245034694672,-7.34069275633268,27266.0033913837,-47297.8419414615,27263.5736660138,-47298.2429265613,27261.1439406438,-47298.643911661,0,1,1,1
20131212090452.daq,120,6,1302.6,1,0,left,2.6338417581693,278.235778808594,12,-0.00204322234682716,52.3977165222168,173.614236290698,30.1902141571045,0.139793932437897,-0.0970161706209183,-7.18840226972128,27267.3777823542,-47305.458389594,27264.9405881257,-47305.8111483163,27262.5033938973,-47306.1639070387,0,1,1,1
20131212090452.daq,120,6,1302.7,1,0,left,2.81345259737742,277.11930847168,12,-0.00205983149249197,52.2691993713379,181.289796142679,29.7068195343018,0.153063461184502,-0.0970161706209183,-7.0054358763387,27268.5904234665,-47313.0846514245,27266.1468184829,-47313.3898548118,27263.7032134994,-47313.6950581992,0,1,1,1
20131212090452.daq,120,6,1302.8,1,0,left,2.88336027759817,276.049591064453,12,-0.00207560256778026,52.1433792114258,188.946705715091,29.179479598999,0.159034907817841,-0.0875245034694672,-6.80257966943023,27269.6488695924,-47320.7081992783,27267.199992639,-47320.9677297979,27264.7511156856,-47321.2272603175,0,1,1,1
20131212090452.daq,120,6,1302.9,1,0,left,3.01084599373814,274.977554321289,12,-0.00209051302904323,52.0199584960938,196.585343782805,29.047643661499,0.161288172006607,-0.115999720990658,-6.57636219721792,27270.554215837,-47328.3345471818,27268.1009118483,-47328.5482150615,27265.6476078597,-47328.7618829411,0,1,1,1
20131212090452.daq,120,6,1303,1,0,left,3.09325232755168,273.922286987305,12,-0.00210453384042283,51.8985748291016,204.206030420799,28.9158096313477,0.162133559584618,-0.0875245034694672,-6.33074141479616,27271.3095783253,-47335.9592210919,27268.8527553392,-47336.1276706053,27266.3959323532,-47336.2961201188,0,1,1,1
20131212090452.daq,120,6,1303.1,1,0,left,3.1527806513979,272.889785766602,12,-0.00211762350892251,51.7790908813477,211.809051715114,28.3445243835449,0.16240194439888,-0.125491380691528,-6.07027623491933,27271.9192744882,-47343.5781936716,27269.4598150179,-47343.7023449396,27267.0003555476,-47343.8264962076,0,1,1,1
20131212090452.daq,120,6,1303.2,1,0,left,3.24961109242815,271.870544433594,12,-0.00212972733898808,51.6617851257324,219.394694451083,26.6306686401367,0.162021547555923,-0.0875245034694672,-5.79625410155955,27272.3866860531,-47351.1917823698,27269.9254072989,-47351.2721646892,27267.4641285446,-47351.3525470086,0,1,1,1
20131212090452.daq,120,6,1303.3,1,0,left,3.21386312672422,270.911026000977,12,-0.00214078868361929,51.5492210388184,226.963455083023,25.3123188018799,0.165795639157295,-0.0780328437685966,-5.51325511642504,27272.7166579343,-47358.7910222757,27270.2543782293,-47358.8301768158,27267.7920985244,-47358.8693313558,0,0,1,0
20131212090452.daq,120,6,1303.4,1,0,left,3.22542735681253,269.978576660156,12,-0.00215076789006528,51.4416847229004,234.516083654176,25.3562641143799,0.173165008425713,-0.0590492896735668,-5.22785765482008,27272.9150796057,-47366.3768924737,27270.4524887798,-47366.3759716917,27267.9898979539,-47366.3750509097,0,0,1,0
20131212090452.daq,120,6,1303.5,1,0,left,3.22239806625521,269.052932739258,12,-0.00215965395402363,51.3392448425293,242.053301347391,25.3562641143799,0.173774585127831,-0.106507830321789,-4.93565854983734,27272.9826924299,-47373.9499457996,27270.5204378418,-47373.9092423983,27268.0581832538,-47373.8685389969,0,0,1,0
20131212090452.daq,120,6,1303.6,1,0,left,3.03764936148104,268.161117553711,12,-0.00216746519345777,51.2426147460938,249.575924692021,24.7410335540771,0.174055218696594,-0.134983047842979,-4.64837090388812,27272.9251160025,-47381.505680605,27270.4637932043,-47381.426658415,27268.0024704062,-47381.347636225,0,0,1,0
20131212090452.daq,120,6,1303.7,1,0,left,3.02673529239962,267.291549682617,12,-0.00217424645250877,51.1510963439941,257.084758188357,23.2908496856689,0.180909991264343,-0.0970161706209183,-4.36638638332544,27272.7455782552,-47389.0483473222,27270.2857381769,-47388.9319806079,27267.8258980985,-47388.8156138935,0,0,1,0
20131212090452.daq,120,6,1303.8,1,0,left,2.89186226467439,266.457824707031,12,-0.00218006669171557,51.0641746520996,264.580509358362,22.2361679077148,0.188071563839912,-0.125491380691528,-4.08558655415241,27272.4488795889,-47396.5699109456,27269.9909931485,-47396.417764076,27267.5331067082,-47396.2656172064,0,0,1,0
20131212090452.daq,120,6,1303.9,1,0,left,2.82030937567424,265.672210693359,12,-0.00218501566324424,50.9821395874023,272.063860500362,21.5769939422607,0.190941154956818,-0.0780328437685966,-3.81917521675235,27272.0397492428,-47404.0741291504,27269.5841799525,-47403.8882962032,27267.1286106623,-47403.7024632559,0,0,1,0
20131212090452.daq,120,6,1304,1,0,left,2.58297186862899,264.898468017578,12,-0.00218919862731963,50.9053077697754,279.535564455015,21.5330486297607,0.192539691925049,-0.115999720990658,-3.57088832328729,27271.5256929348,-47411.5579070169,27269.0728570276,-47411.3389311373,27266.6200211204,-47411.1199552577,0,0,1,0
20131212090452.daq,120,6,1304.1,1,0,left,2.39998877737082,264.133819580078,12,-0.00219273134679424,50.8331031799316,286.996347673776,21.9285545349121,0.193032547831535,-0.0970161706209183,-3.34237139615444,27270.9065513022,-47419.0213227732,27268.456856109,-47418.769632718,27266.0071609158,-47418.5179426628,0,0,1,0
20131212090452.daq,120,6,1304.2,1,0,left,2.24322544123646,263.377151489258,12,-0.00219573265016992,50.7648506164551,294.4468343146,22.1922245025635,0.193156227469444,-0.0970161706209183,-3.13214635556592,27270.1842213997,-47426.4683226539,27267.7380636364,-47426.1843039562,27265.2919058731,-47425.9002852584,0,0,1,0
20131212090452.daq,120,6,1304.3,1,0,left,2.11563900288832,262.601593017578,12,-0.00219831113625523,50.6996955871582,301.887552163171,22.5877285003662,0.193151831626892,-0.115999720990658,-2.95998021840061,27269.3628451265,-47433.8915537908,27266.9207558315,-47433.5744508123,27264.4786665366,-47433.2573478339,0,0,1,0
20131212090452.daq,120,7,1306,1,0,left,-1.80554755272323,250.523300170898,12,-0.00219882187069205,49.3271141052246,0,15.600474357605,0,-2.11875247955322,-3.36411643572671,27240.997134748,-47555.7410862446,27238.6754601992,-47554.9200005532,27236.3537856504,-47554.0989148617,1,0,0,0
20131212090452.daq,120,7,1306.1,1,0,left,-2.14491571006414,250.015747070313,12,-0.00219801866909387,49.2311058044434,7.2276018755656,14.8973541259766,0,7.81907796859741,-3.64742644255498,27238.6079320824,-47562.5820874362,27236.2936220969,-47561.7404677392,27233.9793121114,-47560.8988480421,1,0,0,0
20131212090452.daq,120,7,1306.2,1,0,left,-2.28185099143184,249.261169433594,12,-0.00219739644501068,49.1184692382813,14.4404161919083,31.15700340271,0,9.85979843139648,-3.97851831824621,27236.1378423867,-47569.3840369694,27233.8348167981,-47568.5120119916,27231.5317912096,-47567.6399870138,1,0,0,0
20131212090452.daq,120,7,1306.3,1,0,left,-2.31378666477093,248.35954284668,12,-0.00219697756224125,48.9625282287598,21.633437423312,29.5310382843018,0,-2.06180214881897,-4.33838180012007,27233.5896030908,-47576.1462851739,27231.3005845749,-47575.2381284379,27229.0115660589,-47574.329971702,1,0,0,0
20131212090452.daq,120,7,1306.4,1,0,left,-2.35199951657603,247.5107421875,12,-0.00219678211282532,48.8020896911621,28.8026125761098,18.9402942657471,0,-2.10926079750061,-4.71685020535304,27230.9608912425,-47582.8529526131,27228.6855771766,-47581.9109864117,27226.4102631106,-47580.9690202103,1,0,0,0
20131212090452.daq,120,7,1306.5,1,0,left,-2.45100679281433,246.681762695313,12,-0.00219683379635386,48.6580352783203,35.9497330446757,25.9275493621826,0,15.383978843689,-5.10468910512365,27228.2456179874,-47589.5002277124,27225.9841703576,-47588.525441048,27223.7227227277,-47587.5506543837,1,0,0,0
20131212090452.daq,120,7,1306.6,1,0,left,-2.36077229852503,245.708740234375,12,-0.00219715928660325,48.4691429138184,43.0733146413695,35.9470062255859,0,14.2544651031494,-5.49778062961602,27225.4426723017,-47596.0837837092,27223.1981042345,-47595.070734542,27220.9535361674,-47594.0576853747,1,0,0,0
20131212090452.daq,120,7,1306.7,1,0,left,-2.17024047482164,244.617462158203,12,-0.00219778134808018,48.2018356323242,50.1634847886016,33.3981971740723,0,13.5141105651855,-5.88989203064674,27222.5459902729,-47602.5993380714,27220.3211230875,-47601.5437243017,27218.0962559021,-47600.4881105319,0,1,0,1
20131212090452.daq,120,7,1306.8,1,0,left,-1.93992221971467,243.471343994141,12,-0.00219871367966185,47.8550758361816,57.2085832442535,32.1677360534668,0,11.359489440918,-6.25606690410939,27219.5442004109,-47609.0233637887,27217.3408929408,-47607.9234589675,27215.1375854708,-47606.8235541462,0,1,0,1
20131212090452.daq,120,7,1306.9,1,0,left,-1.62379441935121,242.301605224609,12,-0.00219996002524085,47.4485511779785,64.1979430944484,32.4314079284668,0,8.56892395019531,-6.59529059028631,27216.4452736136,-47615.3402375965,27214.2648791711,-47614.1955828456,27212.0844847286,-47613.0509280948,0,1,0,1
20131212090452.daq,120,7,1307,1,0,left,-1.29954493777262,241.097702026367,12,-0.00220151414338902,47.0499572753906,71.1274170247925,33.2224159240723,0,8.03738784790039,-6.90445046800194,27213.2544149697,-47621.5419663915,27211.0985516408,-47620.3517530784,27208.9426883119,-47619.1615397652,0,1,0,1
20131212090452.daq,120,7,1307.1,1,0,left,-0.963833692706885,239.888076782227,12,-0.00220336054541056,46.6937370300293,78.0014202988968,32.0798492431641,0,7.62924385070801,-7.17856388207226,27209.9676877978,-47627.6286893128,27207.8374307498,-47626.3932301541,27205.7071737018,-47625.1577709954,0,1,0,1
20131212090452.daq,120,7,1307.2,1,0,left,-0.638666109735937,238.72868347168,12,-0.00220547626972912,46.3825340270996,84.8265054328949,30.4538841247559,0,7.62924385070801,-7.41130219472908,27206.5809873595,-47633.6010081637,27204.4761645239,-47632.3226986338,27202.3713416883,-47631.0443891039,0,1,0,1
20131212090452.daq,120,7,1307.3,1,0,left,-0.42465414753633,237.627655029297,12,-0.00220783434534148,46.1097412109375,91.6089165239246,30.6736087799072,0,7.52483510971069,-7.60416259339172,27203.0948447136,-47639.4631346542,27201.0149737116,-47638.1446161529,27198.9351027096,-47636.8260976515,0,1,0,1
20131212090452.daq,120,7,1307.4,1,0,left,-0.206489053411588,236.566421508789,12,-0.00221040745945605,45.8630142211914,98.3533325886237,30.8493881225586,0,7.03126573562622,-7.75615805488309,27199.5060849527,-47645.2189490162,27197.4509909347,-47643.8621354696,27195.3958969166,-47642.5053219229,0,1,0,1
20131212090452.daq,120,7,1307.5,1,0,left,-0.00504778898311997,235.538330078125,12,-0.00221317029825059,45.6400413513184,105.063257247835,29.3113136291504,0,5.29428100585938,-7.8721116532153,27195.82403742,-47650.8763149569,27193.7936190211,-47649.4828460663,27191.7632006223,-47648.0893771757,0,1,0,1
20131212090452.daq,120,7,1307.6,1,0,left,0.137910170434736,234.548217773438,12,-0.0022160988417539,45.4531669616699,111.74290980371,28.0808544158936,0,4.44002628326416,-7.9540719029611,27192.0490109332,-47656.4315233398,27190.0429746387,-47655.0031771602,27188.0369383442,-47653.5748309807,0,1,0,1
20131212090452.daq,120,7,1307.7,1,0,left,0.249948721294629,233.583877563477,12,-0.00221916876364957,45.3034133911133,118.398077436417,28.8279190063477,0,3.63322949409485,-8.01790209001527,27188.1919282081,-47661.9001249185,27186.210215275,-47660.4382192191,27184.2285023418,-47658.9763135196,0,1,0,1
20131212090452.daq,120,7,1307.8,1,0,left,0.397251510302226,232.628936767578,12,-0.00222235379614512,45.1782722473145,125.033169068629,29.6628742218018,0,3.74713039398193,-8.06242514678936,27184.2517372087,-47667.2858202487,27182.2946637646,-47665.7910901868,27180.3375903206,-47664.2963601248,0,1,0,1
20131212090452.daq,120,7,1307.9,1,0,left,0.481135185393384,231.682418823242,12,-0.00222562567571949,45.0701446533203,131.651245857764,29.6189289093018,0,3.70916342735291,-8.09232901514779,27180.2322907875,-47672.5886255369,27178.3001759856,-47671.0617703322,27176.3680611838,-47669.5349151276,0,1,0,1
20131212090452.daq,120,7,1308,1,0,left,0.61354401875451,230.728576660156,12,-0.00222895625138418,44.9711837768555,138.254229139784,30.2781028747559,0,3.59526300430298,-8.10123067013643,27176.1306462148,-47677.8082561311,27174.2242165776,-47676.2494487467,27172.3177869403,-47674.6906413623,0,1,0,1
20131212090452.daq,120,7,1308.1,1,0,left,0.769569229873809,229.755645751953,12,-0.00223232094224314,44.8747100830078,144.842930315368,30.3659934997559,0,-2.09027743339539,-8.09501057739703,27171.9480388101,-47682.9483513944,27170.0683526237,-47681.3573975093,27168.1886664374,-47679.7664436243,0,1,0,1
20131212090452.daq,120,7,1308.2,1,0,left,0.740531801003499,228.955581665039,12,-0.00223569984804803,44.7819480895996,151.417675427452,17.8416690826416,0,-2.099769115448,-8.08401658857476,27167.7004501419,-47688.0131053064,27165.8431621736,-47686.3960599062,27163.9858742053,-47684.7790145061,0,1,0,1
20131212090452.daq,120,7,1308.3,1,0,left,0.539706120317362,228.34407043457,12,-0.00223907662535416,44.6948509216309,157.979302592343,13.6229496002197,0,-2.09027743339539,-8.07164139538878,27163.3926210455,-47692.999426921,27161.5526970694,-47691.3626513757,27159.7127730933,-47689.7258758305,0,1,0,1
20131212090452.daq,120,7,1308.4,1,0,left,0.176610950711506,227.861770629883,12,-0.00224243521092508,44.609260559082,164.52825930898,14.9852447509766,0,-2.099769115448,-8.07838729220535,27159.0422072746,-47697.9180384131,27157.2161262396,-47696.2658330756,27155.3900452046,-47694.6136277382,0,1,0,1
20131212090452.daq,120,7,1308.5,1,0,left,-0.0155624103756509,227.251708984375,12,-0.00224575352851537,44.5239067077637,171.064731747654,23.7302989959717,0,-2.10926079750061,-8.10181417133376,27154.6409862363,-47702.7786660668,27152.8326003759,-47701.1071114001,27151.0242145156,-47699.4355567335,0,1,0,1
20131212090452.daq,120,7,1308.6,1,0,left,-0.159972837457815,226.572021484375,12,-0.00224899662371104,44.4383964538574,177.588638362737,28.5642490386963,0,1.36470878124237,-8.15074144512977,27150.1946024816,-47707.5863974544,27148.4061726911,-47705.8935084126,27146.6177429006,-47704.2006193708,0,1,0,1
20131212090452.daq,120,7,1308.7,1,0,left,-0.00737339476950183,225.603530883789,12,-0.00225211294140824,44.3465919494629,184.099689291659,37.7048072814941,0,8.9011344909668,-8.20028600096485,27145.6838052236,-47712.3276695742,27143.9242450578,-47710.6047933608,27142.1646848921,-47708.8819171474,0,1,0,1
20131212090452.daq,120,7,1308.8,1,0,left,0.258086753285511,224.546722412109,12,-0.00225503624235119,44.2292861938477,190.595689141497,36.2985687255859,0,7.80958604812622,-8.24906436751413,27141.1114099754,-47716.9991690249,27139.383925395,-47715.2441330003,27137.6564408145,-47713.4890969756,0,1,0,1
20131212090452.daq,120,7,1308.9,1,0,left,0.505772157088359,223.448150634766,12,-0.00225769274136436,44.0760841369629,197.071862057259,34.101318359375,0,7.96145391464233,-8.27718821481803,27136.4706101775,-47721.5784717536,27134.7770915883,-47719.7906380892,27133.0835729991,-47718.0028044248,0,1,0,1
20131212090452.daq,120,7,1309,1,0,left,0.773241985901109,222.355041503906,12,-0.00226000917193281,43.8844909667969,203.522734919228,33.837646484375,0,7.26855850219727,-8.28662326215457,27131.7682258287,-47726.0590062133,27130.10912229,-47724.2391903239,27128.4500187513,-47722.4193744345,0,1,1,1
20131212090452.daq,120,7,1309.1,1,0,left,1.08280203362108,221.25993347168,12,-0.00226191717192719,43.6724472045898,209.94359509481,34.277099609375,0,6.95533180236816,-8.26700792989189,27127.0057830654,-47730.4327644423,27125.3817630277,-47728.5815720318,27123.7577429899,-47726.7303796214,0,1,1,1
20131212090452.daq,120,7,1309.2,1,0,left,1.37930061187717,220.150314331055,12,-0.00226335454005472,43.471019744873,216.33393093021,34.5847129821777,0,5.83530855178833,-8.21173441832673,27122.1825754065,-47734.6915464468,27120.5947088036,-47732.809251551,27119.0068422006,-47730.9269566552,0,1,1,1
20131212090452.daq,120,7,1309.3,1,0,left,1.70404505596673,219.046112060547,12,-0.00226426579934023,43.2961044311523,222.696432687488,33.881591796875,0,4.10781621932983,-8.12340598504464,27117.3017625704,-47738.8359632964,27115.7504641083,-47736.9234185244,27114.1991656463,-47735.0108737523,0,1,1,1
20131212090452.daq,120,7,1309.4,1,0,left,1.94650254683557,217.963790893555,12,-0.00226460273078534,43.1524085998535,229.035688372765,33.3981971740723,0,2.72202444076538,-7.99946573975187,27112.3584439813,-47742.8705058312,27110.8435482416,-47740.9289998896,27109.328652502,-47738.9874939479,0,1,1,1
20131212090452.daq,120,7,1309.5,1,0,left,2.23302948961043,216.924087524414,12,-0.00226432530508265,43.0328521728516,235.35570318994,32.2556266784668,0,2.19048810005188,-7.84201816983167,27107.3537781738,-47746.7959766832,27105.8743609574,-47744.8273022247,27104.394943741,-47742.8586277663,0,1,1,1
20131212090452.daq,120,7,1309.6,1,0,left,2.35413538981436,215.968017578125,12,-0.00226340294723463,42.9315032958984,241.659585526693,28.2126884460449,0,1.90573692321777,-7.65736583102132,27102.2939160015,-47750.6178860656,27100.8475536426,-47748.6248004301,27099.4011912837,-47746.6317147947,0,1,1,1
20131212090452.daq,120,7,1309.7,1,0,left,2.5546753966089,215.012046813965,12,-0.00226181654366363,42.8402633666992,247.949487415477,31.4206733703613,0,-2.10926079750061,-7.44626289423784,27097.1760330755,-47754.341246411,27095.7631248007,-47752.3243069894,27094.3502165259,-47750.3073675678,0,1,1,1
20131212090452.daq,120,7,1309.8,1,0,left,2.56791722119976,214.208053588867,12,-0.0022595606955119,42.7537117004395,254.226289447251,19.2479095458984,0,-2.10926079750061,-7.22105813981959,27092.0143600407,-47757.9717408084,27090.6298922974,-47755.9351742145,27089.2454245542,-47753.8986076206,0,1,1,1
20131212090452.daq,120,7,1309.9,1,0,left,2.32497860965361,213.63599395752,12,-0.00225664603379345,42.6744651794434,260.490998704408,11.9090948104858,0,-2.12824416160583,-6.99866842550463,27086.8208537723,-47761.5205695699,27085.4567884381,-47759.4702817395,27084.0927231039,-47757.4199939092,0,1,1,1
20131212090452.daq,120,7,1310,1,0,left,1.96511782425506,213.228439331055,12,-0.00225309715677372,42.5967330932617,266.744204516581,10.546799659729,0,-2.10926079750061,-6.79459187245842,27081.605257804,-47764.9972606379,27080.2558109017,-47762.9373219297,27078.9063639994,-47760.8773832216,0,1,1,1
20131212090452.daq,120,7,1310.1,1,0,left,1.50598833832407,212.904174804688,12,-0.00224894478568651,42.5211753845215,272.986180148131,10.063404083252,0,-2.11875247955322,-6.62456243911832,27076.3747540647,-47768.4262246461,27075.0369869007,-47766.3586817957,27073.6992197367,-47764.2911389452,0,1,1,1
20131212090452.daq,120,7,1310.2,1,0,left,1.04573267994283,212.594375610352,12,-0.00224421418353695,42.4462471008301,279.217136573498,11.1180839538574,0,-2.10926079750061,-6.49440567585695,27071.1294770707,-47771.8087757695,27069.8029086447,-47769.7340298489,27068.4763402188,-47767.6592839284,0,1,1,1
20131212090452.daq,120,7,1310.3,1,0,left,0.578954715938266,212.26441192627,12,-0.00223891599280536,42.3711853027344,285.437101673946,12.7879943847656,0,-2.10926079750061,-6.41310992980332,27065.8734149916,-47775.1552914016,27064.5588168614,-47773.0729402834,27063.2442187311,-47770.9905891653,0,1,1,1
20131212090452.daq,120,7,1310.4,1,0,left,0.17461865636443,211.868629455566,12,-0.00223304180220051,42.2954368591309,291.646016096842,15.7762546539307,0,-2.10926079750061,-6.37879082309308,27060.6021854986,-47778.4639509342,27059.3020028897,-47776.3725687102,27058.0018202808,-47774.2811864862,0,1,1,1
20131212090452.daq,120,7,1310.5,1,0,left,-0.116917908119149,211.417251586914,12,-0.00222656459796659,42.2187919616699,297.843750460132,17.0506591796875,0,-2.10926079750061,-6.3851819430679,27055.3183401425,-47781.7311838742,27054.0346736817,-47779.6296237773,27052.7510072208,-47777.5280636805,0,1,1,1
20131212090452.daq,120,7,1310.6,1,0,left,-0.450483558242411,210.930397033691,12,-0.00221944443137633,42.141414642334,304.03018806348,17.5340538024902,0.0543938912451267,-2.12824416160583,-6.43580584967272,27050.0190894937,-47784.9577336133,27048.7533265676,-47782.8453419265,27047.4875636415,-47780.7329502398,0,1,1,1
20131212090452.daq,120,7,1310.7,1,0,left,-0.657131949063853,210.406532287598,12,-0.00221163560454789,42.0633239746094,310.205227126295,18.8524036407471,0.105007715523243,-2.10926079750061,-6.51228305416832,27044.7004850076,-47788.131772233,27043.4540886643,-47786.0078959234,27042.207692321,-47783.8840196137,0,1,1,1
20131212090452.daq,120,7,1310.8,1,0,left,-0.909090459477056,209.854797363281,12,-0.00220309402039794,41.984504699707,316.368751088099,19.6873588562012,0.130108535289764,-2.10926079750061,-6.61756527787721,27039.3630462349,-47791.2536260723,27038.1371594239,-47789.1178461328,27036.9112726129,-47786.9820661933,0,1,1,1
20131212090452.daq,120,7,1310.9,1,0,left,-1.08420828919998,209.266189575195,12,-0.00219378281877728,41.9049682617188,322.520664322685,21.093599319458,0.146216094493866,-2.11875247955322,-6.74965855882515,27034.0043907665,-47794.318971848,27032.8005094321,-47792.1707111198,27031.5966280978,-47790.0224503916,0,1,1,1
20131212090452.daq,120,7,1311,1,0,left,-1.29163922910186,208.664306640625,12,-0.00218367576744208,41.8249206542969,328.660871250497,20.8738746643066,0.151857241988182,-2.08078551292419,-6.90107571510054,27028.6238242907,-47797.3248483879,27027.4425760987,-47795.1640598437,27026.2613279068,-47793.0032712996,0,1,1,1
20131212090452.daq,120,7,1311.1,1,0,left,-1.3984471336679,208.032264709473,12,-0.00217275652349489,41.744441986084,334.789315409638,21.9285545349121,0.12585511803627,-2.099769115448,-7.07319485873979,27023.2205110563,-47800.270511285,27022.0631703699,-47798.0968238744,27020.9058296836,-47795.9231364638,0,1,1,1
20131212090452.daq,120,7,1311.2,1,0,left,-1.56297465077341,207.411506652832,12,-0.00216101367310922,41.6637802124023,340.90593241209,21.049654006958,0,-2.11875247955322,-7.25855446694596,27017.7985335104,-47803.1499054736,27016.6648106083,-47800.9638069386,27015.5310877063,-47798.7777084036,0,1,1,1
20131212090452.daq,120,7,1311.3,1,0,left,-1.67084355171494,206.785514831543,12,-0.0021484343462386,41.5831298828125,347.010725661443,21.3572692871094,0,-2.09027743339539,-7.45539024240711,27012.3531506448,-47805.9623246061,27011.2433794109,-47803.7639701688,27010.1336081771,-47801.5656157315,0,1,1,1
20131212090452.daq,120,7,1311.4,1,0,left,-1.66565241872411,206.007057189941,12,-0.00213499731769122,41.5011329650879,353.103652729682,38.1003112792969,0,9.51809597015381,-7.65920618943493,27006.8829823075,-47808.7050895382,27005.8031808534,-47806.4918603944,27004.7233793992,-47804.2786312506,0,1,1,1
20131212090452.daq,120,7,1311.5,1,0,left,-1.25034618176494,204.778457641602,12,-0.00212066759789422,41.3866539001465,359.182750552209,54.3599624633789,0,10.4198093414307,-7.85323362663925,27001.3661105765,-47811.3643033714,27000.334012236,-47809.1284305129,26999.3019138956,-47806.8925576545,0,1,1,1
20131212090452.daq,120,7,1311.6,1,0,left,-0.654801225244796,203.466293334961,12,-0.00210539789903944,41.220588684082,365.241254146444,44.6920623779297,0,9.26181983947754,-8.01531216820333,26995.815251829,-47813.9167688005,26994.8346246976,-47811.6578476305,26993.8539975661,-47809.3989264604,0,1,1,1
20131212090452.daq,120,7,1311.7,1,0,left,-0.0925366884038681,202.140937805176,12,-0.00208914103937479,40.9974403381348,371.271242856194,40.2536163330078,0,8.30315589904785,-8.12112358680793,26990.2319913592,-47816.3343719659,26989.3038748665,-47814.0533734566,26988.3757583738,-47811.7723749473,0,1,1,1
20131212090452.daq,120,7,1311.8,1,0,left,0.402518389199201,200.878860473633,12,-0.0020718653581045,40.735408782959,377.265224314993,39.4626083374023,0,6.91736507415771,-8.17921473554481,26984.6335155664,-47818.6208510689,26983.7558646433,-47816.3199635704,26982.8782137202,-47814.0190760719,0,1,1,1
20131212090452.daq,120,7,1311.9,1,0,left,0.879757209587751,199.640647888184,12,-0.00205356186283959,40.4834671020508,383.220892770507,39.4186630249023,0,6.49972915649414,-8.1881912262401,26979.0257304092,-47820.7705525395,26978.1980047711,-47818.4512369742,26977.370279133,-47816.1319214089,0,1,1,1
20131212090452.daq,120,7,1312,1,0,left,1.34736717771352,198.440811157227,12,-0.00203424527362119,40.2692184448242,389.14229566812,37.1774673461914,0,5.42716455459595,-8.14289551280921,26973.4072539571,-47822.7843116293,26972.6282752762,-47820.4481723701,26971.8492965954,-47818.1120331109,0,1,1,1
20131212090452.daq,120,7,1312.1,1,0,left,1.6919678439732,197.350456237793,12,-0.00201395483024509,40.0984268188477,395.035370084719,32.8708572387695,0,3.82306432723999,-8.05129915122484,26967.7809641944,-47824.6698401531,26967.0465812722,-47822.3193006093,26966.3121983501,-47819.9687610655,0,1,1,1
20131212090452.daq,120,7,1312.2,1,0,left,1.95472427826616,196.325469970703,12,-0.00199275434386111,39.9649963378906,400.906364500159,33.6618690490723,0,3.11118507385254,-7.9170868307747,26962.1388905744,-47826.4329256275,26961.4466726258,-47824.0696252371,26960.7544546772,-47821.7063248467,0,1,1,1
20131212090452.daq,120,7,1312.3,1,0,left,2.21905208711178,195.338325500488,12,-0.00197072962009951,39.8566589355469,406.759704295488,33.5739784240723,0,-2.06180214881897,-7.74542970648549,26956.4836676263,-47828.0800819638,26955.8322675146,-47825.7052067422,26955.1808674028,-47823.3303315207,0,1,1,1
20131212090452.daq,120,7,1312.4,1,0,left,2.35649932419614,194.501022338867,12,-0.0019479826667702,39.7681655883789,412.598653909517,21.8406639099121,0,-2.15671944618225,-7.54654454174862,26950.8176437606,-47829.6252314296,26950.2010176758,-47827.2410907679,26949.584391591,-47824.8569501062,0,1,1,1
20131212090452.daq,120,7,1312.5,1,0,left,2.1558803054246,193.96257019043,12,-0.00192462488194638,39.6940612792969,418.425806392857,10.8544139862061,0,-2.11875247955322,-7.34252441170115,26945.1521014655,-47831.0884224839,26944.5579078688,-47828.6985922821,26943.9637142721,-47826.3087620804,0,1,1,1
20131212090452.daq,120,7,1312.6,1,0,left,1.79508632556247,193.57640838623,12,-0.00190076720424855,39.6233406066895,424.242418127367,11.1620292663574,0,-2.099769115448,-7.15506139688722,26939.4887637267,-47832.4893811552,26938.910690469,-47830.0956005195,26938.3326172114,-47827.7018198837,0,1,1,1
20131212090452.daq,120,7,1312.7,1,0,left,1.37211901495459,193.27165222168,12,-0.0018765045401473,39.5539131164551,430.048758507619,10.8983592987061,0,-2.10926079750061,-6.99955965521103,26933.8306199208,-47833.8438972746,26933.265287296,-47831.4470757446,26932.6999546713,-47829.0502542146,0,1,1,1
20131212090452.daq,120,7,1312.8,1,0,left,0.925381260593554,192.976951599121,12,-0.00185189961872874,39.4845809936523,435.844934862442,11.3378095626831,0,-2.08078551292419,-6.88590755647158,26928.1768510854,-47835.1637453665,26927.6238539267,-47832.7640477677,26927.0708567681,-47830.3643501688,0,1,1,1
20131212090452.daq,120,7,1312.9,1,0,left,0.75446497002315,192.431365966797,12,-0.00182697462023027,39.4135971069336,441.630874364884,29.7068195343018,0,-0.0685409530997276,-6.79698015412475,26922.5157275134,-47836.4345889102,26921.9856056383,-47834.0297343988,26921.4554837632,-47831.6248798874,0,1,1,1
20131212090452.daq,120,7,1313,1,0,left,0.833900984969205,191.607124328613,12,-0.00180171302811333,39.3356971740723,447.405906932181,38.1442565917969,0,-0.0305740740150213,-6.73365748407604,26916.8427242465,-47837.6585251401,26916.3472516201,-47835.2462935385,26915.8517789937,-47832.8340619369,0,1,1,1
20131212090452.daq,120,7,1313.1,1,0,left,1.1405724359056,190.632057189941,12,-0.00177607259910692,39.2573471069336,453.169399920778,35.2438888549805,0,-2.08078551292419,-6.66072525602498,26911.1552394082,-47838.8032472819,26910.7008882229,-47836.3829333718,26910.2465370377,-47833.9626194616,0,1,1,1
20131212090452.daq,120,7,1313.2,1,0,left,1.20453123422999,189.783386230469,12,-0.00175000854842661,39.1801300048828,458.921448583846,22.0603885650635,0,-2.10926079750061,-6.57639957464106,26905.4652559904,-47839.8608028305,26905.046803273,-47837.4340247716,26904.6283505556,-47835.0072467128,0,1,1,1
20131212090452.daq,120,7,1313.3,1,0,left,1.09077047842447,189.187355041504,12,-0.00172349511316394,39.107234954834,464.66251123714,14.2821245193481,0,-2.2136697769165,-6.48907007322577,26899.7787182063,-47840.8386100233,26899.3855327355,-47838.4076103094,26898.9923472647,-47835.9766105955,0,1,1,1
20131212090452.daq,120,7,1313.4,1,0,left,0.837265267112684,188.742286682129,12,-0.00169653230047947,39.0351333618164,470.392956351599,17.4901084899902,0,-0.0685409530997276,-6.40913582860452,26894.1034683127,-47841.7506493584,26893.7291782972,-47839.3166687899,26893.3548882817,-47836.8826882214,0,1,1,1
20131212090452.daq,120,7,1313.5,1,0,left,0.807299889487297,188.028877258301,12,-0.00166913802223081,38.960636138916,476.112726206484,33.7058143615723,0,-0.00209908839315176,-6.33344021365816,26888.4234383058,-47842.5924080839,26888.0794828488,-47840.1539558972,26887.7355273918,-47837.7155037104,0,1,1,1
20131212090452.daq,120,7,1313.6,1,0,left,1.0251734078779,187.209129333496,12,-0.00164133735348573,38.8843612670898,481.82134943128,30.9372787475586,0,-2.02383518218994,-6.26149224316525,26882.7365911043,-47843.3729987136,26882.4275573278,-47840.9298751907,26882.1185235514,-47838.4867516677,0,1,1,1
20131212090452.daq,120,7,1313.7,1,0,left,1.16482766522529,186.40828704834,12,-0.00161315850122654,38.8100395202637,487.518944637908,25.7517681121826,0,-2.099769115448,-6.17772678835388,26877.0510187875,-47844.0761964881,26876.7761624412,-47841.6289922849,26876.5013060948,-47839.1817880817,0,1,1,1
20131212090452.daq,120,7,1313.8,1,0,left,1.26045139721089,185.716590881348,12,-0.00158463423391322,38.7365913391113,493.205700980703,22.8513984680176,0,-2.07129383087158,-6.08584681438959,26871.3694387193,-47844.7073653278,26871.1241452523,-47842.2570213645,26870.8788517853,-47839.8066774012,0,1,1,1
20131212090452.daq,120,7,1313.9,1,0,left,1.28035418953903,185.093193054199,12,-0.00155580034060283,38.6638793945313,498.881740708239,20.8738746643066,0,-0.0210824124515057,-5.98073808769309,26865.6962556938,-47845.2642092973,26865.4776368066,-47842.811341546,26865.2590179194,-47840.3584737946,0,1,1,1
20131212090452.daq,120,7,1314,1,0,left,1.25498180372051,184.554595947266,12,-0.00152669260919047,38.5926399230957,504.547206723684,17.973503112793,0,0.0263761281967163,-5.87608771550179,26860.0298721434,-47845.7634097308,26859.8343202509,-47843.3085953019,26859.6387683584,-47840.8537808729,0,1,1,1
20131212090452.daq,120,7,1314.1,1,0,left,1.22699420621336,184.06844329834,12,-0.00149734795913421,38.522331237793,510.202305012645,17.5340538024902,0,-2.099769115448,-5.76575631034353,26854.3731176253,-47846.2031029514,26854.1984015352,-47843.7467176577,26854.0236854451,-47841.2903323639,0,1,1,1
20131212090452.daq,120,7,1314.2,1,0,left,1.15493930605999,183.615287780762,12,-0.00146780670409465,38.4525833129883,515.847140153186,16.7430438995361,0,0.0168844666332006,-5.66528003737595,26848.7253602647,-47846.5977859559,26848.570077125,-47844.1400956642,26848.4147939852,-47841.6824053725,0,0,1,0
20131212090452.daq,120,7,1314.3,1,0,left,1.15020550402755,183.164360046387,12,-0.00143810983046804,38.3832130432129,521.481782361341,16.6990985870361,0,6.69905519485474,-5.56299083452559,26843.0837400281,-47846.941720237,26842.9478039471,-47844.4828839665,26842.8118678661,-47842.0240476959,0,0,1,0
20131212090452.daq,120,7,1314.4,1,0,left,1.13965448275439,182.71223449707,12,-0.00140829361016349,38.303955078125,527.105845915183,16.9627685546875,0,9.78386402130127,-5.45662900220694,26837.4501135149,-47847.2386077602,26837.3335843372,-47844.7787753728,26837.2170551595,-47842.3189429853,0,0,1,0
20131212090452.daq,120,7,1314.5,1,0,left,1.16099443830603,182.276779174805,12,-0.00137838509877244,38.1866073608398,532.715700609217,16.4354286193848,0,9.74589729309082,-5.3593613103247,26831.8288720938,-47847.4973477983,26831.7310411454,-47845.0367008247,26831.6332101969,-47842.576053851,0,0,1,0
20131212090452.daq,120,7,1314.6,1,0,left,1.12195853485628,181.879280090332,12,-0.00134840196329408,38.0141716003418,538.304442800538,14.4579048156738,0,8.09433841705322,-5.25885664661157,26826.2283718132,-47847.7114372825,26826.1476142335,-47845.2501708124,26826.0668566537,-47842.7889043424,0,0,1,0
20131212090452.daq,120,7,1314.7,1,0,left,1.15272084267247,181.543251037598,12,-0.0013183563401146,37.7988395690918,543.864377167585,11.5575342178345,0,7.49636030197144,-5.15580393732038,26820.6589474427,-47847.88624182,26820.5926260375,-47845.4245440533,26820.5263046324,-47842.9628462866,0,0,1,0
20131212090452.daq,120,7,1314.8,1,0,left,0.989340140139348,181.284286499023,12,-0.00128826208282618,37.5811576843262,549.392072963121,7.73431968688965,0,7.18313312530518,-5.06085222741339,26815.1248443024,-47848.0305580605,26815.0696498785,-47845.5685856807,26815.0144554547,-47843.1066133009,0,0,1,0
20131212090452.daq,120,7,1314.9,1,0,left,0.922704358845579,181.088104248047,12,-0.00125813962516943,37.3834609985352,554.889192852163,7.55853986740112,0,5.92073440551758,-4.97139938509897,26809.6236775812,-47848.1474442387,26809.5769133223,-47845.6852973042,26809.5301490635,-47843.2231503696,0,0,1,0
20131212090452.daq,120,7,1315,1,0,left,0.71066603074496,180.934120178223,12,-0.00122801397202972,37.2188682556152,560.35955307071,5.93257474899292,0,-2.03332710266113,-4.89593031370557,26804.1509746378,-47848.2473725212,26804.1108276312,-47845.7851087982,26804.0706806247,-47843.3228450753,0,0,1,0
20131212090452.daq,120,7,1315.1,1,0,left,0.737248526600297,180.813179016113,12,-0.00119791035336693,37.0941200256348,565.808799387829,4.39449977874756,0,1.8298032283783,-4.82760500247092,26798.7025752523,-47848.3297892638,26798.6676257305,-47845.8674462831,26798.6326762086,-47843.4051033025,0,0,1,0
20131212090452.daq,120,7,1315.2,1,0,left,0.510704684561006,180.718788146973,12,-0.00116785229692678,36.9960708618164,571.241825571065,4.70211458206177,0,-0.106507830321789,-4.76583939734517,26793.2704894293,-47848.4021131948,26793.2395964943,-47845.9397159786,26793.2087035594,-47843.4773187625,0,0,1,0
20131212090452.daq,120,7,1315.3,1,0,left,-0.024716833034006,180.629402160645,12,-0.00113785921456661,36.9164848327637,576.661922495172,5.05367469787598,0,-0.115999720990658,-4.7397890616777,26787.8502583356,-47848.4630223302,26787.8232069727,-47846.0005799152,26787.7961556099,-47843.5381375002,0,0,1,0
20131212090452.daq,120,7,1315.4,1,0,left,-0.0170960914347233,180.545509338379,12,-0.00110794381169443,36.8470916748047,582.071182280546,4.87789487838745,0,-2.04281878471375,-4.74227136343592,26782.4399397019,-47848.5203598327,26782.4164938896,-47846.0578804486,26782.3930480773,-47843.5954010645,0,0,1,0
20131212090452.daq,120,7,1315.5,1,0,left,0.00203122380150944,180.479049682617,12,-0.00107811217751552,36.7814102172852,587.470605342271,3.29587483406067,0,-0.0590492896735668,-4.74254803673648,26777.0398316693,-47848.5670491714,26777.0192422,-47846.1045442481,26776.9986527308,-47843.6420393248,0,0,1,0
20131212090452.daq,120,7,1315.6,1,0,left,-0.00660881532422763,180.434661865234,12,-0.00104836693369238,36.716136932373,592.860437949275,2.37302994728088,0,-0.0495576299726963,-4.74394918310962,26771.6480935794,-47848.6111901418,26771.6294118521,-47846.1486700066,26771.6107301248,-47843.6861498713,0,0,1,0
20131212090452.daq,120,7,1315.7,1,0,left,-0.0452612889876605,180.416450500488,12,-0.00101871109262684,36.6509056091309,598.24069949727,2.28513979911804,0,0.00739280506968498,-4.74633582197731,26766.2687312655,-47848.6491306791,26766.2508322469,-47846.1866047303,26766.2329332283,-47843.7240787815,0,0,1,0
20131212090452.daq,120,7,1315.8,1,0,left,-0.100327466412296,180.409927368164,12,-0.000989150478410166,36.585750579834,603.611398238674,1.71385490894318,0,-2.05231046676636,-4.75010571607038,26760.8994273696,-47848.6877912678,26760.88180871,-47846.2252632971,26760.8641900505,-47843.7627353265,0,0,1,0
20131212090452.daq,120,7,1315.9,1,0,left,-0.141100598017374,180.384384155273,12,-0.000959693568674155,36.5207557678223,608.97255235695,3.0322048664093,0,-0.0875245034694672,-4.75926592639582,26755.5394134756,-47848.7213735389,26755.5228926452,-47846.2588379583,26755.5063718147,-47843.7963023777,0,0,1,0
20131212090452.daq,120,7,1316,1,0,left,-0.173731750776938,180.345970153809,12,-0.000930348989811208,36.4559288024902,614.324186096681,3.91110491752625,0,0.0168844666332006,-4.7721472130921,26750.1888446002,-47848.7541621731,26750.1739747823,-47846.2916160695,26750.1591049644,-47843.829069966,0,0,1,0
20131212090452.daq,120,7,1316.1,1,0,left,-0.182498725625805,180.278961181641,12,-0.000901123538209781,36.3912124633789,619.666320485354,5.40523481369019,0,-2.08078551292419,-4.7907423312677,26744.8473309083,-47848.7851868415,26744.8353411145,-47846.3226250314,26744.8233513207,-47843.8600632214,0,0,1,0
20131212090452.daq,120,7,1316.2,1,0,left,-0.170540282076729,180.187973022461,12,-0.000872021808861376,36.3265495300293,624.99896862435,5.80073976516724,0,-2.04281878471375,-4.81108839630346,26739.5130398644,-47848.810823651,26739.504960738,-47846.3482459058,26739.4968816116,-47843.8856681606,0,0,1,0
20131212090452.daq,120,7,1316.3,1,0,left,-0.0855026245117188,180.085502624512,12,-0.000843048881015954,36.262451171875,630.322169864521,5.36128950119019,0,0.00739280506968498,-4.82402916876473,26734.186286822,-47848.8240290673,26734.1826118931,-47846.3614408114,26734.1789369643,-47843.8988525554,0,0,1,0
20131212090452.daq,120,7,1316.4,1,0,left,0.00605010986328125,179.993949890137,12,-0.000814214532278189,36.1983528137207,635.635973067983,4.79000473022461,0,-2.04281878471375,-4.83031150473802,26728.8695789925,-47848.8300921409,26728.8698390282,-47846.3675011567,26728.8700990638,-47843.9049101724,0,0,1,0
20131212090452.daq,120,7,1316.5,1,0,left,0.0704498291015625,179.929550170898,12,-0.000785536543263689,36.1339683532715,640.940367651085,2.59275484085083,0,7.03126573562622,-4.82611514268434,26723.5633109114,-47848.8261116889,26723.5663388669,-47846.3635225525,26723.5693668224,-47843.9009334161,0,0,1,0
20131212090452.daq,120,7,1316.6,1,0,left,0.102684020996094,179.897315979004,12,-0.00075704075440067,36.0583343505859,646.234735097358,2.0654149055481,0,6.6515965461731,-4.81635631095997,26718.2695527086,-47848.8163061744,26718.2739660984,-47846.3537191312,26718.2783794882,-47843.891132088,0,0,1,0
20131212090452.daq,120,7,1316.7,1,0,left,0.101142883300781,179.898857116699,12,-0.000728758220892756,35.9619674682617,651.516456246682,0.307614982128143,0,6.55667924880981,-4.80454436191647,26712.9883404273,-47848.8046827218,26712.9926875786,-47846.3420955608,26712.99703473,-47843.8795083998,0,0,1,0
20131212090452.daq,120,7,1316.8,1,0,left,0.0644378662109375,179.935562133789,12,-0.000700720200222937,35.8502960205078,656.782858740728,-0.92284494638443,0,6.96482372283936,-4.79089983034395,26707.7255676504,-47848.7913271047,26707.72833721,-47846.3287376641,26707.7311067696,-47843.8661482235,0,0,1,0
20131212090452.daq,120,7,1316.9,1,0,left,0.006195068359375,179.993804931641,12,-0.000672952957382239,35.7256546020508,662.031918437162,-0.92284494638443,0,6.51871299743652,-4.78253893293699,26702.4809035547,-47848.7832081833,26702.4811698207,-47846.3206171997,26702.4814360868,-47843.8580262161,0,0,1,0
20131212090452.daq,120,7,1317,1,0,left,-0.0635604858398438,180.06356048584,12,-0.000645475049381763,35.5966148376465,667.262135762387,-0.791009962558746,0,5.8637843132019,-4.7797905505784,26697.2560581212,-47848.7797051686,26697.2533262716,-47846.3171156859,26697.2505944221,-47843.8545262031,0,0,1,0
20131212090452.daq,120,7,1317.1,1,0,left,-0.133689880371094,180.133689880371,12,-0.000618297241440392,35.4799957275391,672.474238753028,-1.45018494129181,0,5.60750770568848,-4.78404304437444,26692.0488053025,-47848.7840356391,26692.0430592737,-47846.3214513448,26692.0373132449,-47843.8588670505,0,0,1,0
20131212090452.daq,120,7,1317.2,1,0,left,-0.18756103515625,180.187561035156,12,-0.00059142410549814,35.3807373046875,677.670490780074,0.0878899991512299,0,4.8007116317749,-4.79525628451839,26686.8587327775,-47848.7951732267,26686.8506713584,-47846.3325954235,26686.8426099392,-47843.8700176203,0,0,1,0
20131212090452.daq,120,7,1317.3,1,0,left,-0.204322814941406,180.204322814941,12,-0.0005648564924756,35.2982482910156,682.853451837582,2.68064475059509,0,2.70304107666016,-4.80805570881293,26681.681414023,-47848.8079263076,26681.6726321814,-47846.3453509681,26681.6638503398,-47843.8827756286,0,0,1,0
20131212090452.daq,120,7,1317.4,1,0,left,-0.185958862304688,180.185958862305,12,-0.000538592705852721,35.2276496887207,688.02525819905,2.76853489875793,0,0.0263761281967163,-4.82254791750383,26676.5110368163,-47848.822418104,26676.5030442587,-47846.3598400763,26676.4950517011,-47843.8972620486,0,0,1,0
20131212090452.daq,120,7,1317.5,1,0,left,-0.158149719238281,180.158149719238,12,-0.000512629416004795,35.1629867553711,693.187211192024,2.68064475059509,0,-2.02383518218994,-4.83605145236309,26671.3501917339,-47848.8363267784,26671.3433944168,-47846.3737451615,26671.3365970998,-47843.9111635446,0,0,1,0
20131212090452.daq,120,7,1317.6,1,0,left,-0.127021789550781,180.127021789551,12,-0.000486963589006577,35.0999031066895,698.339829650431,2.63669991493225,0,-0.0115907499566674,-4.84650289610291,26666.1990310584,-47848.8461239776,26666.1935716256,-47846.3835390313,26666.1881121928,-47843.9209540849,0,0,1,0
20131212090452.daq,120,7,1317.7,1,0,left,-0.098541259765625,180.098541259766,12,-0.000461594729464964,35.037036895752,703.483215261644,2.59275484085083,0,-2.06180214881897,-4.85587543180387,26661.0557492896,-47848.8560842365,26661.0515139567,-47846.3934968807,26661.0472786238,-47843.9309095248,0,0,1,0
20131212090452.daq,120,7,1317.8,1,0,left,-0.0716552734375,180.071655273438,12,-0.000436526697453155,34.9742164611816,708.617385509686,2.59275484085083,0,-0.0685409530997276,-4.8584851866549,26655.922273343,-47848.8583301276,26655.9191935771,-47846.3957410554,26655.9161138112,-47843.9331519832,0,0,1,0
20131212090452.daq,120,7,1317.9,1,0,left,-0.0438919067382813,180.043891906738,12,-0.000411768788097035,34.911449432373,713.742345056991,2.98825979232788,0,-2.04281878471375,-4.86052764587386,26650.7985421885,-47848.860521509,26650.7966557005,-47846.3979312336,26650.7947692124,-47843.9353409582,0,0,1,0
20131212090452.daq,120,7,1318,1,0,left,-0.00386810302734375,180.003868103027,12,-0.000387335621001404,34.8487777709961,718.858105606254,2.81247997283936,0,0.0168844666332006,-4.85816752891247,26645.6823228156,-47848.8580487631,26645.6821565633,-47846.3954577707,26645.681990311,-47843.9328667784,0,0,1,0
20131212090452.daq,120,7,1318.1,1,0,left,0.0389633178710938,179.961036682129,12,-0.000363247129001351,34.7862548828125,723.964684315157,3.86715984344482,0,0.0358677878975868,-4.85549312864278,26640.575801885,-47848.8554017959,26640.5774765408,-47846.3928113673,26640.5791511966,-47843.9302209387,0,0,1,0
20131212090452.daq,120,7,1318.2,1,0,left,0.0767059326171875,179.923294067383,12,-0.000339528372511233,34.7238693237305,729.062102863943,1.84568989276886,0,-2.00485181808472,-4.84916849463583,26635.4791732294,-47848.8491624138,26635.4824700741,-47846.3865736226,26635.4857669187,-47843.9239848315,0,0,1,0
20131212090452.daq,120,7,1318.3,1,0,left,0.073638916015625,179.926361083984,12,-0.000316209511028503,34.6616134643555,734.150382513239,0.351559996604919,0,0.00739280506968498,-4.8380523292126,26630.391357757,-47848.83763328,26630.3945227803,-47846.3750443159,26630.3976878037,-47843.9124553518,0,0,1,0
20131212090452.daq,120,7,1318.4,1,0,left,0.0239181518554688,179.976081848145,12,-0.000293323919344354,34.5993843078613,739.229534126498,-1.2744048833847,0,0.0358677878975868,-4.83226667352868,26625.3164056285,-47848.8328941716,26625.3174336383,-47846.3703033882,26625.3184616481,-47843.9077126048,0,0,1,0
20131212090452.daq,120,7,1318.5,1,0,left,-0.0476531982421875,180.047653198242,12,-0.000270905276029745,34.5371932983398,744.299560361265,-1.05467987060547,0,0.00739280506968498,-4.8264244071404,26620.2498067188,-47848.8255976033,26620.2477585693,-47846.3630074571,26620.2457104198,-47843.9004173108,0,0,1,0
20131212090452.daq,120,7,1318.6,1,0,left,-0.126152038574219,180.126152038574,12,-0.000248983623921924,34.4750823974609,749.360471055275,-1.23045992851257,0,0.00739280506968498,-4.83049412504591,26615.1951033073,-47848.8304452812,26615.1896812566,-47846.3678602523,26615.1842592058,-47843.9052752233,0,0,1,0
20131212090452.daq,120,7,1318.7,1,0,left,-0.199531555175781,180.199531555176,12,-0.000227581367310229,34.4130554199219,754.412277911179,-0.878899931907654,0,0.00739280506968498,-4.83910412655163,26610.1480920643,-47848.8388806624,26610.1395161513,-47846.3763045971,26610.1309402384,-47843.9137285319,0,0,1,0
20131212090452.daq,120,7,1318.8,1,0,left,-0.235809326171875,180.235809326172,12,-0.000206711641377432,34.3511848449707,759.454998506306,1.84568989276886,0,0.0358677878975868,-4.85284827530482,26605.1099299468,-47848.8528376888,26605.0997948149,-47846.3902675472,26605.089659683,-47843.9276974055,0,0,1,0
20131212090452.daq,120,7,1318.9,1,0,left,-0.214347839355469,180.214347839355,12,-0.000186378280261318,34.2894401550293,764.48865494052,4.21871995925903,0,-0.0305740740150213,-4.87115403562069,26600.0781471203,-47848.8710448707,26600.0689344028,-47846.4084711054,26600.0597216854,-47843.9458973402,0,0,1,0
20131212090452.daq,120,7,1319,1,0,left,-0.139579772949219,180.139579772949,12,-0.000166579010031956,34.2277526855469,769.513259522573,5.80073976516724,0,-0.0305740740150213,-4.88318692082149,26595.0528572203,-47848.8820554918,26595.0468580428,-47846.4194718012,26595.0408588653,-47843.9568881106,0,0,1,0
20131212090452.daq,120,7,1319.1,1,0,left,-0.0263137817382813,180.026313781738,12,-0.000147310373708614,34.1660766601563,774.528818406907,6.67963981628418,0,-0.0305740740150213,-4.89086781082839,26590.0344374979,-47848.8906855841,26590.0333065231,-47846.4280948458,26590.0321755484,-47843.9655041076,0,0,1,0
20131212090452.daq,120,7,1319.2,1,0,left,0.112556457519531,179.88744354248,12,-0.00012857204731357,34.1043930053711,779.535330987375,7.3388147354126,0,0.102310113608837,-4.88601797989308,26585.0232173954,-47848.8860081807,26585.028055105,-47846.4234219345,26585.0328928146,-47843.9608356883,0,0,1,0
20131212090452.daq,120,7,1319.3,1,0,left,0.260032653808594,179.739967346191,12,-0.000110370752923023,34.0427513122559,784.53279861607,7.16303491592407,0,-0.0210824124515057,-4.8690886160616,26580.0215745346,-47848.8690710738,26580.0327507831,-47846.4065054371,26580.0439270317,-47843.9439398004,0,0,1,0
20131212090452.daq,120,7,1319.4,1,0,left,0.391258239746094,179.608741760254,12,0.0001,33.9812278747559,789.521233042309,5.71284961700439,0,-0.0210824124515057,-4.83757516179115,26575.0301133016,-47848.8375066616,26575.0469295756,-47846.3749730808,26575.0637458497,-47843.9124395,0,0,1,0
20131212090452.daq,120,7,1319.5,1,0,left,0.4915771484375,179.508422851563,12,0.0001,33.9198722839355,794.500656878852,4.52633476257324,0.112038917839527,0.0928182229399681,-4.80013169560547,26570.047226087,-47848.8000389262,26570.0683539714,-47846.3375385635,26570.0894818559,-47843.8750382009,0,0,1,0
20131212090452.daq,120,7,1319.6,1,0,left,0.573089599609375,179.426910400391,12,0.0001,33.858642578125,799.471090873398,4.26266479492188,0.137663468718529,-0.00209908839315176,-4.74816791834234,26565.074565898,-47848.7481086972,26565.0991970623,-47846.2856408844,26565.1238282265,-47843.8231730716,0,0,1,0
20131212090452.daq,120,7,1319.7,1,0,left,0.635986328125,179.364013671875,12,0.0001,33.7975387573242,804.43255348914,3.51559996604919,0.144837364554405,0.0643430054187775,-4.69343060933911,26560.112123203,-47848.6934248258,26560.1394575382,-47846.2309855357,26560.1667918734,-47843.7685462455,0,0,1,0
20131212090452.daq,120,7,1319.8,1,0,left,0.679862976074219,179.320137023926,12,0.0001,33.7365570068359,809.385064261602,2.63669991493225,0.147809997200966,0.0168844666332006,-4.63214743710156,26555.1599038437,-47848.6321076366,26555.189123887,-47846.1696900009,26555.2183439302,-47843.7072723652,0,0,1,0
20131212090452.daq,120,7,1319.9,1,0,left,0.70068359375,179.29931640625,12,0.0001,33.6756629943848,814.328637411207,1.71385490894318,0.1487737596035,0.00739280506968498,-4.56848713240349,26550.2180012647,-47848.568315013,26550.2481161199,-47846.1059081581,26550.278230975,-47843.6435013032,0,0,1,0
20131212090452.daq,120,7,1320,1,0,left,0.701881408691406,179.298118591309,12,0.0001,33.6148414611816,819.263284407498,1.23045992851257,0.152639374136925,0.0263761281967163,-4.50574401411702,26545.2843789751,-47848.5057406426,26545.3145453088,-47846.0433344178,26545.3447116426,-47843.580928193,0,0,1,0
20131212090452.daq,120,7,1320.1,1,0,left,0.695053100585938,179.304946899414,12,0.0001,33.5541038513184,824.189017139593,1.23045992851257,0.159633368253708,-0.0305740740150213,-4.4438032816519,26540.360713565,-47848.4436645933,26540.3905864377,-47845.981254791,26540.4204593104,-47843.5188449886,0,0,1,0
20131212090452.daq,120,7,1320.2,1,0,left,0.685722351074219,179.314277648926,12,0.0001,33.4934577941895,829.105848942025,1.23045992851257,0.166145205497742,0.0263761281967163,-4.38184551007114,26535.4468734934,-47848.3817438824,26535.4763453566,-47845.9193292478,26535.5058172198,-47843.4569146132,0,0,1,0
20131212090452.daq,120,7,1320.3,1,0,left,0.673377990722656,179.326622009277,12,0.0001,33.4329032897949,834.013792403333,0.878899991512299,0.180085882544518,-0.0115907499566674,-4.32001577701224,26530.5409179059,-47848.3200102125,26530.5698592419,-47845.8575892853,26530.5988005778,-47843.3951683581,0,0,1,0
20131212090452.daq,120,7,1320.4,1,0,left,0.651939392089844,179.34806060791,12,0.0001,33.3740768432617,838.912931027444,0.483394980430603,0.205148711800575,-0.0210824124515057,-4.25884517187831,26525.644945233,-47848.2588409562,26525.6729651927,-47845.7964093724,26525.7009851525,-47843.3339777885,0,0,1,0
20131212090452.daq,120,7,1320.5,1,0,left,0.624580383300781,179.375419616699,12,0.0001,33.3225440979004,843.803884962603,0.395504981279373,0.236066997051239,-0.0400659665465355,-4.20195946780018,26520.756927093,-47848.2019451654,26520.7837712268,-47845.7395004826,26520.8106153605,-47843.2770557998,0,0,1,0
20131212090452.daq,120,7,1320.6,1,0,left,0.590599060058594,179.409400939941,12,0.0001,33.2885055541992,848.688476002179,0.0439449995756149,0.266836762428284,-0.0305740740150213,-4.14546758119737,26515.8768808201,-47848.1454599348,26515.9022645078,-47845.6829997642,26515.9276481954,-47843.2205395936,0,0,1,0
20131212090452.daq,120,7,1320.7,1,0,left,0.547821044921875,179.452178955078,12,0.0001,33.2750778198242,853.569535399729,-0.439449965953827,0.292236387729645,-0.0495576299726963,-4.0934270512381,26510.9989999363,-47848.093426097,26511.022545102,-47845.6309476608,26511.0460902676,-47843.1684692246,0,0,1,0
20131212090452.daq,120,7,1320.8,1,0,left,0.497909545898438,179.502090454102,12,0.0001,33.2887802124023,858.450540433463,-0.483394980430603,0.298205137252808,-0.0780328437685966,-4.04574255575822,26506.1232456674,-47848.0457400541,26506.1446457101,-47845.5832420416,26506.1660457529,-47843.1207440291,0,0,1,0
20131212090452.daq,120,7,1320.9,1,0,left,0.446510314941406,179.553489685059,12,0.0001,33.3326683044434,863.335786636046,-0.483394980430603,0.29717630147934,-0.0210824124515057,-4.00205588575044,26501.2416705758,-47848.0020514286,26501.2608615382,-47845.5395352093,26501.2800525006,-47843.0770189899,0,0,1,0
20131212090452.daq,120,7,1321,1,0,left,0.394752502441406,179.605247497559,12,0.0001,33.400634765625,868.229342387145,-0.395504981279373,0.297275573015213,-0.0400659665465355,-3.96229017524456,26496.3522945047,-47847.9622901594,26496.3692609598,-47845.4997576088,26496.3862274149,-47843.0372250582,0,0,1,0
20131212090452.daq,120,7,1321.1,1,0,left,0.354316711425781,179.645683288574,12,0.000101218010156006,33.4846878051758,873.134124449061,0.483394980430603,0.297334551811218,-0.0685409530997276,-3.9257868876484,26491.4489753713,-47847.9257327181,26491.4642039202,-47845.4631888069,26491.4794324692,-47843.0006448956,0,0,1,0
20131212090452.daq,120,7,1321.2,1,0,left,0.329566955566406,179.670433044434,12,0.000106249955694658,33.5791053771973,878.052050474478,1.18651497364044,0.297676384449005,-0.0780328437685966,-3.89232329433743,26486.531605945,-47847.8921094124,26486.5457707604,-47845.4295591527,26486.5599355759,-47842.967008893,0,0,1,0
20131212090452.daq,120,7,1321.3,1,0,left,0.314125061035156,179.685874938965,12,0.00011067177042839,33.6800727844238,882.984340245239,1.23045992851257,0.29752779006958,-0.0685409530997276,-3.86182283006743,26481.6003395861,-47847.8618157174,26481.6138407145,-47845.3992617296,26481.6273418428,-47842.9367077418,0,0,1,0
20131212090452.daq,120,7,1321.4,1,0,left,0.302703857421875,179.697296142578,12,0.000114512961493135,33.7851715087891,887.931764552413,1.23045992851257,0.297211676836014,-0.0495576299726963,-3.83524487934989,26476.6513978184,-47847.8351792092,26476.6644080668,-47845.372622579,26476.6774183153,-47842.9100659488,0,0,1,0
20131212090452.daq,120,7,1321.5,1,0,left,0.288230895996094,179.711769104004,12,0.000117803378917935,33.8928070068359,892.894805023781,0.966789960861206,0.296918541193008,-0.0400659665465355,-3.80502217684258,26471.688858388,-47847.8048253473,26471.7012465922,-47845.3422655093,26471.7136347964,-47842.8797056713,0,0,1,0
20131212090452.daq,120,7,1321.6,1,0,left,0.261444091796875,179.738555908203,12,0.000120570470360423,34.0018692016602,897.873747605496,0.0878899991512299,0.297760874032974,-0.0305740740150213,-3.77932781101738,26466.7090402323,-47847.779139951,26466.7202771443,-47845.3165745904,26466.7315140563,-47842.8540092298,0,0,1,0
20131212090452.daq,120,7,1321.7,1,0,left,0.213897705078125,179.786102294922,12,0.000122837158067979,34.1115951538086,902.868741401646,-0.834954977035522,0.297655642032623,-0.0115907499566674,-3.75090636303379,26461.7160563165,-47847.7508327671,26461.7252496872,-47845.2882589296,26461.7344430579,-47842.8256850921,0,0,1,0
20131212090452.daq,120,7,1321.8,1,0,left,0.152450561523438,179.847549438477,12,0.000124622230834569,34.221607208252,907.879852385464,-1.14256989955902,0.297928810119629,-0.0495576299726963,-3.73120544226029,26456.7058360704,-47847.7311970273,26456.7123884367,-47845.2686147464,26456.7189408031,-47842.8060324656,0,0,1,0
20131212090452.daq,120,7,1321.9,1,0,left,0.0844650268554688,179.915534973145,12,0.000125943963203637,34.3316955566406,912.907105780643,-1.18651497364044,0.297561824321747,-0.0875245034694672,-3.71673791355599,26451.6801550251,-47847.715870195,26451.6837853578,-47845.2532818729,26451.6874156904,-47842.7906935508,0,0,1,0
20131212090452.daq,120,7,1322,1,0,left,0.0121688842773438,179.987831115723,12,0.000126823856357695,34.4416656494141,917.950499862098,-1.31834995746613,0.297561943531036,-0.0590492896735668,-3.70809348810949,26446.6389598753,-47847.7086202749,26446.6394828979,-47845.2460293324,26446.6400059204,-47842.78343839,0,0,1,0
20131212090452.daq,120,7,1322.1,1,0,left,-0.0619277954101563,180.06192779541,12,0.000127287655897419,34.5513458251953,923.010002971991,-1.45018494129181,0.297608226537704,-0.00209908839315176,-3.70538740094092,26441.5821897467,-47847.7053855752,26441.5795280707,-47845.2427960156,26441.5768663947,-47842.780206456,0,0,1,0
20131212090452.daq,120,7,1322.2,1,0,left,-0.140495300292969,180.140495300293,12,0.000127364208783551,34.6606636047363,928.085566481313,-1.62596487998962,0.297489553689957,-0.0685409530997276,-3.71023727693511,26436.5099111164,-47847.7102370091,26436.5038725893,-47845.2476534146,26436.4978340622,-47842.7850698202,0,0,1,0
20131212090452.daq,120,7,1322.3,1,0,left,-0.222404479980469,180.22240447998,12,0.000127081528406097,34.7695693969727,933.177133648423,-1.75779986381531,0.297365695238113,-0.0210824124515057,-3.72314158742467,26431.4201439602,-47847.7231044491,26431.4105849683,-47845.2605320037,26431.4010259763,-47842.7979595582,0,0,1,0
20131212090452.daq,120,7,1322.4,1,0,left,-0.307037353515625,180.307037353516,12,0.000126464088174194,34.8780097961426,938.284640038706,-1.75779986381531,0.300972074270248,-0.00209908839315176,-3.74034351120634,26426.3148268862,-47847.7400431757,26426.3016303853,-47845.2774875365,26426.2884338844,-47842.8149318974,0,0,1,0
20131212090452.daq,120,7,1322.5,1,0,left,-0.391006469726563,180.391006469727,12,0.00012553381968362,34.9860610961914,943.408018420087,-1.71385490894318,0.321038395166397,-0.0210824124515057,-3.76865713680157,26421.1938759224,-47847.7686566348,26421.1770704693,-47845.3061229802,26421.1602650161,-47842.8435893256,0,0,1,0
20131212090452.daq,120,7,1322.6,1,0,left,-0.4739990234375,180.473999023438,12,0.000124313404371925,35.0950889587402,948.547285950277,-1.58201992511749,0.339120596647263,0.0263761281967163,-3.80128027285462,26416.0572830348,-47847.8011131238,26416.036910637,-47845.3386063952,26416.0165382391,-47842.8760996665,0,0,1,0
20131212090452.daq,120,7,1322.7,1,0,left,-0.5478515625,180.5478515625,12,0.000122829068201679,35.2083053588867,953.702809934563,-0.834954977035522,0.356386691331863,-0.0115907499566674,-3.84495482849664,26410.9048424127,-47847.8447227578,26410.8812959355,-47845.3822443341,26410.8577494582,-47842.9197659105,0,0,1,0
20131212090452.daq,120,7,1322.8,1,0,left,-0.604026794433594,180.604026794434,12,0.000121112072007235,35.3288955688477,958.875444294914,0.0439449995756149,0.373328685760498,-0.0305740740150213,-3.89137971374535,26405.7343832776,-47847.8911486377,26405.708422493,-47845.4286944836,26405.6824617083,-47842.9662403295,0,0,1,0
20131212090452.daq,120,7,1322.9,1,0,left,-0.639556884765625,180.639556884766,12,0.000119197897451277,35.459888458252,964.066493482693,1.05467998981476,0.390236973762512,-0.0305740740150213,-3.944254872905,26400.5438742931,-47847.9441157593,26400.5163865037,-47845.4816781774,26400.4888987143,-47843.0192405955,0,0,1,0
20131212090452.daq,120,7,1323,1,0,left,-0.64666748046875,180.646667480469,12,0.000117122940718786,35.6042709350586,969.277696533318,2.54880976676941,0.402864128351212,-0.0495576299726963,-3.99534112990135,26395.3331165245,-47847.9953343984,26395.3053231387,-47845.5329002468,26395.2775297528,-47843.0704660952,0,0,1,0
20131212090452.daq,120,7,1323.1,1,0,left,-0.618606567382813,180.618606567383,12,0.00011492049441282,35.7649230957031,974.511247068032,4.04293966293335,0.408298581838608,-0.0495576299726963,-4.05227079912937,26390.0980325565,-47848.0522019275,26390.0714451642,-47845.5897544592,26390.0448577719,-47843.1273069909,0,0,1,0
20131212090452.daq,120,7,1323.2,1,0,left,-0.563102722167969,180.563102722168,12,0.000112617556460439,35.940601348877,979.76952338648,4.70211458206177,0.408897250890732,-0.0875245034694672,-4.10357297958367,26384.8368670993,-47848.1034739802,26384.8126651532,-47845.6410019115,26384.788463207,-47843.1785298428,0,0,1,0
20131212090452.daq,120,7,1323.3,1,0,left,-0.492599487304688,180.492599487305,12,0.000110232062987214,36.1253623962402,985.054293104695,5.00972986221313,0.408969044685364,-0.0305740740150213,-4.14991870622439,26379.5479843725,-47848.1499148381,26379.5268125492,-47845.6874148529,26379.5056407259,-47843.2249148676,0,0,1,0
20131212090452.daq,120,7,1323.4,1,0,left,-0.413200378417969,180.413200378418,12,0.00010777019981831,36.3150062561035,990.36655915546,5.18550968170166,0.409030109643936,-0.0875245034694672,-4.18823182295091,26374.2315405358,-47848.1879929309,26374.2137812048,-47845.7254659707,26374.1960218738,-47843.2629390105,0,0,1,0
20131212090452.daq,120,7,1323.5,1,0,left,-0.333908081054688,180.333908081055,12,0.000105226459800586,36.5069999694824,995.706833192569,4.87789487838745,0.408017665147781,-0.0970161706209183,-4.22227967251593,26368.8838561427,-47848.2221686043,26368.8695047474,-47845.759619425,26368.8551533521,-47843.2970702456,0,0,1,0
20131212090452.daq,120,7,1323.6,1,0,left,-0.268814086914063,180.268814086914,12,0.000102588611074761,36.7000503540039,1001.07535500423,3.95504975318909,0.408962368965149,-0.0970161706209183,-4.24960789316339,26363.5111409521,-47848.2494047805,26363.4995872788,-47845.7868408857,26363.4880336054,-47843.3242769909,0,0,1,0
20131212090452.daq,120,7,1323.7,1,0,left,-0.208671569824219,180.208671569824,12,0.0001,36.893440246582,1006.47222203496,4.17477464675903,0.409742802381516,-0.134983047842979,-4.26915544401764,26358.1092562779,-47848.2691321394,26358.1002875267,-47845.8065574735,26358.0913187754,-47843.3439828077,0,0,1,0
20131212090452.daq,120,7,1323.8,1,0,left,-0.144744873046875,180.144744873047,12,0.0001,37.0867156982422,1011.8974487849,4.57027959823608,0.409352034330368,-0.0875245034694672,-4.28150007303032,26352.6779849935,-47848.2808118384,26352.671763819,-47845.8182286986,26352.6655426445,-47843.3556455588,0,0,1,0
20131212090452.daq,120,7,1323.9,1,0,left,-0.0788955688476563,180.078895568848,12,0.0001,37.279670715332,1017.35100093862,4.52633476257324,0.410118609666824,-0.0780328437685966,-4.28917264207179,26347.21932693,-47848.2884647867,26347.2159359742,-47845.8258761233,26347.2125450184,-47843.36328746,0,0,1,0
20131212090452.daq,120,7,1324,1,0,left,-0.010040283203125,180.010040283203,12,0.0001,37.4721755981445,1022.8328215214,4.52633476257324,0.419097095727921,-0.0875245034694672,-4.29203728819122,26341.7332558522,-47848.2920238869,26341.7328243176,-47845.8294329267,26341.732392783,-47843.3668419665,0,0,1,0
20131212090452.daq,120,7,1324.1,1,0,left,0.0592498779296875,179.94075012207,12,0.0001,37.6643371582031,1028.3428455391,4.61422491073608,0.42876735329628,-0.0875245034694672,-4.28800033081731,26336.2178823487,-47848.287741569,26336.220428927,-47845.8251518878,26336.2229755053,-47843.3625622065,0,0,1,0
20131212090452.daq,120,7,1324.2,1,0,left,0.130271911621094,179.869728088379,12,0.0001,37.8568725585938,1033.8810703808,4.61422491073608,0.431031107902527,-0.115999720990658,-4.27571116382285,26330.6731748146,-47848.2755375845,26330.6787739384,-47845.8129529518,26330.6843730621,-47843.3503683191,0,0,1,0
20131212090452.daq,120,7,1324.3,1,0,left,0.199050903320313,179.80094909668,12,0.0001,38.0503921508789,1039.44760318885,4.39449977874756,0.43174684047699,-0.0305740740150213,-4.25975623620228,26325.1031367601,-47848.2595639921,26325.1116920146,-47845.796987855,26325.1202472691,-47843.3344117179,0,0,1,0
20131212090452.daq,120,7,1324.4,1,0,left,0.256355285644531,179.743644714355,12,0.0001,38.2448310852051,1045.04258994358,3.69137978553772,0.43269357085228,-0.134983047842979,-4.23649240768759,26319.5021326661,-47848.2364862113,26319.5131508618,-47845.7739198624,26319.5241690575,-47843.3113535135,0,0,1,0
20131212090452.daq,120,7,1324.5,1,0,left,0.303970336914063,179.696029663086,12,0.0001,38.4398536682129,1050.66614161053,3.33981990814209,0.438228100538254,-0.0780328437685966,-4.20621678411707,26313.8740233473,-47848.206194537,26313.8870880287,-47845.743638195,26313.90015271,-47843.281081853,0,0,1,0
20131212090452.daq,120,7,1324.6,1,0,left,0.34454345703125,179.655456542969,12,0.0001,38.6352043151855,1056.31832127224,3.33981990814209,0.445144772529602,-0.0970161706209183,-4.16853221511972,26308.2187432048,-47848.1685255824,26308.233551704,-47845.7059791094,26308.2483602031,-47843.2434326364,0,0,1,0
20131212090452.daq,120,7,1324.7,1,0,left,0.382095336914063,179.617904663086,12,0.0001,38.8310546875,1061.99918455134,3.07614994049072,0.449243187904358,-0.106507830321789,-4.13113820489941,26302.5342409912,-47848.1310431142,26302.5506634497,-47845.6685068757,26302.5670859082,-47843.2059706371,0,0,1,0
20131212090452.daq,120,7,1324.8,1,0,left,0.409965515136719,179.590034484863,12,0.0001,39.0280113220215,1067.70884460474,2.54880976676941,0.450749635696411,-0.0875245034694672,-4.09025500552392,26296.8206771103,-47848.0902537617,26296.8382974094,-47845.6277258027,26296.8559177085,-47843.1651978438,0,0,1,0
20131212090452.daq,120,7,1324.9,1,0,left,0.427406311035156,179.572593688965,12,0.0001,39.2265701293945,1073.44750760458,2.15330481529236,0.451276212930679,-0.106507830321789,-4.04230151386972,26291.0780687228,-47848.0422979532,26291.0964386129,-47845.579775472,26291.114808503,-47843.1172529908,0,0,1,0
20131212090452.daq,120,7,1325,1,0,left,0.433891296386719,179.566108703613,12,0.0001,39.4265785217285,1079.21540350132,1.80174493789673,0.451320797204971,-0.0970161706209183,-3.99897502470746,26285.3083810587,-47847.9989272951,26285.3270296677,-47845.5364069089,26285.3456782767,-47843.0738865226,0,0,1,0
20131212090452.daq,120,7,1325.1,1,0,left,0.4273681640625,179.572631835938,12,0.0001,39.6275482177734,1085.01271077235,1.09862494468689,0.45164942741394,-0.0970161706209183,-3.94860285573254,26279.507757143,-47847.9485503173,26279.5261253936,-47845.4860278239,26279.5444936442,-47843.0235053304,0,0,1,0
20131212090452.daq,120,7,1325.2,1,0,left,0.403846740722656,179.596153259277,12,0.0001,39.8290176391602,1090.83953558093,0.395504981279373,0.45218300819397,-0.0970161706209183,-3.90327533313709,26273.6801998487,-47847.9031329126,26273.6975571675,-47845.440603086,26273.7149144864,-47842.9780732594,0,0,1,0
20131212090452.daq,120,7,1325.3,1,0,left,0.369873046875,179.630126953125,12,0.0001,40.0306396484375,1096.69592338563,0.307614982128143,0.455585151910782,-0.0875245034694672,-3.85840148296026,26267.8235990083,-47847.8583628112,26267.8394961601,-47845.3958231254,26267.855393312,-47842.9332834396,0,0,1,0
20131212090452.daq,120,7,1325.4,1,0,left,0.333663940429688,179.66633605957,12,0.0001,40.2322769165039,1102.58188323156,0.351559996604919,0.464958548545837,-0.0970161706209183,-3.81384857027564,26261.9358035644,-47847.8137306722,26261.9501444666,-47845.3511814317,26261.9644853688,-47842.8886321912,0,0,1,0
20131212090452.daq,120,7,1325.5,1,0,left,0.297805786132813,179.702194213867,12,0.0001,40.434326171875,1108.49743787129,0.351559996604919,0.469033479690552,-0.106507830321789,-3.77689912795678,26256.0206572725,-47847.7768887483,26256.0334570032,-47845.3143310149,26256.0462567338,-47842.8517732815,0,0,1,0
20131212090452.daq,120,7,1325.6,1,0,left,0.263053894042969,179.736946105957,12,0.0001,40.6376152038574,1114.44270885411,0.439449995756149,0.469434410333633,-0.125491380691528,-3.74002604165496,26250.0742354867,-47847.7399777978,26250.0855415878,-47845.2774127539,26250.0968476889,-47842.8148477099,0,0,1,0
20131212090452.daq,120,7,1325.7,1,0,left,0.238235473632813,179.761764526367,12,0.0001,40.8424377441406,1120.41790901939,0.966789960861206,0.469714909791946,-0.115999720990658,-3.70654317773289,26244.0982764218,-47847.7063577854,26244.1085158295,-47845.2437880751,26244.1187552371,-47842.7812183649,0,0,1,0
20131212090452.daq,120,7,1325.8,1,0,left,0.221847534179688,179.77815246582,12,0.0001,41.0484809875488,1126.42324547177,1.14256989955902,0.469275265932083,-0.0970161706209183,-3.68018591710321,26238.090862743,-47847.6800282906,26238.1003977974,-47845.2174557523,26238.1099328518,-47842.7548832141,0,0,1,0
20131212090452.daq,120,7,1325.9,1,0,left,0.210105895996094,179.789894104004,12,0.0001,41.2552223205566,1132.45885896965,1.14256989955902,0.469808787107468,-0.115999720990658,-3.64971176435359,26232.0540392939,-47847.6495049144,26232.0630696925,-47845.1869304739,26232.0721000911,-47842.7243560333,0,0,1,0
20131212090452.daq,120,7,1326,1,0,left,0.201370239257813,179.798629760742,12,0.0001,41.4621963500977,1138.52481609238,1.14256989955902,0.470268726348877,-0.106507830321789,-3.6227612763706,26225.9858927414,-47847.622701727,26225.9945476811,-47845.1601259382,26226.0032026208,-47842.6975501495,0,0,1,0
20131212090452.daq,120,7,1326.1,1,0,left,0.192184448242188,179.807815551758,12,0.0001,41.6690902709961,1144.62112691076,1.09862494468689,0.469052523374557,-0.0875245034694672,-3.59622809779381,26219.8865072442,-47847.5959263589,26219.894767378,-47845.1333492142,26219.9030275118,-47842.6707720695,0,0,1,0
20131212090452.daq,120,7,1326.2,1,0,left,0.184234619140625,179.815765380859,12,0.0001,41.8756484985352,1150.74776023325,1.09862494468689,0.470186442136765,-0.125491380691528,-3.57329674389137,26213.7577948225,-47847.5729807352,26213.7657132719,-47845.1104024681,26213.7736317213,-47842.647824201,0,0,1,0
20131212090452.daq,120,7,1326.3,1,0,left,0.176292419433594,179.823707580566,12,0.0001,42.0816955566406,1156.90465274415,1.01073491573334,0.470549076795578,-0.172949925065041,-3.55008020523974,26207.5997854079,-47847.5500346125,26207.6073625007,-47845.0874552714,26207.6149395935,-47842.6248759304,0,0,1,0
20131212090452.daq,120,7,1326.4,1,0,left,0.162834167480469,179.83716583252,12,0.0001,42.2871208190918,1163.09172121933,0.439449995756149,0.468391060829163,-0.0970161706209183,-3.52379018175674,26201.4106606854,-47847.5235234522,26201.4176593408,-47845.0609423992,26201.4246579962,-47842.5983613463,0,0,1,0
20131212090452.daq,120,7,1326.5,1,0,left,0.134994506835938,179.865005493164,12,0.0001,42.4918365478516,1169.30886844735,-0.263669967651367,0.470439434051514,-0.106507830321789,-3.50201310849655,26195.1925906376,-47847.5018079973,26195.1983927395,-47845.0392238344,26195.2041948413,-47842.5766396716,0,0,1,0
20131212090452.daq,120,7,1326.6,1,0,left,0.0955581665039063,179.904441833496,12,0.0001,42.6957321166992,1175.55598099159,-0.527339935302734,0.462385892868042,-0.115999720990658,-3.48486555095772,26188.9435552575,-47847.4847155486,26188.9476623762,-47845.0221279755,26188.951769495,-47842.5595404024,0,0,1,0
20131212090452.daq,120,7,1326.7,1,0,left,0.052093505859375,179.947906494141,12,0.0001,42.8985328674316,1181.83292532036,-0.527339935302734,0.452683418989182,-0.106507830321789,-3.46837272933103,26182.6672766051,-47847.4678714473,26182.6695156004,-47845.0052814672,26182.6717545957,-47842.542691487,0,0,1,0
20131212090452.daq,120,7,1326.8,1,0,left,0.00856781005859375,179.991432189941,12,0.0001,43.0994110107422,1188.13948495762,-0.527339935302734,0.40867018699646,-0.115999720990658,-3.4584164383497,26176.3597514908,-47847.458842809,26176.360119738,-47844.9962518385,26176.3604879853,-47842.533660868,0,0,1,0
20131212090452.daq,120,7,1326.9,1,0,left,-0.0358200073242188,180.035820007324,12,0.0001,43.2962760925293,1194.47525651092,-0.615229964256287,0.300477147102356,-0.106507830321789,-3.45045116068174,26170.0229527726,-47847.4498666173,26170.0214132173,-47844.9872761006,26170.019873662,-47842.5246855838,0,0,1,0
20131212090452.daq,120,7,1327,1,0,left,-0.0680923461914063,180.068092346191,12,0.0001,43.4822463989258,1200.839225438,0.57128494977951,0.214839294552803,-0.106507830321789,-3.44804001755229,26163.6585136066,-47847.4479538237,26163.6555869763,-47844.9853645648,26163.6526603461,-47842.5227753058,0,0,1,0
20131212090452.daq,120,7,1327.1,1,0,left,-0.0518417358398438,180.05184173584,12,0.0001,43.6461715698242,1207.22900201633,3.51559996604919,0.184764012694359,-0.115999720990658,-3.44763113936113,26157.2674880418,-47847.4469500825,26157.2652598677,-47844.9843600925,26157.2630316936,-47842.5217701026,0,0,1,0
20131212090452.daq,120,7,1327.2,1,0,left,0.0312347412109375,179.968765258789,12,0.0001,43.7696075439453,1213.64007736098,5.80073976516724,0.186588600277901,-0.1539666056633,-3.44604770749568,26150.851382221,-47847.4457232274,26150.8527247002,-47844.9831325954,26150.8540671793,-47842.5205419633,0,0,1,0
20131212090452.daq,120,7,1327.3,1,0,left,0.155891418457031,179.844108581543,12,0.0001,43.84716796875,1220.06580510133,5.84468460083008,0.186956837773323,-0.125491380691528,-3.43814259575621,26144.4186426759,-47847.4380154325,26144.4253429308,-47844.9754335496,26144.4320431858,-47842.5128516667,0,0,1,0
20131212090452.daq,120,7,1327.4,1,0,left,0.301338195800781,179.698661804199,12,0.0001,43.8894004821777,1226.50019612788,5.75679492950439,0.186640858650208,-0.0495576299726963,-3.41729539596456,26137.9756496972,-47847.4172950221,26137.9886012499,-47844.9547380825,26138.0015528026,-47842.492181143,0,0,1,0
20131212090452.daq,120,7,1327.5,1,0,left,0.454116821289063,179.545883178711,12,0.0001,43.9063186645508,1232.93881046624,5.80073976516724,0.173142060637474,-0.0590492896735668,-3.38062318481131,26131.5285966481,-47847.3804862011,26131.5481145305,-47844.9179725513,26131.5676324129,-47842.4554589014,0,0,1,0
20131212090452.daq,120,7,1327.6,1,0,left,0.608688354492188,179.391311645508,12,0.0001,43.9046478271484,1239.37850028463,5.36128950119019,0.159701570868492,-0.0875245034694672,-3.33202369313919,26125.0834790754,-47847.3318375657,26125.1096402042,-47844.8693855319,26125.135801333,-47842.4069334981,0,0,1,0
20131212090452.daq,120,7,1327.7,1,0,left,0.740890502929688,179.25910949707,12,0.0001,43.8865547180176,1245.81671831742,3.69137978553772,0.157793149352074,-0.0400659665465355,-3.2650459788837,26118.6408722532,-47847.2650370542,26118.6727150775,-47844.8026519385,26118.7045579017,-47842.3402668228,0,0,1,0
20131212090452.daq,120,7,1327.8,1,0,left,0.830268859863281,179.169731140137,12,0.0001,43.8546943664551,1252.25123760711,1.80174493789673,0.157433927059174,-0.125491380691528,-3.18139498241065,26112.2032039798,-47847.1813595679,26112.238887953,-47844.7190271213,26112.2745719263,-47842.2566946747,0,0,1,0
