daqname,subject,instance,time,road_type,oncoming,direction,heading_local,heading,width,curvature,speed,distance,steer,throttle,brake,lat_dist,front_left_x,front_left_y,front_center_x,front_center_y,front_right_x,front_right_y,pre_phase,ld_phase,post_phase,exceed
20130629104749.daq,31,4,671.066666666667,1,0,right,0.793922424316406,179.206077575684,12,0.0001,54.7931594848633,0,-1.2744048833847,0.255480766296387,0.0138501841574907,2.79808404443578,-7263.36478203753,-9514.13674293075,-7263.33066008879,-9511.67438834295,-7263.29653814006,-9509.21203375515,1,0,0,0
20130629104749.daq,31,4,671.166666666667,1,0,right,0.752265930175781,179.247734069824,12,0.0001,54.7905006408691,8.03615254722172,-1.23045992851257,0.255395948886871,-0.00513337086886168,2.90674087510835,-7271.3969958802,-9514.01823680797,-7271.36466417794,-9511.55585806284,-7271.33233247568,-9509.09347931771,1,0,0,0
20130629104749.daq,31,4,671.266666666667,1,0,right,0.708572387695313,179.291427612305,12,0.0001,54.7878532409668,16.0719171346063,-1.18651497364044,0.255420088768005,0.0233418457210064,3.02143509124012,-7279.4291593246,-9513.90376269937,-7279.39870543218,-9511.44136001422,-7279.36825153976,-9508.97895732906,1,0,0,0
20130629104749.daq,31,4,671.366666666667,1,0,right,0.669235229492188,179.330764770508,12,0.0001,54.7851371765137,24.1072886801267,-0.966789960861206,0.256484180688858,-0.0146250324323773,3.13152766611199,-7287.46044809614,-9513.79390019073,-7287.43168480517,-9511.33147717741,-7287.40292151419,-9508.86905416409,1,0,0,0
20130629104749.daq,31,4,671.466666666667,1,0,right,0.6383056640625,179.361694335938,12,0.0001,54.7824478149414,32.1422621949896,-0.527339935302734,0.255908787250519,-0.0146250324323773,3.2360997183041,-7295.4919361259,-9513.68937463387,-7295.46450211102,-9511.22693645225,-7295.43706809614,-9508.76449827064,1,0,0,0
20130629104749.daq,31,4,671.566666666667,1,0,right,0.615715026855469,179.384284973145,12,0.0001,54.779914855957,40.1768517597011,-0.307614982128143,0.255367070436478,0.0233418457210064,3.33608236916304,-7303.52362261683,-9513.5892140516,-7303.49715949665,-9511.12676524468,-7303.47069637646,-9508.66431643776,1,0,0,0
20130629104749.daq,31,4,671.666666666667,1,0,right,0.600341796875,179.399658203125,12,0.0001,54.7774391174316,48.2110758374329,-0.307614982128143,0.25536322593689,-0.00513337086886168,3.43167908247141,-7311.55499305613,-9513.49348826601,-7311.5291906451,-9511.03103244732,-7311.50338823406,-9508.56857662863,1,0,0,0
20130629104749.daq,31,4,671.766666666667,1,0,right,0.586807250976563,179.413192749023,12,0.0001,54.7749366760254,56.2449379716272,-0.351559966802597,0.25569611787796,0.0138501841574907,3.52449385438113,-7319.58640727857,-9513.4005779967,-7319.56118655545,-9510.9381161516,-7319.53596583233,-9508.4756543065,1,0,0,0
20130629104749.daq,31,4,671.866666666667,1,0,right,0.572486877441406,179.427513122559,12,0.0001,54.7723922729492,64.2784277184728,-0.351559966802597,0.255230486392975,0.0233418457210064,3.6133847493128,-7327.61780246991,-9513.3116226495,-7327.59319720954,-9510.84915457771,-7327.56859194917,-9508.38668650592,1,0,0,0
20130629104749.daq,31,4,671.966666666667,1,0,right,0.558555603027344,179.441444396973,12,0.0001,54.769847869873,72.3115440988549,-0.307614982128143,0.255050539970398,0.0138501841574907,3.70135505775306,-7335.64823020778,-9513.22361964369,-7335.62422368889,-9510.76114566201,-7335.60021717001,-9508.29867168032,1,0,0,0
20130629104749.daq,31,4,672.066666666667,1,0,right,0.545722961425781,179.454277038574,12,0.0001,54.7672729492188,80.3442850613064,-0.175779983401299,0.254718720912933,0.0233418457210064,3.78648450453096,-7343.67868409778,-9513.13847810336,-7343.65522910433,-9510.67599880666,-7343.63177411089,-9508.21351950995,1,0,0,0
20130629104749.daq,31,4,672.166666666667,1,0,right,0.53851318359375,179.461486816406,12,0.0001,54.7646675109863,88.3766454771685,0,0.256742864847183,-0.00513337086886168,3.8700241921872,-7351.70878450928,-9513.05494089305,-7351.68563938053,-9510.59245866439,-7351.66249425178,-9508.12997643573,1,0,0,0
20130629104749.daq,31,4,672.266666666667,1,0,right,0.529556274414063,179.470443725586,12,0.0001,54.762134552002,96.4086270715416,-0.395504981279373,0.256254315376282,-0.0146250324323773,3.95249578712427,-7359.73884291336,-9512.97248857544,-7359.71608273872,-9510.51000275865,-7359.69332256408,-9508.04751694186,1,0,0,0
20130629104749.daq,31,4,672.366666666667,1,0,right,0.509017944335938,179.490982055664,12,0.0001,54.7597999572754,104.440251711159,-0.966789960861206,0.256442576646805,-0.0146250324323773,4.03232067747432,-7367.76813466683,-9512.89270751929,-7367.74625719995,-9510.43021370206,-7367.72437973308,-9507.96771988483,1,0,0,0
20130629104749.daq,31,4,672.466666666667,1,0,right,0.478202819824219,179.521797180176,12,0.0001,54.7575988769531,112.471544526466,-1.14256989955902,0.256629347801208,-0.00513337086886168,4.11055453941086,-7375.7966903981,-9512.81453998246,-7375.776137326,-9510.35203475513,-7375.7555842539,-9507.88952952779,1,0,0,0
20130629104749.daq,31,4,672.566666666667,1,0,right,0.443458557128906,179.556541442871,12,0.0001,54.7555084228516,120.50252267516,-0.92284494638443,0.256160944700241,0.00435852259397507,4.18464880700961,-7383.82417383369,-9512.7405218302,-7383.80511403283,-9510.27800459221,-7383.78605423197,-9507.81548735421,1,0,0,0
20130629104749.daq,31,4,672.666666666667,1,0,right,0.412025451660156,179.58797454834,12,0.0001,54.7535400390625,128.533203548061,-0.659174978733063,0.256477773189545,-0.0241166949272156,4.25602938253655,-7391.85222418047,-9512.6692276763,-7391.83451534691,-9510.20670035246,-7391.81680651335,-9507.74417302863,1,0,0,0
20130629104749.daq,31,4,672.766666666667,1,0,right,0.390205383300781,179.609794616699,12,0.0001,54.751594543457,136.563597961976,-0.307614982128143,0.256160289049149,0.0233418457210064,4.3240869641901,-7399.87952922743,-9512.60124376981,-7399.86275820442,-9510.13870988045,-7399.84598718142,-9507.6761759911,1,0,0,0
20130629104749.daq,31,4,672.866666666667,1,0,right,0.376579284667969,179.623420715332,12,0.0001,54.7497138977051,144.593710346202,-0.0878899917006493,0.255575180053711,0.0233418457210064,4.38777118312221,-7407.90752018999,-9512.53763485324,-7407.89133480796,-9510.07509704504,-7407.87514942594,-9507.61255923684,1,0,0,0
20130629104749.daq,31,4,672.966666666667,1,0,right,0.368385314941406,179.631614685059,12,0.0001,54.7478561401367,152.623550538443,-0.0439449958503246,0.255857586860657,0.0328335054218769,4.44885483649675,-7415.93515407203,-9512.47661903752,-7415.91932086202,-9510.0140789398,-7415.903487652,-9507.55153884208,1,0,0,0
20130629104749.daq,31,4,673.066666666667,1,0,right,0.360740661621094,179.639259338379,12,0.0001,54.7459716796875,160.653115881123,-0.263669967651367,0.256749927997589,0.00435852259397507,4.5080303459733,-7423.96328945362,-9512.41752229073,-7423.9477848066,-9509.95498010239,-7423.93228015959,-9507.49243791405,1,0,0,0
20130629104749.daq,31,4,673.166666666667,1,0,right,0.347023010253906,179.652976989746,12,0.0001,54.7441444396973,168.682408612203,-0.57128494977951,0.256171584129333,0.00435852259397507,4.56477928173422,-7431.99030120311,-9512.36075481296,-7431.9753861339,-9509.8982089831,-7431.9604710647,-9507.43566315324,1,0,0,0
20130629104749.daq,31,4,673.266666666667,1,0,right,0.328742980957031,179.671257019043,12,0.0001,54.7423477172852,176.71143689091,-0.615229964256287,0.256645083427429,0.0233418457210064,4.6192431683138,-7440.0172022158,-9512.30622294306,-7440.00307281446,-9509.84367247993,-7439.98894341312,-9507.3811220168,1,0,0,0
20130629104749.daq,31,4,673.366666666667,1,0,right,0.308837890625,179.691162109375,12,0.0001,54.7405471801758,184.740199644886,-0.439449965953827,0.256259500980377,0.0328335054218769,4.67264291896205,-7448.04357517791,-9512.25276812478,-7448.0303012905,-9509.79021290158,-7448.01702740309,-9507.32765767837,1,0,0,0
20130629104749.daq,31,4,673.466666666667,1,0,right,0.295974731445313,179.704025268555,12,0.0001,54.7387924194336,192.768702608926,0.0439449995756149,0.256839334964752,0.0328335054218769,4.72355696496114,-7456.07011861122,-9512.20180681236,-7456.05739757882,-9509.73924867116,-7456.04467654642,-9507.27669052997,1,0,0,0
20130629104749.daq,31,4,673.566666666667,1,0,right,0.296676635742188,179.703323364258,12,0.0001,54.7370681762695,200.79695063192,0.527339994907379,0.255970627069473,0.00435852259397507,4.77336972082626,-7464.09650283018,-9512.15195866403,-7464.08375163011,-9509.68940067886,-7464.07100043004,-9507.22684269368,1,0,0,0
20130629104749.daq,31,4,673.666666666667,1,0,right,0.309043884277344,179.690956115723,12,0.0001,54.7352104187012,208.824938165599,0.659174978733063,0.257209241390228,-0.00513337086886168,4.82195144586953,-7472.12365829847,-9512.10334130638,-7472.11037555751,-9509.64078613091,-7472.09709281655,-9507.17823095544,1,0,0,0
20130629104749.daq,31,4,673.766666666667,1,0,right,0.326263427734375,179.673736572266,12,0.0001,54.7333793640137,216.852650103727,0.659174978733063,0.256570547819138,0.00435852259397507,4.87084005084904,-7480.15044291512,-9512.05442338088,-7480.13642008404,-9509.59187230859,-7480.12239725295,-9507.1293212363,1,0,0,0
20130629104749.daq,31,4,673.866666666667,1,0,right,0.3447265625,179.6552734375,12,0.0001,54.7317543029785,224.88011008477,0.615229964256287,0.256336957216263,-0.0146250324323773,4.92078333602115,-7488.17725732236,-9512.00445174109,-7488.16244095342,-9509.54190531541,-7488.14762458448,-9507.07935888972,1,0,0,0
20130629104749.daq,31,4,673.966666666667,1,0,right,0.363517761230469,179.63648223877,12,0.0001,54.7300682067871,232.907329858022,0.659174978733063,0.257122695446014,-0.0146250324323773,4.97270447973114,-7496.20359101642,-9511.95250650974,-7496.18796701115,-9509.48996507579,-7496.17234300589,-9507.02742364185,1,0,0,0
20130629104749.daq,31,4,674.066666666667,1,0,right,0.382888793945313,179.617111206055,12,0.0001,54.7283477783203,240.934298093802,0.659174978733063,0.256799399852753,0.0233418457210064,5.02661503592622,-7504.22993834409,-9511.89857208072,-7504.21348178329,-9509.4360360698,-7504.19702522249,-9506.97350005889,1,0,0,0
20130629104749.daq,31,4,674.166666666667,1,0,right,0.401687622070313,179.59831237793,12,0.0001,54.7266578674316,248.961016423953,0.659174978733063,0.254615664482117,0.0233418457210064,5.08342031590205,-7512.25627144703,-9511.84174326146,-7512.2390069255,-9509.37921278252,-7512.22174240397,-9506.91668230358,1,0,0,0
20130629104749.daq,31,4,674.266666666667,1,0,right,0.42236328125,179.57763671875,12,0.0001,54.7249145507813,256.987485594476,0.703119993209839,0.256786644458771,0.0138501841574907,5.14230089116576,-7520.28167289207,-9511.78284485861,-7520.26351974706,-9509.32032077005,-7520.24536660204,-9506.85779668149,1,0,0,0
20130629104749.daq,31,4,674.366666666667,1,0,right,0.44415283203125,179.555847167969,12,0.0001,54.7230644226074,265.013688074661,0.74706494808197,0.256927251815796,-0.00513337086886168,5.20515318887612,-7528.30758900681,-9511.71997098605,-7528.28849936669,-9509.25745397919,-7528.26940972657,-9506.79493697233,1,0,0,0
20130629104749.daq,31,4,674.466666666667,1,0,right,0.46575927734375,179.534240722656,12,0.0001,54.7213478088379,273.039628014067,0.703119993209839,0.256156474351883,0.0233418457210064,5.26995274031236,-7536.33252363603,-9511.65515513945,-7536.31250537323,-9509.19264550645,-7536.29248711043,-9506.73013587346,1,0,0,0
20130629104749.daq,31,4,674.566666666667,1,0,right,0.483642578125,179.516357421875,12,0.0001,54.7196960449219,281.065323409628,0.395504981279373,0.256548553705215,0.0423253998160362,5.33842584655647,-7544.35785646228,-9511.58666367502,-7544.33706959586,-9509.12416041013,-7544.31628272944,-9506.66165714523,1,0,0,0
20130629104749.daq,31,4,674.666666666667,1,0,right,0.484817504882813,179.515182495117,12,0.0001,54.7179946899414,289.090772396383,-0.57128494977951,0.256000578403473,0.0328335054218769,5.40782808943608,-7552.38181051397,-9511.51725489476,-7552.36097315062,-9509.05475205665,-7552.34013578728,-9506.59224921853,1,0,0,0
20130629104749.daq,31,4,674.766666666667,1,0,right,0.461395263671875,179.538604736328,12,0.0001,54.7162971496582,297.115979450242,-1.40623986721039,0.256032049655914,0.00435852259397507,5.47767114827051,-7560.40468415902,-9511.44741784789,-7560.38485345679,-9508.98490669732,-7560.36502275456,-9506.52239554675,1,0,0,0
20130629104749.daq,31,4,674.866666666667,1,0,right,0.419181823730469,179.58081817627,12,0.0001,54.7145805358887,305.140928718996,-1.49412989616394,0.256477385759354,-0.0146250324323773,5.54733558766653,-7568.42661565444,-9511.37776857926,-7568.4085992458,-9508.9152434865,-7568.39058283717,-9506.45271839375,1,0,0,0
20130629104749.daq,31,4,674.966666666667,1,0,right,0.36541748046875,179.634582519531,12,0.0001,54.7128562927246,313.165625564416,-1.75779986381531,0.255787789821625,0.0138501841574907,5.61335991030567,-7576.4477775975,-9511.31176382731,-7576.43207194335,-9508.84922291276,-7576.41636628919,-9506.3866819982,1,0,0,0
20130629104749.daq,31,4,675.066666666667,1,0,right,0.304389953613281,179.695610046387,12,0.0001,54.711124420166,321.190069427026,-2.02146983146667,0.256331771612167,0.0138501841574907,5.67405371634304,-7584.46827198726,-9511.25109042855,-7584.45518927088,-9508.7885341823,-7584.44210655449,-9506.32597793605,1,0,0,0
20130629104749.daq,31,4,675.166666666667,1,0,right,0.238357543945313,179.761642456055,12,0.0001,54.7093658447266,329.214257276246,-1.93357992172241,0.255986660718918,0.0138501841574907,5.72760168230552,-7592.48815232908,-9511.1975611675,-7592.47790767486,-9508.73499147905,-7592.46766302065,-9506.2724217906,0,1,0,1
20130629104749.daq,31,4,675.266666666667,1,0,right,0.179168701171875,179.820831298828,12,0.0001,54.7075614929199,337.238184216523,-1.18651497364044,0.256570130586624,0.0233418457210064,5.77473417162617,-7600.50770662755,-9511.15044259993,-7600.5000059118,-9508.68786364233,-7600.49230519605,-9506.22528468474,0,1,0,1
20130629104749.daq,31,4,675.366666666667,1,0,right,0.13848876953125,179.861511230469,12,0.0001,54.7057685852051,345.261845725327,-0.527339935302734,0.256174147129059,0.0138501841574907,5.81324048274136,-7608.52819787675,-9511.1119434374,-7608.52224559077,-9508.64935963299,-7608.51629330479,-9506.18677582859,0,1,0,1
20130629104749.daq,31,4,675.466666666667,1,0,right,0.107368469238281,179.892631530762,12,0.0001,54.7039527893066,353.285244460221,-0.615229964256287,0.257133632898331,-0.0146250324323773,5.84550140929481,-7616.54843301945,-9511.07968837672,-7616.54381829088,-9508.61710170257,-7616.5392035623,-9506.15451502842,0,1,0,1
20130629104749.daq,31,4,675.566666666667,1,0,right,0.0799331665039063,179.920066833496,12,0.0001,54.7021446228027,361.308374919576,-0.74706494808197,0.256835907697678,0.00435852259397507,5.87115215906943,-7624.56924568174,-9511.05404101283,-7624.5658101297,-9508.59145241129,-7624.56237457765,-9506.12886380976,0,1,0,1
20130629104749.daq,31,4,675.666666666667,1,0,right,0.0519332885742188,179.948066711426,12,0.0001,54.7004470825195,369.331249179035,-0.74706494808197,0.256634831428528,-0.00513337086886168,5.89188551665671,-7632.58955540253,-9511.03331103853,-7632.58732329342,-9508.57072105213,-7632.58509118431,-9506.10813106573,0,1,0,1
20130629104749.daq,31,4,675.766666666667,1,0,right,0.0220413208007813,179.977958679199,12,0.0001,54.6987609863281,377.353881039362,-0.74706494808197,0.255854159593582,0.10876726359129,5.90761928775464,-7640.60932952698,-9511.01758047604,-7640.60838218396,-9508.55498966026,-7640.60743484094,-9506.09239884447,0,1,0,1
20130629104749.daq,31,4,675.866666666667,1,0,right,-0.00977325439453125,180.009773254395,12,0.0001,54.6970863342285,385.376261268972,-0.791009962558746,0.255340576171875,0.0328335054218769,5.91932680827001,-7648.62905540293,-9511.00587457526,-7648.62947546054,-9508.54328361309,-7648.62989551815,-9506.08069265091,0,1,0,1
20130629104749.daq,31,4,675.966666666667,1,0,right,-0.0432510375976563,180.043251037598,12,0.0001,54.695442199707,393.398397933845,-0.791009962558746,0.255220174789429,0.0423253998160362,5.92702393745398,-7656.64873922205,-9510.99817723287,-7656.65059816535,-9508.5355869365,-7656.65245710866,-9506.07299664013,0,1,0,1
20130629104749.daq,31,4,676.066666666667,1,0,right,-0.0746612548828125,180.074661254883,12,0.0001,54.693733215332,401.420290241367,-0.659174978733063,0.257111757993698,0.00435852259397507,5.93027368885906,-7664.66798455049,-9510.99523452911,-7664.67119351428,-9508.53264562189,-7664.67440247808,-9506.07005671467,0,1,0,1
20130629104749.daq,31,4,676.166666666667,1,0,right,-0.101203918457031,180.101203918457,12,0.0001,54.6919288635254,409.441923458307,-0.307614982128143,0.256579607725143,0.0138501841574907,5.9293061408071,-7672.68686074468,-9510.99589709106,-7672.69121051932,-9508.53330993465,-7672.69556029396,-9506.07072277825,0,1,1,1
20130629104749.daq,31,4,676.266666666667,1,0,right,-0.122428894042969,180.122428894043,12,0.0001,54.690242767334,417.463299636129,-0.0878899917006493,0.255930006504059,0.0233418457210064,5.92409302221393,-7680.70586762964,-9511.00111385677,-7680.7111296588,-9508.53852848069,-7680.71639168797,-9506.07594310461,0,1,1,1
20130629104749.daq,31,4,676.366666666667,1,0,right,-0.134902954101563,180.134902954102,12,0.0001,54.688648223877,425.484436258888,0.219724997878075,0.256935060024261,-0.00513337086886168,5.91649469901893,-7688.72509048031,-9511.00871990246,-7688.73088864723,-9508.54613573035,-7688.73668681415,-9506.08355155825,0,1,1,1
20130629104749.daq,31,4,676.466666666667,1,0,right,-0.139053344726563,180.139053344727,12,0.0001,54.6870231628418,433.505337056526,0.439449995756149,0.256678432226181,0.0233418457210064,5.90550914635202,-7696.74451908199,-9511.01971830678,-7696.75049563352,-9508.55713456115,-7696.75647218505,-9506.09455081551,0,1,1,1
20130629104749.daq,31,4,676.566666666667,1,0,right,-0.142608642578125,180.142608642578,12,0.0001,54.6854209899902,441.526000910064,0.17577999830246,0.256183534860611,0.0233418457210064,5.89358837320162,-7704.76347410561,-9511.03165653072,-7704.76960346452,-9508.56907316068,-7704.77573282344,-9506.10648979065,0,1,1,1
20130629104749.daq,31,4,676.666666666667,1,0,right,-0.157501220703125,180.157501220703,12,0.0001,54.6838684082031,449.546433554271,-0.483394980430603,0.257261693477631,0.0328335054218769,5.87901057984017,-7712.7821485382,-9511.04624768789,-7712.78891798271,-9508.58366599421,-7712.79568742721,-9506.12108430053,0,1,1,1
20130629104749.daq,31,4,676.766666666667,1,0,right,-0.190773010253906,180.190773010254,12,0.0001,54.6823539733887,457.566639604953,-1.18651497364044,0.256909728050232,0.0423253998160362,5.86231451522175,-7720.79987900897,-9511.06294956475,-7720.80807847905,-9508.60037221731,-7720.81627794912,-9506.13779486987,0,1,1,1
20130629104749.daq,31,4,676.866666666667,1,0,right,-0.234947204589844,180.23494720459,12,0.0001,54.6810150146484,465.586635660307,-1.05467987060547,0.256400734186172,0.0233418457210064,5.84201122307846,-7728.81684927921,-9511.08325325401,-7728.8269473572,-9508.62068296014,-7728.83704543518,-9506.15811266627,0,1,1,1
20130629104749.daq,31,4,676.966666666667,1,0,right,-0.275161743164063,180.275161743164,12,0.0001,54.6798248291016,473.606447969745,-0.307614982128143,0.257285863161087,0.0423253998160362,5.8190281478131,-7736.83342769588,-9511.106241583,-7736.84525419048,-9508.6436789833,-7736.85708068508,-9506.1811163836,0,1,1,1
20130629104749.daq,31,4,677.066666666667,1,0,right,-0.300445556640625,180.300445556641,12,0.0001,54.6786842346191,481.62608902857,0.351559996604919,0.257366895675659,0.0138501841574907,5.79112031747415,-7744.85037638974,-9511.13416796928,-7744.86328957704,-9508.67161082821,-7744.87620276434,-9506.20905368714,0,1,1,1
20130629104749.daq,31,4,677.166666666667,1,0,right,-0.310623168945313,180.310623168945,12,0.0001,54.6777076721191,489.645573663249,0.527339994907379,0.257057428359985,-0.0146250324323773,5.759274305793,-7752.8681892339,-9511.16604552246,-7752.88153985202,-9508.70349071405,-7752.89489047015,-9506.24093590564,0,1,1,1
20130629104749.daq,31,4,677.266666666667,1,0,right,-0.316452026367188,180.316452026367,12,0.0001,54.6768493652344,497.664925372388,0.307614982128143,0.257557332515717,0.0233418457210064,5.72477956074885,-7760.88562209023,-9511.20058459794,-7760.89922323076,-9508.73803116047,-7760.9128243713,-9506.27547772299,0,1,1,1
20130629104749.daq,31,4,677.366666666667,1,0,right,-0.324134826660156,180.32413482666,12,0.0001,54.6759643554688,505.684150496858,0.0878899991512299,0.256654262542725,0.00435852259397507,5.68822047377475,-7768.90300868614,-9511.2371910838,-7768.91694003074,-9508.77463949224,-7768.93087137534,-9506.31208790069,0,0,1,0
20130629104749.daq,31,4,677.466666666667,1,0,right,-0.33740234375,180.33740234375,12,0.0001,54.6750602722168,513.703244001266,0.0439449995756149,0.256551623344421,0.0138501841574907,5.64838590474655,-7776.92025590778,-9511.27707151534,-7776.93475748502,-9508.81452321577,-7776.94925906227,-9506.35197491621,0,0,1,0
20130629104749.daq,31,4,677.566666666667,1,0,right,-0.353477478027344,180.353477478027,12,0.0001,54.6741828918457,521.722206445087,0.0439449995756149,0.257968544960022,0.0423253998160362,5.60736852700335,-7784.93743285128,-9511.31810149397,-7784.95262533039,-9508.85555735995,-7784.96781780951,-9506.39301322593,0,0,1,0
20130629104749.daq,31,4,677.666666666667,1,0,right,-0.369560241699219,180.369560241699,12,0.0001,54.6733055114746,529.741040112916,0.0439449995756149,0.257380187511444,0.00435852259397507,5.56432349264759,-7792.95412104492,-9511.36108495523,-7792.97000475262,-9508.89854518271,-7792.98588846032,-9506.43600541019,0,0,1,0
20130629104749.daq,31,4,677.766666666667,1,0,right,-0.387664794921875,180.387664794922,12,0.0001,54.6724395751953,537.75974812857,0.0439449995756149,0.257829785346985,0.0423253998160362,5.52017582636689,-7800.97027013235,-9511.40516945863,-7800.98693196257,-9508.94263482805,-7801.00359379279,-9506.48010019746,0,0,1,0
20130629104749.daq,31,4,677.866666666667,1,0,right,-0.404579162597656,180.404579162598,12,0.0001,54.6716079711914,545.778328627082,0.0439449995756149,0.256106972694397,-0.00513337086886168,5.47318037557718,-7808.98693692801,-9511.45211017115,-7809.00432572581,-9508.98958056663,-7809.0217145236,-9506.52705096211,0,0,1,0
20130629104749.daq,31,4,677.966666666667,1,0,right,-0.422393798828125,180.422393798828,12,0.0001,54.6708526611328,553.796793497619,0.0439449995756149,0.257218718528748,0.0138501841574907,5.42417553180487,-7817.00309259299,-9511.50105934876,-7817.02124704962,-9509.03853526986,-7817.03940150626,-9506.57601119097,0,0,1,0
20130629104749.daq,31,4,678.066666666667,1,0,right,-0.440170288085938,180.440170288086,12,0.0001,54.6700248718262,561.815143905787,0.0439449995756149,0.257384449243546,-0.00513337086886168,5.37224754039513,-7825.01924887261,-9511.55293572526,-7825.03816734681,-9509.09041739745,-7825.05708582102,-9506.62789906965,0,0,1,0
20130629104749.daq,31,4,678.166666666667,1,0,right,-0.457099914550781,180.457099914551,12,0.0001,54.6691703796387,569.83336987401,0.131834998726845,0.257230401039124,-0.0336083546280861,5.31842306740915,-7833.03542604943,-9511.60671292701,-7833.0550721421,-9509.14420029669,-7833.07471823477,-9506.68168766638,0,0,1,0
20130629104749.daq,31,4,678.266666666667,1,0,right,-0.46710205078125,180.467102050781,12,0.0001,54.6683235168457,577.851471262413,0.659174978733063,0.257437646389008,-0.0905587896704674,5.26209999589378,-7841.05128845599,-9511.66299303957,-7841.07136442971,-9509.2004838764,-7841.09144040343,-9506.73797471322,0,0,1,0
20130629104749.daq,31,4,678.366666666667,1,0,right,-0.469261169433594,180.469261169434,12,0.0001,54.6674652099609,585.869447651377,0.703119993209839,0.257539093494415,-0.0241166949272156,5.20431712285986,-7849.06734756787,-9511.72074320543,-7849.08751633811,-9509.25823480054,-7849.10768510834,-9506.79572639566,0,0,1,0
20130629104749.daq,31,4,678.466666666667,1,0,right,-0.473861694335938,180.473861694336,12,0.0001,54.6665802001953,593.887296243454,0.307614982128143,0.257528096437454,0.0233418457210064,5.14443904681489,-7857.08383369271,-9511.7805968537,-7857.10420018829,-9509.31809007619,-7857.12456668386,-9506.85558329868,0,0,1,0
20130629104749.daq,31,4,678.566666666667,1,0,right,-0.48583984375,180.48583984375,12,0.0001,54.6658172607422,601.905021374692,-0.0439449958503246,0.256578683853149,0.0233418457210064,5.08410807402003,-7865.09964630816,-9511.84090482946,-7865.12052761038,-9509.37840236354,-7865.14140891261,-9506.91589989763,0,0,1,0
20130629104749.daq,31,4,678.666666666667,1,0,right,-0.506301879882813,180.506301879883,12,0.0001,54.6651420593262,609.922642767127,-0.219724982976913,0.256997108459473,0.0328335054218769,5.0222788292721,-7873.11475732999,-9511.90271169457,-7873.13651806412,-9509.44021684303,-7873.15827879826,-9506.97772199148,0,0,1,0
20130629104749.daq,31,4,678.766666666667,1,0,right,-0.540870666503906,180.540870666504,12,0.0001,54.6643981933594,617.940161213362,-0.834954977035522,0.257007122039795,0.00435852259397507,4.95762321277181,-7881.12951298753,-9511.96733991832,-7881.15275943715,-9509.50485864408,-7881.17600588678,-9507.04237736983,0,0,1,0
20130629104749.daq,31,4,678.866666666667,1,0,right,-0.588813781738281,180.588813781738,12,0.0001,54.6636123657227,625.957567714933,-1.14256989955902,0.256706863641739,0.00435852259397507,4.88920710363748,-7889.14344189866,-9512.03572034976,-7889.16874885858,-9509.57325938942,-7889.19405581849,-9507.11079842908,0,0,1,0
20130629104749.daq,31,4,678.966666666667,1,0,right,-0.64306640625,180.64306640625,12,0.0001,54.6627540588379,633.974853319985,-0.966789960861206,0.255944222211838,0.0138501841574907,4.81551585383011,-7897.15720888006,-9512.10937070336,-7897.18484750038,-9509.64693480976,-7897.21248612069,-9507.18449891615,0,0,1,0
20130629104749.daq,31,4,679.066666666667,1,0,right,-0.69293212890625,180.692932128906,12,0.0001,54.6618385314941,641.992009542933,-0.659174978733063,0.257942408323288,0.0233418457210064,4.7362456659883,-7905.17010726977,-9512.18860938582,-7905.19988898912,-9509.72619847928,-7905.22967070848,-9507.26378757275,0,0,1,0
20130629104749.daq,31,4,679.166666666667,1,0,right,-0.738502502441406,180.738502502441,12,0.0001,54.6608581542969,650.009025287218,-0.483394980430603,0.257132470607758,-0.0241166949272156,4.65138910732838,-7913.18360029341,-9512.27344231238,-7913.21534048919,-9509.81105587167,-7913.24708068497,-9507.34866943095,0,0,1,0
20130629104749.daq,31,4,679.266666666667,1,0,right,-0.775733947753906,180.775733947754,12,0.0001,54.6599502563477,658.025901951565,-0.219724982976913,0.257044285535812,-0.00513337086886168,4.56023095151845,-7921.19681481138,-9512.36459781462,-7921.23015508689,-9509.90223251892,-7921.2634953624,-9507.43986722322,0,0,1,0
20130629104749.daq,31,4,679.366666666667,1,0,right,-0.796455383300781,180.796455383301,12,0.0001,54.6590423583984,666.042646296479,0.527339994907379,0.257833272218704,-0.00513337086886168,4.46328952907926,-7929.21044802164,-9512.46157425175,-7929.24467882728,-9509.99922117484,-7929.27890963291,-9507.53686809793,0,0,1,0
20130629104749.daq,31,4,679.466666666667,1,0,right,-0.808242797851563,180.808242797852,12,0.0001,54.6581230163574,674.059256503617,0.439449995756149,0.257193148136139,-0.0146250324323773,4.36204629757162,-7937.22430821853,-9512.56288442939,-7937.25904560135,-9510.10053844686,-7937.29378298417,-9507.63819246434,0,0,1,0
20130629104749.daq,31,4,679.566666666667,1,0,right,-0.82110595703125,180.821105957031,12,0.0001,54.6572952270508,682.075737468516,0.0878899991512299,0.256939351558685,-0.00513337086886168,4.25684198757744,-7945.23862915172,-9512.66816688229,-7945.27391934137,-9510.20582876052,-7945.30920953102,-9507.74349063874,0,0,1,0
20130629104749.daq,31,4,679.666666666667,1,0,right,-0.836158752441406,180.836158752441,12,0.0001,54.6565208435059,690.092102059451,0.0878899991512299,0.257281750440598,0.0423253998160362,4.14957839209251,-7953.2519175476,-9512.77553689004,-7953.28785464356,-9510.31320812471,-7953.32379173953,-9507.85087935938,0,0,1,0
20130629104749.daq,31,4,679.766666666667,1,0,right,-0.853515625,180.853515625,12,0.0001,54.6557350158691,698.108354332733,0.131834998726845,0.257293999195099,0.0613087266683578,4.03916921189626,-7961.26563522541,-9512.88597799995,-7961.30231824423,-9510.42366023419,-7961.33900126305,-9507.96134246843,0,0,1,0
20130629104749.daq,31,4,679.866666666667,1,0,right,-0.864242553710938,180.864242553711,12,0.0001,54.6549644470215,706.124490325303,0.74706494808197,0.256223499774933,0.051817063242197,3.92705051633021,-7969.27903347754,-9512.99796493727,-7969.3161774914,-9510.53565408247,-7969.35332150526,-9508.07334322767,0,0,1,0
20130629104749.daq,31,4,679.966666666667,1,0,right,-0.855903625488281,180.855903625488,12,0.0001,54.6541900634766,714.140513347465,1.58201992511749,0.257845759391785,0.0328335054218769,3.81417311580259,-7977.29291807288,-9513.11073404244,-7977.32970371731,-9510.64841780771,-7977.36648936174,-9508.18610157298,0,0,1,0
20130629104749.daq,31,4,680.066666666667,1,0,right,-0.833198547363281,180.833198547363,12,0.0001,54.6534004211426,722.15642074166,1.62596487998962,0.257498890161514,0.0233418457210064,3.70123483042555,-7985.30765704231,-9513.2235972397,-7985.34346692121,-9510.76126662096,-7985.37927680011,-9508.29893600221,0,0,1,0
20130629104749.daq,31,4,680.166666666667,1,0,right,-0.803886413574219,180.803886413574,12,0.0001,54.6527824401855,730.172223837555,1.62596487998962,0.258038371801376,0.0233418457210064,3.58970620250898,-7993.3225636259,-9513.33507770992,-7993.35711378846,-9510.87272909332,-7993.39166395102,-9508.41038047671,0,0,1,0
20130629104749.daq,31,4,680.266666666667,1,0,right,-0.77166748046875,180.771667480469,12,0.0001,54.6523132324219,738.187947812203,1.66990995407104,0.25839239358902,0.0138501841574907,3.48033805731761,-8001.33754316757,-9513.44442603678,-8001.37070868094,-9510.98205838102,-8001.40387419432,-9508.51969072525,0,0,1,0
20130629104749.daq,31,4,680.366666666667,1,0,right,-0.73748779296875,180.737487792969,12,0.0001,54.6519622802734,746.203611222045,1.66990995407104,0.257628560066223,0.0233418457210064,3.37405187545435,-8009.35257135762,-9513.55072368782,-8009.38426794447,-9511.08833668538,-8009.41596453133,-9508.62594968293,0,0,1,0
20130629104749.daq,31,4,680.466666666667,1,0,right,-0.703720092773438,180.703720092773,12,0.0001,54.6517181396484,754.219231644391,1.66990995407104,0.258223533630371,-0.00513337086886168,3.27265609989768,-8017.36758785396,-9513.65216334021,-8017.39783320902,-9511.18975808479,-8017.42807856408,-9508.72735282937,0,0,1,0
20130629104749.daq,31,4,680.566666666667,1,0,right,-0.667755126953125,180.667755126953,12,0.0001,54.6515808105469,762.234824371968,1.71385490894318,0.258750140666962,0.0138501841574907,3.17533844461922,-8025.38314700796,-9513.74956110437,-8025.41184668798,-9511.28713734884,-8025.440546368,-9508.82471359331,0,0,1,0
20130629104749.daq,31,4,680.666666666667,1,0,right,-0.632392883300781,180.632392883301,12,0.0001,54.6515693664551,770.250405396881,1.71385490894318,0.25895482301712,0.0138501841574907,3.08388392224229,-8033.39820126467,-9513.84113600006,-8033.42538116196,-9511.37869500044,-8033.45256105925,-9508.91625400082,0,0,1,0
20130629104749.daq,31,4,680.766666666667,1,0,right,-0.59625244140625,180.596252441406,12,0.0001,54.651741027832,778.265997425093,1.71385490894318,0.258743643760681,-0.0241166949272156,2.99642228430562,-8041.41376209137,-9513.92875620964,-8041.43938875017,-9511.46629855563,-8041.46501540897,-9509.00384090162,0,0,1,0
20130629104749.daq,31,4,680.866666666667,1,0,right,-0.560653686523438,180.560653686523,12,0.0001,54.6520538330078,786.281625493804,1.58201992511749,0.258744925260544,0.0138501841574907,2.91483766695756,-8049.42881959023,-9514.01054980929,-8049.45291628112,-9511.54807670834,-8049.47701297201,-9509.08560360739,0,0,1,0
20130629104749.daq,31,4,680.966666666667,1,0,right,-0.531204223632813,180.531204223633,12,0.0001,54.652458190918,794.297306434339,1.40623998641968,0.258838355541229,0.00435852259397507,2.83680808905139,-8057.44420933541,-9514.08881517011,-8057.4670403364,-9511.62633000897,-8057.48987133739,-9509.16384484783,0,0,1,0
20130629104749.daq,31,4,681.066666666667,1,0,right,-0.503738403320313,180.50373840332,12,0.0001,54.6529541015625,802.313054327198,1.36229491233826,0.258982121944427,-0.00513337086886168,2.76436287950226,-8065.45954830814,-9514.16134291602,-8065.48119886752,-9511.69884709334,-8065.50284942689,-9509.23635127066,0,0,1,0
20130629104749.daq,31,4,681.166666666667,1,0,right,-0.477584838867188,180.477584838867,12,0.0001,54.653507232666,810.328879196586,1.36229491233826,0.258208721876144,0.0138501841574907,2.69549451406731,-8073.47534181637,-9514.23004489685,-8073.49586832838,-9511.76753944798,-8073.51639484038,-9509.3050339991,0,0,1,0
20130629104749.daq,31,5,1080.9,1,0,right,0.642435760394562,317.667190551758,12,-0.000236659216774647,59.5002822875977,0,4.61422491073608,0.872243821620941,-0.0146250324323773,2.77332397602506,-30110.6372830324,-19196.8605352705,-30112.2956803166,-19198.6809947925,-30113.9540776008,-19200.5014543146,1,0,0,0
20130629104749.daq,31,5,1081,1,0,right,0.640769400582599,317.555114746094,12,-0.00023601131541185,59.7144355773926,8.7423919961293,4.74605989456177,0.967245101928711,-0.109542116522789,2.84588985383587,-30104.1633543002,-19202.7444609361,-30105.8253093953,-19204.561673,-30107.4872644905,-19206.3788850639,1,0,0,0
20130629104749.daq,31,5,1081.1,1,0,right,0.626848085902111,317.442077636719,12,-0.00023536607581696,59.9340209960938,17.5165507270576,4.87789487838745,1.01465058326721,-0.100050449371338,2.92447761004917,-30097.6777432183,-19208.6616443001,-30099.3432801994,-19210.4755740087,-30101.0088171806,-19212.2895037173,1,0,0,0
20130629104749.daq,31,5,1081.2,1,0,right,0.61864995160829,317.32633972168,12,-0.000234717861105522,60.1606025695801,26.3234290045948,4.87789487838745,1.03797852993011,-0.100050449371338,3.00047691152801,-30091.1804915439,-19214.6141463409,-30092.8496892764,-19216.4247079535,-30094.518887009,-19218.2352695661,1,0,0,0
20130629104749.daq,31,5,1081.3,1,0,right,0.605954919323949,317.21272277832,12,-0.000234066843255983,60.3934478759766,35.1640123707402,4.65816974639893,1.05098938941956,-0.119034007191658,3.07602391609508,-30084.6695317504,-19220.6036205897,-30086.3423165238,-19222.4108686427,-30088.0151012973,-19224.2181166957,1,0,0,0
20130629104749.daq,31,5,1081.4,1,0,right,0.580632354515274,317.112045288086,12,-0.000233419075754045,60.629581451416,44.0390440149931,3.99899482727051,1.04460847377777,-0.100050449371338,3.14840623612406,-30078.1446028943,-19226.6274434124,-30079.8205606963,-19228.431749337,-30081.4965184982,-19230.2360552615,1,0,0,0
20130629104749.daq,31,5,1081.5,1,0,right,0.542701419947434,317.022842407227,12,-0.000232785111657548,60.8658409118652,52.9487318345709,3.77926993370056,1.04276621341705,-0.128525659441948,3.21734798677434,-30071.6057360936,-19232.6857071994,-30073.2845009583,-19234.4874016665,-30074.9632658229,-19236.2890961336,1,0,0,0
20130629104749.daq,31,5,1081.6,1,0,right,0.502307257965867,316.933380126953,12,-0.000232178532266512,61.1016235351563,61.8930389031157,4.30660963058472,1.04313945770264,-0.128525659441948,3.28415868015224,-30065.0512591853,-19238.781093074,-30066.7328351886,-19240.5801641034,-30068.4144111918,-19242.3792351327,1,0,0,0
20130629104749.daq,31,5,1081.7,1,0,right,0.477418622624612,316.831192016602,12,-0.000231614457227546,61.3368377685547,70.8718853067767,4.83394956588745,1.04238557815552,-0.109542116522789,3.34459748330203,-30058.4834287703,-19244.9104662872,-30060.1682107747,-19246.7065353341,-30061.8529927791,-19248.5026043809,1,0,0,0
20130629104749.daq,31,5,1081.8,1,0,right,0.455110210539829,316.723785400391,12,-0.000231108069958127,61.5717849731445,79.8852060980862,4.70211458206177,1.04299867153168,-0.0810671299695969,3.40182056421244,-30051.9001122673,-19251.0753140386,-30053.5882582189,-19252.8682216407,-30055.2764041704,-19254.6611292428,1,0,0,0
20130629104749.daq,31,5,1081.9,1,0,right,0.432994731978852,316.616241455078,12,-0.000230673317796735,61.8065948486328,88.932975540476,4.39449977874756,1.04177570343018,-0.0620835721492767,3.45381407566517,-30045.3031397157,-19257.2733684763,-30046.9946479719,-19259.0631042789,-30048.686156228,-19260.8528400814,1,0,0,0
20130629104749.daq,31,5,1082,1,0,right,0.406102458077214,316.513519287109,12,-0.000230321750001783,62.0412559509277,98.0151734456813,4.35055494308472,1.04208374023438,-0.0905587896704674,3.50094994796108,-30038.6904355888,-19263.5082295828,-30040.3851498348,-19265.2949299069,-30042.0798640807,-19267.0816302309,1,0,0,0
20130629104749.daq,31,5,1082.1,1,0,right,0.380861974100355,316.4091796875,12,-0.000230061603009824,62.2757301330566,107.131775662368,4.65816974639893,1.04339706897736,-0.119034007191658,3.54385793632884,-30032.0641110698,-19269.7783421986,-30033.7620762094,-19271.5619533693,-30035.460041349,-19273.34556454,1,0,0,0
20130629104749.daq,31,5,1082.2,1,0,right,0.363428089260822,316.296966552734,12,-0.000229897091224532,62.5099639892578,116.282751325343,4.92183971405029,1.04234337806702,-0.109542116522789,3.58549392625566,-30025.4262757049,-19276.0840918275,-30027.1277307681,-19277.8643741341,-30028.8291858313,-19279.6446564407,1,0,0,0
20130629104749.daq,31,5,1082.3,1,0,right,0.344077778184669,316.183609008789,12,-0.000229828189473902,62.743953704834,125.468063181877,4.79000473022461,1.04381287097931,-0.17598420381546,3.62014286206297,-30018.7728575484,-19282.4270158596,-30020.4778315009,-19284.2039284193,-30022.1828054533,-19285.980840979,1,0,0,0
20130629104749.daq,31,5,1082.4,1,0,right,0.325097577880683,316.069946289063,12,-0.000229851024505114,62.9776954650879,134.687437221641,4.52633476257324,1.04426455497742,-0.109542116522789,3.65209317669906,-30012.1077421386,-19288.8051093114,-30013.8162377529,-19290.5786360688,-30015.5247333672,-19292.3521628263,1,0,0,0
20130629104749.daq,31,5,1082.5,1,0,right,0.298465270288489,315.963989257813,12,-0.000229958622496953,63.2111549377441,143.941310359849,4.35055494308472,1.04228568077087,-0.119034007191658,3.68250424041098,-30005.4307270394,-19295.2217856135,-30007.1424995118,-19296.9921498207,-30008.8542719841,-19298.762514028,1,0,0,0
20130629104749.daq,31,5,1082.6,1,0,right,0.27010516716598,315.859802246094,12,-0.000230141928798033,63.4443016052246,153.229403970385,4.4823899269104,1.04257965087891,-0.119034007191658,3.70592300746852,-29998.7400071752,-19301.6715512929,-30000.4549960573,-19303.4387998769,-30002.1699849394,-19305.206048461,1,0,0,0
20130629104749.daq,31,5,1082.7,1,0,right,0.248489806688099,315.748901367188,12,-0.00023039080519624,63.676944732666,162.551656136347,5.00972986221313,1.04412865638733,-0.138017326593399,3.72772905351959,-29992.037751447,-19308.1588338873,-29993.7561577751,-19309.9227596554,-29995.4745641032,-19311.6866854234,1,0,0,0
20130629104749.daq,31,5,1082.8,1,0,right,0.235039086220752,315.627151489258,12,-0.000230695190062895,63.9090042114258,171.907987083738,5.36128950119019,1.04415595531464,-0.119034007191658,3.74475070595735,-29985.3240682536,-19314.6838861221,-29987.046218929,-19316.4441564066,-29988.7683696044,-19318.2044266911,1,0,0,0
20130629104749.daq,31,5,1082.9,1,0,right,0.228798800273694,315.498199462891,12,-0.000231046007605982,64.140495300293,181.298312236315,5.31734466552734,1.04418075084686,-0.128525659441948,3.76016849027272,-29978.5988678119,-19321.2464826307,-29980.3249758525,-19323.0028725235,-29982.0510838931,-19324.7592624163,1,0,0,0
20130629104749.daq,31,5,1083,1,0,right,0.230218343127603,315.361434936523,12,-0.000231435672078571,64.3713989257813,190.722546225174,5.53706979751587,1.04474914073944,-0.14750899374485,3.77230561059434,-29971.8621689101,-19327.8466595023,-29973.5924645167,-19329.5989241904,-29975.3227601232,-19331.3511888786,1,0,0,0
20130629104749.daq,31,5,1083.1,1,0,right,0.242763302513424,315.213516235352,12,-0.000231858421162517,64.6016616821289,200.180600464366,5.97651958465576,1.04288768768311,-0.157000884413719,3.78200693266059,-29965.1160152324,-19334.4846196726,-29966.850828834,-19336.2324114769,-29968.5856424356,-19337.9802032811,1,0,0,0
20130629104749.daq,31,5,1083.2,1,0,right,0.262184363821405,315.05876159668,12,-0.000232310577503388,64.8312683105469,209.672378162089,6.19624471664429,1.04376220703125,-0.0905587896704674,3.79188286726922,-29958.3602986895,-19341.164003225,-29960.0998267046,-19342.9071029663,-29961.8393547197,-19344.6502027076,1,0,0,0
20130629104749.daq,31,5,1083.3,1,0,right,0.299333712201815,314.886306762695,12,-0.000232790608276226,65.0602035522461,219.197783086041,6.94330978393555,1.04465878009796,-0.14750899374485,3.8063608966142,-29951.5992159775,-19347.8854716618,-29953.3439826691,-19349.6233277018,-29955.0887493606,-19351.3611837417,1,0,0,0
20130629104749.daq,31,5,1083.4,1,0,right,0.351630895592677,314.696014404297,12,-0.000233298934870041,65.2883758544922,228.756710238544,7.38275957107544,1.04234480857849,-0.157000884413719,3.81991063000395,-29944.830827347,-19354.64707592,-29946.5813562215,-19356.3791276175,-29948.3318850961,-19358.111179315,1,0,0,0
20130629104749.daq,31,5,1083.5,1,0,right,0.411759698199603,314.497894287109,12,-0.000233837720689522,65.5158157348633,238.349047535085,7.20697975158691,1.04111170768738,-0.128525659441948,3.84239083563941,-29938.0587810745,-19361.4560146372,-29939.8152886439,-19363.1820029285,-29941.5717962134,-19364.9079912199,1,0,0,0
20130629104749.daq,31,5,1083.6,1,0,right,0.46656949798205,314.305084228516,12,-0.000234410810082998,65.7425842285156,247.974692961914,6.45991468429565,1.0399317741394,-0.100050449371338,3.8702423315345,-29931.2846797153,-19368.307581114,-29933.0469855727,-19370.0276486965,-29934.8092914302,-19371.7477162789,1,0,0,0
20130629104749.daq,31,5,1083.7,1,0,right,0.494516300372425,314.139129638672,12,-0.000235023367061172,65.9688186645508,257.633557000619,5.44917964935303,1.03320121765137,-0.100050449371338,3.90444620939063,-29924.5098862691,-19375.202422622,-29926.2771668238,-19376.9173785585,-29928.0444473786,-19378.632334495,1,0,0,0
20130629104749.daq,31,5,1083.8,1,0,right,0.498072874923764,313.997604370117,12,-0.000235677317605975,66.1946029663086,267.325569248685,4.92183971405029,1.03163123130798,-0.0905587896704674,3.945595863818,-29917.7324998143,-19382.1426455759,-29919.504011055,-19383.8532309574,-29921.2755222957,-19385.5638163389,1,0,0,0
20130629104749.daq,31,5,1083.9,1,0,right,0.472535112019898,313.88249206543,12,-0.000236371107554645,66.4199142456055,277.050660982059,4.30660963058472,1.03410685062408,-0.109542116522789,3.98917636745834,-29910.9524548042,-19389.1222753737,-29912.7273991851,-19390.829298182,-29914.5023435661,-19392.5363209903,1,0,0,0
20130629104749.daq,31,5,1084,1,0,right,0.438207461401078,313.778884887695,12,-0.000237102858963194,66.6448593139648,286.80877102982,4.21871995925903,1.03322923183441,-0.128525659441948,4.03394008524508,-29904.168199875,-19396.1422183748,-29905.9462281384,-19397.8460287862,-29907.7242564018,-19399.5498391976,1,0,0,0
20130629104749.daq,31,5,1084.1,1,0,right,0.395709852665902,313.680740356445,12,-0.000237867905679105,66.8693923950195,296.599843629425,4.26266479492188,1.03295028209686,-0.128525659441948,4.07708585267326,-29897.3759924011,-19403.2028415887,-29899.1569365884,-19404.9036038369,-29900.9378807757,-19406.6043660852,1,0,0,0
20130629104749.daq,31,5,1084.2,1,0,right,0.356919188091354,313.578872680664,12,-0.000238658658473201,67.0934982299805,306.423816677481,4.52633476257324,1.03227865695953,-0.138017326593399,4.11700351205586,-29890.5760861479,-19410.3007944238,-29892.3600513489,-19411.998387598,-29894.1440165498,-19413.6959807723,1,0,0,0
20130629104749.daq,31,5,1084.3,1,0,right,0.330458379966331,313.464645385742,12,-0.000239467529890879,67.3170852661133,316.280621729682,5.14156484603882,1.03202891349792,-0.100050449371338,4.1527011728432,-29883.7687235428,-19417.4346444195,-29885.5560695899,-19419.1286776339,-29887.343415637,-19420.8227108482,1,0,0,0
20130629104749.daq,31,5,1084.4,1,0,right,0.311789205503487,313.339981079102,12,-0.000240286391621206,67.5400772094727,326.169722607905,5.14156484603882,1.03166520595551,-0.119034007191658,4.18217792413373,-29876.9499488202,-19424.6081798248,-29878.7409765156,-19426.2983201201,-29880.5320042109,-19427.9884604154,1,0,0,0
20130629104749.daq,31,5,1084.5,1,0,right,0.302951949569604,313.208511352539,12,-0.000241107286927575,67.7624893188477,336.091940457292,5.14156484603882,1.03158462047577,-0.0905587896704674,4.20702152561099,-29870.1235698823,-19431.8172737358,-29871.9184710208,-19433.5032999297,-29873.7133721592,-19435.1893261237,1,0,0,0
20130629104749.daq,31,5,1084.6,1,0,right,0.291786576663981,313.076599121094,12,-0.000241923212436306,67.9842758178711,346.046733318326,5.18550968170166,1.03127694129944,-0.119034007191658,4.22637534160487,-29863.2894091551,-19439.063495134,-29865.0881872758,-19440.7453844573,-29866.8869653966,-19442.4272737806,1,0,0,0
20130629104749.daq,31,5,1084.7,1,0,right,0.286103349202961,312.939117431641,12,-0.000242728652158794,68.2054214477539,356.034007569629,5.44917964935303,1.030837059021,-0.14750899374485,4.24563699720479,-29856.4495659764,-19446.3510582359,-29858.252374622,-19448.0286265387,-29860.0551832677,-19449.7061948415,1,0,0,0
20130629104749.daq,31,5,1084.8,1,0,right,0.287474870015217,312.794479370117,12,-0.000243519858998652,68.4259185791016,366.053669869601,5.75679492950439,1.03185224533081,-0.16649255156517,4.26145477940195,-29849.6040881835,-19453.6761508513,-29851.4111259511,-19455.3491627848,-29853.2181637188,-19457.0221747183,1,0,0,0
20130629104749.daq,31,5,1084.9,1,0,right,0.294498263996275,312.644073486328,12,-0.000244294948455608,68.6457901000977,376.105625571137,5.80073976516724,1.03163063526154,-0.119034007191658,4.2750282564772,-29842.7529390159,-19461.0406412662,-29844.564362339,-19462.7089038258,-29846.375785662,-19464.3771663855,1,0,0,0
20130629104749.daq,31,5,1085,1,0,right,0.302985205472396,312.489364624023,12,-0.000245053934741988,68.8650436401367,386.189783570597,5.80073976516724,1.03199136257172,-0.128525659441948,4.29027186991963,-29835.8980318704,-19468.4483466693,-29837.7139531921,-19470.1117119861,-29839.5298745138,-19471.7750773028,1,0,0,0
20130629104749.daq,31,5,1085.1,1,0,right,0.313640966150501,312.335342407227,12,-0.000245797580301357,69.0836715698242,396.306052577827,5.75679492950439,1.03125560283661,-0.14750899374485,4.30251812879846,-29829.0392234877,-19475.8950614214,-29830.8596096927,-19477.5535391837,-29832.6799958977,-19479.212016946,1,0,0,0
20130629104749.daq,31,5,1085.2,1,0,right,0.31502737956589,312.188659667969,12,-0.000246524124080611,69.3017349243164,406.454345125858,5.09761953353882,1.03114628791809,-0.0810671299695969,4.31699674110633,-29822.1802249776,-19483.3823414884,-29824.0048510761,-19485.0361534561,-29825.8294771745,-19486.6899654237,1,0,0,0
20130629104749.daq,31,5,1085.3,1,0,right,0.292554967782564,312.06559753418,12,-0.000247232080495031,69.5193023681641,416.634582606319,4.17477464675903,1.03144431114197,-0.119034007191658,4.33062617825532,-29815.3166478589,-19490.9111704726,-29817.1448218684,-19492.5610596247,-29818.972995878,-19494.2109487768,1,0,0,0
20130629104749.daq,31,5,1085.4,1,0,right,0.250587911468642,311.961776733398,12,-0.000247920670909753,69.736442565918,426.846698719608,3.99899482727051,1.03266656398773,-0.128525659441948,4.34328334120865,-29808.4525185027,-19498.4779075508,-29810.2836791329,-19500.1244813177,-29812.114839763,-19501.7710550846,1,0,0,0
20130629104749.daq,31,5,1085.5,1,0,right,0.201684322441452,311.864624023438,12,-0.000248589155683748,69.9531402587891,437.090630056846,4.26266479492188,1.04045188426971,-0.185475870966911,4.35143913817925,-29801.5823435112,-19506.0833045235,-29803.4162934951,-19507.7267709453,-29805.2502434791,-19509.3702373672,1,0,0,0
20130629104749.daq,31,5,1085.6,1,0,right,0.155842090971362,311.761413574219,12,-0.000249236486920944,70.1693725585938,447.366309199446,4.61422491073608,1.05522668361664,-0.16649255156517,4.35477551316645,-29794.7064989605,-19513.7261663997,-29796.5434064455,-19515.3663265488,-29798.3803139306,-19517.0064866979,1,0,0,0
20130629104749.daq,31,5,1085.7,1,0,right,0.120220623474836,311.650390625,12,-0.00024986180775634,70.3852462768555,457.673675349499,4.83394956588745,1.04143738746643,-0.128525659441948,4.35110626113924,-29787.8250391379,-19521.4065964851,-29789.665121337,-19523.0431941522,-29791.5052035361,-19524.6797918193,1,0,0,0
20130629104749.daq,31,5,1085.8,1,0,right,0.0915271952807188,311.530258178711,12,-0.000250465975490195,70.600715637207,468.012675168924,4.87789487838745,1.0411856174469,-0.100050449371338,4.34075070588821,-29780.9360524612,-19529.1246704098,-29782.7795620785,-19530.7574063696,-29784.6230716957,-19532.3901423294,1,0,0,0
20130629104749.daq,31,5,1085.9,1,0,right,0.0694950386734945,311.404357910156,12,-0.00025105420754625,70.8156280517578,478.383238161958,5.00972986221313,1.04145169258118,-0.128525659441948,4.32593954721547,-29774.0433480169,-19536.8801882463,-29775.8904409126,-19538.5088693871,-29777.7375338082,-19540.1375505279,1,0,0,0
20130629104749.daq,31,5,1086,1,0,right,0.0524261268162149,311.273147583008,12,-0.00025163967489627,71.029899597168,488.785274903414,5.14156484603882,1.04257225990295,-0.0715752318501472,4.30314743785278,-29767.1430079574,-19544.6731216999,-29768.9938257712,-19546.2975686345,-29770.8446435851,-19547.9220155691,1,0,0,0
20130629104749.daq,31,5,1086.1,1,0,right,0.0395110285081159,311.137420654297,12,-0.000252237336262885,71.2435531616211,499.218692611161,5.31734466552734,1.04282891750336,-0.14750899374485,4.27528593435838,-29760.2389165809,-19552.5034226835,-29762.0935773209,-19554.1234806958,-29763.9482380609,-19555.743538708,1,0,0,0
20130629104749.daq,31,5,1086.2,1,0,right,0.0327203401605516,310.992477416992,12,-0.000252829007056104,71.4565658569336,509.683399808564,5.80073976516724,1.04319417476654,-0.109542116522789,4.24533557305678,-29753.3312191599,-19560.3752741389,-29755.1899722813,-19561.9906351689,-29757.0487254026,-19563.605996199,1,0,0,0
20130629104749.daq,31,5,1086.3,1,0,right,0.0458796466307945,310.829895019531,12,-0.000253393765644893,71.6688919067383,520.179299330826,6.41596984863281,1.04324400424957,-0.100050449371338,4.21046024329028,-29746.422131316,-19568.2852646213,-29748.2854606934,-19569.8953447606,-29750.1487900707,-19571.5054248999,1,0,0,0
20130629104749.daq,31,5,1086.4,1,0,right,0.0677402341496531,310.655471801758,12,-0.000253921482846676,71.8804931640625,530.706285714041,6.37202453613281,1.04338872432709,-0.0905587896704674,4.1745585897696,-29739.5114829148,-19576.2369541425,-29741.3797051521,-19577.8413543717,-29743.2479273893,-19579.445754601,1,0,0,0
20130629104749.daq,31,5,1086.5,1,0,right,0.0879794101559241,310.483978271484,12,-0.000254408673244638,72.091438293457,541.264257597213,5.93257474899292,1.04356861114502,-0.128525659441948,4.1402293137738,-29732.6027279851,-19584.2314237155,-29734.4757440199,-19585.8302249405,-29736.3487600547,-19587.4290261654,1,0,0,0
20130629104749.daq,31,5,1086.6,1,0,right,0.0999669677902375,310.321105957031,12,-0.000254855654112769,72.3017807006836,551.853125182184,5.66890478134155,1.04386508464813,-0.14750899374485,4.10670753375045,-29725.6956873143,-19592.2683398217,-29727.5732406207,-19593.8618102498,-29729.450793927,-19595.4552806779,1,0,0,0
20130629104749.daq,31,5,1086.7,1,0,right,0.106905042615153,310.163009643555,12,-0.000255264860167707,72.5115280151367,562.472799043782,5.62495994567871,1.04383981227875,-0.14750899374485,4.07445113745492,-29718.7924302674,-19600.3459770398,-29720.6743732855,-19601.9342606732,-29722.5563163035,-19603.5225443067,1,0,0,0
20130629104749.daq,31,5,1086.8,1,0,right,0.111752218416484,310.006713867188,12,-0.000255639746583619,72.720703125,573.123193486732,5.84468460083008,1.04383301734924,-0.109542116522789,4.04387346462769,-29711.8891420366,-19608.4684170189,-29713.7754106879,-19610.0515610422,-29715.6616793392,-19611.6347050656,1,0,0,0
20130629104749.daq,31,5,1086.9,1,0,right,0.117729661250223,309.846267700195,12,-0.000255984011391767,72.9293060302734,583.804225146996,6.10835456848145,1.04429376125336,-0.16649255156517,4.01413206892614,-29704.9918696629,-19616.6321018484,-29706.8825642128,-19618.2099575271,-29708.7732587626,-19619.7878132057,1,0,0,0
20130629104749.daq,31,5,1087,1,0,right,0.130481421500917,309.6787109375,12,-0.000256301134825122,73.137336730957,594.515810474048,6.19624471664429,1.04395532608032,-0.100050449371338,3.98654299461684,-29698.0968032064,-19624.8391562801,-29699.9921039732,-19626.4114760399,-29701.8874047399,-19627.9837957997,1,0,0,0
20130629104749.daq,31,5,1087.1,1,0,right,0.146928473590094,309.507598876953,12,-0.000256594079871103,73.3447875976563,605.25786489161,6.19624471664429,1.04458928108215,-0.128525659441948,3.9608019898616,-29691.2057854909,-19633.0893710523,-29693.1057734825,-19634.6560235521,-29695.0057614742,-19636.2226760518,1,0,0,0
20130629104749.daq,31,5,1087.2,1,0,right,0.168224965526861,309.333541870117,12,-0.000256866097190491,73.551643371582,616.030302051709,6.19624471664429,1.04428124427795,-0.119034007191658,3.93635865340782,-29684.3187986647,-19641.3827095474,-29686.2235371651,-19642.9435829145,-29688.1282756656,-19644.5044562817,1,0,0,0
20130629104749.daq,31,5,1087.3,1,0,right,0.189780213364543,309.158721923828,12,-0.000257120323502289,73.7578964233398,626.83303383462,6.24018955230713,1.04317629337311,-0.128525659441948,3.91304520328139,-29677.4357735632,-19649.7190440739,-29679.3452657013,-19651.2740984774,-29681.2547578394,-19652.829152881,1,0,0,0
20130629104749.daq,31,5,1087.4,1,0,right,0.215482774894213,308.979232788086,12,-0.000257358862019742,73.9635009765625,637.665968670459,6.5038595199585,1.04067957401276,-0.14750899374485,3.89431991839836,-29670.5587908875,-19658.1005539294,-29672.4731451303,-19659.6496188914,-29674.3874993731,-19661.1986838534,1,0,0,0
20130629104749.daq,31,5,1087.5,1,0,right,0.245196465237598,308.79248046875,12,-0.000257582341125223,74.1684188842773,648.529009301172,6.67963981628418,1.044846534729,-0.128525659441948,3.87883289037088,-29663.687938102,-19666.5254345895,-29665.6073312556,-19668.0682516057,-29667.5267244092,-19669.6110686219,1,0,0,0
20130629104749.daq,31,5,1087.6,1,0,right,0.278748819052396,308.604034423828,12,-0.000257789164487813,74.3726806640625,659.422055018527,6.59174966812134,1.04440116882324,-0.119034007191658,3.86763000869435,-29656.8249888521,-19674.9953150249,-29658.7494459462,-19676.5318108161,-29660.6739030403,-19678.0683066073,1,0,0,0
20130629104749.daq,31,5,1087.7,1,0,right,0.303194240901234,308.42138671875,12,-0.000257974786108941,74.5763549804688,670.345016024345,6.0644097328186,1.04348421096802,-0.119034007191658,3.860107749496,-29649.969695767,-19683.5097625837,-29651.8990411217,-19685.0401157866,-29653.8283864765,-19686.5704689894,1,0,0,0
20130629104749.daq,31,5,1087.8,1,0,right,0.31371175547639,308.254867553711,12,-0.000258133797721198,74.779541015625,681.297811285789,5.58101463317871,1.04356098175049,-0.0715752318501472,3.85612292942913,-29643.1217115216,-19692.0681843675,-29645.0554963992,-19693.5929238439,-29646.9892812767,-19695.1176633202,1,0,0,0
20130629104749.daq,31,5,1087.9,1,0,right,0.317983592617225,308.095016479492,12,-0.000258264239982435,74.9822463989258,692.28037375729,5.71284961700439,1.04333019256592,-0.128525659441948,3.85658063050202,-29636.2813444861,-19700.6711286978,-29638.2193757448,-19702.1904671274,-29640.1574070035,-19703.709805557,1,0,0,0
20130629104749.daq,31,5,1088,1,0,right,0.320892818635173,307.933166503906,12,-0.000258363183073008,75.1844177246094,703.292626695438,6.10835456848145,1.04367709159851,-0.128525659441948,3.85955659962896,-29629.4488827904,-19709.3171415466,-29631.391198161,-19710.8309993419,-29633.3335135316,-19712.3448571373,1,0,0,0
20130629104749.daq,31,5,1088.1,1,0,right,0.337055105632317,307.760070800781,12,-0.000258426299507075,75.3860244750977,714.334491585119,6.63569450378418,1.04312145709991,-0.128525659441948,3.86477890395875,-29622.6246398385,-19718.0067519079,-29624.571519839,-19719.5147348943,-29626.5183998395,-19721.0227178806,1,0,0,0
20130629104749.daq,31,5,1088.2,1,0,right,0.366379992038446,307.570388793945,12,-0.000258449657661246,75.5870056152344,725.405880586361,6.94330978393555,1.04418516159058,-0.128525659441948,3.87423272331302,-29615.8088029138,-19726.7402615448,-29617.760664528,-19728.241790986,-29619.7125261422,-19729.7433204271,1,0,0,0
20130629104749.daq,31,5,1088.3,1,0,right,0.408623075662888,307.369781494141,12,-0.000258430464982321,75.7873077392578,736.506696627606,7.03119993209839,1.04374742507935,-0.128525659441948,3.88528939251227,-29608.999234699,-19735.5192949656,-29610.9563415805,-19737.0139812463,-29612.913448462,-19738.5086675271,1,0,0,0
20130629104749.daq,31,5,1088.4,1,0,right,0.452494638388941,307.165725708008,12,-0.000258367386870828,75.9869155883789,747.636839933104,6.89936447143555,1.04441237449646,-0.128525659441948,3.90171861043355,-29602.2015438862,-19744.3434225451,-29604.163961588,-19745.8311292323,-29606.1263792899,-19747.3188359194,1,0,0,0
20130629104749.daq,31,5,1088.5,1,0,right,0.494381922436901,306.965606689453,12,-0.000258261108672631,76.1858596801758,758.796209421635,6.59174966812134,1.0440239906311,-0.14750899374485,3.92268479854512,-29595.4135238917,-19753.2122234009,-29597.3811257793,-19754.693066821,-29599.348727667,-19756.1739102412,1,0,0,0
20130629104749.daq,31,5,1088.6,1,0,right,0.527523553953813,306.770980834961,12,-0.000258114286014023,76.3841552734375,769.984710166354,6.5038595199585,1.04371213912964,-0.109542116522789,3.949741605053,-29588.6370712767,-19762.1275637212,-29590.6096920236,-19763.6017149387,-29592.5823127706,-19765.0758661562,1,0,0,0
20130629104749.daq,31,5,1088.7,1,0,right,0.551468817293198,306.587661743164,12,-0.000257930907794219,76.5818481445313,781.202248918897,6.02046489715576,1.04567790031433,-0.138017326593399,3.98243613032581,-29581.8739326398,-19771.0871633221,-29583.8512598608,-19772.554995562,-29585.8285870818,-19774.0228278019,1,0,0,0
20130629104749.daq,31,5,1088.8,1,0,right,0.55577458504024,306.420669555664,12,-0.000257712684236326,76.7791137695313,792.44874930886,5.58101463317871,1.04386937618256,0.00435852259397507,4.02210328922013,-29575.1239254157,-19780.0907424052,-29577.1055223225,-19781.5528053732,-29579.0871192293,-19783.0148683412,1,0,0,0
20130629104749.daq,31,5,1088.9,1,0,right,0.554327478501477,306.261520385742,12,-0.000257459682356262,76.9759674072266,803.724152776245,5.58101463317871,1.04247748851776,-0.100050449371338,4.06392738152068,-29568.3834345412,-19789.1407372885,-29570.369084937,-19790.5972903871,-29572.3547353328,-19792.0538434857,1,0,0,0
20130629104749.daq,31,5,1089,1,0,right,0.545742886657195,306.106994628906,12,-0.000257173105137488,77.1723709106445,815.028395445937,5.58101463317871,1.0444198846817,-0.0905587896704674,4.11041501197793,-29561.6564766184,-19798.2334251431,-29563.6460480872,-19799.6846176851,-29565.635619556,-19801.135810227,1,0,0,0
20130629104749.daq,31,5,1089.1,1,0,right,0.537668431974566,305.955230712891,12,-0.000256854385184331,77.3683700561523,826.36141353604,5.58101463317871,1.04526257514954,-0.119034007191658,4.15593836501475,-29554.9372563667,-19807.3669586914,-29556.9306647414,-19808.8128762116,-29558.9240731161,-19810.2587937318,1,0,0,0
20130629104749.daq,31,5,1089.2,1,0,right,0.531036587078347,305.801071166992,12,-0.000256504974531396,77.5638961791992,837.723144103926,5.66890478134155,1.04097735881805,-0.109542116522789,4.2046343819179,-29548.2279099306,-19816.5455341735,-29550.2252014588,-19817.9860830185,-29552.2224929869,-19819.4266318635,1,0,0,0
20130629104749.daq,31,5,1089.3,1,0,right,0.524404126973081,305.64323425293,12,-0.000256126438087789,77.7589111328125,849.113516187572,5.84468460083008,1.04151427745819,-0.119034007191658,4.25213401932165,-29541.5265312311,-19825.7653163489,-29543.527783562,-19827.2003576484,-29545.529035893,-19828.635398948,1,0,0,0
20130629104749.daq,31,5,1089.4,1,0,right,0.525171904888339,305.479690551758,12,-0.000255720608670151,77.9533386230469,860.532447728408,5.93257474899292,1.04463171958923,-0.119034007191658,4.29569926605506,-29534.8331950858,-19835.024464352,-29536.8385354061,-19836.4537874866,-29538.8438757264,-19837.8831106212,1,0,0,0
20130629104749.daq,31,5,1089.5,1,0,right,0.525786688412836,305.312545776367,12,-0.00025528978141831,78.1471405029297,871.979849487769,5.93257474899292,1.04499065876007,-0.138017326593399,4.34211662971136,-29528.1497810502,-19844.3287182714,-29530.1592824912,-19845.7521853001,-29532.1687839322,-19847.1756523288,1,0,0,0
20130629104749.daq,31,5,1089.6,1,0,right,0.525845148955057,305.147903442383,12,-0.000254836787716235,78.3403549194336,883.455632599937,5.62495994567871,1.0430543422699,-0.0810671299695969,4.38407196680342,-29521.4741156896,-19853.671877712,-29523.4876992333,-19855.0895644672,-29525.501282777,-19856.5072512224,1,0,0,0
20130629104749.daq,31,5,1089.7,1,0,right,0.515918015321859,304.995407104492,12,-0.000254364974047795,78.5330123901367,894.959711835923,5.05367469787598,1.04218482971191,-0.119034007191658,4.4264182595758,-29514.80975177,-19863.0573136906,-29516.8271014401,-19864.4696361509,-29518.8444511103,-19865.8819586112,1,0,0,0
20130629104749.daq,31,5,1089.8,1,0,right,0.490572053732194,304.857284545898,12,-0.000253878914398307,78.7251434326172,906.492008680601,4.79000473022461,1.04311060905457,-0.0905587896704674,4.46735041579387,-29508.1546490716,-19872.4829529383,-29510.175397553,-19873.890408088,-29512.1961460345,-19875.2978632376,1,0,0,0
20130629104749.daq,31,5,1089.9,1,0,right,0.454220471981955,304.72639465332,12,-0.000253385247556664,78.9167327880859,918.052445551322,4.79000473022461,1.04378271102905,-0.138017326593399,4.50610112662483,-29501.5090644244,-19881.94919489,-29503.5330229046,-19883.3520300528,-29505.5569813847,-19884.7548652156,1,0,0,0
20130629104749.daq,31,5,1090,1,0,right,0.413639851415951,304.601333618164,12,-0.000252890463188325,79.1078109741211,929.640943932965,4.79000473022461,1.04380905628204,-0.128525659441948,4.53781853789865,-29494.8691406072,-19891.4541658697,-29496.8961562695,-19892.8525799457,-29498.9231719318,-19894.2509940218,1,0,0,0
20130629104749.daq,31,5,1090.1,1,0,right,0.368671296023649,304.476806640625,12,-0.000252400181543898,79.2984008789063,941.25743174454,4.74605989456177,1.04343962669373,-0.0905587896704674,4.56750441516497,-29488.2389777453,-19900.998159772,-29490.2690279389,-19902.3921650212,-29492.2990781326,-19903.7861702704,1,0,0,0
20130629104749.daq,31,5,1090.2,1,0,right,0.324042397665153,304.353607177734,12,-0.000251918890695751,79.4884719848633,952.901835133329,4.74605989456177,1.04321813583374,-0.128525659441948,4.58661076763628,-29481.6126867797,-19910.5811329221,-29483.6457297187,-19911.9707698645,-29485.6787726576,-19913.3604068069,1,0,0,0
20130629104749.daq,31,5,1090.3,1,0,right,0.287021784495778,304.22541809082,12,-0.000251449812800161,79.6780166625977,964.574076796453,4.96578454971313,1.04304158687592,-0.0810671299695969,4.60130563239746,-29474.9944088496,-19920.2034335811,-29477.0305557625,-19921.5885184784,-29479.0667026753,-19922.9736033757,1,0,0,0
20130629104749.daq,31,5,1090.4,1,0,right,0.264138744746504,304.082092285156,12,-0.000250994892602972,79.8669357299805,976.274075141577,5.75679492950439,1.04295587539673,-0.119034007191658,4.6080868432739,-29468.3825721219,-19929.8617122289,-29470.4221774604,-19931.2416993617,-29472.4617827989,-19932.6216864945,1,0,0,0
20130629104749.daq,31,5,1090.5,1,0,right,0.259520997581205,303.919479370117,12,-0.000250554809366284,80.0550994873047,988.00172694277,6.19624471664429,1.04536724090576,-0.128525659441948,4.60743091925333,-29461.7753855599,-19939.560098614,-29463.8188992626,-19940.93429153,-29465.8624129653,-19942.308484446,1,0,0,0
20130629104749.daq,31,5,1090.6,1,0,right,0.263929346101463,303.746795654297,12,-0.000250128992718131,80.2425079345703,999.756920301996,6.10835456848145,1.045281291008,-0.128525659441948,4.60283768759974,-29455.1783698035,-19949.2980817673,-29457.2260158979,-19950.6661095066,-29459.2736619923,-19952.0341372459,1,0,0,0
20130629104749.daq,31,5,1090.7,1,0,right,0.268023923968542,303.570617675781,12,-0.000249715682976397,80.4291839599609,1011.53954658489,5.80073976516724,1.04195737838745,-0.100050449371338,4.5945163429773,-29448.5912805724,-19959.077251888,-29450.643123509,-19960.4389768921,-29452.6949664457,-19961.8007018961,1,0,0,0
20130629104749.daq,31,5,1090.8,1,0,right,0.267739563394628,303.400894165039,12,-0.000249312875532414,80.615119934082,1023.34949808959,5.75679492950439,1.04130792617798,-0.128525659441948,4.58025655862787,-29442.0137409424,-19968.8951119671,-29444.0696086191,-19970.2507529665,-29446.1254762958,-19971.6063939659,1,0,0,0
20130629104749.daq,31,5,1090.9,1,0,right,0.274277468675336,303.227157592773,12,-0.00024891966626596,80.8003158569336,1035.18666627502,6.10835456848145,1.04280197620392,-0.128525659441948,4.56820549993904,-29435.4520070969,-19978.7561400798,-29437.5119759924,-19980.1055408998,-29439.5719448879,-19981.4549417198,1,0,0,0
20130629104749.daq,31,5,1091,1,0,right,0.288751290063715,303.044189453125,12,-0.000248534608272323,80.9846954345703,1047.05093756464,6.59174966812134,1.04451167583466,-0.119034007191658,4.55498092905149,-29428.9023750482,-19988.6586650081,-29430.9666426046,-19990.0014806615,-29433.030910161,-19991.3442963148,1,0,0,0
20130629104749.daq,31,5,1091.1,1,0,right,0.311305185849335,302.851821899414,12,-0.00024815539539777,81.1682739257813,1058.94219166807,6.59174966812134,1.04545783996582,-0.128525659441948,4.54113010998711,-29422.3668091318,-19998.6026923554,-29424.4355734777,-19999.938569784,-29426.5043378237,-20001.2744472127,1,0,0,0
20130629104749.daq,31,5,1091.2,1,0,right,0.330715234285037,302.661254882813,12,-0.000247778899810979,81.3511428833008,1070.86031724675,6.15229988098145,1.04459393024445,-0.128525659441948,4.52963786187887,-29415.8487865498,-20008.5895662311,-29417.9219826024,-20009.918555528,-29419.9951786549,-20011.2475448248,1,0,0,0
20130629104749.daq,31,5,1091.3,1,0,right,0.3367032783284,302.48274230957,12,-0.00024740141587009,81.5333786010742,1082.80521676288,5.71284961700439,1.04118990898132,-0.109542116522789,4.5207381284447,-29409.3479070973,-20018.6206874493,-29411.4252337225,-20019.94321099,-29413.5025603477,-20021.2657345306,1,0,0,0
20130629104749.daq,31,5,1091.4,1,0,right,0.334782708338366,302.312301635742,12,-0.000247019092023691,81.7149810791016,1094.77679901959,5.71284961700439,1.040766954422,-0.0715752318501472,4.51294016091741,-29402.864320263,-20028.6923683381,-29404.9455718693,-20030.0087065069,-29407.0268234756,-20031.3250446758,1,0,0,0
20130629104749.daq,31,5,1091.5,1,0,right,0.32876366867913,302.148498535156,12,-0.000246628413810196,81.8959732055664,1106.77497011576,5.71284961700439,1.04510617256165,-0.100050449371338,4.50664599616302,-29396.3980783837,-20038.8085948931,-29398.4830847632,-20040.1189775933,-29400.5680911427,-20041.4293602935,1,0,0,0
20130629104749.daq,31,5,1091.6,1,0,right,0.321838275430252,301.984176635742,12,-0.000246226737844118,82.0764007568359,1118.79964482237,5.71284961700439,1.04029047489166,-0.100050449371338,4.50026610875822,-29389.947507085,-20048.9638933729,-29392.0362630074,-20050.2682909811,-29394.1250189297,-20051.5726885893,1,0,0,0
20130629104749.daq,31,5,1091.7,1,0,right,0.315287548304241,301.820739746094,12,-0.000245812734263301,82.2562713623047,1130.85074210659,5.84468460083008,1.04004502296448,-0.119034007191658,4.49377028465358,-29383.5125510426,-20059.1620947182,-29385.6050192716,-20060.4605288267,-29387.6974875006,-20061.7589629351,1,0,0,0
20130629104749.daq,31,5,1091.8,1,0,right,0.315363195474106,301.646514892578,12,-0.000245386678589281,82.4355239868164,1142.92817617992,6.37202453613281,1.04364836215973,-0.109542116522789,4.4877186386997,-29377.0956263326,-20069.4018688295,-29379.1920331566,-20070.693934173,-29381.2884399805,-20071.9859995165,1,0,0,0
20130629104749.daq,31,5,1091.9,1,0,right,0.329563594412377,301.456665039063,12,-0.000244950783689249,82.6140289306641,1155.03184735987,6.85541963577271,1.04465711116791,-0.16649255156517,4.47950490900401,-29370.6930247938,-20079.683469146,-29372.7937013664,-20080.9685809547,-29374.894377939,-20082.2536927633,1,0,0,0
20130629104749.daq,31,5,1092,1,0,right,0.351493685081209,301.258514404297,12,-0.000244509499973559,82.7917785644531,1167.16164309566,6.5478048324585,1.04513025283813,-0.128525659441948,4.47286196610062,-29364.3103205226,-20090.0084537514,-29366.4154289301,-20091.2862929494,-29368.5205373377,-20092.5641321474,1,0,0,0
20130629104749.daq,31,5,1092.1,1,0,right,0.367196855524128,301.073120117188,12,-0.000244068136198205,82.968864440918,1179.3174585761,5.62495994567871,1.04369258880615,-0.157000884413719,4.46588833127832,-29357.9447174027,-20100.3737511375,-29360.0539495391,-20101.6447720729,-29362.1631816755,-20102.9157930083,1,0,0,0
20130629104749.daq,31,5,1092.2,1,0,right,0.354792694610467,300.911468505859,12,-0.000243628476280226,83.145393371582,1191.49920484228,4.96578454971313,1.04239237308502,-0.109542116522789,4.46006336594607,-29351.5977181672,-20110.7787857409,-29353.7105279026,-20112.0438507374,-29355.8233376381,-20113.3089157339,1,0,0,0
20130629104749.daq,31,5,1092.3,1,0,right,0.330582625628153,300.762588500977,12,-0.000243192506214523,83.3213729858398,1203.70680142084,5.18550968170166,1.04207611083984,-0.0905587896704674,4.4542248116785,-29345.2697566594,-20121.2260972745,-29347.3858464618,-20122.4856679838,-29349.5019362642,-20123.745238693,1,0,0,0
20130629104749.daq,31,5,1092.4,1,0,right,0.300377190196059,300.615234375,12,-0.000242762860653068,83.4968948364258,1215.94017445909,5.44917964935303,1.04500985145569,-0.128525659441948,4.44730453442693,-29338.9593316348,-20131.7143284556,-29341.0786538179,-20132.9684528145,-29343.1979760009,-20134.2225771735,1,0,0,0
20130629104749.daq,31,5,1092.5,1,0,right,0.266703187321241,300.469543457031,12,-0.000242341928678965,83.6720123291016,1228.1992593359,5.18550968170166,1.04616248607635,-0.138017326593399,4.43761212095231,-29332.6664368317,-20142.2415193728,-29334.7889411299,-20143.4902506999,-29336.9114454282,-20144.738982027,1,0,0,0
20130629104749.daq,31,5,1092.6,1,0,right,0.231175836439547,300.330871582031,12,-0.000241931509180759,83.846809387207,1240.48400392543,4.87789487838745,1.04445838928223,-0.138017326593399,4.42274114216976,-29326.3888992499,-20152.8073897287,-29328.5144196091,-20154.0509803471,-29330.6399399683,-20155.2945709654,1,0,0,0
20130629104749.daq,31,5,1092.7,1,0,right,0.190222460039251,300.199066162109,12,-0.000241532951492616,84.0212478637695,1252.79436076426,4.70211458206177,1.0428079366684,-0.128525659441948,4.40214807211199,-29320.124769319,-20163.4119495477,-29322.2531448553,-20164.6506472509,-29324.3815203917,-20165.889344954,1,0,0,0
20130629104749.daq,31,5,1092.8,1,0,right,0.145264432756221,300.069427490234,12,-0.000241147445336098,84.1952743530273,1265.13027213167,4.79000473022461,1.04266500473022,-0.14750899374485,4.37791666168166,-29313.8761910738,-20174.0554462408,-29316.007363864,-20175.2893250687,-29318.1385366541,-20176.5232038966,1,0,0,0
20130629104749.daq,31,5,1092.9,1,0,right,0.103342209180539,299.932159423828,12,-0.000240776192549806,84.3688354492188,1277.49167415249,5.31734466552734,1.04414772987366,-0.14750899374485,4.34205891207251,-29307.6396618391,-20184.734484914,-29309.7737846121,-20185.9632543852,-29311.9079073851,-20187.1920238564,1,0,0,0
20130629104749.daq,31,5,1093,1,0,right,0.0740423386258726,299.780319213867,12,-0.000240420273835032,84.5418243408203,1289.87849129557,5.75679492950439,1.04734551906586,-0.138017326593399,4.29903417304794,-29301.4154719981,-20195.4513776291,-29303.5528436495,-20196.6744871284,-29305.6902153008,-20197.8975966278,1,0,0,0
20130629104749.daq,31,5,1093.1,1,0,right,0.0562288934416983,299.618057250977,12,-0.000240080485026268,84.7142181396484,1302.2906361872,5.75679492950439,1.04725551605225,-0.157000884413719,4.24798987687644,-29295.2073612579,-20206.2059040942,-29297.3481881863,-20207.4229556486,-29299.4890151147,-20208.640007203,1,0,0,0
20130629104749.daq,31,5,1093.2,1,0,right,0.050016267852925,299.450332641602,12,-0.000239757214703266,84.8860244750977,1314.72802219963,5.71284961700439,1.04486656188965,-0.128525659441948,4.18866215206242,-29289.0112210104,-20216.9997568738,-29291.1556014928,-20218.2105362799,-29293.2999819752,-20219.421315686,1,0,0,0
20130629104749.daq,31,5,1093.3,1,0,right,0.0439682490976452,299.280426025391,12,-0.000239450286344858,85.0571823120117,1327.1905605604,5.71284961700439,1.04459798336029,-0.0810671299695969,4.12526458830289,-29282.8327756817,-20227.8308112798,-29284.9807372116,-20229.0352263616,-29287.1286987416,-20230.2396414434,1,0,0,0
20130629104749.daq,31,5,1093.4,1,0,right,0.0395378007429485,299.106857299805,12,-0.000239159051069437,85.227668762207,1339.6778052626,6.02046489715576,1.04531514644623,-0.14750899374485,4.05814692801419,-29276.6720884207,-20238.7010958308,-29278.8236886789,-20239.898998478,-29280.9752889372,-20241.0969011253,1,0,0,0
20130629104749.daq,31,5,1093.5,1,0,right,0.0440825630840322,298.922241210938,12,-0.000238882532776648,85.3974456787109,1352.19035113754,6.37202453613281,1.04498898983002,-0.100050449371338,3.98747562548447,-29270.5294724787,-20249.6109886878,-29272.6849213933,-20250.8019523313,-29274.8403703079,-20251.9929159747,1,0,0,0
20130629104749.daq,31,5,1093.6,1,0,right,0.0414617828078008,298.73991394043,12,-0.000238619601999067,85.566520690918,1364.72774453193,5.93257474899292,1.04500031471252,-0.119034007191658,3.91139758698823,-29264.4063214096,-20260.5598016036,-29266.5655493021,-20261.7439001348,-29268.7247771946,-20262.9279986661,1,0,0,0
20130629104749.daq,31,5,1093.7,1,0,right,0.0367790732337312,298.565383911133,12,-0.000238369356644164,85.7350769042969,1377.28989611383,5.36128950119019,1.04390263557434,-0.0905587896704674,3.83610702385339,-29258.3063060601,-20271.5492068506,-29260.46913084,-20272.7267226233,-29262.6319556199,-20273.9042383961,1,0,0,0
20130629104749.daq,31,5,1093.8,1,0,right,0.0262609696944196,298.398635864258,12,-0.000238129834660454,85.9031066894531,1389.87673231027,5.75679492950439,1.04153370857239,-0.109542116522789,3.75737343659396,-29252.2255171138,-20282.579208148,-29254.3917596564,-20283.7504244687,-29256.5580021991,-20284.9216407893,1,0,0,0
20130629104749.daq,31,5,1093.9,1,0,right,0.0323226473399814,298.213195800781,12,-0.000237897474987847,86.0704727172852,1402.48816640027,6.94330978393555,1.04190838336945,-0.138017326593399,3.6781900958485,-29246.1670376942,-20293.6472492263,-29248.3370595725,-20294.8114482949,-29250.5070814507,-20295.9756473635,1,0,0,0
20130629104749.daq,31,5,1094,1,0,right,0.0593300974937279,298.004669189453,12,-0.000237669412552864,86.2370147705078,1415.12408732503,7.3388147354126,1.0447051525116,-0.157000884413719,3.60179146919724,-29240.1330191033,-20304.7594044999,-29242.3072636748,-20305.9156981332,-29244.4815082464,-20307.0719917665,1,0,0,0
20130629104749.daq,31,5,1094.1,1,0,right,0.0936434223447122,297.786666870117,12,-0.000237443577807303,86.4028167724609,1427.78437805786,6.98725461959839,1.04570758342743,-0.157000884413719,3.52260037217123,-29234.120932748,-20315.9110687174,-29236.2995611041,-20317.0590813084,-29238.4781894602,-20318.2070938995,1,0,0,0
20130629104749.daq,31,5,1094.2,1,0,right,0.135233046254825,297.559188842773,12,-0.000237218681074809,86.5678787231445,1440.46893509305,7.11908960342407,1.04297387599945,-0.14750899374485,3.44862591400092,-29228.138596469,-20327.1061433055,-29230.3217655286,-20328.2454971928,-29232.5049345883,-20329.38485108,1,0,0,0
20130629104749.daq,31,5,1094.3,1,0,right,0.189146453891112,297.3291015625,12,-0.000236994316624772,86.7320709228516,1453.17763748747,7.20697975158691,1.04477453231812,-0.16649255156517,3.37701875864742,-29222.1818101012,-20338.3442784531,-29224.3695369404,-20339.474856049,-29226.5572637796,-20340.6054336449,1,0,0,0
20130629104749.daq,31,5,1094.4,1,0,right,0.240251493530366,297.100372314453,12,-0.000236770916399917,86.8954620361328,1465.90853234057,7.07514476776123,1.04376626014709,-0.138017326593399,3.31471516567366,-29216.2562606316,-20349.6252741092,-29218.4484833808,-20350.7471091422,-29220.64070613,-20351.8689441753,1,0,0,0
20130629104749.daq,31,5,1094.5,1,0,right,0.277721486856819,296.879852294922,12,-0.000236549203183502,87.0581588745117,1478.66516793924,6.72358465194702,1.03862738609314,-0.109542116522789,3.25583565698851,-29210.3596924829,-20360.9487891791,-29212.5562167036,-20362.0621784962,-29214.7527409243,-20363.1755678132,1,0,0,0
20130629104749.daq,31,5,1094.6,1,0,right,0.308093780943921,296.663604736328,12,-0.000236328834790341,87.2202301025391,1491.4456199169,6.67963981628418,1.04224336147308,-0.128525659441948,3.20861722392614,-29204.4981341053,-20372.315023322,-29206.6988448609,-20373.420114537,-29208.8995556165,-20374.525205752,1,0,0,0
20130629104749.daq,31,5,1094.7,1,0,right,0.331127876801418,296.454635620117,12,-0.000236108780936871,87.3817443847656,1504.24979959436,6.63569450378418,1.03804159164429,-0.109542116522789,3.16506891087541,-29198.6675433264,-20383.723829611,-29200.8722699238,-20384.8208870635,-29203.0769965213,-20385.917944516,1,0,0,0
20130629104749.daq,31,5,1094.8,1,0,right,0.347261075762106,296.253036499023,12,-0.000235887083093546,87.5427856445313,1517.07763209318,6.24018955230713,1.02911186218262,-0.109542116522789,3.12902023538996,-29192.8698651185,-20395.1771600381,-29195.0784381321,-20396.2664532342,-29197.2870111456,-20397.3557464303,1,0,0,0
20130629104749.daq,31,5,1094.9,1,0,right,0.357073086780872,296.063507080078,12,-0.000235661059918603,87.7034759521484,1529.92905866691,5.93257474899292,1.03192377090454,-0.17598420381546,3.10010780639552,-29187.1048854047,-20406.6708803118,-29189.3170496147,-20407.7528617955,-29191.5292138248,-20408.8348432792,1,0,0,0
20130629104749.daq,31,5,1095,1,0,right,0.357545735552719,295.880981445313,12,-0.000235428970915199,87.8637619018555,1542.80402383273,5.97651958465576,1.03209519386292,-0.109542116522789,3.07595935056348,-29181.3689191989,-20418.2071975014,-29183.5845190176,-20419.2821262744,-29185.8001188362,-20420.3570550473,1,0,0,0
20130629104749.daq,31,5,1095.1,1,0,right,0.35066481637341,295.700714111328,12,-0.000235190452650229,88.0235977172852,1555.70246380878,5.97651958465576,1.03141641616821,-0.138017326593399,3.05481867022281,-29175.6641298727,-20429.782440563,-29177.8831007235,-20430.8503931774,-29180.1020715744,-20431.9183457917,1,0,0,0
20130629104749.daq,31,5,1095.2,1,0,right,0.343487306789143,295.521041870117,12,-0.000234946674087224,88.1830368041992,1568.62431751737,5.97651958465576,1.03070914745331,-0.119034007191658,3.03375782894911,-29169.9866851782,-20441.3986446718,-29172.2089940761,-20442.4596336376,-29174.4313029741,-20443.5206226034,1,0,0,0
20130629104749.daq,31,5,1095.3,1,0,right,0.332310060246812,295.340393066406,12,-0.00023470028775768,88.342041015625,1581.56952444033,6.0644097328186,1.02211940288544,-0.14750899374485,3.01509035914149,-29164.3386091206,-20453.0539333555,-29166.5642521767,-20454.1079103052,-29168.7898952328,-20455.1618872548,1,0,0,0
20130629104749.daq,31,5,1095.4,1,0,right,0.33729214326155,295.158432006836,12,-0.000234455191715604,88.5005416870117,1594.53785360144,6.02046489715576,0.952501356601715,-0.119034007191658,2.99369264206634,-29158.7160110857,-20464.7502755222,-29160.9449901531,-20465.7971789278,-29163.1739692205,-20466.8440823334,1,0,0,0
20130629104749.daq,31,5,1095.5,1,0,right,0.337197017870324,294.975799560547,12,-0.0002342161793178,88.6583938598633,1607.52954809919,6.02046489715576,0.784660160541534,-0.0905587896704674,2.97429395569665,-29153.1227686026,-20476.4837332623,-29155.3550733846,-20477.5235264071,-29157.5873781666,-20478.5633195518,1,0,0,0
20130629104749.daq,31,5,1095.6,1,0,right,0.335321538026278,294.791748046875,12,-0.000233988413057075,88.815055847168,1620.54431578646,6.02046489715576,0.459443002939224,-0.14750899374485,2.95509028779175,-29147.5569630077,-20488.2562953789,-29149.7925963991,-20489.2889123276,-29152.0282297905,-20490.3215292763,1,0,0,0
20130629104749.daq,31,5,1095.7,1,0,right,0.330138887532598,294.607772827148,12,-0.000233776873833806,88.9663009643555,1633.58169471083,6.02046489715576,0.166559025645256,-0.157000884413719,2.93189820532435,-29142.0165730473,-20500.0659361307,-29144.2555106134,-20501.0913692092,-29146.4944481795,-20502.1168022878,1,0,0,0
20130629104749.daq,31,5,1095.8,1,0,right,0.320518150250848,294.42497253418,12,-0.000233585035442947,89.1398544311523,1646.64287005904,6.02046489715576,0.0396580919623375,-0.109542116522789,2.90887464369343,-29136.5054542058,-20511.916509047,-29138.7476519815,-20512.9347936623,-29140.9898497573,-20513.9530782776,1,0,0,0
20130629104749.daq,31,5,1095.9,1,0,right,0.325260871841579,294.235458374023,12,-0.000233413873880913,89.2742614746094,1659.72748571558,6.0644097328186,0,-0.100050449371338,2.88356164551635,-29131.0220175989,-20523.8044852792,-29133.2675712282,-20524.8153479411,-29135.5131248575,-20525.826210603,1,0,0,0
20130629104749.daq,31,5,1096,1,0,right,0.360641125666007,294.015625,12,-0.000233262198079701,89.3065948486328,1672.82481308281,6.89936447143555,0,-0.119034007191658,2.86198989097572,-29125.5732216361,-20535.7251262325,-29127.8226372215,-20536.7273656985,-29130.072052807,-20537.7296051644,1,0,0,0
20130629104749.daq,31,5,1096.1,1,0,right,0.452750032523966,293.738555908203,12,-0.000233126034984063,89.239013671875,1685.91919883704,7.73431968688965,0,-0.0620835721492767,2.84210178483708,-29120.166198,-20547.6640661669,-29122.4204338632,-20548.6554163051,-29124.6746697264,-20549.6467664433,1,0,0,0
20130629104749.daq,31,5,1096.2,1,0,right,0.593221720318866,293.409973144531,12,-0.000233000590759219,89.0993041992188,1698.99810760027,7.47064971923828,0,14.3083810806274,2.82940220377171,-29114.8085297086,-20559.6131840412,-29117.0684137169,-20560.5915902413,-29119.3282977252,-20561.5699964414,1,0,0,0
20130629104749.daq,31,5,1096.3,1,0,right,0.773402930159136,293.038497924805,12,-0.000232881072963911,88.8742828369141,1712.050429389,7.25092458724976,0,11.3089971542358,2.82978074407787,-29109.5135226656,-20571.5603156022,-29111.7797025952,-20572.5240494608,-29114.0458825248,-20573.4877833194,1,0,0,0
20130629104749.daq,31,5,1096.4,1,0,right,0.991543043627075,292.631225585938,12,-0.000232760715158367,88.5717926025391,1725.06441099252,7.20697975158691,0,11.641206741333,2.84554520146112,-29104.2886902226,-20583.4953254981,-29106.5616632976,-20584.4429265869,-29108.8346363727,-20585.3905276756,1,0,0,0
20130629104749.daq,31,5,1096.5,1,0,right,1.23892158578531,292.206634521484,12,-0.000232631377910752,88.1956558227539,1738.02824017393,6.81147480010986,0,13.2927665710449,2.88965963264252,-29099.1468532995,-20595.4114652008,-29101.4267861089,-20596.3421965304,-29103.7067189183,-20597.27292786,1,0,0,0
20130629104749.daq,31,5,1096.6,1,0,right,1.48925832618784,291.772872924805,12,-0.000232484513625386,87.7502822875977,1750.93169001177,6.15229988098145,0,10.3977918624878,2.96324013507611,-29094.0954478055,-20607.3005299839,-29096.3823613773,-20608.2139744204,-29098.6692749491,-20609.1274188568,1,0,0,0
20130629104749.daq,31,5,1096.7,1,0,right,1.74225529791659,291.335525512695,12,-0.000232312294699119,87.2677993774414,1763.7665299389,5.58101463317871,0,9.06895065307617,3.07926757937109,-29089.1478824855,-20619.1563958844,-29091.441701827,-20620.05235752,-29093.7355211684,-20620.9483191555,1,0,0,0
20130629104749.daq,31,5,1096.8,1,0,right,2.00020644560419,290.892425537109,12,-0.000232108062702932,86.8002090454102,1776.53112773591,5.44917964935303,0,7.77807760238647,3.23492283501003,-29084.3042659336,-20630.9811084033,-29086.6049455793,-20631.8593040485,-29088.905625225,-20632.7374996937,1,0,0,0
20130629104749.daq,31,5,1096.9,1,0,right,2.23938528092918,290.464584350586,12,-0.000231867320464426,86.3755035400391,1789.23012651874,4.08688449859619,0,5.77532386779785,3.43763840967969,-29079.5674731718,-20642.7776283821,-29081.8746463097,-20643.638619982,-29084.1818194476,-20644.499611582,1,0,0,0
20130629104749.daq,31,5,1097,1,0,right,2.413828404215,290.113754272461,12,-0.00023159017850385,86.0089340209961,1801.8708851688,1.49412989616394,0,3.5162947177887,3.68575871021212,-29074.9344252126,-20654.5490948048,-29077.2468270386,-20655.3959432085,-29079.5592288645,-20656.2427916122,1,0,0,0
20130629104749.daq,31,5,1097.1,1,0,right,2.48294573057706,289.867965698242,12,-0.000231281307639968,85.7097320556641,1814.4628499322,-0.57128494977951,0,0.0328335054218769,3.97980895080489,-29070.3997571103,-20666.3001999463,-29072.7157704752,-20667.137120801,-29075.0317838401,-20667.9740416557,1,0,0,0
20130629104749.daq,31,5,1097.2,1,0,right,2.42234390878178,289.751419067383,12,-0.000230945682706533,85.4670791625977,1827.01532979344,-1.93357992172241,0,-0.251917958259583,4.31184263006428,-29065.9543897061,-20678.0397112599,-29068.2721006779,-20678.8719193316,-29070.5898116497,-20679.7041274034,1,0,0,0
20130629104749.daq,31,5,1097.3,1,0,right,2.25535240362848,289.738143920898,12,-0.000230593712234783,85.2605972290039,1839.535022876,-2.50486493110657,0,-0.0336083546280861,4.67083895243265,-29061.583957772,-20689.7668580581,-29063.9018615,-20690.5985291054,-29066.2197652281,-20691.4302001527,1,0,0,0
20130629104749.daq,31,5,1097.4,1,0,right,2.01400181350436,289.796081542969,12,-0.000230241099291746,85.0788803100586,1852.02639269947,-2.63669991493225,0,-0.0715752318501472,5.0391532130029,-29057.2705234833,-20701.4830568403,-29059.5875850388,-20702.3170713316,-29061.9046465942,-20703.1510858228,1,0,0,0
20130629104749.daq,31,5,1097.5,1,0,right,1.72852953157224,289.900268554688,12,-0.00022990625841489,84.9096374511719,1864.4921635149,-2.72458982467651,0,-0.119034007191658,5.40418069817418,-29053.0016657791,-20713.1874461169,-29055.3172069273,-20714.0256725865,-29057.6327480755,-20714.8638990561,1,0,0,0
20130629104749.daq,31,5,1097.6,1,0,right,1.42395547238584,290.034317016602,12,-0.000229607642487282,84.7436447143555,1876.93342679443,-2.72458982467651,0,-0.0431002490222454,5.74643862484222,-29048.7567246752,-20724.8729263912,-29051.0702983842,-20725.7165679717,-29053.3838720932,-20726.5602095523,0,1,0,1
20130629104749.daq,31,5,1097.7,1,0,right,1.10220290466049,290.181625366211,12,-0.000229361206196844,84.5773544311523,1889.35033126923,-2.28513979911804,0,0.00435852259397507,6.05167660440165,-29044.5209064245,-20736.5363181516,-29046.8323034736,-20737.3859051717,-29049.1437005227,-20738.2354921918,0,1,0,1
20130629104749.daq,31,5,1097.8,1,0,right,0.776855906738547,290.328582763672,12,-0.000229179895122508,84.4107513427734,1901.74282061725,-1.80174493789673,0,-0.00513337086886168,6.31104945998884,-29040.2870754499,-20748.172363033,-29042.5962858008,-20749.0278757322,-29044.9054961518,-20749.8833884314,0,1,0,1
20130629104749.daq,31,5,1097.9,1,0,right,0.448802813460929,290.477066040039,12,-0.000229076896994612,84.2442016601563,1914.11087562935,-1.80174493789673,0,0.0328335054218769,6.51233955360097,-29036.0434204241,-20759.7790242916,-29038.3504059432,-20760.6405184809,-29040.6573914622,-20761.5020126702,0,1,0,1
20130629104749.daq,31,5,1098,1,0,right,0.117800225703093,290.621765136719,12,-0.00022906168402204,84.0779876708984,1926.45452474627,-1.53807497024536,0,0.051817063242197,6.65208463356303,-29031.7882499073,-20771.3565391423,-29034.0930523891,-20772.2238568139,-29036.3978548709,-20773.0911744854,0,1,0,1
20130629104749.daq,31,5,1098.1,1,0,right,-0.177653379449509,290.743560791016,12,-0.000229139031921222,83.9124145507813,1938.77383809077,-0.0439449958503246,0,-0.0146250324323773,6.72565932305543,-29027.5166414985,-20782.8999078301,-29029.8195950865,-20783.7721229381,-29032.1225486746,-20784.6443380461,0,1,0,1
20130629104749.daq,31,5,1098.2,1,0,right,-0.421363196759444,290.817520141602,12,-0.000229310503444627,83.7477645874023,1951.06893436805,1.49412989616394,0,0.0233418457210064,6.73731696070219,-29023.2278575437,-20794.416117682,-29025.5296833284,-20795.2913047937,-29027.831509113,-20796.1664919054,0,1,1,1
20130629104749.daq,31,5,1098.3,1,0,right,-0.609492224620794,290.832260131836,12,-0.000229575031404594,83.5840301513672,1963.33994888149,2.72458982467651,0,0.0233418457210064,6.69191140754094,-29018.928306935,-20805.9037364227,-29021.2299074917,-20806.7795156763,-29023.5315080484,-20807.6552949299,0,1,1,1
20130629104749.daq,31,5,1098.4,1,0,right,-0.737809216803612,290.78352355957,12,-0.00022992855848613,83.4213104248047,1975.58702327534,3.95504975318909,0,-0.00513337086886168,6.59163642428364,-29014.620149543,-20817.3649106215,-29016.9224942167,-20818.2387317857,-29019.2248388904,-20819.1125529498,0,1,1,1
20130629104749.daq,31,5,1098.5,1,0,right,-0.793554092349837,290.65852355957,12,-0.000230364643704129,83.2594604492188,1987.8102978884,5.71284961700439,0,0.0138501841574907,6.44753158096886,-29010.3137866177,-20828.8041115522,-29012.6180321928,-20829.6729077039,-29014.9222777678,-20830.5417038556,0,1,1,1
20130629104749.daq,31,5,1098.6,1,0,right,-0.780691223814358,290.461196899414,12,-0.000230875228212384,83.0981979370117,2000.00988303349,6.81147480010986,0,0.0328335054218769,6.26688955388741,-29006.014905792,-20840.2269983337,-29008.3221298296,-20841.087853527,-29010.6293538672,-20841.9487087204,0,1,1,1
20130629104749.daq,31,5,1098.7,1,0,right,-0.704332448624882,290.220260620117,12,-0.000231451603840578,82.9372787475586,2012.18584286549,6.02046489715576,0,0.0138501841574907,6.0627318230979,-29001.7377439116,-20851.6322586117,-29004.0485675483,-20852.4834040422,-29006.3593911849,-20853.3345494727,0,1,1,1
20130629104749.daq,31,5,1098.8,1,0,right,-0.614531185059434,289.962982177734,12,-0.0002320855142438,82.7764587402344,2024.33821281877,5.36128950119019,0,-0.00513337086886168,5.84690790087269,-28997.4887826628,-20863.0264725058,-28999.8034049356,-20863.8672329697,-29002.1180272085,-20864.7079934335,0,1,1,1
20130629104749.daq,31,5,1098.9,1,0,right,-0.543918291319301,289.71826171875,12,-0.000232770188224398,82.6155700683594,2036.46698841742,4.30660963058472,0,0.0138501841574907,5.62879959124321,-28993.2802617276,-20874.4083578753,-28995.5984539141,-20875.2392245371,-28997.9166461007,-20876.0700911988,0,0,1,0
20130629104749.daq,31,5,1099,1,0,right,-0.50469418707695,289.503631591797,12,-0.000233500993923144,82.4548110961914,2048.57217376436,3.29587483406067,0,0.0233418457210064,5.40970754731377,-28989.113249501,-20885.7810609259,-28991.4345378438,-20886.6032378249,-28993.7558261865,-20887.4254147239,0,0,1,0
20130629104749.daq,31,5,1099.1,1,0,right,-0.516164599829779,289.335723876953,12,-0.000234275543435266,82.2944717407227,2060.65380746441,1.97752487659454,0,0.0328335054218769,5.19600090396228,-28984.9947090018,-20897.1438724221,-28987.3183967977,-20897.9592431664,-28989.6420845936,-20898.7746139106,0,0,1,0
20130629104749.daq,31,5,1099.2,1,0,right,-0.576713011823244,289.219970703125,12,-0.000235094396460294,82.1349945068359,2072.71198425793,0.527339994907379,0,0.0613087266683578,4.98420900683827,-28980.9223960593,-20908.4946231604,-28983.2477263843,-20909.3052977579,-28985.5730567094,-20910.1159723553,0,0,1,0
20130629104749.daq,31,5,1099.3,1,0,right,-0.672131038743601,289.151718139648,12,-0.000235960315237608,81.9766235351563,2084.74685129083,0.57128494977951,0,4.38953351974487,4.77315318895973,-28976.8926247241,-20919.8354845477,-28979.2189191005,-20920.6433885628,-28981.5452134769,-20921.4512925779,0,0,1,0
20130629104749.daq,31,5,1099.4,1,0,right,-0.763396608615494,289.075042724609,12,-0.000236876033274324,81.8096313476563,2096.75819101466,2.72458982467651,0,10.6255922317505,4.56018471450369,-28972.9003904888,-20931.1649889195,-28975.2277639501,-20931.9697790755,-28977.5551374114,-20932.7745692316,0,0,1,0
20130629104749.daq,31,5,1099.5,1,0,right,-0.820374221515749,288.962509155273,12,-0.000237842930807357,81.6030883789063,2108.74241299432,4.26266479492188,0,12.6852960586548,4.34194604739331,-28968.9451255184,-20942.4784642874,-28971.2740751629,-20943.2786817433,-28973.6030248074,-20944.0788991993,0,0,1,0
20130629104749.daq,31,5,1099.6,1,0,right,-0.833197284079176,288.801635742188,12,-0.000238860172278246,81.3282623291016,2120.69167821251,5.2294545173645,0,12.6378374099731,4.11751754621434,-28965.0274701118,-20953.7705797307,-28967.3586574003,-20954.5642548843,-28969.6898446887,-20955.3579300379,0,0,1,0
20130629104749.daq,31,5,1099.7,1,0,right,-0.794566380382946,288.585098266602,12,-0.000239924451718255,80.9749908447266,2132.59485132223,6.37202453613281,0,13.6819276809692,3.88797897324885,-28961.1536727548,-20965.0318639343,-28963.487842918,-20965.8167232036,-28965.8220130812,-20966.6015824729,0,0,1,0
20130629104749.daq,31,5,1099.8,1,0,right,-0.693087817288188,288.310043334961,12,-0.000241030040270879,80.5491714477539,2144.44078233647,7.3388147354126,0,12.6188545227051,3.65400926860683,-28957.3278120703,-20976.2526411521,-28959.6657231291,-20977.0262859702,-28962.0036341879,-20977.7999307883,0,0,1,0
20130629104749.daq,31,5,1099.9,1,0,right,-0.525959074418324,287.984252929688,12,-0.00024216911835726,80.067512512207,2156.21987245477,7.47064971923828,0,10.9578037261963,3.42913184152436,-28953.5612442735,-20987.4227722137,-28955.9035165478,-20988.183110965,-28958.245788822,-20988.9434497164,0,0,1,0
20130629104749.daq,31,5,1100,1,0,right,-0.327521029330967,287.622894287109,12,-0.000243332552420955,79.5669479370117,2167.92638457135,6.89936447143555,0,12.1063013076782,3.21736865631254,-28949.8610377547,-20998.5396203178,-28952.2080587921,-20999.2851715726,-28954.5550798294,-21000.0307228274,0,0,1,0
20130629104749.daq,31,5,1100.1,1,0,right,-0.134477806329812,287.262649536133,12,-0.000244510982565379,79.0627212524414,2179.55932988053,5.58101463317871,0,11.1381454467773,3.02512056307043,-28946.2331352928,-21009.601617091,-28948.5847975296,-21010.3323969126,-28950.9364597664,-21011.0631767342,0,0,1,0
20130629104749.daq,31,5,1100.2,1,0,right,0.0442294449328529,286.915237426758,12,-0.000245695987767148,78.5669097900391,2191.11858893112,4.96578454971313,0,8.64182376861572,2.85706179596993,-28942.6827856233,-21020.6102298812,-28945.0388356752,-21021.3267370873,-28947.3948857271,-21022.0432442933,0,0,1,0
20130629104749.daq,31,5,1100.3,1,0,right,0.184965010471785,286.601608276367,12,-0.000246880947268916,78.1093826293945,2202.60755232702,3.86715984344482,0,6.18346786499023,2.71851563520019,-28939.2127910092,-21031.5704663703,-28941.5727278053,-21032.2740662151,-28943.9326646015,-21032.9776660599,0,0,1,0
20130629104749.daq,31,5,1100.4,1,0,right,0.285793866038944,286.334976196289,12,-0.00024806147405638,77.7215423583984,2214.03422208362,2.68064475059509,0,4.66479301452637,2.60478713966345,-28935.8204826223,-21042.4857199839,-28938.1836681308,-21043.1783300298,-28940.5468536394,-21043.8709400757,0,0,1,0
20130629104749.daq,31,8,1161.11666666667,-1,0,left,-15.0794273960539,215.946578979492,12,-0.0115003595009661,15.3071060180664,0,203.86083984375,0.300475716590881,-0.109542116522789,-4.12962873056079,-29043.9455697401,-25404.5018888552,-29045.3911862367,-25402.5082621679,-29046.8368027333,-25400.5146354806,1,0,0,0
20130629104749.daq,31,8,1161.21666666667,-1,0,left,-14.9149700557356,213.42041015625,12,-0.0113866779123243,15.6273994445801,2.26864962240506,206.189926147461,0.300148725509644,-0.0715752318501472,-4.49465426265694,-29046.026859932,-25405.6705952656,-29047.3832011189,-25403.6151894643,-29048.7395423058,-25401.5597836629,1,0,0,0
20130629104749.daq,31,8,1161.31666666667,-1,0,left,-14.827967577189,210.819686889648,12,-0.0112383032603057,15.9388370513916,4.5836082023452,208.299285888672,0.300544500350952,-0.0810671299695969,-4.89581472919519,-29048.2016008967,-25406.7677118915,-29049.4632797798,-25404.652878371,-29050.7249586629,-25402.5380448505,1,0,0,0
20130629104749.daq,31,8,1161.41666666667,-1,0,left,-14.5628978683953,208.140594482422,12,-0.0110571550115163,16.242654800415,6.94367789464013,210.716262817383,0.279736697673798,-0.0620835721492767,-5.3025887842935,-29050.471253437,-25407.784928689,-29051.6327018675,-25405.6134333593,-29052.794150298,-25403.4419380296,1,0,0,0
20130629104749.daq,31,8,1161.51666666667,-1,0,left,-14.3037646110604,205.369338989258,12,-0.0108455536458789,16.5369892120361,9.34737686614972,215.022872924805,0.246391877532005,-0.0525919124484062,-5.70852652552285,-29052.8298680982,-25408.7076243577,-29053.8849693118,-25406.4825140566,-29054.9400705255,-25404.2574037554,0,1,0,1
20130629104749.daq,31,8,1161.61666666667,-1,0,left,-14.2978179547367,202.476547241211,12,-0.0106061546883792,16.8110980987549,11.7932357557293,221.219116210938,0.225697994232178,-0.0241166949272156,-6.11062743989365,-29055.2778939404,-25409.5281601536,-29056.21935536,-25407.2526371765,-29057.1608167796,-25404.9771141995,0,1,0,1
20130629104749.daq,31,8,1161.71666666667,-1,0,left,-14.0804675153682,199.462226867676,12,-0.010341870570883,17.052360534668,14.2770076364395,227.45930480957,0.219840586185455,-0.0146250324323773,-6.49750032915998,-29057.8063113791,-25410.232334261,-29058.6268105874,-25407.9104523793,-29059.4473097958,-25405.5885704976,0,1,0,1
20130629104749.daq,31,8,1161.81666666667,-1,0,left,-13.1816474779692,196.329650878906,12,-0.0100558010633523,17.2543201446533,16.7933081843512,232.600875854492,0.220592558383942,-0.0620835721492767,-6.89814386767176,-29060.4058600315,-25410.8081446596,-29061.0982504297,-25408.4448947871,-29061.7906408279,-25406.0816449146,0,1,0,1
20130629104749.daq,31,8,1161.91666666667,-1,0,left,-12.09001205604,193.13468170166,12,-0.00975120243006151,17.4224262237549,19.336600381328,232.908493041992,0.219327345490456,-0.0525919124484062,-7.24364691426362,-29063.0652165738,-25411.2426764231,-29063.6248177793,-25408.8445102666,-29064.1844189847,-25406.4463441101,0,1,0,1
20130629104749.daq,31,8,1162.01666666667,-1,0,left,-9.93717193603516,189.937171936035,12,-0.00943148333898525,17.567699432373,21.902759618999,227.54719543457,0.217933520674706,-0.0241166949272156,-7.52972201034438,-29065.7676730484,-25411.5296740138,-29066.1926378853,-25409.1040278502,-29066.6176027222,-25406.6783816867,0,1,0,1
20130629104749.daq,31,8,1162.11666666667,1,0,left,-6.92167663574219,186.921676635742,12,-0.00910020503119471,17.7045021057129,24.4893851248926,205.970199584961,0.217757388949394,0.0233418457210064,-7.67660661827686,-29068.4952631731,-25411.6765530395,-29068.7920359708,-25409.2319098487,-29069.0888087684,-25406.787266658,0,1,0,1
20130629104749.daq,31,8,1162.21666666667,1,0,left,-4.34210968017578,184.342109680176,12,-0.00876091944833944,17.8469886779785,27.0964044683351,170.989990234375,0.2175652384758,0.00435852259397507,-7.70585912414218,-29071.2302606132,-25411.7058026014,-29071.4167072939,-25409.2502798345,-29071.6031539746,-25406.7947570677,0,1,1,1
20130629104749.daq,31,8,1162.31666666667,1,0,left,-2.36180877685547,182.361808776855,12,-0.00841674943202771,17.9935054779053,29.7247285693011,131.307647705078,0.218382582068443,-0.0620835721492767,-7.64903195141434,-29073.9578890775,-25411.6489974339,-29074.0593716315,-25409.1884983556,-29074.1608541854,-25406.7279992772,0,1,1,1
20130629104749.daq,31,8,1162.41666666667,1,0,left,-0.951728820800781,180.951728820801,12,-0.00807071395049276,18.1341247558594,32.3742004675005,93.5588989257813,0.219772830605507,-0.0431002490222454,-7.54533440654686,-29076.6786527395,-25411.5453283255,-29076.7195564686,-25409.0830770571,-29076.7604601978,-25406.6208257888,0,1,1,1
20130629104749.daq,31,8,1162.51666666667,1,0,left,-0.03643798828125,180.036437988281,12,-0.00772566784140818,18.26584815979,35.0436407575762,59.7212524414063,0.223184183239937,-0.0146250324323773,-7.4362398991297,-29079.3930476355,-25411.4362329191,-29079.3946137519,-25408.9736424191,-29079.3961798682,-25406.5110519191,0,1,1,1
20130629104749.daq,31,8,1162.61666666667,1,0,left,0.493309020996094,179.506690979004,12,-0.00738409998594361,18.3901233673096,37.731821848065,36.6061820983887,0.238881334662437,-0.00513337086886168,-7.34490807371795,-29082.109065569,-25411.3448534231,-29082.0878632508,-25408.8823537002,-29082.0666609327,-25406.4198539773,0,1,1,1
20130629104749.daq,31,8,1162.71666666667,1,0,left,0.804206848144531,179.195793151855,12,-0.00704804848565785,18.5124168395996,40.4379883339861,24.9168128967285,0.248019337654114,-0.0715752318501472,-7.27676810586727,-29084.8332877071,-25411.27672897,-29084.7987237735,-25408.8143805467,-29084.7641598399,-25406.3520321233,0,1,1,1
20130629104749.daq,31,8,1162.81666666667,1,0,left,1.03491973876953,178.96508026123,12,-0.00671905578520759,18.6408233642578,43.1624522709462,20.3904781341553,0.24980403482914,-0.0525919124484062,-7.22142825911427,-29087.5731051513,-25411.2213679208,-29087.5286263874,-25408.7591786383,-29087.4841476235,-25406.2969893557,0,1,1,1
20130629104749.daq,31,8,1162.91666666667,1,0,left,1.26788330078125,178.732116699219,12,-0.00639823121263493,18.7803173065186,45.9065314915497,19.6873588562012,0.254726231098175,-0.0146250324323773,-7.15999442274019,-29090.3285420305,-25411.1599854348,-29090.2740524465,-25408.6979973543,-29090.2195628625,-25406.2360092737,0,1,1,1
20130629104749.daq,31,8,1163.01666666667,1,0,left,1.52712249755859,178.472877502441,12,-0.00608639685419181,18.9318618774414,48.6719589933637,19.6873588562012,0.25990891456604,-0.0336083546280861,-7.08333326010881,-29093.1060071041,-25411.0832689595,-29093.0403786599,-25408.6215526211,-29092.9747502157,-25406.1598362827,0,1,1,1
20130629104749.daq,31,8,1163.11666666667,1,0,left,1.79537963867188,178.204620361328,12,-0.00578423333728331,19.0950450897217,51.4604643937055,18.5887336730957,0.261494308710098,-0.0620835721492767,-6.98453900860962,-29095.9031343854,-25410.9844773204,-29095.8259810198,-25408.5230952327,-29095.7488276541,-25406.061713145,0,1,1,1
20130629104749.daq,31,8,1163.21666666667,1,0,left,2.03130340576172,177.968696594238,12,-0.00549228819280811,19.2690086364746,54.2737184702419,14.5897397994995,0.262221127748489,-0.0905587896704674,-6.86424595323311,-29098.7248507411,-25410.8642448229,-29098.6375629568,-25408.4032012909,-29098.5502751724,-25405.942157759,0,1,1,1
20130629104749.daq,31,8,1163.31666666667,1,0,left,2.19163513183594,177.808364868164,12,-0.00521080449670722,19.4513778686523,57.113137409222,8.74505424499512,0.263029396533966,-0.0525919124484062,-6.73312681922784,-29101.5702216023,-25410.7331053367,-29101.47604739,-25408.272315699,-29101.3818731776,-25405.8115260613,0,1,1,1
20130629104749.daq,31,8,1163.41666666667,1,0,left,2.25759887695313,177.742401123047,12,-0.00494000223447167,19.6392459869385,59.9797406483995,3.12009477615356,0.263365745544434,-0.0431002490222454,-6.60201807173153,-29104.4408244738,-25410.602016294,-29104.3438172554,-25408.1413367084,-29104.246810037,-25405.6806571228,0,1,1,1
20130629104749.daq,31,8,1163.51666666667,1,0,left,2.24751281738281,177.752487182617,12,-0.00468009563850431,19.830078125,62.8741405265173,-0.74706494808197,0.26328507065773,-0.0431002490222454,-6.47772309266706,-29107.3351324502,-25410.4776487975,-29107.2385583989,-25408.0169521734,-29107.1419843477,-25405.5562555492,0,1,1,1
20130629104749.daq,31,8,1163.61666666667,1,0,left,2.19082641601563,177.809173583984,12,-0.00443122055406498,20.0222473144531,65.7966392848175,-2.59275484085083,0.262732088565826,-0.0431002490222454,-6.36213812572547,-29110.2557505206,-25410.3620622826,-29110.1616110417,-25407.9012713159,-29110.0674715628,-25405.4404803492,0,1,1,1
20130629104749.daq,31,8,1163.71666666667,1,0,left,2.12441253662109,177.875587463379,12,-0.00419339684799995,20.2145614624023,68.7473523415247,-2.76853489875793,0.262765288352966,-0.0525919124484062,-6.25489779636781,-29113.2034921776,-25410.2548965744,-29113.1122051646,-25407.7939981399,-29113.0209181517,-25405.3330997055,0,1,1,1
20130629104749.daq,31,8,1163.81666666667,1,0,left,2.05619049072266,177.943809509277,12,-0.00396653242076658,20.4058895111084,71.7262079186476,-3.20798492431641,0.26206186413765,-0.0241166949272156,-6.15371268605397,-29116.1785323469,-25410.1537017803,-29116.0901755881,-25407.692696395,-29116.0018188293,-25405.2316910096,0,1,1,1
20130629104749.daq,31,8,1163.91666666667,1,0,left,1.97860717773438,178.021392822266,12,-0.00375044361272988,20.5956630706787,74.7330168618937,-4.4384446144104,0.263689488172531,-0.0146250324323773,-6.05309920999091,-29119.1826543178,-25410.0530912415,-29119.0976300476,-25407.5919684699,-29119.0126057774,-25405.1308456983,0,1,1,1
20130629104749.daq,31,8,1164.01666666667,1,0,left,1.87920379638672,178.120796203613,12,-0.00354489191648404,20.7832832336426,77.7675067928067,-5.80073976516724,0.263936579227448,-0.0620835721492767,-5.95579812537359,-29122.2136217881,-25409.9557967388,-29122.1328674857,-25407.4945301612,-29122.0521131833,-25405.0332635835,0,1,1,1
20130629104749.daq,31,8,1164.11666666667,1,0,left,1.77178192138672,178.228218078613,12,-0.00334962001594253,20.9688415527344,80.8293548388756,-5.80073976516724,0.263256967067719,-0.0431002490222454,-5.86096004856357,-29125.2717405363,-25409.8609528237,-29125.1956009167,-25407.3995391685,-29125.1194612971,-25404.9381255134,0,1,1,1
20130629104749.daq,31,8,1164.21666666667,1,0,left,1.66867828369141,178.331321716309,12,-0.0031643530574704,21.1526012420654,83.9182895074919,-5.40523481369019,0.261958301067352,-0.0431002490222454,-5.7697582429565,-29128.3553356743,-25409.7697407867,-29128.2836254844,-25407.3081941038,-29128.2119152945,-25404.8466474209,0,1,1,1
20130629104749.daq,31,8,1164.31666666667,1,0,left,1.57122039794922,178.428779602051,12,-0.00298875902642471,21.3345623016357,87.0340440150903,-5.18550968170166,0.262444257736206,-0.0431002490222454,-5.68599036626148,-29131.4683452925,-25409.685984493,-29131.4008221992,-25407.2243193948,-29131.333299106,-25404.7626542967,0,0,1,0
20130629104749.daq,31,8,1164.41666666667,1,0,left,1.47594451904297,178.524055480957,12,-0.00282242356911939,21.5145606994629,90.1763450040453,-4.83394956588745,0.263743937015533,-0.0431002490222454,-5.60799593275586,-29134.6067853401,-25409.6079476143,-29134.5433557864,-25407.146173637,-29134.4799262328,-25404.6843996597,0,0,1,0
20130629104749.daq,31,8,1164.51666666667,1,0,left,1.38577270507813,178.614227294922,12,-0.0026648994004036,21.6925830841064,93.3448976463842,-4.52633476257324,0.257736891508102,-0.0525919124484062,-5.53353132327569,-29137.7726770819,-25409.5334950158,-29137.7131219329,-25407.0716242622,-29137.6535667839,-25404.6097535085,0,0,1,0
20130629104749.daq,31,8,1164.61666666667,1,0,left,1.28403472900391,178.715965270996,12,-0.00251572480196911,21.8689136505127,96.5394388185086,-5.88862991333008,0.238586202263832,-0.0525919124484062,-5.46370369880928,-29140.9636824086,-25409.463666309,-29140.9084988032,-25407.0016936867,-29140.8533151978,-25404.5397210644,0,0,1,0
20130629104749.daq,31,8,1164.71666666667,1,0,left,1.16537475585938,178.834625244141,12,-0.00237443943720738,22.0401287078857,99.7595493456611,-6.63569450378418,0.221778109669685,-0.0336083546280861,-5.39885940916302,-29144.1796725893,-25409.3987936116,-29144.1295878617,-25406.9367119835,-29144.079503134,-25404.4746303554,0,0,1,0
20130629104749.daq,31,8,1164.81666666667,1,0,left,1.04840087890625,178.951599121094,12,-0.00224059928145793,22.1973114013672,103.003854956769,-5.53706979751587,0.222235336899757,-0.0241166949272156,-5.33972975928504,-29147.4210776303,-25409.3396696299,-29147.3760195384,-25406.8774908809,-29147.3309614466,-25404.415312132,0,0,1,0
20130629104749.daq,31,8,1164.91666666667,1,0,left,0.954277038574219,179.045722961426,12,-0.00211378285479263,22.335298538208,106.269806637734,-3.99899482727051,0.222004890441895,-0.0336083546280861,-5.2849828105077,-29150.6844906327,-25409.2849784179,-29150.6434773954,-25406.8227289711,-29150.6024641582,-25404.3604795244,0,0,1,0
20130629104749.daq,31,8,1165.01666666667,1,0,left,0.882034301757813,179.117965698242,12,-0.00199359016037612,22.4577674865723,109.554787746136,-3.25192975997925,0.221548676490784,-0.00513337086886168,-5.23673689739045,-29153.967942588,-25409.2367359621,-29153.9300339678,-25406.7744367602,-29153.8921253477,-25404.3121375582,0,0,1,0
20130629104749.daq,31,8,1165.11666666667,1,0,left,0.817390441894531,179.182609558105,12,-0.00187963922967965,22.5699043273926,112.856933011601,-3.0322048664093,0.221529066562653,-0.0336083546280861,-5.19192616448885,-29157.2671940097,-25409.1919254478,-29157.2320634977,-25406.7295850427,-29157.1969329858,-25404.2672446376,0,0,1,0
20130629104749.daq,31,8,1165.21666666667,1,0,left,0.755027770996094,179.244972229004,12,-0.0017715619693739,22.6744594573975,116.174934672352,-2.72458982467651,0.221191838383675,0.00435852259397507,-5.14899138328288,-29160.584073247,-25409.1489246446,-29160.5516228502,-25406.6865474608,-29160.5191724534,-25404.2241702771,0,0,1,0
20130629104749.daq,31,8,1165.31666666667,1,0,left,0.702468872070313,179.29753112793,12,-0.0016689988473316,22.7870769500732,119.508454236842,-1.62596487998962,0.221086964011192,-0.0431002490222454,-5.10726687860496,-29163.9148537715,-25409.1072666677,-29163.8846621903,-25406.6448607524,-29163.854470609,-25404.182454837,0,0,1,0
20130629104749.daq,31,8,1165.41666666667,1,0,left,0.672187805175781,179.327812194824,12,-0.00157159601477643,22.9112548828125,122.859672458013,-0.74706494808197,0.221761241555214,-0.0431002490222454,-5.06617886680903,-29167.2656943245,-25409.0661778451,-29167.2368041395,-25406.6037563173,-29167.2079139546,-25404.1413347894,0,0,1,0
20130629104749.daq,31,8,1165.51666666667,1,0,left,0.640739440917969,179.359260559082,12,-0.00147900681785184,23.034200668335,126.229031496288,-1.58201992511749,0.221292898058891,-0.0525919124484062,-5.0290765938832,-29170.6340841207,-25409.0290673371,-29170.6065455078,-25406.5666303231,-29170.5790068949,-25404.104193309,0,0,1,0
20130629104749.daq,31,8,1165.61666666667,1,0,left,0.593971252441406,179.406028747559,12,-0.00139089904357651,23.1552753448486,129.616292659193,-2.37302994728088,0.220750018954277,-0.0620835721492767,-4.9910041531662,-29174.0196843003,-25408.990953839,-29173.9941556825,-25406.5284951666,-29173.9686270646,-25404.0660364942,0,0,1,0
20130629104749.daq,31,8,1165.71666666667,1,0,left,0.534873962402344,179.465126037598,12,-0.00130696290385884,23.2735900878906,133.021129017914,-2.8564248085022,0.221255481243134,-0.0525919124484062,-4.95757313760632,-29177.4225643385,-25408.9575103465,-29177.3995756178,-25406.4950266527,-29177.376586897,-25404.0325429589,0,0,1,0
20130629104749.daq,31,8,1165.81666666667,1,0,left,0.464881896972656,179.535118103027,12,-0.00122691699252411,23.3837108612061,136.442833446781,-3.33981990814209,0.22096474468708,-0.0715752318501472,-4.92872368870756,-29180.8427564133,-25408.928647028,-29180.8227758593,-25406.4661370888,-29180.8027953054,-25404.0036271495,0,0,1,0
20130629104749.daq,31,8,1165.91666666667,1,0,left,0.390762329101563,179.609237670898,12,-0.00115050978218593,23.484375,139.879898865693,-3.47165489196777,0.220804765820503,-0.0336083546280861,-4.90201857987242,-29184.2784684661,-25408.9019905124,-29184.2616735059,-25406.4394567862,-29184.2448785458,-25403.97692306,0,0,1,0
20130629104749.daq,31,8,1166.01666666667,1,0,left,0.3201904296875,179.679809570313,12,-0.00107751667414507,23.5810546875,143.331403584467,-2.81247973442078,0.222428187727928,-0.0525919124484062,-4.88294822539551,-29187.7279324513,-25408.8829244807,-29187.7141706355,-25406.4203719359,-29187.7004088196,-25403.9578193911,0,0,1,0
20130629104749.daq,31,8,1166.11666666667,1,0,left,0.269294738769531,179.73070526123,12,-0.00100773400224168,23.6759777069092,146.796938942178,-1.31834995746613,0.221607565879822,-0.0525919124484062,-4.86654467120416,-29191.1915411485,-25408.866544579,-29191.1799668168,-25406.4039807812,-29191.1683924851,-25403.9414169834,0,0,1,0
20130629104749.daq,31,8,1166.21666666667,1,0,left,0.246986389160156,179.75301361084,12,-0.00094096824255241,23.7703189849854,150.276347442283,0.26366999745369,0.221251845359802,-0.0241166949272156,-4.85230129799194,-29194.6695145489,-25408.8523005165,-29194.6588990275,-25406.3897323989,-29194.6482835061,-25403.9271642812,0,0,1,0
20130629104749.daq,31,8,1166.31666666667,1,0,left,0.245758056640625,179.754241943359,12,-0.000877022388924748,23.8643665313721,153.769567004696,1.05467998981476,0.221003413200378,-0.0810671299695969,-4.83676541034493,-29198.1636253026,-25408.836751547,-29198.1530625748,-25406.3741832023,-29198.142499847,-25403.9116148576,0,0,1,0
20130629104749.daq,31,8,1166.41666666667,1,0,left,0.253318786621094,179.746681213379,12,-0.000815712187125249,23.9584045410156,157.276584271589,1.09862494468689,0.220143750309944,-0.0525919124484062,-4.82071028779993,-29201.6716216432,-25408.8206585482,-29201.6607339559,-25406.3580916188,-29201.6498462686,-25403.8955246894,0,0,1,0
20130629104749.daq,31,8,1166.51666666667,1,0,left,0.254936218261719,179.745063781738,12,-0.000756870106022673,24.0519943237305,160.797361290897,0.483394980430603,0.219270214438438,-0.0620835721492767,-4.80301956280886,-29205.1931453383,-25408.8029803033,-29205.182188134,-25406.3404136822,-29205.1712309296,-25403.8778470612,0,0,1,0
20130629104749.daq,31,8,1166.61666666667,1,0,left,0.2403564453125,179.759643554688,12,-0.000700346768630121,24.1449508666992,164.331821389089,-0.703119933605194,0.220353841781616,-0.0146250324323773,-4.7843673651945,-29208.7279470485,-25408.7843515094,-29208.7176164816,-25406.3217821799,-29208.7072859147,-25403.8592128503,0,0,1,0
20130629104749.daq,31,8,1166.71666666667,1,0,left,0.205863952636719,179.794136047363,12,-0.000646027070364135,24.2370738983154,167.879853484119,-1.66990995407104,0.220151677727699,-0.0431002490222454,-4.7669904446725,-29212.275935497,-25408.76695491,-29212.2670874173,-25406.3043798076,-29212.2582393376,-25403.8418047052,0,0,1,0
20130629104749.daq,31,8,1166.81666666667,1,0,left,0.160194396972656,179.839805603027,12,-0.000593812514398166,24.3289890289307,171.441376403207,-1.80174493789673,0.220625981688499,-0.0431002490222454,-4.75422766567923,-29215.8353686271,-25408.7541555015,-29215.8284834295,-25406.2915741288,-29215.8215982318,-25403.828992756,0,0,1,0
20130629104749.daq,31,8,1166.91666666667,1,0,left,0.120735168457031,179.879264831543,12,-0.000543606370529088,24.4206275939941,175.016359094705,-0.791009962558746,0.220013082027435,-0.0525919124484062,-4.74292708346121,-29219.4086232702,-25408.7429242673,-29219.4034340378,-25406.2803387368,-29219.3982448053,-25403.8177532062,0,0,1,0
20130629104749.daq,31,8,1167.01666666667,1,0,left,0.101844787597656,179.898155212402,12,-0.000495306586084272,24.5119705200195,178.60476178817,0.527339994907379,0.220035716891289,-0.109542116522789,-4.73628942228129,-29222.9980048769,-25408.7362799442,-29222.9936275575,-25406.2736928366,-29222.9892502381,-25403.811105729,0,0,1,0
20130629104749.daq,31,8,1167.11666666667,1,0,left,0.105697631835938,179.894302368164,12,-0.000448796762657767,24.602897644043,182.206531308737,1.53807497024536,0.220125511288643,-0.0336083546280861,-4.73019713871834,-29226.599661666,-25408.7301823225,-29226.5951187504,-25406.2675955149,-29226.5905758348,-25403.8050087072,0,0,1,0
20130629104749.daq,31,8,1167.21666666667,1,0,left,0.122978210449219,179.877021789551,12,-0.00040394281057871,24.6937198638916,185.821625344935,1.84568989276886,0.220059633255005,-0.0336083546280861,-4.72130117717497,-29230.2153187445,-25408.721301173,-29230.2100331056,-25406.2587158475,-29230.2047474667,-25403.796130522,0,0,1,0
20130629104749.daq,31,8,1167.31666666667,1,0,left,0.142921447753906,179.857078552246,12,-0.000360592327871217,24.784294128418,189.45002326557,1.66990995407104,0.219751104712486,-0.0810671299695969,-4.71036940526943,-29233.8447124292,-25408.7103020785,-29233.8385696258,-25406.2477187419,-29233.8324268225,-25403.7851354054,0,0,1,0
20130629104749.daq,31,8,1167.41666666667,1,0,left,0.158279418945313,179.841720581055,12,-0.000318598971579369,24.8748226165771,193.091699520592,1.40623998641968,0.219079077243805,-0.0431002490222454,-4.69763376045158,-29237.4876656273,-25408.6976333375,-29237.4808627357,-25406.235051736,-29237.4740598441,-25403.7724701345,0,0,1,0
20130629104749.daq,31,8,1167.51666666667,1,0,left,0.169952392578125,179.830047607422,12,-0.000277866617504129,24.9650402069092,196.746636369513,1.23045992851257,0.220649123191833,-0.0431002490222454,-4.68324552932887,-29241.1442005348,-25408.6832393455,-29241.1368959372,-25406.220659181,-29241.1295913395,-25403.7580790166,0,0,1,0
20130629104749.daq,31,8,1167.61666666667,1,0,left,0.179267883300781,179.820732116699,12,-0.000238431037771149,25.055196762085,200.414792899566,1.18651497364044,0.220776811242104,-0.0905587896704674,-4.6670413238155,-29244.8123965467,-25408.6670380262,-29244.8046915681,-25406.2044590819,-29244.7969865895,-25403.7418801376,0,0,1,0
20130629104749.daq,31,8,1167.71666666667,1,0,left,0.184791564941406,179.815208435059,12,-0.000200659347770308,25.1451988220215,204.096165963652,0.834954977035522,0.220954760909081,-0.0810671299695969,-4.6530400099888,-29248.4961250089,-25408.6530244014,-29248.4881826219,-25406.1904462114,-29248.4802402348,-25403.7278680213,0,0,1,0
20130629104749.daq,31,8,1167.81666666667,1,0,left,0.180976867675781,179.819023132324,12,-0.000165353855886308,25.2349872589111,207.790723181257,0.351559996604919,0.220362856984138,-0.0336083546280861,-4.63768291258532,-29252.1913444791,-25408.6376354178,-29252.1835660482,-25406.1750567045,-29252.1757876173,-25403.7124779911,0,0,1,0
20130629104749.daq,31,8,1167.91666666667,1,0,left,0.172996520996094,179.827003479004,12,-0.000133774973160232,25.324390411377,211.498423662983,0.307614982128143,0.219294801354408,-0.0336083546280861,-4.62449936124379,-29255.8981810601,-25408.6244572692,-29255.8907456254,-25406.1618774963,-29255.8833101907,-25403.6992977234,0,0,1,0
20130629104749.daq,31,8,1168.01666666667,1,0,left,0.164924621582031,179.835075378418,12,-0.00010749722365687,25.4136295318604,215.219220691404,0.527339994907379,0.221052601933479,-0.0525919124484062,-4.61130034143372,-29259.6186872128,-25408.6112847571,-29259.6115987094,-25406.1487039611,-29259.604510206,-25403.6861231652,0,0,1,0
20130629104749.daq,31,8,1168.11666666667,1,0,left,0.164108276367188,179.835891723633,12,0.0001,25.5024604797363,218.953080184263,0.966789960861206,0.220722481608391,-0.0905587896704674,-4.59769901567432,-29263.3530422882,-25408.5976633832,-29263.3459888715,-25406.1350824865,-29263.3389354547,-25403.6725015898,0,0,1,0
20130629104749.daq,31,8,1168.21666666667,1,0,left,0.169242858886719,179.830757141113,12,0.0001,25.5910797119141,222.699949013258,1.09862494468689,0.220245644450188,-0.0620835721492767,-4.58569032086791,-29267.1012144711,-25408.5856269905,-29267.0939403693,-25406.1230467358,-29267.0866662675,-25403.6604664811,0,0,1,0
20130629104749.daq,31,8,1168.31666666667,1,0,left,0.176864624023438,179.823135375977,12,0.0001,25.6795215606689,226.459803213569,1.09862494468689,0.220644116401672,-0.0525919124484062,-4.57148993971659,-29270.8611660505,-25408.5714835866,-29270.8535643642,-25406.1089043213,-29270.845962678,-25403.646325056,0,0,1,0
20130629104749.daq,31,8,1168.41666666667,1,0,left,0.183921813964844,179.816078186035,12,0.0001,25.76806640625,230.232633064064,1.23045992851257,0.220817163586617,-0.0431002490222454,-4.5573842323622,-29274.6347756745,-25408.5573750887,-29274.6268706694,-25406.0947967784,-29274.6189656644,-25403.6322184681,0,0,1,0
20130629104749.daq,31,8,1168.51666666667,1,0,left,0.198379516601563,179.801620483398,12,0.0001,25.8564720153809,234.018443157242,1.84568989276886,0.221722185611725,-0.0715752318501472,-4.54087144760202,-29278.4222375032,-25408.5408555355,-29278.4137111049,-25406.0782792983,-29278.4051847066,-25403.6157030611,0,0,1,0
20130629104749.daq,31,8,1168.61666666667,1,0,left,0.229682922363281,179.770317077637,12,0.0001,25.9446239471436,237.817201462283,2.98825979232788,0.222240805625916,-0.0525919124484062,-4.52329422285496,-29282.2218279773,-25408.52329337,-29282.211956158,-25406.0607221587,-29282.2020843387,-25403.5981509474,0,0,1,0
20130629104749.daq,31,8,1168.71666666667,1,0,left,0.276649475097656,179.723350524902,12,0.0001,26.0325145721436,241.628868301996,3.29587483406067,0.221306934952736,-0.0525919124484062,-4.50285478375286,-29286.0354697942,-25408.5028080079,-29286.0235793571,-25406.0402457161,-29286.01168892,-25403.5776834243,0,0,1,0
20130629104749.daq,31,8,1168.81666666667,1,0,left,0.315742492675781,179.684257507324,12,0.0001,26.1205425262451,245.453435820207,2.10935997962952,0.222259327769279,-0.0525919124484062,-4.48085877782678,-29289.8625902527,-25408.4808561808,-29289.8490196077,-25406.0183025751,-29289.8354489627,-25403.5557489694,0,0,1,0
20130629104749.daq,31,8,1168.91666666667,1,0,left,0.330825805664063,179.669174194336,12,0.0001,26.2084045410156,249.290901382628,0.791009962558746,0.219923332333565,-0.0431002490222454,-4.45457209621996,-29293.7008464295,-25408.4545314483,-29293.6866275091,-25405.9919815004,-29293.6724085888,-25403.5294315525,0,0,1,0
20130629104749.daq,31,8,1169.01666666667,1,0,left,0.328323364257813,179.671676635742,12,0.0001,26.2960529327393,253.141241933641,0.439449995756149,0.219698131084442,-0.0241166949272156,-4.42738777413091,-29297.5523482986,-25408.4273426808,-29297.5382369322,-25405.9647921143,-29297.5241255658,-25403.5022415477,0,0,1,0
20130629104749.daq,31,8,1169.11666666667,1,0,left,0.32177734375,179.67822265625,12,0.0001,26.3832511901855,257.004403762126,0.439449995756149,0.219389855861664,0.0138501841574907,-4.40236729037449,-29301.4154709149,-25408.4023574549,-29301.4016408941,-25405.9398052922,-29301.3878108732,-25403.4772531295,0,0,1,0
20130629104749.daq,31,8,1169.21666666667,1,0,left,0.313323974609375,179.686676025391,12,0.0001,26.4706592559814,260.880369477338,0.26366999745369,0.220193102955818,-0.00513337086886168,-4.37751603854078,-29305.2922191159,-25408.3774903254,-29305.278752418,-25405.914936149,-29305.2652857201,-25403.4523819727,0,0,1,0
20130629104749.daq,31,8,1169.31666666667,1,0,left,0.300804138183594,179.699195861816,12,0.000101895110787958,26.5579242706299,264.769142459496,-0.0878899917006493,0.2195935100317,-0.00513337086886168,-4.35484247908331,-29309.1805873468,-25408.3548280912,-29309.1676587477,-25405.892271031,-29309.1547301487,-25403.4297139708,0,0,1,0
20130629104749.daq,31,8,1169.41666666667,1,0,left,0.285781860351563,179.714218139648,12,0.000114587348633011,26.645040512085,268.670706087069,0,0.218897759914398,-0.0241166949272156,-4.33238595484518,-29313.0825665373,-25408.3323207282,-29313.0702835922,-25405.8697603629,-29313.058000647,-25403.4071999976,0,0,1,0
20130629104749.daq,31,8,1169.51666666667,1,0,left,0.272003173828125,179.727996826172,12,0.000126100439724908,26.7318820953369,272.585021895109,0.307614982128143,0.219576299190521,0.00435852259397507,-4.3117595525089,-29316.9962944429,-25408.3116894064,-29316.984603703,-25405.8491261585,-29316.9729129632,-25403.3865629105,0,0,1,0
20130629104749.daq,31,8,1169.61666666667,1,0,left,0.267120361328125,179.732879638672,12,0.000136519223010543,26.8186492919922,276.512074987186,0.834954977035522,0.220777615904808,-0.0336083546280861,-4.29248158112765,-29320.9219570719,-25408.2924604372,-29320.9104761946,-25405.829896202,-29320.8989953173,-25403.3673319667,0,0,1,0
20130629104749.daq,31,8,1169.71666666667,1,0,left,0.269508361816406,179.730491638184,12,0.00014592211675635,26.9051704406738,280.451833145984,0.878899991512299,0.221303567290306,-0.0620835721492767,-4.27084943697995,-29324.8634213382,-25408.2708282293,-29324.851837825,-25405.8082644746,-29324.8402543118,-25403.34570072,0,0,1,0
20130629104749.daq,31,8,1169.81666666667,1,0,left,0.268608093261719,179.731391906738,12,0.000154382199980801,26.9915580749512,284.404271730658,0.439449995756149,0.219703555107117,-0.0336083546280861,-4.2494115806946,-29328.816524467,-25408.2493995871,-29328.8049796472,-25405.7868356508,-29328.7934348274,-25403.3242717144,0,0,1,0
20130629104749.daq,31,8,1169.91666666667,1,0,left,0.261787414550781,179.738212585449,12,0.000161971093886649,27.0779705047607,288.369374119677,0.219724997878075,0.220566019415855,-0.0810671299695969,-4.22839502891593,-29332.7812024862,-25408.228337448,-29332.7699508183,-25405.7657721548,-29332.7586991503,-25403.3032068616,0,0,1,0
20130629104749.daq,31,8,1170.01666666667,1,0,left,0.251930236816406,179.748069763184,12,0.000168764691075487,27.1641025543213,292.347140732629,0.219724997878075,0.222226068377495,-0.100050449371338,-4.20752278832671,-29336.757525385,-25408.2074632494,-29336.7466973774,-25405.7448960568,-29336.7358693698,-25403.2823288643,0,0,1,0
20130629104749.daq,31,8,1170.11666666667,1,0,left,0.242042541503906,179.757957458496,12,0.000174842395351645,27.2499694824219,296.337515014413,0.219724997878075,0.222127929329872,-0.0620835721492767,-4.18854998415303,-29340.7494724364,-25408.1885440233,-29340.7390694012,-25405.7259749989,-29340.728666366,-25403.2634059744,0,0,1,0
20130629104749.daq,31,8,1170.21666666667,1,0,left,0.234107971191406,179.765892028809,12,0.000180285214175756,27.3356494903564,300.340469946255,0.57128494977951,0.222906306385994,-0.0146250324323773,-4.16954304549098,-29344.7512325325,-25408.1695038737,-29344.7411705248,-25405.7069334322,-29344.731108517,-25403.2443629907,0,0,1,0
20130629104749.daq,31,8,1170.31666666667,1,0,left,0.238876342773438,179.761123657227,12,0.000185171330288478,27.4219017028809,304.356021473664,1.45018494129181,0.223177507519722,-0.0336083546280861,-4.14968042275982,-29348.7669735436,-25408.1496774945,-29348.7567065915,-25405.6871078989,-29348.7464396393,-25403.2245383033,0,0,1,0
20130629104749.daq,31,8,1170.41666666667,1,0,left,0.260696411132813,179.739303588867,12,0.00018956855290272,27.5088214874268,308.384275247096,2.28513979911804,0.224617049098015,-0.0336083546280861,-4.12881879518301,-29352.7968009721,-25408.1287956101,-29352.7855961953,-25405.666230103,-29352.7743914185,-25403.203664596,0,0,1,0
20130629104749.daq,31,8,1170.51666666667,1,0,left,0.289482116699219,179.710517883301,12,0.000193524843774499,27.5964603424072,312.425061624395,2.19724988937378,0.22460275888443,-0.0715752318501472,-4.10749657167166,-29356.8385157325,-25408.1074822526,-29356.8260737511,-25405.6449226857,-29356.8136317697,-25403.1823631188,0,0,1,0
20130629104749.daq,31,8,1170.61666666667,1,0,left,0.315032958984375,179.684967041016,12,0.000197059113855873,27.6848449707031,316.479022760439,1.62596487998962,0.226487293839455,-0.0525919124484062,-4.08441979027318,-29360.8938230508,-25408.0844157448,-29360.8802829013,-25405.6218619712,-29360.8667427518,-25403.1593081976,0,0,1,0
20130629104749.daq,31,8,1170.71666666667,1,0,left,0.324684143066406,179.675315856934,12,0.00020015723007939,27.7742786407471,320.546029529578,0.703119993209839,0.225777104496956,-0.0525919124484062,-4.05851391418921,-29364.9624163628,-25408.0584274372,-29364.9484614088,-25405.5958759794,-29364.9345064548,-25403.1333245215,0,0,1,0
20130629104749.daq,31,8,1170.81666666667,1,0,left,0.322784423828125,179.677215576172,12,0.000202777579962767,27.8644504547119,324.62620257189,0.439449995756149,0.225418046116829,-0.0431002490222454,-4.03122867763156,-29369.0424484481,-25408.031201337,-29369.0285751433,-25405.5686494177,-29369.0147018386,-25403.1060974985,0,0,1,0
20130629104749.daq,31,8,1170.91666666667,1,0,left,0.321624755859375,179.678375244141,12,0.000204865855309292,27.9552478790283,328.71965282959,0.966789960861206,0.225301697850227,-0.100050449371338,-4.00393691534029,-29373.1361703416,-25408.0039294045,-29373.122346879,-25405.541377205,-29373.1085234163,-25403.0788250055,0,0,1,0
20130629104749.daq,31,8,1171.01666666667,1,0,left,0.335517883300781,179.664482116699,12,0.000206373739701527,28.0464839935303,332.826445809638,1.97752487659454,0.225838914513588,-0.0525919124484062,-3.97574569744025,-29377.2419757192,-25407.9757252239,-29377.2275551353,-25405.5131764487,-29377.2131345514,-25403.0506276735,0,0,1,0
20130629104749.daq,31,8,1171.11666666667,1,0,left,0.359542846679688,179.64045715332,12,0.000207273194390478,28.1379070281982,336.946642822921,1.97752487659454,0.224833741784096,-0.0241166949272156,-3.9489492543589,-29381.3636510967,-25407.9488464899,-29381.3481979311,-25405.486303978,-29381.3327447656,-25403.023761466,0,0,1,0
20130629104749.daq,31,8,1171.21666666667,1,0,left,0.377166748046875,179.622833251953,12,0.00020756163962849,28.2295017242432,341.080259348601,1.01073491573334,0.224654093384743,-0.0241166949272156,-3.92041543545326,-29385.4988429872,-25407.9204109584,-29385.4826323563,-25405.4578733163,-29385.4664217255,-25402.9953356742,0,0,1,0
20130629104749.daq,31,8,1171.31666666667,1,0,left,0.372367858886719,179.627632141113,12,0.000207259207490575,28.3210582733154,345.227309746915,-0.131834983825684,0.223354697227478,0.0138501841574907,-3.89142583419951,-29389.6452113258,-25407.8914113824,-29389.6292069483,-25405.4288723911,-29389.6132025708,-25402.9663333999,0,0,1,0
20130629104749.daq,31,8,1171.41666666667,1,0,left,0.352630615234375,179.647369384766,12,0.000206402074565442,28.4129085540771,349.387811501962,-0.483394980430603,0.224430963397026,-0.0241166949272156,-3.86140873878092,-29393.8048900704,-25407.8613840343,-29393.789733989,-25405.398839676,-29393.7745779076,-25402.9362953177,0,0,1,0
20130629104749.daq,31,8,1171.51666666667,1,0,left,0.326835632324219,179.673164367676,12,0.000205035686428649,28.5044994354248,353.561673276985,-0.439449965953827,0.225895524024963,0.0233418457210064,-3.83173327604978,-29397.9780934995,-25407.8317316935,-29397.9640460753,-25405.3691807614,-29397.9499986511,-25402.9066298293,0,0,1,0
20130629104749.daq,31,8,1171.61666666667,1,0,left,0.302024841308594,179.697975158691,12,0.000203208594028457,28.5959568023682,357.749051915715,-0.483394980430603,0.227651715278625,-0.0146250324323773,-3.80597988916971,-29402.16499196,-25407.8059243795,-29402.1520108955,-25405.3433675953,-29402.1390298309,-25402.8808108112,0,0,1,0
20130629104749.daq,31,8,1171.71666666667,1,0,left,0.273674011230469,179.72632598877,12,0.000200967773540628,28.6875553131104,361.949842280621,-0.791009962558746,0.227710664272308,0.00435852259397507,-3.7842442681041,-29406.3654756525,-25407.7842422174,-29406.3537131004,-25405.3216793114,-29406.3419505483,-25402.8591164054,0,0,1,0
20130629104749.daq,31,8,1171.81666666667,1,0,left,0.238227844238281,179.761772155762,12,0.000198355678051662,28.7794704437256,366.164099528105,-1.18651497364044,0.227996662259102,-0.0431002490222454,-3.76303672591444,-29410.5775046426,-25407.7629988826,-29410.5672655629,-25405.300429171,-29410.5570264831,-25402.8378594593,0,0,1,0
20130629104749.daq,31,8,1171.91666666667,1,0,left,0.201225280761719,179.798774719238,12,0.000195408486140969,28.8715133666992,370.391844382626,-0.74706494808197,0.227826043963432,-0.0241166949272156,-3.74383935271369,-29414.8031662264,-25407.7438044468,-29414.794517517,-25405.2812286361,-29414.7858688076,-25402.8186528255,0,0,1,0
20130629104749.daq,31,8,1172.01666666667,1,0,left,0.178382873535156,179.821617126465,12,0.000192157504228495,28.9634990692139,374.633088943126,0.26366999745369,0.226831793785095,-0.0431002490222454,-3.72763969256171,-29419.0447968349,-25407.7276396554,-29419.0371298941,-25405.2650605925,-29419.0294629534,-25402.8024815295,0,0,1,0
20130629104749.daq,31,8,1172.11666666667,1,0,left,0.170478820800781,179.829521179199,12,0.000188632193574818,29.0558490753174,378.887846567493,0.659174978733063,0.27532634139061,-0.0431002490222454,-3.71261939861147,-29423.2985102552,-25407.712503653,-29423.2911830315,-25405.2499235558,-29423.2838558079,-25402.7873434586,0,0,1,0
20130629104749.daq,31,8,1172.21666666667,1,0,left,0.165351867675781,179.834648132324,12,0.000184860757967928,29.1512565612793,383.156278249007,0.439449995756149,0.346240490674973,-0.0146250324323773,-3.6991617442437,-29427.5659632653,-25407.6991489515,-29427.5588563988,-25405.2365682084,-29427.5517495323,-25402.7739874654,0,0,1,0
20130629104749.daq,31,8,1172.31666666667,1,0,left,0.159744262695313,179.840255737305,12,0.000180862873032563,29.2666625976563,387.439892326627,0.439449995756149,0.384511202573776,-0.0336083546280861,-3.68387536478806,-29431.8490295135,-25407.6838708471,-29431.8421636627,-25405.2212894203,-29431.8352978118,-25402.7587079935,0,0,1,0
20130629104749.daq,31,8,1172.41666666667,1,0,left,0.151985168457031,179.848014831543,12,0.000176659058439511,29.419942855835,391.743087092691,0.439449995756149,0.38685142993927,-0.138017326593399,-3.66878767130244,-29436.1515744396,-25407.6687258152,-29436.1450420759,-25405.2061434812,-29436.1385097122,-25402.7435611472,0,0,1,0
20130629104749.daq,31,8,1172.51666666667,1,0,left,0.145263671875,179.854736328125,12,0.000172277213468608,29.6124324798584,396.071705256807,0.615229964256287,0.390191227197647,-0.0715752318501472,-3.6554697057429,-29440.4795352725,-25407.6554697031,-29440.4732918,-25405.1928866197,-29440.4670483274,-25402.7303035363,0,0,1,0
20130629104749.daq,31,8,1172.61666666667,1,0,left,0.147079467773438,179.852920532227,12,0.000167751286999368,29.8389434814453,400.431101326729,1.36229491233826,0.416733264923096,-0.0525919124484062,-3.63974230471473,-29444.8370015017,-25407.6397323876,-29444.8306799859,-25405.1771495034,-29444.8243584701,-25402.7145666191,0,0,1,0
20130629104749.daq,31,8,1172.71666666667,1,0,left,0.161544799804688,179.838455200195,12,0.000163097044733639,30.0962772369385,404.825996257467,1.88963496685028,0.442902117967606,-0.0715752318501472,-3.62517049736423,-29449.2338390917,-25407.6251657144,-29449.2268958536,-25405.1625845046,-29449.2199526154,-25402.7000032948,0,0,1,0
20130629104749.daq,31,8,1172.81666666667,1,0,left,0.182830810546875,179.817169189453,12,0.000158318673297666,30.3806934356689,409.260735679389,1.93357992172241,0.453460961580276,-0.0715752318501472,-3.60827371253199,-29453.6699053186,-25407.6082238396,-29453.662047205,-25405.1456453792,-29453.6541890914,-25402.6830669188,0,0,1,0
20130629104749.daq,31,8,1172.91666666667,1,0,left,0.205421447753906,179.794578552246,12,0.000153422553214124,30.6819324493408,413.738512020267,1.97752487659454,0.453439593315125,-0.0620835721492767,-3.58933303361701,-29458.1489715915,-25407.5892479172,-29458.1401425306,-25405.1266727466,-29458.1313134697,-25402.6640975759,0,0,1,0
20130629104749.daq,31,8,1173.01666666667,1,0,left,0.228927612304688,179.771072387695,12,0.000148415847068368,30.9941253662109,418.261331961679,2.02146983146667,0.453422069549561,-0.119034007191658,-3.56829458522707,-29462.6749345952,-25407.5682619911,-29462.6650952392,-25405.1056906499,-29462.6552558831,-25402.6431193087,0,0,1,0
20130629104749.daq,31,8,1173.11666666667,1,0,left,0.248558044433594,179.751441955566,12,0.000143306900504266,31.3144187927246,422.830544527736,1.58201992511749,0.453989416360855,-0.0336083546280861,-3.54557545963843,-29467.247677767,-25407.5455626094,-29467.236994696,-25405.0829947839,-29467.2263116249,-25402.6204269583,0,0,1,0
20130629104749.daq,31,8,1173.21666666667,1,0,left,0.255157470703125,179.744842529297,12,0.00013810715590361,31.6409015655518,427.44721736561,0.659174978733063,0.45407247543335,-0.0810671299695969,-3.52173785473226,-29471.8669788418,-25407.5217166075,-29471.8560121281,-25405.0591500288,-29471.8450454143,-25402.5965834501,0,0,1,0
20130629104749.daq,31,8,1173.31666666667,1,0,left,0.25006103515625,179.749938964844,12,0.000132832705368793,31.9715156555176,432.112103339299,0.659174978733063,0.453544020652771,-0.109542116522789,-3.49864345726091,-29476.5328705629,-25407.4985945765,-29476.5221228934,-25405.0360270321,-29476.511375224,-25402.5734594876,0,0,1,0
20130629104749.daq,31,8,1173.41666666667,1,0,left,0.247962951660156,179.75203704834,12,0.000127503681255886,32.3045082092285,436.825663678581,1.14256989955902,0.452903032302856,-0.100050449371338,-3.47336006053089,-29481.2496164214,-25407.4733338195,-29481.2389589274,-25405.0107658831,-29481.2283014334,-25402.5481979468,0,0,1,0
20130629104749.daq,31,8,1173.51666666667,1,0,left,0.250732421875,179.749267578125,12,0.000122141300838219,32.6386528015137,441.588165796435,1.09862494468689,0.454235285520554,-0.0905587896704674,-3.44973121640217,-29486.0133556372,-25407.4497248934,-29486.0025791116,-25404.987157475,-29485.991802586,-25402.5245900567,0,0,1,0
20130629104749.daq,31,8,1173.61666666667,1,0,left,0.24713134765625,179.752868652344,12,0.000116763613367191,32.9730415344238,446.39970452647,0.395504981279373,0.452900260686874,-0.0620835721492767,-3.4246408221486,-29490.827721199,-25407.424557169,-29490.8170994473,-25404.9619890782,-29490.8064776955,-25402.4994209874,0,0,1,0
20130629104749.daq,31,8,1173.71666666667,1,0,left,0.227592468261719,179.772407531738,12,0.000111382205144422,33.3067169189453,451.260238699528,-0.351559966802597,0.452999830245972,-0.119034007191658,-3.4004426710642,-29495.6905271003,-25407.4003758726,-29495.6807451286,-25404.9378043028,-29495.670963157,-25402.475232733,0,0,1,0
20130629104749.daq,31,8,1173.81666666667,1,0,left,0.197128295898438,179.802871704102,12,0.000106001369855513,33.639102935791,456.169629795128,-0.57128494977951,0.454695671796799,-0.0810671299695969,-3.37888237899608,-29500.5999413845,-25407.3788235818,-29500.5914687638,-25404.916247159,-29500.582996143,-25402.4536707362,0,0,1,0
20130629104749.daq,31,8,1173.91666666667,1,0,left,0.161842346191406,179.838157653809,12,0.000100618936649523,33.9699401855469,461.127656628145,-0.527339935302734,0.455450177192688,-0.0620835721492767,-3.35965786711096,-29505.5580651049,-25407.3595223078,-29505.5511090781,-25404.896941134,-29505.5441530514,-25402.4343599603,0,0,1,0
20130629104749.daq,31,8,1174.01666666667,1,0,left,0.127677917480469,179.87232208252,12,0.0001,34.2992134094238,466.134084026242,-0.527339935302734,0.455940276384354,-0.100050449371338,-3.34210788687664,-29510.5650430242,-25407.3421042661,-29510.5595553908,-25404.8795193824,-29510.5540677575,-25402.4169344987,0,0,1,0
20130629104749.daq,31,8,1174.11666666667,1,0,left,0.098114013671875,179.901885986328,12,0.0001,34.6271018981934,471.188711085764,-0.0878899917006493,0.455597311258316,-0.100050449371338,-3.32843058973629,-29515.6209604349,-25407.3283075113,-29515.6167434651,-25404.8657201239,-29515.6125264954,-25402.4031327365,0,0,1,0
20130629104749.daq,31,8,1174.21666666667,1,0,left,0.0826416015625,179.917358398438,12,0.0001,34.9535217285156,476.291322496254,0.74706494808197,0.456167072057724,-0.0905587896704674,-3.31568415543575,-29520.7240971861,-25407.3155923085,-29520.7205452248,-25404.8530038722,-29520.7169932635,-25402.3904154358,0,0,1,0
20130629104749.daq,31,8,1174.31666666667,1,0,left,0.081573486328125,179.918426513672,12,0.0001,35.2784233093262,481.441686861886,1.45018494129181,0.466795682907104,-0.0620835721492767,-3.30406488832925,-29525.8764147716,-25407.3039395972,-29525.8729087182,-25404.8413510951,-29525.8694026647,-25402.3787625929,0,0,1,0
20130629104749.daq,31,8,1174.41666666667,1,0,left,0.0984420776367188,179.901557922363,12,0.0001,35.6025238037109,486.639635776097,2.10935997962952,0.479273170232773,-0.0905587896704674,-3.29316277904563,-29531.0760465904,-25407.2931309758,-29531.0718155204,-25404.8305436126,-29531.0675844504,-25402.3679562493,0,0,1,0
20130629104749.daq,31,8,1174.51666666667,1,0,left,0.126899719238281,179.873100280762,12,0.0001,35.9279747009277,491.885189473804,2.28513979911804,0.498912066221237,-0.119034007191658,-3.27969850276778,-29536.3247896244,-25407.279652395,-29536.3193354382,-25404.817067437,-29536.313881252,-25402.354482479,0,0,1,0
20130629104749.daq,31,8,1174.61666666667,1,0,left,0.156623840332031,179.843376159668,12,0.0001,36.2576103210449,497.178736847301,2.02146983146667,0.504482626914978,-0.100050449371338,-3.26218889623695,-29541.6223908319,-25407.2621888757,-29541.6156590973,-25404.7996070786,-29541.6089273628,-25402.3370252816,0,0,1,0
20130629104749.daq,31,8,1174.71666666667,1,0,left,0.176254272460938,179.823745727539,12,0.0001,36.5939407348633,502.521110977512,1.2744048833847,0.504159212112427,-0.0715752318501472,-3.24534969140561,-29546.9666199115,-25407.2453494726,-29546.9590444583,-25404.7827701265,-29546.951469005,-25402.3201907803,0,0,1,0
20130629104749.daq,31,8,1174.81666666667,1,0,left,0.179481506347656,179.820518493652,12,0.0001,36.9353485107422,507.913243975127,0.659174978733063,0.50439065694809,-0.100050449371338,-3.22367789185599,-29552.3612298822,-25407.2236654346,-29552.353515722,-25404.761086519,-29552.3458015619,-25402.2985076035,0,0,1,0
20130629104749.daq,31,8,1174.91666666667,1,0,left,0.17449951171875,179.825500488281,12,0.0001,37.2784576416016,513.35559373624,0.615229964256287,0.504656612873077,-0.0715752318501472,-3.20262555720753,-29557.8044677286,-25407.2024892845,-29557.7969676952,-25404.7399097075,-29557.7894676618,-25402.2773301306,0,0,1,0
20130629104749.daq,31,25,2091,1,0,right,0.371551513671875,269.628448486328,12,0.0001,53.3376770019531,0,1.09862494468689,0.263301908969879,-0.0525919124484062,2.76214030678293,-43233.8331474197,-57081.0416759592,-43236.2956866387,-57081.0257066678,-43238.7582258577,-57081.0097373763,1,0,0,0
20130629104749.daq,31,25,2091.1,1,0,right,0.368576049804688,269.631423950195,12,0.0001,53.3452033996582,7.82342980254907,1.09862494468689,0.263236939907074,-0.0525919124484062,2.81301684234721,-43233.8876505908,-57088.8658227478,-43236.3501906358,-57088.8499813401,-43238.8127306808,-57088.8341399324,1,0,0,0
20130629104749.daq,31,25,2091.2,1,0,right,0.3653564453125,269.634643554688,12,0.0001,53.3527069091797,15.6479614277778,1.09862494468689,0.26300835609436,-0.0620835721492767,2.8679660358904,-43233.9421386417,-57096.6899636211,-43236.404679573,-57096.6742605902,-43238.8672205043,-57096.6585575593,1,0,0,0
20130629104749.daq,31,25,2091.3,1,0,right,0.361770629882813,269.638229370117,12,0.0001,53.3601722717285,23.4735908660514,1.09862494468689,0.263491630554199,-0.0620835721492767,2.92585021405253,-43234.0005102616,-57104.5140956231,-43236.4630521708,-57104.4985467086,-43238.92559408,-57104.4829977941,1,0,0,0
20130629104749.daq,31,25,2091.4,1,0,right,0.357772827148438,269.642227172852,12,0.0001,53.3675956726074,31.3003110770951,1.09862494468689,0.262460172176361,-0.0810671299695969,2.98006030486189,-43234.0549501166,-57112.3382176421,-43236.5174931047,-57112.322840551,-43238.9800360929,-57112.30746346,1,0,0,0
20130629104749.daq,31,25,2091.5,1,0,right,0.354034423828125,269.645965576172,12,0.0001,53.3750152587891,39.1281209419249,1.09862494468689,0.263066977262497,-0.0241166949272156,3.03452948966144,-43234.1094060462,-57120.1623459218,-43236.5719500324,-57120.1471295054,-43239.0344940186,-57120.131913089,1,0,0,0
20130629104749.daq,31,25,2091.6,1,0,right,0.350967407226563,269.649032592773,12,0.0001,53.3823890686035,46.9570155650435,1.09862494468689,0.262752175331116,-0.0431002490222454,3.08932416351692,-43234.1639035684,-57127.9903966879,-43236.6264483656,-57127.9753120904,-43239.0889931628,-57127.9602274929,1,0,0,0
20130629104749.daq,31,25,2091.7,1,0,right,0.348556518554688,269.651443481445,12,0.0001,53.3897590637207,54.7869910766021,1.09862494468689,0.26275435090065,-0.0525919124484062,3.14013350304344,-43234.2145354854,-57135.8184633278,-43236.6770809152,-57135.8034823492,-43239.1396263449,-57135.7885013705,1,0,0,0
20130629104749.daq,31,25,2091.8,1,0,right,0.345733642578125,269.654266357422,12,0.0001,53.3970985412598,62.6180457515293,1.09862494468689,0.263350486755371,-0.0715752318501472,3.19421618376466,-43234.2690481366,-57143.6504262368,-43236.7315943015,-57143.635566584,-43239.1941404663,-57143.6207069313,1,0,0,0
20130629104749.daq,31,25,2091.9,1,0,right,0.342880249023438,269.657119750977,12,0.0001,53.4044075012207,70.4501745543675,1.09862494468689,0.262925267219543,-0.0241166949272156,3.24867655857737,-43234.3235589009,-57151.4823883982,-43236.7861058028,-57151.467651383,-43239.2486527046,-57151.4529143678,1,0,0,0
20130629104749.daq,31,25,2092,1,0,right,0.339859008789063,269.660140991211,12,0.0001,53.4117279052734,78.2833754803287,1.09862494468689,0.263211905956268,-0.0431002490222454,3.29952852847199,-43234.3741530228,-57159.310440236,-43236.8367006984,-57159.2958330723,-43239.2992483739,-57159.2812259087,1,0,0,0
20130629104749.daq,31,25,2092.1,1,0,right,0.337127685546875,269.662872314453,12,0.0001,53.419017791748,86.1176480165159,1.14256989955902,0.263299524784088,-0.0146250324323773,3.35415322906095,-43234.4286713548,-57167.1463115859,-43236.8912197238,-57167.1318218133,-43239.3537680929,-57167.1173320408,1,0,0,0
20130629104749.daq,31,25,2092.2,1,0,right,0.335296630859375,269.664703369141,12,0.0001,53.4263038635254,93.952989225596,1.14256989955902,0.262858062982559,-0.0241166949272156,3.40447659294681,-43234.4793391978,-57174.9782984849,-43236.9418880287,-57174.9638874104,-43239.4044368595,-57174.9494763358,1,0,0,0
20130629104749.daq,31,25,2092.3,1,0,right,0.3331298828125,269.666870117188,12,0.0001,53.4335632324219,101.789397802175,1.14256989955902,0.263277292251587,-0.0336083546280861,3.45515414221303,-43234.5299862514,-57182.8141834983,-43236.9925356255,-57182.7998655497,-43239.4550849995,-57182.785547601,1,0,0,0
20130629104749.daq,31,25,2092.4,1,0,right,0.332962036132813,269.667037963867,12,0.0001,53.4407806396484,109.626868057996,1.18651497364044,0.262845158576965,-0.0336083546280861,3.50637004029214,-43234.580757106,-57190.6501169322,-43237.043306522,-57190.6358061976,-43239.505855938,-57190.6214954629,1,0,0,0
20130629104749.daq,31,25,2092.5,1,0,right,0.334091186523438,269.665908813477,12,0.0001,53.447998046875,117.465396309824,1.36229491233826,0.262743890285492,-0.0525919124484062,3.55686926016422,-43234.631608289,-57198.4860817853,-43237.0941574225,-57198.4717225202,-43239.556706556,-57198.4573632551,1,0,0,0
20130629104749.daq,31,25,2092.6,1,0,right,0.339645385742188,269.660354614258,12,0.0001,53.455192565918,125.30498190489,1.53807497024536,0.263169914484024,-0.0525919124484062,3.60783725154101,-43234.6827335417,-57206.3260600625,-43237.1452812717,-57206.3114620803,-43239.6078290016,-57206.2968640981,1,0,0,0
20130629104749.daq,31,25,2092.7,1,0,right,0.353057861328125,269.646942138672,12,0.0001,53.4623908996582,133.145622372074,1.84568989276886,0.262879103422165,-0.0620835721492767,3.659761637113,-43234.7343455553,-57214.1662285362,-43237.1968898005,-57214.151054092,-43239.6594340458,-57214.1358796478,1,0,0,0
20130629104749.daq,31,25,2092.8,1,0,right,0.373260498046875,269.626739501953,12,0.0001,53.4696197509766,140.987321394699,2.02146983146667,0.263271510601044,-0.0810671299695969,3.71560358742316,-43234.7902845423,-57222.0065610365,-43237.2528232839,-57221.990518294,-43239.7153620255,-57221.9744755514,1,0,0,0
20130629104749.daq,31,25,2092.9,1,0,right,0.397079467773438,269.602920532227,12,0.0001,53.4767913818359,148.830076501763,1.97752487659454,0.263252019882202,-0.0241166949272156,3.76760585060682,-43234.8425415206,-57229.8508867077,-43237.3050733801,-57229.8338202413,-43239.7676052396,-57229.8167537749,1,0,0,0
20130629104749.daq,31,25,2093,1,0,right,0.418701171875,269.581298828125,12,0.0001,53.4839248657227,156.673879813723,1.71385490894318,0.262885570526123,-0.0525919124484062,3.82776583803551,-43234.9024750721,-57237.6912524928,-43237.3650003159,-57237.6732567422,-43239.8275255597,-57237.6552609916,1,0,0,0
20130629104749.daq,31,25,2093.1,1,0,right,0.426864624023438,269.573135375977,12,0.0001,53.491039276123,164.51872885949,0.791009962558746,0.262957483530045,-0.0525919124484062,3.88682473890362,-43234.9615747264,-57245.53910571,-43237.4240973812,-57245.5207591011,-43239.886620036,-57245.5024124922,1,0,0,0
20130629104749.daq,31,25,2093.2,1,0,right,0.406539916992188,269.593460083008,12,0.0001,53.4980964660645,172.364616645471,-0.395504981279373,0.263105571269989,-0.0336083546280861,3.94788007931493,-43235.0228152186,-57253.3823651833,-43237.4853442266,-57253.3648921138,-43239.9478732346,-57253.3474190442,1,0,0,0
20130629104749.daq,31,25,2093.3,1,0,right,0.35662841796875,269.643371582031,12,0.0001,53.5051040649414,180.211536550982,-1.05467987060547,0.262522786855698,-0.0431002490222454,4.00770673231474,-43235.082222977,-57261.2249086987,-43237.5447662718,-57261.2095807938,-43240.0073095666,-57261.1942528888,1,0,0,0
20130629104749.daq,31,25,2093.4,1,0,right,0.292556762695313,269.707443237305,12,0.0001,53.5120506286621,188.059479764022,-1.01073491573334,0.262869596481323,-0.0241166949272156,4.06202556193947,-43235.1368487428,-57269.0710122303,-43237.5994076385,-57269.0584381014,-43240.0619665341,-57269.0458639724,1,0,0,0
20130629104749.daq,31,25,2093.5,1,0,right,0.227127075195313,269.772872924805,12,0.0001,53.5189018249512,195.908434955025,-0.615229964256287,0.263079106807709,-0.0525919124484062,4.10881923008486,-43235.1835796996,-57276.913172023,-43237.6461513487,-57276.903410054,-43240.1087229979,-57276.8936480849,1,0,0,0
20130629104749.daq,31,25,2093.6,1,0,right,0.174148559570313,269.82585144043,12,0.0001,53.5257186889648,203.758391866635,0.0878899991512299,0.262967020273209,-0.0146250324323773,4.1526475828638,-43235.2271765032,-57284.7595372917,-43237.6897561261,-57284.7520523422,-43240.152335749,-57284.7445673927,1,0,0,0
20130629104749.daq,31,25,2093.7,1,0,right,0.132400512695313,269.867599487305,12,0.0001,53.5325698852539,211.609350405517,0.26366999745369,0.263062745332718,-0.0525919124484062,4.18882570651651,-43235.2636565659,-57292.6061740894,-43237.7262409889,-57292.600483478,-43240.1888254119,-57292.5947928665,1,0,0,0
20130629104749.daq,31,25,2093.8,1,0,right,0.100875854492188,269.899124145508,12,0.0001,53.5394477844238,219.461315700464,0.439449995756149,0.263259887695313,-0.0241166949272156,4.21852065247643,-43235.2929570163,-57300.456965537,-43237.7555441976,-57300.4526298627,-43240.2181313789,-57300.4482941883,1,0,0,0
20130629104749.daq,31,25,2093.9,1,0,right,0.0786285400390625,269.921371459961,12,0.0001,53.5463714599609,227.314292740164,0.834954977035522,0.263225853443146,-0.0620835721492767,4.24024203819607,-43235.3150189522,-57308.3079832509,-43237.7776076313,-57308.3046037721,-43240.2401963105,-57308.3012242932,1,0,0,0
20130629104749.daq,31,25,2094,1,0,right,0.0655059814453125,269.934494018555,12,0.0001,53.5533142089844,235.168287352659,0.966789960861206,0.262982547283173,-0.100050449371338,4.26277407482454,-43235.3376451762,-57316.1592241589,-43237.8002345647,-57316.1564086914,-43240.2628239532,-57316.1535932239,1,0,0,0
20130629104749.daq,31,25,2094.1,1,0,right,0.056488037109375,269.943511962891,12,0.0001,53.5602645874023,243.023301356297,1.01073491573334,0.263751268386841,-0.0620835721492767,4.27807003431337,-43235.3527127024,-57324.0144718001,-43237.8153025036,-57324.0120439266,-43240.2778923048,-57324.009616053,1,0,0,0
20130629104749.daq,31,25,2094.2,1,0,right,0.0500946044921875,269.949905395508,12,0.0001,53.5671730041504,250.879331440781,1.01073491573334,0.262947350740433,-0.0431002490222454,4.29307511461474,-43235.3679424926,-57331.869783738,-43237.8305325493,-57331.8676306561,-43240.2931226061,-57331.8654775742,1,0,0,0
20130629104749.daq,31,25,2094.3,1,0,right,0.0440673828125,269.955932617188,12,0.0001,53.5740928649902,258.736375274893,1.01073491573334,0.263039708137512,-0.0525919124484062,4.30482045954534,-43235.379288686,-57339.7251046175,-43237.8418789556,-57339.7232105875,-43240.3044692253,-57339.7213165574,1,0,0,0
20130629104749.daq,31,25,2094.4,1,0,right,0.0378875732421875,269.962112426758,12,0.0001,53.5809898376465,266.594432998507,1.01073491573334,0.263587772846222,-0.0336083546280861,4.31589857594969,-43235.3906254638,-57347.5804217128,-43237.8532159234,-57347.5787932929,-43240.315806383,-57347.577164873,1,0,0,0
20130629104749.daq,31,25,2094.5,1,0,right,0.0310516357421875,269.968948364258,12,0.0001,53.5878562927246,274.453499669413,1.01073491573334,0.263012677431107,0.00435852259397507,4.32761141446863,-43235.4019217056,-57355.4396289085,-43237.864512342,-57355.4382942993,-43240.3271029783,-57355.4369596901,1,0,0,0
20130629104749.daq,31,25,2094.6,1,0,right,0.0258331298828125,269.974166870117,12,0.0001,53.5946807861328,282.31357048545,0.966789960861206,0.263078272342682,-0.0620835721492767,4.33850243491461,-43235.4133179294,-57363.298875774,-43237.8759086771,-57363.2977654578,-43240.3384994248,-57363.2966551417,1,0,0,0
20130629104749.daq,31,25,2094.7,1,0,right,0.0181121826171875,269.981887817383,12,0.0001,53.6014785766602,290.174640131328,0.966789960861206,0.262743324041367,-0.0431002490222454,4.34644671094187,-43235.4206532628,-57371.158061141,-43237.8832441377,-57371.1572826736,-43240.3458350127,-57371.1565042061,1,0,0,0
20130629104749.daq,31,25,2094.8,1,0,right,0.0106964111328125,269.989303588867,12,0.0001,53.6082954406738,298.03670832733,0.878899991512299,0.262675702571869,-0.0241166949272156,4.35708614422167,-43235.4319137306,-57379.0172539428,-43237.8945046857,-57379.0167942076,-43240.3570956408,-57379.0163344724,1,0,0,0
20130629104749.daq,31,25,2094.9,1,0,right,0.0008544921875,269.999145507813,12,0.0001,53.6150817871094,305.899774374149,0.834954977035522,0.263022691011429,-0.0620835721492767,4.36431550721919,-43235.4391180531,-57386.8802932949,-43237.9017090508,-57386.8802565686,-43240.3643000485,-57386.8802198422,1,0,0,0
20130629104749.daq,31,25,2095,1,0,right,-0.010589599609375,270.010589599609,12,0.0001,53.6218032836914,313.763831138232,0.834954977035522,0.262368828058243,-0.0715752318501472,4.37136036325474,-43235.4462234221,-57394.739386887,-43237.908814378,-57394.7398420314,-43240.371405334,-57394.7402971758,1,0,0,0
20130629104749.daq,31,25,2095.1,1,0,right,-0.0232696533203125,270.02326965332,12,0.0001,53.6284790039063,321.628870273824,0.74706494808197,0.263681560754776,-0.0620835721492767,4.37485304131574,-43235.4493462367,-57402.6062624221,-43237.9119370316,-57402.6072625592,-43240.3745278265,-57402.6082626963,1,0,0,0
20130629104749.daq,31,25,2095.2,1,0,right,-0.0383758544921875,270.038375854492,12,0.0001,53.6351203918457,329.49488511376,0.703119993209839,0.263195186853409,-0.0525919124484062,4.37751763843922,-43235.4523192422,-57410.4691717908,-43237.9149096878,-57410.4708211972,-43240.3775001334,-57410.4724706036,1,0,0,0
20130629104749.daq,31,25,2095.3,1,0,right,-0.0547332763671875,270.054733276367,12,0.0001,53.6417846679688,337.361875797826,0.703119993209839,0.263698935508728,-0.0905587896704674,4.38046605793293,-43235.4552150592,-57418.3359563298,-43237.9178049336,-57418.3383087832,-43240.380394808,-57418.3406612366,1,0,0,0
20130629104749.daq,31,25,2095.4,1,0,right,-0.070159912109375,270.070159912109,12,0.0001,53.6484260559082,345.22984307204,0.74706494808197,0.263072788715363,-0.0525919124484062,4.37944722531341,-43235.4542622284,-57426.1988572842,-43237.9168513801,-57426.201872779,-43240.3794405318,-57426.2048882737,1,0,0,0
20130629104749.daq,31,25,2095.5,1,0,right,-0.0850830078125,270.085083007813,12,0.0001,53.6551094055176,353.098787356052,0.74706494808197,0.262763381004333,-0.0431002490222454,4.37505994201601,-43235.4494343463,-57434.0656766576,-43237.9120226291,-57434.0693335513,-43240.3746109119,-57434.0729904449,1,0,0,0
20130629104749.daq,31,25,2095.6,1,0,right,-0.095977783203125,270.095977783203,12,0.0001,53.6617660522461,360.968710141839,1.05467998981476,0.262897968292236,-0.0525919124484062,4.37003272392163,-43235.4448553089,-57441.9365015011,-43237.9074428519,-57441.9406266551,-43240.3700303948,-57441.9447518091,1,0,0,0
20130629104749.daq,31,25,2095.7,1,0,right,-0.0921783447265625,270.092178344727,12,0.0001,53.6683959960938,368.839606580383,1.88963496685028,0.262543886899948,-0.0431002490222454,4.3664541480301,-43235.4411836807,-57449.803782794,-43237.9037714917,-57449.8077446471,-43240.3663593028,-57449.8117065002,1,0,0,0
20130629104749.daq,31,25,2095.8,1,0,right,-0.067291259765625,270.067291259766,12,0.0001,53.6750144958496,376.711475273012,2.59275484085083,0.262405216693878,-0.0431002490222454,4.35983734294403,-43235.4349081538,-57457.6754905213,-43237.8974974534,-57457.6783827205,-43240.3600867531,-57457.6812749198,1,0,0,0
20130629104749.daq,31,25,2095.9,1,0,right,-0.0297088623046875,270.029708862305,12,0.0001,53.6815795898438,384.584310205275,2.59275484085083,0.263548225164413,-0.0241166949272156,4.35481972675349,-43235.4294171674,-57465.5514164331,-43237.8920078344,-57465.5526933294,-43240.3545985013,-57465.5539702258,1,0,0,0
20130629104749.daq,31,25,2096,1,0,right,0.0031280517578125,269.996871948242,12,0.0001,53.6881217956543,392.458092540997,1.7577999830246,0.263034641742706,-0.0525919124484062,4.35280814371963,-43235.4275397931,-57473.4233179345,-43237.8901307874,-57473.4231834898,-43240.3527217818,-57473.4230490451,1,0,0,0
20130629104749.daq,31,25,2096.1,1,0,right,0.0060882568359375,269.993911743164,12,0.0001,53.6946601867676,400.33284824976,0.17577999830246,0.262932479381561,-0.0810671299695969,4.35689894174465,-43235.4316289663,-57481.2983906951,-43237.8942199504,-57481.2981290198,-43240.3568109345,-57481.2978673446,1,0,0,0
20130629104749.daq,31,25,2096.2,1,0,right,-0.0229949951171875,270.022994995117,12,0.0001,53.7011528015137,408.208560127299,-0.527339935302734,0.262571096420288,-0.0146250324323773,4.35869409797103,-43235.4337382056,-57489.1726754313,-43237.8963290053,-57489.1736637635,-43240.358919805,-57489.1746520958,1,0,0,0
20130629104749.daq,31,25,2096.3,1,0,right,-0.068603515625,270.068603515625,12,0.0001,53.7075805664063,416.085219175118,-0.439449965953827,0.263541162014008,-0.0431002490222454,4.35952022384768,-43235.434827105,-57497.0465519139,-43237.8974163378,-57497.0495005143,-43240.3600055705,-57497.0524491147,1,0,0,0
20130629104749.daq,31,25,2096.4,1,0,right,-0.113037109375,270.113037109375,12,0.0001,53.7139587402344,423.962816721061,0.219724997878075,0.263170540332794,-0.0525919124484062,4.35757808442885,-43235.4320831935,-57504.9204551832,-43237.894669399,-57504.9253135513,-43240.3572556046,-57504.9301719194,1,0,0,0
20130629104749.daq,31,25,2096.5,1,0,right,-0.139755249023438,270.139755249023,12,0.0001,53.7204170227051,431.841354723438,0.966789960861206,0.262746512889862,-0.0146250324323773,4.35177159862557,-43235.4265274257,-57512.7947946893,-43237.8891110979,-57512.8008014088,-43240.3516947701,-57512.8068081283,1,0,0,0
20130629104749.daq,31,25,2096.6,1,0,right,-0.155593872070313,270.15559387207,12,0.0001,53.7269020080566,439.720842693583,1.01073491573334,0.262999653816223,-0.0336083546280861,4.34296846540609,-43235.4177372302,-57520.6733090326,-43237.8803191479,-57520.679996499,-43240.3429010655,-57520.6866839653,1,0,0,0
20130629104749.daq,31,25,2096.7,1,0,right,-0.163955688476563,270.163955688477,12,0.0001,53.7333564758301,447.601279745606,1.01073491573334,0.262868374586105,-0.0525919124484062,4.32713943425005,-43235.401596111,-57528.5520082711,-43237.8641770264,-57528.5590551296,-43240.3267579419,-57528.5661019881,1,0,0,0
20130629104749.daq,31,25,2096.8,1,0,right,-0.169418334960938,270.169418334961,12,0.0001,53.7398529052734,455.482665646414,1.01073491573334,0.262773245573044,-0.0241166949272156,4.31471387335773,-43235.3895402045,-57536.4346854929,-43237.8521204369,-57536.4419671367,-43240.3147006693,-57536.4492487805,1,0,0,0
20130629104749.daq,31,25,2096.9,1,0,right,-0.175048828125,270.175048828125,12,0.0001,53.7463607788086,463.365007203131,1.01073491573334,0.262732088565826,-0.0431002490222454,4.29500677511891,-43235.369661452,-57544.3134522745,-43237.832240957,-57544.3209759177,-43240.2948204619,-57544.3284995608,1,0,0,0
20130629104749.daq,31,25,2097,1,0,right,-0.17950439453125,270.179504394531,12,0.0001,53.7528038024902,471.248291640659,1.09862494468689,0.26337131857872,-0.0525919124484062,4.27915924594605,-43235.3537614733,-57552.1961543851,-43237.8163403857,-57552.203869529,-43240.2789192981,-57552.2115846729,1,0,0,0
20130629104749.daq,31,25,2097.1,1,0,right,-0.18310546875,270.18310546875,12,0.0001,53.7591857910156,479.132522176107,1.18651497364044,0.262470096349716,-0.0336083546280861,4.25916512556261,-43235.3340079865,-57560.0788776506,-43237.7965864091,-57560.0867475691,-43240.2591648318,-57560.0946174875,1,0,0,0
20130629104749.daq,31,25,2097.2,1,0,right,-0.181350708007813,270.181350708008,12,0.0001,53.7655639648438,487.017688505584,1.36229491233826,0.263281404972076,-0.0525919124484062,4.24002327148085,-43235.3145850291,-57567.9617336353,-43237.7771636917,-57567.9695281339,-43240.2397423542,-57567.9773226325,1,0,0,0
20130629104749.daq,31,25,2097.3,1,0,right,-0.176376342773438,270.176376342773,12,0.0001,53.7719039916992,494.903787598509,1.49412989616394,0.263444185256958,-0.0810671299695969,4.22070749195047,-43235.2953607725,-57575.8485756368,-43237.7579401025,-57575.8561563366,-43240.2205194324,-57575.8637370365,1,0,0,0
20130629104749.daq,31,25,2097.4,1,0,right,-0.162994384765625,270.162994384766,12,0.0001,53.7782554626465,502.790816703986,1.80174493789673,0.263069599866867,-0.0715752318501472,4.20181959756056,-43235.2766554443,-57583.7356258237,-43237.7392364777,-57583.7426313652,-43240.201817511,-57583.7496369067,1,0,0,0
20130629104749.daq,31,25,2097.5,1,0,right,-0.146133422851563,270.146133422852,12,0.0001,53.784595489502,510.678777873516,1.80174493789673,0.263790607452393,-0.0810671299695969,4.18390257456959,-43235.2581649471,-57591.6227619019,-43237.7207479354,-57591.6290427566,-43240.1833309237,-57591.6353236112,1,0,0,0
20130629104749.daq,31,25,2097.6,1,0,right,-0.127578735351563,270.127578735352,12,0.0001,53.7908897399902,518.567665185867,1.80174493789673,0.262195557355881,-0.0431002490222454,4.16904123392059,-43235.243685388,-57599.5099395479,-43237.7062702812,-57599.5154229184,-43240.1688551744,-57599.5209062888,1,0,0,0
20130629104749.daq,31,25,2097.7,1,0,right,-0.107757568359375,270.107757568359,12,0.0001,53.7971534729004,526.457474164985,1.7577999830246,0.26290887594223,0.00435852259397507,4.15467757855028,-43235.2292841769,-57607.4010543567,-43237.6918708197,-57607.4056858088,-43240.1544574624,-57607.410317261,1,0,0,0
20130629104749.daq,31,25,2097.8,1,0,right,-0.0887908935546875,270.088790893555,12,0.0001,53.8033447265625,534.348195812578,1.7577999830246,0.263615012168884,-0.0715752318501472,4.14387305863443,-43235.2187366167,-57615.2882414034,-43237.6813246577,-57615.292057663,-43240.1439126987,-57615.2958739226,1,0,0,0
20130629104749.daq,31,25,2097.9,1,0,right,-0.0703887939453125,270.070388793945,12,0.0001,53.8095283508301,542.239824020769,1.7577999830246,0.262905329465866,-0.0715752318501472,4.13363664261547,-43235.2081543422,-57623.1832266399,-43237.6707434819,-57623.1862519721,-43240.1333326215,-57623.1892773043,1,0,0,0
20130629104749.daq,31,25,2098,1,0,right,-0.0517730712890625,270.051773071289,12,0.0001,53.8157691955566,550.132356877992,1.7577999830246,0.262026250362396,-0.0336083546280861,4.1268305201597,-43235.2014916589,-57631.0743105251,-43237.6640816515,-57631.076535748,-43240.1266716442,-57631.0787609709,1,0,0,0
20130629104749.daq,31,25,2098.1,1,0,right,-0.0329132080078125,270.032913208008,12,0.0001,53.8220405578613,558.025814572524,1.7577999830246,0.262190282344818,-0.0146250324323773,4.1240464701384,-43235.1987504571,-57638.9654000475,-43237.6613410488,-57638.9668146676,-43240.1239316405,-57638.9682292878,1,0,0,0
20130629104749.daq,31,25,2098.2,1,0,right,-0.0134124755859375,270.013412475586,12,0.0001,53.8282279968262,565.92018694029,1.7577999830246,0.263345122337341,-0.0525919124484062,4.12564596401829,-43235.1999552551,-57646.8604112013,-43237.6625461856,-57646.8609876738,-43240.1251371162,-57646.8615641463,1,0,0,0
20130629104749.daq,31,25,2098.3,1,0,right,0.0056915283203125,269.99430847168,12,0.0001,53.8343505859375,573.815460506914,1.7577999830246,0.263118177652359,-0.0525919124484062,4.12641419483783,-43235.2011357006,-57654.7554121942,-43237.6637266865,-57654.7551675705,-43240.1263176723,-57654.7549229468,1,0,0,0
20130629104749.daq,31,25,2098.4,1,0,right,0.0247650146484375,269.975234985352,12,0.0001,53.8405265808105,581.711635878484,1.80174493789673,0.263126790523529,-0.0431002490222454,4.13141063308684,-43235.2062206667,-57662.650412044,-43237.6688114346,-57662.6493476358,-43240.1314022026,-57662.6482832275,1,0,0,0
20130629104749.daq,31,25,2098.5,1,0,right,0.0453643798828125,269.954635620117,12,0.0001,53.8466835021973,589.608716458635,1.80174493789673,0.263377249240875,-0.0715752318501472,4.13678477139775,-43235.2114001051,-57670.5493551911,-43237.6739903312,-57670.5474054157,-43240.1365805574,-57670.5454556403,1,0,0,0
20130629104749.daq,31,25,2098.6,1,0,right,0.0655059814453125,269.934494018555,12,0.0001,53.8528060913086,597.506697491568,1.7577999830246,0.263283252716064,-0.0336083546280861,4.14599369318628,-43235.2204576762,-57678.4443804089,-43237.6830470647,-57678.4415649414,-43240.1456364532,-57678.4387494739,1,0,0,0
20130629104749.daq,31,25,2098.7,1,0,right,0.0844879150390625,269.915512084961,12,0.0001,53.8589248657227,605.405575900222,1.71385490894318,0.262935936450958,-0.0241166949272156,4.15858357319921,-43235.2333499702,-57686.3432830355,-43237.6959382908,-57686.3396517191,-43240.1585266115,-57686.3360204027,1,0,0,0
20130629104749.daq,31,25,2098.8,1,0,right,0.095306396484375,269.904693603516,12,0.0001,53.8650283813477,613.305350425682,1.14256989955902,0.262975513935089,-0.318360060453415,4.17483178100746,-43235.2496438837,-57694.2419854538,-43237.7122314748,-57694.2378891562,-43240.1748190659,-57694.2337928585,1,0,0,0
20130629104749.daq,31,25,2098.9,1,0,right,0.0952606201171875,269.904739379883,12,0.0001,53.8711166381836,621.206019202975,0.966789960861206,0.262515902519226,-0.0146250324323773,4.19050079128248,-43235.2652660532,-57702.1443280831,-43237.7278536476,-57702.140233753,-43240.190441242,-57702.1361394228,1,0,0,0
20130629104749.daq,31,25,2099,1,0,right,0.0906829833984375,269.909317016602,12,0.0001,53.8771667480469,629.107572720764,1.01073491573334,0.262815237045288,-0.0241166949272156,4.20632427655635,-43235.2806080091,-57710.0426535031,-43237.7431959227,-57710.038755921,-43240.2057838363,-57710.0348583389,1,0,0,0
20130629104749.daq,31,25,2099.1,1,0,right,0.084686279296875,269.915313720703,12,0.0001,53.8831672668457,637.010016061104,1.01073491573334,0.263517409563065,-0.0431002490222454,4.22509644418678,-43235.2997684847,-57717.9448503941,-43237.7623567928,-57717.9412105519,-43240.2249451008,-57717.9375707098,1,0,0,0
20130629104749.daq,31,25,2099.2,1,0,right,0.07940673828125,269.920593261719,12,0.0001,53.8891487121582,644.913336542231,1.01073491573334,0.263260394334793,-0.0525919124484062,4.24031917585969,-43235.3150670651,-57725.8470648162,-43237.7776556981,-57725.8436518902,-43240.2402443311,-57725.8402389642,1,0,0,0
20130629104749.daq,31,25,2099.3,1,0,right,0.0737762451171875,269.926223754883,12,0.0001,53.8951301574707,652.817534583708,1.01073491573334,0.262783706188202,-0.0431002490222454,4.25946935279601,-43235.3342502102,-57733.7492706083,-43237.7968391667,-57733.7460996825,-43240.2594281232,-57733.7429287567,1,0,0,0
20130629104749.daq,31,25,2099.4,1,0,right,0.0680389404296875,269.93196105957,12,0.0001,53.9011192321777,660.722610838333,1.01073491573334,0.263979732990265,-0.100050449371338,4.27494626561749,-43235.3495205156,-57741.6514737481,-43237.8121097772,-57741.6485494133,-43240.2746990389,-57741.6456250785,1,0,0,0
20130629104749.daq,31,25,2099.5,1,0,right,0.0616455078125,269.938354492188,12,0.0001,53.9070892333984,668.628563674225,1.01073491573334,0.263699471950531,-0.0810671299695969,4.29039056903641,-43235.3647502741,-57749.5575670156,-43237.8273398467,-57749.5549174724,-43240.2899294194,-57749.5522679292,1,0,0,0
20130629104749.daq,31,25,2099.6,1,0,right,0.0566253662109375,269.943374633789,12,0.0001,53.9130592346191,676.535392578517,1.01073491573334,0.262862861156464,-0.0620835721492767,4.30533243518633,-43235.3800649416,-57757.4636939179,-43237.842654737,-57757.4612601419,-43240.3052445323,-57757.4588263659,1,0,0,0
20130629104749.daq,31,25,2099.7,1,0,right,0.0509033203125,269.949096679688,12,0.0001,53.9190330505371,684.44309759789,1.01073491573334,0.263296902179718,-0.0431002490222454,4.316761760371,-43235.3914299823,-57765.3698035758,-43237.8540200085,-57765.3676157351,-43240.3166100346,-57765.3654278943,1,0,0,0
20130629104749.daq,31,25,2099.8,1,0,right,0.044830322265625,269.955169677734,12,0.0001,53.9249992370605,692.351677753119,1.01073491573334,0.26314502954483,-0.128525659441948,4.33181828766073,-43235.4066795942,-57773.2759045875,-43237.8692698384,-57773.273977766,-43240.3318600826,-57773.2720509446,1,0,0,0
20130629104749.daq,31,25,2099.9,1,0,right,0.03619384765625,269.963806152344,12,0.0001,53.9309539794922,700.26113262467,0.878899991512299,0.262950479984283,-0.0620835721492767,4.3432814695257,-43235.417864528,-57781.185848891,-43237.8804550347,-57781.1842932679,-43240.3430455413,-57781.1827376448,1,0,0,0
20130629104749.daq,31,25,2100,1,0,right,0.0211029052734375,269.978897094727,12,0.0001,53.9368896484375,708.171459788107,0.395504981279373,0.262698173522949,-0.0431002490222454,4.35423395470178,-43235.4286505911,-57789.0917283533,-43237.8912414221,-57789.0908213437,-43240.353832253,-57789.0899143341,1,0,0,0
20130629104749.daq,31,25,2100.1,1,0,right,0.000152587890625,269.999847412109,12,0.0001,53.9427757263184,716.082654021448,0.395504981279373,0.262848973274231,-0.0146250324323773,4.36446851192007,-43235.4390746807,-57797.0013697893,-43237.9016656787,-57797.001363231,-43240.3642566767,-57797.0013566727,1,0,0,0
20130629104749.daq,31,25,2100.2,1,0,right,-0.0247039794921875,270.024703979492,12,0.0001,53.948600769043,723.994706792524,0.395504981279373,0.263261556625366,-0.0525919124484062,4.37047313410235,-43235.4453513713,-57804.9109146227,-43237.9079421404,-57804.9119764076,-43240.3705329095,-57804.9130381926,1,0,0,0
20130629104749.daq,31,25,2100.3,1,0,right,-0.0498046875,270.0498046875,12,0.0001,53.9544105529785,731.907611387462,0.351559996604919,0.262697696685791,0.0233418457210064,4.37300421343483,-43235.4477069966,-57812.8243590247,-43237.9102970642,-57812.8264996459,-43240.3728871318,-57812.8286402671,1,0,0,0
20130629104749.daq,31,25,2100.4,1,0,right,-0.075958251953125,270.075958251953,12,0.0001,53.9602355957031,739.821369484707,0.351559996604919,0.262240171432495,-0.0431002490222454,4.37519739255197,-43235.4499978687,-57820.7338705278,-43237.9125867026,-57820.7371352369,-43240.3751755366,-57820.740399946,1,0,0,0
20130629104749.daq,31,25,2100.5,1,0,right,-0.100250244140625,270.100250244141,12,0.0001,53.9659996032715,747.735979312536,0.395504981279373,0.263763904571533,-0.0810671299695969,4.36976597622022,-43235.4445914847,-57828.6473335126,-43237.9071787132,-57828.6516422981,-43240.3697659416,-57828.6559510836,1,0,0,0
20130629104749.daq,31,25,2100.6,1,0,right,-0.123489379882813,270.123489379883,12,0.0001,53.9717330932617,755.651430800121,0.395504981279373,0.263524830341339,-0.0431002490222454,4.36444666931163,-43235.4392503572,-57836.5608218862,-43237.9018356354,-57836.5661294953,-43240.3644209137,-57836.5714371044,1,0,0,0
20130629104749.daq,31,25,2100.7,1,0,right,-0.145721435546875,270.145721435547,12,0.0001,53.9775238037109,763.567726791516,0.395504981279373,0.262905240058899,-0.0431002490222454,4.35533135504717,-43235.4300653788,-57844.4743345953,-43237.8926484122,-57844.4805977426,-43240.3552314456,-57844.4868608899,1,0,0,0
20130629104749.daq,31,25,2100.8,1,0,right,-0.167373657226563,270.167373657227,12,0.0001,53.9833450317383,771.484874793241,0.395504981279373,0.262338638305664,-0.0336083546280861,4.34239448961248,-43235.4170101512,-57852.3878611315,-43237.8795906419,-57852.3950548948,-43240.3421711326,-57852.4022486581,1,0,0,0
20130629104749.daq,31,25,2100.9,1,0,right,-0.187896728515625,270.187896728516,12,0.0001,53.9891471862793,779.40287625065,0.395504981279373,0.262956142425537,-0.0525919124484062,4.32952648957482,-43235.4040248072,-57860.3053214017,-43237.8666025632,-57860.313397249,-43240.3291803191,-57860.3214730962,1,0,0,0
20130629104749.daq,31,25,2101,1,0,right,-0.206298828125,270.206298828125,12,0.0001,53.9948921203613,787.321724076901,0.439449995756149,0.263020485639572,-0.0715752318501472,4.30900722005366,-43235.3833580152,-57868.2228338354,-43237.8459330504,-57868.2317006061,-43240.3085080855,-57868.2405673768,1,0,0,0
20130629104749.daq,31,25,2101.1,1,0,right,-0.219390869140625,270.219390869141,12,0.0001,54.000617980957,795.241412770294,0.703119993209839,0.262732595205307,-0.0431002490222454,4.28852298264408,-43235.3630189813,-57876.1404777205,-43237.8255919261,-57876.1499071874,-43240.2881648709,-57876.1593366544,1,0,0,0
20130629104749.daq,31,25,2101.2,1,0,right,-0.225189208984375,270.225189208984,12,0.0001,54.0063209533691,803.16193976652,0.966789960861206,0.262528479099274,-0.00513337086886168,4.26459277122377,-43235.3392237452,-57884.0583025319,-43237.8017957232,-57884.0679812115,-43240.2643677011,-57884.0776598911,1,0,0,0
20130629104749.daq,31,25,2101.3,1,0,right,-0.224411010742188,270.224411010742,12,0.0001,54.0120162963867,811.08330217484,1.01073491573334,0.262749135494232,-0.0146250324323773,4.24112882075017,-43235.3158342563,-57891.9801968521,-43237.7784063655,-57891.9898420847,-43240.2409784747,-57891.9994873173,1,0,0,0
20130629104749.daq,31,25,2101.4,1,0,right,-0.219940185546875,270.219940185547,12,0.0001,54.0177116394043,819.00550027503,1.09862494468689,0.262950301170349,-0.0336083546280861,4.21790718039225,-43235.2926725899,-57899.9021828357,-43237.7552454442,-57899.9116359123,-43240.2178182985,-57899.9210889889,1,0,0,0
20130629104749.daq,31,25,2101.5,1,0,right,-0.210617065429688,270.21061706543,12,0.0001,54.0234146118164,826.928534440085,1.09862494468689,0.262760400772095,-0.0336083546280861,4.19109476287809,-43235.2659040701,-57907.8242892034,-43237.72847843,-57907.8333415721,-43240.1910527899,-57907.8423939408,1,0,0,0
20130629104749.daq,31,25,2101.6,1,0,right,-0.199310302734375,270.199310302734,12,0.0001,54.0290985107422,834.852403784171,1.14256989955902,0.26297727227211,-0.0241166949272156,4.16832845700189,-43235.2431642403,-57915.7464446726,-43237.7057403386,-57915.7550110762,-43240.168316437,-57915.7635774797,1,0,0,0
20130629104749.daq,31,25,2101.7,1,0,right,-0.185867309570313,270.18586730957,12,0.0001,54.0347595214844,842.777104717185,1.23045992851257,0.263032585382462,-0.0241166949272156,4.14571253163387,-43235.2205562959,-57923.6686529529,-43237.6831343364,-57923.6766415755,-43240.1457123768,-57923.6846301981,1,0,0,0
20130629104749.daq,31,25,2101.8,1,0,right,-0.166839599609375,270.166839599609,12,0.0001,54.0403861999512,850.702633649111,1.40623998641968,0.26306539773941,-0.0525919124484062,4.12345634755779,-43235.1982931134,-57931.5949056073,-43237.660873671,-57931.6020764167,-43240.1234542287,-57931.6092472261,1,0,0,0
20130629104749.daq,31,25,2101.9,1,0,right,-0.142868041992188,270.142868041992,12,0.0001,54.0460166931152,858.628988435114,1.49412989616394,0.262770414352417,-0.0336083546280861,4.10541989160949,-43235.1802415189,-57939.5212801885,-43237.6428248611,-57939.5274206964,-43240.1054082034,-57939.5335612044,1,0,0,0
20130629104749.daq,31,25,2102,1,0,right,-0.116592407226563,270.116592407227,12,0.0001,54.0516166687012,866.556166883995,1.49412989616394,0.263156086206436,-0.0336083546280861,4.08788824644574,-43235.1623324296,-57947.4477110877,-43237.624918329,-57947.4527222634,-43240.0875042283,-57947.457733439,1,0,0,0
20130629104749.daq,31,25,2102.1,1,0,right,-0.086456298828125,270.086456298828,12,0.0001,54.0571975708008,874.484164939407,1.49412989616394,0.263223767280579,-0.0620835721492767,4.07737741614645,-43235.1524745384,-57955.3742365189,-43237.6150627328,-57955.377952437,-43240.0776509272,-57955.381668355,1,0,0,0
20130629104749.daq,31,25,2102.2,1,0,right,-0.05712890625,270.05712890625,12,0.0001,54.0627670288086,882.412980083638,1.49412989616394,0.262517213821411,-0.0431002490222454,4.06748673795818,-43235.1425670857,-57963.3046472898,-43237.6051568596,-57963.3071027081,-43240.0677466334,-57963.3095581265,1,0,0,0
20130629104749.daq,31,25,2102.3,1,0,right,-0.0254974365234375,270.025497436523,12,0.0001,54.0683212280273,890.342611617321,1.49412989616394,0.262948900461197,-0.0525919124484062,4.06197187162714,-43235.1367086005,-57971.2351138444,-43237.5992993547,-57971.2362097324,-43240.0618901088,-57971.2373056204,1,0,0,0
20130629104749.daq,31,25,2102.4,1,0,right,0.0069427490234375,269.993057250977,12,0.0001,54.0738143920898,898.273053759069,1.53807497024536,0.263163059949875,-0.0146250324323773,4.06008532201408,-43235.1348067696,-57979.1655991964,-43237.5973977495,-57979.1653007948,-43240.0599887295,-57979.1650023932,1,0,0,0
20130629104749.daq,31,25,2102.5,1,0,right,0.0412750244140625,269.958724975586,12,0.0001,54.0793075561523,906.204300447716,1.53807497024536,0.262225478887558,-0.0620835721492767,4.06612887713448,-43235.1408348392,-57987.0961298472,-43237.6034251982,-57987.0943558335,-43240.0660155572,-57987.0925818199,1,0,0,0
20130629104749.daq,31,25,2102.6,1,0,right,0.0754547119140625,269.924545288086,12,0.0001,54.084774017334,914.136352382659,1.53807497024536,0.263221025466919,-0.0146250324323773,4.07213350128064,-43235.1468539799,-57995.0305617375,-43237.6094428424,-57995.0273186707,-43240.072031705,-57995.0240756039,1,0,0,0
20130629104749.daq,31,25,2102.7,1,0,right,0.110946655273438,269.889053344727,12,0.0001,54.0901260375977,922.069197208388,1.53807497024536,0.263154596090317,-0.0810671299695969,4.08605928601219,-43235.1607672692,-58002.9611182224,-43237.6233536504,-58002.9563497025,-43240.0859400315,-58002.9515811826,1,0,0,0
20130629104749.daq,31,25,2102.8,1,0,right,0.146560668945313,269.853439331055,12,0.0001,54.0955123901367,930.002828444325,1.53807497024536,0.263399839401245,-0.0241166949272156,4.10386857737205,-43235.1785948971,-58010.8955825794,-43237.6411778385,-58010.8892833617,-43240.1037607799,-58010.882984144,1,0,0,0
20130629104749.daq,31,25,2102.9,1,0,right,0.183212280273438,269.816787719727,12,0.0001,54.1009674072266,937.937253969809,1.53807497024536,0.262765645980835,-0.0336083546280861,4.12564764825743,-43235.2003935121,-58018.8300708715,-43237.6629719201,-58018.8221963623,-43240.1255503281,-58018.8143218531,1,0,0,0
20130629104749.daq,31,25,2103,1,0,right,0.219894409179688,269.78010559082,12,0.0001,54.1064414978027,945.87248241037,1.49412989616394,0.262556672096252,-0.0525919124484062,4.15131042573174,-43235.2261008374,-58026.7684647059,-43237.6886736993,-58026.7590135968,-43240.1512465612,-58026.7495624877,1,0,0,0
20130629104749.daq,31,25,2103.1,1,0,right,0.256256103515625,269.743743896484,12,0.0001,54.1118812561035,953.8085108753,1.49412989616394,0.26318833231926,-0.0620835721492767,4.18478990293885,-43235.2596013992,-58034.702943048,-43237.7221677672,-58034.6919291151,-43240.1847341352,-58034.6809151822,1,0,0,0
20130629104749.daq,31,25,2103.2,1,0,right,0.292694091796875,269.707305908203,12,0.0001,54.1172637939453,961.745333210216,1.53807497024536,0.262819230556488,-0.0431002490222454,4.22216262023139,-43235.2970134958,-58042.6413280631,-43237.7595723613,-58042.6287480318,-43240.2221312268,-58042.6161680005,1,0,0,0
20130629104749.daq,31,25,2103.3,1,0,right,0.32958984375,269.67041015625,12,0.0001,54.1226234436035,969.682943680295,1.58201992511749,0.262692511081696,-0.0241166949272156,4.26347542453149,-43235.3383607552,-58050.5797227346,-43237.8009110092,-58050.5655569354,-43240.2634612632,-58050.5513911362,1,0,0,0
20130629104749.daq,31,25,2103.4,1,0,right,0.370513916015625,269.629486083984,12,0.0001,54.1279792785645,977.621339348261,1.66990995407104,0.262557089328766,-0.0431002490222454,4.31285375499106,-43235.3877706405,-58058.518213366,-43237.8503101483,-58058.50228867,-43240.3128496561,-58058.4863639739,1,0,0,0
20130629104749.daq,31,25,2103.5,1,0,right,0.413238525390625,269.586761474609,12,0.0001,54.1333427429199,985.560521193198,1.71385490894318,0.263022840023041,-0.0431002490222454,4.36625307247557,-43235.4411990574,-58066.4567456502,-43237.9037260058,-58066.4389846797,-43240.3662529541,-58066.4212237092,1,0,0,0
20130629104749.daq,31,25,2103.6,1,0,right,0.45733642578125,269.542663574219,12,0.0001,54.1386909484863,993.500488562393,1.7577999830246,0.262850821018219,-0.0715752318501472,4.42365147478418,-43235.4986196184,-58074.3992152946,-43237.9611321676,-58074.3795590369,-43240.4236447168,-58074.3599027792,1,0,0,0
20130629104749.daq,31,25,2103.7,1,0,right,0.502792358398438,269.497207641602,12,0.0001,54.1440238952637,1001.4412399639,1.7577999830246,0.262954205274582,-0.0431002490222454,4.48894743467795,-43235.5639377021,-58082.337809235,-43238.0264338819,-58082.3161993354,-43240.4889300617,-58082.2945894357,1,0,0,0
20130629104749.daq,31,25,2103.8,1,0,right,0.549041748046875,269.450958251953,12,0.0001,54.149341583252,1009.38277157448,1.7577999830246,0.26258772611618,-0.0525919124484062,4.55821682203914,-43235.6332121167,-58090.2803262258,-43238.0956900506,-58090.2567285963,-43240.5581679846,-58090.2331309669,1,0,0,0
20130629104749.daq,31,25,2103.9,1,0,right,0.594924926757813,269.405075073242,12,0.0001,54.1546287536621,1017.32508106294,1.7577999830246,0.262516856193542,-0.00513337086886168,4.63528905574716,-43235.7102772057,-58098.2228321333,-43238.1727354528,-58098.1972625285,-43240.6351936999,-58098.1716929236,1,0,0,0
20130629104749.daq,31,25,2104,1,0,right,0.642349243164063,269.357650756836,12,0.0001,54.1599006652832,1025.26814353195,1.71385490894318,0.263383984565735,-0.0620835721492767,4.72027890967006,-43235.7952513229,-58106.1653725807,-43238.2576875622,-58106.1377647823,-43240.7201238016,-58106.110156984,1,0,0,0
20130629104749.daq,31,25,2104.1,1,0,right,0.686614990234375,269.313385009766,12,0.0001,54.1651420593262,1033.21199823907,1.66990995407104,0.263121336698532,-0.0715752318501472,4.80903426021147,-43235.8839365345,-58114.1117415396,-43238.3463507097,-58114.0822313132,-43240.8087648848,-58114.0527210868,1,0,0,0
20130629104749.daq,31,25,2104.2,1,0,right,0.731155395507813,269.268844604492,12,0.0001,54.1703910827637,1041.15662233855,1.62596487998962,0.263496935367584,-0.0715752318501472,4.90559526663491,-43235.980452118,-58122.0542086606,-43238.4428426086,-58122.0227842199,-43240.9052330991,-58121.9913597792,1,0,0,0
20130629104749.daq,31,25,2104.3,1,0,right,0.7747802734375,269.225219726563,12,0.0001,54.1756248474121,1049.10201480449,1.62596487998962,0.263008773326874,0.0328335054218769,5.00590784461538,-43236.0808179036,-58130.0005581411,-43238.5431837539,-58129.9672588511,-43241.0055496042,-58129.933959561,1,0,0,0
20130629104749.daq,31,25,2104.4,1,0,right,0.817520141601563,269.182479858398,12,0.0001,54.1808319091797,1057.04817391193,1.58201992511749,0.263099193572998,-0.0620835721492767,5.1177462256483,-43236.1928482363,-58137.9468845836,-43238.6551885619,-58137.9117484977,-43241.1175288875,-58137.8766124118,1,0,0,0
20130629104749.daq,31,25,2104.5,1,0,right,0.842315673828125,269.157684326172,12,0.0001,54.1859970092773,1064.99509350641,0.351559996604919,0.263897895812988,-0.0905587896704674,5.22852006386983,-43236.3037640739,-58145.8927844143,-43238.7660889633,-58145.8565827202,-43241.2284138526,-58145.8203810262,1,0,0,0
20130629104749.daq,31,25,2104.6,1,0,right,0.83203125,269.16796875,12,0.0001,54.191162109375,1072.94276934513,-1.40623986721039,0.262641131877899,-0.0336083546280861,5.34500315537151,-43236.420312451,-58153.8378533885,-43238.8826437988,-58153.8020936751,-43241.3449751466,-58153.7663339618,1,0,0,0
20130629104749.daq,31,25,2104.7,1,0,right,0.784271240234375,269.215728759766,12,0.0001,54.1963348388672,1080.8912044121,-1.93357992172241,0.263084083795547,-0.0525919124484062,5.4631615914429,-43236.5384387409,-58161.7859397219,-43239.0007990414,-58161.7522325448,-43241.4631593419,-58161.7185253677,1,0,0,0
20130629104749.daq,31,25,2104.8,1,0,right,0.717758178710938,269.282241821289,12,0.0001,54.2014427185059,1088.84039325223,-1.93357992172241,0.263320297002792,-0.0431002490222454,5.57634443463537,-43236.6514951771,-58169.7296710395,-43239.1138929482,-58169.6988223694,-43241.5762907193,-58169.6679736993,1,0,0,0
20130629104749.daq,31,25,2104.9,1,0,right,0.644180297851563,269.355819702148,12,0.0001,54.2065086364746,1096.79032775294,-1.93357992172241,0.26268407702446,-0.0241166949272156,5.68525302252196,-43236.7602087159,-58177.6732288232,-43239.2226440717,-58177.6455423305,-43241.6850794275,-58177.6178558378,1,0,0,0
20130629104749.daq,31,25,2105,1,0,right,0.567840576171875,269.432159423828,12,0.0001,54.211540222168,1104.741002972,-1.97752487659454,0.262637883424759,-0.0336083546280861,5.78623160182693,-43236.8609406857,-58185.6206207928,-43239.3234107447,-58185.5962152221,-43241.7858808037,-58185.5718096514,0,1,0,1
20130629104749.daq,31,25,2105.1,1,0,right,0.4874267578125,269.512573242188,12,0.0001,54.2165069580078,1112.69241144962,-2.10935974121094,0.263750314712524,-0.0336083546280861,5.87877361131177,-43236.95361,-58193.5640021973,-43239.4161118866,-58193.5430526914,-43241.8786137732,-58193.5221031856,0,1,0,1
20130629104749.daq,31,25,2105.2,1,0,right,0.406784057617188,269.593215942383,12,0.0001,54.2214736938477,1120.64454726456,-2.10935974121094,0.261597216129303,-0.00513337086886168,5.95963748671665,-43237.0345490968,-58201.5112773282,-43239.4970780303,-58201.4937937657,-43241.9596069639,-58201.4763102031,0,1,0,1
20130629104749.daq,31,25,2105.3,1,0,right,0.324462890625,269.675537109375,12,0.0001,54.2264976501465,1128.59741764344,-2.10935974121094,0.262734472751617,0.051817063242197,6.0287782877729,-43237.1036682355,-58209.462411001,-43239.5662197473,-58209.4484655563,-43242.028771259,-58209.4345201117,0,1,0,1
20130629104749.daq,31,25,2105.4,1,0,right,0.239044189453125,269.760955810547,12,0.0001,54.231388092041,1136.55101577923,-2.19724988937378,0.262204468250275,-0.0146250324323773,6.08611255247938,-43237.1608797692,-58217.4095557518,-43239.6234493347,-58217.3992815856,-43242.0860189002,-58217.3890074194,0,1,0,1
20130629104749.daq,31,25,2105.5,1,0,right,0.148818969726563,269.851181030273,12,0.0001,54.2362632751465,1144.50532763803,-2.54880976676941,0.262901246547699,-0.0146250324323773,6.13152382717835,-43237.206078335,-58225.3565752389,-43239.6686610262,-58225.3501789589,-43242.1312437174,-58225.343782679,0,1,0,1
20130629104749.daq,31,25,2105.6,1,0,right,0.0474853515625,269.952514648438,12,0.0001,54.2411155700684,1152.46035405909,-2.90036988258362,0.263280957937241,-0.0525919124484062,6.16811939428051,-43237.2427812067,-58233.307219728,-43239.7053713589,-58233.3051787926,-43242.1679615112,-58233.3031378572,0,1,0,1
20130629104749.daq,31,25,2105.7,1,0,right,-0.0610504150390625,270.061050415039,12,0.0001,54.2459030151367,1160.41608744263,-2.8564248085022,0.262950241565704,-0.0620835721492767,6.18747500223266,-43237.2634186169,-58241.2576756314,-43239.7260082169,-58241.2602995974,-43242.1885978169,-58241.2629235633,0,1,0,1
20130629104749.daq,31,25,2105.8,1,0,right,-0.170852661132813,270.170852661133,12,0.0001,54.2506103515625,1168.37251762458,-2.76853489875793,0.263260245323181,-0.0525919124484062,6.19353778449853,-43237.2683579295,-58249.2080874676,-43239.7309379789,-58249.215430759,-43242.1935180283,-58249.2227740503,0,1,1,1
20130629104749.daq,31,25,2105.9,1,0,right,-0.273330688476563,270.273330688477,12,0.0001,54.2552452087402,1176.32963164343,-2.15330481529236,0.263103544712067,-0.0431002490222454,6.18732575728746,-43237.2620354075,-58257.1586685651,-43239.7245983839,-58257.1704163613,-43242.1871613603,-58257.1821641575,0,1,1,1
20130629104749.daq,31,25,2106,1,0,right,-0.361968994140625,270.361968994141,12,0.0001,54.2599105834961,1184.28741705054,-1.84568989276886,0.262741804122925,-0.0241166949272156,6.16627043677605,-43237.2409454232,-58265.1134903505,-43239.7034872786,-58265.1290477906,-43242.166029134,-58265.1446052307,0,1,1,1
20130629104749.daq,31,25,2106.1,1,0,right,-0.443923950195313,270.443923950195,12,0.0001,54.2646408081055,1192.24590186699,-1.88963496685028,0.263056427240372,0.00435852259397507,6.12973639998954,-43237.2046455468,-58273.06456496,-43239.6671626299,-58273.083644763,-43242.129679713,-58273.102724566,0,1,1,1
20130629104749.daq,31,25,2106.2,1,0,right,-0.522491455078125,270.522491455078,12,0.0001,54.2693901062012,1200.20508161699,-1.93357992172241,0.262809723615646,-0.00513337086886168,6.08181811987938,-43237.1568384056,-58281.0196237888,-43239.6193270101,-58281.042080328,-43242.0818156146,-58281.0645368673,0,1,1,1
20130629104749.daq,31,25,2106.3,1,0,right,-0.600341796875,270.600341796875,12,0.0001,54.2741775512695,1208.16496110268,-1.75779986381531,0.262565433979034,-0.0241166949272156,6.02238682281574,-43237.0973593514,-58288.9746940795,-43239.5598151701,-58289.0004964906,-43242.0222709888,-58289.0262989016,0,1,1,1
20130629104749.daq,31,25,2106.4,1,0,right,-0.670928955078125,270.670928955078,12,0.0001,54.278980255127,1216.12554386756,-1.45018494129181,0.261839061975479,-0.00513337086886168,5.95569923320162,-43237.0305171404,-58296.9299416951,-43239.4929393024,-58296.958777778,-43241.9553614643,-58296.9876138608,0,1,1,1
20130629104749.daq,31,25,2106.5,1,0,right,-0.736053466796875,270.736053466797,12,0.0001,54.2837333679199,1224.08682911901,-1.31834995746613,0.262889951467514,-0.0146250324323773,5.87323253143939,-43236.948387919,-58304.8892288504,-43239.4107757142,-58304.9208637945,-43241.8731635093,-58304.9524987387,0,1,1,1
20130629104749.daq,31,25,2106.6,1,0,right,-0.793853759765625,270.793853759766,12,0.0001,54.288444519043,1232.04880632,-1.18651497364044,0.263207376003265,0.0138501841574907,5.78360775343966,-43236.858898105,-58312.8447915499,-43239.3212527337,-58312.8789105477,-43241.7836073624,-58312.9130295455,0,1,1,1
20130629104749.daq,31,25,2106.7,1,0,right,-0.848526000976563,270.848526000977,12,0.0001,54.2932167053223,1240.01147784828,-1.18651497364044,0.262700259685516,-0.0525919124484062,5.68654806585114,-43236.7617894011,-58320.8043366776,-43239.2241103521,-58320.8408052645,-43241.6864313031,-58320.8772738513,0,0,1,0
20130629104749.daq,31,25,2106.8,1,0,right,-0.902511596679688,270.90251159668,12,0.0001,54.2980651855469,1247.97485713175,-1.18651497364044,0.262619614601135,-0.0241166949272156,5.5779149822897,-43236.6530054354,-58328.7638961484,-43239.1152909317,-58328.8026847825,-43241.577576428,-58328.8414734166,0,0,1,0
20130629104749.daq,31,25,2106.9,1,0,right,-0.952667236328125,270.952667236328,12,0.0001,54.3028373718262,1255.93894258502,-1.05467987060547,0.263811647891998,-0.0525919124484062,5.46512156289567,-43236.5405515792,-58336.7235505835,-43239.0028021773,-58336.7644946405,-43241.4650527754,-58336.8054386975,0,0,1,0
20130629104749.daq,31,25,2107,1,0,right,-0.999237060546875,270.999237060547,12,0.0001,54.3075714111328,1263.90372339141,-0.878899931907654,0.263371706008911,-0.0715752318501472,5.34103693956993,-43236.4166000987,-58344.6832943371,-43238.8788166042,-58344.7262396897,-43241.3410331098,-58344.7691850423,0,0,1,0
20130629104749.daq,31,25,2107.1,1,0,right,-1.04524230957031,271.04524230957,12,0.0001,54.3123626708984,1271.86920314096,-0.92284494638443,0.263020277023315,-0.0525919124484062,5.21332680029375,-43236.2887779666,-58352.6469565325,-43238.7509591957,-58352.6918788907,-43241.2131404249,-58352.7368012489,0,0,1,0
20130629104749.daq,31,25,2107.2,1,0,right,-1.08975219726563,271.089752197266,12,0.0001,54.3171501159668,1279.83538575002,-1.05467987060547,0.263292074203491,-0.0241166949272156,5.0778185112097,-43236.1532359693,-58360.6067487269,-43238.6153815578,-58360.6535838023,-43241.0775271463,-58360.7004188777,0,0,1,0
20130629104749.daq,31,25,2107.3,1,0,right,-1.14077758789063,271.140777587891,12,0.0001,54.321907043457,1287.80226902734,-1.2744048833847,0.263072997331619,-0.0905587896704674,4.93762234775355,-43236.013389265,-58368.5702769095,-43238.4754921677,-58368.619304657,-43240.9375950703,-58368.6683324046,0,0,1,0
20130629104749.daq,31,25,2107.4,1,0,right,-1.19285583496094,271.192855834961,12,0.0001,54.3266258239746,1295.76984597926,-1.14256989955902,0.262622833251953,-0.0431002490222454,4.78983021740633,-43235.8656667279,-58376.5337750748,-43238.3277240505,-58376.5850406979,-43240.789781373,-58376.636306321,0,0,1,0
20130629104749.daq,31,25,2107.5,1,0,right,-1.23187255859375,271.231872558594,12,0.0001,54.3313674926758,1303.73811632601,-0.219724982976913,0.262856513261795,-0.0715752318501472,4.63535064337498,-43235.7109328861,-58384.4976088201,-43238.1729547274,-58384.5505510191,-43240.6349765687,-58384.6034932181,0,0,1,0
20130629104749.daq,31,25,2107.6,1,0,right,-1.24513244628906,271.245132446289,12,0.0001,54.3361434936523,1311.70708459019,0.92284494638443,0.262835115194321,-0.0715752318501472,4.47414128906276,-43235.5499645168,-58392.4621089481,-43238.0119740398,-58392.5156209282,-43240.4739835628,-58392.5691329082,0,0,1,0
20130629104749.daq,31,25,2107.7,1,0,right,-1.22294616699219,271.222946166992,12,0.0001,54.3409614562988,1319.67675636668,2.10935997962952,0.263375580310822,-0.0810671299695969,4.31132285151636,-43235.3872608896,-58400.4275275363,-43237.8492909491,-58400.4800861642,-43240.3113210087,-58400.532644792,0,0,1,0
20130629104749.daq,31,25,2107.8,1,0,right,-1.17193603515625,271.171936035156,12,0.0001,54.3458251953125,1327.64713850923,2.63669991493225,0.263243198394775,-0.0905587896704674,4.15059685737806,-43235.226323519,-58408.3975971939,-43237.6883993955,-58408.4479638687,-43240.1504752719,-58408.4983305436,0,0,1,0
20130629104749.daq,31,25,2107.9,1,0,right,-1.10188293457031,271.10188293457,12,0.0001,54.3507194519043,1335.61823651951,2.8564248085022,0.263054192066193,-0.0620835721492767,3.99136819460296,-43235.0665547257,-58416.3681549673,-43237.5286903431,-58416.4155113303,-43239.9908259604,-58416.4628676933,0,0,1,0
20130629104749.daq,31,25,2108,1,0,right,-1.02177429199219,271.021774291992,12,0.0001,54.3555564880371,1343.59004391672,3.0322048664093,0.263195157051086,-0.0525919124484062,3.83971758003188,-43234.915217463,-58424.3428720456,-43237.3774168856,-58424.386785905,-43239.8396163081,-58424.4306997644,0,0,1,0
20130629104749.daq,31,25,2108.1,1,0,right,-0.933624267578125,270.933624267578,12,0.0001,54.3603057861328,1351.56256014141,3.12009477615356,0.263005197048187,-0.0525919124484062,3.69672157592763,-43234.7721891694,-58432.3138818018,-43237.2344532398,-58432.3540074968,-43239.6967173101,-58432.3941331918,0,0,1,0
20130629104749.daq,31,25,2108.2,1,0,right,-0.841033935546875,270.841033935547,12,0.0001,54.3649559020996,1359.53576575129,3.25192975997925,0.261360108852386,-0.0146250324323773,3.56215749918629,-43234.6372495859,-58440.2889026723,-43237.0995752845,-58440.3250492827,-43239.5619009831,-58440.3611958932,0,0,1,0
20130629104749.daq,31,25,2108.3,1,0,right,-0.74395751953125,270.743957519531,12,0.0001,54.3694915771484,1367.50964573331,3.25192975997925,0.263051092624664,-0.0336083546280861,3.44338262368804,-43234.5182145611,-58448.2640282411,-43236.9805979687,-58448.2960028757,-43239.4429813763,-58448.3279775102,0,0,1,0
20130629104749.daq,31,25,2108.4,1,0,right,-0.644927978515625,270.644927978516,12,0.0001,54.3738975524902,1375.48417957296,3.25192975997925,0.262847065925598,-0.0620835721492767,3.33591394489015,-43234.4110226003,-58456.2430993241,-43236.8734575946,-58456.2708179504,-43239.3358925889,-58456.2985365766,0,0,1,0
20130629104749.daq,31,25,2108.5,1,0,right,-0.54510498046875,270.545104980469,12,0.0001,54.3783416748047,1383.45936148873,3.25192975997925,0.263209819793701,-0.100050449371338,3.24068815530558,-43234.3156025576,-58464.2221798514,-43236.7780821072,-58464.245608285,-43239.2405616567,-58464.2690367187,0,0,1,0
20130629104749.daq,31,25,2108.6,1,0,right,-0.446014404296875,270.446014404297,12,0.0001,54.3827247619629,1391.43519287938,3.16403985023499,0.26403996348381,-0.128525659441948,3.16147463902687,-43234.2357667762,-58472.1973250655,-43236.6982831615,-58472.2164947142,-43239.1607995469,-58472.2356643629,0,0,1,0
20130629104749.daq,31,25,2108.7,1,0,right,-0.350860595703125,270.350860595703,12,0.0001,54.3870735168457,1399.41166241522,2.98825979232788,0.263341307640076,-0.0525919124484062,3.09651644266758,-43234.1713176228,-58480.1762677101,-43236.6338624481,-58480.1913477169,-43239.0964072735,-58480.2064277237,0,0,1,0
20130629104749.daq,31,25,2108.8,1,0,right,-0.261306762695313,270.261306762695,12,0.0001,54.391487121582,1407.38877429246,2.76853489875793,0.262823224067688,-0.0715752318501472,3.04343627756667,-43234.1182457543,-58488.1589676311,-43236.5808111418,-58488.1701986408,-43239.0433765294,-58488.1814296504,0,0,1,0
20130629104749.daq,31,25,2108.9,1,0,right,-0.175949096679688,270.17594909668,12,0.0001,54.3959541320801,1415.36653816226,2.63669991493225,0.262418776750565,-0.0336083546280861,3.00240520331673,-43234.0766371405,-58496.1376487215,-43236.539216527,-58496.1452110583,-43239.0017959134,-58496.1527733951,0,0,1,0
20130629104749.daq,31,25,2109,1,0,right,-0.0958099365234375,270.095809936523,12,0.0001,54.4004058837891,1423.34495197318,2.68064475059509,0.26269194483757,-0.0715752318501472,2.97171746182315,-43234.0464281736,-58504.1200993949,-43236.5090157286,-58504.1242173348,-43238.9716032836,-58504.1283352747,0,0,1,0
20130629104749.daq,31,25,2109.1,1,0,right,-0.009490966796875,270.009490966797,12,0.0001,54.4048385620117,1431.32402155324,3.25192975997925,0.263533771038055,-0.0620835721492767,2.95745025447848,-43234.0322288042,-58512.0987889083,-43236.4948197684,-58512.0991968331,-43238.9574107327,-58512.0996047579,0,0,1,0
20130629104749.daq,31,25,2109.2,1,0,right,0.10284423828125,269.897155761719,12,0.0001,54.4092330932617,1439.30373911618,4.57027959823608,0.263011515140533,-0.0336083546280861,2.95466819637268,-43234.0274537328,-58520.0820137125,-43236.4900407637,-58520.0775934365,-43238.9526277945,-58520.0731731605,0,0,1,0
20130629104749.daq,31,25,2109.3,1,0,right,0.23822021484375,269.761779785156,12,0.0001,54.4135208129883,1447.28409393845,4.79000473022461,0.263976633548737,-0.0525919124484062,2.96499853972229,-43234.0397350202,-58528.069691957,-43236.5023047332,-58528.0594532052,-43238.9648744462,-58528.0492144533,0,0,1,0
20130629104749.daq,31,25,2109.4,1,0,right,0.385238647460938,269.614761352539,12,0.0001,54.4177551269531,1455.26507268558,4.65816974639893,0.263220727443695,-0.0620835721492767,2.99347539202475,-43234.0683703807,-58536.0537256083,-43236.5309057146,-58536.0371680523,-43238.9934410486,-58536.0206104963,0,0,1,0
20130629104749.daq,31,25,2109.5,1,0,right,0.53192138671875,269.468078613281,12,0.0001,54.4219932556152,1463.24667251349,4.21871995925903,0.262182950973511,-0.0336083546280861,3.04208106980876,-43234.1165252897,-58544.0416340773,-43236.5790101649,-58544.0187722538,-43239.0414950401,-58543.9959104302,0,0,1,0
20130629104749.daq,31,25,2109.6,1,0,right,0.664993286132813,269.335006713867,12,0.0001,54.4261703491211,1471.22889095105,3.64743494987488,0.262843191623688,-0.0431002490222454,3.10446619043555,-43234.1794693066,-58552.0252882751,-43236.6418944427,-58551.9967072918,-43239.1043195788,-58551.9681263086,0,0,1,0
20130629104749.daq,31,25,2109.7,1,0,right,0.776397705078125,269.223602294922,12,0.0001,54.4302406311035,1479.21171335827,2.90036988258362,0.263160854578018,-0.0431002490222454,3.18928914093886,-43234.2645121273,-58560.0123152984,-43236.7268770366,-58559.978946497,-43239.1892419459,-58559.9455776956,0,0,1,0
20130629104749.daq,31,25,2109.8,1,0,right,0.871688842773438,269.128311157227,12,0.0001,54.4343605041504,1487.1951344666,2.63669991493225,0.262369573116302,-0.0431002490222454,3.2855494264233,-43234.3602772025,-58567.9989480623,-43236.8225832092,-58567.9614840413,-43239.2848892158,-58567.9240200203,0,0,1,0
20130629104749.daq,31,25,2109.9,1,0,right,0.954681396484375,269.045318603516,12,0.0001,54.4385375976563,1495.17916481316,2.54880976676941,0.263654410839081,-0.0431002490222454,3.39935334323427,-43234.4748123554,-58575.985281406,-43236.9370615126,-58575.9442507918,-43239.3993106698,-58575.9032201775,0,0,1,0
20130629104749.daq,31,25,2110,1,0,right,1.030517578125,268.969482421875,12,0.0001,54.4427642822266,1503.16381064558,2.37302994728088,0.262699484825134,-0.0431002490222454,3.52906670064879,-43234.6045300289,-58583.9714393464,-43237.0667227216,-58583.927149758,-43239.5289154142,-58583.8828601697,0,0,1,0
20130629104749.daq,31,25,2110.1,1,0,right,1.09800720214844,268.901992797852,12,0.0001,54.4471549987793,1511.14908846878,2.10935997962952,0.262261420488358,-0.0146250324323773,3.67005747484628,-43234.7454492049,-58591.9573958033,-43237.20758802,-58591.9102059898,-43239.6697268352,-58591.8630161763,0,0,1,0
20130629104749.daq,31,25,2110.2,1,0,right,1.15272521972656,268.847274780273,12,0.0001,54.4515686035156,1519.1350136222,1.49412989616394,0.263400018215179,-0.0525919124484062,3.82147927148869,-43234.8972936159,-58599.9430493557,-43237.3593862416,-58599.893508198,-43239.8214788672,-58599.8439670402,0,0,1,0
20130629104749.daq,31,25,2110.3,1,0,right,1.18339538574219,268.816604614258,12,0.0001,54.4559173583984,1527.12158083727,0.527339994907379,0.263221919536591,-0.0431002490222454,3.97995546538438,-43235.0554537677,-58607.928139578,-43237.5175195215,-58607.8772804806,-43239.9795852752,-58607.8264213832,0,0,1,0
20130629104749.daq,31,25,2110.4,1,0,right,1.18551635742188,268.814483642578,12,0.0001,54.4603271484375,1535.10878969426,-0.483394980430603,0.262621700763702,-0.0525919124484062,4.13993697022373,-43235.215742127,-58615.9125640008,-43237.6778059963,-58615.8616137628,-43240.1398698656,-58615.8106635249,0,0,1,0
20130629104749.daq,31,25,2110.5,1,0,right,1.15638732910156,268.843612670898,12,0.0001,54.4647369384766,1543.09664718696,-1.40623986721039,0.262968838214874,-0.0810671299695969,4.30619972269281,-43235.3818966736,-58623.8962598091,-43237.8439861278,-58623.8465612847,-43240.3060755819,-58623.7968627603,0,0,1,0
20130629104749.daq,31,25,2110.6,1,0,right,1.0914306640625,268.908569335938,12,0.0001,54.4691200256348,1551.08514841978,-2.59275484085083,0.262953579425812,-0.0525919124484062,4.47029713310983,-43235.5458210618,-58631.8791169155,-43238.0079652773,-58631.8322097121,-43240.4701094927,-58631.7853025088,0,0,1,0
20130629104749.daq,31,25,2110.7,1,0,right,0.99749755859375,269.002502441406,12,0.0001,54.473461151123,1559.07429096819,-3.12009477615356,0.263088285923004,-0.0431002490222454,4.63243838185717,-43235.707944355,-58639.8651950494,-43238.1701621632,-58639.8223244499,-43240.6323799714,-58639.7794538503,0,0,1,0
20130629104749.daq,31,25,2110.8,1,0,right,0.888946533203125,269.111053466797,12,0.0001,54.4776954650879,1567.06406210389,-2.98825979232788,0.264111042022705,-0.0715752318501472,4.78227070854845,-43235.8574437346,-58647.847012151,-43238.3197383453,-58647.8088064764,-43240.782032956,-58647.7706008019,0,0,1,0
20130629104749.daq,31,25,2110.9,1,0,right,0.773788452148438,269.226211547852,12,0.0001,54.4818458557129,1575.05444718685,-2.98825979232788,0.263326942920685,-0.0336083546280861,4.91957136594336,-43235.994818793,-58655.8286595881,-43238.4571852193,-58655.7954029229,-43240.9195516457,-58655.7621462578,0,0,1,0
20130629104749.daq,31,25,2111,1,0,right,0.661117553710938,269.338882446289,12,0.0001,54.4860000610352,1583.0454402958,-2.76853489875793,0.262979447841644,-0.0715752318501472,5.04186020480592,-43236.1167287302,-58663.8142582697,-43238.579155794,-58663.7858438556,-43241.0415828578,-58663.7574294414,0,0,1,0
20130629104749.daq,31,25,2111.1,1,0,right,0.553543090820313,269.44645690918,12,0.0001,54.490161895752,1591.03704380852,-2.50486493110657,0.262775719165802,-0.00513337086886168,5.15220776523835,-43236.2272413161,-58671.7999654579,-43238.6897173886,-58671.7761743682,-43241.1521934611,-58671.7523832786,0,0,1,0
20130629104749.daq,31,25,2111.2,1,0,right,0.4500732421875,269.549926757813,12,0.0001,54.4942741394043,1599.02925450797,-2.50486493110657,0.261572480201721,0.0138501841574907,5.24770924193677,-43236.3223881609,-58679.785759042,-43238.7849031821,-58679.7664149485,-43241.2474182032,-58679.747070855,0,0,1,0
20130629104749.daq,31,25,2111.3,1,0,right,0.350372314453125,269.649627685547,12,0.0001,54.4983215332031,1607.0220644681,-2.28513979911804,0.263638854026794,-0.0146250324323773,5.32724588838697,-43236.4021479575,-58687.7716322832,-43238.8646929113,-58687.7565732625,-43241.327237865,-58687.7415142418,0,0,1,0
20130629104749.daq,31,25,2111.4,1,0,right,0.259475708007813,269.740524291992,12,0.0001,54.5023078918457,1615.01546198619,-1.97752487659454,0.264244824647903,-0.0525919124484062,5.39228578724808,-43236.4668319496,-58695.7577088043,-43238.9293976948,-58695.7465564932,-43241.39196344,-58695.7354041821,0,0,1,0
20130629104749.daq,31,25,2111.5,1,0,right,0.178955078125,269.821044921875,12,0.0001,54.5063705444336,1623.00944846097,-1.66990995407104,0.263232409954071,-0.0241166949272156,5.44170061019599,-43236.516536371,-58703.747935792,-43238.9791153573,-58703.7402442578,-43241.4416943436,-58703.7325527236,0,0,1,0
20130629104749.daq,31,25,2111.6,1,0,right,0.103759765625,269.896240234375,12,0.0001,54.5104904174805,1631.00403643431,-1.58201992511749,0.263396412134171,0.0138501841574907,5.48423072626832,-43236.5587603457,-58711.7382861183,-43239.0213473056,-58711.7338264927,-43241.4839342655,-58711.7293668671,0,0,1,0
20130629104749.daq,31,25,2111.7,1,0,right,0.0345611572265625,269.965438842773,12,0.0001,54.5145988464355,1638.99922749147,-1.58201992511749,0.263086646795273,-0.0336083546280861,5.51092163094493,-43236.5857323658,-58719.7287775644,-43239.0483229158,-58719.7272921148,-43241.5109134658,-58719.7258066653,0,0,1,0
20130629104749.daq,31,25,2111.8,1,0,right,-0.03338623046875,270.033386230469,12,0.0001,54.5187225341797,1646.99502261158,-1.58201992511749,0.263259142637253,-0.0146250324323773,5.52964735242501,-43236.6049712348,-58727.7192946515,-43239.0675618147,-58727.7207296023,-43241.5301523946,-58727.7221645532,0,0,1,0
20130629104749.daq,31,25,2111.9,1,0,right,-0.0997772216796875,270.09977722168,12,0.0001,54.5228691101074,1654.99142393933,-1.58201992511749,0.263098746538162,-0.0336083546280861,5.53709342305033,-43236.6125894434,-58735.7137514427,-43239.0751767074,-58735.7180398975,-43241.5377639713,-58735.7223283524,0,0,1,0
20130629104749.daq,31,25,2112,1,0,right,-0.167266845703125,270.167266845703,12,0.0001,54.5270156860352,1662.98843333963,-1.58201992511749,0.263075768947601,-0.0241166949272156,5.53382638353129,-43236.6084229936,-58743.7042700267,-43239.0710034978,-58743.7114591992,-43241.5335840019,-58743.7186483717,0,0,1,0
20130629104749.daq,31,25,2112.1,1,0,right,-0.234771728515625,270.234771728516,12,0.0001,54.5311622619629,1670.98605090586,-1.53807497024536,0.262249618768692,0.00435852259397507,5.52161670904816,-43236.5964450713,-58751.6986895751,-43239.059015396,-58751.7087801111,-43241.5215857208,-58751.7188706472,0,0,1,0
20130629104749.daq,31,25,2112.2,1,0,right,-0.300628662109375,270.300628662109,12,0.0001,54.5352973937988,1678.98427621822,-1.53807497024536,0.262283056974411,-0.0336083546280861,5.50204424327553,-43236.57675824,-58759.6931452664,-43239.0393153398,-58759.7060663235,-43241.5018724396,-58759.7189873806,0,0,1,0
20130629104749.daq,31,25,2112.3,1,0,right,-0.363967895507813,270.363967895508,12,0.0001,54.5393943786621,1686.98310578009,-1.40623986721039,0.263358533382416,-0.0525919124484062,5.47456296481035,-43236.5494159706,-58767.6876591769,-43239.0119572817,-58767.7033025287,-43241.4744985929,-58767.7189458805,0,0,1,0
20130629104749.daq,31,25,2112.4,1,0,right,-0.426956176757813,270.426956176758,12,0.0001,54.5434722900391,1694.98253422955,-1.40623986721039,0.263245344161987,-0.0336083546280861,5.43554024994189,-43236.5103783213,-58775.6821775612,-43238.9729009467,-58775.700528105,-43241.4354235722,-58775.7188786487,0,0,1,0
20130629104749.daq,31,25,2112.5,1,0,right,-0.487060546875,270.487060546875,12,0.0001,54.5475692749023,1702.98256138019,-1.40623986721039,0.26292410492897,-0.0336083546280861,5.38494017748546,-43236.4598012482,-58783.6806703459,-43238.9223032687,-58783.7016041124,-43241.3848052891,-58783.722537879,0,0,1,0
20130629104749.daq,31,25,2112.6,1,0,right,-0.547119140625,270.547119140625,12,0.0001,54.5516929626465,1710.98319217408,-1.40623986721039,0.262950718402863,-0.0525919124484062,5.33033486844744,-43236.405322326,-58791.6752541502,-43238.8678010504,-58791.6987691491,-43241.3302797749,-58791.7222841481,0,0,1,0
20130629104749.daq,31,25,2112.7,1,0,right,-0.60906982421875,270.609069824219,12,0.0001,54.5557861328125,1718.98442637819,-1.49412989616394,0.263105928897858,-0.0525919124484062,5.26414720304495,-43236.3390098226,-58799.6736925749,-43238.8014616822,-58799.6998700984,-43241.2639135418,-58799.726047622,0,0,1,0
20130629104749.daq,31,25,2112.8,1,0,right,-0.674118041992188,270.674118041992,12,0.0001,54.5598297119141,1726.98625657929,-1.62596487998962,0.263597667217255,-0.0336083546280861,5.18954416347593,-43236.2646960137,-58807.6720484852,-43238.7271165669,-58807.7010216266,-43241.18953712,-58807.7299947681,0,0,1,0
20130629104749.daq,31,25,2112.9,1,0,right,-0.742324829101563,270.742324829102,12,0.0001,54.5638656616211,1734.9886791872,-1.66990995407104,0.263282269239426,-0.0431002490222454,5.10756803348013,-43236.1823774194,-58815.6703196852,-43238.6447617372,-58815.7022241521,-43241.107146055,-58815.734128619,0,0,1,0
20130629104749.daq,31,25,2113,1,0,right,-0.809890747070313,270.80989074707,12,0.0001,54.5679054260254,1742.99169424863,-1.62596487998962,0.262860864400864,-0.0525919124484062,5.01698355403806,-43236.09228776,-58823.6686022081,-43238.5546327424,-58823.7034104132,-43241.0169777248,-58823.7382186184,0,0,1,0
20130629104749.daq,31,25,2113.1,1,0,right,-0.876007080078125,270.876007080078,12,0.0001,54.571907043457,1750.9952992925,-1.45018494129181,0.262850642204285,-0.0241166949272156,4.91543565769927,-43235.990570396,-58831.6669168395,-43238.4528735722,-58831.7045664382,-43240.9151767483,-58831.7422160369,0,0,1,0
20130629104749.daq,31,25,2113.2,1,0,right,-0.931381225585938,270.931381225586,12,0.0001,54.5758781433105,1758.99948797791,-0.703119933605194,0.263003885746002,-0.0241166949272156,4.80628799360993,-43235.881701856,-58839.6655016943,-43238.3439674953,-58839.7055309954,-43240.8062331346,-58839.7455602965,0,0,1,0
20130629104749.daq,31,25,2113.3,1,0,right,-0.9677734375,270.9677734375,12,0.0001,54.5799140930176,1767.00426258938,0,0.262678205966949,-0.0431002490222454,4.69081184500147,-43235.7661869896,-58847.6645698636,-43238.228426707,-58847.7061630988,-43240.6906664245,-58847.747756334,0,0,1,0
20130629104749.daq,31,25,2113.4,1,0,right,-0.986099243164063,270.986099243164,12,0.0001,54.5840263366699,1775.00963650813,0.307614982128143,0.262702882289886,-0.00513337086886168,4.56467440879338,-43235.640062445,-58855.6680063402,-43238.1022887331,-58855.7103871099,-43240.5645150212,-58855.7527678797,0,0,1,0
20130629104749.daq,31,25,2113.5,1,0,right,-0.994033813476563,270.994033813477,12,0.0001,54.5881576538086,1783.01561481622,0.307614982128143,0.262451410293579,-0.0336083546280861,4.43905950391842,-43235.5145755948,-58863.6717090797,-43237.9767959902,-58863.7144308289,-43240.4390163856,-58863.7571525781,0,0,1,0
20130629104749.daq,31,25,2113.6,1,0,right,-0.998779296875,270.998779296875,12,0.0001,54.5923042297363,1791.02220045091,0.26366999745369,0.263151347637177,-0.0715752318501472,4.30625301629292,-43235.3814719344,-58871.6754935825,-43237.8436887829,-58871.7184192632,-43240.3059056315,-58871.761344944,0,0,1,0
20130629104749.daq,31,25,2113.7,1,0,right,-1.00291442871094,271.002914428711,12,0.0001,54.5964279174805,1799.02939285271,0.26366999745369,0.263691663742065,-0.0525919124484062,4.17283447919717,-43235.2484057304,-58879.6792937244,-43237.7106194746,-58879.7223971074,-43240.1728332187,-58879.7655004903,0,0,1,0
20130629104749.daq,31,25,2113.8,1,0,right,-1.00627136230469,271.006271362305,12,0.0001,54.6005210876465,1807.03718782545,0.307614982128143,0.263717293739319,-0.0620835721492767,4.04021639566033,-43235.1153872772,-58887.6870200716,-43237.5775984917,-58887.7302677145,-43240.0398097062,-58887.7735153573,0,0,1,0
20130629104749.daq,31,25,2113.9,1,0,right,-1.00962829589844,271.009628295898,12,0.0001,54.6045837402344,1815.04558042696,0.395504981279373,0.26386833190918,-0.0715752318501472,3.90291632347619,-43234.978462579,-58895.6908401567,-43237.4406712554,-58895.7342320593,-43239.9028799318,-58895.7776239619,0,0,1,0
20130629104749.daq,31,25,2114,1,0,right,-1.00538635253906,271.005386352539,12,0.0001,54.6086654663086,1823.0545697714,0.791009962558746,0.262713491916656,-0.0525919124484062,3.77052241262421,-43234.8459103235,-58903.6987615358,-43237.3081222057,-58903.7419711465,-43239.7703340879,-58903.7851807572,0,0,1,0
20130629104749.daq,31,25,2114.1,1,0,right,-0.99212646484375,270.992126464844,12,0.0001,54.61279296875,1831.06416140706,1.05467998981476,0.262491285800934,-0.0146250324323773,3.63466229320827,-43234.7100051235,-58911.7069142566,-43237.1722269398,-58911.7495540397,-43239.634448756,-58911.7921938227,0,0,1,0
20130629104749.daq,31,25,2114.2,1,0,right,-0.97418212890625,270.974182128906,12,0.0001,54.6169052124023,1839.07435766514,1.09862494468689,0.262801289558411,0.10876726359129,3.50280020104302,-43234.5782937096,-58919.7151868707,-43237.0405287593,-58919.757055514,-43239.5027638091,-58919.7989241573,0,0,1,0
20130629104749.daq,31,25,2114.3,1,0,right,-0.9461669921875,270.946166992188,12,0.0001,54.6210060119629,1847.08515598127,1.53807497024536,0.263046145439148,-0.100050449371338,3.37224881858455,-43234.4472005401,-58927.7237170226,-43236.9094557675,-58927.7643817354,-43239.3717109948,-58927.8050464482,0,0,1,0
20130629104749.daq,31,25,2114.4,1,0,right,-0.90234375,270.90234375,12,0.0001,54.6251068115234,1855.09655640213,2.2411949634552,0.263050347566605,-0.0241166949272156,3.2416574620811,-43234.3170782407,-58935.7365566877,-43236.7793638507,-58935.7753381085,-43239.2416494606,-58935.8141195294,0,0,1,0
20130629104749.daq,31,25,2114.5,1,0,right,-0.847503662109375,270.847503662109,12,0.0001,54.6291542053223,1863.10855426529,2.32908487319946,0.262246429920197,-0.0336083546280861,3.12049609544162,-43234.1954459447,-58943.7457689936,-43236.657767546,-58943.7821936448,-43239.1200891473,-58943.818618296,0,0,1,0
20130629104749.daq,31,25,2114.6,1,0,right,-0.781570434570313,270.78157043457,12,0.0001,54.6331634521484,1871.12114276362,2.59275484085083,0.263399988412857,-0.0715752318501472,3.00325171474888,-43234.0784028946,-58951.7591664361,-43236.5407647813,-58951.7927575426,-43239.003126668,-58951.826348649,0,0,1,0
20130629104749.daq,31,25,2114.7,1,0,right,-0.698959350585938,270.698959350586,12,0.0001,54.6371421813965,1879.13431714138,3.38376474380493,0.262072652578354,-0.0431002490222454,2.89515037522738,-43233.970199694,-58959.7729819242,-43236.4326074541,-58959.8030226764,-43238.8950152141,-58959.8330634286,0,0,1,0
20130629104749.daq,31,25,2114.8,1,0,right,-0.599288940429688,270.59928894043,12,0.0001,54.6410522460938,1887.14807133749,3.69137978553772,0.264458358287811,-0.0336083546280861,2.7962516948019,-43233.8708616351,-58967.7911268932,-43236.3333179276,-58967.8168840546,-43238.79577422,-58967.842641216,0,0,1,0
20130629104749.daq,31,25,2114.9,1,0,right,-0.493682861328125,270.493682861328,12,0.0001,54.6448020935059,1895.16238623604,3.51559996604919,0.263199478387833,-0.0620835721492767,2.70861164210027,-43233.7836121996,-58975.809410293,-43236.2461117841,-58975.8306286784,-43238.7086113686,-58975.8518470637,0,0,1,0
20130629104749.daq,31,25,2115,1,0,right,-0.38641357421875,270.386413574219,12,0.0001,54.648494720459,1903.17724715048,3.33981990814209,0.263439238071442,-0.0810671299695969,2.63772246914052,-43233.7120951474,-58983.8277232896,-43236.1746301413,-58983.8443313432,-43238.6371651351,-58983.8609393968,0,0,1,0
