daqname,subject,instance,time,road_type,oncoming,direction,heading_local,heading,width,curvature,speed,distance,steer,throttle,brake,lat_dist,front_left_x,front_left_y,front_center_x,front_center_y,front_right_x,front_right_y,pre_phase,ld_phase,post_phase,exceed
20130509092925.daq,35,1,79.0333333333333,1,0,right,0.654106353456882,144.709415435791,12,-0.000177259934279208,50.1552314758301,0,3.33981990814209,0,6.00673246383667,2.76450112020215,-36235.8989015953,-22471.7684115383,-36234.4762049039,-22469.7583646364,-36233.0535082125,-22467.7483177346,1,0,0,0
20130509092925.daq,35,1,79.1333333333333,1,0,right,0.749812070254904,144.620044708252,12,-0.000198171120408476,50.169116973877,7.35725655016904,3.51559996604919,0,6.14910936355591,2.84055165778777,-36241.897500042,-22467.5243544721,-36240.4716697844,-22465.516529156,-36239.0458395268,-22463.5087038399,1,0,0,0
20130509092925.daq,35,1,79.2333333333333,1,0,right,0.844084871078053,144.529689788818,12,-0.000219228309281702,50.1729393005371,14.7158220276701,3.33981990814209,0,6.56674432754517,2.93187466042594,-36247.8960738974,-22463.2704704045,-36246.4670790919,-22461.2648961054,-36245.0380842864,-22459.2593218063,1,0,0,0
20130509092925.daq,35,1,79.3333333333333,1,0,right,0.929215627227336,144.445205688477,12,-0.000240432537345797,50.1641731262207,22.0740630941013,2.94431495666504,0,6.66166114807129,3.03631757143527,-36253.8830133407,-22459.00915515,-36252.4510628188,-22457.00569012,-36251.019112297,-22455.0022250899,1,0,0,0
20130509092925.daq,35,1,79.4333333333333,1,0,right,1.00292953536348,144.368953704834,12,-0.000261787127936259,50.1418991088867,29.4300079661111,2.63669991493225,0,6.68064498901367,3.15265907076552,-36259.8622641233,-22454.7386075939,-36258.4276485626,-22452.7370500463,-36256.9930330019,-22450.7354924987,1,0,0,0
20130509092925.daq,35,1,79.5333333333333,1,0,right,1.05968765222477,144.30647277832,12,-0.000283298901257442,50.1099662780762,36.7818998910848,1.97752487659454,0,6.53826951980591,3.27533934896905,-36265.8339174875,-22450.4650440093,-36264.397120086,-22448.4650520967,-36262.9603226844,-22446.4650601841,1,0,0,0
20130509092925.daq,35,1,79.6333333333333,1,0,right,1.09146385966994,144.265789031982,12,-0.000304977565027109,50.077823638916,44.1289750250207,1.31834995746613,0,6.32945156097412,3.40726749072904,-36271.7941996062,-22446.1870283642,-36270.3559824421,-22444.1880571758,-36268.917765278,-22442.1890859873,1,0,0,0
20130509092925.daq,35,1,79.7333333333333,1,0,right,1.10697091704947,144.238189697266,12,-0.000326834957272022,50.0515823364258,51.4717322466845,1.2744048833847,0,6.19656753540039,3.5447178515906,-36277.7468789429,-22441.9059509743,-36276.3076990427,-22439.9076728059,-36274.8685191425,-22437.9093946375,1,0,0,0
20130509092925.daq,35,1,79.8333333333333,1,0,right,1.11699679677562,144.212886810303,12,-0.000348883861351982,50.0320587158203,58.8111499179454,1.58201992511749,0,6.24402618408203,3.68633043049506,-36283.6917821081,-22437.6230687988,-36282.2517198713,-22435.625426394,-36280.8116576345,-22433.6277839892,1,0,0,0
20130509092925.daq,35,1,79.9333333333333,1,0,right,1.14896374248877,144.180946350098,12,-0.000371136919094374,50.0167655944824,66.148051421887,2.02146983146667,0,6.50030279159546,3.82853213792585,-36289.6365768656,-22433.3378055968,-36288.1954012345,-22431.3409662883,-36286.7542256034,-22429.3441269799,1,0,0,0
20130509092925.daq,35,1,80.0333333333333,1,0,right,1.18700970943951,144.134189605713,12,-0.000393606103031459,49.9971885681152,73.4825161128692,2.59275484085083,0,7.04133033752441,3.97787626243599,-36295.5733168859,-22429.049634179,-36294.1305121959,-22427.0539716198,-36292.6877075059,-22425.0583090607,1,0,0,0
20130509092925.daq,35,1,80.1333333333333,1,0,right,1.21810088250101,144.066005706787,12,-0.000416302738311551,49.9649848937988,80.8132867697809,3.33981990814209,0,7.26913118362427,4.13485113707892,-36301.5018917215,-22424.754222743,-36300.0567131484,-22422.7602785825,-36298.6115345752,-22420.766334422,1,0,0,0
20130509092925.daq,35,1,80.2333333333333,1,0,right,1.24906914378113,143.969562530518,12,-0.000439234770089243,49.9136962890625,88.1379620140428,4.21871995925903,0,7.53489971160889,4.29306304793178,-36307.4221839751,-22420.4550385762,-36305.9736511424,-22418.4635298375,-36304.5251183097,-22416.4720210989,1,0,0,0
20130509092925.daq,35,1,80.3333333333333,1,0,right,1.24458868754181,143.846271514893,12,-0.000462401098959046,49.8444328308105,95.4537776376783,4.83394956588745,0,7.81965208053589,4.44957581316539,-36313.3303016416,-22416.1502218075,-36311.8774867693,-22414.1618346796,-36310.424671897,-22412.1734475518,1,0,0,0
20130509092925.daq,35,1,80.4333333333333,1,0,right,1.26500684702478,143.702018737793,12,-0.000485801883395205,49.7589874267578,102.758221809417,5.40523481369019,0,8.05694389343262,4.60327270167497,-36319.2185197731,-22411.8421072606,-36317.7607033763,-22409.8573841623,-36316.3028869796,-22407.872661064,1,0,0,0
20130509092925.daq,35,1,80.5333333333333,1,0,right,1.30792701321937,143.527690887451,12,-0.000509438939018209,49.6591720581055,110.049082631362,6.28413486480713,0,8.29423713684082,4.7558960831133,-36325.0905799111,-22407.5281584809,-36323.626731563,-22405.5478801073,-36322.1628832148,-22403.5676017336,1,0,0,0
20130509092925.daq,35,1,80.6333333333333,1,0,right,1.315051794233,143.329437255859,12,-0.000533314196309137,49.5452117919922,117.324247608376,6.67963981628418,0,8.3891544342041,4.90335185084228,-36330.9387576167,-22403.2068221346,-36329.4680659285,-22401.2316207824,-36327.9973742403,-22399.2564194301,1,0,0,0
20130509092925.daq,35,1,80.7333333333333,1,0,right,1.27282310045396,143.11633682251,12,-0.00055742957904352,49.4188117980957,124.581762674299,6.63569450378418,0,8.67390632629395,5.05450446700784,-36336.7553826976,-22398.8767321715,-36335.2773548239,-22396.9070144181,-36333.7993269502,-22394.9372966647,1,0,0,0
20130509092925.daq,35,1,80.8333333333333,1,0,right,1.31401475484995,142.89421081543,12,-0.000581787709240013,49.2807083129883,131.820179542113,6.81147480010986,0,8.68339824676514,5.20254552173818,-36342.5444537083,-22394.5363117305,-36341.0588006997,-22392.572338828,-36339.5731476911,-22390.6083659256,1,0,0,0
20130509092925.daq,35,1,80.9333333333333,1,0,right,1.29417866437601,142.660064697266,12,-0.000606391880023746,49.1328239440918,139.037277222206,7.38275957107544,0,8.6264476776123,5.34343011545789,-36348.302004026,-22390.1873242232,-36346.8083374329,-22388.2294390038,-36345.3146708399,-22386.2715537844,1,0,0,0
20130509092925.daq,35,1,81.0333333333333,1,0,right,1.2026536646195,142.413078308105,12,-0.000631245198897744,48.982120513916,146.232359382395,7.55853986740112,0,8.48407077789307,5.48215210373832,-36354.0241030938,-22385.8277669408,-36352.5220104987,-22383.8763386795,-36351.0199179036,-22381.9249104181,1,0,0,0
20130509092925.daq,35,1,81.1333333333333,1,0,right,1.14683280178269,142.158088684082,12,-0.000656351286530179,48.8361206054688,153.405667908945,7.60248470306396,0,8.58847999572754,5.61514195718933,-36359.7069235866,-22381.4579521647,-36358.1961612426,-22379.513228132,-36356.6853988985,-22377.5685040994,1,0,0,0
20130509092925.daq,35,1,81.2333333333333,1,0,right,1.15859892637872,141.891925811768,12,-0.000681714007773898,48.6903648376465,160.557649694656,8.17376899719238,0,8.77831554412842,5.73886227927322,-36365.3582117066,-22377.0737737018,-36363.8384316392,-22375.1360887507,-36362.3186515717,-22373.1984037995,0,1,0,1
20130509092925.daq,35,1,81.3333333333333,1,0,right,1.06713322443082,141.604961395264,12,-0.00070733630801394,48.5398483276367,167.687957762352,9.09661483764648,0,8.90170669555664,5.85393974699643,-36370.9699611779,-22372.6785277503,-36369.4404953682,-22370.7484788493,-36367.9110295584,-22368.8184299484,0,1,0,1
20130509092925.daq,35,1,81.4333333333333,1,0,right,1.0208045972287,141.290363311768,12,-0.000733218821024182,48.3807754516602,174.795616034749,9.97551441192627,0,9.32883453369141,5.96102168169362,-36376.5420192922,-22368.2659268408,-36375.0019791321,-22366.3443049403,-36373.4619389719,-22364.4226830398,0,1,0,1
20130509092925.daq,35,1,81.5333333333333,1,0,right,0.960578803575061,140.946300506592,12,-0.00075935867463972,48.2083625793457,181.879023064388,10.7225790023804,0,9.66104507446289,6.05767086970462,-36382.0704146862,-22363.8378172612,-36380.5188629677,-22361.9254779376,-36378.9673112492,-22360.0131386141,0,1,0,1
20130509092925.daq,35,1,81.6333333333333,1,0,right,0.913656591889207,140.574703216553,12,-0.000785747226806128,48.0198745727539,188.935979914895,11.3378095626831,0,10.0976648330688,6.14356013994824,-36387.5590592259,-22359.3943325078,-36385.995137565,-22357.4920960709,-36384.4312159041,-22355.5898596339,0,1,0,1
20130509092925.daq,35,1,81.7333333333333,1,0,right,0.861066698748829,140.180202484131,12,-0.000812367962873018,47.8127098083496,195.963957783797,11.7772598266602,0,10.3064813613892,6.22477670337058,-36392.9923900741,-22354.9318707638,-36391.4154080494,-22353.0404474593,-36389.8384260246,-22351.1490241548,0,1,0,1
20130509092925.daq,35,1,81.8333333333333,1,0,right,0.819030590535931,139.765293121338,12,-0.000839198330366104,47.5865669250488,202.960346416171,12.3485441207886,0,9.99325561523438,6.29273679424864,-36398.3743366875,-22350.4545064546,-36396.7836993235,-22348.5745524127,-36395.1930619595,-22346.6945983708,0,1,0,1
20130509092925.daq,35,1,81.9333333333333,1,0,right,0.829681635995001,139.326271057129,12,-0.000866210182154664,47.3551406860352,209.922659064557,13.051664352417,0,8.90170669555664,6.3530193066987,-36403.7008851825,-22345.9600641621,-36402.0958897308,-22344.0923532574,-36400.4908942791,-22342.2246423527,0,1,0,1
20130509092925.daq,35,1,82.0333333333333,1,0,right,0.709404953985995,138.855243682861,12,-0.000893369529101233,47.1428298950195,216.852173418085,13.9745092391968,0,7.37354040145874,6.40740308267545,-36408.9640139734,-22341.4461093016,-36407.3437185195,-22339.5916559953,-36405.7234230656,-22337.7372026889,0,1,0,1
20130509092925.daq,35,1,82.1333333333333,1,0,right,0.708797679881229,138.359561920166,12,-0.000920638352100265,46.969051361084,223.75316426166,14.4579048156738,0,5.86435699462891,6.45167523829904,-36414.1716534804,-22336.9092144385,-36412.5353754688,-22335.0688479825,-36410.8990974573,-22333.2284815265,0,1,0,1
20130509092925.daq,35,1,82.2333333333333,1,0,right,0.659742955091275,137.851192474365,12,-0.00094797664472351,46.8493423461914,230.632490805304,14.4139595031738,0,5.75994825363159,6.48916206782116,-36419.3279488977,-22332.3423293703,-36417.6754064507,-22330.5165534026,-36416.0228640037,-22328.6907774349,0,1,0,1
20130509092925.daq,35,1,82.3333333333333,1,0,right,0.582032409054534,137.341175079346,12,-0.000975344201317008,46.7850723266602,237.498446325688,14.4139595031738,0,6.48131895065308,6.52207599455369,-36424.4292365496,-22327.7383374085,-36422.7605076742,-22325.9273436582,-36421.0917787988,-22324.1163499078,0,1,0,1
20130509092925.daq,35,1,82.4333333333333,1,0,right,0.53610651495498,136.83674621582,12,-0.00100270198634028,46.754753112793,244.357910547478,14.5897397994995,0,8.28474521636963,6.54613243975925,-36429.4874095526,-22323.0937837025,-36427.8028016654,-22321.2975513429,-36426.1181937782,-22319.5013189833,0,1,0,1
20130509092925.daq,35,1,82.5333333333333,1,0,right,0.366869153762934,136.324245452881,12,-0.00103001218187869,46.7106742858887,251.212461279674,15.2928590774536,0,8.85424900054932,6.55676644474556,-36434.4982318247,-22318.4058715303,-36432.7976245585,-22316.6247793514,-36431.0970172923,-22314.8436871726,0,1,0,1
20130509092925.daq,35,1,82.6333333333333,1,0,right,0.282851990180603,135.784748077393,12,-0.00105723276161492,46.6292839050293,258.057864113915,16.5672645568848,0,8.56949710845947,6.55720483222025,-36439.4612091593,-22313.6773523424,-36437.7439067555,-22311.9123518106,-36436.0266043517,-22310.1473512787,0,1,1,1
20130509092925.daq,35,1,82.7333333333333,1,0,right,0.153388156098714,135.209705352783,12,-0.00108431656898334,46.511402130127,264.888568301266,17.2264385223389,0,7.9240608215332,6.54524436647806,-36444.3721666146,-22308.9077253244,-36442.6372367669,-22307.1600489106,-36440.9023069193,-22305.4123724969,0,1,1,1
20130509092925.daq,35,1,82.8333333333333,1,0,right,0.108353623551778,134.624618530273,12,-0.00111121604352322,46.3823432922363,271.700813041824,16.4354286193848,0,6.8609881401062,6.51764633528528,-36449.223909052,-22304.1063871088,-36447.4712232395,-22302.3765180774,-36445.7185374269,-22300.646649046,0,1,1,1
20130509092925.daq,35,1,82.9333333333333,1,0,right,0.0132735846702303,134.044551849365,12,-0.00113788331778539,46.2764129638672,278.495422884278,15.644419670105,0,5.93079948425293,6.47842565847745,-36454.0129247951,-22299.2723097147,-36452.2428157822,-22297.5602733523,-36450.4727067693,-22295.84823699,0,1,1,1
20130509092925.daq,35,1,83.0333333333333,1,0,right,-0.0501615261314896,133.485160827637,12,-0.00116427045189114,46.207706451416,285.277131069127,15.644419670105,0,5.68401479721069,6.42701811241175,-36458.7474743711,-22294.4025313038,-36456.9607350075,-22292.7078582174,-36455.1739956438,-22291.0131851309,0,1,1,1
20130509092925.daq,35,1,83.1333333333333,1,0,right,-0.169753807467202,132.936046600342,12,-0.00119032979730763,46.1763496398926,292.051610127678,15.8201990127563,0,5.43723011016846,6.36895422794483,-36463.4233934083,-22289.4905541094,-36461.6204948541,-22287.8130824325,-36459.8175962999,-22286.1356107556,0,1,1,1
20130509092925.daq,35,1,83.2333333333333,1,0,right,-0.292121909588019,132.398338317871,12,-0.0012160138845061,46.1697616577148,298.823417294134,15.600474357605,0,5.20942831039429,6.29700925232743,-36468.0524526827,-22284.534487258,-36466.2338910508,-22282.8740090093,-36464.4153294188,-22281.2135307606,0,1,1,1
20130509092925.daq,35,1,83.3333333333333,1,0,right,-0.393204902532972,131.867839813232,12,-0.001241274756087,46.1820831298828,305.595718443817,15.600474357605,0,4.79179239273071,6.21366937940178,-36472.6345485812,-22279.5340744702,-36470.8006908415,-22277.8905051184,-36468.9668331019,-22276.2469357666,0,1,1,1
20130509092925.daq,35,1,83.4333333333333,1,0,right,-0.556101433860988,131.337142944336,12,-0.00126606401440761,46.206226348877,312.370778299823,16.0838680267334,0,4.8012843132019,6.11508414023957,-36477.1733772546,-22274.4869203524,-36475.324374988,-22272.860407198,-36473.4753727214,-22271.2338940436,0,1,1,1
20130509092925.daq,35,1,83.5333333333333,1,0,right,-0.634668406672148,130.785717010498,12,-0.00129033292140989,46.2353782653809,319.149817203534,17.0946044921875,0,4.82026815414429,6.00348113569695,-36481.6644028563,-22269.3937699067,-36479.7998325779,-22267.7851269692,-36477.9352622996,-22266.1764840317,0,1,1,1
20130509092925.daq,35,1,83.6333333333333,1,0,right,-0.685761232004012,130.206169128418,12,-0.00131402554472279,46.262565612793,325.933067156888,17.8416690826416,0,4.12737226486206,5.87915133533023,-36486.1112662768,-22264.2542106591,-36484.2305202071,-22262.6645098555,-36482.3497741374,-22261.074809052,0,1,1,1
20130509092925.daq,35,1,83.7333333333333,1,0,right,-0.812861813187311,129.599781036377,12,-0.00133707934539994,46.2850189208984,332.719968856179,18.3250637054443,0,2.49479651451111,5.7484303823938,-36490.5061476078,-22259.068347348,-36488.6086826335,-22257.4986400203,-36486.7112176591,-22255.9289326927,0,1,1,1
20130509092925.daq,35,1,83.8333333333333,1,0,right,-0.851188711503141,128.973369598389,12,-0.0013594361701373,46.3029327392578,339.509807133054,18.7645130157471,0,0.178816899657249,5.60340470339522,-36494.8531275004,-22253.8346530016,-36492.9386147487,-22252.2857839473,-36491.0241019971,-22250.736914893,0,0,1,0
20130509092925.daq,35,1,83.9333333333333,1,0,right,-0.816214243726066,128.335746765137,12,-0.00138104468511356,46.3173828125,346.302018860621,18.6766242980957,0,-0.191360220313072,5.45883406624323,-36499.1407442052,-22248.5517076888,-36497.2091135889,-22247.0242399853,-36495.2774829725,-22245.4967722817,0,0,1,0
20130509092925.daq,35,1,84.0333333333333,1,0,right,-0.840344159040626,127.70337677002,12,-0.00140185965793851,46.3289527893066,353.096118821003,18.105339050293,0,-0.00152583047747612,5.30924481495141,-36503.3734424533,-22243.2204706456,-36501.4250712608,-22241.71441483,-36499.4767000682,-22240.2083590145,0,0,1,0
20130509092925.daq,35,1,84.1333333333333,1,0,right,-0.894133774263835,127.087463378906,12,-0.00142183958322181,46.3376350402832,359.89170884367,17.4022197723389,0,-0.020509384572506,5.15782740477222,-36507.5516210415,-22237.8396245057,-36505.5871730599,-22236.3545997413,-36503.6227250782,-22234.8695749768,0,0,1,0
20130509092925.daq,35,1,84.2333333333333,1,0,right,-0.881762903928134,126.486896514893,12,-0.00144094420070317,46.3433723449707,366.688374393006,17.0067138671875,0,-0.0300010479986668,4.99974529286007,-36511.6674612636,-22232.41495185,-36509.6875556473,-22230.950599374,-36507.707650031,-22229.486246898,0,0,1,0
20130509092925.daq,35,1,84.3333333333333,1,0,right,-1.03513794921453,125.895557403564,12,-0.0014591455595902,46.3457641601563,373.485645450613,17.3582744598389,0,-0.00152583047747612,4.83855205562704,-36515.7285872013,-22226.9441429719,-36513.7336739911,-22225.5003023618,-36511.7387607809,-22224.0564617518,0,0,1,0
20130509092925.daq,35,1,84.4333333333333,1,0,right,-1.07887322201475,125.288669586182,12,-0.00147642100198206,46.3441429138184,380.282977212909,18.5447883605957,0,-0.00152583047747612,4.66780496647706,-36519.7302134356,-22221.4336219852,-36517.7201189845,-22220.0109924757,-36515.7100245335,-22218.5883629662,0,0,1,0
20130509092925.daq,35,1,84.5333333333333,1,0,right,-1.07206903034647,124.651805877686,12,-0.00149274210625186,46.3380966186523,387.079734751759,19.9070835113525,0,-0.0300010479986668,4.4936069853342,-36523.6756894341,-22215.8787054821,-36521.649906431,-22214.4785063363,-36519.6241234279,-22213.0783071905,0,0,1,0
20130509092925.daq,35,1,84.6333333333333,1,0,right,-1.07907029469116,123.982715606689,12,-0.00150807464209861,46.3274345397949,393.875264675853,20.6102046966553,0.0615358166396618,0.00796583108603954,4.31585130089877,-36527.5570656546,-22210.2793107595,-36525.5150698662,-22208.9028632946,-36523.4730740778,-22207.5264158297,0,0,1,0
20130509092925.daq,35,1,84.7333333333333,1,0,right,-1.08188587438595,123.291801452637,12,-0.00152238016678505,46.312614440918,400.668932616549,20.8738746643066,0.103751577436924,0.0554243698716164,4.1379179362722,-36531.3785864811,-22204.6360514106,-36529.3201413554,-22203.2843272938,-36527.2616962298,-22201.9326031769,0,0,1,0
20130509092925.daq,35,1,84.8333333333333,1,0,right,-1.02297438897097,122.58812713623,12,-0.00153561929015262,46.2939453125,407.460147332574,20.8738746643066,0.124652206897736,0.0174574926495552,3.96336341869603,-36535.1288457053,-22198.9494521706,-36533.0539551263,-22197.623110017,-36530.9790645473,-22196.2967678634,0,0,1,0
20130509092925.daq,35,1,84.9333333333333,1,0,right,-0.870459161806764,121.8762550354,12,-0.00154775275669951,46.2715301513672,414.248346489648,20.961763381958,0.139063715934753,0.036441046744585,3.79071183329057,-36538.8119083496,-22193.2197810123,-36536.7206991873,-22191.9193200698,-36534.629490025,-22190.6188591272,0,0,1,0
20130509092925.daq,35,1,85.0333333333333,1,0,right,-0.861393988258627,121.16118812561,12,-0.00155874062854867,46.2455253601074,421.032983232721,21.049654006958,0.150691330432892,0.036441046744585,3.62546513923401,-36542.4201507011,-22187.4492741397,-36540.3128747123,-22186.1750126554,-36538.2055987234,-22184.9007511711,0,0,1,0
20130509092925.daq,35,1,85.1333333333333,1,0,right,-0.808807287622528,120.44314956665,12,-0.00156854143311086,46.2158241271973,427.813532200493,21.2693786621094,0.159694388508797,-0.00152583047747612,3.46652706695105,-36545.9574861835,-22181.6379539648,-36543.8344068695,-22180.3902005236,-36541.7113275555,-22179.1424470824,0,0,1,0
20130509092925.daq,35,1,85.2333333333333,1,0,right,-0.736004808913449,119.716819763184,12,-0.00157711261502616,46.182300567627,434.589453997781,21.8406639099121,0.171179875731468,0.00796583108603954,3.31390735319948,-36549.4158803313,-22175.7836012992,-36547.2771544518,-22174.5628613449,-36545.1384285724,-22173.3421213907,0,0,1,0
20130509092925.daq,35,1,85.3333333333333,1,0,right,-0.687662222266923,118.971021652222,12,-0.00158442338188044,46.1450271606445,441.360195801642,22.6756191253662,0.187281176447868,-0.020509384572506,3.17427315652836,-36552.7987566483,-22169.8915196167,-36550.6443224765,-22168.6987213005,-36548.4898883048,-22167.5059229843,0,0,1,0
20130509092925.daq,35,1,85.4333333333333,1,0,right,-0.538727975013273,118.211374282837,12,-0.0015904615203049,46.1044578552246,448.125196956265,22.7195644378662,0.193037614226341,-0.0110174920409918,3.03945871310507,-36556.1063217915,-22163.958126853,-36553.9362629027,-22162.7939967732,-36551.766204014,-22161.6298666933,0,0,1,0
20130509092925.daq,35,1,85.5333333333333,1,0,right,-0.47080684674151,117.451953887939,12,-0.00159522418647527,46.0678596496582,454.884428321538,22.1922245025635,0.192531064152718,-0.020509384572506,2.9228018187055,-36559.3274469209,-22157.9880674958,-36557.142149268,-22156.8528016275,-36554.9568516151,-22155.7175357593,0,0,1,0
20130509092925.daq,35,1,85.6333333333333,1,0,right,-0.306067293518666,116.701690673828,12,-0.00159869601129989,46.0378723144531,461.638798975791,21.9724979400635,0.192529439926147,0.00796583108603954,2.81048989923832,-36562.4742513547,-22151.9817919625,-36560.274275667,-22150.8752381243,-36558.0742999793,-22149.7686842861,0,0,1,0
20130509092925.daq,35,1,85.7333333333333,1,0,right,-0.237857494295767,115.960845947266,12,-0.00160085134221172,46.011547088623,468.389056817557,21.8846092224121,0.192707523703575,-0.00152583047747612,2.71637960010735,-36565.535051679,-22145.9373506427,-36563.3209523538,-22144.8593345937,-36561.1068530287,-22143.7813185447,0,0,1,0
20130509092925.daq,35,10,987.6,1,0,right,0.48321533203125,269.516784667969,12,0.0001,73.224250793457,0,1.36229491233826,0.164200693368912,-0.0394927076995373,2.76987356327892,-43233.8361613993,-80188.3724946193,-43236.2986648192,-80188.3517261154,-43238.761168239,-80188.3309576115,1,0,0,0
20130509092925.daq,35,10,987.7,1,0,right,0.517242431640625,269.482757568359,12,0.0001,73.0773620605469,10.7288045705645,1.2744048833847,0.174801334738731,0.0174574926495552,2.85346858640424,-43233.9281149798,-80199.0998752714,-43236.3906056312,-80199.0776443276,-43238.8530962827,-80199.0554133838,1,0,0,0
20130509092925.daq,35,10,987.8,1,0,right,0.5458984375,269.4541015625,12,0.0001,72.9308853149414,21.4360956237942,0.834954977035522,0.189561530947685,-0.020509384572506,2.94469630975952,-43234.0197359053,-80209.8115008083,-43236.4822151301,-80209.7880382732,-43238.944694355,-80209.7645757381,1,0,0,0
20130509092925.daq,35,10,987.9,1,0,right,0.565704345703125,269.434295654297,12,0.0001,72.7851638793945,32.1219422567519,0.483394980430603,0.204725131392479,-0.0679679214954376,3.04471003082522,-43234.1186206704,-80220.4916633329,-43236.5810916376,-80220.4673495735,-43239.0435626049,-80220.4430358142,1,0,0,0
20130509092925.daq,35,10,988,1,0,right,0.57635498046875,269.423645019531,12,0.0001,72.6460876464844,42.7867786338174,0.439449995756149,0.212678208947182,-0.0300010479986668,3.14968739353812,-43234.2247501227,-80231.155981102,-43236.6872165277,-80231.1312095976,-43239.1496829328,-80231.1064380933,1,0,0,0
20130509092925.daq,35,10,988.1,1,0,right,0.5802001953125,269.419799804688,12,0.0001,72.5209503173828,53.4322228007222,0.483394980430603,0.214438244700432,-0.0110174920409918,3.25577029366038,-43234.3304574187,-80241.796698232,-43236.7929221558,-80241.7717614675,-43239.2553868928,-80241.746824703,1,0,0,0
20130509092925.daq,35,10,988.2,1,0,right,0.580352783203125,269.419647216797,12,0.0001,72.4074172973633,64.0602132044296,0.483394980430603,0.214749798178673,-0.0584762655198574,3.36581195336223,-43234.439841885,-80252.4217018876,-43236.9023065556,-80252.3967585652,-43239.3647712262,-80252.3718152428,1,0,0,0
20130509092925.daq,35,10,988.3,1,0,right,0.57928466796875,269.420715332031,12,0.0001,72.3017807006836,74.6721687121608,0.439449995756149,0.215504005551338,-0.0584762655198574,3.474588234837,-43234.5491506215,-80263.0310512977,-43237.0116157567,-80263.0061538809,-43239.4740808919,-80262.981256464,1,0,0,0
20130509092925.daq,35,10,988.4,1,0,right,0.56982421875,269.43017578125,12,0.0001,72.2015151977539,85.2690478238655,0.0878899991512299,0.216995343565941,-0.0110174920409918,3.58713413249522,-43234.6618449873,-80273.6245745905,-43237.1243141999,-80273.6000837664,-43239.5867834125,-80273.5755929422,1,0,0,0
20130509092925.daq,35,10,988.5,1,0,right,0.544357299804688,269.455642700195,12,0.0001,72.105094909668,95.851516705894,-0.439449965953827,0.221717223525047,-0.0394927076995373,3.69892385516431,-43234.7735465689,-80284.2020888279,-43237.236026424,-80284.1786925283,-43239.6985062791,-80284.1552962288,1,0,0,0
20130509092925.daq,35,10,988.6,1,0,right,0.5064697265625,269.493530273438,12,0.0001,72.0118942260742,106.420082069832,-0.615229964256287,0.224985525012016,-0.00152583047747612,3.80631744444976,-43234.8805719719,-80294.7636788866,-43237.3430667597,-80294.7419109386,-43239.8055615475,-80294.7201429907,1,0,0,0
20130509092925.daq,35,10,988.7,1,0,right,0.459579467773438,269.540420532227,12,0.0001,71.9219436645508,116.975216125444,-0.615229964256287,0.226430639624596,-0.020509384572506,3.91269220091831,-43234.9870399076,-80305.3172380779,-43237.4495516854,-80305.2974854167,-43239.9120634632,-80305.2777327554,1,0,0,0
20130509092925.daq,35,10,988.8,1,0,right,0.407058715820313,269.59294128418,12,0.0001,71.8349685668945,127.51738063863,-0.615229964256287,0.229089424014091,-0.0110174920409918,4.01440434298447,-43235.089253616,-80315.8550339598,-43237.5517824657,-80315.8375385927,-43240.0143113154,-80315.8200432256,1,0,0,0
20130509092925.daq,35,10,988.9,1,0,right,0.356307983398438,269.643692016602,12,0.0001,71.7505874633789,138.046983104781,-0.527339935302734,0.233076870441437,-0.0300010479986668,4.10506485349586,-43235.1798593781,-80326.3772446943,-43237.6424027586,-80326.3619305615,-43240.1049461391,-80326.3466164287,1,0,0,0
20130509092925.daq,35,10,989,1,0,right,0.307632446289063,269.692367553711,12,0.0001,71.6686935424805,148.564390176471,-0.351559966802597,0.240572154521942,-0.0394927076995373,4.19248504697949,-43235.2666884799,-80336.891690475,-43237.7292439818,-80336.8784683972,-43240.1917994837,-80336.8652463194,1,0,0,0
20130509092925.daq,35,10,989.1,1,0,right,0.266021728515625,269.733978271484,12,0.0001,71.5896301269531,159.069986876202,0,0.246066853404045,-0.0394927076995373,4.27127765345557,-43235.346143426,-80347.3906803787,-43237.8087078809,-80347.3792467205,-43240.2712723359,-80347.3678130623,1,0,0,0
20130509092925.daq,35,10,989.2,1,0,right,0.236068725585938,269.763931274414,12,0.0001,71.5141143798828,169.564239818807,0.395504981279373,0.249747797846794,-0.0300010479986668,4.34040221301342,-43235.4146018573,-80357.8821396143,-43237.877171953,-80357.8719933334,-43240.3397420487,-80357.8618470525,1,0,0,0
20130509092925.daq,35,10,989.3,1,0,right,0.218429565429688,269.78157043457,12,0.0001,71.4424133300781,180.047769945144,0.57128494977951,0.252680838108063,-0.00152583047747612,4.40122161447137,-43235.4760101845,-80368.3660852899,-43237.9385832872,-80368.3566971398,-43240.4011563899,-80368.3473089897,1,0,0,0
20130509092925.daq,35,10,989.4,1,0,right,0.209396362304688,269.790603637695,12,0.0001,71.3744201660156,190.52098624254,0.57128494977951,0.254408180713654,-0.0300010479986668,4.45932175309907,-43235.5340449284,-80378.8346152982,-43237.9966194806,-80378.8256153953,-43240.4591940328,-80378.8166154925,1,0,0,0
20130509092925.daq,35,10,989.5,1,0,right,0.20452880859375,269.795471191406,12,0.0001,71.3098373413086,200.984484101893,0.527339994907379,0.255060821771622,0.112374804913998,4.51435214299821,-43235.5884312216,-80389.2954342188,-43238.0510065295,-80389.2866435236,-43240.5135818374,-80389.2778528284,1,0,0,0
20130509092925.daq,35,10,989.6,1,0,right,0.199081420898438,269.800918579102,12,0.0001,71.2481918334961,211.43873162994,0.483394980430603,0.255740404129028,-0.00152583047747612,4.56037686933322,-43235.6349691462,-80399.7484264836,-43238.0975452788,-80399.7398699175,-43240.5601214113,-80399.7313133513,1,0,0,0
20130509092925.daq,35,10,989.7,1,0,right,0.19427490234375,269.805725097656,12,0.0001,71.1889266967773,221.884119257607,0.483394980430603,0.255838453769684,-0.0584762655198574,4.60672247859179,-43235.6815467373,-80410.1936218377,-43238.144123579,-80410.1852718561,-43240.6067004207,-80410.1769218744,1,0,0,0
20130509092925.daq,35,10,989.8,1,0,right,0.188186645507813,269.811813354492,12,0.0001,71.1314926147461,232.320954704512,0.483394980430603,0.256237834692001,0.0174574926495552,4.64929612088707,-43235.7241387835,-80420.6231609171,-43238.1867164985,-80420.6150726092,-43240.6492942136,-80420.6069843013,1,0,0,0
20130509092925.daq,35,10,989.9,1,0,right,0.182830810546875,269.817169189453,12,0.0001,71.0754470825195,242.749473516014,0.483394980430603,0.256549775600433,-0.0300010479986668,4.69198767114805,-43235.7667761604,-80431.0527178186,-43238.2293546208,-80431.044859705,-43240.6919330812,-80431.0370015914,1,0,0,0
20130509092925.daq,35,10,990,1,0,right,0.177871704101563,269.822128295898,12,0.0001,71.0205078125,253.169855941262,0.483394980430603,0.25718891620636,0.036441046744585,4.73466452068061,-43235.8094380944,-80441.4666593663,-43238.2720172257,-80441.4590143957,-43240.734596357,-80441.451369425,1,0,0,0
20130509092925.daq,35,10,990.1,1,0,right,0.171417236328125,269.828582763672,12,0.0001,70.9664840698242,263.582249219384,0.483394980430603,0.258035749197006,0.0174574926495552,4.7772511303396,-43235.8520075272,-80451.8805644026,-43238.3145875041,-80451.8731968457,-43240.777167481,-80451.8658292888,1,0,0,0
20130509092925.daq,35,10,990.2,1,0,right,0.16436767578125,269.835632324219,12,0.0001,70.9132690429688,273.986779049199,0.439449995756149,0.258224040269852,0.0269493870437145,4.81582073765232,-43235.8906339138,-80462.2788298695,-43238.3532147786,-80462.2717653037,-43240.8157956433,-80462.2647007379,1,0,0,0
20130509092925.daq,35,10,990.3,1,0,right,0.151153564453125,269.848846435547,12,0.0001,70.8607711791992,284.383717529432,0.131834998726845,0.258934408426285,0.0269493870437145,4.85404490760702,-43235.9288789943,-80472.676944756,-43238.3914614228,-80472.6704481348,-43240.8540438514,-80472.6639515136,1,0,0,0
20130509092925.daq,35,10,990.4,1,0,right,0.130538940429688,269.86946105957,12,0.0001,70.8089141845703,294.772844220948,-0.131834983825684,0.261141389608383,-0.0110174920409918,4.89186346983669,-43235.9666664307,-80483.0670660876,-43238.4292510373,-80483.0614554869,-43240.8918356439,-80483.0558448862,1,0,0,0
20130509092925.daq,35,10,990.5,1,0,right,0.102432250976563,269.897567749023,12,0.0001,70.7577896118164,305.154415929719,-0.263669967651367,0.269053190946579,0.188308566808701,4.92552647958185,-43236.0000845071,-80493.4413786296,-43238.4626715697,-80493.436976061,-43240.9252586323,-80493.4325734923,1,0,0,0
20130509092925.daq,35,10,990.6,1,0,right,0.0677337646484375,269.932266235352,12,0.0001,70.7080307006836,315.528575792021,-0.395504981279373,0.280667692422867,-0.0869512483477592,4.95511109155833,-43236.0291891492,-80503.8155287678,-43238.4917784264,-80503.8126175496,-43240.9543677037,-80503.8097063313,1,0,0,0
20130509092925.daq,35,10,990.7,1,0,right,0.028289794921875,269.971710205078,12,0.0001,70.6611404418945,325.895626771773,-0.439449965953827,0.291127115488052,-0.0110174920409918,4.97942039629315,-43236.0540947605,-80514.1739360983,-43238.5166854583,-80514.1727201939,-43240.9792761561,-80514.1715042895,1,0,0,0
20130509092925.daq,35,10,990.8,1,0,right,-0.01458740234375,270.014587402344,12,0.0001,70.6190414428711,336.256129105212,-0.439449965953827,0.293243825435638,-0.0394927076995373,5.00007815773618,-43236.0748826609,-80524.5322572985,-43238.5374735791,-80524.5328842697,-43241.0000644973,-80524.533511241,1,0,0,0
20130509092925.daq,35,10,990.9,1,0,right,-0.05487060546875,270.054870605469,12,0.0001,70.5826644897461,346.610879133354,-0.307614982128143,0.29314386844635,-0.00152583047747612,5.01397315456071,-43236.0880190766,-80534.8828279455,-43238.5506089453,-80534.8851863014,-43241.0131988141,-80534.8875446572,1,0,0,0
20130509092925.daq,35,10,991,1,0,right,-0.089813232421875,270.089813232422,12,0.0001,70.5510406494141,356.960661727746,0,0.293229043483734,-0.0679679214954376,5.02296986523663,-43236.0975797335,-80545.2335286712,-43238.560167706,-80545.2373888712,-43241.0227556785,-80545.2412490712,1,0,0,0
20130509092925.daq,35,10,991.1,1,0,right,-0.113128662109375,270.113128662109,12,0.0001,70.5226364135742,367.306057732421,0.439449995756149,0.293041884899139,-0.020509384572506,5.0252958215824,-43236.1000462907,-80555.5688904213,-43238.5626324885,-80555.5737527243,-43241.0252186862,-80555.5786150274,1,0,0,0
20130509092925.daq,35,10,991.2,1,0,right,-0.12677001953125,270.126770019531,12,0.0001,70.4963684082031,377.647454501144,0.615229964256287,0.293208420276642,-0.0300010479986668,5.02108414730949,-43236.095297816,-80565.9123032907,-43238.5578827864,-80565.9177519024,-43241.0204677567,-80565.9232005141,1,0,0,0
20130509092925.daq,35,10,991.3,1,0,right,-0.1319580078125,270.131958007813,12,0.0001,70.4714965820313,387.985133364185,0.615229964256287,0.293543040752411,-0.020509384572506,5.01233507013611,-43236.087165028,-80576.2481125228,-43238.5497494948,-80576.2537841154,-43241.0123339617,-80576.2594557079,1,0,0,0
20130509092925.daq,35,10,991.4,1,0,right,-0.13482666015625,270.134826660156,12,0.0001,70.4475936889648,398.319213679497,0.615229964256287,0.294003546237946,-0.020509384572506,5.00113714337175,-43236.0752691825,-80586.5761665858,-43238.5378533623,-80586.5819614736,-43241.0004375421,-80586.5877563614,1,0,0,0
20130509092925.daq,35,10,991.5,1,0,right,-0.136825561523438,270.136825561523,12,0.0001,70.4244537353516,408.649846043161,0.703119993209839,0.29384571313858,-0.00152583047747612,4.98860544883939,-43236.0634270329,-80596.904242151,-43238.5260110091,-80596.910122952,-43240.9885949852,-80596.916003753,1,0,0,0
20130509092925.daq,35,10,991.6,1,0,right,-0.133529663085938,270.133529663086,12,0.0001,70.4019165039063,418.977130324187,0.92284494638443,0.29377070069313,-0.020509384572506,4.9700297727435,-43236.0440992518,-80607.2324486595,-43238.5066835622,-80607.2381878021,-43240.9692678725,-80607.2439269447,1,0,0,0
20130509092925.daq,35,10,991.7,1,0,right,-0.124710083007813,270.124710083008,12,0.0001,70.3798294067383,429.301144105251,1.09862494468689,0.294063687324524,-0.020509384572506,4.95419593949969,-43236.0290187425,-80617.5529792125,-43238.4916039071,-80617.5583392877,-43240.9541890717,-80617.5636993629,1,0,0,0
20130509092925.daq,35,10,991.8,1,0,right,-0.108688354492188,270.108688354492,12,0.0001,70.3580856323242,439.62194464085,1.23045992851257,0.293491274118423,-0.0110174920409918,4.94027052613187,-43236.014382955,-80627.8736876151,-43238.4769695222,-80627.8783590727,-43240.9395560893,-80627.8830305303,1,0,0,0
20130509092925.daq,35,10,991.9,1,0,right,-0.09051513671875,270.090515136719,12,0.0001,70.336555480957,449.939572680465,1.23045992851257,0.293623507022858,-0.020509384572506,4.92505683330398,-43235.9998801385,-80638.194448847,-43238.4624680635,-80638.198339215,-43240.9250559886,-80638.202229583,1,0,0,0
20130509092925.daq,35,10,992,1,0,right,-0.0706787109375,270.070678710938,12,0.0001,70.3152084350586,460.254056758131,1.18651497364044,0.29353079199791,-0.00152583047747612,4.91116205315527,-43235.9854801864,-80648.5074382403,-43238.4480693107,-80648.5104760333,-43240.9106584351,-80648.5135138262,1,0,0,0
20130509092925.daq,35,10,992.1,1,0,right,-0.0520172119140625,270.052017211914,12,0.0001,70.2939987182617,470.565420372455,1.14256989955902,0.293274998664856,-0.0300010479986668,4.90060598702025,-43235.9749140784,-80658.8125857593,-43238.4375040615,-80658.8148214755,-43240.9000940446,-80658.8170571916,1,0,0,0
20130509092925.daq,35,10,992.2,1,0,right,-0.0356597900390625,270.035659790039,12,0.0001,70.2728958129883,480.87368124057,1.01073491573334,0.294040083885193,-0.0489843711256981,4.89343525687539,-43235.9681120304,-80669.1254886724,-43238.4307025514,-80669.1270213416,-43240.8932930725,-80669.1285540107,1,0,0,0
20130509092925.daq,35,10,992.3,1,0,right,-0.0262908935546875,270.026290893555,12,0.0001,70.2518920898438,491.178939977515,0.703119993209839,0.293808460235596,-0.020509384572506,4.89049279040673,-43235.9647845799,-80679.4304068155,-43238.4273753187,-80679.4315368065,-43240.8899660574,-80679.4326667975,1,0,0,0
20130509092925.daq,35,10,992.4,1,0,right,-0.0256195068359375,270.025619506836,12,0.0001,70.2309951782227,501.481040765269,0.439449995756149,0.293752372264862,-0.0300010479986668,4.88612519299646,-43235.9609198088,-80689.72729834,-43238.4235105607,-80689.7283994746,-43240.8861013125,-80689.7295006092,1,0,0,0
20130509092925.daq,35,10,992.5,1,0,right,-0.0323028564453125,270.032302856445,12,0.0001,70.2101821899414,511.780082913319,0.395504981279373,0.293641299009323,-0.0110174920409918,4.88590661807533,-43235.9605069135,-80700.0240088241,-43238.4230975201,-80700.0253972112,-43240.8856881267,-80700.0267855983,1,0,0,0
20130509092925.daq,35,10,992.6,1,0,right,-0.040130615234375,270.040130615234,12,0.0001,70.1894226074219,522.07607630601,0.395504981279373,0.293902099132538,-0.0489843711256981,4.88567784525259,-43235.9600233413,-80710.3206910765,-43238.4226137353,-80710.3224159031,-43240.8852041292,-80710.3241407297,1,0,0,0
20130509092925.daq,35,10,992.7,1,0,right,-0.0489501953125,270.048950195313,12,0.0001,70.1687393188477,532.369030734408,0.439449995756149,0.292981177568436,0.00796583108603954,4.88471327202928,-43235.9594785294,-80720.6095363275,-43238.4220686286,-80720.6116402224,-43240.8846587279,-80720.6137441172,1,0,0,0
20130509092925.daq,35,10,992.8,1,0,right,-0.0580596923828125,270.058059692383,12,0.0001,70.1481170654297,542.65895738831,0.527339994907379,0.294237315654755,-0.0584762655198574,4.88422109710177,-43235.9589158435,-80730.8983743491,-43238.4215055771,-80730.9008697729,-43240.8840953108,-80730.9033651966,1,0,0,0
20130509092925.daq,35,10,992.9,1,0,right,-0.065093994140625,270.065093994141,12,0.0001,70.1275482177734,552.945861769374,0.527339994907379,0.293255567550659,0.140850022435188,4.88423363272539,-43235.9584813651,-80741.1794509469,-43238.4210707738,-80741.182248707,-43240.8836601825,-80741.1850464672,1,0,0,0
20130509092925.daq,35,10,993,1,0,right,-0.073089599609375,270.073089599609,12,0.0001,70.107063293457,563.229755253924,0.483394980430603,0.293463110923767,-0.0300010479986668,4.88343382343544,-43235.9579875369,-80751.4605037829,-43238.4205765312,-80751.4636451965,-43240.8831655256,-80751.4667866101,1,0,0,0
20130509092925.daq,35,10,993.1,1,0,right,-0.07958984375,270.07958984375,12,0.0001,70.0866470336914,573.510649591204,0.439449995756149,0.293240398168564,-0.0300010479986668,4.87889034525964,-43235.9536798362,-80761.7415934422,-43238.4162684583,-80761.7450142382,-43240.8788570804,-80761.7484350341,1,0,0,0
20130509092925.daq,35,10,993.2,1,0,right,-0.087371826171875,270.087371826172,12,0.0001,70.0662994384766,583.788554665603,0.439449995756149,0.293612957000732,-0.0489843711256981,4.87455104965645,-43235.9492930002,-80772.0148389253,-43238.4118811349,-80772.018594193,-43240.8744692697,-80772.0223494606,1,0,0,0
20130509092925.daq,35,10,993.3,1,0,right,-0.097808837890625,270.097808837891,12,0.0001,70.046012878418,594.063480641169,0.395504981279373,0.293555915355682,-0.0300010479986668,4.8664348909532,-43235.9408359904,-80782.2880187942,-43238.4034234003,-80782.2922226474,-43240.8660108101,-80782.2964265006,1,0,0,0
20130509092925.daq,35,10,993.4,1,0,right,-0.107345581054688,270.107345581055,12,0.0001,70.0257873535156,604.335435164234,0.351559996604919,0.293639689683914,-0.020509384572506,4.85809812575695,-43235.9324346154,-80792.561220783,-43238.3950212914,-80792.5658345278,-43240.8576079674,-80792.5704482727,1,0,0,0
20130509092925.daq,35,10,993.5,1,0,right,-0.119918823242188,270.119918823242,12,0.0001,70.0056381225586,614.60442923817,0.219724997878075,0.2941575050354,0.00796583108603954,4.84919960919899,-43235.9238458025,-80802.8265351352,-43238.3864314068,-80802.831689281,-43240.849017011,-80802.8368434267,1,0,0,0
20130509092925.daq,35,10,993.6,1,0,right,-0.136611938476563,270.136611938477,12,0.0001,69.9856414794922,624.870477969132,0.131834998726845,0.294268608093262,-0.0300010479986668,4.83629235487739,-43235.9110964706,-80813.0917474343,-43238.3736804687,-80813.0976190538,-43240.8362644667,-80813.1034906732,1,0,0,0
20130509092925.daq,35,10,993.7,1,0,right,-0.156295776367188,270.156295776367,12,0.0001,69.9658126831055,635.133605601761,0.131834998726845,0.295107752084732,-0.0300010479986668,4.81942220032278,-43235.8942564052,-80823.3490729086,-43238.3568382407,-80823.3557905429,-43240.8194200763,-80823.3625081772,1,0,0,0
20130509092925.daq,35,10,993.8,1,0,right,-0.175689697265625,270.175689697266,12,0.0001,69.9461898803711,645.393838152318,0.131834998726845,0.299497067928314,-0.0489843711256981,4.8026607018595,-43235.8774343997,-80833.6064051479,-43238.3400138204,-80833.6139563357,-43240.802593241,-80833.6215075234,1,0,0,0
20130509092925.daq,35,10,993.9,1,0,right,-0.19610595703125,270.196105957031,12,0.0001,69.9271011352539,655.651225508685,0.17577999830246,0.308202296495438,-0.0489843711256981,4.78592801677168,-43235.8605494706,-80843.8637116328,-43238.3231260442,-80843.8721403134,-43240.7857026178,-80843.8805689939,1,0,0,0
20130509092925.daq,35,10,994,1,0,right,-0.21484375,270.21484375,12,0.0001,69.9097213745117,665.905919292723,0.26366999745369,0.312520891427994,-0.00152583047747612,4.76147524465695,-43235.8359557818,-80854.1132468233,-43238.2985294673,-80854.122480855,-43240.7611031527,-80854.1317148867,1,0,0,0
20130509092925.daq,35,10,994.1,1,0,right,-0.228317260742188,270.228317260742,12,0.0001,69.8952941894531,676.1582720765,0.483394980430603,0.31339168548584,-0.11542646586895,4.73738134440863,-43235.8116870121,-80864.3629123658,-43238.274258458,-80864.372725489,-43240.7368299038,-80864.3825386122,1,0,0,0
20130509092925.daq,35,10,994.2,1,0,right,-0.234405517578125,270.234405517578,12,0.0001,69.8838882446289,686.408736207872,0.74706494808197,0.31425678730011,-0.0679679214954376,4.70596239937043,-43235.7800614132,-80874.6127611708,-43238.2426318024,-80874.6228359671,-43240.7052021916,-80874.6329107634,1,0,0,0
20130509092925.daq,35,10,994.3,1,0,right,-0.236663818359375,270.236663818359,12,0.0001,69.8748474121094,696.65771004383,0.74706494808197,0.314572602510452,-0.0584762655198574,4.67444422850036,-43235.7486720973,-80884.8627050783,-43238.2112420876,-80884.8728769363,-43240.6738120778,-80884.8830487943,1,0,0,0
20130509092925.daq,35,10,994.4,1,0,right,-0.23504638671875,270.235046386719,12,0.0001,69.8675689697266,706.90549281839,0.74706494808197,0.315848916769028,-0.0300010479986668,4.64323400792815,-43235.7175218774,-80895.1049327533,-43238.1800921538,-80895.1150350941,-43240.6426624301,-80895.1251374349,1,0,0,0
20130509092925.daq,35,10,994.5,1,0,right,-0.233474731445313,270.233474731445,12,0.0001,69.8616104125977,717.152307768134,0.74706494808197,0.318827927112579,-0.0584762655198574,4.60800770079274,-43235.6824625845,-80905.3549717884,-43238.1450331371,-80905.3650065796,-43240.6076036897,-80905.3750413707,1,0,0,0
20130509092925.daq,35,10,994.6,1,0,right,-0.229537963867188,270.229537963867,12,0.0001,69.85693359375,727.398341296561,0.74706494808197,0.323520541191101,-0.0394927076995373,4.57304866894554,-43235.6475492027,-80915.5972570542,-43238.110120439,-80915.6071226432,-43240.5726916752,-80915.6169882322,1,0,0,0
20130509092925.daq,35,10,994.7,1,0,right,-0.225997924804688,270.225997924805,12,0.0001,69.8539428710938,737.643805170723,0.74706494808197,0.331797361373901,-0.020509384572506,4.53806731772126,-43235.6126113516,-80925.8395324534,-43238.0751831927,-80925.8492458916,-43240.5377550338,-80925.8589593297,1,0,0,0
20130509092925.daq,35,10,994.8,1,0,right,-0.224838256835938,270.224838256836,12,0.0001,69.853401184082,747.888997598871,0.74706494808197,0.343683212995529,-0.0394927076995373,4.50684541754027,-43235.5814328973,-80936.081748745,-43238.0440049344,-80936.0914123407,-43240.5065769716,-80936.1010759363,1,0,0,0
20130509092925.daq,35,10,994.9,1,0,right,-0.222808837890625,270.222808837891,12,0.0001,69.8566970825195,758.134372141081,0.74706494808197,0.354623049497604,-0.0300010479986668,4.47177500039049,-43235.5464018535,-80946.3239866268,-43238.0089742315,-80946.3335629981,-43240.4715466094,-80946.3431393693,1,0,0,0
20130509092925.daq,35,10,995,1,0,right,-0.220077514648438,270.220077514648,12,0.0001,69.8654022216797,768.380611561908,0.791009962558746,0.360026806592941,-0.0679679214954376,4.43668573191788,-43235.511414117,-80956.574054427,-43237.9739869487,-80956.583513406,-43240.4365597803,-80956.5929723849,1,0,0,0
20130509092925.daq,35,10,995.1,1,0,right,-0.217254638671875,270.217254638672,12,0.0001,69.8801879882813,778.628572254325,0.966789960861206,0.361170530319214,-0.020509384572506,4.40558353445956,-43235.4803382824,-80966.8163119913,-43237.9429115771,-80966.8256496431,-43240.4054848718,-80966.8349872948,1,0,0,0
20130509092925.daq,35,10,995.2,1,0,right,-0.207321166992188,270.207321166992,12,0.0001,69.9006118774414,788.87912851508,1.23045992851257,0.361202567815781,-0.0869512483477592,4.37098241308806,-43235.4457949338,-80977.0665584738,-43237.9083698104,-80977.0754691847,-43240.3709446869,-80977.0843798956,1,0,0,0
20130509092925.daq,35,10,995.3,1,0,right,-0.191085815429688,270.19108581543,12,0.0001,69.9252319335938,799.133005723168,1.2744048833847,0.361192137002945,-0.0300010479986668,4.3407073703308,-43235.4155467571,-80987.3169610982,-43237.8781240597,-80987.3251740126,-43240.3407013624,-80987.3333869271,1,0,0,0
20130509092925.daq,35,10,995.4,1,0,right,-0.174041748046875,270.174041748047,12,0.0001,69.9526901245117,809.390715998656,1.18651497364044,0.361910134553909,-0.0110174920409918,4.31052316409856,-43235.3853486059,-80997.5751959726,-43237.8479282427,-80997.5826763313,-43240.3105078795,-80997.59015669,1,0,0,0
20130509092925.daq,35,10,995.5,1,0,right,-0.155960083007813,270.155960083008,12,0.0001,69.982048034668,819.65260035079,1.18651497364044,0.362476706504822,-0.0489843711256981,4.28439047528404,-43235.3591208758,-81007.833456218,-43237.8217027507,-81007.8401594241,-43240.2842846255,-81007.8468626303,1,0,0,0
20130509092925.daq,35,10,995.6,1,0,right,-0.139572143554688,270.139572143555,12,0.0001,70.012809753418,829.918898521151,1.18651497364044,0.36317977309227,-0.020509384572506,4.2622391080952,-43235.3366949791,-81018.0994867184,-43237.7992786706,-81018.105485568,-43240.261862362,-81018.1114844176,1,0,0,0
20130509092925.daq,35,10,995.7,1,0,right,-0.121566772460938,270.121566772461,12,0.0001,70.0446701049805,840.189792344041,1.18651497364044,0.364533275365829,-0.0394927076995373,4.23974589407922,-43235.3143690578,-81028.3733694066,-43237.7769545128,-81028.3785943816,-43240.2395399678,-81028.3838193566,1,0,0,0
20130509092925.daq,35,10,995.8,1,0,right,-0.104339599609375,270.104339599609,12,0.0001,70.0774612426758,850.465428032927,1.18651497364044,0.365855664014816,-0.0489843711256981,4.21797268056898,-43235.2919952246,-81038.6472325267,-43237.7545821393,-81038.6517170737,-43240.2171690539,-81038.6562016207,1,0,0,0
20130509092925.daq,35,10,995.9,1,0,right,-0.0883941650390625,270.088394165039,12,0.0001,70.1111679077148,860.745939492423,1.18651497364044,0.3675477206707,-0.0300010479986668,4.20253538905363,-43235.2773548663,-81048.9288761947,-43237.7399429337,-81048.9326754028,-43240.202531001,-81048.9364746108,1,0,0,0
20130509092925.daq,35,10,996,1,0,right,-0.0713348388671875,270.071334838867,12,0.0001,70.1458740234375,871.031467247842,1.18651497364044,0.368590086698532,-0.0679679214954376,4.1881735273538,-43235.2627834129,-81059.2105470595,-43237.7253725022,-81059.213613053,-43240.1879615916,-81059.2166790465,1,0,0,0
20130509092925.daq,35,10,996.1,1,0,right,-0.0544891357421875,270.054489135742,12,0.0001,70.1815872192383,881.322158724855,1.18651497364044,0.368522375822067,-0.0584762655198574,4.17817056740355,-43235.2521051395,-81069.5000248462,-43237.7146950238,-81069.5023668064,-43240.1772849082,-81069.5047087666,1,0,0,0
20130509092925.daq,35,10,996.2,1,0,right,-0.03802490234375,270.038024902344,12,0.0001,70.2181777954102,891.618155567703,1.18651497364044,0.368589401245117,-0.00152583047747612,4.17093366437162,-43235.2453096725,-81079.7973054333,-43237.7079001282,-81079.7989397557,-43240.1704905838,-81079.800574078,1,0,0,0
20130509092925.daq,35,10,996.3,1,0,right,-0.0223846435546875,270.022384643555,12,0.0001,70.2554397583008,901.919571446182,1.14256989955902,0.369742542505264,-0.0679679214954376,4.16771047199145,-43235.2423696646,-81090.0945654514,-43237.7049604747,-81090.0955275506,-43240.1675512847,-81090.0964896497,1,0,0,0
20130509092925.daq,35,10,996.4,1,0,right,-0.0109100341796875,270.01091003418,12,0.0001,70.2931442260742,912.226485807871,0.966789960861206,0.369598627090454,-0.0300010479986668,4.1651125114852,-43235.2391723732,-81100.3995352555,-43237.7017633266,-81100.4000041723,-43240.16435428,-81100.4004730891,1,0,0,0
20130509092925.daq,35,10,996.5,1,0,right,-0.002471923828125,270.002471923828,12,0.0001,70.3312759399414,922.538962248189,0.878899991512299,0.369553685188293,-0.0394927076995373,4.16878570392212,-43235.2436000079,-81110.7122427636,-43237.7061910036,-81110.7123490076,-43240.1687819993,-81110.7124552517,1,0,0,0
20130509092925.daq,35,10,996.6,1,0,right,0.003875732421875,269.996124267578,12,0.0001,70.3696899414063,932.85705438492,0.878899991512299,0.370458722114563,-0.020509384572506,4.16987229060895,-43235.243992245,-81121.032711313,-43237.7065832374,-81121.0325447328,-43240.1691742297,-81121.0323781526,1,0,0,0
20130509092925.daq,35,10,996.7,1,0,right,0.0100250244140625,269.989974975586,12,0.0001,70.4083480834961,943.180797745736,0.878899991512299,0.371411114931107,-0.0300010479986668,4.17739491436604,-43235.2521847412,-81131.3531749445,-43237.7147757015,-81131.3527440657,-43240.1773666618,-81131.352313187,1,0,0,0
20130509092925.daq,35,10,996.8,1,0,right,0.0150909423828125,269.984909057617,12,0.0001,70.4472961425781,953.510231308406,0.878899991512299,0.372984766960144,-0.0110174920409918,4.18224737161424,-43235.2564040524,-81141.6814244192,-43237.718994965,-81141.6807758057,-43240.1815858776,-81141.6801271921,1,0,0,0
20130509092925.daq,35,10,996.9,1,0,right,0.0186309814453125,269.981369018555,12,0.0001,70.4866943359375,963.845408131252,0.791009962558746,0.373957365751266,-0.0964431390166283,4.18961732637702,-43235.2644353246,-81152.0174488851,-43237.7270261924,-81152.0166481196,-43240.1896170602,-81152.015847354,1,0,0,0
20130509092925.daq,35,10,997,1,0,right,0.0177764892578125,269.982223510742,12,0.0001,70.5267028808594,974.186405890185,0.615229964256287,0.375342011451721,-0.020509384572506,4.19808480424676,-43235.272195017,-81162.3533653946,-43237.7347858965,-81162.3526013554,-43240.1973767759,-81162.3518373162,1,0,0,0
20130509092925.daq,35,10,997.1,1,0,right,0.0152587890625,269.984741210938,12,0.0001,70.5673599243164,984.533320724266,0.615229964256287,0.376155853271484,-0.0679679214954376,4.20895296266268,-43235.2837581751,-81172.6970535429,-43237.7463490858,-81172.6963977153,-43240.2089399964,-81172.6957418876,1,0,0,0
20130509092925.daq,35,10,997.2,1,0,right,0.0122528076171875,269.987747192383,12,0.0001,70.6084442138672,994.886232174351,0.615229964256287,0.376304715871811,-0.0584762655198574,4.21668156700158,-43235.2913849113,-81183.0485421868,-43237.753975853,-81183.0480155572,-43240.2165667947,-81183.0474889276,1,0,0,0
20130509092925.daq,35,10,997.3,1,0,right,0.0074920654296875,269.99250793457,12,0.0001,70.6498260498047,1005.24506592151,0.615229964256287,0.377116084098816,-0.0394927076995373,4.22879990315715,-43235.3028094648,-81193.4078001968,-43237.7654004417,-81193.4074781854,-43240.2279914187,-81193.407156174,1,0,0,0
20130509092925.daq,35,10,997.4,1,0,right,0.0040435791015625,269.995956420898,12,0.0001,70.6914291381836,1015.61011308711,0.615229964256287,0.377248257398605,0.036441046744585,4.23597856857121,-43235.3104088669,-81203.7749029388,-43237.7729998588,-81203.7747291444,-43240.2355908506,-81203.7745553501,1,0,0,0
20130509092925.daq,35,10,997.5,1,0,right,7.62939453125e-05,269.999923706055,12,0.0001,70.7331924438477,1025.98127370891,0.615229964256287,0.377537161111832,-0.0300010479986668,4.24703555829223,-43235.3218824664,-81214.1419929136,-43237.7844734644,-81214.1419896345,-43240.2470644624,-81214.1419863554,1,0,0,0
20130509092925.daq,35,10,997.6,1,0,right,-0.0037841796875,270.003784179688,12,0.0001,70.7750778198242,1036.35856988678,0.615229964256287,0.377975434064865,-0.0300010479986668,4.25477611180619,-43235.3294564225,-81224.5168979979,-43237.7920474152,-81224.5170606432,-43240.2546384078,-81224.5172232884,1,0,0,0
20130509092925.daq,35,10,997.7,1,0,right,-0.0081787109375,270.008178710938,12,0.0001,70.8170700073242,1046.74201635398,0.615229964256287,0.377723008394241,-0.0584762655198574,4.26264114306087,-43235.3369973863,-81234.899602432,-43237.7995883593,-81234.8999539556,-43240.2621793322,-81234.9003054792,1,0,0,0
20130509092925.daq,35,10,997.8,1,0,right,-0.012481689453125,270.012481689453,12,0.0001,70.8591156005859,1057.131626445,0.615229964256287,0.378854155540466,-0.0489843711256981,4.27045497222045,-43235.3445440152,-81245.2901215973,-43237.8071349548,-81245.2906580643,-43240.2697258943,-81245.2911945313,1,0,0,0
20130509092925.daq,35,10,997.9,1,0,right,-0.01873779296875,270.018737792969,12,0.0001,70.9012069702148,1067.52740640751,0.57128494977951,0.378936976194382,-0.0394927076995373,4.27391869759902,-43235.3480637291,-81255.6805926885,-43237.8106545954,-81255.6813980448,-43240.2732454617,-81255.6822034011,1,0,0,0
20130509092925.daq,35,10,998,1,0,right,-0.0232391357421875,270.023239135742,12,0.0001,70.9433364868164,1077.92936211613,0.57128494977951,0.378814965486526,-0.0774595886468887,4.28115398194847,-43235.3555981221,-81266.0789194231,-43237.8181889175,-81266.0799182486,-43240.280779713,-81266.0809170741,1,0,0,0
20130509092925.daq,35,10,998.1,1,0,right,-0.028228759765625,270.028228759766,12,0.0001,70.9854583740234,1088.3374976738,0.57128494977951,0.378466486930847,-0.0394927076995373,4.28468784841007,-43235.3591961077,-81276.485046617,-43237.8217868068,-81276.4862598981,-43240.2843775059,-81276.4874731792,1,0,0,0
20130509092925.daq,35,10,998.2,1,0,right,-0.036041259765625,270.036041259766,12,0.0001,71.0275497436523,1098.75180944383,0.395504981279373,0.378896564245224,-0.0300010479986668,4.28814727699777,-43235.3626197144,-81286.8989167794,-43237.8252102252,-81286.9004658442,-43240.287800736,-81286.9020149091,1,0,0,0
20130509092925.daq,35,10,998.3,1,0,right,-0.048492431640625,270.048492431641,12,0.0001,71.069580078125,1109.17229033937,0.26366999745369,0.378305196762085,-0.020509384572506,4.2914378245376,-43235.365756806,-81297.3204851055,-43237.828346922,-81297.3225693255,-43240.290937038,-81297.3246535455,1,0,0,0
20130509092925.daq,35,10,998.4,1,0,right,-0.0635223388671875,270.063522338867,12,0.0001,71.1115112304688,1119.59892889083,0.26366999745369,0.378440737724304,-0.0110174920409918,4.29069407438734,-43235.3648284376,-81307.7419896943,-43237.8274179221,-81307.7447199042,-43240.2900074066,-81307.7474501142,1,0,0,0
20130509092925.daq,35,10,998.5,1,0,right,-0.080413818359375,270.080413818359,12,0.0001,71.1533432006836,1130.03170980549,0.307614982128143,0.379106372594833,-0.0584762655198574,4.28966499923545,-43235.3637851994,-81318.1712606141,-43237.826373772,-81318.1747168247,-43240.2889623447,-81318.1781730353,1,0,0,0
20130509092925.daq,35,10,998.6,1,0,right,-0.0970458984375,270.097045898438,12,0.0001,71.1950836181641,1140.47061881635,0.307614982128143,0.379095405340195,-0.0869512483477592,4.28432695939401,-43235.3588518521,-81328.6083501308,-43237.8214393177,-81328.6125211927,-43240.2840267833,-81328.6166922546,1,0,0,0
20130509092925.daq,35,10,998.7,1,0,right,-0.113082885742188,270.113082885742,12,0.0001,71.2366943359375,1150.91564146992,0.307614982128143,0.378198117017746,-0.020509384572506,4.27915774030782,-43235.3539553671,-81339.0532665522,-43237.8165415687,-81339.0581268878,-43240.2791277704,-81339.0629872234,1,0,0,0
20130509092925.daq,35,10,998.8,1,0,right,-0.127639770507813,270.127639770508,12,0.0001,71.2782135009766,1161.36675995575,0.307614982128143,0.378710180521011,-0.0394927076995373,4.27049553383193,-43235.3452441199,-81349.506031789,-43237.8078290072,-81349.5115177828,-43240.2704138945,-81349.5170037765,1,0,0,0
20130509092925.daq,35,10,998.9,1,0,right,-0.142471313476563,270.142471313477,12,0.0001,71.3196182250977,1171.82395888788,0.307614982128143,0.378568977117538,-0.0300010479986668,4.25833305861389,-43235.3326097592,-81359.9587900029,-43237.7951931439,-81359.9649134594,-43240.2577765287,-81359.9710369159,1,0,0,0
20130509092925.daq,35,10,999,1,0,right,-0.157241821289063,270.157241821289,12,0.0001,71.3609161376953,1182.28722269379,0.351559996604919,0.378744721412659,-0.0300010479986668,4.24549171990779,-43235.3199792609,-81370.4193619907,-43237.7825609852,-81370.4261202862,-43240.2451427095,-81370.4328785816,1,0,0,0
20130509092925.daq,35,10,999.1,1,0,right,-0.168411254882813,270.168411254883,12,0.0001,71.4020843505859,1192.75653449559,0.483394980430603,0.377833843231201,-0.00152583047747612,4.22492070054035,-43235.2997586109,-81380.8878354349,-43237.7623389709,-81380.8950737943,-43240.2249193309,-81380.9023121536,1,0,0,0
20130509092925.daq,35,10,999.2,1,0,right,-0.1754150390625,270.175415039063,12,0.0001,71.4431304931641,1203.2318751773,0.74706494808197,0.378162950277328,-0.0584762655198574,4.20928310519784,-43235.2837013507,-81391.3564119522,-43237.7462808075,-81391.3639513352,-43240.2088602643,-81391.3714907181,1,0,0,0
20130509092925.daq,35,10,999.3,1,0,right,-0.177505493164063,270.177505493164,12,0.0001,71.4840621948242,1213.71322730153,0.791009962558746,0.379210323095322,-0.020509384572506,4.1854808530928,-43235.2601348359,-81401.8407351618,-43237.722714016,-81401.8483643926,-43240.1852931961,-81401.8559936235,1,0,0,0
20130509092925.daq,35,10,999.4,1,0,right,-0.17535400390625,270.175354003906,12,0.0001,71.5249252319336,1224.20057706749,0.791009962558746,0.379793405532837,0.00796583108603954,4.16211998579428,-43235.2368301176,-81412.3251634643,-43237.6994095824,-81412.3327002239,-43240.1619890473,-81412.3402369835,1,0,0,0
20130509092925.daq,35,10,999.5,1,0,right,-0.173004150390625,270.173004150391,12,0.0001,71.5657958984375,1234.69391999926,0.791009962558746,0.379233151674271,0.0269493870437145,4.13913300945894,-43235.2135376437,-81422.8174091755,-43237.6761174156,-81422.8248449381,-43240.1386971875,-81422.8322807008,1,0,0,0
20130509092925.daq,35,10,999.6,1,0,right,-0.170303344726563,270.170303344727,12,0.0001,71.6066513061523,1245.19325619009,0.74706494808197,0.379366517066956,-0.0110174920409918,4.11552352102475,-43235.1902668326,-81433.3174760733,-43237.6528469523,-81433.324795755,-43240.1154270719,-81433.3321154366,1,0,0,0
20130509092925.daq,35,10,999.7,1,0,right,-0.171005249023438,270.171005249023,12,0.0001,71.6474380493164,1255.69858107084,0.659174978733063,0.378839761018753,-0.0584762655198574,4.09234170525276,-43235.166786012,-81443.8174586882,-43237.6293660418,-81443.8248085378,-43240.0919460716,-81443.8321583874,1,0,0,0
20130509092925.daq,35,10,999.8,1,0,right,-0.172500610351563,270.172500610352,12,0.0001,71.6881256103516,1266.2098810272,0.703119993209839,0.379319906234741,-0.0300010479986668,4.06860672584317,-43235.1432562211,-81454.3252341486,-43237.6058360582,-81454.332648269,-43240.0684158953,-81454.3400623894,1,0,0,0
20130509092925.daq,35,10,999.9,1,0,right,-0.173324584960938,270.173324584961,12,0.0001,71.7286911010742,1276.72713936772,0.74706494808197,0.379662871360779,-0.0300010479986668,4.04113273853611,-43235.1158616173,-81464.840838738,-43237.5784413475,-81464.8482882729,-43240.0410210778,-81464.8557378079,1,0,0,0
20130509092925.daq,35,10,1000,1,0,right,-0.172012329101563,270.172012329102,12,0.0001,71.7691345214844,1287.25033893473,0.791009962558746,0.380052119493484,0.00796583108603954,4.01849594056387,-43235.0925051068,-81475.3643087434,-43237.555085007,-81475.3717018774,-43240.0176649072,-81475.3790950115,1,0,0,0
20130509092925.daq,35,10,1000.1,1,0,right,-0.170120239257813,270.170120239258,12,0.0001,71.8094635009766,1297.77946042581,0.791009962558746,0.379647344350815,-0.0394927076995373,3.99444094690612,-43235.0691843837,-81485.8956056085,-43237.5317645267,-81485.9029174202,-43239.9943446697,-81485.910229232,1,0,0,0
20130509092925.daq,35,10,1000.2,1,0,right,-0.168548583984375,270.168548583984,12,0.0001,71.849723815918,1308.31449209164,0.74706494808197,0.379370331764221,-0.0394927076995373,3.97109123000537,-43235.045843885,-81496.4268945338,-43237.5084242276,-81496.4341387956,-43239.9710045703,-81496.4413830574,1,0,0,0
20130509092925.daq,35,10,1000.3,1,0,right,-0.167022705078125,270.167022705078,12,0.0001,71.8898773193359,1318.85542190319,0.791009962558746,0.379674315452576,-0.0584762655198574,3.94441965947276,-43235.018594312,-81506.9659948228,-43237.4811748468,-81506.9731735021,-43239.9437553815,-81506.9803521814,1,0,0,0
20130509092925.daq,35,10,1000.4,1,0,right,-0.165374755859375,270.165374755859,12,0.0001,71.9299163818359,1329.40223205005,0.791009962558746,0.379636079072952,-0.0300010479986668,3.92092282234782,-43234.9952585244,-81517.5129106321,-43237.4578392646,-81517.5200184823,-43239.9204200047,-81517.5271263325,1,0,0,0
20130509092925.daq,35,10,1000.5,1,0,right,-0.162673950195313,270.162673950195,12,0.0001,71.9698333740234,1339.95490509478,0.791009962558746,0.379588752985001,-0.0110174920409918,3.89722612085868,-43234.9719877222,-81528.0598525076,-43237.4345687947,-81528.0668442769,-43239.8971498672,-81528.0738360461,1,0,0,0
20130509092925.daq,35,10,1000.6,1,0,right,-0.159378051757813,270.159378051758,12,0.0001,72.009635925293,1350.51342509185,0.791009962558746,0.379942893981934,-0.0489843711256981,3.87391690785509,-43234.9487536542,-81538.6224341079,-43237.4113351249,-81538.6292842189,-43239.8739165955,-81538.6361343299,1,0,0,0
20130509092925.daq,35,10,1000.7,1,0,right,-0.156234741210938,270.156234741211,12,0.0001,72.0493240356445,1361.07777395112,0.74706494808197,0.379525542259216,-0.0584762655198574,3.85073253881417,-43234.9255101725,-81549.1850119194,-43237.3880920153,-81549.1917269304,-43239.850673858,-81549.1984419415,1,0,0,0
20130509092925.daq,35,10,1000.8,1,0,right,-0.152236938476563,270.152236938477,12,0.0001,72.0888977050781,1371.64793582037,0.74706494808197,0.379498034715652,-0.0300010479986668,3.83156237558445,-43234.9062256898,-81559.7554233682,-43237.3688079951,-81559.761966553,-43239.8313903004,-81559.7685097378,1,0,0,0
20130509092925.daq,35,10,1000.9,1,0,right,-0.14898681640625,270.148986816406,12,0.0001,72.1283187866211,1382.22389102419,0.74706494808197,0.379756778478622,-0.0394927076995373,3.8084999554974,-43234.8829888111,-81570.3258162987,-43237.3455714835,-81570.3322197927,-43239.808154156,-81570.3386232866,1,0,0,0
20130509092925.daq,35,10,1001,1,0,right,-0.146163940429688,270.14616394043,12,0.0001,72.1676254272461,1392.80561895466,0.74706494808197,0.379609018564224,-0.0394927076995373,3.78924923816857,-43234.8636318133,-81580.9040111469,-43237.3262147983,-81580.9102933131,-43239.7887977832,-81580.9165754794,1,0,0,0
20130509092925.daq,35,10,1001.1,1,0,right,-0.14202880859375,270.142028808594,12,0.0001,72.2068252563477,1403.39310385285,0.74706494808197,0.379814296960831,-0.0394927076995373,3.76606197919877,-43234.8404495754,-81591.4900509495,-43237.3030330074,-81591.4961553871,-43239.7656164393,-81591.5022598246,1,0,0,0
20130509092925.daq,35,10,1001.2,1,0,right,-0.138534545898438,270.138534545898,12,0.0001,72.2459335327148,1413.98633061249,0.74706494808197,0.379846900701523,0.00796583108603954,3.74662882337215,-43234.8211340324,-81602.0838873828,-43237.2837178321,-81602.0898416362,-43239.7463016317,-81602.0957958897,1,0,0,0
20130509092925.daq,35,10,1001.3,1,0,right,-0.132675170898438,270.132675170898,12,0.0001,72.2849731445313,1424.58528795055,0.74706494808197,0.379249215126038,-0.0489843711256981,3.72728323298093,-43234.8019645038,-81612.6855947894,-43237.2645488994,-81612.6912972057,-43239.7271332951,-81612.6969996221,1,0,0,0
20130509092925.daq,35,10,1001.4,1,0,right,-0.126815795898438,270.126815795898,12,0.0001,72.3239440917969,1435.18996710167,0.74706494808197,0.379419922828674,-0.0584762655198574,3.70800551377932,-43234.7827949899,-81623.287302159,-43237.2453799559,-81623.2927527382,-43239.7079649219,-81623.2982033174,1,0,0,0
20130509092925.daq,35,10,1001.5,1,0,right,-0.120819091796875,270.120819091797,12,0.0001,72.3627777099609,1445.80035230689,0.74706494808197,0.379530638456345,-0.0489843711256981,3.69271704928064,-43234.7675402196,-81633.8968253857,-43237.2301257426,-81633.9020182252,-43239.6927112655,-81633.9072110647,1,0,0,0
20130509092925.daq,35,10,1001.6,1,0,right,-0.114913940429688,270.11491394043,12,0.0001,72.4015121459961,1456.41642594227,0.74706494808197,0.379890292882919,-0.0394927076995373,3.67424357635844,-43234.7483735621,-81644.5063463116,-43237.2109596072,-81644.5112853463,-43239.6735456522,-81644.516224381,1,0,0,0
20130509092925.daq,35,10,1001.7,1,0,right,-0.10772705078125,270.107727050781,12,0.0001,72.4401550292969,1467.03817374079,0.74706494808197,0.379425793886185,-0.0110174920409918,3.6591846640314,-43234.7331923112,-81655.1315238605,-43237.1957789565,-81655.136154001,-43239.6583656017,-81655.1407841415,1,0,0,0
20130509092925.daq,35,10,1001.8,1,0,right,-0.101760864257813,270.101760864258,12,0.0001,72.4787216186523,1477.66558395316,0.659174978733063,0.379288047552109,-0.0584762655198574,3.64367466572026,-43234.7179357059,-81665.7566712102,-43237.1805228199,-81665.7610449225,-43239.6431099339,-81665.7654186349,1,0,0,0
20130509092925.daq,35,10,1001.9,1,0,right,-0.1011962890625,270.101196289063,12,0.0001,72.517204284668,1488.29864436387,0.395504981279373,0.37974014878273,-0.00152583047747612,3.63146358403239,-43234.7062518175,-81676.3894976518,-43237.1688389745,-81676.3938470985,-43239.6314261315,-81676.3981965453,1,0,0,0
20130509092925.daq,35,10,1002,1,0,right,-0.102798461914063,270.102798461914,12,0.0001,72.5555953979492,1498.93734126538,0.395504981279373,0.380385369062424,-0.0300010479986668,3.61964407138586,-43234.6944341361,-81687.0222705869,-43237.1570211705,-81687.0266888955,-43239.6196082049,-81687.031107204,1,0,0,0
20130509092925.daq,35,10,1002.1,1,0,right,-0.106475830078125,270.106475830078,12,0.0001,72.5939483642578,1509.58166523963,0.439449995756149,0.380853742361069,-0.0584762655198574,3.60461457152342,-43234.6785820692,-81697.6706172657,-43237.1411688149,-81697.6751936284,-43239.6037555607,-81697.6797699911,1,0,0,0
20130509092925.daq,35,10,1002.2,1,0,right,-0.110092163085938,270.110092163086,12,0.0001,72.6323165893555,1520.23161526088,0.483394980430603,0.381348580121994,-0.0679679214954376,3.59186040945787,-43234.6666400267,-81708.3189654376,-43237.1292264787,-81708.3236972312,-43239.5918129307,-81708.3284290248,1,0,0,0
20130509092925.daq,35,10,1002.3,1,0,right,-0.111404418945313,270.111404418945,12,0.0001,72.6707611083984,1530.88715906518,0.483394980430603,0.38221874833107,-0.020509384572506,3.58089108493575,-43234.6548402521,-81718.9673705197,-43237.1174265951,-81718.9721587144,-43239.5800129381,-81718.976946909,1,0,0,0
20130509092925.daq,35,10,1002.4,1,0,right,-0.11181640625,270.11181640625,12,0.0001,72.7093048095703,1541.54838682369,0.527339994907379,0.382830768823624,-0.0489843711256981,3.56856927429843,-43234.6430960643,-81729.6314228416,-43237.1056823728,-81729.6362287436,-43239.5682686813,-81729.6410346456,1,0,0,0
20130509092925.daq,35,10,1002.5,1,0,right,-0.110000610351563,270.110000610352,12,0.0001,72.7479553222656,1552.21527531761,0.615229964256287,0.382976531982422,-0.0584762655198574,3.55665657234985,-43234.6314894296,-81740.2955301992,-43237.0940758891,-81740.3002580579,-43239.5566623487,-81740.3049859165,1,0,0,0
20130509092925.daq,35,10,1002.6,1,0,right,-0.106201171875,270.106201171875,12,0.0001,72.786735534668,1562.88784291684,0.703119993209839,0.382938653230667,-0.0394927076995373,3.54169182252976,-43234.6160990284,-81750.9674990495,-43237.078685796,-81750.9720636073,-43239.5412725637,-81750.9766281652,1,0,0,0
20130509092925.daq,35,10,1002.7,1,0,right,-0.09820556640625,270.098205566406,12,0.0001,72.8255767822266,1573.56610351539,0.74706494808197,0.382946461439133,-0.020509384572506,3.53019170750767,-43234.6048739925,-81761.6395714989,-43237.0674613731,-81761.6437924036,-43239.5300487538,-81761.6480133083,1,0,0,0
20130509092925.daq,35,10,1002.8,1,0,right,-0.0894622802734375,270.089462280273,12,0.0001,72.8644256591797,1584.25006149593,0.74706494808197,0.382881253957748,-0.0394927076995373,3.51909752028791,-43234.593695156,-81772.3272873331,-43237.0562831521,-81772.3311324491,-43239.5188711482,-81772.3349775651,1,0,0,0
20130509092925.daq,35,10,1002.9,1,0,right,-0.0792694091796875,270.07926940918,12,0.0001,72.9032516479492,1594.93971517998,0.74706494808197,0.382921248674393,-0.0774595886468887,3.50771089507812,-43234.5826058756,-81783.0150388474,-43237.0451945168,-81783.018445871,-43239.507783158,-81783.0218528946,1,0,0,0
20130509092925.daq,35,10,1003,1,0,right,-0.0691375732421875,270.069137573242,12,0.0001,72.9420318603516,1605.63506055789,0.74706494808197,0.382962971925735,-0.020509384572506,3.49704192329683,-43234.5715128703,-81793.7106012447,-43237.0341020754,-81793.7135727991,-43239.4966912806,-81793.7165443534,1,0,0,0
20130509092925.daq,35,10,1003.1,1,0,right,-0.058013916015625,270.058013916016,12,0.0001,72.9807357788086,1616.3360881183,0.74706494808197,0.382713586091995,-0.0394927076995373,3.48999865023026,-43234.5643874209,-81804.4061879773,-43237.0269771566,-81804.4086814336,-43239.4895668922,-81804.4111748899,1,0,0,0
20130509092925.daq,35,10,1003.2,1,0,right,-0.046173095703125,270.046173095703,12,0.0001,73.0193710327148,1627.04278769717,0.74706494808197,0.382719755172729,-0.0584762655198574,3.48286220582248,-43234.5573063255,-81815.1096047437,-43237.0198965239,-81815.1115892779,-43239.4824867223,-81815.1135738122,1,0,0,0
20130509092925.daq,35,10,1003.3,1,0,right,-0.035858154296875,270.035858154297,12,0.0001,73.0579071044922,1637.75510744838,0.791009962558746,0.382974863052368,-0.0489843711256981,3.47940229342814,-43234.5540372761,-81825.8207962881,-43237.0166277918,-81825.822337483,-43239.4792183075,-81825.8238786779,1,0,0,0
20130509092925.daq,35,10,1003.4,1,0,right,-0.02410888671875,270.024108886719,12,0.0001,73.0963439941406,1648.47311171329,0.834954977035522,0.382428616285324,-0.0394927076995373,3.47624420793463,-43234.5508568872,-81836.5398355184,-43237.0134476672,-81836.5408717261,-43239.4760384471,-81836.5419079338,1,0,0,0
20130509092925.daq,35,10,1003.5,1,0,right,-0.0075225830078125,270.007522583008,12,0.0001,73.1346740722656,1659.19674594163,1.05467998981476,0.3836590051651,-0.0300010479986668,3.47728129327847,-43234.5518816777,-81847.2668060682,-43237.0144726545,-81847.2671293912,-43239.4770636312,-81847.2674527142,1,0,0,0
20130509092925.daq,35,10,1003.6,1,0,right,0.011962890625,269.988037109375,12,0.0001,73.1728744506836,1669.92599157697,1.14256989955902,0.382950872182846,-0.0489843711256981,3.47885953011881,-43234.5530857452,-81857.9938475631,-43237.0156766896,-81857.9933333942,-43239.4782676339,-81857.9928192254,1,0,0,0
20130509092925.daq,35,10,1003.7,1,0,right,0.03533935546875,269.964660644531,12,0.0001,73.2109985351563,1680.66083453879,1.14256989955902,0.383330076932907,-0.0489843711256981,3.48389073217172,-43234.558436714,-81868.7287966667,-43237.0210272436,-81868.7272777699,-43239.4836177732,-81868.7257588732,1,0,0,0
20130509092925.daq,35,10,1003.8,1,0,right,0.0606689453125,269.939331054688,12,0.0001,73.2490386962891,1691.4012627981,1.14256989955902,0.38287541270256,-0.0679679214954376,3.49303939482437,-43234.5678149046,-81879.4637930717,-43237.0304045221,-81879.4611855014,-43239.4929941395,-81879.4585779312,1,0,0,0
20130509092925.daq,35,10,1003.9,1,0,right,0.0869293212890625,269.913070678711,12,0.0001,73.2869720458984,1702.14726264733,1.14256989955902,0.3831527531147,0.0174574926495552,3.50634155756563,-43234.5811571695,-81890.2144365806,-43237.0437453332,-81890.2107003319,-43239.5063334969,-81890.2069640832,1,0,0,0
20130509092925.daq,35,10,1004,1,0,right,0.111709594726563,269.888290405273,12,0.0001,73.3247680664063,1712.89881580985,1.09862494468689,0.382921725511551,-0.0489843711256981,3.52348808332507,-43234.5983144492,-81900.9650431373,-43237.0609007667,-81900.9602418261,-43239.5234870841,-81900.9554405149,1,0,0,0
20130509092925.daq,35,10,1004.1,1,0,right,0.1341552734375,269.865844726563,12,0.0001,73.3624420166016,1723.65590400895,0.92284494638443,0.383130669593811,-0.0679679214954376,3.54440568735544,-43234.6192338464,-81911.7234044771,-43237.081818094,-81911.7176384456,-43239.5444023415,-81911.7118724142,1,0,0,0
20130509092925.daq,35,10,1004.2,1,0,right,0.1512451171875,269.848754882813,12,0.0001,73.4000015258789,1734.4185088747,0.834954977035522,0.38280126452446,-0.0300010479986668,3.56889964142556,-43234.6437284075,-81922.4816344918,-43237.1063108256,-81922.4751339357,-43239.5688932438,-81922.4686333795,1,0,0,0
20130509092925.daq,35,10,1004.3,1,0,right,0.166595458984375,269.833404541016,12,0.0001,73.4374618530273,1745.18661492788,0.791009962558746,0.383534401655197,-0.0584762655198574,3.59718298053443,-43234.6720217309,-81933.2476342407,-43237.1346023191,-81933.2404739245,-43239.5971829073,-81933.2333136083,1,0,0,0
20130509092925.daq,35,10,1004.4,1,0,right,0.17889404296875,269.821105957031,12,0.0001,73.4748306274414,1755.960208088,0.791009962558746,0.383856415748596,-0.020509384572506,3.6292149765751,-43234.7040325948,-81944.0213718033,-43237.1666115893,-81944.0136828924,-43239.6291905838,-81944.0059939815,1,0,0,0
20130509092925.daq,35,10,1004.5,1,0,right,0.1917724609375,269.808227539063,12,0.0001,73.5121688842773,1766.73927921669,0.74706494808197,0.383873611688614,-0.0300010479986668,3.66530826577829,-43234.7399856497,-81954.8029358376,-43237.2025628538,-81954.7946934111,-43239.6651400578,-81954.7864509845,1,0,0,0
20130509092925.daq,35,10,1004.6,1,0,right,0.20538330078125,269.794616699219,12,0.0001,73.5494995117188,1777.52382616927,0.834954977035522,0.384555846452713,-0.0300010479986668,3.70547725533974,-43234.7798903473,-81965.5845175371,-43237.2424655238,-81965.5756901158,-43239.7050407003,-81965.5668626945,1,0,0,0
20130509092925.daq,35,10,1004.7,1,0,right,0.219406127929688,269.78059387207,12,0.0001,73.5868148803711,1788.3138469875,0.966789960861206,0.384548306465149,-0.0489843711256981,3.74986889717779,-43234.8237268697,-81976.3739215675,-43237.286299812,-81976.3644914448,-43239.7488727543,-81976.355061322,1,0,0,0
20130509092925.daq,35,10,1004.8,1,0,right,0.2366943359375,269.763305664063,12,0.0001,73.6241607666016,1799.10934279037,0.966789960861206,0.384927153587341,-0.0300010479986668,3.79334516338573,-43234.8677655782,-81987.163404835,-43237.330335563,-81987.1532316654,-43239.7929055478,-81987.1430584958,1,0,0,0
20130509092925.daq,35,10,1004.9,1,0,right,0.25506591796875,269.744934082031,12,0.0001,73.6615219116211,1809.9103178673,0.878899991512299,0.385715037584305,-0.0489843711256981,3.8409323899473,-43234.9157777253,-81997.9685391163,-43237.3783443215,-81997.9575763374,-43239.8409109177,-81997.9466135586,1,0,0,0
20130509092925.daq,35,10,1005,1,0,right,0.267105102539063,269.732894897461,12,0.0001,73.6988906860352,1820.71677231154,0.57128494977951,0.38567790389061,-0.0394927076995373,3.88866189628322,-43234.9633979932,-82008.7735192012,-43237.4259622315,-82008.7620389797,-43239.8885264698,-82008.7505587583,1,0,0,0
20130509092925.daq,35,10,1005.1,1,0,right,0.272796630859375,269.727203369141,12,0.0001,73.7363204956055,1831.5287129302,0.307614982128143,0.38586413860321,-0.0394927076995373,3.94433812425435,-43235.0184378402,-82019.5783449663,-43237.481000926,-82019.5666201238,-43239.9435640118,-82019.5548952814,1,0,0,0
20130509092925.daq,35,10,1005.2,1,0,right,0.26910400390625,269.730895996094,12,0.0001,73.7737655639648,1842.34614363975,0.26366999745369,0.386590838432312,-0.0489843711256981,3.9981647013486,-43235.0728967381,-82030.3985677648,-43237.5354605745,-82030.3870016309,-43239.9980244108,-82030.3754354969,1,0,0,0
20130509092925.daq,35,10,1005.3,1,0,right,0.262847900390625,269.737152099609,12,0.0001,73.8112564086914,1853.1690692891,0.26366999745369,0.386623352766037,-0.0394927076995373,4.05242773743742,-43235.1271969503,-82041.2187282575,-43237.5897620349,-82041.20743101,-43240.0523271194,-82041.1961337625,1,0,0,0
20130509092925.daq,35,10,1005.4,1,0,right,0.254364013671875,269.745635986328,12,0.0001,73.8488082885742,1863.99749827059,0.219724997878075,0.387243866920471,-0.0679679214954376,4.11108262864565,-43235.1852655268,-82052.0466470532,-43237.6478322572,-82052.0357144422,-43240.1103989875,-82052.0247818311,1,0,0,0
20130509092925.daq,35,10,1005.5,1,0,right,0.244491577148438,269.755508422852,12,0.0001,73.8864212036133,1874.83143879008,0.0878899991512299,0.387214541435242,-0.00152583047747612,4.16448195744111,-43235.2393419371,-82062.8745320018,-43237.7019105146,-82062.8640237072,-43240.1644790922,-82062.8535154126,1,0,0,0
20130509092925.daq,35,10,1005.6,1,0,right,0.22772216796875,269.772277832031,12,0.0001,73.9240646362305,1885.6708988669,-0.307614982128143,0.387388229370117,-0.0489843711256981,4.22282259811857,-43235.2968977794,-82073.717874007,-43237.7594693271,-82073.7080864609,-43240.2220408747,-82073.6982989148,1,0,0,0
20130509092925.daq,35,10,1005.7,1,0,right,0.197647094726563,269.802352905273,12,0.0001,73.9617080688477,1896.51588055257,-0.74706494808197,0.387328386306763,-0.0300010479986668,4.27489701539091,-43235.3497241446,-82084.5530790284,-43237.8123004906,-82084.5445841097,-43240.2748768366,-82084.5360891909,1,0,0,0
20130509092925.daq,35,10,1005.8,1,0,right,0.159576416015625,269.840423583984,12,0.0001,73.9992904663086,1907.36637899814,-0.791009962558746,0.38809061050415,-0.105934806168079,4.32409282523527,-43235.3981500199,-82095.4037129159,-43237.8607314668,-82095.3968542792,-43240.3233129136,-82095.3899956425,1,0,0,0
20130509092925.daq,35,10,1005.9,1,0,right,0.117965698242188,269.882034301758,12,0.0001,74.036865234375,1918.22238832896,-0.57128494977951,0.388033360242844,-0.020509384572506,4.37153103705404,-43235.4463575847,-82106.2542586657,-43237.9089433632,-82106.2491884657,-43240.3715291417,-82106.2441182657,1,0,0,0
20130509092925.daq,35,10,1006,1,0,right,0.082122802734375,269.917877197266,12,0.0001,74.074462890625,1929.08391022352,-0.307614982128143,0.387680441141129,-0.0300010479986668,4.40888260712216,-43235.4832037405,-82117.1127563528,-43237.9457922089,-82117.1092266896,-43240.4083806773,-82117.1056970264,1,0,0,0
20130509092925.daq,35,10,1006.1,1,0,right,0.052520751953125,269.947479248047,12,0.0001,74.1120376586914,1939.9509454278,-0.175779983401299,0.38825061917305,-0.0110174920409918,4.44583222240515,-43235.5204362127,-82127.9792182495,-43237.9830261761,-82127.976960891,-43240.4456161395,-82127.9747035325,1,0,0,0
20130509092925.daq,35,10,1006.2,1,0,right,0.02813720703125,269.971862792969,12,0.0001,74.1495513916016,1950.82348788065,-0.175779983401299,0.388194710016251,-0.0394927076995373,4.47149744062597,-43235.5462728299,-82138.8458073517,-43238.0088635309,-82138.8445980055,-43240.471454232,-82138.8433886594,1,0,0,0
20130509092925.daq,35,10,1006.3,1,0,right,0.0042724609375,269.995727539063,12,0.0001,74.1870040893555,1961.70137514341,-0.219724982976913,0.388376861810684,-0.0869512483477592,4.49719021805488,-43235.5721417604,-82149.7202210647,-43238.0347327515,-82149.7200374329,-43240.4973237427,-82149.7198538012,1,0,0,0
20130509092925.daq,35,10,1006.4,1,0,right,-0.0173797607421875,270.017379760742,12,0.0001,74.2243728637695,1972.58490216068,-0.219724982976913,0.388255149126053,-0.0394927076995373,4.51191031019656,-43235.5864288843,-82160.6025011015,-43238.049019769,-82160.6032480892,-43240.5116106537,-82160.6039950769,1,0,0,0
20130509092925.daq,35,10,1006.5,1,0,right,-0.039886474609375,270.039886474609,12,0.0001,74.2616653442383,1983.4739045356,-0.175779983401299,0.388642758131027,-0.0584762655198574,4.52585517673029,-43235.6006634231,-82171.4925720891,-43238.0632538244,-82171.4942864225,-43240.5258442257,-82171.4960007558,1,0,0,0
20130509092925.daq,35,10,1006.6,1,0,right,-0.0613250732421875,270.061325073242,12,0.0001,74.2988662719727,1994.36836958637,-0.175779983401299,0.388471513986588,-0.020509384572506,4.53243196940497,-43235.6071516524,-82182.382668861,-43238.0697412398,-82182.3853046318,-43240.5323308272,-82182.3879404026,1,0,0,0
20130509092925.daq,35,10,1006.7,1,0,right,-0.0836334228515625,270.083633422852,12,0.0001,74.3359832763672,2005.26828416495,-0.131834983825684,0.387670993804932,-0.0679679214954376,4.53517172613956,-43235.6096801167,-82193.2805561769,-43238.0722684912,-82193.284150767,-43240.5348568658,-82193.2877453571,1,0,0,0
20130509092925.daq,35,10,1006.8,1,0,right,-0.105422973632813,270.105422973633,12,0.0001,74.3730010986328,2016.17363577611,-0.175779983401299,0.388557195663452,-0.020509384572506,4.53373315918121,-43235.6083345795,-82204.1862682699,-43238.0709214089,-82204.1907993806,-43240.5335082383,-82204.1953304913,1,0,0,0
20130509092925.daq,35,10,1006.9,1,0,right,-0.128921508789063,270.128921508789,12,0.0001,74.4098739624023,2027.08440558364,-0.351559966802597,0.388093143701553,-0.0110174920409918,4.5284678626851,-43235.6029774893,-82215.0919376008,-43238.0655622533,-82215.0974786839,-43240.5281470173,-82215.1030197671,1,0,0,0
20130509092925.daq,35,10,1007,1,0,right,-0.160797119140625,270.160797119141,12,0.0001,74.446662902832,2038.00057810832,-0.57128494977951,0.387928515672684,-0.0679679214954376,4.51859041974236,-43235.5931973149,-82226.0052114759,-43238.0557786151,-82226.0121225786,-43240.5183599153,-82226.0190336813,1,0,0,0
20130509092925.daq,35,10,1007.1,1,0,right,-0.193893432617188,270.193893432617,12,0.0001,74.4833526611328,2048.92213917641,-0.483394980430603,0.387928932905197,-0.105934806168079,4.50474476597693,-43235.5794360013,-82236.9262664917,-43238.0420128985,-82236.9346000778,-43240.5045897958,-82236.9429336639,1,0,0,0
20130509092925.daq,35,10,1007.2,1,0,right,-0.22430419921875,270.224304199219,12,0.0001,74.519905090332,2059.84907172344,-0.0878899917006493,0.388258814811707,-0.020509384572506,4.48326591049463,-43235.5580283461,-82247.8473870038,-43238.0206004733,-82247.8570276457,-43240.4831726004,-82247.8666682875,1,0,0,0
20130509092925.daq,35,10,1007.3,1,0,right,-0.239791870117188,270.239791870117,12,0.0001,74.5563507080078,2070.78135616727,0.527339994907379,0.388410836458206,-0.0110174920409918,4.45885833349035,-43235.5336353798,-82258.7766898736,-43237.996204811,-82258.7869961751,-43240.4587742422,-82258.7973024765,1,0,0,0
20130509092925.daq,35,10,1007.4,1,0,right,-0.242050170898438,270.242050170898,12,0.0001,74.5927429199219,2081.71898122484,0.703119993209839,0.38836207985878,-0.0489843711256981,4.42750596200044,-43235.5022460692,-82269.714133768,-43237.9648150923,-82269.7245371311,-43240.4273841154,-82269.7349404942,1,0,0,0
20130509092925.daq,35,10,1007.5,1,0,right,-0.236709594726563,270.236709594727,12,0.0001,74.6290512084961,2092.6619386903,0.57128494977951,0.387753963470459,-0.020509384572506,4.396628376937,-43235.4713255234,-82280.6517664413,-43237.9338955055,-82280.6619402667,-43240.3964654876,-82280.6721140921,1,0,0,0
20130509092925.daq,35,10,1007.6,1,0,right,-0.231231689453125,270.231231689453,12,0.0001,74.6652603149414,2103.61021438989,0.57128494977951,0.388025760650635,-0.0774595886468887,4.36194315920393,-43235.4365072121,-82291.5972149942,-43237.8990781556,-82291.6071533795,-43240.3616490992,-82291.6170917648,1,0,0,0
20130509092925.daq,35,10,1007.7,1,0,right,-0.225509643554688,270.225509643555,12,0.0001,74.7013549804688,2114.56379209837,0.527339994907379,0.387833267450333,-0.00152583047747612,4.32743439555976,-43235.401703976,-82302.5504820763,-43237.8642758998,-82302.5601745282,-43240.3268478236,-82302.56986698,1,0,0,0
20130509092925.daq,35,10,1007.8,1,0,right,-0.220626831054688,270.220626831055,12,0.0001,74.7373428344727,2125.52265568382,0.483394980430603,0.38766011595726,-0.0679679214954376,4.2887234686515,-43235.3629427258,-82313.5115407918,-43237.8255154666,-82313.5210233805,-43240.2880882075,-82313.530505969,1,0,0,0
20130509092925.daq,35,10,1007.9,1,0,right,-0.218765258789063,270.218765258789,12,0.0001,74.7732086181641,2136.4867891075,0.439449995756149,0.380502015352249,-0.0300010479986668,4.25328723645559,-43235.32790133,-82324.4725244985,-43237.7904743776,-82324.4819270767,-43240.2530474253,-82324.4913296549,1,0,0,0
20130509092925.daq,35,10,1008,1,0,right,-0.21856689453125,270.218566894531,12,0.0001,74.8087463378906,2147.45616598011,0.483394980430603,0.351032853126526,-0.0679679214954376,4.21791225161577,-43235.2927573186,-82335.441279422,-43237.7553303988,-82335.4506734745,-43240.217903479,-82335.460067527,1,0,0,0
20130509092925.daq,35,10,1008.1,1,0,right,-0.216461181640625,270.216461181641,12,0.0001,74.8421401977539,2158.43063486631,0.57128494977951,0.307672023773193,-0.0489843711256981,4.18297050583152,-43235.2577309877,-82346.4100816835,-43237.7203044114,-82346.4193852325,-43240.1828778352,-82346.4286887815,1,0,0,0
20130509092925.daq,35,10,1008.2,1,0,right,-0.213699340820313,270.21369934082,12,0.0001,74.8677978515625,2169.40954964818,0.615229964256287,0.25647184252739,-0.0394927076995373,4.14866187112511,-43235.2227451416,-82357.3945252223,-43237.685319011,-82357.4037100673,-43240.1478928803,-82357.4128949123,1,0,0,0
20130509092925.daq,35,10,1008.3,1,0,right,-0.207748413085938,270.207748413086,12,0.0001,74.8750381469727,2180.39096647024,0.703119993209839,0.175073802471161,-0.0110174920409918,4.11340508538374,-43235.1879560716,-82368.3712353746,-43237.6505308816,-82368.3801644486,-43240.1131056917,-82368.3890935225,1,0,0,0
20130509092925.daq,35,10,1008.4,1,0,right,-0.196823120117188,270.196823120117,12,0.0001,74.853630065918,2191.37147216251,0.74706494808197,0.0876374021172523,-0.020509384572506,4.08253742832764,-43235.1573802163,-82379.3480688498,-43237.6199566842,-82379.3565283541,-43240.0825331521,-82379.3649878583,1,0,0,0
20130509092925.daq,35,10,1008.5,1,0,right,-0.184341430664063,270.184341430664,12,0.0001,74.7972640991211,2202.34630965952,0.703119993209839,0.0368892289698124,-0.0394927076995373,4.04832640004309,-43235.1229942116,-82390.3249407703,-43237.5855724639,-82390.3328638105,-43240.0481507162,-82390.3407868507,1,0,0,0
20130509092925.daq,35,10,1008.6,1,0,right,-0.169097900390625,270.169097900391,12,0.0001,74.6970901489258,2213.30992266403,0.703119993209839,0,-0.00152583047747612,4.01838012154141,-43235.0926849815,-82401.2862559291,-43237.5552652546,-82401.2935238006,-43240.0178455277,-82401.3007916721,1,0,0,0
20130509092925.daq,35,10,1008.7,1,0,right,-0.149078369140625,270.149078369141,12,0.0001,74.5557403564453,2224.25535699261,0.703119993209839,0,0.0269493870437145,3.9926528704136,-43235.0665769097,-82412.2398765332,-43237.5291595719,-82412.2462839621,-43239.9917422342,-82412.2526913911,1,0,0,0
20130509092925.daq,35,10,1008.8,1,0,right,-0.127456665039063,270.127456665039,12,0.0001,74.4070434570313,2235.17934410345,0.703119993209839,0,-0.020509384572506,3.96642149144027,-43235.0405679243,-82423.1622863157,-43237.5031528292,-82423.1677644396,-43239.965737734,-82423.1732425634,1,0,0,0
20130509092925.daq,35,10,1008.9,1,0,right,-0.105545043945313,270.105545043945,12,0.0001,74.2574844360352,2246.08143547193,0.703119993209839,0,0.0174574926495552,3.93993943685817,-43235.014577042,-82434.061265255,-43237.4771638618,-82434.0658016123,-43239.9397506816,-82434.0703379696,1,0,0,0
20130509092925.daq,35,10,1009,1,0,right,-0.0818939208984375,270.081893920898,12,0.0001,74.1081771850586,2256.96160368298,0.659174978733063,0,-0.0394927076995373,3.92173455331373,-43234.9965062924,-82444.936849097,-43237.4590947749,-82444.9403689228,-43239.9216832574,-82444.9438887486,1,0,0,0
20130509092925.daq,35,10,1009.1,1,0,right,-0.0598602294921875,270.059860229492,12,0.0001,73.9593276977539,2267.81990608443,0.659174978733063,0,-0.020509384572506,3.90723155089966,-43234.98224213,-82455.7967674692,-43237.4448317841,-82455.7993402806,-43239.9074214381,-82455.801913092,1,0,0,0
20130509092925.daq,35,10,1009.2,1,0,right,-0.038421630859375,270.038421630859,12,0.0001,73.8108978271484,2278.65640972179,0.659174978733063,0,-0.0394927076995373,3.89368039808067,-43234.9679414143,-82466.6332331635,-43237.4305318586,-82466.6348845374,-43239.8931223029,-82466.6365359113,1,0,0,0
20130509092925.daq,35,10,1009.3,1,0,right,-0.0162811279296875,270.01628112793,12,0.0001,73.6627960205078,2289.47116886562,0.659174978733063,0,-0.0394927076995373,3.88660543332376,-43234.9614967632,-82477.4462781309,-43237.4240876618,-82477.4469778989,-43239.8866785604,-82477.447677667,1,0,0,0
20130509092925.daq,35,10,1009.4,1,0,right,0.005645751953125,269.994354248047,12,0.0001,73.5149459838867,2300.2642249182,0.659174978733063,0,-0.0489843711256981,3.88075342978922,-43234.9550391219,-82488.2358798191,-43237.4176301079,-82488.2356371629,-43239.880221094,-82488.2353945066,1,0,0,0
20130509092925.daq,35,10,1009.5,1,0,right,0.0271759033203125,269.97282409668,12,0.0001,73.3673477172852,2311.0356142464,0.659174978733063,0,-0.0774595886468887,3.88201436527324,-43234.9563696675,-82499.0098462471,-43237.4189603885,-82499.0086782181,-43239.8815511095,-82499.0075101891,1,0,0,0
20130509092925.daq,35,10,1009.6,1,0,right,0.0499267578125,269.950073242188,12,0.0001,73.2200622558594,2321.78537787948,0.659174978733063,0.0338030681014061,-0.0489843711256981,3.88730903832427,-43234.9616821173,-82509.7525921206,-43237.4242721804,-82509.7504462528,-43239.8868622435,-82509.748300385,1,0,0,0
20130509092925.daq,35,10,1009.7,1,0,right,0.0720672607421875,269.927932739258,12,0.0001,73.0731658935547,2332.51356747706,0.615229964256287,0.107868142426014,0.00796583108603954,3.8961247871562,-43234.970863305,-82520.4796974781,-43237.433452355,-82520.4766000049,-43239.8960414049,-82520.4735025317,1,0,0,0
20130509092925.daq,35,10,1009.8,1,0,right,0.0912322998046875,269.908767700195,12,0.0001,72.9267044067383,2343.22024402357,0.439449995756149,0.12729974091053,0.00796583108603954,3.90906733162743,-43234.9837669739,-82531.1832919539,-43237.44635485,-82531.179370762,-43239.9089427262,-82531.1754495701,1,0,0,0
20130509092925.daq,35,10,1009.9,1,0,right,0.0986785888671875,269.901321411133,12,0.0001,72.7806854248047,2353.90547158061,-0.0439449958503246,0.133949220180511,-0.0394927076995373,3.92566394133316,-43234.9998523987,-82541.8709742548,-43237.4624397445,-82541.8667330194,-43239.9250270902,-82541.8624917841,1,0,0,0
20130509092925.daq,35,10,1010,1,0,right,0.0913543701171875,269.908645629883,12,0.0001,72.6350860595703,2364.56931383684,-0.395504981279373,0.141011983156204,-0.0110174920409918,3.94417608157157,-43235.0189307717,-82552.5348574429,-43237.4815186394,-82552.5309310044,-43239.9441065072,-82552.5270045659,1,0,0,0
20130509092925.daq,35,10,1010.1,1,0,right,0.0740203857421875,269.925979614258,12,0.0001,72.4899063110352,2375.21183233616,-0.439449965953827,0.149501711130142,-0.020509384572506,3.96270678017662,-43235.0373903039,-82563.1750578409,-43237.4999792468,-82563.1718764219,-43239.9625681898,-82563.1686950028,1,0,0,0
20130509092925.daq,35,10,1010.2,1,0,right,0.0467071533203125,269.95329284668,12,0.0001,72.3451080322266,2385.83308647783,-0.483394980430603,0.156963795423508,-0.0394927076995373,3.98488108251401,-43235.0591393544,-82573.7915756359,-43237.5217295342,-82573.7895681477,-43239.9843197139,-82573.7875606594,1,0,0,0
20130509092925.daq,35,10,1010.3,1,0,right,0.0161895751953125,269.983810424805,12,0.0001,72.2006988525391,2396.43313174459,-0.395504981279373,0.159827336668968,-0.020509384572506,4.00271441413968,-43235.0767844466,-82584.3845764101,-43237.5393753463,-82584.383880577,-43240.001966246,-82584.3831847438,1,0,0,0
20130509092925.daq,35,10,1010.4,1,0,right,-0.0082550048828125,270.008255004883,12,0.0001,72.0566558837891,2407.01202399221,0.0878899991512299,0.160957515239716,-0.0300010479986668,4.01672427179685,-43235.0908989222,-82594.9621005557,-43237.5534898947,-82594.9624553584,-43240.0160808671,-82594.9628101612,1,0,0,0
20130509092925.daq,35,10,1010.5,1,0,right,-0.0148773193359375,270.014877319336,12,0.0001,71.9130249023438,2417.56981916974,0.92284494638443,0.162448585033417,-0.0394927076995373,4.03151393759712,-43235.1061147482,-82605.5166251664,-43237.5687056632,-82605.5172645984,-43240.0312965781,-82605.5179040303,1,0,0,0
20130509092925.daq,35,10,1010.6,1,0,right,-0.0011138916015625,270.001113891602,12,0.0001,71.769889831543,2428.10658115227,1.14256989955902,0.164578408002853,-0.0679679214954376,4.03998011413055,-43235.1147776725,-82616.0482136528,-43237.5773686701,-82616.0482615282,-43240.0399596676,-82616.0483094036,1,0,0,0
20130509092925.daq,35,10,1010.7,1,0,right,0.026763916015625,269.973236083984,12,0.0001,71.6283416748047,2438.62244524322,1.14256989955902,0.165273398160934,-0.0300010479986668,4.05036681703071,-43235.1243129551,-82626.5645236306,-43237.5869036845,-82626.5633733089,-43240.0494944138,-82626.5622229872,1,0,0,0
20130509092925.daq,35,10,1010.8,1,0,right,0.0619049072265625,269.938095092773,12,0.0001,71.4901275634766,2449.11777837489,1.18651497364044,0.1655353307724,-0.0394927076995373,4.06338682836155,-43235.1382038098,-82637.0575733756,-43237.6007933704,-82637.0549126833,-43240.0633829311,-82637.052251991,1,0,0,0
20130509092925.daq,35,10,1010.9,1,0,right,0.104339599609375,269.895660400391,12,0.0001,71.3554534912109,2459.59310749381,1.45018494129181,0.165852189064026,0.0269493870437145,4.0742087741186,-43235.1486399507,-82647.5351753082,-43237.6112268654,-82647.5306907612,-43240.07381378,-82647.5262062142,1,0,0,0
20130509092925.daq,35,10,1011,1,0,right,0.16571044921875,269.834289550781,12,0.0001,71.2233047485352,2470.04888270986,2.28513979911804,0.165967628359795,-0.0679679214954376,4.09398521363989,-43235.1680607314,-82657.9898001418,-43237.6306414299,-82657.9826778634,-43240.0932221284,-82657.9755555851,1,0,0,0
20130509092925.daq,35,10,1011.1,1,0,right,0.259902954101563,269.740097045898,12,0.0001,71.0928802490234,2480.48540997093,3.29587483406067,0.16561883687973,-0.0489843711256981,4.11897393174796,-43235.1934208974,-82668.4295941882,-43237.6559865594,-82668.4184235141,-43240.1185522213,-82668.40725284,1,0,0,0
20130509092925.daq,35,10,1011.2,1,0,right,0.379592895507813,269.620407104492,12,0.0001,70.9636154174805,2490.90289889934,3.33981990814209,0.166040420532227,-0.0584762655198574,4.15764745943733,-43235.232083099,-82678.8465578916,-43237.6946200525,-82678.8302429864,-43240.157157006,-82678.8139280812,1,0,0,0
20130509092925.daq,35,10,1011.3,1,0,right,0.505813598632813,269.494186401367,12,0.0001,70.8351898193359,2501.30149309756,2.81247997283936,0.166279733181,-0.0584762655198574,4.20871998716018,-43235.2828750375,-82689.2480381148,-43237.7453700744,-82689.2262983663,-43240.2078651113,-82689.2045586178,1,0,0,0
20130509092925.daq,35,10,1011.4,1,0,right,0.623031616210938,269.376968383789,12,0.0001,70.7074661254883,2511.68130297169,2.0654149055481,0.179248884320259,-0.0489843711256981,4.27786110050502,-43235.3526462241,-82699.6336608754,-43237.8150916316,-82699.6068833042,-43240.2775370392,-82699.5801057331,1,0,0,0
20130509092925.daq,35,10,1011.5,1,0,right,0.71710205078125,269.282897949219,12,0.0001,70.5811614990234,2522.04246149388,1.23045992851257,0.199885442852974,-0.0489843711256981,4.36531653207929,-43235.4405169348,-82709.9952804178,-43237.902915059,-82709.9644599461,-43240.3653131831,-82709.9336394744,1,0,0,0
20130509092925.daq,35,10,1011.6,1,0,right,0.780975341796875,269.219024658203,12,0.0001,70.4595336914063,2532.38538800205,0.57128494977951,0.213081791996956,-0.00152583047747612,4.46753219631696,-43235.5421402425,-82720.340548983,-43238.004502478,-82720.3069834515,-43240.4668647134,-82720.27341792,1,0,0,0
20130509092925.daq,35,10,1011.7,1,0,right,0.818679809570313,269.18132019043,12,0.0001,70.3461608886719,2542.71105311844,0.17577999830246,0.21468360722065,-0.0110174920409918,4.58244405202793,-43235.6577640445,-82730.6617558175,-43238.1201036584,-82730.6265698937,-43240.5824432723,-82730.59138397,1,0,0,0
20130509092925.daq,35,10,1011.8,1,0,right,0.832794189453125,269.167205810547,12,0.0001,70.2414855957031,2553.02074367057,-0.175779983401299,0.214522421360016,-0.0110174920409918,4.71673132809006,-43235.7914536122,-82740.9745902082,-43238.2537844836,-82740.9387977069,-43240.716115355,-82740.9030052056,1,0,0,0
20130509092925.daq,35,10,1011.9,1,0,right,0.829742431640625,269.170257568359,12,0.0001,70.1435012817383,2563.31560017915,-0.307614982128143,0.214349463582039,-0.0679679214954376,4.85677347132875,-43235.931888969,-82751.2635804258,-43238.3942217433,-82751.2279190762,-43240.8565545176,-82751.1922577266,1,0,0,0
20130509092925.daq,35,10,1012,1,0,right,0.813400268554688,269.186599731445,12,0.0001,70.0502243041992,2573.59645050322,-0.439449965953827,0.213823243975639,-0.00152583047747612,5.00400614728914,-43236.0793109949,-82761.5366306817,-43238.5416538405,-82761.5016716514,-43241.0039966862,-82761.466712621,1,0,0,0
20130509092925.daq,35,10,1012.1,1,0,right,0.7833251953125,269.216674804688,12,0.0001,69.9601211547852,2583.86386858649,-0.878899931907654,0.213796898722649,-0.0300010479986668,5.15063934706814,-43236.2258799701,-82771.8015422656,-43238.6882408268,-82771.7678757461,-43241.1506016836,-82771.7342092265,1,0,0,0
20130509092925.daq,35,10,1012.2,1,0,right,0.732864379882813,269.267135620117,12,0.0001,69.8720932006836,2594.1182343228,-1.49412989616394,0.213969722390175,-0.0110174920409918,5.29998263377278,-43236.3750894979,-82782.0503430727,-43238.8374790501,-82782.0188451853,-43241.2998686022,-82781.9873472978,1,0,0,0
20130509092925.daq,35,10,1012.3,1,0,right,0.66436767578125,269.335632324219,12,0.0001,69.7854919433594,2604.35988741594,-1.71385490894318,0.214967906475067,0.00796583108603954,5.44429604617292,-43236.519274223,-82792.2908983442,-43238.981699671,-82792.2623442481,-43241.444125119,-82792.2337901519,1,0,0,0
20130509092925.daq,35,10,1012.4,1,0,right,0.594207763671875,269.405792236328,12,0.0001,69.699951171875,2614.58883140933,-1.05467987060547,0.214755102992058,-0.0394927076995373,5.58053347242789,-43236.6555452101,-82802.507971213,-43239.118003777,-82802.4824324304,-43241.580462344,-82802.4568936477,1,0,0,0
20130509092925.daq,35,10,1012.5,1,0,right,0.53765869140625,269.462341308594,12,0.0001,69.6153793334961,2624.80530091589,-0.351559966802597,0.215081617236137,0.00796583108603954,5.70592214953915,-43236.7809436111,-82812.7253655613,-43239.2434261847,-82812.7022571572,-43241.7059087582,-82812.6791487532,0,1,0,1
20130509092925.daq,35,10,1012.6,1,0,right,0.485336303710938,269.514663696289,12,0.0001,69.5316162109375,2635.00942900103,-0.791009962558746,0.217291593551636,-0.0300010479986668,5.82386149753066,-43236.8987928948,-82822.9194206528,-43239.3612955441,-82822.8985609921,-43241.8237981934,-82822.8777013314,0,1,0,1
20130509092925.daq,35,10,1012.7,1,0,right,0.431671142578125,269.568328857422,12,0.0001,69.4485931396484,2645.20132429909,-0.966789960861206,0.219743311405182,-0.00152583047747612,5.93425626366494,-43237.0087476085,-82833.1056278976,-43239.4712687155,-82833.0870747088,-43241.9337898225,-82833.06852152,0,1,0,1
20130509092925.daq,35,10,1012.8,1,0,right,0.37249755859375,269.627502441406,12,0.0001,69.3666229248047,2655.38111428064,-1.2744048833847,0.22247189283371,-0.210343778133392,6.03188485313265,-43237.1066435276,-82843.2838863372,-43239.5691824826,-82843.2678763853,-43242.0317214376,-82843.2518664334,0,1,0,1
20130509092925.daq,35,10,1012.9,1,0,right,0.297592163085938,269.702407836914,12,0.0001,69.2860717773438,2665.54898208543,-1.93357992172241,0.225167706608772,-0.0394927076995373,6.12092081589549,-43237.1957542743,-82853.4461344193,-43239.6583120554,-82853.4333438701,-43242.1208698365,-82853.4205533209,0,1,0,1
20130509092925.daq,35,10,1013,1,0,right,0.1920166015625,269.807983398438,12,0.0001,69.2071838378906,2675.70515635845,-2.98825979232788,0.225769504904747,-0.0110174920409918,6.192844410705,-43237.2673445057,-82863.5920042892,-43239.7299216746,-82863.5837513694,-43242.1924988435,-82863.5754984497,0,1,0,1
20130509092925.daq,35,10,1013.1,1,0,right,0.0557708740234375,269.944229125977,12,0.0001,69.1300354003906,2685.84988961631,-3.42770981788635,0.22560341656208,0.00796583108603954,6.25445521597878,-43237.3292308701,-82873.7292979624,-43239.7918207015,-82873.7269009127,-43242.2544105329,-82873.724503863,0,1,0,1
20130509092925.daq,35,10,1013.2,1,0,right,-0.0884552001953125,270.088455200195,12,0.0001,69.0543365478516,2695.98341759085,-2.8564248085022,0.225965693593025,-0.020509384572506,6.29650433050585,-43237.3711010971,-82883.8585621883,-43239.8336891604,-82883.8623640197,-43242.2962772237,-82883.8661658511,0,1,0,1
20130509092925.daq,35,10,1013.3,1,0,right,-0.2283935546875,270.228393554688,12,0.0001,68.9797821044922,2706.10600697242,-2.28513979911804,0.225122645497322,-0.0489843711256981,6.31790497488688,-43237.3937135552,-82893.9722854714,-43239.856284988,-82893.9821018737,-43242.3188564208,-82893.991918276,0,1,0,1
20130509092925.daq,35,10,1013.4,1,0,right,-0.355178833007813,270.355178833008,12,0.0001,68.9060592651367,2716.21765039436,-2.02146983146667,0.225115671753883,0.00796583108603954,6.31879816698847,-43237.3937076988,-82904.0785036561,-43239.8562513807,-82904.0937692586,-43242.3187950625,-82904.1090348611,0,1,1,1
20130509092925.daq,35,10,1013.5,1,0,right,-0.469650268554688,270.469650268555,12,0.0001,68.8329772949219,2726.31852866533,-1.75779986381531,0.225983843207359,-0.00152583047747612,6.30002353440863,-43237.3749359555,-82914.1693885866,-43239.8374442233,-82914.1895740799,-43242.2999524912,-82914.2097595732,0,1,1,1
20130509092925.daq,35,10,1013.6,1,0,right,-0.56646728515625,270.566467285156,12,0.0001,68.7604751586914,2736.40873055771,-1.14256989955902,0.225912883877754,0.00796583108603954,6.25902162418428,-43237.3338189417,-82924.2528918891,-43239.796289585,-82924.2772384382,-43242.2587602282,-82924.3015849873,0,1,1,1
20130509092925.daq,35,10,1013.7,1,0,right,-0.646560668945313,270.646560668945,12,0.0001,68.6885833740234,2746.48834391152,-0.703119933605194,0.225904479622841,-0.00152583047747612,6.19562742680264,-43237.2702971716,-82934.3289955507,-43239.7327313751,-82934.356784346,-43242.1951655785,-82934.3845731414,0,1,1,1
20130509092925.daq,35,10,1013.8,1,0,right,-0.704544067382813,270.704544067383,12,0.0001,68.6172180175781,2756.55745311647,-0.263669967651367,0.226230561733246,-0.020509384572506,6.1178083318285,-43237.1925125599,-82944.3900279102,-43239.6549173801,-82944.4203086773,-43242.1173222003,-82944.4505894444,0,1,1,1
20130509092925.daq,35,10,1013.9,1,0,right,-0.729202270507813,270.729202270508,12,0.0001,68.5462646484375,2766.61612671014,0.92284494638443,0.225209847092628,0.00796583108603954,6.02242226679981,-43237.0972465808,-82954.4440901833,-43239.5596381411,-82954.4754306849,-43242.0220297014,-82954.5067711865,0,1,1,1
20130509092925.daq,35,10,1014,1,0,right,-0.718521118164063,270.718521118164,12,0.0001,68.4756927490234,2776.66442250654,1.80174493789673,0.226997509598732,-0.0300010479986668,5.9213503453386,-43236.9963407219,-82964.4912360919,-43239.458738082,-82964.5221175508,-43241.921135442,-82964.5529990097,0,1,1,1
20130509092925.daq,35,10,1014.1,1,0,right,-0.677825927734375,270.677825927734,12,0.0001,68.4055404663086,2786.70239710738,1.97752487659454,0.23692874610424,-0.0300010479986668,5.81044265233328,-43236.8855617369,-82974.5313296318,-43239.3479804099,-82974.5604621283,-43241.8103990829,-82974.5895946247,0,1,1,1
20130509092925.daq,35,10,1014.2,1,0,right,-0.624267578125,270.624267578125,12,0.0001,68.336296081543,2796.73013686067,1.7577999830246,0.250596344470978,-0.0394927076995373,5.70050634076063,-43236.7755747966,-82984.5561213593,-43239.238019626,-82984.5829520494,-43241.7004644553,-82984.6097827394,0,1,1,1
20130509092925.daq,35,10,1014.3,1,0,right,-0.572509765625,270.572509765625,12,0.0001,68.2698287963867,2806.74789456275,1.31834995746613,0.258748114109039,-0.020509384572506,5.59480893350335,-43236.6693845589,-82994.5730521336,-43239.1318526208,-82994.5976583777,-43241.5943206828,-82994.6222646217,0,0,1,0
20130509092925.daq,35,10,1014.4,1,0,right,-0.535018920898438,270.535018920898,12,0.0001,68.2083969116211,2816.75625152391,0.659174978733063,0.262500137090683,-0.0679679214954376,5.48743469109075,-43236.5623171819,-83004.5818086761,-43239.0248008175,-83004.6048036269,-43241.4872844531,-83004.6277985777,0,0,1,0
20130509092925.daq,35,10,1014.5,1,0,right,-0.520843505859375,270.520843505859,12,0.0001,68.1529083251953,2826.75603196649,0,0.262250185012817,-0.0300010479986668,5.39056915212909,-43236.4655336128,-83014.5821652284,-43238.9280228622,-83014.6045509411,-43241.3905121116,-83014.6269366539,0,0,1,0
20130509092925.daq,35,10,1014.6,1,0,right,-0.521621704101563,270.521621704102,12,0.0001,68.1029434204102,2836.74809200375,0.0878899991512299,0.262456268072128,-0.0489843711256981,5.2971579173287,-43236.3717357023,-83024.5665206601,-43238.8342246474,-83024.5889398187,-43241.2967135925,-83024.6113589773,0,0,1,0
20130509092925.daq,35,10,1014.7,1,0,right,-0.520477294921875,270.520477294922,12,0.0001,68.0571060180664,2846.73314451946,0.703119993209839,0.263079196214676,0.00796583108603954,5.20695417803072,-43236.281962409,-83034.5509244368,-43238.7444518014,-83034.5732944103,-43241.2069411939,-83034.5956643839,0,0,1,0
20130509092925.daq,35,10,1014.8,1,0,right,-0.500900268554688,270.500900268555,12,0.0001,68.0140914916992,2856.71169464003,1.58201992511749,0.263653695583344,-0.0489843711256981,5.11883449493205,-43236.1933240274,-83044.5279789922,-43238.6558209196,-83044.5495075723,-43241.1183178117,-83044.5710361525,0,0,1,0
20130509092925.daq,35,10,1014.9,1,0,right,-0.461822509765625,270.461822509766,12,0.0001,67.9729995727539,2866.68408495991,1.97752487659454,0.263944745063782,-0.0300010479986668,5.03878555683271,-43236.1136993192,-83054.4977099539,-43238.5762103218,-83054.5175590187,-43241.0387213244,-83054.5374080835,0,0,1,0
20130509092925.daq,35,10,1015,1,0,right,-0.410110473632813,270.410110473633,12,0.0001,67.9333114624023,2876.65055605996,1.7577999830246,0.267807245254517,0.00796583108603954,4.9601529771766,-43236.0348537002,-83064.467755548,-43238.4973816146,-83064.4853820773,-43240.9599095289,-83064.5030086066,0,0,1,0
20130509092925.daq,35,10,1015.1,1,0,right,-0.355865478515625,270.355865478516,12,0.0001,67.8948745727539,2886.61129555583,1.66990995407104,0.278301894664764,-0.0679679214954376,4.8894061538549,-43235.9639778751,-83074.4300490123,-43238.4265213738,-83074.4453441265,-43240.8890648725,-83074.4606392407,0,0,1,0
20130509092925.daq,35,10,1015.2,1,0,right,-0.303390502929688,270.30339050293,12,0.0001,67.8585357666016,2896.56653386432,1.66990995407104,0.286173701286316,-0.0300010479986668,4.82201352291415,-43235.8969004402,-83084.3844827192,-43238.3594569143,-83084.3975224794,-43240.8220133884,-83084.4105622397,0,0,1,0
20130509092925.daq,35,10,1015.3,1,0,right,-0.251388549804688,270.251388549805,12,0.0001,67.8258361816406,2906.51669265449,1.62596487998962,0.293361574411392,-0.020509384572506,4.76302881951127,-43235.8376075248,-83094.3310892055,-43238.3001748196,-83094.3418939314,-43240.7627421143,-83094.3526986574,0,0,1,0
20130509092925.daq,35,10,1015.4,1,0,right,-0.207275390625,270.207275390625,12,0.0001,67.7976684570313,2916.46238149091,1.23045992851257,0.298730075359344,0.00796583108603954,4.71521220720431,-43235.7895477584,-83104.2774971094,-43238.252122642,-83104.2864058529,-43240.7146975257,-83104.2953145963,0,0,1,0
20130509092925.daq,35,10,1015.5,1,0,right,-0.173812866210938,270.173812866211,12,0.0001,67.7744140625,2926.40429768489,0.966789960861206,0.304575532674789,0.00796583108603954,4.66992954187361,-43235.7447377319,-83114.2236391425,-43238.2073173985,-83114.2311096638,-43240.6698970652,-83114.2385801851,0,0,1,0
20130509092925.daq,35,10,1015.6,1,0,right,-0.151031494140625,270.151031494141,12,0.0001,67.7559814453125,2936.34315999484,0.74706494808197,0.3085056245327,-0.0679679214954376,4.63623507753086,-43235.7109875981,-83124.1617032006,-43238.1735700405,-83124.1681945752,-43240.6361524829,-83124.1746859498,0,0,1,0
20130509092925.daq,35,10,1015.7,1,0,right,-0.133987426757813,270.133987426758,12,0.0001,67.7420120239258,2946.27965090553,0.659174978733063,0.312389671802521,0.00796583108603954,4.60642117156055,-43235.680789742,-83134.0918123396,-43238.1433740064,-83134.0975711569,-43240.6059582708,-83134.1033299743,0,0,1,0
20130509092925.daq,35,10,1015.8,1,0,right,-0.125152587890625,270.125152587891,12,0.0001,67.7322387695313,2956.21440273419,0.395504981279373,0.316504001617432,-0.0394927076995373,4.58349107405732,-43235.6578976729,-83144.0295307741,-43238.1204827961,-83144.0349098683,-43240.5830679192,-83144.0402889624,0,0,1,0
20130509092925.daq,35,10,1015.9,1,0,right,-0.124969482421875,270.124969482422,12,0.0001,67.7264251708984,2966.14801478806,0.26366999745369,0.319593012332916,-0.0774595886468887,4.56360913308205,-43235.6383777276,-83153.9592228004,-43238.1009628679,-83153.9645940246,-43240.5635480082,-83153.9699652488,0,0,1,0
20130509092925.daq,35,10,1016,1,0,right,-0.127639770507813,270.127639770508,12,0.0001,67.7241973876953,2976.08104217467,0.307614982128143,0.324797928333282,-0.0300010479986668,4.54426575199208,-43235.6186816199,-83163.888844289,-43238.0812665072,-83163.8943302828,-43240.5438513945,-83163.8998162765,0,0,1,0
20130509092925.daq,35,10,1016.1,1,0,right,-0.131622314453125,270.131622314453,12,0.0001,67.7253036499023,2986.01398778245,0.26366999745369,0.329022496938705,-0.0679679214954376,4.52830330948505,-43235.6028107521,-83173.8184333234,-43238.0653952522,-83173.8240904877,-43240.5279797523,-83173.8297476521,0,0,1,0
20130509092925.daq,35,10,1016.2,1,0,right,-0.138412475585938,270.138412475586,12,0.0001,67.729850769043,2995.94734731974,0.131834998726845,0.332489132881165,-0.0869512483477592,4.51251655420441,-43235.5867665681,-83183.755765402,-43238.0493503805,-83183.7617144089,-43240.5119341928,-83183.7676634158,0,0,1,0
20130509092925.daq,35,10,1016.3,1,0,right,-0.147232055664063,270.147232055664,12,0.0001,67.7378311157227,3005.88162759143,0.17577999830246,0.334796875715256,-0.0300010479986668,4.49588606174494,-43235.5705971296,-83193.6852347188,-43238.033179997,-83193.6915627929,-43240.4957628645,-83193.6978908669,0,0,1,0
20130509092925.daq,35,10,1016.4,1,0,right,-0.155609130859375,270.155609130859,12,0.0001,67.7489013671875,3015.8173104118,0.17577999830246,0.337675482034683,-0.0774595886468887,4.47963986359209,-43235.5544550383,-83203.6225274049,-43238.0170369542,-83203.6292155271,-43240.4796188701,-83203.6359036493,0,0,1,0
20130509092925.daq,35,10,1016.5,1,0,right,-0.1629638671875,270.162963867188,12,0.0001,67.7626571655273,3025.75481623778,0.17577999830246,0.34227266907692,-0.020509384572506,4.45994488819533,-43235.5344698279,-83213.5520328293,-43237.997050865,-83213.5590370592,-43240.4596319021,-83213.5660412891,0,0,1,0
20130509092925.daq,35,10,1016.6,1,0,right,-0.170761108398438,270.170761108398,12,0.0001,67.7790756225586,3035.69453363524,0.307614982128143,0.345036655664444,-0.0584762655198574,4.44022961041906,-43235.51445733,-83223.4893397353,-43237.9770373911,-83223.4966790917,-43240.4396174522,-83223.504018448,0,0,1,0
20130509092925.daq,35,10,1016.7,1,0,right,-0.167282104492188,270.167282104492,12,0.0001,67.7981872558594,3045.6368589098,0.834954977035522,0.348827213048935,-0.0300010479986668,4.42034545657729,-43235.4951408019,-83233.4347383988,-43237.9577213041,-83233.4419282271,-43240.4203018063,-83233.4491180555,0,0,1,0
20130509092925.daq,35,10,1016.8,1,0,right,-0.158645629882813,270.158645629883,12,0.0001,67.8198165893555,3055.58217223504,0.878899991512299,0.353251099586487,-0.0394927076995373,4.39753187915854,-43235.472236362,-83243.3802647397,-43237.93481792,-83243.3870833711,-43240.397399478,-83243.3939020025,0,0,1,0
20130509092925.daq,35,10,1016.9,1,0,right,-0.143844604492188,270.143844604492,12,0.0001,67.8440628051758,3065.53084725719,0.878899991512299,0.354442834854126,-0.0394927076995373,4.37962987927377,-43235.4536187352,-83253.3259435292,-43237.9162019725,-83253.33212601,-43240.3787852097,-83253.3383084908,0,0,1,0
20130509092925.daq,35,10,1017,1,0,right,-0.129623413085938,270.129623413086,12,0.0001,67.8709106445313,3075.48327263541,0.834954977035522,0.355689734220505,-0.0110174920409918,4.36020517207198,-43235.4349654062,-83263.279420247,-43237.8975501021,-83263.2849914981,-43240.360134798,-83263.2905627493,0,0,1,0
20130509092925.daq,35,10,1017.1,1,0,right,-0.116073608398438,270.116073608398,12,0.0001,67.8998794555664,3085.43979758484,0.615229964256287,0.357052534818649,-0.0394927076995373,4.34159609049115,-43235.4162707114,-83273.2328801572,-43237.878856656,-83273.2378690348,-43240.3414426006,-83273.2428579123,0,0,1,0
20130509092925.daq,35,10,1017.2,1,0,right,-0.1136474609375,270.113647460938,12,0.0001,67.9305725097656,3095.40070129112,0.0878899991512299,0.357901960611343,-0.0394927076995373,4.32258467034275,-43235.3968892583,-83283.1938776034,-43237.859475412,-83283.1987622046,-43240.3220615656,-83283.2036468057,0,0,1,0
20130509092925.daq,35,10,1017.3,1,0,right,-0.125991821289063,270.125991821289,12,0.0001,67.9600143432617,3105.3661842382,-0.395504981279373,0.359429329633713,-0.020509384572506,4.30614156531535,-43235.3805021103,-83292.7404475283,-43237.8430871544,-83292.7458626929,-43240.3056721985,-83292.7512778575,0,0,1,0
20130509092925.daq,35,10,1017.4,1,0,right,-0.154891967773438,270.154891967773,12,0.0001,67.996223449707,3115.33648318374,-0.659174978733063,0.360981553792953,-0.0584762655198574,4.2925356527549,-43235.3669993054,-83303.1225451561,-43237.8295813048,-83303.1292024545,-43240.2921633043,-83303.1358597528,0,0,1,0
20130509092925.daq,35,10,1017.5,1,0,right,-0.191802978515625,270.191802978516,12,0.0001,68.0309219360352,3125.31181567613,-0.74706494808197,0.361987084150314,-0.00152583047747612,4.27071919127064,-43235.3451900012,-83313.0981933191,-43237.8077672009,-83313.1064370573,-43240.2703444005,-83313.1146807955,0,0,1,0
20130509092925.daq,35,10,1017.6,1,0,right,-0.233322143554688,270.233322143555,12,0.0001,68.0667877197266,3135.29232429217,-0.703119933605194,0.362547248601913,-0.0300010479986668,4.252609009518,-43235.3270032479,-83323.0737255781,-43237.7895738272,-83323.083753811,-43240.2521444065,-83323.093782044,0,0,1,0
20130509092925.daq,35,10,1017.7,1,0,right,-0.2728271484375,270.272827148438,12,0.0001,68.1036529541016,3145.278168673,-0.527339935302734,0.362805217504501,-0.0300010479986668,4.22235561704999,-43235.297222713,-83333.0571185926,-43237.7597857925,-83333.0688447467,-43240.2223488721,-83333.0805709008,0,0,1,0
20130509092925.daq,35,10,1017.8,1,0,right,-0.305191040039063,270.305191040039,12,0.0001,68.1413345336914,3155.26948253682,-0.131834983825684,0.362923264503479,-0.020509384572506,4.19359035521655,-43235.2678831679,-83343.0406878635,-43237.730439231,-83343.0538050104,-43240.1929952941,-83343.0669221572,0,0,1,0
20130509092925.daq,35,10,1017.9,1,0,right,-0.326522827148438,270.326522827148,12,0.0001,68.1795806884766,3165.26636724459,0.0439449995756149,0.36259663105011,-0.0489843711256981,4.15670275212929,-43235.2314116923,-83353.0401561726,-43237.6939627011,-83353.0541901525,-43240.1565137098,-83353.0682241325,0,0,1,0
20130509092925.daq,35,10,1018,1,0,right,-0.343307495117188,270.343307495117,12,0.0001,68.2182006835938,3175.26889077439,0,0.362316370010376,-0.0110174920409918,4.11257109885978,-43235.1874082116,-83363.0397374735,-43237.6499550035,-83363.0544928516,-43240.1125017954,-83363.0692482297,0,0,1,0
20130509092925.daq,35,10,1018.1,1,0,right,-0.357086181640625,270.357086181641,12,0.0001,68.2570190429688,3185.27709499473,0,0.362271636724472,-0.0489843711256981,4.06958420947604,-43235.1435901334,-83373.0393935332,-43237.6061333057,-83373.0547411125,-43240.068676478,-83373.0700886919,0,0,1,0
20130509092925.daq,35,10,1018.2,1,0,right,-0.371826171875,270.371826171875,12,0.0001,68.2959213256836,3195.2909997675,0.0439449995756149,0.36252173781395,-0.0489843711256981,4.01715776200246,-43235.0919003914,-83383.0546503708,-43237.5544395339,-83383.0706314669,-43240.0169786763,-83383.086612563,0,0,1,0
20130509092925.daq,35,10,1018.3,1,0,right,-0.382339477539063,270.382339477539,12,0.0001,68.3348388671875,3205.31061171339,0.219724997878075,0.362513214349747,0.036441046744585,3.96165080998798,-43235.0365649669,-83393.0700126361,-43237.4991011355,-83393.0864455876,-43239.9616373041,-83393.1028785391,0,0,1,0
20130509092925.daq,35,10,1018.4,1,0,right,-0.38671875,270.38671875,12,0.0001,68.3737411499023,3215.33593027279,0.57128494977951,0.362647324800491,-0.0300010479986668,3.90701266240608,-43234.981607591,-83403.09334066,-43237.4441424964,-83403.1099618298,-43239.9066774017,-83403.1265829996,0,0,1,0
20130509092925.daq,35,10,1018.5,1,0,right,-0.382110595703125,270.382110595703,12,0.0001,68.4126129150391,3225.36695246187,0.834954977035522,0.3631591796875,0.102883145213127,3.84930348869995,-43234.9232978222,-83413.1247058572,-43237.3858340564,-83413.1411289716,-43239.8483702906,-83413.1575520859,0,0,1,0
20130509092925.daq,35,10,1018.6,1,0,right,-0.371444702148438,270.371444702148,12,0.0001,68.4514694213867,3235.40367492363,0.791009962558746,0.364063948392868,-0.0300010479986668,3.79095747568349,-43234.8653614019,-83423.1640349018,-43237.3279006507,-83423.1799996025,-43239.7904398995,-83423.1959643032,0,0,1,0
20130509092925.daq,35,10,1018.7,1,0,right,-0.357345581054688,270.357345581055,12,0.0001,68.490348815918,3245.44609663237,0.791009962558746,0.363457709550858,-0.020509384572506,3.73289937120801,-43234.8076366447,-83433.2034495561,-43237.2701797474,-83433.2188082844,-43239.7327228502,-83433.2341670126,0,0,1,0
20130509092925.daq,35,10,1018.8,1,0,right,-0.344802856445313,270.344802856445,12,0.0001,68.5293502807617,3255.49422980359,0.703119993209839,0.363409042358398,-0.020509384572506,3.67495229187499,-43234.7498160324,-83443.2506376566,-43237.2123624384,-83443.2654573046,-43239.6749088443,-83443.2802769526,0,0,1,0
20130509092925.daq,35,10,1018.9,1,0,right,-0.335220336914063,270.335220336914,12,0.0001,68.5683898925781,3265.54808721232,0.659174978733063,0.36345449090004,-0.020509384572506,3.62082457310233,-43234.6957192483,-83453.3055642482,-43237.1582680984,-83453.3199720437,-43239.6208169484,-83453.3343798392,0,0,1,0
20130509092925.daq,35,10,1019,1,0,right,-0.325515747070313,270.32551574707,12,0.0001,68.6073684692383,3275.60766634089,0.659174978733063,0.36311337351799,-0.0300010479986668,3.56282756677269,-43234.63772378,-83463.3604937849,-43237.1002750351,-83463.3744844809,-43239.5628262902,-83463.388475177,0,0,1,0
20130509092925.daq,35,10,1019.1,1,0,right,-0.317733764648438,270.317733764648,12,0.0001,68.6462860107422,3285.67295842391,0.703119993209839,0.3639175593853,-0.0110174920409918,3.51253293697589,-43234.5874223138,-83473.4231877977,-43237.0499754464,-83473.4368440269,-43239.512528579,-83473.4505002561,0,0,1,0
20130509092925.daq,35,10,1019.2,1,0,right,-0.308319091796875,270.308319091797,12,0.0001,68.6851577758789,3295.74395376358,0.74706494808197,0.36353674530983,-0.0394927076995373,3.45842599640335,-43234.5333152934,-83483.493734928,-43236.9958706367,-83483.5069865176,-43239.45842598,-83483.5202381072,0,0,1,0
20130509092925.daq,35,10,1019.3,1,0,right,-0.299179077148438,270.299179077148,12,0.0001,68.7239990234375,3305.82064844346,0.703119993209839,0.363095790147781,-0.0394927076995373,3.41214231566502,-43234.4870038752,-83493.5720876221,-43236.9495613011,-83493.5849463765,-43239.412118727,-83493.5978051308,0,0,1,0
20130509092925.daq,35,10,1019.4,1,0,right,-0.289947509765625,270.289947509766,12,0.0001,68.7627487182617,3315.90303463071,0.659174978733063,0.364111930131912,-0.020509384572506,3.36200910287617,-43234.4367918891,-83503.6504425058,-43236.8993513549,-83503.6629044896,-43239.3619108206,-83503.6753664735,0,0,1,0
20130509092925.daq,35,10,1019.5,1,0,right,-0.281417846679688,270.28141784668,12,0.0001,68.801383972168,3325.99109488784,0.615229964256287,0.364244073629379,-0.0489843711256981,3.31589269207128,-43234.3904429031,-83513.7365923291,-43236.8530041968,-83513.7486877098,-43239.3155654905,-83513.7607830906,0,0,1,0
20130509092925.daq,35,10,1019.6,1,0,right,-0.273727416992188,270.273727416992,12,0.0001,68.8400344848633,3336.08482128876,0.615229964256287,0.364106565713882,0.0269493870437145,3.27394073711871,-43234.3479484397,-83523.8305336948,-43236.8105113346,-83523.8422985423,-43239.2730742296,-83523.8540633898,0,0,1,0
20130509092925.daq,35,10,1019.7,1,0,right,-0.26947021484375,270.269470214844,12,0.0001,68.8787078857422,3346.18421896217,0.439449995756149,0.364259719848633,-0.0584762655198574,3.22720679860858,-43234.3013360022,-83533.924389602,-43236.7638997645,-83533.9359714756,-43239.2264635269,-83533.9475533493,0,0,1,0
20130509092925.daq,35,10,1019.8,1,0,right,-0.274185180664063,270.274185180664,12,0.0001,68.9173965454102,3356.28929005271,0.0439449995756149,0.364293545484543,-0.0584762655198574,3.18329357841157,-43234.2580764576,-83544.0336473057,-43236.7206392585,-83544.0454318278,-43239.1832020594,-83544.05721635,0,0,1,0
20130509092925.daq,35,10,1019.9,1,0,right,-0.2860107421875,270.286010742188,12,0.0001,68.9560546875,3366.40003344143,-0.0878899917006493,0.365227669477463,-0.0489843711256981,3.14347825195051,-43234.2182846609,-83554.1427280109,-43236.6808449771,-83554.1550207933,-43239.1434052933,-83554.1673135758,0,0,1,0
20130509092925.daq,35,10,1020,1,0,right,-0.300521850585938,270.300521850586,12,0.0001,68.9947204589844,3376.51644549168,0.131834998726845,0.365442305803299,0.0554243698716164,3.10026231832371,-43234.1744210763,-83564.2517416769,-43236.6369782001,-83564.2646581433,-43239.099535324,-83564.2775746097,0,0,1,0
20130509092925.daq,35,10,1020.1,1,0,right,-0.306640625,270.306640625,12,0.0001,69.0334854125977,3386.63853496876,0.57128494977951,0.365078896284103,0.00796583108603954,3.05652606061633,-43234.1310750365,-83574.3765892484,-43236.5936307669,-83574.389768698,-43239.0561864973,-83574.4029481476,0,0,1,0
20130509092925.daq,35,10,1020.2,1,0,right,-0.302749633789063,270.302749633789,12,0.0001,69.0723419189453,3396.76631819113,0.966789960861206,0.364846348762512,-0.0394927076995373,3.00958890702384,-43234.084439957,-83584.5016861839,-43236.5469965768,-83584.5146983998,-43239.0095531966,-83584.5277106157,0,0,1,0
20130509092925.daq,35,10,1020.3,1,0,right,-0.286666870117188,270.286666870117,12,0.0001,69.1112060546875,3406.89980140647,1.18651497364044,0.365079313516617,-0.0300010479986668,2.9687145959812,-43234.0424629485,-83594.6348991778,-43236.5050231237,-83594.6472201606,-43238.967583299,-83594.6595411432,0,0,1,0
20130509092925.daq,35,10,1020.4,1,0,right,-0.261810302734375,270.261810302734,12,0.0001,69.1500396728516,3417.03898265651,1.23045992851257,0.36521378159523,-0.0489843711256981,2.92235696760406,-43233.9971209463,-83604.7683301099,-43236.4596862351,-83604.7795827616,-43238.9222515238,-83604.7908354133,0,0,1,0
20130509092925.daq,35,10,1020.5,1,0,right,-0.2340087890625,270.234008789063,12,0.0001,69.1888198852539,3427.18385662613,1.23045992851257,0.365158796310425,-0.00152583047747612,2.88157923939066,-43233.9558671378,-83614.9174585243,-43236.4184375967,-83614.9275162693,-43238.8810080557,-83614.9375740142,0,0,1,0
20130509092925.daq,35,10,1020.6,1,0,right,-0.20513916015625,270.205139160156,12,0.0001,69.2275085449219,3437.33441165929,1.23045992851257,0.365137070417404,-0.0489843711256981,2.84393979056911,-43233.9185858207,-83625.0666126024,-43236.3811610348,-83625.0754295306,-43238.843736249,-83625.0842464587,0,0,1,0
20130509092925.daq,35,10,1020.7,1,0,right,-0.175888061523438,270.175888061523,12,0.0001,69.2660980224609,3447.49063386198,1.23045992851257,0.365258246660233,-0.0489843711256981,2.80704373222977,-43233.8813284074,-83635.2235877336,-43236.3439078019,-83635.2311474471,-43238.8064871964,-83635.2387071606,0,0,1,0
20130509092925.daq,35,10,1020.8,1,0,right,-0.146804809570313,270.14680480957,12,0.0001,69.304573059082,3457.65250794146,1.23045992851257,0.364940017461777,-0.0679679214954376,2.77327146917048,-43233.847967253,-83645.3805577902,-43236.3105501676,-83645.3868675011,-43238.7731330821,-83645.3931772121,0,0,1,0
20130509092925.daq,35,10,1020.9,1,0,right,-0.117935180664063,270.117935180664,12,0.0001,69.3429489135742,3467.8200180455,1.2744048833847,0.364826053380966,-0.020509384572506,2.74868031381038,-43233.8224057745,-83655.5531466565,-43236.2849915557,-83655.5582155449,-43238.7475773369,-83655.5632844332,0,0,1,0
20130509092925.daq,35,10,1021,1,0,right,-0.087890625,270.087890625,12,0.0001,69.3812026977539,3477.99314729618,1.2744048833847,0.36508321762085,0.00796583108603954,2.72601737262485,-43233.8008234621,-83665.7257636218,-43236.2634115627,-83665.7295411876,-43238.7259996633,-83665.7333187534,0,0,1,0
20130509092925.daq,35,10,1021.1,1,0,right,-0.0579833984375,270.057983398438,12,0.0001,69.4193420410156,3488.17187844249,1.2744048833847,0.365948170423508,0.00796583108603954,2.7119177816175,-43233.7870455559,-83675.9061887295,-43236.2496352929,-83675.9086808741,-43238.7122250299,-83675.9111730188,0,0,1,0
20130509092925.daq,35,10,1021.2,1,0,right,-0.027923583984375,270.027923583984,12,0.0001,69.4574356079102,3498.35619870946,1.2744048833847,0.36652883887291,-0.0489843711256981,2.70296561475168,-43233.7771837115,-83686.0866166288,-43236.239774417,-83686.0878167934,-43238.7023651226,-83686.0890169579,0,0,1,0
20130509092925.daq,35,11,1045.45,1,0,right,0.24896240234375,269.751037597656,12,0.0001,59.2993659973145,0,1.45018494129181,0.299624621868134,-0.0679679214954376,2.73724114387143,-43233.8099311696,-85926.8199532244,-43236.2724989197,-85926.8092527741,-43238.7350666698,-85926.7985523238,1,0,0,0
20130509092925.daq,35,11,1045.55,1,0,right,0.273269653320313,269.72673034668,12,0.0001,59.3149147033691,8.69839718332514,1.49412989616394,0.299526482820511,-0.0489843711256981,2.77233197008366,-43233.8465921243,-85935.523668956,-43236.3091551133,-85935.5119237831,-43238.7717181022,-85935.5001786101,1,0,0,0
20130509092925.daq,35,11,1045.65,1,0,right,0.298934936523438,269.701065063477,12,0.0001,59.3307075500488,17.3990943376266,1.49412989616394,0.299501061439514,-0.020509384572506,2.81722647134381,-43233.8911499179,-85944.2196044984,-43236.3537073986,-85944.2067562372,-43238.8162648792,-85944.1939079759,1,0,0,0
20130509092925.daq,35,11,1045.75,1,0,right,0.32342529296875,269.676574707031,12,0.0001,59.3466110229492,26.1021165001002,1.45018494129181,0.299388498067856,-0.0584762655198574,2.86504826404922,-43233.9395414769,-85952.923323355,-43236.4020932408,-85952.9094225059,-43238.8646450047,-85952.8955216568,1,0,0,0
20130509092925.daq,35,11,1045.85,1,0,right,0.347335815429688,269.65266418457,12,0.0001,59.3625717163086,34.8074760727468,1.45018494129181,0.299603581428528,-0.0489843711256981,2.91698190028648,-43233.9918036247,-85961.627027526,-43236.4543493731,-85961.6120990126,-43238.9168951215,-85961.5971704992,1,0,0,0
20130509092925.daq,35,11,1045.95,1,0,right,0.371246337890625,269.628753662109,12,0.0001,59.3785552978516,43.515178137648,1.45018494129181,0.299398511648178,-0.0300010479986668,2.96916455529422,-43234.044066014,-85970.338543579,-43236.506605318,-85970.3225874038,-43238.9691446221,-85970.3066312287,1,0,0,0
20130509092925.daq,35,11,1046.05,1,0,right,0.393661499023438,269.606338500977,12,0.0001,59.3945159912109,52.2252231610182,1.40623998641968,0.299962341785431,-0.0394927076995373,3.02943891309087,-43234.1040484922,-85979.0500228879,-43236.5665813654,-85979.0331033234,-43239.0291142387,-85979.0161837589,1,0,0,0
20130509092925.daq,35,11,1046.15,1,0,right,0.416549682617188,269.583450317383,12,0.0001,59.4104690551758,60.9376085319236,1.40623998641968,0.299450397491455,-0.0584762655198574,3.08994650240098,-43234.164060495,-85987.7615130698,-43236.6265864128,-85987.7436097885,-43239.0891123307,-85987.7257065071,1,0,0,0
20130509092925.daq,35,11,1046.25,1,0,right,0.43408203125,269.56591796875,12,0.0001,59.4263916015625,69.6523316394014,1.14256989955902,0.299741625785828,-0.020509384572506,3.15682290241163,-43234.231553276,-85996.472873541,-43236.6940736001,-85996.4542167344,-43239.1565939243,-85996.4355599278,1,0,0,0
20130509092925.daq,35,11,1046.35,1,0,right,0.44232177734375,269.557678222656,12,0.0001,59.4422798156738,78.369387494633,0.57128494977951,0.299733757972717,-0.0394927076995373,3.22350809926337,-43234.2984702118,-86005.1918222115,-43236.7609878275,-86005.1728112684,-43239.2235054432,-86005.1538003252,1,0,0,0
20130509092925.daq,35,11,1046.45,1,0,right,0.434066772460938,269.565933227539,12,0.0001,59.4581527709961,87.0887729738461,0,0.299641877412796,-0.0394927076995373,3.2935486759743,-43234.3682710803,-86013.902560673,-43236.8307914094,-86013.8839045222,-43239.2933117386,-86013.8652483715,1,0,0,0
20130509092925.daq,35,11,1046.55,1,0,right,0.411849975585938,269.588150024414,12,0.0001,59.4739837646484,95.8104836477287,-0.131834983825684,0.299617499113083,-0.0110174920409918,3.36276566020909,-43234.4372067624,-86022.628587132,-43236.8997341405,-86022.6108858403,-43239.3622615185,-86022.5931845486,1,0,0,0
20130509092925.daq,35,11,1046.65,-1,0,right,0.383880615234375,269.616119384766,12,0.0001,59.4897766113281,104.534512849015,-0.131834983825684,0.299334645271301,-0.0489843711256981,3.43476438376982,-43234.5096924928,-86031.3466615357,-43236.9722282185,-86031.330162347,-43239.4347639442,-86031.3136631584,1,0,0,0
20130509092925.daq,35,11,1046.75,-1,0,right,0.354461669921875,269.645538330078,12,0.0001,59.5055389404297,113.260856195018,-0.131834983825684,0.299678385257721,-0.0300010479986668,3.50013373750221,-43234.5742762611,-86040.072512512,-43237.0368201338,-86040.0572777328,-43239.4993640065,-86040.0420429536,1,0,0,0
20130509092925.daq,35,11,1046.85,-1,0,right,0.322967529296875,269.677032470703,12,0.0001,59.5212516784668,121.989507764491,-0.131834983825684,0.300765335559845,-0.020509384572506,3.56383794238917,-43234.6387318777,-86048.7983122608,-43237.1012837526,-86048.7844310863,-43239.5638356275,-86048.7705499117,1,0,0,0
20130509092925.daq,35,11,1046.95,-1,0,right,0.29278564453125,269.707214355469,12,0.0001,59.5369453430176,130.720461589517,-0.131834983825684,0.301251828670502,-0.0300010479986668,3.62502055628842,-43234.6993629144,-86057.524142785,-43237.1619217599,-86057.5115588187,-43239.6244806053,-86057.4989748525,1,0,0,0
20130509092925.daq,35,11,1047.05,1,0,right,0.26202392578125,269.737976074219,12,0.0001,59.5528030395508,139.453726901716,-0.131834983825684,0.301991701126099,-0.0394927076995373,3.68124700399672,-43234.7560521929,-86066.2577707339,-43237.2186174397,-86066.2465089007,-43239.6811826865,-86066.2352470675,1,0,0,0
20130509092925.daq,35,11,1047.15,1,0,right,0.231597900390625,269.768402099609,12,0.0001,59.5689239501953,148.189335965013,-0.131834983825684,0.302081942558289,-0.020509384572506,3.73026160565819,-43234.8049501492,-86074.9835933294,-43237.2675210291,-86074.9736392044,-43239.7300919091,-86074.9636850794,1,0,0,0
20130509092925.daq,35,11,1047.25,1,0,right,0.201446533203125,269.798553466797,12,0.0001,59.5853614807129,156.927332606123,-0.131834983825684,0.302816033363342,-0.0394927076995373,3.77533313101789,-43234.8499592439,-86083.7250466177,-43237.3125350212,-86083.7163883988,-43239.7751107984,-86083.70773018,1,0,0,0
20130509092925.daq,35,11,1047.35,1,0,right,0.175918579101563,269.824081420898,12,0.0001,59.5992736816406,165.667727315493,-0.0439449958503246,0.3036108314991,-0.020509384572506,3.81677050916203,-43234.891348509,-86091.7322367225,-43237.3539278994,-86091.7246756973,-43239.8165072899,-86091.7171146722,1,0,0,0
20130509092925.daq,35,11,1047.45,1,0,right,0.148574829101563,269.851425170898,12,0.0001,59.6191368103027,174.41059739601,0.439449995756149,0.30843248963356,-0.0774595886468887,3.85424726563797,-43234.9287194835,-86101.2003192759,-43237.3913022019,-86101.1939334892,-43239.8538849203,-86101.1875477025,1,0,0,0
20130509092925.daq,35,11,1047.55,1,0,right,0.146026611328125,269.853973388672,12,0.0001,59.6368370056152,183.156043509283,1.36229491233826,0.313946962356567,-0.0584762655198574,3.88892763766884,-43234.9637181131,-86109.9424445342,-43237.4263011131,-86109.9361682703,-43239.8888841131,-86109.9298920065,1,0,0,0
20130509092925.daq,35,11,1047.65,1,0,right,0.162887573242188,269.837112426758,12,0.0001,59.6559906005859,191.904182402301,1.88963496685028,0.316603720188141,-0.0584762655198574,3.9215345665693,-43234.9960111016,-86118.6928562432,-43237.458592148,-86118.6858552924,-43239.9211731944,-86118.6788543416,1,0,0,0
20130509092925.daq,35,11,1047.75,1,0,right,0.190200805664063,269.809799194336,12,0.0001,59.6772308349609,200.65527964638,1.66990995407104,0.317905187606812,-0.0774595886468887,3.95417851085309,-43235.0289509056,-86127.4435225231,-43237.4915283348,-86127.4353476464,-43239.954105764,-86127.4271727698,1,0,0,0
20130509092925.daq,35,11,1047.85,1,0,right,0.21466064453125,269.785339355469,12,0.0001,59.7005462646484,209.40964701747,1.2744048833847,0.318762511014938,-0.11542646586895,3.98715225043329,-43235.0617144463,-86136.1941185135,-43237.5242881612,-86136.1848923517,-43239.9868618761,-86136.1756661899,1,0,0,0
20130509092925.daq,35,11,1047.95,1,0,right,0.235397338867188,269.764602661133,12,0.0001,59.7255859375,218.16756435392,1.18651497364044,0.319443881511688,-0.0300010479986668,4.02347569416604,-43235.0981540533,-86144.9524357794,-43237.5607242678,-86144.9423183546,-43240.0232944822,-86144.9322009299,1,0,0,0
20130509092925.daq,35,11,1048.05,-1,0,right,0.251754760742188,269.748245239258,12,0.0001,59.7520141601563,226.929260300705,1.18651497364044,0.3192258477211,-0.0110174920409918,4.05947206408778,-43235.1343227637,-86153.7106461187,-43237.5968899894,-86153.699825653,-43240.0594572151,-86153.6890051874,1,0,0,0
20130509092925.daq,35,11,1048.15,-1,0,right,0.26605224609375,269.733947753906,12,0.0001,59.7794799804688,235.694912682447,1.18651497364044,0.320483803749084,-0.020509384572506,4.09973162905377,-43235.1742703152,-86162.4766186202,-43237.6368347641,-86162.4651836503,-43240.0993992129,-86162.4537486805,1,0,0,0
20130509092925.daq,35,11,1048.25,-1,0,right,0.279022216796875,269.720977783203,12,0.0001,59.8076820373535,244.464649762303,1.18651497364044,0.320265710353851,-0.0300010479986668,4.14365549120064,-43235.218042015,-86171.2503711653,-43237.6806038123,-86171.2383787482,-43240.1431656095,-86171.2263863312,1,0,0,0
20130509092925.daq,35,11,1048.35,-1,0,right,0.291671752929688,269.70832824707,12,0.0001,59.835277557373,253.23855462455,1.14256989955902,0.319942474365234,-0.0679679214954376,4.19085631140187,-43235.2657001959,-86180.0241157518,-43237.7282592855,-86180.0115796604,-43240.1908183752,-86179.999043569,1,0,0,0
20130509092925.daq,35,11,1048.45,1,0,right,0.303237915039063,269.696762084961,12,0.0001,59.8656997680664,262.016716228129,1.14256989955902,0.320270359516144,-0.0584762655198574,4.23854992419819,-43235.3132913603,-86188.7978338865,-43237.7758478692,-86188.7848006844,-43240.238404378,-86188.7717674823,1,0,0,0
20130509092925.daq,35,11,1048.55,1,0,right,0.314346313476563,269.685653686523,12,0.0001,59.8951454162598,270.799196629858,1.05467998981476,0.320061981678009,-0.020509384572506,4.29042881093882,-43235.3647604839,-86197.5793532782,-43237.8273144195,-86197.5658426405,-43240.2898683552,-86197.5523320028,1,0,0,0
20130509092925.daq,35,11,1048.65,1,0,right,0.323883056640625,269.676116943359,12,0.0001,59.9247245788574,279.58600557418,0.966789960861206,0.321016609668732,-0.0300010479986668,4.34135459591046,-43235.4161323263,-86206.368646949,-43237.878683979,-86206.3547264254,-43240.3412356317,-86206.3408059017,1,0,0,0
20130509092925.daq,35,11,1048.75,1,0,right,0.328155517578125,269.671844482422,12,0.0001,59.9544219970703,288.37716068502,0.791009962558746,0.321201205253601,-0.0869512483477592,4.39618819859972,-43235.4710844241,-86215.1578129816,-43237.933635032,-86215.1437088292,-43240.3961856399,-86215.1296046768,1,0,0,0
20130509092925.daq,35,11,1048.85,1,0,right,0.329544067382813,269.670455932617,12,0.0001,59.9843063354492,297.172686020451,0.703119993209839,0.321094214916229,-0.0489843711256981,4.45115142498041,-43235.5258579201,-86223.9469091255,-43237.9884081854,-86223.9327452937,-43240.4509584508,-86223.918581462,1,0,0,0
20130509092925.daq,35,11,1048.95,1,0,right,0.32666015625,269.67333984375,12,0.0001,60.0142860412598,305.972602095149,0.615229964256287,0.321292638778687,-0.0300010479986668,4.50601368395319,-43235.580366814,-86232.7437142474,-43238.0429177891,-86232.7296743651,-43240.5054687643,-86232.7156344828,1,0,0,0
20130509092925.daq,35,11,1049.05,1,0,right,0.32049560546875,269.679504394531,12,0.0001,60.0442886352539,314.776917441312,0.483394980430603,0.320824891328812,-0.020509384572506,4.56406380506889,-43235.6385787934,-86241.5482523484,-43238.1011312649,-86241.5344774162,-43240.5636837363,-86241.520702484,1,0,0,0
20130509092925.daq,35,11,1049.15,1,0,right,0.310256958007813,269.689743041992,12,0.0001,60.0742988586426,323.585634576652,0.351559996604919,0.320663750171661,-0.0394927076995373,4.61797465344658,-43235.6926322496,-86250.360504122,-43238.1551871433,-86250.3471692436,-43240.617742037,-86250.3338343651,1,0,0,0
20130509092925.daq,35,11,1049.25,1,0,right,0.297348022460938,269.702651977539,12,0.0001,60.1042633056641,332.398750050968,0.395504981279373,0.320528745651245,-0.0489843711256981,4.67170928744605,-43235.7465204074,-86259.1648784956,-43238.209078243,-86259.1520984395,-43240.6716360786,-86259.1393183834,1,0,0,0
20130509092925.daq,35,11,1049.35,1,0,right,0.283218383789063,269.716781616211,12,0.0001,60.1341514587402,341.216254912448,0.395504981279373,0.32155054807663,-0.0489843711256981,4.72550450972647,-43235.8003330582,-86267.9848480527,-43238.2628939705,-86267.9726752852,-43240.7254548829,-86267.9605025178,1,0,0,0
20130509092925.daq,35,11,1049.45,1,0,right,0.270553588867188,269.729446411133,12,0.0001,60.1640014648438,350.038139183496,0.395504981279373,0.32060518860817,-0.0584762655198574,4.77548782061132,-43235.8503302279,-86276.80485298,-43238.3128937708,-86276.7932245431,-43240.7754573137,-86276.7815961062,1,0,0,0
20130509092925.daq,35,11,1049.55,1,0,right,0.258346557617188,269.741653442383,12,0.0001,60.1938171386719,358.864400486302,0.57128494977951,0.321263581514359,-0.0394927076995373,4.82550380188644,-43235.9003558023,-86285.6248688602,-43238.3629217668,-86285.6137650799,-43240.8254877313,-86285.6026612995,1,0,0,0
20130509092925.daq,35,11,1049.65,1,0,right,0.253768920898438,269.746231079102,12,0.0001,60.2235565185547,367.695028610106,0.966789960861206,0.320591986179352,-0.0300010479986668,4.87601100728647,-43235.9508536902,-86294.4528825864,-43238.413420534,-86294.4419755523,-43240.8759873778,-86294.4310685183,1,0,0,0
20130509092925.daq,35,11,1049.75,1,0,right,0.259811401367188,269.740188598633,12,0.0001,60.2532081604004,376.5300129713,1.23045992851257,0.321657180786133,-0.0584762655198574,4.92329788975037,-43235.99810273,-86303.2889669631,-43238.4606684098,-86303.2778002239,-43240.9232340897,-86303.2666334848,1,0,0,0
20130509092925.daq,35,11,1049.85,1,0,right,0.26995849609375,269.730041503906,12,0.0001,60.2827415466309,385.369336412143,1.14256989955902,0.321167707443237,-0.0394927076995373,4.97085429590709,-43236.0456058873,-86312.1251510235,-43238.5081695508,-86312.1135481636,-43240.9707332144,-86312.1019453037,1,0,0,0
20130509092925.daq,35,11,1049.95,1,0,right,0.281982421875,269.718017578125,12,0.0001,60.3122406005859,394.212988488813,1.09862494468689,0.320188522338867,-0.0394927076995373,5.01861727264491,-43236.0932252865,-86320.9691930442,-43238.5557864609,-86320.9570733981,-43241.0183476353,-86320.944953752,1,0,0,0
20130509092925.daq,35,11,1050.05,1,0,right,0.293380737304688,269.706619262695,12,0.0001,60.3416595458984,403.060963326687,1.05467998981476,0.320985376834869,-0.0489843711256981,5.06644058068273,-43236.1408060108,-86329.8210322268,-43238.6033647254,-86329.8084226836,-43241.06592344,-86329.7958131404,1,0,0,0
20130509092925.daq,35,11,1050.15,1,0,right,0.301803588867188,269.698196411133,12,0.0001,60.3709449768066,411.91324190305,1.01073491573334,0.321012556552887,-0.020509384572506,5.11353244342403,-43236.1882025453,-86338.6727990927,-43238.6507593796,-86338.6598275376,-43241.1133162139,-86338.6468559824,1,0,0,0
20130509092925.daq,35,11,1050.25,1,0,right,0.306564331054688,269.693435668945,12,0.0001,60.4001426696777,420.769809950943,0.74706494808197,0.321081399917603,-0.0394927076995373,5.16443457704953,-43236.239278589,-86347.52447707,-43238.701834337,-86347.5113008995,-43241.1643900849,-86347.498124729,1,0,0,0
20130509092925.daq,35,11,1050.35,1,0,right,0.306747436523438,269.693252563477,12,0.0001,60.4292259216309,429.630652037726,0.74706494808197,0.321512430906296,-0.0300010479986668,5.2191032051255,-43236.2939774274,-86356.3838565109,-43238.7565331332,-86356.3706724706,-43241.2190888391,-86356.3574884303,1,0,0,0
20130509092925.daq,35,11,1050.45,1,0,right,0.305831909179688,269.69416809082,12,0.0001,60.4582290649414,438.495753010604,0.878899991512299,0.320852220058441,0.00796583108603954,5.27008852383745,-43236.3447019855,-86365.2510218059,-43238.8072579017,-86365.2378771146,-43241.2698138179,-86365.2247324234,1,0,0,0
20130509092925.daq,35,11,1050.55,1,0,right,0.306304931640625,269.693695068359,12,0.0001,60.487174987793,447.365103358185,0.878899991512299,0.32083261013031,-0.0110174920409918,5.32480728019372,-43236.3994187762,-86374.1182207786,-43238.8619745839,-86374.105055757,-43241.3245303915,-86374.0918907354,1,0,0,0
20130509092925.daq,35,11,1050.65,1,0,right,0.305709838867188,269.694290161133,12,0.0001,60.5160789489746,456.238696086875,0.834954977035522,0.320867478847504,-0.0300010479986668,5.37529020644132,-43236.4501631766,-86382.9853938451,-43238.9127191208,-86382.9722544004,-43241.375275065,-86382.9591149558,1,0,0,0
20130509092925.daq,35,11,1050.75,1,0,right,0.306671142578125,269.693328857422,12,0.0001,60.5448951721191,465.116521965087,0.878899991512299,0.320826888084412,-0.0110174920409918,5.43020246657436,-43236.504910203,-86391.8682296606,-43238.9674659265,-86391.8550488993,-43241.4300216499,-86391.8418681381,1,0,0,0
20130509092925.daq,35,11,1050.85,1,0,right,0.306411743164063,269.693588256836,12,0.0001,60.5736083984375,473.998567285264,0.878899991512299,0.320804923772812,-0.0394927076995373,5.4849784628655,-43236.5595816403,-86400.7432233692,-43239.0221374234,-86400.7300537569,-43241.4846932064,-86400.7168841446,1,0,0,0
20130509092925.daq,35,11,1050.95,1,0,right,0.305450439453125,269.694549560547,12,0.0001,60.6022262573242,482.884816661463,0.74706494808197,0.320697516202927,-0.0300010479986668,5.53541551288617,-43236.610303364,-86409.6260125535,-43239.0728593676,-86409.6128842577,-43241.5354153713,-86409.5997559619,1,0,0,0
20130509092925.daq,35,11,1051.05,1,0,right,0.296478271484375,269.703521728516,12,0.0001,60.6307258605957,491.775254614462,0.439449995756149,0.320785760879517,-0.020509384572506,5.58994990424682,-43236.6644353035,-86418.516419892,-43239.1269933328,-86418.5036772176,-43241.5895513622,-86418.4909345432,1,0,0,0
20130509092925.daq,35,11,1051.15,1,0,right,0.282623291015625,269.717376708984,12,0.0001,60.6591529846191,500.669866970478,0.351559996604919,0.320544272661209,-0.0394927076995373,5.64339458481591,-43236.7182649643,-86427.4145211044,-43239.180826003,-86427.4023739139,-43241.6433870417,-86427.3902267234,1,0,0,0
20130509092925.daq,35,11,1051.25,1,0,right,0.263824462890625,269.736175537109,12,0.0001,60.6874618530273,509.568640581507,0.351559996604919,0.321371555328369,-0.020509384572506,5.69329629338255,-43236.7678824039,-86436.3046894883,-43239.2304472956,-86436.2933502682,-43241.6930121872,-86436.2820110482,1,0,0,0
20130509092925.daq,35,11,1051.35,1,0,right,0.244949340820313,269.75505065918,12,0.0001,60.7156562805176,518.471556285018,0.351559996604919,0.320682346820831,-0.0394927076995373,5.7426427526572,-43236.8174952711,-86445.2104806348,-43239.2800637646,-86445.1999526656,-43241.7426322581,-86445.1894246963,0,1,0,1
20130509092925.daq,35,11,1051.45,1,0,right,0.224960327148438,269.775039672852,12,0.0001,60.7437934875488,527.378603404068,0.351559996604919,0.321124792098999,-0.0394927076995373,5.78871039064303,-43236.8631331025,-86454.1162442831,-43239.325705119,-86454.1065754408,-43241.7882771356,-86454.0969065986,0,1,0,1
20130509092925.daq,35,11,1051.55,1,0,right,0.204208374023438,269.795791625977,12,0.0001,60.7718200683594,536.289769443378,0.351559996604919,0.321576535701752,-0.0679679214954376,5.8338754213844,-43236.9087238932,-86463.0219889117,-43239.3712992503,-86463.0132119888,-43241.8338746073,-86463.0044350659,0,1,0,1
20130509092925.daq,35,11,1051.65,1,0,right,0.183151245117188,269.816848754883,12,0.0001,60.7998390197754,545.205043912516,0.395504981279373,0.321505814790726,-0.0300010479986668,5.87582137623792,-43236.9503897358,-86471.935538133,-43239.4129681522,-86471.9276662471,-43241.8755465686,-86471.9197943612,0,1,0,1
20130509092925.daq,35,11,1051.75,1,0,right,0.163467407226563,269.836532592773,12,0.0001,60.8279037475586,554.124431194126,0.439449995756149,0.325133383274078,-0.12491812556982,5.91348719837902,-43236.9882344712,-86480.849120396,-43239.4508154467,-86480.8420945239,-43241.9133964221,-86480.8350686518,0,1,0,1
20130509092925.daq,35,11,1051.85,1,0,right,0.143997192382813,269.856002807617,12,0.0001,60.8561935424805,563.047946254592,0.483394980430603,0.328023314476013,-0.0489843711256981,5.94738451441837,-43237.0221863351,-86489.7705199594,-43239.4847695559,-86489.7643309203,-43241.9473527767,-86489.7581418813,0,1,0,1
20130509092925.daq,35,11,1051.95,1,0,right,0.125839233398438,269.874160766602,12,0.0001,60.8853034973145,571.975663692603,0.615229964256287,0.328652620315552,-0.0489843711256981,5.98173088551629,-43237.056219518,-86498.6997636974,-43239.5188045765,-86498.6943550911,-43241.981389635,-86498.6889464848,0,1,0,1
20130509092925.daq,35,11,1052.05,1,0,right,0.112457275390625,269.887542724609,12,0.0001,60.9155426025391,580.907733125161,0.791009962558746,0.328218698501587,-0.0300010479986668,6.01195381389105,-43237.0866419359,-86507.6291239283,-43239.5492281905,-86507.6242904816,-43242.011814445,-86507.6194570349,0,1,0,1
20130509092925.daq,35,11,1052.15,1,0,right,0.102523803710938,269.897476196289,12,0.0001,60.9467277526855,589.844311209541,0.834954977035522,0.328660845756531,-0.0300010479986668,6.03854671125341,-43237.1133714184,-86516.5663808703,-43239.5759584739,-86516.5619743667,-43242.0385455295,-86516.557567863,0,1,0,1
20130509092925.daq,35,11,1052.25,1,0,right,0.0950164794921875,269.904983520508,12,0.0001,60.9785385131836,598.78551180198,0.834954977035522,0.328383386135101,-0.11542646586895,6.06161266393202,-43237.1363447073,-86525.5036971061,-43239.5989323191,-86525.4996132692,-43242.0615199309,-86525.4955294322,0,1,0,1
20130509092925.daq,35,11,1052.35,1,0,right,0.0858154296875,269.914184570313,12,0.0001,61.0107421875,607.731409361309,0.834954977035522,0.328685462474823,-0.0110174920409918,6.08471509568281,-43237.1592132986,-86534.4487842999,-43239.6218015344,-86534.4450959266,-43242.0843897703,-86534.4414075532,0,1,0,1
20130509092925.daq,35,11,1052.45,1,0,right,0.077239990234375,269.922760009766,12,0.0001,61.0431900024414,616.682049159615,0.834954977035522,0.328399837017059,-0.0489843711256981,6.10744326990452,-43237.1821206044,-86543.3938867308,-43239.6447093647,-86543.3905669322,-43242.107298125,-86543.3872471336,0,1,0,1
20130509092925.daq,35,11,1052.55,1,0,right,0.0689697265625,269.931030273438,12,0.0001,61.0757751464844,625.637459264617,0.834954977035522,0.328457415103912,-0.0584762655198574,6.12642243922686,-43237.2011405582,-86552.3468090623,-43239.663729772,-86552.343844722,-43242.1263189858,-86552.3408803817,0,1,0,1
20130509092925.daq,35,11,1052.65,1,0,right,0.05926513671875,269.940734863281,12,0.0001,61.1084136962891,634.597653477147,0.834954977035522,0.328751981258392,-0.0300010479986668,6.145164484918,-43237.2200718742,-86561.3075086505,-43239.6826615548,-86561.3049614163,-43242.1452512354,-86561.3024141822,0,1,0,1
20130509092925.daq,35,11,1052.75,1,0,right,0.050079345703125,269.949920654297,12,0.0001,61.1410446166992,643.562633755355,0.834954977035522,0.328582108020782,-0.0300010479986668,6.16031449098504,-43237.2351290493,-86570.2682208637,-43239.6977191067,-86570.2660684376,-43242.160309164,-86570.2639160115,0,1,0,1
20130509092925.daq,35,11,1052.85,1,0,right,0.0403594970703125,269.95964050293,12,0.0001,61.1736602783203,652.532399260017,0.834954977035522,0.328417986631393,-0.0584762655198574,6.17541965086086,-43237.2501532507,-86579.2367323797,-43239.7127436378,-86579.2349977157,-43242.1753340248,-86579.2332630517,0,1,0,1
20130509092925.daq,35,11,1052.95,1,0,right,0.0296478271484375,269.970352172852,12,0.0001,61.2062301635742,661.506945142231,0.834954977035522,0.328388899564743,-0.0300010479986668,6.19029890817629,-43237.265116193,-86588.2130319425,-43239.7277068613,-86588.2117576694,-43242.1902975297,-86588.2104833964,0,1,0,1
20130509092925.daq,35,11,1053.05,1,0,right,0.0191192626953125,269.980880737305,12,0.0001,61.2387199401855,670.486262683262,0.791009962558746,0.328669041395187,-0.00152583047747612,6.20150290613886,-43237.2761842505,-86597.1893358794,-43239.7387751114,-86597.1885141273,-43242.2013659723,-86597.1876923753,0,1,0,1
20130509092925.daq,35,11,1053.15,1,0,right,0.0058441162109375,269.994155883789,12,0.0001,61.2711334228516,679.470339993946,0.74706494808197,0.328346878290176,-0.020509384572506,6.21243214402005,-43237.2870826297,-86606.1733846946,-43239.7496736149,-86606.1731335126,-43242.2122646001,-86606.1728823306,0,1,0,1
20130509092925.daq,35,11,1053.25,1,0,right,-0.0089111328125,270.008911132813,12,0.0001,61.3034706115723,688.459165884517,0.615229964256287,0.328497171401978,-0.0679679214954376,6.22312590009762,-43237.2978896311,-86615.157396919,-43239.7604805993,-86615.1577799223,-43242.2230715675,-86615.1581629257,0,1,0,1
20130509092925.daq,35,11,1053.35,1,0,right,-0.0244293212890625,270.024429321289,12,0.0001,61.3330078125,697.452693544255,0.57128494977951,0.328802406787872,-0.0394927076995373,6.23001771984621,-43237.3047433402,-86623.0242026323,-43239.7673341143,-86623.0252526124,-43242.2299248885,-86623.0263025924,0,1,0,1
20130509092925.daq,35,11,1053.45,1,0,right,-0.0446319580078125,270.044631958008,12,0.0001,61.3677978515625,706.450937473302,0.615229964256287,0.328434079885483,-0.020509384572506,6.23311528923789,-43237.3074015257,-86633.1487052073,-43239.7699917765,-86633.150623503,-43242.2325820274,-86633.1525417987,0,1,0,1
20130509092925.daq,35,11,1053.55,1,0,right,-0.064666748046875,270.064666748047,12,0.0001,61.399829864502,715.453918559273,0.57128494977951,0.328633695840836,-0.0394927076995373,6.23548105792863,-43237.3100702536,-86642.1482114804,-43239.7726596831,-86642.1509908774,-43242.2352491126,-86642.1537702744,0,1,1,1
20130509092925.daq,35,11,1053.65,1,0,right,-0.08380126953125,270.083801269531,12,0.0001,61.4317665100098,724.461590457737,0.57128494977951,0.328561305999756,-0.0300010479986668,6.23409752162588,-43237.3088885011,-86651.1555520353,-43239.7714768651,-86651.1591538395,-43242.2340652291,-86651.1627556437,0,1,1,1
20130509092925.daq,35,11,1053.75,1,0,right,-0.103759765625,270.103759765625,12,0.0001,61.4636116027832,733.473939414573,0.57128494977951,0.328630357980728,-0.0869512483477592,6.23284500664239,-43237.3076560278,-86660.1628718467,-43239.7702429878,-86660.1673314723,-43242.2328299477,-86660.1717910979,0,1,1,1
20130509092925.daq,35,11,1053.85,1,0,right,-0.124435424804688,270.124435424805,12,0.0001,61.4953689575195,742.490952981098,0.57128494977951,0.328663468360901,-0.0300010479986668,6.22398321624352,-43237.2985669495,-86669.1779860017,-43239.7611521398,-86669.183334272,-43242.2237373301,-86669.1886825423,0,1,1,1
20130509092925.daq,35,11,1053.95,1,0,right,-0.14404296875,270.14404296875,12,0.0001,61.5270462036133,751.512618382301,0.57128494977951,0.327991455793381,-0.0679679214954376,6.21487257784906,-43237.2895439902,-86678.2009386218,-43239.752127206,-86678.2071296283,-43242.2147104218,-86678.2133206348,0,1,1,1
20130509092925.daq,35,11,1054.05,1,0,right,-0.164459228515625,270.164459228516,12,0.0001,61.5586280822754,760.538923402637,0.57128494977951,0.328491985797882,-0.0489843711256981,6.20172838852613,-43237.2765650318,-86687.2238708026,-43239.7391458852,-86687.2309393034,-43242.2017267386,-86687.2380078041,0,1,1,1
20130509092925.daq,35,11,1054.15,1,0,right,-0.184829711914063,270.184829711914,12,0.0001,61.5900688171387,769.569849765408,0.57128494977951,0.328890770673752,-0.0394927076995373,6.18507439812828,-43237.2596828285,-86696.246803669,-43239.7222610132,-86696.2547476956,-43242.1848391979,-86696.2626917222,0,1,1,1
20130509092925.daq,35,11,1054.25,1,0,right,-0.20458984375,270.20458984375,12,0.0001,61.6214218139648,778.605380592722,0.615229964256287,0.328843325376511,-0.0394927076995373,6.16806519795398,-43237.2428384657,-86705.2853762284,-43239.7054137642,-86705.2941695469,-43242.1679890627,-86705.3029628654,0,1,1,1
20130509092925.daq,35,11,1054.35,1,0,right,-0.223602294921875,270.223602294922,12,0.0001,61.652702331543,787.645504414992,0.703119993209839,0.32860478758812,-0.0300010479986668,6.1434681971628,-43237.2182279005,-86714.3239669292,-43239.6808001456,-86714.3335774032,-43242.1433723906,-86714.3431878773,0,1,1,1
20130509092925.daq,35,11,1054.45,1,0,right,-0.239166259765625,270.239166259766,12,0.0001,61.6838989257813,796.690209529537,0.834954977035522,0.329406976699829,-0.0300010479986668,6.1191779673991,-43237.1938302229,-86723.3626429154,-43239.6563997666,-86723.3729223282,-43242.1189693102,-86723.3832017409,0,1,1,1
20130509092925.daq,35,11,1054.55,1,0,right,-0.251937866210938,270.251937866211,12,0.0001,61.7150650024414,805.739487171028,0.834954977035522,0.329009115695953,0.00796583108603954,6.09087222851901,-43237.165698641,-86732.4092005519,-43239.6282658321,-86732.4200288874,-43242.0908330232,-86732.4308572228,0,1,1,1
20130509092925.daq,35,11,1054.65,1,0,right,-0.26422119140625,270.264221191406,12,0.0001,61.7462577819824,814.793337759067,0.834954977035522,0.329638063907623,-0.0584762655198574,6.05900732307896,-43237.133690996,-86741.4635826561,-43239.5962558091,-86741.4749389275,-43242.0588206222,-86741.4862951988,0,1,1,1
20130509092925.daq,35,11,1054.75,1,0,right,-0.274917602539063,270.274917602539,12,0.0001,61.7774963378906,823.851766002714,0.878899991512299,0.329411149024963,-0.0489843711256981,6.02699425346147,-43237.1017812865,-86750.5180040828,-43239.5643439366,-86750.5298200843,-43242.0269065866,-86750.5416360858,0,1,1,1
20130509092925.daq,35,11,1054.85,1,0,right,-0.283370971679688,270.28337097168,12,0.0001,61.8087959289551,832.914781040279,0.92284494638443,0.329365491867065,-0.0584762655198574,5.99129726970583,-43237.0661037035,-86759.5802937181,-43239.5286645834,-86759.5924730438,-43241.9912254634,-86759.6046523695,0,1,1,1
20130509092925.daq,35,11,1054.95,1,0,right,-0.292755126953125,270.292755126953,12,0.0001,61.8400840759277,841.982387114622,0.92284494638443,0.329685628414154,-0.0300010479986668,5.95585531223749,-43237.0303687537,-86768.6503726004,-43239.4929276058,-86768.662955255,-43241.955486458,-86768.6755379096,0,1,1,1
20130509092925.daq,35,11,1055.05,1,0,right,-0.300552368164063,270.300552368164,12,0.0001,61.8713111877441,851.05457737192,0.92284494638443,0.328842490911484,-0.0300010479986668,5.91595229072953,-43236.9908254445,-86777.7204909167,-43239.4533825615,-86777.7334086948,-43241.9159396785,-86777.7463264728,0,1,1,1
20130509092925.daq,35,11,1055.15,1,0,right,-0.3092041015625,270.309204101563,12,0.0001,61.9024887084961,860.131344398964,0.92284494638443,0.329114973545074,-0.0300010479986668,5.87648841724422,-43236.9512294748,-86786.7905878761,-43239.4137846131,-86786.8038775031,-43241.8763397514,-86786.8171671302,0,1,1,1
20130509092925.daq,35,11,1055.25,1,0,right,-0.317001342773438,270.317001342773,12,0.0001,61.9335594177246,869.21267630659,0.92284494638443,0.329268455505371,-0.0489843711256981,5.83711716547333,-43236.9116862213,-86795.8685185543,-43239.3742395283,-86795.8821433043,-43241.8367928352,-86795.8957680543,0,1,1,1
20130509092925.daq,35,11,1055.35,1,0,right,-0.324020385742188,270.324020385742,12,0.0001,61.9632377624512,878.298541903205,0.966789960861206,0.329589545726776,-0.0489843711256981,5.79343378041547,-43236.8682847217,-86804.9542810708,-43239.3308363411,-86804.9682074968,-43241.7933879605,-86804.9821339228,0,1,1,1
20130509092925.daq,35,11,1055.45,1,0,right,-0.32666015625,270.32666015625,12,0.0001,61.9954376220703,887.38894501199,1.31834995746613,0.329289704561234,-0.0584762655198574,5.75026060833866,-43236.8251532258,-86814.0479652481,-43239.2877042009,-86814.0620051304,-43241.7502551761,-86814.0760450127,0,1,1,1
20130509092925.daq,35,11,1055.55,1,0,right,-0.319976806640625,270.319976806641,12,0.0001,62.0263290405273,896.483895610523,1.7577999830246,0.329036027193069,-0.0300010479986668,5.70783782672101,-43236.7825965205,-86823.141881883,-43239.2451491166,-86823.1556345174,-43241.7077017127,-86823.1693871518,0,1,1,1
20130509092925.daq,35,11,1055.65,1,0,right,-0.302215576171875,270.302215576172,12,0.0001,62.0571365356445,905.583371645611,1.93357992172241,0.329427808523178,-0.020509384572506,5.66238293952604,-43236.7368166378,-86832.2360744875,-43239.1993733788,-86832.2490637497,-43241.6619301197,-86832.262053012,0,0,1,0
20130509092925.daq,35,11,1055.75,1,0,right,-0.280715942382813,270.280715942383,12,0.0001,62.087833404541,914.687358896816,1.84568989276886,0.329219490289688,-0.0489843711256981,5.62054998393748,-43236.6951736901,-86841.3381722976,-43239.1577351318,-86841.3502375107,-43241.6202965735,-86841.3623027237,0,0,1,0
20130509092925.daq,35,11,1055.85,1,0,right,-0.258743286132813,270.258743286133,12,0.0001,62.1184425354004,923.795841138926,1.62596487998962,0.329189896583557,-0.0300010479986668,5.57881161294661,-43236.6535601194,-86850.4480938713,-43239.1161260069,-86850.459214703,-43241.5786918945,-86850.4703355347,0,0,1,0
20130509092925.daq,35,11,1055.95,1,0,right,-0.244766235351563,270.244766235352,12,0.0001,62.1489524841309,932.908805830069,1.31834995746613,0.328897386789322,-0.0300010479986668,5.54053369590754,-43236.615359773,-86859.5578162824,-43239.0779283001,-86859.5683363818,-43241.5404968273,-86859.5788564812,0,0,1,0
20130509092925.daq,35,11,1056.05,1,0,right,-0.238800048828125,270.238800048828,12,0.0001,62.179313659668,942.026234833407,1.09862494468689,0.329660952091217,-0.0584762655198574,5.50572425245753,-43236.5805715641,-86868.6751520128,-43239.0431411734,-86868.6854156859,-43241.5057107827,-86868.6956793589,0,0,1,0
20130509092925.daq,35,11,1056.15,1,0,right,-0.243255615234375,270.243255615234,12,0.0001,62.2095489501953,951.148106981564,0.703119993209839,0.329753667116165,-0.0584762655198574,5.47029256417649,-43236.5451404584,-86877.8000413175,-43239.0077092621,-86877.8104964905,-43241.4702780658,-86877.8209516636,0,0,1,0
20130509092925.daq,35,11,1056.25,1,0,right,-0.256546020507813,270.256546020508,12,0.0001,62.2397384643555,960.274409266407,0.615229964256287,0.32916796207428,-0.0584762655198574,5.43431391627853,-43236.5091643988,-86886.9247110001,-43238.971730711,-86886.9357373935,-43241.4342970233,-86886.946763787,0,0,1,0
20130509092925.daq,35,11,1056.35,1,0,right,-0.274154663085938,270.274154663086,12,0.0001,62.2698631286621,969.405135766705,0.659174978733063,0.329219043254852,-0.0394927076995373,5.40197414387883,-43236.4768283397,-86896.049273065,-43238.9393911469,-86896.0610562755,-43241.4019539541,-86896.072839486,0,0,1,0
20130509092925.daq,35,11,1056.45,1,0,right,-0.291366577148438,270.291366577148,12,0.0001,62.2998504638672,978.540270676764,0.659174978733063,0.329328328371048,0.0459327101707458,5.3657816203533,-43236.44061063,-86905.1816571742,-43238.9031697864,-86905.1941801493,-43241.3657289427,-86905.2067031243,0,0,1,0
20130509092925.daq,35,11,1056.55,1,0,right,-0.308197021484375,270.308197021484,12,0.0001,62.329761505127,987.679797305202,0.74706494808197,0.329086005687714,-0.0300010479986668,5.32577560677067,-43236.4005103201,-86914.3218629696,-43238.8630656916,-86914.3351093127,-43241.3256210631,-86914.3483556557,0,0,1,0
20130509092925.daq,35,11,1056.65,1,0,right,-0.321746826171875,270.321746826172,12,0.0001,62.3596115112305,996.823706420386,0.791009962558746,0.32929253578186,-0.0110174920409918,5.28993189400592,-43236.3645186426,-86923.4621502561,-43238.8270708127,-86923.4759789653,-43241.2896229827,-86923.4898076745,0,0,1,0
20130509092925.daq,35,11,1056.75,1,0,right,-0.335418701171875,270.335418701172,12,0.0001,62.3893814086914,1005.97198762515,0.74706494808197,0.329456448554993,-0.0584762655198574,5.24624539849856,-43236.3207070197,-86932.6102467998,-43238.7832558199,-86932.624663121,-43241.24580462,-86932.6390794421,0,0,1,0
20130509092925.daq,35,11,1056.85,1,0,right,-0.349014282226563,270.349014282227,12,0.0001,62.419075012207,1015.12462903032,0.74706494808197,0.32949560880661,-0.0300010479986668,5.20217346709802,-43236.2769001811,-86941.7583450468,-43238.7394454911,-86941.7733457,-43241.2019908011,-86941.7883463531,0,0,1,0
20130509092925.daq,35,11,1056.95,1,0,right,-0.362747192382813,270.362747192383,12,0.0001,62.4486885070801,1024.28161977248,0.74706494808197,0.329530417919159,-0.12491812556982,5.15427452288094,-43236.2291787086,-86950.9142521651,-43238.6917203525,-86950.9298430518,-43241.1542619963,-86950.9454339384,0,0,1,0
20130509092925.daq,35,11,1057.05,1,0,right,-0.37591552734375,270.375915527344,12,0.0001,62.478214263916,1033.44294726309,0.74706494808197,0.329187452793121,-0.020509384572506,5.10661059875543,-43236.1814921128,-86960.0701731891,-43238.6440301084,-86960.0863300433,-43241.1065681039,-86960.1024868974,0,0,1,0
20130509092925.daq,35,11,1057.15,1,0,right,-0.3895263671875,270.389526367188,12,0.0001,62.5076599121094,1042.60860003259,0.74706494808197,0.329139679670334,-0.0774595886468887,5.05530670739474,-43236.1298720739,-86969.2338954623,-43238.5924061618,-86969.2506373017,-43241.0549402497,-86969.267379141,0,0,1,0
20130509092925.daq,35,11,1057.25,1,0,right,-0.403488159179688,270.40348815918,12,0.0001,62.5370407104492,1051.77856661141,0.74706494808197,0.32924947142601,-0.020509384572506,4.99955100070726,-43236.074324241,-86978.4054212558,-43238.5368541761,-86978.4227631631,-43240.9993841113,-86978.4401050704,0,0,1,0
20130509092925.daq,35,11,1057.35,1,0,right,-0.4163818359375,270.416381835938,12,0.0001,62.5663070678711,1060.95283445767,0.703119993209839,0.329387336969376,-0.0584762655198574,4.94839468386199,-43236.0227485515,-86987.1941610784,-43238.4852745217,-86987.2120571458,-43240.947800492,-86987.2299532133,0,0,1,0
20130509092925.daq,35,11,1057.45,1,0,right,-0.431869506835938,270.431869506836,12,0.0001,62.5954475402832,1070.13123679667,0.703119993209839,0.329454839229584,-0.020509384572506,4.88864518225249,-43235.9632006299,-86996.7562732472,-43238.4257216727,-86996.7748349615,-43240.8882427155,-86996.7933966758,0,0,1,0
20130509092925.daq,35,11,1057.55,1,0,right,-0.446929931640625,270.446929931641,12,0.0001,62.6244850158691,1079.31405356003,0.703119993209839,0.329254508018494,-0.0869512483477592,4.82490534210596,-43235.8997728809,-87005.9355833676,-43238.3622889596,-87005.9547923647,-43240.8248050383,-87005.9740013618,0,0,1,0
20130509092925.daq,35,11,1057.65,1,0,right,-0.46112060546875,270.461120605469,12,0.0001,62.6534423828125,1088.50112333478,0.703119993209839,0.329496026039124,-0.0394927076995373,4.76543766135394,-43235.8403050509,-87015.1227275587,-43238.3028162965,-87015.1425464564,-43240.7653275421,-87015.1623653541,0,0,1,0
20130509092925.daq,35,11,1057.75,1,0,right,-0.477218627929688,270.47721862793,12,0.0001,62.6823272705078,1097.69243511764,0.703119993209839,0.329359233379364,-0.172376900911331,4.69822390088311,-43235.7729073438,-87024.309823664,-43238.2354129238,-87024.3303344367,-43240.6979185038,-87024.3508452094,0,0,1,0
20130509092925.daq,35,11,1057.85,1,0,right,-0.492111206054688,270.492111206055,12,0.0001,62.7111473083496,1106.88797790528,0.703119993209839,0.32920503616333,-0.0300010479986668,4.63061849901963,-43235.7055839796,-87033.5047622655,-43238.1680841451,-87033.5259131031,-43240.6305843107,-87033.5470639406,0,0,1,0
20130509092925.daq,35,11,1057.95,1,0,right,-0.506439208984375,270.506439208984,12,0.0001,62.7399024963379,1116.08774311886,0.703119993209839,0.329482406377792,0.0649162605404854,4.56368566321031,-43235.6382954747,-87042.6997148165,-43238.1007902741,-87042.7214814528,-43240.5632850735,-87042.7432480892,0,0,1,0
20130509092925.daq,35,11,1058.05,1,0,right,-0.521102905273438,270.521102905273,12,0.0001,62.7685661315918,1125.29171970848,0.703119993209839,0.329504251480103,-0.0679679214954376,4.48819112048497,-43235.5631738926,-87051.9024712057,-43238.0256630406,-87051.9248680671,-43240.4881521886,-87051.9472649284,0,0,1,0
20130509092925.daq,35,11,1058.15,1,0,right,-0.536300659179688,270.53630065918,12,0.0001,62.7971229553223,1134.49989210159,0.703119993209839,0.32925420999527,-0.0300010479986668,4.41719460052978,-43235.4919257786,-87061.1052139261,-43237.9544088992,-87061.128263964,-43240.4168920198,-87061.1513140019,0,0,1,0
20130509092925.daq,35,11,1058.25,1,0,right,-0.550506591796875,270.550506591797,12,0.0001,62.8255920410156,1143.71224654414,0.703119993209839,0.329423069953918,-0.0584762655198574,4.3380241396767,-43235.4129263155,-87070.3157938701,-43237.8754036453,-87070.3394544561,-43240.3378809752,-87070.3631150421,0,0,1,0
20130509092925.daq,35,11,1058.35,1,0,right,-0.565170288085938,270.565170288086,12,0.0001,62.8539733886719,1152.92876988805,0.703119993209839,0.329408288002014,-0.0394927076995373,4.26292197054873,-43235.3378050171,-87079.143549565,-43237.8002762109,-87079.1678403715,-43240.2627474047,-87079.192131178,0,0,1,0
20130509092925.daq,35,11,1058.45,1,0,right,-0.580673217773438,270.580673217773,12,0.0001,62.8822898864746,1162.14936403607,0.703119993209839,0.32924222946167,-0.0584762655198574,4.176503653289,-43235.2509134169,-87088.7525338727,-43237.713377948,-87088.7774909668,-43240.1758424791,-87088.8024480609,0,0,1,0
20130509092925.daq,35,11,1058.55,1,0,right,-0.595611572265625,270.595611572266,12,0.0001,62.9105491638184,1171.37419441079,0.703119993209839,0.329212546348572,-0.0679679214954376,4.09293007337097,-43235.1679629125,-87097.9709071641,-43237.630420853,-87097.9965062797,-43240.0928787935,-87098.0221053952,0,0,1,0
20130509092925.daq,35,11,1058.65,1,0,right,-0.609603881835938,270.609603881836,12,0.0001,62.9387130737305,1180.60316244871,0.703119993209839,0.329408079385757,-0.0110174920409918,4.00615563313852,-43235.0811644636,-87107.1971165951,-43237.543616079,-87107.2233170713,-43240.0060676945,-87107.2495175475,0,0,1,0
20130509092925.daq,35,11,1058.75,1,0,right,-0.625045776367188,270.625045776367,12,0.0001,62.9667625427246,1189.83625225094,0.703119993209839,0.329088747501373,-0.0679679214954376,3.91581039800635,-43234.9903706715,-87116.4311017045,-43237.4528151362,-87116.4579658398,-43239.9152596009,-87116.4848299751,0,0,1,0
20130509092925.daq,35,11,1058.85,1,0,right,-0.638290405273438,270.638290405273,12,0.0001,62.9947624206543,1199.07345220809,0.74706494808197,0.329242408275604,-0.020509384572506,3.82484910532677,-43234.8997121471,-87125.6651420885,-43237.362150336,-87125.6925754476,-43239.8245885249,-87125.7200088067,0,0,1,0
20130509092925.daq,35,11,1058.95,1,0,right,-0.652313232421875,270.652313232422,12,0.0001,63.0226974487305,1208.31475504677,0.791009962558746,0.329584360122681,-0.0489843711256981,3.72996633549883,-43234.8050995843,-87134.8991626066,-43237.2675309853,-87134.9271986331,-43239.7299623863,-87134.9552346595,0,0,1,0
20130509092925.daq,35,11,1059.05,1,0,right,-0.663131713867188,270.663131713867,12,0.0001,63.0505332946777,1217.56014682639,0.966789960861206,0.329442203044891,-0.0300010479986668,3.63558267272263,-43234.7106841843,-87144.1488889828,-43237.1731102477,-87144.1773899605,-43239.6355363111,-87144.2058909381,0,0,1,0
20130509092925.daq,35,11,1059.15,1,0,right,-0.663711547851563,270.663711547852,12,0.0001,63.0783157348633,1226.80961691657,1.45018494129181,0.329325467348099,-0.0584762655198574,3.53820539966256,-43234.6129922726,-87153.391061814,-43237.0754180474,-87153.4195877114,-43239.5378438223,-87153.4481136088,0,0,1,0
20130509092925.daq,35,11,1059.25,1,0,right,-0.652313232421875,270.652313232422,12,0.0001,63.106029510498,1236.06315711149,1.84568989276886,0.329694747924805,-0.0394927076995373,3.44169272331237,-43234.5160370843,-87162.6413501066,-43236.9784684853,-87162.6693861331,-43239.4408998863,-87162.6974221595,0,0,1,0
20130509092925.daq,35,11,1059.35,1,0,right,-0.635635375976563,270.635635375977,12,0.0001,63.1336669921875,1245.32075631458,1.66990995407104,0.329240560531616,-0.0584762655198574,3.340852559191,-43234.4155004712,-87171.899584181,-43236.8779399287,-87171.9269034331,-43239.3403793863,-87171.9542226853,0,0,1,0
20130509092925.daq,35,11,1059.45,1,0,right,-0.621810913085938,270.621810913086,12,0.0001,63.161247253418,1254.58240534089,1.36229491233826,0.329514294862747,-0.0489843711256981,3.24381815860105,-43234.3186946835,-87181.1577459024,-43236.781140661,-87181.1844710105,-43239.2435866385,-87181.2111961185,0,0,1,0
20130509092925.daq,35,11,1059.55,1,0,right,-0.610916137695313,270.610916137695,12,0.0001,63.188720703125,1263.84809248775,1.31834995746613,0.329430162906647,-0.0489843711256981,3.14674692814387,-43234.2217087247,-87190.4236459721,-43236.6841597394,-87190.4499028463,-43239.1466107542,-87190.4761597205,0,0,1,0
20130509092925.daq,35,11,1059.65,1,0,right,-0.60260009765625,270.602600097656,12,0.0001,63.2160873413086,1273.1178005042,1.36229491233826,0.329399347305298,-0.0300010479986668,3.04960011995517,-43234.1245641467,-87199.6972933484,-43236.5870189465,-87199.7231928166,-43239.0494737463,-87199.7490922848,0,0,1,0
20130509092925.daq,35,11,1059.75,1,0,right,-0.595489501953125,270.595489501953,12,0.0001,63.2433433532715,1282.39151377114,1.36229491233826,0.329816192388535,-0.0489843711256981,2.95622562240635,-43234.0312516739,-87208.9630977434,-43236.4937096689,-87208.9886916126,-43238.956167664,-87209.0142854818,0,0,1,0
20130509092925.daq,35,11,1059.85,1,0,right,-0.58746337890625,270.587463378906,12,0.0001,63.270565032959,1291.66922119206,1.36229491233826,0.329749375581741,-0.0774595886468887,2.86693244667587,-43233.9419018118,-87218.2445501712,-43236.404363368,-87218.2697990935,-43238.8668249241,-87218.2950480157,0,0,1,0
20130509092925.daq,35,11,1059.95,1,0,right,-0.579269409179688,270.57926940918,12,0.0001,63.2977752685547,1300.95092108843,1.36229491233826,0.329555839300156,-0.0679679214954376,2.7737611170474,-43233.8486560575,-87227.526006761,-43236.3111211993,-87227.550903522,-43238.7735863411,-87227.5758002831,0,0,1,0
20130509092925.daq,35,11,1060.05,1,0,right,-0.572601318359375,270.572601318359,12,0.0001,63.3248710632324,1310.23660464831,1.31834995746613,0.329261124134064,0.00796583108603954,2.6883270603284,-43233.7631289244,-87236.8074248264,-43236.225596947,-87236.8320350052,-43238.6880649697,-87236.8566451841,0,0,1,0
