daqname,subject,instance,time,road_type,oncoming,direction,heading_local,heading,width,curvature,speed,distance,steer,throttle,brake,lat_dist,front_left_x,front_left_y,front_center_x,front_center_y,front_right_x,front_right_y,pre_phase,ld_phase,post_phase,exceed
20131214102313.daq,129,6,443.366666666667,1,0,right,0.735260009765625,269.264739990234,12,0.0001,18.8621368408203,0,1.36229491233826,0.179695904254913,0.0514398328959942,2.76581418338184,16166.1618711036,4979.31678743315,16163.6994828706,4979.34838827708,16161.2370946376,4979.379989121,1,0,0,0
20131214102313.daq,129,6,443.466666666667,1,0,right,0.72894287109375,269.271057128906,12,0.0001,18.8844356536865,2.76808890345274,0.659174978733063,0.17991004884243,0.0514398328959942,2.79963283588815,16166.1251540306,4976.54984789316,16163.6627623284,4976.5811772466,16161.2003706262,4976.61250660004,1,0,0,0
20131214102313.daq,129,6,443.566666666667,1,0,right,0.7103271484375,269.289672851563,12,0.0001,18.906702041626,5.53944525300903,-0.219724982976913,0.180640116333961,0.0894067138433456,2.8356146832872,16166.0892006181,4973.77929497503,16163.6267988668,4973.80982428185,16161.1643971155,4973.84035358866,1,0,0,0
20131214102313.daq,129,6,443.666666666667,1,0,right,0.68121337890625,269.318786621094,12,0.0001,18.9290199279785,8.31406956152932,-0.57128494977951,0.18142306804657,0.0988983735442162,2.86999798891354,16166.0548753664,4971.00655132558,16163.5924584201,4971.03582940551,16161.1300414738,4971.06510748544,1,0,0,0
20131214102313.daq,129,6,443.766666666667,1,0,right,0.650711059570313,269.34928894043,12,0.0001,18.9516525268555,11.0919858404777,-0.57128494977951,0.182392597198486,0.0514398328959942,2.90336317719937,16166.0216125084,4968.23042378497,16163.5591803244,4968.25839095399,16161.0967481404,4968.28635812302,1,0,0,0
20131214102313.daq,129,6,443.866666666667,1,0,right,0.6209716796875,269.379028320313,12,0.0001,18.974983215332,13.8732681989895,-0.57128494977951,0.183156132698059,0.0419481731951237,2.9337275061883,16165.9912316061,4965.45086103868,16163.5287852374,4965.47755007833,16161.0663388687,4965.50423911798,1,0,0,0
20131214102313.daq,129,6,443.966666666667,1,0,right,0.592269897460938,269.407730102539,12,0.0001,18.9992980957031,16.658042848725,-0.57128494977951,0.183116093277931,0.0514398328959942,2.9621809495999,16165.9627390842,4962.66785643619,16163.5002796548,4962.69331193318,16161.0378202255,4962.71876743017,1,0,0,0
20131214102313.daq,129,6,444.066666666667,1,0,right,0.563262939453125,269.436737060547,12,0.0001,19.0246315002441,19.4464595465724,-0.57128494977951,0.183211147785187,0.0514398328959942,2.9897558368407,16165.9352417108,4959.88144207381,16163.4727697098,4959.90565090584,16161.0102977088,4959.92985973786,1,0,0,0
20131214102313.daq,129,6,444.166666666667,1,0,right,0.533676147460938,269.466323852539,12,0.0001,19.0507717132568,22.2386539922045,-0.527339935302734,0.183838382363319,0.060931496322155,3.01625716190434,16165.9087565084,4957.09113629281,16163.4462723345,4957.11407353329,16160.9837881607,4957.13701077378,1,0,0,0
20131214102313.daq,129,6,444.266666666667,1,0,right,0.506515502929688,269.49348449707,12,0.0001,19.0775337219238,25.0347287355253,-0.351559966802597,0.183867156505585,0.0988983735442162,3.04094031239553,16165.8840736271,4954.29637860679,16163.4215788567,4954.31814852216,16160.9590840863,4954.33991843753,1,0,0,0
20131214102313.daq,129,6,444.366666666667,1,0,right,0.483306884765625,269.516693115234,12,0.0001,19.1049270629883,27.8347749501227,-0.175779983401299,0.184243202209473,0.0894067138433456,3.06589722045277,16165.8591454246,4951.49810864651,16163.396642038,4951.51888108524,16160.9341386513,4951.53965352397,1,0,0,0
20131214102313.daq,129,6,444.466666666667,1,0,right,0.46197509765625,269.538024902344,12,0.0001,19.1328659057617,30.6388804060225,-0.131834983825684,0.183663472533226,0.0704231560230255,3.08904180429861,16165.83605378,4948.69539953144,16163.3735428302,4948.71525515431,16160.9110318805,4948.73511077718,1,0,0,0
20131214102313.daq,129,6,444.566666666667,1,0,right,0.439849853515625,269.560150146484,12,0.0001,19.1611518859863,33.4471123819167,-0.131834983825684,0.184327080845833,0.127373591065407,3.1110506723677,16165.8139876844,4945.88831550692,16163.3514692509,4945.90722020915,16160.8889508173,4945.92612491138,1,0,0,0
20131214102313.daq,129,6,444.666666666667,1,0,right,0.41748046875,269.58251953125,12,0.0001,19.1895904541016,36.2595049134652,-0.131834983825684,0.184890374541283,0.0324562788009644,3.13215865709761,16165.7929130747,4943.07733165392,16163.330387448,4943.09527493972,16160.8678618214,4943.11321822552,1,0,0,0
20131214102313.daq,129,6,444.766666666667,1,0,right,0.394775390625,269.605224609375,12,0.0001,19.2181911468506,39.0760794244816,-0.131834983825684,0.185165047645569,0.0704231560230255,3.15230464797289,16165.7728356163,4940.26245020181,16163.3103030725,4940.27941764059,16160.8477705286,4940.29638507937,1,0,0,0
20131214102313.daq,129,6,444.866666666667,1,0,right,0.372756958007813,269.627243041992,12,0.0001,19.2470817565918,41.8968683420826,-0.131834983825684,0.186293542385101,0.060931496322155,3.17248047169723,16165.7527154024,4937.44266988996,16163.2901765199,4937.45869099067,16160.8276376374,4937.47471209138,1,0,0,0
20131214102313.daq,129,6,444.966666666667,1,0,right,0.350906372070313,269.64909362793,12,0.0001,19.2763957977295,44.721923465735,-0.131834983825684,0.188069626688957,0.0419481731951237,3.19068447083743,16165.7345377122,4934.61897978945,16163.2719928989,4934.6340617637,16160.8094480856,4934.64914373794,1,0,0,0
20131214102313.daq,129,6,445.066666666667,1,0,right,0.3277587890625,269.672241210938,12,0.0001,19.3065128326416,47.5513301410101,-0.131834983825684,0.188420161604881,0.0704231560230255,3.20681614345058,16165.718393271,4931.79092710006,16163.2558425655,4931.80501420121,16160.7932918601,4931.81910130236,1,0,0,0
20131214102313.daq,129,6,445.166666666667,1,0,right,0.305084228515625,269.694915771484,12,0.0001,19.3378715515137,50.3852424142096,-0.131834983825684,0.188108161091805,0.0419481731951237,3.22294998764776,16165.7022193126,4928.95846898522,16163.2396632251,4928.97158154134,16160.7771071376,4928.98469409746,1,0,0,0
20131214102313.daq,129,6,445.266666666667,1,0,right,0.282562255859375,269.717437744141,12,0.0001,19.3704319000244,53.2238451269077,-0.131834983825684,0.187873110175133,0.060931496322155,3.23811894610205,16165.687012252,4926.12161319,16163.2244512004,4926.13375775724,16160.7618901488,4926.14590232449,1,0,0,0
20131214102313.daq,129,6,445.366666666667,1,0,right,0.259689331054688,269.740310668945,12,0.0001,19.4038906097412,56.0672933744499,-0.131834983825684,0.188068643212318,0.0894067138433456,3.25136468718939,16165.6737798265,4923.2793953787,16163.2112141229,4923.2905568713,16160.7486484193,4923.30171836391,1,0,0,0
20131214102313.daq,129,6,445.466666666667,1,0,right,0.23736572265625,269.762634277344,12,0.0001,19.4379215240479,58.9156940894063,-0.131834983825684,0.18921722471714,0.060931496322155,3.2647458937674,16165.66051318,4920.43228195601,16163.1979433145,4920.4424839818,16160.7353734491,4920.45268600758,1,0,0,0
20131214102313.daq,129,6,445.566666666667,1,0,right,0.21429443359375,269.785705566406,12,0.0001,19.4724082946777,61.7691188165809,-0.131834983825684,0.189378619194031,0.0988983735442162,3.27590206295093,16165.6492457162,4917.58030446733,16163.1866719423,4917.58951488941,16160.7240981685,4917.59872531149,1,0,0,0
20131214102313.daq,129,6,445.666666666667,1,0,right,0.191558837890625,269.808441162109,12,0.0001,19.5074119567871,64.6276393105982,-0.131834983825684,0.195674821734428,0.117881931364536,3.28634078818844,16165.638933818,4914.72294827627,16163.1763565832,4914.73118152128,16160.7137793485,4914.73941476629,1,0,0,0
20131214102313.daq,129,6,445.766666666667,1,0,right,0.168563842773438,269.831436157227,12,0.0001,19.5433616638184,67.4913491228835,-0.131834983825684,0.200793221592903,0.0799150466918945,3.29555820488599,16165.6296143099,4911.86071616091,16163.1670339692,4911.86796107854,16160.7044536284,4911.87520599617,1,0,0,0
20131214102313.daq,129,6,445.866666666667,1,0,right,0.145675659179688,269.85432434082,12,0.0001,19.5824508666992,70.3605279052863,-0.131834983825684,0.204189583659172,0.127373591065407,3.30391069240855,16165.6212645324,4908.99311091361,16163.158681494,4908.99937209346,16160.6960984555,4909.00563327331,1,0,0,0
20131214102313.daq,129,6,445.966666666667,1,0,right,0.122222900390625,269.877777099609,12,0.0001,19.6270236968994,73.2358216125576,-0.131834983825684,0.208235040307045,0.0799150466918945,3.31129370008093,16165.6139260099,4906.11917238081,16163.1513406149,4906.12442555632,16160.6887552199,4906.12967873183,1,0,0,0
20131214102313.daq,129,6,446.066666666667,1,0,right,0.0994415283203125,269.90055847168,12,0.0001,19.6784534454346,76.1181421204856,-0.0439449958503246,0.209693312644958,0.0514398328959942,3.31674494531883,16165.6084988627,4903.23838207025,16163.1459115737,4903.24265609691,16160.6833242847,4903.24693012358,1,0,0,0
20131214102313.daq,129,6,446.166666666667,1,0,right,0.0821533203125,269.917846679688,12,0.0001,19.7373962402344,79.0085550247859,0.527339994907379,0.213209688663483,0.0514398328959942,3.321511479368,16165.6037084352,4900.34915696213,16163.1411199687,4900.352687937,16160.6785315021,4900.35621891187,1,0,0,0
20131214102313.daq,129,6,446.266666666667,1,0,right,0.0709686279296875,269.92903137207,12,0.0001,19.8037109375,81.9081596770848,0.791009962558746,0.21396379172802,0.0419481731951237,3.32664001177675,16165.598540553,4897.45099350901,16163.1359514441,4897.45404376264,16160.6733623352,4897.45709401627,1,0,0,0
20131214102313.daq,129,6,446.366666666667,1,0,right,0.062896728515625,269.937103271484,12,0.0001,19.8760013580322,84.8179522496903,0.878899991512299,0.214271649718285,0.0514398328959942,3.33103437428012,16165.5941567519,4894.54201168272,16163.1315672377,4894.54471500376,16160.6689777235,4894.54741832481,1,0,0,0
20131214102313.daq,129,6,446.466666666667,1,0,right,0.05499267578125,269.945007324219,12,0.0001,19.9525108337402,87.7386751161685,0.878899991512299,0.214805319905281,0.0419481731951237,3.33458776187328,16165.5907391099,4891.62228362274,16163.1281492462,4891.62464722524,16160.6655593825,4891.62701082774,1,0,0,0
20131214102313.daq,129,6,446.566666666667,1,0,right,0.0459442138671875,269.954055786133,12,0.0001,20.0319232940674,90.6708454319596,0.834954977035522,0.214957222342491,0.0514398328959942,3.33881078341455,16165.5864156169,4888.69037667628,16163.1238254106,4888.69235137313,16160.6612352043,4888.69432606998,1,0,0,0
20131214102313.daq,129,6,446.666666666667,1,0,right,0.037506103515625,269.962493896484,12,0.0001,20.1132659912109,93.6148146967862,0.834954977035522,0.215345844626427,0.0514398328959942,3.34317902635395,16165.5820543642,4885.74722436866,16163.1194638938,4885.74883639292,16160.6568734234,4885.75044841717,1,0,0,0
20131214102313.daq,129,6,446.766666666667,1,0,right,0.0292205810546875,269.970779418945,12,0.0001,20.1958503723145,96.5708111593449,0.878899991512299,0.215130552649498,0.0799150466918945,3.34647308597654,16165.5786602128,4882.7918613601,16163.1160695351,4882.79311727,16160.6534788573,4882.7943731799,1,0,0,0
20131214102313.daq,129,6,446.866666666667,1,0,right,0.0208740234375,269.979125976563,12,0.0001,20.2792510986328,99.5389846930666,0.878899991512299,0.215666532516479,0.0514398328959942,3.3490574124574,16165.5762463666,4879.82380461223,16163.113655532,4879.82470178444,16160.6510646974,4879.82559895665,1,0,0,0
20131214102313.daq,129,6,446.966666666667,1,0,right,0.0120086669921875,269.987991333008,12,0.0001,20.3631458282471,102.519429315624,0.878899991512299,0.215143814682961,0.0229646172374487,3.35150365823588,16165.5738645509,4876.84404193708,16163.111273607,4876.84455807344,16160.6486826631,4876.8450742098,1,0,0,0
20131214102313.daq,129,6,447.066666666667,1,0,right,0.003509521484375,269.996490478516,12,0.0001,20.4472961425781,105.512200952722,0.878899991512299,0.215823277831078,0.013472955673933,3.35365509597957,16165.571460072,4873.85157503238,16163.1088690787,4873.85172587274,16160.6462780853,4873.8518767131,1,0,0,0
20131214102313.daq,129,6,447.166666666667,1,0,right,-0.005401611328125,270.005401611328,12,0.0001,20.5314884185791,108.517318627022,0.878899991512299,0.215354144573212,0.060931496322155,3.35507151523726,16165.5700575813,4870.84739958642,16163.1074665943,4870.84716742343,16160.6448756072,4870.84693526044,1,0,0,0
20131214102313.daq,129,6,447.266666666667,1,0,right,-0.0140838623046875,270.014083862305,12,0.0001,20.6156005859375,111.53478117293,0.834954977035522,0.215844810009003,0.127373591065407,3.3555685565617,16165.5696174774,4867.83003500188,16163.1070265538,4867.82942967297,16160.6444356302,4867.82882434405,1,0,0,0
20131214102313.daq,129,6,447.366666666667,1,0,right,-0.024261474609375,270.024261474609,12,0.0001,20.6994075775146,114.564559357077,0.834954977035522,0.217017605900764,0.0419481731951237,3.35598891208095,16165.5692697275,4864.80098854934,16163.1066789503,4864.7999457834,16160.644088173,4864.79890301747,1,0,0,0
20131214102313.daq,129,6,447.466666666667,1,0,right,-0.0351715087890625,270.035171508789,12,0.0001,20.7830066680908,117.606610401774,0.703119993209839,0.217955842614174,0.0324562788009644,3.35621450519866,16165.5689671801,4861.75975321099,16163.1063766461,4861.75824152835,16160.643786112,4861.75672984571,1,0,0,0
20131214102313.daq,129,6,447.566666666667,1,0,right,-0.0477294921875,270.047729492188,12,0.0001,20.8667049407959,120.660926637345,0.659174978733063,0.219171166419983,0.060931496322155,3.3554424960845,16165.5697429411,4858.70586328593,16163.1071527976,4858.70381185727,16160.644562654,4858.70176042861,1,0,0,0
20131214102313.daq,129,6,447.666666666667,1,0,right,-0.0604248046875,270.060424804688,12,0.0001,20.9507732391357,123.727542798806,0.703119993209839,0.22070848941803,0.0799150466918945,3.35367594920914,16165.5715036792,4855.63976988474,16163.1089140506,4855.63717280772,16160.6463244221,4855.6345757307,1,0,0,0
20131214102313.daq,129,6,447.766666666667,1,0,right,-0.0684356689453125,270.068435668945,12,0.0001,21.0355110168457,126.806534300773,1.2744048833847,0.221247509121895,0.0419481731951237,3.35223543354272,16165.5729750283,4852.56135410351,16163.1103857869,4852.55841271719,16160.6477965456,4852.55547133087,1,0,0,0
20131214102313.daq,129,6,447.866666666667,1,0,right,-0.056182861328125,270.056182861328,12,0.0001,21.1211814880371,129.898020314664,2.90036988258362,0.221560955047607,0.060931496322155,3.35039936967665,16165.5751479167,4849.47023173805,16163.1125581026,4849.46781698102,16160.6499682885,4849.46540222399,1,0,0,0
20131214102313.daq,129,6,447.966666666667,1,0,right,-0.028228759765625,270.028228759766,12,0.0001,21.2079792022705,133.002151156841,3.16403985023499,0.222032129764557,0.0514398328959942,3.35057513298805,16165.5743976423,4846.3650510393,16163.1118069432,4846.36383775819,16160.6492162441,4846.36262447708,1,0,0,0
20131214102313.daq,129,6,448.066666666667,1,0,right,-0.0045928955078125,270.004592895508,12,0.0001,21.2959957122803,136.119102320732,2.32908487319946,0.222522303462029,0.0514398328959942,3.35228663765125,16165.5729372983,4843.2472820439,16163.1103463082,4843.24708463977,16160.6477553181,4843.24688723565,1,0,0,0
20131214102313.daq,129,6,448.166666666667,1,0,right,0.0018310546875,269.998168945313,12,0.0001,21.3851623535156,139.249047667923,1.45018494129181,0.222534701228142,0.0799150466918945,3.35562040373796,16165.569610665,4840.11675301065,16163.1070196683,4840.11683170997,16160.6444286715,4840.11691040929,1,0,0,0
20131214102313.daq,129,6,448.266666666667,1,0,right,-0.0041046142578125,270.004104614258,12,0.0001,21.4753322601318,142.392147282546,0.878899991512299,0.223007917404175,0.0514398328959942,3.35900475702954,16165.5660711898,4836.97383253743,16163.1034801981,4836.97365611979,16160.6408892064,4836.97347970216,1,0,0,0
20131214102313.daq,129,6,448.366666666667,1,0,right,-0.0199737548828125,270.019973754883,12,0.0001,21.5663089752197,145.548532481611,0.307614982128143,0.222851797938347,0.0704231560230255,3.36135334357451,16165.5641220083,4833.81846116041,16163.10153116,4833.81760268203,16160.6389403116,4833.81674420365,1,0,0,0
20131214102313.daq,129,6,448.466666666667,1,0,right,-0.038970947265625,270.038970947266,12,0.0001,21.657958984375,148.718312365712,0.26366999745369,0.223627328872681,0.0704231560230255,3.36186183178391,16165.56334252,4830.64949520787,16163.1007520917,4830.64782022417,16160.6381616633,4830.64614524047,1,0,0,0
20131214102313.daq,129,6,448.566666666667,1,0,right,-0.0588836669921875,270.058883666992,12,0.0001,21.7500877380371,151.901571884107,0.26366999745369,0.223661363124847,0.0419481731951237,3.36064361076242,16165.564572551,4827.46736861619,16163.1019828535,4827.46483777772,16160.639393156,4827.46230693925,1,0,0,0
20131214102313.daq,129,6,448.666666666667,1,0,right,-0.0801239013671875,270.080123901367,12,0.0001,21.8424663543701,155.098364607988,0.26366999745369,0.222777590155602,0.060931496322155,3.35646596100618,16165.5688140835,4824.27160332705,16163.1062254934,4824.26815957717,16160.6436369033,4824.26471582728,1,0,0,0
20131214102313.daq,129,6,448.766666666667,1,0,right,-0.10040283203125,270.100402832031,12,0.0001,21.9349842071533,158.308717113137,0.26366999745369,0.222978129982948,0.0894067138433456,3.35218105169236,16165.5729960624,4821.06214291142,16163.1104088455,4821.05782756767,16160.6478216285,4821.05351222392,1,0,0,0
20131214102313.daq,129,6,448.866666666667,1,0,right,-0.120391845703125,270.120391845703,12,0.0001,22.0274753570557,161.532639633562,0.26366999745369,0.223107755184174,0.060931496322155,3.34607448444581,16165.5791130896,4817.83900389883,16163.116527528,4817.83382942246,16160.6539419664,4817.82865494609,1,0,0,0
20131214102313.daq,129,6,448.966666666667,1,0,right,-0.139907836914063,270.139907836914,12,0.0001,22.1197967529297,164.770116526852,0.26366999745369,0.222979411482811,0.0894067138433456,3.3399883765239,16165.5852007439,4814.60267002255,16163.1226170877,4814.59665674478,16160.6600334314,4814.590643467,1,0,0,0
20131214102313.daq,129,6,449.066666666667,1,0,right,-0.15960693359375,270.159606933594,12,0.0001,22.2118606567383,168.021116228432,0.26366999745369,0.223280057311058,0.0799150466918945,3.33288678851913,16165.5922760981,4811.35266921467,16163.1296946549,4811.3458092663,16160.6671132117,4811.33894931792,1,0,0,0
20131214102313.daq,129,6,449.166666666667,1,0,right,-0.1788330078125,270.178833007813,12,0.0001,22.3035926818848,171.285594049023,0.307614982128143,0.22311894595623,0.060931496322155,3.32495932414829,16165.6002986546,4808.08898522951,16163.137719652,4808.0812989419,16160.6751406493,4808.07361265429,1,0,0,0
20131214102313.daq,129,6,449.266666666667,1,0,right,-0.197799682617188,270.197799682617,12,0.0001,22.3950119018555,174.563503457688,0.307614982128143,0.222743704915047,0.060931496322155,3.31587610786115,16165.6092816071,4804.81211161619,16163.1467052837,4804.80361013921,16160.6841289604,4804.79510866224,1,0,0,0
20131214102313.daq,129,6,449.366666666667,1,0,right,-0.2171630859375,270.217163085938,12,0.0001,22.4859924316406,177.854790556874,0.307614982128143,0.223642811179161,0.0514398328959942,3.30490475850245,16165.6202420064,4801.5220646427,16163.1576686968,4801.5127309259,16160.6950953872,4801.50339720909,1,0,0,0
20131214102313.daq,129,6,449.466666666667,1,0,right,-0.236602783203125,270.236602783203,12,0.0001,22.5765228271484,181.15938690228,0.307614982128143,0.223047897219658,0.0419481731951237,3.29296180389127,16165.6321835124,4798.21834809307,16163.1696135113,4798.20817885839,16160.7070435103,4798.19800962371,1,0,0,0
20131214102313.daq,129,6,449.566666666667,1,0,right,-0.255783081054688,270.255783081055,12,0.0001,22.66672706604,184.477236987812,0.307614982128143,0.222187638282776,0.0799150466918945,3.28015039273938,16165.6450854169,4794.90144190783,16163.182518958,4794.8904483054,16160.7199524992,4794.87945470298,1,0,0,0
20131214102313.daq,129,6,449.666666666667,1,0,right,-0.270599365234375,270.270599365234,12,0.0001,22.7565231323242,187.808288337954,1.09862494468689,0.222996637225151,0.0704231560230255,3.26545592897597,16165.6596711388,4791.57124395495,16163.1971076052,4791.55961355059,16160.7345440716,4791.54798314624,1,0,0,0
20131214102313.daq,129,6,449.766666666667,1,0,right,-0.255447387695313,270.255447387695,12,0.0001,22.8458576202393,191.152475818715,3.55954480171204,0.223020687699318,0.0229646172374487,3.25275693723056,16165.6724084607,4788.22711715625,16163.2098419375,4788.21613798189,16160.7472754143,4788.20515880753,1,0,0,0
20131214102313.daq,129,6,449.866666666667,1,0,right,-0.2103271484375,270.210327148438,12,0.0001,22.9347305297852,194.509732058155,4.4823899269104,0.222486034035683,0.0799150466918945,3.24092128640453,16165.6842733541,4784.86857469711,16163.2216989484,4784.85953478905,16160.7591245428,4784.85049488099,1,0,0,0
20131214102313.daq,129,6,449.966666666667,1,0,right,-0.1578369140625,270.157836914063,12,0.0001,23.0232105255127,197.879993367642,4.04293966293335,0.223521038889885,0.013472955673933,3.23339412160807,16165.6917762208,4781.49618008422,16163.2291945668,4781.48939621156,16160.7666129129,4781.4826123389,1,0,0,0
20131214102313.daq,129,6,450.066666666667,1,0,right,-0.124053955078125,270.124053955078,12,0.0001,23.1112613677979,201.263200697642,2.59275484085083,0.222288548946381,0.0229646172374487,3.22869164913776,16165.6965266866,4778.11155535016,16163.2339414607,4778.10622347551,16160.7713562349,4778.10089160086,1,0,0,0
20131214102313.daq,129,6,450.166666666667,1,0,right,-0.114501953125,270.114501953125,12,0.0001,23.198823928833,204.659287585382,1.40623998641968,0.223818525671959,0.0799150466918945,3.22633703559322,16165.6988666256,4774.71483491524,16163.2362805451,4774.70991358781,16160.7736944646,4774.70499226038,1,0,0,0
20131214102313.daq,129,6,450.266666666667,1,0,right,-0.11737060546875,270.117370605469,12,0.0001,23.2858695983887,208.0681783365,1.18651497364044,0.223908171057701,0.0324562788009644,3.22516760159747,16165.7000203052,4771.30621439205,16163.2374344742,4771.30116976928,16160.7748486432,4771.2961251465,1,0,0,0
20131214102313.daq,129,6,450.366666666667,1,0,right,-0.121307373046875,270.121307373047,12,0.0001,23.3724575042725,211.489802105552,1.18651497364044,0.2233567237854,0.0324562788009644,3.22198163445992,16165.7031930519,4767.88492496343,16163.2406075733,4767.87971113749,16160.7780220947,4767.87449731155,1,0,0,0
20131214102313.daq,129,6,450.466666666667,1,0,right,-0.123977661132813,270.123977661133,12,0.0001,23.458553314209,214.92408988874,1.18651497364044,0.223947003483772,0.0704231560230255,3.21695620907847,16165.7082407263,4764.45090893306,16163.2456554934,4764.44558033754,16160.7830702604,4764.44025174202,1,0,0,0
20131214102313.daq,129,6,450.566666666667,1,0,right,-0.12664794921875,270.126647949219,12,0.0001,23.5442028045654,218.37097119031,1.14256989955902,0.222513452172279,0.0514398328959942,3.21094100121087,16165.7142649601,4761.00419759786,16163.2516799782,4760.99875423278,16160.7890949963,4760.99331086769,1,0,0,0
20131214102313.daq,129,6,450.666666666667,1,0,right,-0.129791259765625,270.129791259766,12,0.0001,23.62939453125,221.830382741235,1.14256989955902,0.222573176026344,0.0704231560230255,3.20399821942757,16165.7212949561,4757.54480265296,16163.2587102765,4757.53922418772,16160.7961255969,4757.53364572247,1,0,0,0
20131214102313.daq,129,6,450.766666666667,1,0,right,-0.131729125976563,270.131729125977,12,0.0001,23.7139568328857,225.302244394545,1.05467998981476,0.223758473992348,0.0799150466918945,3.19798720098984,16165.7272739669,4754.07365916144,16163.2646894774,4754.0679974063,16160.8021049879,4754.06233565116,1,0,0,0
20131214102313.daq,129,6,450.866666666667,1,0,right,-0.134078979492188,270.134078979492,12,0.0001,23.797872543335,228.786460267605,0.966789960861206,0.222841441631317,0.0704231560230255,3.19199033195432,16165.73327841,4750.58934226819,16163.2706941548,4750.58357951586,16160.8081098995,4750.57781676354,1,0,0,0
20131214102313.daq,129,6,450.966666666667,1,0,right,-0.13507080078125,270.135070800781,12,0.0001,23.8812465667725,232.282943243132,0.92284494638443,0.222530469298363,0.0514398328959942,3.18694880837129,16165.7382224518,4747.09327304555,16163.2756382967,4747.08746766455,16160.8130541416,4747.08166228354,1,0,0,0
20131214102313.daq,129,6,451.066666666667,1,0,right,-0.1353759765625,270.135375976563,12,0.0001,23.9640655517578,235.791614036698,0.878899991512299,0.223311051726341,0.0704231560230255,3.18119784290656,16165.7441006665,4743.58497981139,16163.2815165424,4743.57916131387,16160.8189324182,4743.57334281635,1,0,0,0
20131214102313.daq,129,6,451.166666666667,1,0,right,-0.137069702148438,270.137069702148,12,0.0001,24.0463275909424,239.312390706302,0.74706494808197,0.223582103848457,0.0514398328959942,3.1751401781145,16165.7500646011,4740.06451388709,16163.2874806501,4740.0586225929,16160.824896699,4740.05273129872,1,0,0,0
20131214102313.daq,129,6,451.266666666667,1,0,right,-0.141189575195313,270.141189575195,12,0.0001,24.1280536651611,242.845192568791,0.483394980430603,0.223421230912209,0.0324562788009644,3.16902043160191,16165.7561783052,4736.53190094645,16163.2935947841,4736.52583257932,16160.831011263,4736.51976421219,1,0,0,0
20131214102313.daq,129,6,451.366666666667,1,0,right,-0.148086547851563,270.148086547852,12,0.0001,24.2093238830566,246.389946564079,0.351559996604919,0.223007097840309,0.0704231560230255,3.16182385609152,16165.763439992,4732.98763798698,16163.3008572192,4732.9812731867,16160.8382744464,4732.97490838641,1,0,0,0
20131214102313.daq,129,6,451.466666666667,1,0,right,-0.1551513671875,270.155151367188,12,0.0001,24.2901554107666,249.946588933584,0.307614982128143,0.221973732113838,0.0229646172374487,3.15544936993066,16165.7697354561,4729.43166048325,16163.3071534868,4729.42499203583,16160.8445715176,4729.4183235884,1,0,0,0
20131214102313.daq,129,6,451.566666666667,1,0,right,-0.162277221679688,270.16227722168,12,0.0001,24.3704490661621,253.515048668676,0.26366999745369,0.221842184662819,0.155848801136017,3.14726009059753,16165.7779877909,4725.86347751324,16163.31540667,4725.85650279547,16160.8528255492,4725.84952807771,1,0,0,0
20131214102313.daq,129,6,451.666666666667,1,0,right,-0.168075561523438,270.168075561523,12,0.0001,24.4501342773438,257.095239677801,0.26366999745369,0.222952425479889,0.0894067138433456,3.13901908945773,16165.7861581702,4722.28403125138,16163.3235777678,4722.27680732015,16160.8609973655,4722.26958338891,1,0,0,0
20131214102313.daq,129,6,451.766666666667,1,0,right,-0.172149658203125,270.172149658203,12,0.0001,24.5292644500732,260.687076592087,0.26366999745369,0.223508521914482,0.060931496322155,3.13095119719415,16165.7942221189,4718.69233528322,16163.3316422364,4718.68493624677,16160.8690623539,4718.67753721033,1,0,0,0
20131214102313.daq,129,6,451.866666666667,1,0,right,-0.175567626953125,270.175567626953,12,0.0001,24.6079254150391,264.290483763783,0.26366999745369,0.223893940448761,0.0894067138433456,3.12199733055934,16165.803222129,4715.08939260918,16163.3406426923,4715.08184666802,16160.8780632556,4715.07430072686,1,0,0,0
20131214102313.daq,129,6,451.966666666667,1,0,right,-0.177932739257813,270.177932739258,12,0.0001,24.6861953735352,267.905398366809,0.26366999745369,0.223678290843964,0.0514398328959942,3.11305061209746,16165.8121571568,4711.47470511122,16163.3495780337,4711.46705751725,16160.8869989105,4711.45940992329,1,0,0,0
20131214102313.daq,129,6,452.066666666667,1,0,right,-0.178787231445313,270.178787231445,12,0.0001,24.7641296386719,271.531767645898,0.26366999745369,0.223693802952766,0.0514398328959942,3.10419761702292,16165.8209989545,4707.84874972029,16163.3584199457,4707.84106540016,16160.8958409369,4707.83338108002,1,0,0,0
20131214102313.daq,129,6,452.166666666667,1,0,right,-0.179214477539063,270.179214477539,12,0.0001,24.8416233062744,275.169536934201,0.26366999745369,0.223416700959206,0.0514398328959942,3.09534362285777,16165.8298143845,4704.21155327512,16163.3672354331,4704.2038505919,16160.9046564817,4704.19614790868,1,0,0,0
20131214102313.daq,129,6,452.266666666667,1,0,right,-0.17840576171875,270.178405761719,12,0.0001,24.9186058044434,278.818635106516,0.26366999745369,0.223395228385925,0.013472955673933,3.08660538064069,16165.8385535371,4700.5626074561,16163.3759744771,4700.55493953158,16160.9133954172,4700.54727160705,1,0,0,0
20131214102313.daq,129,6,452.366666666667,1,0,right,-0.17779541015625,270.177795410156,12,0.0001,24.9950008392334,282.478981782755,0.26366999745369,0.223582789301872,0.060931496322155,3.07785919898571,16165.8473049315,4696.90243608372,16163.38472579,4696.89479439217,16160.9221466485,4696.88715270063,1,0,0,0
20131214102313.daq,129,6,452.466666666667,1,0,right,-0.175262451171875,270.175262451172,12,0.0001,25.0707988739014,286.150488680029,0.26366999745369,0.223512634634972,0.0419481731951237,3.06932581705181,16165.8559376696,4693.23098661138,16163.3933581927,4693.22345378671,16160.9307787158,4693.21592096203,1,0,0,0
20131214102313.daq,129,6,452.566666666667,1,0,right,-0.1727294921875,270.172729492188,12,0.0001,25.1460666656494,289.833073529964,0.26366999745369,0.222446456551552,0.0704231560230255,3.06059120695713,16165.864570405,4689.54879495844,16163.4019905975,4689.54137100066,16160.93941079,4689.53394704288,1,0,0,0
20131214102313.daq,129,6,452.666666666667,1,0,right,-0.169158935546875,270.169158935547,12,0.0001,25.220703125,293.526657094757,0.26366999745369,0.175143584609032,0.0514398328959942,3.05209476290456,16165.8731390981,4685.85534714504,16163.4105588327,4685.84807665025,16160.9479785673,4685.84080615545,1,0,0,0
20131214102313.daq,129,6,452.766666666667,1,0,right,-0.164337158203125,270.164337158203,12,0.0001,25.2905368804932,297.230946131611,0.439449995756149,0.152785301208496,0.060931496322155,3.04365689842122,16165.8816305589,4682.15063789345,16163.4190496904,4682.14357463931,16160.9564688219,4682.13651138518,1,0,0,0
20131214102313.daq,129,6,452.866666666667,1,0,right,-0.14727783203125,270.147277832031,12,0.0001,25.3421936035156,300.944318025679,1.40623998641968,0.150838658213615,0.060931496322155,3.03688807470045,16165.8883900711,4678.43683672632,16163.4258072087,4678.43050668479,16160.9632243464,4678.42417664326,1,0,0,0
20131214102313.daq,129,6,452.966666666667,1,0,right,-0.112655639648438,270.112655639648,12,0.0001,25.3682460784912,304.663377137669,2.19724988937378,0.149780631065369,0.0514398328959942,3.03116895526627,16165.8940651282,4674.71625414213,16163.4314788904,4674.71141216969,16160.9688926525,4674.70657019725,1,0,0,0
20131214102313.daq,129,6,453.066666666667,1,0,right,-0.067047119140625,270.067047119141,12,0.0001,25.3723049163818,308.384606582098,2.28513979911804,0.14866116642952,0.0704231560230255,3.02864530250358,16165.8961314548,4670.99247220897,16163.4335421428,4670.98959050292,16160.9709528309,4670.98670879688,1,0,0,0
20131214102313.daq,129,6,453.166666666667,1,0,right,-0.019439697265625,270.019439697266,12,0.0001,25.3572025299072,312.104980752498,2.19724988937378,0.148355096578598,0.0514398328959942,3.02906232915346,16165.8961202623,4667.26961989449,16163.433529406,4667.26878437008,16160.9709385498,4667.26794884567,1,0,0,0
20131214102313.daq,129,6,453.266666666667,1,0,right,0.0254669189453125,269.974533081055,12,0.0001,25.3283672332764,315.82205626191,1.88963496685028,0.148282751441002,0.0514398328959942,3.03379025222484,16165.8913922036,4663.55025431274,16163.4288014489,4663.55134888906,16160.9662106941,4663.55244346537,1,0,0,0
20131214102313.daq,129,6,453.366666666667,1,0,right,0.0631561279296875,269.93684387207,12,0.0001,25.2915706634521,319.534260663109,1.49412989616394,0.148436561226845,0.0704231560230255,3.0409999997624,16165.8841797786,4659.83643891689,16163.4215902766,4659.83915338699,16160.9590007747,4659.8418678571,1,0,0,0
20131214102313.daq,129,6,453.466666666667,1,0,right,0.0959014892578125,269.904098510742,12,0.0001,25.2500267028809,323.24070168578,1.36229491233826,0.148536711931229,0.0799150466918945,3.05083509565497,16165.8743427574,4656.1290937275,16163.4117552089,4656.13321560237,16160.9491676605,4656.13733747724,1,0,0,0
20131214102313.daq,129,6,453.566666666667,1,0,right,0.1278076171875,269.872192382813,12,0.0001,25.2046375274658,326.940761769303,1.36229491233826,0.158865138888359,0.060931496322155,3.06163719923274,16165.8635806195,4652.42860614884,16163.4009957483,4652.43409935671,16160.9384108771,4652.43959256457,1,0,0,0
20131214102313.daq,129,6,453.666666666667,1,0,right,0.1590576171875,269.840942382813,12,0.0001,25.1567096710205,330.633946161146,1.36229491233826,0.1653753221035,0.0514398328959942,3.07531198208189,16165.8499289482,4648.73497162432,16163.3873474393,4648.74180796299,16160.9247659304,4648.74864430166,1,0,0,0
20131214102313.daq,129,6,453.766666666667,1,0,right,0.190902709960938,269.809097290039,12,0.0001,25.1100311279297,334.32014566748,1.36229491233826,0.168649196624756,0.0799150466918945,3.08989576769119,16165.8352634776,4645.04864786522,16163.3726861488,4645.0568529098,16160.9101088199,4645.06505795438,1,0,0,0
20131214102313.daq,129,6,453.866666666667,1,0,right,0.222381591796875,269.777618408203,12,0.0001,25.0673294067383,337.999771187231,1.36229491233826,0.173943698406219,0.060931496322155,3.1065455826814,16165.8186671144,4641.36819349142,16163.3560946651,4641.37775149963,16160.8935222158,4641.38730950784,1,0,0,0
20131214102313.daq,129,6,453.966666666667,1,0,right,0.2540283203125,269.745971679688,12,0.0001,25.0304298400879,341.673529892701,1.36229491233826,0.191236674785614,0.060931496322155,3.12508385477685,16165.8001068153,4637.69408376377,16163.3375400209,4637.70500194676,16160.8749732266,4637.71592012975,1,0,0,0
20131214102313.daq,129,6,454.066666666667,1,0,right,0.2855224609375,269.714477539063,12,0.0001,25.0025062561035,345.342488918206,1.36229491233826,0.200434640049934,0.0324562788009644,3.14649789242159,16165.7786258511,4634.02486163489,16163.3160654302,4634.03713343113,16160.8535050094,4634.04940522738,1,0,0,0
20131214102313.daq,129,6,454.166666666667,1,0,right,0.316177368164063,269.683822631836,12,0.0001,24.987621307373,349.008272044197,1.36229491233826,0.201750293374062,0.0894067138433456,3.16889480489489,16165.7562198754,4630.35907889189,16163.2936663727,4630.37266822771,16160.8311128701,4630.38625756353,1,0,0,0
20131214102313.daq,129,6,454.266666666667,1,0,right,0.346267700195313,269.653732299805,12,0.0001,24.9859600067139,352.672866370067,1.36229491233826,0.201567709445953,0.0229646172374487,3.1942200058972,16165.7309187842,4626.69428739564,16163.2683727579,4626.70917000197,16160.8058267316,4626.7240526083,1,0,0,0
20131214102313.daq,129,6,454.366666666667,1,0,right,0.375442504882813,269.624557495117,12,0.0001,24.995153427124,356.338041236955,1.36229491233826,0.20159350335598,0.0419481731951237,3.22147393008915,16165.7037209042,4623.0295190144,16163.2411827753,4623.04565553832,16160.7786446465,4623.06179206223,1,0,0,0
20131214102313.daq,129,6,454.466666666667,1,0,right,0.405166625976563,269.594833374023,12,0.0001,25.0126628875732,360.005210173556,1.36229491233826,0.201599836349487,0.060931496322155,3.24959941721852,16165.6755120645,4619.36229688275,16163.2129826384,4619.37971092928,16160.7504532123,4619.3971249758,1,0,0,0
20131214102313.daq,129,6,454.566666666667,1,0,right,0.434661865234375,269.565338134766,12,0.0001,25.0354785919189,363.675366181731,1.36229491233826,0.202699586749077,0.0324562788009644,3.28065372375245,16165.6443873503,4615.69166325734,16163.1818672151,4615.71034498466,16160.7193470798,4615.72902671198,1,0,0,0
20131214102313.daq,129,6,454.666666666667,1,0,right,0.463623046875,269.536376953125,12,0.0001,25.0616989135742,367.349134095479,1.36229491233826,0.201737716794014,0.0419481731951237,3.31274998124244,16165.6123188133,4612.01713718494,16163.1498084356,4612.03706363488,16160.687298058,4612.05699008483,1,0,0,0
20131214102313.daq,129,6,454.766666666667,1,0,right,0.492645263671875,269.507354736328,12,0.0001,25.0903606414795,371.026935840349,1.36229491233826,0.201813504099846,0.0514398328959942,3.34772676513673,16165.5773164519,4608.33870430194,16163.1148164836,4608.35987809263,16160.6523165153,4608.38105188333,1,0,0,0
20131214102313.daq,129,6,454.866666666667,1,0,right,0.52215576171875,269.477844238281,12,0.0001,25.1206741333008,374.709070976718,1.36229491233826,0.201554670929909,0.0419481731951237,3.38368970983493,16165.5413068944,4604.65586607032,16163.0788181584,4604.67830818194,16160.6163294224,4604.70075029357,1,0,0,0
20131214102313.daq,129,6,454.966666666667,1,0,right,0.550979614257813,269.449020385742,12,0.0001,25.1520385742188,378.395735256225,1.31834995746613,0.202073276042938,0.060931496322155,3.42159934594515,16165.5033864366,4600.96865072185,16163.0409093022,4600.99233163757,16160.5784321677,4601.01601255329,1,0,0,0
20131214102313.daq,129,6,455.066666666667,1,0,right,0.577865600585938,269.422134399414,12,0.0001,25.1840667724609,382.087051510276,1.2744048833847,0.201948925852776,0.060931496322155,3.46137489066671,16165.463632726,4597.27708817095,16163.0011669749,4597.30192459892,16160.5387012239,4597.32676102689,1,0,0,0
20131214102313.daq,129,6,455.166666666667,-1,0,right,0.604644775390625,269.395355224609,12,0.0001,25.2165031433105,385.783098533753,1.23045992851257,0.201792076230049,0.060931496322155,3.50395849429821,16165.4209556531,4593.58064614634,16162.9585017791,4593.60663349055,16160.4960479052,4593.63262083475,1,0,0,0
20131214102313.daq,129,6,455.266666666667,-1,0,right,0.630172729492188,269.369827270508,12,0.0001,25.2490825653076,389.483916260258,1.14256989955902,0.201566979289055,0.0419481731951237,3.54653115669477,16165.3783559302,4589.87935199348,16162.9159138793,4589.90643647364,16160.4534718283,4589.9335209538,1,0,0,0
20131214102313.daq,129,6,455.366666666667,-1,0,right,0.644500732421875,269.355499267578,12,0.0001,25.2816429138184,393.189511799985,-0.175779983401299,0.202041208744049,0.0514398328959942,3.59136527600221,16165.3335213964,4586.17393149095,16162.8710861955,4586.20163175517,16160.4086509946,4586.22933201939,1,0,0,0
20131214102313.daq,129,6,455.466666666667,-1,0,right,0.619125366210938,269.380874633789,12,0.0001,25.3140926361084,396.899875688221,-2.68064475059509,0.201983854174614,0.060931496322155,3.63473302279476,16165.2901743032,4582.46457706719,16162.8277270758,4582.49118675634,16160.3652798484,4582.51779644549,1,0,0,0
20131214102313.daq,129,6,455.566666666667,-1,0,right,0.568374633789063,269.431625366211,12,0.0001,25.3463706970215,400.614986664339,-3.12009477615356,0.202067658305168,0.0419481731951237,3.67653974823315,16165.2484011852,4578.7519249992,16162.7859313538,4578.77635352278,16160.3234615224,4578.80078204635,1,0,0,0
20131214102313.daq,129,6,455.666666666667,-1,0,right,0.51629638671875,269.483703613281,12,0.0001,25.3785438537598,404.334822931538,-2.41697478294373,0.20156817138195,-0.0339855849742889,3.71437516361071,16165.2106155608,4575.03491308346,16162.7481245426,4575.0571033676,16160.2856335244,4575.07929365175,1,0,0,0
20131214102313.daq,129,6,455.766666666667,-1,0,right,0.478530883789063,269.521469116211,12,0.0001,25.4106006622314,408.059370689054,-1.58201992511749,0.201982498168945,0.0514398328959942,3.74825718210089,16165.1768243316,4571.31267670612,16162.7143192219,4571.33324387803,16160.2518141123,4571.35381104993,1,0,0,0
20131214102313.daq,129,6,455.866666666667,-1,0,right,0.456893920898438,269.543106079102,12,0.0001,25.4424457550049,411.788605179445,-0.92284494638443,0.202104911208153,0.0419481731951237,3.77814716939098,16165.1469156233,4567.58517036573,16162.6844029224,4567.60480760502,16160.2218902215,4567.6244448443,1,0,0,0
20131214102313.daq,129,6,455.966666666667,-1,0,right,0.443450927734375,269.556549072266,12,0.0001,25.4741153717041,415.522496539925,-0.703119933605194,0.201310232281685,0.0799150466918945,3.80756466091424,16165.1174754281,4563.85258416272,16162.6549581875,4563.87164363568,16160.192440947,4563.89070310863,1,0,0,0
20131214102313.daq,129,6,456.066666666667,-1,0,right,0.432144165039063,269.567855834961,12,0.0001,25.5055923461914,419.261020176236,-0.74706494808197,0.202368065714836,0.0704231560230255,3.83721899203906,16165.0879027631,4560.1155521003,16162.6253818094,4560.13412561915,16160.1628608556,4560.15269913801,1,0,0,0
20131214102313.daq,129,6,456.166666666667,-1,0,right,0.42144775390625,269.578552246094,12,0.0001,25.536750793457,423.004137483553,-0.74706494808197,0.202096775174141,0.0419481731951237,3.86676519876071,16165.0582922202,4556.37313435482,16162.5957678419,4556.39124815124,16160.1332434636,4556.40936194767,1,0,0,0
20131214102313.daq,129,6,456.266666666667,-1,0,right,0.41064453125,269.58935546875,12,0.0001,25.5677051544189,426.751807665718,-0.74706494808197,0.201774880290031,0.0894067138433456,3.89639189798591,16165.0286882478,4552.62681306163,16162.5661604979,4552.64446254431,16160.103632748,4552.662112027,1,0,0,0
20131214102313.daq,129,6,456.366666666667,-1,0,right,0.400009155273438,269.599990844727,12,0.0001,25.5985298156738,430.50400845968,-0.74706494808197,0.201790168881416,0.0704231560230255,3.92608703119471,16164.9990738262,4548.87560502821,16162.5365428425,4548.89279741046,16160.0740118589,4548.90998979272,1,0,0,0
20131214102313.daq,129,6,456.466666666667,-1,0,right,0.389022827148438,269.610977172852,12,0.0001,25.6292057037354,434.260719537295,-0.74706494808197,0.201709493994713,0.0324562788009644,3.95463967554467,16164.9704576635,4545.12001106637,16162.5079234285,4545.1367312639,16160.0453891935,4545.15345146144,1,0,0,0
20131214102313.daq,129,6,456.566666666667,-1,0,right,0.377212524414063,269.622787475586,12,0.0001,25.6597156524658,438.021917283415,-0.74706494808197,0.202184483408928,0.0799150466918945,3.98221286988873,16164.9428690599,4541.35955434358,16162.4803314308,4541.37576694186,16160.0177938016,4541.39197954014,1,0,0,0
20131214102313.daq,129,6,456.666666666667,-1,0,right,0.365631103515625,269.634368896484,12,0.0001,25.6900539398193,441.7875777099,-0.74706494808197,0.201674416661263,0.0799150466918945,4.00786377651656,16164.9172193439,4537.59518598499,16162.4546784879,4537.61090082055,16159.9921376319,4537.6266156561,1,0,0,0
20131214102313.daq,129,6,456.766666666667,-1,0,right,0.353469848632813,269.646530151367,12,0.0001,25.7201709747314,445.557672655741,-0.74706494808197,0.201751485466957,0.0229646172374487,4.03348512913081,16164.8916054876,4533.82594899239,16162.4290613516,4533.8411411436,16159.9665172156,4533.85633329481,1,0,0,0
20131214102313.daq,129,6,456.866666666667,-1,0,right,0.34136962890625,269.658630371094,12,0.0001,25.7500762939453,449.332167968721,-0.74706494808197,0.202033743262291,0.0419481731951237,4.0581407484528,16164.8669643511,4530.05280443166,16162.4044170615,4530.0674765211,16159.941869772,4530.08214861054,1,0,0,0
20131214102313.daq,129,6,456.966666666667,-1,0,right,0.330093383789063,269.669906616211,12,0.0001,25.7798290252686,453.111037888983,-0.74706494808197,0.201694265007973,0.060931496322155,4.08287217771627,16164.8422721218,4526.27475725296,16162.3797219924,4526.28894469409,16159.9171718629,4526.30313213521,1,0,0,0
20131214102313.daq,129,6,457.066666666667,-1,0,right,0.317840576171875,269.682159423828,12,0.0001,25.8094425201416,456.894261319081,-0.74706494808197,0.201394900679588,0.060931496322155,4.10657318317838,16164.8186168776,4522.49282763442,16162.3560637704,4522.50648845436,16159.8935106633,4522.5201492743,1,0,0,0
20131214102313.daq,129,6,457.166666666667,-1,0,right,0.306198120117188,269.693801879883,12,0.0001,25.8388767242432,460.68181571622,-0.74706494808197,0.202292919158936,0.0799150466918945,4.12921851943553,16164.7959003378,4518.706000562,16162.3333445057,4518.71916099286,16159.8707886735,4518.73232142372,1,0,0,0
20131214102313.daq,129,6,457.266666666667,-1,0,right,0.293975830078125,269.706024169922,12,0.0001,25.8681697845459,464.473675064113,-0.74706494808197,0.202109634876251,0.0324562788009644,4.15094723655223,16164.7741962051,4514.91528145682,16162.3116376216,4514.92791657694,16159.8490790381,4514.94055169706,1,0,0,0
20131214102313.daq,129,6,457.366666666667,-1,0,right,0.28240966796875,269.717590332031,12,0.0001,25.8974571228027,468.26982922199,-0.74706494808197,0.20187284052372,0.0324562788009644,4.17270662620463,16164.7524513867,4511.12015205102,16162.2898903027,4511.13229006007,16159.8273292188,4511.14442806911,1,0,0,0
20131214102313.daq,129,6,457.466666666667,-1,0,right,0.270889282226563,269.729110717773,12,0.0001,25.9267463684082,472.070280241325,-0.74706494808197,0.201921418309212,0.0229646172374487,4.19249168302384,16164.7326568026,4507.32111542777,16162.2700933279,4507.33275829271,16159.8075298531,4507.34440115765,1,0,0,0
20131214102313.daq,129,6,457.566666666667,-1,0,right,0.258544921875,269.741455078125,12,0.0001,25.9559459686279,475.875021081862,-0.74706494808197,0.20144210755825,0.0704231560230255,4.21223006069735,16164.7129131685,4503.51721616214,16162.2503472424,4503.52832846818,16159.7877813164,4503.53944077421,1,0,0,0
20131214102313.daq,129,6,457.666666666667,-1,0,right,0.246566772460938,269.753433227539,12,0.0001,25.9850234985352,479.684035634946,-0.74706494808197,0.20160399377346,0.060931496322155,4.23111333501077,16164.6941233647,4499.70940190541,16162.2315551694,4499.71999939174,16159.7689869741,4499.73059687807,1,0,0,0
20131214102313.daq,129,6,457.766666666667,-1,0,right,0.23406982421875,269.765930175781,12,0.0001,26.0139503479004,483.497304434975,-0.74706494808197,0.201749101281166,0.0894067138433456,4.24980120508587,16164.6753656097,4495.89720589564,16162.2127951615,4495.90726626385,16159.7502247133,4495.91732663206,1,0,0,0
20131214102313.daq,129,6,457.866666666667,-1,0,right,0.222518920898438,269.777481079102,12,0.0001,26.0427074432373,487.314803330628,-0.703119933605194,0.201800122857094,0.0514398328959942,4.26664461409765,16164.6585023655,4492.08059249197,16162.1959299391,4492.09015640258,16159.7333575128,4492.0997203132,1,0,0,0
20131214102313.daq,129,6,457.966666666667,-1,0,right,0.210922241210938,269.789077758789,12,0.0001,26.0713119506836,491.136508333762,-0.703119933605194,0.202154025435448,0.0419481731951237,4.28350740563527,16164.6416418973,4488.26007409737,16162.1790675857,4488.26913958254,16159.716493274,4488.27820506771,1,0,0,0
20131214102313.daq,129,6,458.066666666667,-1,0,right,0.200164794921875,269.799835205078,12,0.0001,26.0998287200928,494.962401260942,-0.74706494808197,0.201721489429474,0.0799150466918945,4.29944855252109,16164.6257060049,4484.43514086552,16162.1631300346,4484.44374399517,16159.7005540642,4484.45234712481,1,0,0,0
20131214102313.daq,129,6,458.166666666667,-1,0,right,0.18756103515625,269.812438964844,12,0.0001,26.1283092498779,498.792474209375,-0.74706494808197,0.202259257435799,0.0419481731951237,4.31429550746636,16164.6108608621,4480.60585824262,16162.1482830588,4480.61391966173,16159.6857052556,4480.62198108084,1,0,0,0
20131214102313.daq,129,6,458.266666666667,-1,0,right,0.175537109375,269.824462890625,12,0.0001,26.1566905975342,502.626717411287,-0.74706494808197,0.201687157154083,0.0419481731951237,4.32918050276406,16164.595979779,4476.77265539596,16162.1334003383,4476.78020002547,16159.6708208975,4476.78774465499,1,0,0,0
20131214102313.daq,129,6,458.366666666667,-1,0,right,0.16302490234375,269.836975097656,12,0.0001,26.184965133667,506.465115713825,-0.74706494808197,0.201948270201683,0.0704231560230255,4.34210097494459,16164.5830819655,4472.93555837356,16162.1205009358,4472.94256522675,16159.6579199062,4472.94957207994,1,0,0,0
20131214102313.daq,129,6,458.466666666667,-1,0,right,0.151092529296875,269.848907470703,12,0.0001,26.2131481170654,510.307653311389,-0.74706494808197,0.201637133955956,0.0704231560230255,4.3551054380042,16164.5701482186,4469.09405282834,16162.1075657832,4469.10054682623,16159.6449833477,4469.10704082412,1,0,0,0
20131214102313.daq,129,6,458.566666666667,-1,0,right,0.13946533203125,269.860534667969,12,0.0001,26.2412948608398,514.154321695063,-0.74706494808197,0.202089190483093,0.0799150466918945,4.3670128210146,16164.558172098,4465.24814544884,16162.0955883954,4465.25413970767,16159.6330046928,4465.2601339665,1,0,0,0
20131214102313.daq,129,6,458.666666666667,-1,0,right,0.126708984375,269.873291015625,12,0.0001,26.2693576812744,518.005112775554,-0.74706494808197,0.201929211616516,0.0894067138433456,4.37793868932803,16164.5472423162,4461.39884785114,16162.0846573401,4461.40429383953,16159.622072364,4461.40973982792,1,0,0,0
20131214102313.daq,129,6,458.766666666667,-1,0,right,0.114501953125,269.885498046875,12,0.0001,26.2973670959473,521.86001485019,-0.74706494808197,0.184829965233803,0.0894067138433456,4.38894881974965,16164.5362784948,4457.54465417958,16162.0736924143,4457.54957550701,16159.6111063338,4457.55449683444,1,0,0,0
20131214102313.daq,129,6,458.866666666667,-1,0,right,0.10186767578125,269.898132324219,12,0.0001,26.3246631622314,525.719002788534,-0.74706494808197,0.133012339472771,0.0324562788009644,4.39788833570941,16164.5272941539,4453.68705315671,16162.064707048,4453.69143145981,16159.6021199422,4453.69580976292,1,0,0,0
20131214102313.daq,129,6,458.966666666667,1,0,right,0.09039306640625,269.909606933594,12,0.0001,26.3424606323242,529.581467445631,-0.703119933605194,0.116510219871998,0.0419481731951237,4.40696657033921,16164.5182380418,4449.82551765856,16162.0556501085,4449.82940277996,16159.5930621752,4449.83328790136,1,0,0,0
20131214102313.daq,129,6,459.066666666667,1,0,right,0.081024169921875,269.918975830078,12,0.0001,26.3371849060059,533.445002151053,-0.615229964256287,0.112432181835175,0.0704231560230255,4.41519349642795,16164.5100282473,4445.9624658724,16162.0474397116,4445.96594831608,16159.5848511759,4445.96943075975,1,0,0,0
20131214102313.daq,129,6,459.166666666667,1,0,right,0.0784454345703125,269.92155456543,12,0.0001,26.3042583465576,537.305619045128,0.0439449995756149,0.109889000654221,0.127373591065407,4.42280642259297,16164.5023751809,4442.10168920389,16162.039786491,4442.1050608128,16159.5771978011,4442.10843242171,1,0,0,0
20131214102313.daq,129,6,459.266666666667,1,0,right,0.0888671875,269.9111328125,12,0.0001,26.2594299316406,541.160388427335,0.615229964256287,0.110470913350582,0.0988983735442162,4.43032925043919,16164.4948948877,4438.24596518031,16162.0323068518,4438.24978471903,16159.5697188159,4438.25360425775,1,0,0,0
20131214102313.daq,129,6,459.366666666667,1,0,right,0.106536865234375,269.893463134766,12,0.0001,26.2085552215576,545.008101519095,0.659174978733063,0.13239786028862,0.0894067138433456,4.43922553327426,16164.4859898014,4434.39738811045,16162.0234030605,4434.40196709648,16159.5608163196,4434.40654608251,1,0,0,0
20131214102313.daq,129,6,459.466666666667,1,0,right,0.126708984375,269.873291015625,12,0.0001,26.1549034118652,548.848114393801,0.659174978733063,0.155757293105125,0.117881931364536,4.44922629375416,16164.4759532537,4430.55753925739,16162.0133682776,4430.56298524578,16159.5507833015,4430.56843123417,1,0,0,0
20131214102313.daq,129,6,459.566666666667,1,0,right,0.144638061523438,269.855361938477,12,0.0001,26.1004791259766,552.68018770621,0.615229964256287,0.170482337474823,0.117881931364536,4.46106945666162,16164.4641021497,4426.72555813496,16162.0015189983,4426.73177471868,16159.5389358469,4426.7379913024,1,0,0,0
20131214102313.daq,129,6,459.666666666667,1,0,right,0.16058349609375,269.839416503906,12,0.0001,26.0459899902344,556.504269540292,0.527339994907379,0.17776046693325,0.108390033245087,4.47476017012144,16164.4504204941,4422.90192656192,16161.9878391681,4422.9088284831,16159.5252578422,4422.91573040428,1,0,0,0
20131214102313.daq,129,6,459.766666666667,1,0,right,0.175155639648438,269.824844360352,12,0.0001,25.9931583404541,560.320418525956,0.439449995756149,0.177915498614311,0.060931496322155,4.48939143255731,16164.4358471294,4419.08662954579,16161.9732676385,4419.09415777969,16159.5106881476,4419.10168601359,1,0,0,0
20131214102313.daq,129,6,459.866666666667,1,0,right,0.188262939453125,269.811737060547,12,0.0001,25.9481639862061,564.129357944166,0.395504981279373,0.177642107009888,0.0514398328959942,4.50478330397934,16164.420387746,4415.27771612896,16161.9578100417,4415.28580771597,16159.4952323375,4415.29389930299,1,0,0,0
20131214102313.daq,129,6,459.966666666667,1,0,right,0.199249267578125,269.800750732422,12,0.0001,25.9115238189697,567.932301072738,0.351559996604919,0.177881464362144,0.0419481731951237,4.5210945510618,16164.4040829679,4411.47569051977,16161.9415068604,4411.4842543,16159.4789307529,4411.49281808023,1,0,0,0
20131214102313.daq,129,6,460.066666666667,1,0,right,0.209671020507813,269.790328979492,12,0.0001,25.8845920562744,571.730582202566,0.351559996604919,0.177308365702629,0.0799150466918945,4.53735291420734,16164.3878130753,4407.67807332409,16161.9252385663,4407.68708503175,16159.4626640572,4407.69609673941,1,0,0,0
20131214102313.daq,129,6,460.166666666667,1,0,right,0.220138549804688,269.779861450195,12,0.0001,25.8651332855225,575.525501635504,0.351559996604919,0.17602664232254,0.0704231560230255,4.55366027658726,16164.3715403037,4403.88387309995,16161.9089674821,4403.89333470221,16159.4463946605,4403.90279630448,1,0,0,0
20131214102313.daq,129,6,460.266666666667,1,0,right,0.23028564453125,269.769714355469,12,0.0001,25.8502254486084,579.317929425441,0.351559996604919,0.176011815667152,0.0894067138433456,4.57180807202105,16164.3533341923,4400.09212219844,16161.890763085,4400.10201992272,16159.4281919777,4400.11191764701,1,0,0,0
20131214102313.daq,129,6,460.366666666667,1,0,right,0.241180419921875,269.758819580078,12,0.0001,25.8379955291748,583.108383753559,0.395504981279373,0.176725819706917,0.0894067138433456,4.59009805788874,16164.3350817596,4396.30181806485,16161.8725125789,4396.31218404611,16159.4099433981,4396.32255002738,1,0,0,0
20131214102313.daq,129,6,460.466666666667,1,0,right,0.252792358398438,269.747207641602,12,0.0001,25.8274097442627,586.897173085454,0.57128494977951,0.177229300141335,0.0988983735442162,4.60937449047485,16164.3158083217,4392.51344974876,16161.8532412924,4392.52431481023,16159.3906742631,4392.5351798717,1,0,0,0
20131214102313.daq,129,6,460.566666666667,1,0,right,0.272781372070313,269.72721862793,12,0.0001,25.8179168701172,590.684495130976,1.23045992851257,0.177207633852959,0.0704231560230255,4.63008870565892,16164.295039667,4388.72585462306,16161.832476578,4388.73757880972,16159.3699134891,4388.74930299637,1,0,0,0
20131214102313.daq,129,6,460.666666666667,1,0,right,0.305740356445313,269.694259643555,12,0.0001,25.8091354370117,594.470481416949,1.84568989276886,0.176883831620216,0.0324562788009644,4.65263126214954,16164.2724911837,4384.9394101022,16161.8099352465,4384.95255085851,16159.3473793092,4384.96569161482,1,0,0,0
20131214102313.daq,129,6,460.766666666667,1,0,right,0.345199584960938,269.654800415039,12,0.0001,25.8007373809814,598.255210365245,1.84568989276886,0.176613450050354,0.0419481731951237,4.67658592785128,16164.2485630675,4381.15378591229,16161.7860167643,4381.16862261151,16159.323470461,4381.18345931074,1,0,0,0
20131214102313.daq,129,6,460.866666666667,1,0,right,0.384063720703125,269.615936279297,12,0.0001,25.7926006317139,602.038727620948,1.66990995407104,0.176326707005501,0.060931496322155,4.70436924762353,16164.2207649128,4377.36964263242,16161.7582292399,4377.38614969082,16159.2956935669,4377.40265674922,1,0,0,0
20131214102313.daq,129,6,460.966666666667,1,0,right,0.417083740234375,269.582916259766,12,0.0001,25.7845420837402,605.821060599075,1.31834995746613,0.176098987460136,0.108390033245087,4.73467161232857,16164.1903985973,4373.58661857226,16161.7278728464,4373.604544807,16159.2653470956,4373.62247104174,1,0,0,0
20131214102313.daq,129,6,461.066666666667,1,0,right,0.445831298828125,269.554168701172,12,0.0001,25.7764072418213,609.602206012616,1.31834995746613,0.176615178585052,0.0704231560230255,4.76766689861617,16164.1573669527,4369.80467522309,16161.6948505061,4369.82383700208,16159.2323340595,4369.84299878107,1,0,0,0
20131214102313.daq,129,6,461.166666666667,1,0,right,0.478851318359375,269.521148681641,12,0.0001,25.7682819366455,613.382157870368,1.80174493789673,0.176027074456215,0.108390033245087,4.80191964995955,16164.1230935286,4366.02409477533,16161.6605885341,4366.04467571914,16159.1980835395,4366.06525666294,1,0,0,0
20131214102313.daq,129,6,461.266666666667,1,0,right,0.524078369140625,269.475921630859,12,0.0001,25.760232925415,617.16092384201,2.46091985702515,0.176155671477318,0.0894067138433456,4.83888098024131,16164.0861095408,4362.24468707801,16161.6236215593,4362.26721182047,16159.1611335777,4362.28973656294,1,0,0,0
20131214102313.daq,129,6,461.366666666667,1,0,right,0.575927734375,269.424072265625,12,0.0001,25.7522888183594,620.938515840022,2.50486493110657,0.175679206848145,0.0799150466918945,4.87917966828921,16164.0457841945,4358.46561116695,16161.5833176048,4358.49036430902,16159.1208510151,4358.5151174511,1,0,0,0
20131214102313.daq,129,6,461.466666666667,1,0,right,0.627655029296875,269.372344970703,12,0.0001,25.7444458007813,624.714951068727,2.41697478294373,0.176189303398132,0.0988983735442162,4.92239845705335,16164.0025356118,4354.68800592864,16161.5400923731,4354.71498220375,16159.0776491343,4354.74195847886,1,0,0,0
20131214102313.daq,129,6,461.566666666667,-1,0,right,0.673019409179688,269.32698059082,12,0.0001,25.736536026001,628.490233118184,1.88963496685028,0.175317108631134,0.0799150466918945,4.9691363955379,16163.9557746595,4350.91153192929,16161.4933535513,4350.94045785436,16159.0309324431,4350.96938377944,1,0,0,0
20131214102313.daq,129,6,461.666666666667,-1,0,right,0.706298828125,269.293701171875,12,0.0001,25.7285137176514,632.264347068653,1.14256989955902,0.176012054085732,0.0704231560230255,5.019034144429,16163.9058569919,4347.13681279976,16161.4434531002,4347.1671689813,16158.9810492086,4347.19752516285,1,0,0,0
20131214102313.daq,129,6,461.766666666667,-1,0,right,0.730300903320313,269.26969909668,12,0.0001,25.7204151153564,636.037276951352,0.878899991512299,0.175044015049934,0.0988983735442162,5.07028680296905,16163.854561884,4343.36378042158,16161.3921709251,4343.39516813895,16158.9297799661,4343.42655585632,1,0,0,0
20131214102313.daq,129,6,461.866666666667,-1,0,right,0.750106811523438,269.249893188477,12,0.0001,25.712366104126,639.809022812911,0.878899991512299,0.175792276859283,0.0894067138433456,5.12324131905416,16163.801574034,4339.59182497832,16161.3391940722,4339.62406388894,16158.8768141104,4339.65630279957,1,0,0,0
20131214102313.daq,129,6,461.966666666667,-1,0,right,0.7703857421875,269.229614257813,12,0.0001,25.7042789459229,643.579585958803,0.834954977035522,0.175634667277336,0.0894067138433456,5.17720842114961,16163.7475800759,4335.82132356892,16161.2852116788,4335.85443399776,16158.8228432818,4335.88754442661,1,0,0,0
20131214102313.daq,129,6,462.066666666667,-1,0,right,0.789306640625,269.210693359375,12,0.0001,25.6961688995361,647.348961213745,0.834954977035522,0.176009714603424,0.0704231560230255,5.23207514673903,16163.6926937529,4332.05231967557,16161.2303364242,4332.08624325537,16158.7679790955,4332.12016683517,1,0,0,0
20131214102313.daq,129,6,462.166666666667,-1,0,right,0.807937622070313,269.19206237793,12,0.0001,25.6879978179932,651.117142703089,0.834954977035522,0.176578298211098,0.0799150466918945,5.2869283909038,16163.637825295,4328.28429960701,16161.1754791275,4328.31902387458,16158.71313296,4328.35374814216,1,0,0,0
20131214102313.daq,129,6,462.266666666667,-1,0,right,0.826126098632813,269.173873901367,12,0.0001,25.6798152923584,654.884123666325,0.703119993209839,0.176004782319069,0.0894067138433456,5.34371525878657,16163.5810310658,4324.51775524192,16161.1186960455,4324.55326117657,16158.6563610253,4324.58876711123,1,0,0,0
20131214102313.daq,129,6,462.366666666667,-1,0,right,0.839950561523438,269.160049438477,12,0.0001,25.6717128753662,658.649910211228,0.439449995756149,0.176006719470024,0.0894067138433456,5.40118659590806,16163.5235313468,4320.75229111051,16161.0612049651,4320.78839116221,16158.5988785835,4320.82449121392,1,0,0,0
20131214102313.daq,129,6,462.466666666667,-1,0,right,0.851425170898438,269.148574829102,12,0.0001,25.6636066436768,662.414509611164,0.395504981279373,0.176964834332466,0.0894067138433456,5.46045577807101,16163.4642244698,4316.98834763321,16161.0019053673,4317.02494081358,16158.5395862647,4317.06153399396,1,0,0,0
20131214102313.daq,129,6,462.566666666667,-1,0,right,0.861572265625,269.138427734375,12,0.0001,25.6554489135742,666.177915455311,0.351559996604919,0.176582738757133,0.0799150466918945,5.51964667398485,16163.4050000502,4313.22541225947,16160.9426874669,4313.26244151651,16158.4803748837,4313.29947077355,1,0,0,0
20131214102313.daq,129,6,462.666666666667,-1,0,right,0.871719360351563,269.128280639648,12,0.0001,25.647388458252,669.940130401246,0.351559996604919,0.176158770918846,0.0704231560230255,5.57981862659513,16163.3447990256,4309.46394184119,16160.8824930389,4309.50140717372,16158.4201870521,4309.53887250626,1,0,0,0
20131214102313.daq,129,6,462.766666666667,-1,0,right,0.881332397460938,269.118667602539,12,0.0001,25.6394214630127,673.701171420176,0.351559996604919,0.176200285553932,0.0799150466918945,5.63996819301463,16163.2846311572,4305.70346071736,16160.822331491,4305.74133917297,16158.3600318248,4305.77921762858,1,0,0,0
20131214102313.daq,129,6,462.866666666667,-1,0,right,0.889480590820313,269.11051940918,12,0.0001,25.6314296722412,677.461043454256,0.17577999830246,0.17650417983532,0.0419481731951237,5.70101993781033,16163.2235777526,4301.94447913942,16160.7612834981,4301.98270776518,16158.2989892436,4302.02093639094,0,1,0,1
20131214102313.daq,129,6,462.966666666667,-1,0,right,0.896087646484375,269.103912353516,12,0.0001,25.6233386993408,681.219735803246,0.131834998726845,0.176427617669106,0.0229646172374487,5.76199741457708,16163.1626201321,4298.18651058897,16160.7003303024,4298.22502315363,16158.2380404726,4298.26353571829,0,1,0,1
20131214102313.daq,129,6,463.066666666667,-1,0,right,0.901412963867188,269.098587036133,12,0.0001,25.6152420043945,684.977239585234,0.131834998726845,0.176273688673973,0.0704231560230255,5.8238645956418,16163.1007656188,4294.43003718981,16160.6384793792,4294.46877861016,16158.1761931396,4294.50752003051,0,1,0,1
20131214102313.daq,129,6,463.166666666667,-1,0,right,0.900039672851563,269.099960327148,12,0.0001,25.6072254180908,688.73356121104,-0.74706494808197,0.176035583019257,0.0704231560230255,5.88526185893679,16163.0393275602,4290.67469851965,16160.5770403927,4290.71338092281,16158.1147532252,4290.75206332597,0,1,0,1
20131214102313.daq,129,6,463.266666666667,-1,0,right,0.84576416015625,269.154235839844,12,0.0001,25.599178314209,692.488707720924,-5.05367469787598,0.176329806447029,0.0894067138433456,5.94346809746675,16162.981177861,4286.92207536064,16160.518855155,4286.95842525565,16158.056532449,4286.99477515065,0,1,0,1
20131214102313.daq,129,6,463.366666666667,-1,0,right,0.723846435546875,269.276153564453,12,0.0001,25.5908393859863,696.242654800375,-7.91009950637817,0.17616693675518,0.108390033245087,5.9965875554974,16162.9282048883,4283.17350434048,16160.4658104091,4283.20461466509,16158.0034159299,4283.23572498969,0,1,0,1
20131214102313.daq,129,6,463.466666666667,-1,0,right,0.565750122070313,269.43424987793,12,0.0001,25.582368850708,699.995364543927,-8.17376899719238,0.175354048609734,0.060931496322155,6.04065485511358,16162.8843061775,4279.42776916345,16160.4218352297,4279.4520848902,16157.9593642819,4279.47640061694,0,1,0,1
20131214102313.daq,129,6,463.566666666667,-1,0,right,0.405563354492188,269.594436645508,12,0.0001,25.5738849639893,703.746833268269,-7.86615467071533,0.17829966545105,0.0514398328959942,6.07189154977707,16162.8532218564,4275.68406464679,16160.3906925509,4275.70149574441,16157.9281632455,4275.71892684203,0,1,0,1
20131214102313.daq,129,6,463.666666666667,-1,0,right,0.256546020507813,269.743453979492,12,0.0001,25.5653991699219,707.497051928312,-7.51459455490112,0.176044344902039,0.00398129364475608,6.09006091831061,16162.835107217,4271.94109287353,16160.3725409048,4271.95211926701,16157.9099745926,4271.96314566049,0,1,0,1
20131214102313.daq,129,6,463.766666666667,-1,0,right,0.113494873046875,269.886505126953,12,0.0001,25.5573558807373,711.246058173081,-7.3388147354126,0.176242709159851,0.0419481731951237,6.09684356112825,16162.8283329611,4268.19897568933,16160.3657467944,4268.20385373222,16157.9031606278,4268.20873177511,0,1,0,1
20131214102313.daq,129,6,463.866666666667,-1,0,right,-0.027587890625,270.027587890625,12,0.0001,25.549373626709,714.993894663708,-7.29486989974976,0.176605030894279,0.0704231560230255,6.09496876754153,16162.8302174243,4264.45780870203,16160.3676267118,4264.45662296568,16157.9050359992,4264.45543722933,0,1,1,1
20131214102313.daq,129,6,463.966666666667,-1,0,right,-0.167266845703125,270.167266845703,12,0.0001,25.5413265228271,718.740554779553,-7.29486989974976,0.176351726055145,0.060931496322155,6.08441054332186,16162.8407957564,4260.71760497331,16160.3782152522,4260.7104158008,16157.9156347481,4260.70322662828,0,1,1,1
20131214102313.daq,129,6,464.066666666667,-1,0,right,-0.305099487304688,270.305099487305,12,0.0001,25.5331954956055,722.486029941778,-7.29486989974976,0.176622822880745,0.0514398328959942,6.06607440600032,16162.859064312,4256.97884110561,16160.3965082279,4256.96572789367,16157.9339521439,4256.95261468173,0,1,1,1
20131214102313.daq,129,6,464.166666666667,-1,0,right,-0.442535400390625,270.442535400391,12,0.0001,25.5249996185303,726.230314182474,-7.29486989974976,0.176590800285339,0.0988983735442162,6.03894594389593,16162.8860892309,4253.24155258414,16160.4235716861,4253.22253245967,16157.9610541413,4253.2035123352,0,1,1,1
20131214102313.daq,129,6,464.266666666667,-1,0,right,-0.57867431640625,270.578674316406,12,0.0001,25.5168323516846,729.973389761148,-7.11908960342407,0.176358342170715,0.0799150466918945,6.00412913845161,16162.9208385702,4249.5052282381,16160.4583731699,4249.48035705304,16157.9959077696,4249.45548586798,0,1,1,1
20131214102313.daq,129,6,464.366666666667,-1,0,right,-0.709152221679688,270.70915222168,12,0.0001,25.5087566375732,733.715273579062,-6.5478048324585,0.176541283726692,0.0419481731951237,5.95885355533668,16162.9659738935,4245.76975685209,16160.5035715167,4245.73927804013,16158.0411691398,4245.70879922816,0,1,1,1
20131214102313.daq,129,6,464.466666666667,-1,0,right,-0.822677612304688,270.822677612305,12,0.0001,25.5007476806641,737.455978294685,-5.40523481369019,0.176169231534004,0.0419481731951237,5.90680618234706,16163.017872809,4242.03533665704,16160.5555356562,4241.9999789241,16158.0931985034,4241.96462119115,0,1,1,1
20131214102313.daq,129,6,464.566666666667,-1,0,right,-0.914627075195313,270.914627075195,12,0.0001,25.4928188323975,741.195514142022,-4.39449977874756,0.176791906356812,0.060931496322155,5.84737844750708,16163.0772305762,4238.30135494512,16160.614953337,4238.26204564934,16158.1526760978,4238.22273635356,0,1,1,1
20131214102313.daq,129,6,464.666666666667,-1,0,right,-0.990280151367188,270.990280151367,12,0.0001,25.4849872589111,744.933893453173,-3.73532485961914,0.176190391182899,0.060931496322155,5.78300278611144,16163.1414440911,4234.56745244829,16160.6792209021,4234.52489200851,16158.2169977131,4234.48233156873,0,1,1,1
20131214102313.daq,129,6,464.766666666667,-1,0,right,-1.04850769042969,271.04850769043,12,0.0001,25.4772281646729,748.671130611696,-2.68064475059509,0.1758002191782,0.0324562788009644,5.71494863117633,16163.2094691829,4230.83457273107,16160.7472905179,4230.78951004916,16158.285111853,4230.74444736726,0,1,1,1
20131214102313.daq,129,6,464.866666666667,-1,0,right,-1.08279418945313,271.082794189453,12,0.0001,25.4694747924805,752.407230956062,-1.2744048833847,0.175919339060783,0.174832135438919,5.64535092769956,16163.2789545883,4227.10156818718,16160.8168033302,4227.05503211544,16158.3546520722,4227.0084960437,0,0,1,0
20131214102313.daq,129,6,464.966666666667,-1,0,right,-1.08963012695313,271.089630126953,12,0.0001,25.461597442627,756.142186886529,0.17577999830246,0.175916656851768,0.0988983735442162,5.57561270220243,16163.3487096712,4223.36834578544,16160.8865639829,4223.32151595571,16158.4244182945,4223.27468612598,0,0,1,0
20131214102313.daq,129,6,465.066666666667,-1,0,right,-1.07196044921875,271.071960449219,12,0.0001,25.4535903930664,759.875976699539,1.23045992851257,0.176329478621483,0.0988983735442162,5.50641491090437,16163.4179387121,4219.63546899187,16160.9557786989,4219.58939847544,16158.4936186856,4219.54332795902,0,0,1,0
20131214102313.daq,129,6,465.166666666667,1,0,right,-1.04153442382813,271.041534423828,12,0.0001,25.4455833435059,763.608590324271,1.36229491233826,0.17598794400692,0.0988983735442162,5.43993614979383,16163.4844321132,4215.90324112256,16161.022247982,4215.85847810404,16158.5600638509,4215.81371508552,0,0,1,0
20131214102313.daq,129,6,465.266666666667,1,0,right,-1.01268005371094,271.012680053711,12,0.0001,25.4376907348633,767.340037645045,1.05467998981476,0.176393404603004,0.0704231560230255,5.37635451277182,16163.5480918298,4212.17154287299,16161.0858854681,4212.12801982528,16158.6236791064,4212.08449677758,0,0,1,0
20131214102313.daq,129,6,465.366666666667,1,0,right,-0.988937377929688,270.98893737793,12,0.0001,25.4299144744873,771.070335796252,0.878899991512299,0.176559999585152,0.0704231560230255,5.3153592231457,16163.6091351383,4208.4414414462,16161.1469109525,4208.39893871064,16158.6846867668,4208.35643597509,0,0,1,0
20131214102313.daq,129,6,465.466666666667,1,0,right,-0.968048095703125,270.968048095703,12,0.0001,25.4222183227539,774.799500000681,0.878899991512299,0.175593718886375,0.0988983735442162,5.2551048158869,16163.6693767407,4204.71239029948,16161.2071372226,4204.67078526105,16158.7448977046,4204.62918022262,0,0,1,0
20131214102313.daq,129,6,465.566666666667,1,0,right,-0.9478759765625,270.947875976563,12,0.0001,25.4145660400391,778.527539606497,0.878899991512299,0.176158651709557,0.0704231560230255,5.19680938332597,16163.7277090403,4200.98482282542,16161.265455027,4200.94408466997,16158.8032010137,4200.90334651451,0,0,1,0
20131214102313.daq,129,6,465.666666666667,1,0,right,-0.9271240234375,270.927124023438,12,0.0001,25.4069042205811,782.254455686048,0.878899991512299,0.176538586616516,0.060931496322155,5.13957104420491,16163.7850290019,4197.25772923551,16161.3227603951,4197.21788288625,16158.8604917883,4197.178036537,0,0,1,0
20131214102313.daq,129,6,465.766666666667,1,0,right,-0.90740966796875,270.907409667969,12,0.0001,25.399263381958,785.980249078566,0.878899991512299,0.175833240151405,0.0704231560230255,5.08316724246594,16163.8414359123,4193.53212747119,16161.3791537409,4193.49312834268,16158.9168715695,4193.45412921417,0,0,1,0
20131214102313.daq,129,6,465.866666666667,1,0,right,-0.887008666992188,270.887008666992,12,0.0001,25.391731262207,789.70492934201,0.878899991512299,0.17618602514267,0.0704231560230255,5.02777385947927,16163.896823924,4189.80797343116,16161.4345280225,4189.76985103671,16158.972232121,4189.73172864227,0,0,1,0
20131214102313.daq,129,6,465.966666666667,1,0,right,-0.862823486328125,270.862823486328,12,0.0001,25.3842296600342,793.428508435485,1.23045992851257,0.175869002938271,0.0704231560230255,4.97459865410934,16163.9500262233,4186.08421156776,16161.4877144493,4186.04712853894,16159.0254026753,4186.01004551013,0,0,1,0
20131214102313.daq,129,6,466.066666666667,1,0,right,-0.836563110351563,270.836563110352,12,0.0001,25.3766689300537,797.150983911222,1.23045992851257,0.176134392619133,0.0704231560230255,4.92255113564458,16164.0021242284,4182.36186228827,16161.5397957168,4182.32590781472,16159.0774672051,4182.28995334117,0,0,1,0
20131214102313.daq,129,6,466.166666666667,1,0,right,-0.806732177734375,270.806732177734,12,0.0001,25.3690528869629,800.872345185529,1.45018494129181,0.176143601536751,0.0799150466918945,4.87269646594447,16164.0520494301,4178.63991114426,16161.5897025326,4178.60523868192,16159.127355635,4178.57056621959,0,0,1,0
20131214102313.daq,129,6,466.266666666667,1,0,right,-0.772964477539063,270.772964477539,12,0.0001,25.3613777160645,804.592586430383,1.7577999830246,0.176021233201027,0.060931496322155,4.82504159072363,16164.0997791814,4174.91932573339,16161.6374122771,4174.88610447973,16159.1750453727,4174.85288322607,0,0,1,0
20131214102313.daq,129,6,466.366666666667,1,0,right,-0.7362060546875,270.736206054688,12,0.0001,25.3536262512207,808.311695919805,1.7577999830246,0.17631770670414,0.0514398328959942,4.77945804092261,16164.1453714608,4171.19964220925,16161.6829837499,4171.16800070736,16159.220596039,4171.13635920547,0,0,1,0
20131214102313.daq,129,6,466.466666666667,1,0,right,-0.697769165039063,270.697769165039,12,0.0001,25.3458156585693,812.029663979276,1.7577999830246,0.175919651985168,0.060931496322155,4.73691915373093,16164.1879302489,4167.48089417138,16161.7255218654,4167.45090456997,16159.2631134819,4167.42091496856,0,0,1,0
20131214102313.daq,129,6,466.566666666667,1,0,right,-0.660629272460938,270.660629272461,12,0.0001,25.3380031585693,815.746485013889,1.7577999830246,0.176918134093285,0.0988983735442162,4.69723505904117,16164.227638468,4163.76315708864,16161.7652111621,4163.73476365955,16159.3027838563,4163.70637023046,0,0,1,0
20131214102313.daq,129,6,466.666666666667,1,0,right,-0.6234130859375,270.623413085938,12,0.0001,25.3303260803223,819.462168115366,1.7577999830246,0.176318421959877,0.0704231560230255,4.65951413837527,16164.2653882593,4160.0468844035,16161.8029430301,4160.02009043761,16159.3404978009,4159.99329647172,0,0,1,0
20131214102313.daq,129,6,466.766666666667,1,0,right,-0.58660888671875,270.586608886719,12,0.0001,25.3227767944336,823.176737248537,1.7577999830246,0.175631269812584,0.0514398328959942,4.62372241757996,16164.3012096678,4156.33160015658,16161.8387477354,4156.30638795877,16159.376285803,4156.28117576096,0,0,1,0
20131214102313.daq,129,6,466.866666666667,1,0,right,-0.549209594726563,270.549209594727,12,0.0001,25.3152713775635,826.890202204475,1.7577999830246,0.176760032773018,0.117881931364536,4.59089837098263,16164.3340641625,4152.61727894491,16161.8715862977,4152.59367410168,16159.4091084328,4152.57006925846,0,0,1,0
20131214102313.daq,129,6,466.966666666667,1,0,right,-0.511810302734375,270.511810302734,12,0.0001,25.307804107666,830.602568461531,1.7577999830246,0.17545773088932,0.0799150466918945,4.56100427492984,16164.3639883552,4148.90393579838,16161.9014956071,4148.8819383198,16159.439002859,4148.85994084123,0,0,1,0
20131214102313.daq,129,6,467.066666666667,1,0,right,-0.4749755859375,270.474975585938,12,0.0001,25.3003578186035,834.313843129879,1.7577999830246,0.176232919096947,0.0799150466918945,4.53302948006247,16164.3919935793,4145.19207316704,16161.9294871982,4145.17165879769,16159.4669808171,4145.15124442834,0,0,1,0
20131214102313.daq,129,6,467.166666666667,1,0,right,-0.437652587890625,270.437652587891,12,0.0001,25.2928638458252,838.024020801127,1.7577999830246,0.17728853225708,0.0704231560230255,4.50703869438753,16164.4180150049,4141.48068804092,16161.9554958482,4141.4618777751,16159.4929766914,4141.44306750929,0,0,1,0
20131214102313.daq,129,6,467.266666666667,1,0,right,-0.399017333984375,270.399017333984,12,0.0001,25.2852935791016,841.733097442277,2.02146983146667,0.14256626367569,0.0704231560230255,4.48406386190285,16164.4410252737,4137.7707364302,16161.9784939928,4137.75358667571,16159.5159627119,4137.73643692122,0,0,1,0
20131214102313.daq,129,6,467.366666666667,1,0,right,-0.354278564453125,270.354278564453,12,0.0001,25.2742862701416,845.440903947416,2.37302994728088,0.134599149227142,0.0988983735442162,4.46440567792492,16164.4607289972,4134.06161058593,16161.9981850759,4134.04638367652,16159.5356411545,4134.03115676711,0,0,1,0
20131214102313.daq,129,6,467.466666666667,1,0,right,-0.30517578125,270.30517578125,12,0.0001,25.250825881958,849.146268021381,2.32908487319946,0.141809150576591,0.0704231560230255,4.44699171697513,16164.4782096413,4130.35481956884,16162.0156535747,4130.34170307781,16159.5530975081,4130.32858658677,0,0,1,0
20131214102313.daq,129,6,467.566666666667,1,0,right,-0.257827758789063,270.257827758789,12,0.0001,25.2142772674561,852.847167550019,2.0654149055481,0.148615121841431,0.0988983735442162,4.43230593202026,16164.4928677853,4126.65198102235,16162.0303017204,4126.6408995399,16159.5677356554,4126.62981805745,0,0,1,0
20131214102313.daq,129,6,467.666666666667,1,0,right,-0.22186279296875,270.221862792969,12,0.0001,25.1702766418457,856.542111934861,1.01073491573334,0.150681674480438,0.117881931364536,4.42082472262148,16164.504321029,4122.9552867634,16162.0417484933,4122.94575105316,16159.5791759576,4122.93621534292,0,0,1,0
20131214102313.daq,129,6,467.766666666667,-1,0,right,-0.212905883789063,270.212905883789,12,0.0001,25.1215038299561,860.23022778839,-0.57128494977951,0.152128756046295,0.0799150466918945,4.41068506668747,16164.5145105894,4119.26707618226,16162.0519365931,4119.25792544008,16159.5893625968,4119.2487746979,0,0,1,0
20131214102313.daq,129,6,467.866666666667,-1,0,right,-0.236297607421875,270.236297607422,12,0.0001,25.0704593658447,863.910991730831,-2.0654149055481,0.153066113591194,0.127373591065407,4.40040885873354,16164.5247428111,4115.58699285646,16162.0621727559,4115.57683673822,16159.5996027007,4115.56668061998,0,0,1,0
20131214102313.daq,129,6,467.966666666667,-1,0,right,-0.276824951171875,270.276824951172,12,0.0001,25.0193119049072,867.584242698944,-2.37302994728088,0.153262868523598,0.0704231560230255,4.38721653732061,16164.537984783,4111.91612540667,16162.0754225277,4111.90422742769,16159.6128602723,4111.8923294487,0,0,1,0
20131214102313.daq,129,6,468.066666666667,-1,0,right,-0.321380615234375,270.321380615234,12,0.0001,24.9690361022949,871.250050559065,-2.2411949634552,0.155741542577744,0.0894067138433456,4.3697369157009,16164.5553806543,4108.25317264519,16162.0928283959,4108.2393596756,16159.6302761375,4108.22554670601,0,0,1,0
20131214102313.daq,129,6,468.166666666667,-1,0,right,-0.361312866210938,270.361312866211,12,0.0001,24.9199504852295,874.908567795588,-2.10935974121094,0.161283031105995,0.117881931364536,4.3486881595186,16164.5763969484,4104.59743076329,16162.113854915,4104.58190152323,16159.6513128816,4104.56637228317,0,0,1,0
20131214102313.daq,129,6,468.266666666667,-1,0,right,-0.398025512695313,270.398025512695,12,0.0001,24.8728122711182,878.560014870964,-2.02146983146667,0.164130061864853,0.060931496322155,4.3239436924224,16164.601120408,4100.94893427728,16162.1385888307,4100.93182715056,16159.6760572533,4100.91472002384,0,0,1,0
20131214102313.daq,129,6,468.366666666667,-1,0,right,-0.4334716796875,270.433471679688,12,0.0001,24.828742980957,882.204762494082,-1.93357992172241,0.165165215730667,0.0988983735442162,4.29733237426774,16164.627718384,4097.3067551692,16162.1651978612,4097.28812459497,16159.7026773384,4097.26949402074,0,0,1,0
20131214102313.daq,129,6,468.466666666667,-1,0,right,-0.467330932617188,270.467330932617,12,0.0001,24.7884922027588,885.843318285737,-1.88963496685028,0.16578596830368,0.0419481731951237,4.26890046006882,16164.6561711988,4093.67039697361,16162.1936621159,4093.6503111628,16159.7311530329,4093.630225352,0,0,1,0
20131214102313.daq,129,6,468.566666666667,-1,0,right,-0.498703002929688,270.49870300293,12,0.0001,24.7527713775635,889.476295936744,-1.80174493789673,0.165757864713669,0.0799150466918945,4.2395923382395,16164.6854469252,4090.03983690041,16162.2229492093,4090.01840275588,16159.7604514934,4089.99696861136,0,0,1,0
20131214102313.daq,129,6,468.666666666667,-1,0,right,-0.527725219726563,270.527725219727,12,0.0001,24.7213153839111,893.104362475991,-1.58201992511749,0.16558375954628,0.0514398328959942,4.2084442994663,16164.7165306821,4086.41410158946,16162.2540441392,4086.39142011079,16159.7915575963,4086.36873863212,0,0,1,0
20131214102313.daq,129,6,468.766666666667,-1,0,right,-0.550979614257813,270.550979614258,12,0.0001,24.6925678253174,896.728031375613,-1.23045992851257,0.165233001112938,0.0324562788009644,4.17582861997186,16164.7492121755,4082.79261647686,16162.286735041,4082.76893556114,16159.8242579066,4082.74525464541,0,0,1,0
20131214102313.daq,129,6,468.866666666667,-1,0,right,-0.565078735351563,270.565078735352,12,0.0001,24.6653842926025,900.347608909873,-0.703119933605194,0.165252417325974,0.0514398328959942,4.14166315314385,16164.7832830981,4079.17480750349,16162.3208118655,4079.15052063176,16159.858340633,4079.12623376003,0,0,1,0
20131214102313.daq,129,6,468.966666666667,-1,0,right,-0.574951171875,270.574951171875,12,0.0001,24.6391773223877,903.963275840724,-0.659174978733063,0.165537267923355,0.060931496322155,4.10689839024505,16164.8180703798,4075.56055431673,16162.3556033685,4075.5358431455,16159.8931363573,4075.51113197428,0,0,1,0
20131214102313.daq,129,6,469.066666666667,-1,0,right,-0.5823974609375,270.582397460938,12,0.0001,24.613655090332,907.575151316276,-0.659174978733063,0.165360867977142,0.00398129364475608,4.07228599318904,16164.852708317,4071.94990217436,16162.3902445381,4071.92487097557,16159.9277807592,4071.89983977677,0,0,1,0
20131214102313.daq,129,6,469.166666666667,-1,0,right,-0.590362548828125,270.590362548828,12,0.0001,24.58864402771,911.183323199799,-0.659174978733063,0.165136262774467,0.0704231560230255,4.03755085093062,16164.8873781545,4068.34292528485,16162.4249178792,4068.31755176195,16159.9624576038,4068.29217823904,0,0,1,0
20131214102313.daq,129,6,469.266666666667,-1,0,right,-0.599365234375,270.599365234375,12,0.0001,24.5639476776123,914.787852312536,-0.659174978733063,0.165161311626434,0.060931496322155,4.00182541742387,16164.9230883718,4064.73963675044,16162.4606321137,4064.71387631007,16159.9981758556,4064.68811586971,0,0,1,0
20131214102313.daq,129,6,469.366666666667,-1,0,right,-0.6092529296875,270.609252929688,12,0.0001,24.5394401550293,918.388773949002,-0.878899931907654,0.165460333228111,0.0894067138433456,3.96606590673581,16164.9588530059,4061.14003274985,16162.49640123,4061.11384735681,16160.0339494541,4061.08766196377,0,0,1,0
20131214102313.daq,129,6,469.466666666667,-1,0,right,-0.626449584960938,270.626449584961,12,0.0001,24.5150775909424,921.986111864215,-1.36229491233826,0.165075078606606,0.108390033245087,3.92887502918349,16164.9960438157,4057.54427554963,16162.53360001,4057.5173510818,16160.0711562042,4057.49042661397,0,0,1,0
20131214102313.daq,129,6,469.566666666667,-1,0,right,-0.652938842773438,270.652938842773,12,0.0001,24.4908256530762,925.579884987594,-1.80174493789673,0.16496729850769,0.0799150466918945,3.89109409960671,16165.0338060833,4053.95241571309,16162.5713749886,4053.92435279942,16160.1089438939,4053.89628988575,0,0,1,0
20131214102313.daq,129,6,469.666666666667,-1,0,right,-0.6837158203125,270.683715820313,12,0.0001,24.4666690826416,929.170108332128,-1.75779986381531,0.164972424507141,0.0894067138433456,3.85107696704089,16165.073784841,4050.36432729505,16162.6113691758,4050.33494166701,16160.1489535105,4050.30555603897,0,0,1,0
20131214102313.daq,129,6,469.766666666667,-1,0,right,-0.71490478515625,270.714904785156,12,0.0001,24.4425888061523,932.756794346475,-1.75779986381531,0.165339797735214,0.127373591065407,3.80809304589842,16165.1167181968,4046.7799124483,16162.6543188924,4046.7491864084,16160.1919195881,4046.7184603685,0,0,1,0
20131214102313.daq,129,6,469.866666666667,-1,0,right,-0.744369506835938,270.744369506836,12,0.0001,24.4185638427734,936.339953171388,-1.75779986381531,0.165505081415176,0.0894067138433456,3.76326817208397,16165.1614982628,4043.19887284218,16162.6991150851,4043.16688050178,16160.2367319075,4043.13488816139,0,0,1,0
20131214102313.daq,129,6,469.966666666667,-1,0,right,-0.774185180664063,270.774185180664,12,0.0001,24.3946208953857,939.919593292474,-1.75779986381531,0.164994850754738,0.060931496322155,3.71649881759224,16165.2082526367,4039.62150519698,16162.7458864407,4039.58823148188,16160.2835202447,4039.55495776679,0,0,1,0
20131214102313.daq,129,6,470.066666666667,-1,0,right,-0.803634643554688,270.803634643555,12,0.0001,24.3707637786865,943.49572925648,-1.75779986381531,0.164708152413368,0.060931496322155,3.66786921044235,16165.2569372409,4036.04779129494,16162.7945884725,4036.01325195248,16160.3322397041,4035.97871261001,0,0,1,0
20131214102313.daq,129,6,470.166666666667,-1,0,right,-0.83258056640625,270.832580566406,12,0.0001,24.3469371795654,947.068368406708,-1.62596487998962,0.165137201547623,0.117881931364536,3.61811109031025,16165.3065670907,4032.47748346143,16162.8442360859,4032.44170014074,16160.381905081,4032.40591682005,0,0,1,0
20131214102313.daq,129,6,470.266666666667,-1,0,right,-0.853652954101563,270.853652954102,12,0.0001,24.3231830596924,950.637517270548,-0.966789960861206,0.165335297584534,0.0799150466918945,3.56699252062955,16165.3576661221,4028.91039366743,16162.8953484442,4028.87370474682,16160.4330307664,4028.8370158262,0,0,1,0
20131214102313.daq,129,6,470.366666666667,-1,0,right,-0.852294921875,270.852294921875,12,0.0001,24.2995567321777,954.203191490415,0.74706494808197,0.166266724467278,0.127373591065407,3.51534025401761,16165.4093405252,4025.34615005092,16162.9470219784,4025.3095194925,16160.4847034317,4025.27288893408,0,0,1,0
20131214102313.daq,129,6,470.466666666667,-1,0,right,-0.824356079101563,270.824356079102,12,0.0001,24.2760753631592,957.765409925789,1.88963496685028,0.166615873575211,0.108390033245087,3.46532469132233,16165.4593821713,4021.78415870468,16162.9970460553,4021.74872883814,16160.5347099393,4021.7132989716,0,0,1,0
20131214102313.daq,129,6,470.566666666667,-1,0,right,-0.783966064453125,270.783966064453,12,0.0001,24.252857208252,961.324202975637,1.84568989276886,0.167157649993896,0.0988983735442162,3.41704571286174,16165.507681818,4018.22478119492,16163.045321338,4018.19108713316,16160.582960858,4018.15739307141,0,0,1,0
20131214102313.daq,129,6,470.666666666667,-1,0,right,-0.74786376953125,270.747863769531,12,0.0001,24.2299365997314,964.879612042238,1.31834995746613,0.166646808385849,-0.0244939234107733,3.3725244592589,16165.5523380438,4014.66868811392,16163.0899568218,4014.63654560172,16160.6275755999,4014.60440308953,0,0,1,0
20131214102313.daq,129,6,470.766666666667,-1,0,right,-0.726806640625,270.726806640625,12,0.0001,24.2073574066162,968.431684285944,0.57128494977951,0.167000576853752,0.0704231560230255,3.33081247578359,16165.5940123984,4011.1163959201,16163.1316195298,4011.08515837512,16160.6692266613,4011.05392083014,0,0,1,0
20131214102313.daq,129,6,470.866666666667,-1,0,right,-0.71649169921875,270.716491699219,12,0.0001,24.1850986480713,971.980469105092,0.131834998726845,0.166516467928886,0.0514398328959942,3.29138028007666,16165.6334173231,4007.56779448055,16163.1710188708,4007.53700023989,16160.7086204184,4007.50620599924,0,0,1,0
20131214102313.daq,129,6,470.966666666667,-1,0,right,-0.714859008789063,270.714859008789,12,0.0001,24.1630783081055,975.526008018507,-0.219724982976913,0.167215064167976,0.0324562788009644,3.25047778998527,16165.6743325699,4004.0230753502,16163.211933241,4003.99235127763,16160.7495339122,4003.96162720507,0,0,1,0
20131214102313.daq,129,6,471.066666666667,-1,0,right,-0.720565795898438,270.720565795898,12,0.0001,24.1411914825439,979.068327578665,-0.74706494808197,0.167306289076805,0.0419481731951237,3.21011430378775,16165.7147224819,4000.48171614888,16163.2523262254,4000.45074681602,16160.789929969,4000.41977748315,0,0,1,0
20131214102313.daq,129,6,471.166666666667,-1,0,right,-0.738739013671875,270.738739013672,12,0.0001,24.1194725036621,982.607448766452,-1.36229491233826,0.166982591152191,0.0514398328959942,3.16604298109079,16165.7588084132,3996.9440912559,16163.2964221036,3996.91234089564,16160.8340357939,3996.88059053538,0,0,1,0
20131214102313.daq,129,6,471.266666666667,-1,0,right,-0.7666015625,270.7666015625,12,0.0001,24.0979232788086,986.143397434971,-1.84568989276886,0.166894599795341,0.0514398328959942,3.12135138680957,16165.8034897029,3993.41013083269,16163.3411191244,3993.37718303448,16160.8787485458,3993.34423523626,0,0,1,0
20131214102313.daq,129,6,471.366666666667,-1,0,right,-0.801116943359375,270.801116943359,12,0.0001,24.0764694213867,989.676193655938,-1.97752487659454,0.166988149285316,0.0324562788009644,3.07426647095134,16165.8505325488,3989.87975847588,16163.3881822651,3989.84532733437,16160.9258319813,3989.81089619285,0,0,1,0
20131214102313.daq,129,6,471.466666666667,-1,0,right,-0.8349609375,270.8349609375,12,0.0001,24.0550575256348,993.20584614807,-1.93357992172241,0.166763365268707,0.0514398328959942,3.02426873068259,16165.9004633118,3986.35254411594,16163.4381337957,3986.31665849697,16160.9758042796,3986.280772878,0,0,1,0
20131214102313.daq,129,6,471.566666666667,-1,0,right,-0.86651611328125,270.866516113281,12,0.0001,24.0337066650391,996.73236269761,-1.80174493789673,0.167090281844139,0.0229646172374487,2.97244612843257,16165.9522061277,3982.82844640734,16163.4898967487,3982.7912046863,16161.0275873698,3982.75396296527,0,0,1,0
20131214102313.daq,129,6,471.666666666667,-1,0,right,-0.893966674804688,270.893966674805,12,0.0001,24.0124397277832,1000.25575356188,-1.58201992511749,0.167099431157112,0.0324562788009644,2.91893527203173,16166.0056496012,3979.30741873011,16163.5433583475,3979.26899731437,16161.0810670938,3979.23057589864,0,0,1,0
20131214102313.daq,129,6,471.766666666667,-1,0,right,-0.919677734375,270.919677734375,12,0.0001,23.9912948608398,1003.77603361399,-1.45018494129181,0.16638807952404,0.0799150466918945,2.86460235714335,16166.0599625147,3975.78927706167,16163.5976887502,3975.74975071476,16161.1354149857,3975.71022436784,0,0,1,0
20131214102313.daq,129,6,471.866666666667,1,0,right,-0.94091796875,270.94091796875,12,0.0001,23.9702682495117,1007.29322178337,-1.14256989955902,0.166062444448471,0.060931496322155,2.80869475137467,16166.115953843,3972.27419548394,16163.6536949006,3972.23375634527,16161.1914359582,3972.19331720659,0,0,1,0
20131214102313.daq,129,6,471.966666666667,1,0,right,-0.950851440429688,270.95085144043,12,0.0001,23.9493141174316,1010.80733210388,-0.351559966802597,0.166029646992683,0.060931496322155,2.75132089624195,16166.1732041633,3968.76199862154,16163.7109522689,3968.72113259724,16161.2487003745,3968.68026657295,0,0,1,0
20131214102313.daq,129,6,472.066666666667,1,0,right,-0.94635009765625,270.946350097656,12,0.0001,23.9283905029297,1014.3183720354,0.307614982128143,0.166079491376877,0.0799150466918945,2.69497662361565,16166.229568511,3965.25211774336,16163.7673134136,3965.2114451617,16161.3050583162,3965.17077258005,0,0,1,0
20131214102313.daq,129,6,472.166666666667,1,0,right,-0.935287475585938,270.935287475586,12,0.0001,23.9074897766113,1017.82634428214,0.483394980430603,0.165739566087723,0.0324562788009644,2.63905408139891,16166.2855301107,3961.74475450811,16163.8232672062,3961.70455733741,16161.3610043017,3961.6643601667,0,0,1,0
20131214102313.daq,129,13,695.1,1,0,right,0.234130859375,269.765869140625,12,0.0001,75.7763824462891,0,1.14256989955902,0.408453553915024,0.0324562788009644,2.74107692655915,22714.1890337071,-3703.45045183946,22711.7264632696,-3703.44038884796,22709.2638928321,-3703.43032585646,1,0,0,0
20131214102313.daq,129,13,695.2,1,0,right,0.251434326171875,269.748565673828,12,0.0001,75.818603515625,11.1169923950147,1.23045992851257,0.408598661422729,0.0324562788009644,2.78542273108661,22714.141087696,-3714.56635121857,22711.6785204098,-3714.5555445252,22709.2159531237,-3714.54473783182,1,0,0,0
20131214102313.daq,129,13,695.3,1,0,right,0.274948120117188,269.725051879883,12,0.0001,75.8606872558594,22.2401673432796,1.45018494129181,0.408411622047424,0.0704231560230255,2.83783277427858,22714.0888508384,-3725.68874878615,22711.6262881946,-3725.67693147303,22709.1637255508,-3725.66511415991,1,0,0,0
20131214102313.daq,129,13,695.4,1,0,right,0.303863525390625,269.696136474609,12,0.0001,75.9026641845703,33.3695067546068,1.62596487998962,0.408399671316147,0.060931496322155,2.89194452309802,22714.0343261509,-3736.81762445248,22711.5717697846,-3736.80456436183,22709.1092134182,-3736.79150427118,1,0,0,0
20131214102313.daq,129,13,695.5,1,0,right,0.338485717773438,269.661514282227,12,0.0001,75.944465637207,44.5049894616241,1.7577999830246,0.408754914999008,0.0514398328959942,2.95219754882866,22713.9735882841,-3747.95249682092,22711.5110402592,-3747.93794868073,22709.0484922343,-3747.92340054053,1,0,0,0
20131214102313.daq,129,13,695.6,1,0,right,0.377670288085938,269.622329711914,12,0.0001,75.9861526489258,55.646594017202,1.84568989276886,0.409699082374573,0.060931496322155,3.01667247953112,22713.9086610127,-3759.094070005,22711.4461235132,-3759.07783773232,22708.9835860136,-3759.06160545964,1,0,0,0
20131214102313.daq,129,13,695.7,1,0,right,0.420761108398438,269.579238891602,12,0.0001,76.0277938842773,66.7943089517903,1.84568989276886,0.409293979406357,0.0514398328959942,3.08743231515305,22713.8376316474,-3770.24159517035,22711.3751070522,-3770.22351088538,22708.912582457,-3770.2054266004,1,0,0,0
20131214102313.daq,129,13,695.8,1,0,right,0.464431762695313,269.535568237305,12,0.0001,76.0694351196289,77.948131840938,1.84568989276886,0.409181386232376,0.0324562788009644,3.16442664599467,22713.7607061816,-3781.39547994787,22711.2981960855,-3781.37551874019,22708.8356859893,-3781.35555753252,1,0,0,0
20131214102313.daq,129,13,695.9,1,0,right,0.508804321289063,269.491195678711,12,0.0001,76.1109848022461,89.1080555977678,1.80174493789673,0.409514933824539,0.0229646172374487,3.24979146681253,22713.6759238906,-3792.55523890746,22711.2134299919,-3792.53337062181,22708.7509360931,-3792.51150233615,1,0,0,0
20131214102313.daq,129,13,696,1,0,right,0.552017211914063,269.447982788086,12,0.0001,76.1524353027344,100.274066514758,1.7577999830246,0.409268707036972,0.0324562788009644,3.34426279784886,22713.5814470787,-3803.72131557496,22711.1189703735,-3803.69759006503,22708.6564936683,-3803.67386455509,1,0,0,0
20131214102313.daq,129,13,696.1,1,0,right,0.593063354492188,269.406936645508,12,0.0001,76.1937942504883,111.446149578936,1.7577999830246,0.409198135137558,0.0419481731951237,3.44371507123397,22713.4812445431,-3814.89295357803,22711.0187854665,-3814.86746397982,22708.55632639,-3814.84197438162,1,0,0,0
20131214102313.daq,129,13,696.2,1,0,right,0.631759643554688,269.368240356445,12,0.0001,76.2350387573242,122.624291082786,1.71385490894318,0.409473985433578,0.0419481731951237,3.55372828574205,22713.3714215102,-3826.07063710975,22710.9089802104,-3826.04348442765,22708.4465389105,-3826.01633174556,1,0,0,0
20131214102313.daq,129,13,696.3,1,0,right,0.671432495117188,269.328567504883,12,0.0001,76.2761611938477,133.808472469882,1.66990995407104,0.409195184707642,0.060931496322155,3.67000080815522,22713.2556778568,-3837.25444583528,22710.7932559484,-3837.22558811159,22708.3308340399,-3837.19673038789,1,0,0,0
20131214102313.daq,129,13,696.4,1,0,right,0.70721435546875,269.292785644531,12,0.0001,76.3171768188477,144.99867751501,1.62596487998962,0.409211188554764,0.0799150466918945,3.79440188300073,22713.1304095212,-3848.44377541479,22710.6680061149,-3848.41337988658,22708.2056027086,-3848.38298435837,1,0,0,0
20131214102313.daq,129,13,696.5,1,0,right,0.742919921875,269.257080078125,12,0.0001,76.3580856323242,156.194890365947,1.58201992511749,0.409442633390427,0.0514398328959942,3.92810561212933,22712.9973328915,-3859.63920530807,22710.5349489053,-3859.60727526606,22708.072564919,-3859.57534522404,1,0,0,0
20131214102313.daq,129,13,696.6,1,0,right,0.76458740234375,269.235412597656,12,0.0001,76.3988647460938,167.397093585245,1.01073491573334,0.409225136041641,0.0514398328959942,4.06754504526961,22712.857315245,-3870.83991564665,22710.3949435097,-3870.80705440995,22707.9325717745,-3870.77419317326,1,0,0,0
20131214102313.daq,129,13,696.7,1,0,right,0.792266845703125,269.207733154297,12,0.0001,76.4395599365234,178.605271320692,1.58201992511749,0.409711092710495,0.0419481731951237,4.21406843756794,22712.7110645361,-3882.04662752142,22710.2487089633,-3882.01257672317,22707.7863533906,-3881.97852592493,1,0,0,0
20131214102313.daq,129,13,696.8,1,0,right,0.817062377929688,269.18293762207,12,0.0001,76.4801406860352,189.819409212028,1.40623998641968,0.409570604562759,0.0894067138433456,4.36761832696988,22712.5571802075,-3893.2593737343,22710.0948396013,-3893.22425732122,22707.6324989951,-3893.18914090815,1,0,0,0
20131214102313.daq,129,13,696.9,1,0,right,0.840896606445313,269.159103393555,12,0.0001,76.5206146240234,201.039491127289,1.2744048833847,0.409259766340256,0.0324562788009644,4.52574996704825,22712.3994491163,-3904.47771175639,22709.937123331,-3904.44157104774,22707.4747975458,-3904.4054303391,1,0,0,0
20131214102313.daq,129,13,697,1,0,right,0.863815307617188,269.136184692383,12,0.0001,76.5609893798828,212.265502799477,1.2744048833847,0.409467697143555,0.0514398328959942,4.68871687604132,22712.2359153208,-3915.70188688537,22709.7736041891,-3915.66476123259,22707.3112930573,-3915.62763557982,1,0,0,0
20131214102313.daq,129,13,697.1,1,0,right,0.8857421875,269.1142578125,12,0.0001,76.6012268066406,223.497426418147,1.2744048833847,0.409425884485245,0.013472955673933,4.85873222592368,22712.06658359,-3926.9318973869,22709.6042868465,-3926.89382941963,22707.1419901029,-3926.85576145237,1,0,0,0
20131214102313.daq,129,13,697.2,1,0,right,0.907791137695313,269.092208862305,12,0.0001,76.6413497924805,234.735242494407,1.23045992851257,0.409224510192871,0.0514398328959942,5.03135532753053,22711.8933378214,-3938.16752548233,22709.4310559098,-3938.12850996018,22706.9687739981,-3938.08949443804,1,0,0,0
20131214102313.daq,129,13,697.3,1,0,right,0.929428100585938,269.070571899414,12,0.0001,76.6813507080078,245.978934150287,1.23045992851257,0.4094318151474,0.0324562788009644,5.21034236728785,22711.7142580961,-3949.40924685168,22709.2519910937,-3949.36930148545,22706.7897240913,-3949.32935611922,1,0,0,0
20131214102313.daq,129,13,697.4,1,0,right,0.95135498046875,269.048645019531,12,0.0001,76.7212142944336,257.22848236312,1.23045992851257,0.409313887357712,0.0514398328959942,5.39193660222555,22711.5332070227,-3960.65658977641,22709.0709554875,-3960.61570211279,22706.6087039524,-3960.57481444916,1,0,0,0
20131214102313.daq,129,13,697.5,1,0,right,0.971282958984375,269.028717041016,12,0.0001,76.7609786987305,268.483869695468,1.23045992851257,0.409233570098877,0.0324562788009644,5.58027003486244,22711.3444675841,-3971.90950037455,22708.8822304189,-3971.86775632057,22706.4199932538,-3971.82601226659,1,0,0,0
20131214102313.daq,129,13,697.6,1,0,right,0.991958618164063,269.008041381836,12,0.0001,76.8006134033203,279.745080668101,1.18651497364044,0.409225940704346,0.013472955673933,5.77072288472481,22711.1537283454,-3983.1685316363,22708.6915064043,-3983.12589906627,22706.2292844631,-3983.08326649624,0,1,0,1
20131214102313.daq,129,13,697.7,1,0,right,1.01100158691406,268.988998413086,12,0.0001,76.8401260375977,291.012095046121,1.18651497364044,0.409270405769348,0.0324562788009644,5.96726114482237,22710.9572311368,-3994.43289517651,22708.4950235011,-3994.38944425859,22706.0328158655,-3994.34599334068,0,1,0,1
20131214102313.daq,129,13,697.8,1,0,right,1.03208923339844,268.967910766602,12,0.0001,76.879524230957,302.284896324571,1.31834995746613,0.409362107515335,0.0514398328959942,6.1660628227888,22710.7586534254,-4005.70316568375,22708.2964619486,-4005.65880855609,22705.8342704717,-4005.61445142842,0,1,0,1
20131214102313.daq,129,13,697.9,1,0,right,1.06106567382813,268.938934326172,12,0.0001,76.918815612793,313.563467811986,1.84568989276886,0.409189820289612,0.0324562788009644,6.37128787463988,22710.5537251964,-4016.97923585853,22708.0915564674,-4016.93363352193,22705.6293877383,-4016.88803118532,0,1,0,1
20131214102313.daq,129,13,698,1,0,right,1.10519409179688,268.894805908203,12,0.0001,76.9580078125,324.847794868379,2.2411949634552,0.409459263086319,0.0514398328959942,6.58071328291977,22710.343947137,-4028.26176313796,22707.8818142605,-4028.21426448673,22705.419681384,-4028.16676583549,0,1,0,1
20131214102313.daq,129,13,698.1,1,0,right,1.15159606933594,268.848403930664,12,0.0001,76.9970703125,336.137861082032,1.71385490894318,0.409109979867935,0.0799150466918945,6.79623460512037,22710.1281673258,-4039.54995659837,22707.6660737243,-4039.50046396206,22705.2039801228,-4039.45097132574,0,1,0,1
20131214102313.daq,129,13,698.2,1,0,right,1.17822265625,268.82177734375,12,0.0001,77.036003112793,347.433646497793,0.57128494977951,0.409236073493958,0.0514398328959942,7.01846692906293,22709.905805919,-4050.84354636635,22707.4437355837,-4050.79290954732,22704.9816652484,-4050.74227272829,0,1,0,1
20131214102313.daq,129,13,698.3,1,0,right,1.16006469726563,268.839935302734,12,0.0001,77.0747833251953,358.735131253772,-1.36229491233826,0.409197241067886,0.0799150466918945,7.24390759965328,22709.6803743129,-4062.14097451019,22707.2182880536,-4062.09111796359,22704.7562017944,-4062.04126141699,0,1,0,1
20131214102313.daq,129,13,698.4,1,0,right,1.08587646484375,268.914123535156,12,0.0001,77.1134796142578,370.042296980035,-3.20798492431641,0.410602927207947,0.127373591065407,7.46990797991711,22709.4545246764,-4073.44197519465,22706.9923759254,-4073.39530666945,22704.5302271743,-4073.34863814425,0,1,0,1
20131214102313.daq,129,13,698.5,1,0,right,0.918197631835938,269.081802368164,12,0.0001,77.1521377563477,381.35513677619,-6.0644097328186,0.410539299249649,0.117881931364536,7.69030010334087,22709.234487662,-4084.74540776133,22706.7722128773,-4084.70594502152,22704.3099380925,-4084.6664822817,0,1,0,1
20131214102313.daq,129,13,698.6,1,0,right,0.665573120117188,269.334426879883,12,0.0001,77.1903228759766,392.673618098572,-7.82220983505249,0.409441202878952,0.0799150466918945,7.89778675352769,22709.0275259511,-4096.05093687866,22706.5651011044,-4096.02233097565,22704.1026762577,-4095.99372507263,0,1,0,1
20131214102313.daq,129,13,698.7,1,0,right,0.320938110351563,269.679061889648,12,0.0001,77.2273712158203,403.997627836907,-9.53606414794922,0.410329461097717,0.0704231560230255,8.07571678422352,22708.8496750528,-4107.35832166768,22706.3871226878,-4107.3445277168,22703.9245703228,-4107.33073376591,0,1,0,1
20131214102313.daq,129,13,698.8,1,0,right,-0.0871734619140625,270.087173461914,12,0.0001,77.2625427246094,415.326937625949,-9.97551441192627,0.410360485315323,0.108390033245087,8.21631626093091,22708.7088978749,-4118.6686524144,22706.2463097272,-4118.67239915633,22703.7837215794,-4118.67614589826,0,1,0,1
20131214102313.daq,129,13,698.9,1,0,right,-0.518173217773438,270.518173217773,12,0.0001,77.2957763671875,426.661262312176,-9.00872421264648,0.410041600465775,0.0894067138433456,8.30477670052103,22708.6202394864,-4129.98311127582,22706.1577491964,-4130.00538222349,22703.6952589064,-4130.02765317115,0,1,0,1
20131214102313.daq,129,13,699,1,0,right,-0.928314208984375,270.928314208984,12,0.0001,77.3273696899414,438.000335112029,-7.38275957107544,0.410478830337524,0.0324562788009644,8.332172066834,22708.5927192501,-4141.3027871924,22706.1304514716,-4141.3426846895,22703.668183693,-4141.3825821866,0,1,1,1
20131214102313.daq,129,13,699.1,1,0,right,-1.29206848144531,271.292068481445,12,0.0001,77.358039855957,449.343964306849,-5.80073976516724,0.411059498786926,0.060931496322155,8.29152713295911,22708.6325970033,-4152.62837158782,22706.1706321428,-4152.68390039924,22703.7086672823,-4152.73942921066,0,1,1,1
20131214102313.daq,129,13,699.2,1,0,right,-1.59210205078125,271.592102050781,12,0.0001,77.3888244628906,460.692084995775,-4.13082981109619,0.411102384328842,0.0514398328959942,8.18053867864291,22708.7427420674,-4163.96037491317,22706.2811017418,-4164.02879516464,22703.8194614162,-4164.09721541611,0,1,1,1
20131214102313.daq,129,13,699.3,1,0,right,-1.82061767578125,271.820617675781,12,0.0001,77.4206314086914,472.044787909465,-2.50486493110657,0.410905987024307,0.0704231560230255,8.00408515903641,22708.918798353,-4175.29906554896,22706.4574504892,-4175.37730311354,22703.9961026253,-4175.45554067812,0,1,1,1
20131214102313.daq,129,13,699.4,1,0,right,-1.97332763671875,271.973327636719,12,0.0001,77.4540252685547,483.402267937017,-0.703119933605194,0.409818321466446,0.0514398328959942,7.76602828933768,22709.156620802,-4186.64412203257,22706.6954902062,-4186.72891952132,22704.2343596105,-4186.81371701008,0,1,1,1
20131214102313.daq,129,13,699.5,1,0,right,-2.0618896484375,272.061889648438,12,0.0001,77.489128112793,494.764774984047,0.0439449995756149,0.412332534790039,0.0988983735442162,7.47680530802957,22709.4452163157,-4197.99575736551,22706.9842197313,-4198.0843589178,22704.5232231469,-4198.1729604701,0,1,1,1
20131214102313.daq,129,13,699.6,1,0,right,-2.10359191894531,272.103591918945,12,0.0001,77.5253982543945,506.13252007162,0.395504981279373,0.412041455507278,-0.00551059981808066,7.1460898644169,22709.775879226,-4209.35401416079,22707.3149477814,-4209.44440690595,22704.8540163368,-4209.53479965111,0,1,1,1
20131214102313.daq,129,13,699.7,1,0,right,-2.09445190429688,272.094451904297,12,0.0001,77.5626983642578,517.505661721945,2.02146983146667,0.412428021430969,0.0894067138433456,6.78580409774251,22710.136651179,-4220.71900549295,22707.675705346,-4220.80900566094,22705.2147595129,-4220.89900582893,0,1,1,1
20131214102313.daq,129,13,699.8,1,0,right,-2.02647399902344,272.026473999023,12,0.0001,77.6007919311523,528.884334865426,3.91110491752625,0.412633687257767,-0.0244939234107733,6.40877061641376,22710.513372857,-4232.09143211257,22708.0523219764,-4232.17851245759,22705.5912710958,-4232.26559280261,0,1,1,1
20131214102313.daq,129,13,699.9,1,0,right,-1.9031982421875,271.903198242188,12,0.0001,77.639533996582,540.268645338951,5.14156484603882,0.412940591573715,0.0324562788009644,6.02418952066578,22710.8984419002,-4243.47216358912,22708.4372093568,-4243.55394861874,22705.9759768135,-4243.63573364835,0,1,1,1
20131214102313.daq,129,13,700,1,0,right,-1.73728942871094,271.737289428711,12,0.0001,77.6785049438477,551.658662053062,5.53706979751587,0.412733227014542,0.0229646172374487,5.64442652274786,22711.2789497754,-4254.86035502466,22708.8174907297,-4254.9350128409,22706.3560316839,-4255.00967065715,0,0,1,0
20131214102313.daq,129,13,700.1,1,0,right,-1.54769897460938,271.547698974609,12,0.0001,77.717170715332,563.05437624242,5.58101463317871,0.412777185440063,0.0324562788009644,5.27906212223891,22711.6443261183,-4266.25646317752,22709.1826335076,-4266.32297568693,22706.720940897,-4266.38948819633,0,0,1,0
20131214102313.daq,129,13,700.2,1,0,right,-1.34669494628906,271.346694946289,12,0.0001,77.7552719116211,574.455722446666,5.71284961700439,0.412865400314331,-0.0624608024954796,4.93517372603542,22711.9894562967,-4277.65966609826,22709.5275454969,-4277.71754215012,22707.0656346971,-4277.77541820198,0,0,1,0
20131214102313.daq,129,13,700.3,1,0,right,-1.14265441894531,271.142654418945,12,0.0001,77.7926940917969,585.862606391704,5.31734466552734,0.412436336278915,0.013472955673933,4.61912670845699,22712.305085141,-4289.06925190425,22709.8429838457,-4289.11836030259,22707.3808825503,-4289.16746870092,0,0,1,0
20131214102313.daq,129,13,700.4,1,0,right,-0.95941162109375,270.959411621094,12,0.0001,77.8296966552734,597.274944154,4.08688449859619,0.412612348794937,0.0514398328959942,4.33466532875852,22712.5907217211,-4300.48460831406,22710.1284759597,-4300.52584220655,22707.6662301983,-4300.56707609904,0,0,1,0
20131214102313.daq,129,13,700.5,1,0,right,-0.818923950195313,270.818923950195,12,0.0001,77.8666152954102,608.692698993698,2.59275484085083,0.412341922521591,0.060931496322155,4.08282167586265,22712.841860958,-4311.90470034452,22710.379521494,-4311.93989676041,22707.9171820301,-4311.97509317631,0,0,1,0
20131214102313.daq,129,13,700.6,1,0,right,-0.723312377929688,270.72331237793,12,0.0001,77.903694152832,620.115877624678,1.62596487998962,0.413061499595642,0.0324562788009644,3.86481169667858,22713.0605944598,-4323.3290052102,22710.5981996908,-4323.36009258267,22708.1358049217,-4323.39117995515,0,0,1,0
20131214102313.daq,129,13,700.7,1,0,right,-0.669143676757813,270.669143676758,12,0.0001,77.9410858154297,631.54451622731,1.18651497364044,0.413215786218643,0.0799150466918945,3.67264769730889,22713.2525761892,-4334.75762359117,22710.79015313,-4334.78638294744,22708.3277300707,-4334.81514230372,0,0,1,0
20131214102313.daq,129,13,700.8,1,0,right,-0.63787841796875,270.637878417969,12,0.0001,77.9788436889648,642.978666181447,1.18651497364044,0.413693279027939,0.0704231560230255,3.5043102564278,22713.4205750097,-4346.1905431249,22710.9581366236,-4346.21795877775,22708.4956982375,-4346.24537443059,0,0,1,0
20131214102313.daq,129,13,700.9,1,0,right,-0.613540649414063,270.613540649414,12,0.0001,78.0169219970703,654.418378400693,1.40623998641968,0.413737416267395,0.0419481731951237,3.35600984529781,22713.5694683758,-4357.62865784544,22711.1070185664,-4357.65502751556,22708.644568757,-4357.68139718568,0,0,1,0
20131214102313.daq,129,13,701,1,0,right,-0.583175659179688,270.58317565918,12,0.0001,78.0552215576172,665.863693075091,1.88963496685028,0.413299202919006,0.0229646172374487,3.22151563921258,22713.7043187065,-4369.07229500274,22711.2418552678,-4369.09735964702,22708.779391829,-4369.12242429129,0,0,1,0
20131214102313.daq,129,13,701.1,1,0,right,-0.53521728515625,270.535217285156,12,0.0001,78.0935745239258,677.314631465277,2.54880976676941,0.414012789726257,0.174832135438919,3.098766895131,22713.8263669044,-4380.52272165392,22711.3638833484,-4380.54572513011,22708.9013997924,-4380.5687286063,0,0,1,0
20131214102313.daq,129,13,701.2,1,0,right,-0.46575927734375,270.465759277344,12,0.0001,78.1318893432617,688.771191706277,2.90036988258362,0.41316881775856,0.0324562788009644,2.98575148815844,22713.9392775257,-4391.97954479808,22711.4767678927,-4391.99956306088,22709.0142582597,-4392.01958132368,0,0,1,0
20131214102313.daq,129,13,701.3,1,0,right,-0.38165283203125,270.381652832031,12,0.0001,78.1701431274414,700.23336792344,3.0322048664093,0.413906842470169,0.0514398328959942,2.88386014473702,22714.0415177173,-4403.44307667445,22711.5789813519,-4403.45948011439,22709.1164449866,-4403.47588355433,0,0,1,0
20131214102313.daq,129,13,701.4,1,0,right,-0.271896362304688,270.271896362305,12,0.0001,78.2082901000977,711.701148553984,3.95504975318909,0.413698345422745,0.013472955673933,2.79755171517402,22714.1285011312,-4414.91309877991,22711.6659378615,-4414.92478492899,22709.2033745918,-4414.93647107807,0,0,1,0
20131214102313.daq,129,13,701.5,1,0,right,-0.152847290039063,270.152847290039,12,0.0001,78.2461700439453,723.174504224662,3.42770981788635,0.413707733154297,0.060931496322155,2.7235357057155,22714.203186985,-4426.38968560642,22711.7406047496,-4426.39625502422,22709.2780225142,-4426.40282444203,0,0,1,0
20131214102313.daq,129,13,701.6,1,0,right,-0.06024169921875,270.060241699219,12,0.0001,78.2838439941406,734.653398755108,1.71385490894318,0.413510590791702,0.0514398328959942,2.66846938788932,22714.2619220569,-4437.87097681623,22711.7993324201,-4437.87356602333,22709.3367427833,-4437.87615523042,0,0,1,0
20131214102313.daq,129,14,821.716666666667,1,0,right,1.56636047363281,268.433639526367,12,0.0001,64.3069076538086,0,2.94431495666504,0.247031345963478,0.0514398328959942,2.85028236671181,22726.0925379565,-16894.6381559547,22723.6308671398,-16894.5708416643,22721.1691963231,-16894.5035273738,1,0,0,0
20131214102313.daq,129,14,821.816666666667,1,0,right,1.66055297851563,268.339447021484,12,0.0001,64.2672805786133,9.42879243529751,2.59275484085083,0.246460273861885,0.0704231560230255,3.06925113048739,22725.8542328325,-16904.0660880865,22723.3926760049,-16903.9947269775,22720.9311191773,-16903.9233658684,1,0,0,0
20131214102313.daq,129,14,821.916666666667,1,0,right,1.73741149902344,268.262588500977,12,0.0001,64.2278366088867,18.8517876195983,1.97752487659454,0.246635004878044,0.0704231560230255,3.32364541414963,22725.5994296469,-16913.4877578547,22723.1379707602,-16913.4130947943,22720.6765118735,-16913.3384317338,1,0,0,0
20131214102313.daq,129,14,822.016666666667,1,0,right,1.78047180175781,268.219528198242,12,0.0001,64.1885375976563,28.2690078392552,0.703119993209839,0.247352048754692,0.0799150466918945,3.59370439342155,22725.3291594939,-16922.9027968026,22722.8677574149,-16922.8262838686,22720.4063553359,-16922.7497709346,1,0,0,0
20131214102313.daq,129,14,822.116666666667,1,0,right,1.76725769042969,268.23274230957,12,0.0001,64.1494827270508,37.6804817215307,-1.36229491233826,0.246474996209145,0.0988983735442162,3.87217354776592,22725.0506888118,-16932.3087473707,22722.5892691521,-16932.2328021113,22720.1278494925,-16932.1568568519,1,0,0,0
20131214102313.daq,129,14,822.216666666667,1,0,right,1.70497131347656,268.295028686523,12,0.0001,64.1106796264648,47.0862464725142,-2.32908487319946,0.246472701430321,0.060931496322155,4.15749557245765,22724.7655197452,-16941.7057708957,22722.3040189798,-16941.6325014957,22719.8425182143,-16941.5592320958,1,0,0,0
20131214102313.daq,129,14,822.316666666667,1,0,right,1.59757995605469,268.402420043945,12,0.0001,64.0719985961914,56.4863301599762,-3.12009477615356,0.247299313545227,0.0988983735442162,4.4420679630899,22724.4812133844,-16951.0959011718,22722.0195796116,-16951.0272455694,22719.5579458387,-16950.958589967,1,0,0,0
20131214102313.daq,129,14,822.416666666667,1,0,right,1.45475769042969,268.54524230957,12,0.0001,64.033317565918,65.880741922243,-3.64743494987488,0.246472612023354,0.0799150466918945,4.71669270219652,22724.2069259354,-16960.4793449956,22721.7451286714,-16960.4168257609,22719.2833314075,-16960.3543065262,1,0,0,0
20131214102313.daq,129,14,822.516666666667,1,0,right,1.29159545898438,268.708404541016,12,0.0001,63.9944877624512,75.2694711756194,-3.69137978553772,0.246641084551811,0.0894067138433456,4.98032318924241,22723.9436638058,-16969.8564358637,22721.481698487,-16969.8009273778,22719.0197331681,-16969.7454188919,1,0,0,0
20131214102313.daq,129,14,822.616666666667,1,0,right,1.122802734375,268.877197265625,12,0.0001,63.9554672241211,84.6524905517363,-3.29587483406067,0.248422563076019,0.0419481731951237,5.22410064437051,22723.7002727257,-16979.2275068339,22721.2381545632,-16979.1792515006,22718.7760364007,-16979.1309961673,1,0,0,0
20131214102313.daq,129,14,822.716666666667,1,0,right,0.9481201171875,269.051879882813,12,0.0001,63.9164428710938,94.0297839652194,-3.47165489196777,0.247228920459747,0.060931496322155,5.44413760645016,22723.4806738275,-16988.5925487291,22721.0184199878,-16988.5518000819,22718.5561661481,-16988.5110514346,1,0,0,0
20131214102313.daq,129,14,822.816666666667,1,0,right,0.756866455078125,269.243133544922,12,0.0001,63.8774261474609,103.401356871123,-4.52633476257324,0.247176840901375,0.0988983735442162,5.63967663493656,22723.2855291919,-16997.9532575723,22720.8231530508,-16997.9207281551,22718.3607769096,-16997.888198738,1,0,0,0
20131214102313.daq,129,14,822.916666666667,1,0,right,0.538253784179688,269.46174621582,12,0.0001,63.8382377624512,112.767195328815,-5.05367469787598,0.245069146156311,0.0894067138433456,5.80377390469329,22723.1213632311,-17007.3074110955,22720.6588808977,-17007.2842771153,22718.1963985643,-17007.2611431351,0,1,0,1
20131214102313.daq,129,14,823.016666666667,1,0,right,0.3101806640625,269.689819335938,12,0.0001,63.7989120483398,122.12727672555,-4.57027959823608,0.245805993676186,0.060931496322155,5.93805945807416,22722.9870599748,-17016.6534710219,22720.5245050634,-17016.6401394225,22718.0619501519,-17016.6268078231,0,1,0,1
20131214102313.daq,129,14,823.116666666667,1,0,right,0.0978546142578125,269.902145385742,12,0.0001,63.7593574523926,131.481572434081,-3.33981990814209,0.249414697289467,0.0514398328959942,6.03831501997979,22722.8869173011,-17025.9979072101,22720.4243298946,-17025.9937013894,22717.9617424881,-17025.9894955687,0,1,0,1
20131214102313.daq,129,14,823.216666666667,1,0,right,-0.0840911865234375,270.084091186523,12,0.0001,63.7201042175293,140.830079890096,-2.41697478294373,0.246884226799011,0.0419481731951237,6.1055788022475,22722.820035653,-17035.3352323816,22720.3574473073,-17035.3388466465,22717.8948589615,-17035.3424609114,0,1,0,1
20131214102313.daq,129,14,823.316666666667,1,0,right,-0.236312866210938,270.236312866211,12,0.0001,63.6815223693848,150.172880546015,-1.84568989276886,0.246939525008202,0.0419481731951237,6.14263878886709,22722.7825562524,-17044.6693544208,22720.3199861999,-17044.6795111948,22717.8574161474,-17044.6896679689,0,1,0,1
20131214102313.daq,129,14,823.416666666667,1,0,right,-0.357833862304688,270.357833862305,12,0.0001,63.6433258056641,159.510054082602,-1.23045992851257,0.247283041477203,0.0419481731951237,6.15031574414823,22722.7744247018,-17053.9983592389,22720.31188173,-17054.0137389532,22717.8493387582,-17054.0291186675,0,1,1,1
20131214102313.daq,129,14,823.516666666667,1,0,right,-0.446884155273438,270.446884155273,12,0.0001,63.6054763793945,168.841649175483,-0.439449965953827,0.247105002403259,0.0514398328959942,6.13361484738576,22722.7916305493,-17063.32425639,22720.3291144553,-17063.3434634197,22717.8665983612,-17063.3626704494,0,1,1,1
20131214102313.daq,129,14,823.616666666667,1,0,right,-0.516098022460938,270.516098022461,12,0.0001,63.568042755127,178.167724571133,-0.307614982128143,0.247221723198891,0.0894067138433456,6.09397306145214,22722.8310492213,-17072.6447845426,22720.3685581263,-17072.6669663013,22717.9060670313,-17072.6891480601,0,1,1,1
20131214102313.daq,129,14,823.716666666667,1,0,right,-0.566299438476563,270.566299438477,12,0.0001,63.5308456420898,187.488328152569,0.0439449995756149,0.247125625610352,0.0514398328959942,6.03633150817361,22722.888826978,-17081.9618804928,22720.4263562634,-17081.9862198282,22717.9638855488,-17082.0105591636,0,1,1,1
20131214102313.daq,129,14,823.816666666667,1,0,right,-0.595443725585938,270.595443725586,12,0.0001,63.4939117431641,196.803494654858,0.703119993209839,0.246042147278786,0.0419481731951237,5.9679876319834,22722.9570267593,-17091.2736457731,22720.4945687438,-17091.2992376749,22718.0321107284,-17091.3248295768,0,1,1,1
20131214102313.daq,129,14,823.916666666667,1,0,right,-0.605499267578125,270.605499267578,12,0.0001,63.4572486877441,206.113265107218,0.966789960861206,0.247365102171898,0.0419481731951237,5.88918900388077,22723.0357704878,-17100.5800326889,22720.5733170017,-17100.6060567574,22718.1108635156,-17100.6320808259,0,1,1,1
20131214102313.daq,129,14,824.016666666667,1,0,right,-0.60687255859375,270.606872558594,12,0.0001,63.4207000732422,215.417667997077,0.92284494638443,0.246423065662384,0.0799150466918945,5.80551328755561,22723.1198393595,-17109.8827324063,22720.6573864978,-17109.908815496,22718.1949336362,-17109.9348985857,0,1,1,1
20131214102313.daq,129,14,824.116666666667,1,0,right,-0.607131958007813,270.607131958008,12,0.0001,63.3842620849609,224.716718663782,0.659174978733063,0.24765519797802,0.0988983735442162,5.71525374965769,22723.2096990699,-17119.1796008596,22720.7472463263,-17119.2056950978,22718.2847935828,-17119.2317893359,0,1,1,1
20131214102313.daq,129,14,824.216666666667,1,0,right,-0.615478515625,270.615478515625,12,0.0001,63.347972869873,234.010434078526,0.26366999745369,0.247226968407631,0.108390033245087,5.62487755855759,22723.3000563529,-17128.4704057973,22720.8376074367,-17128.4968587528,22718.3751585206,-17128.5233117082,0,0,1,0
20131214102313.daq,129,14,824.316666666667,1,0,right,-0.638458251953125,270.638458251953,12,0.0001,63.3119735717773,243.298848230334,-0.395504981279373,0.24738721549511,0.0894067138433456,5.53194050865688,22723.3932669279,-17137.7569347218,22720.9308288194,-17137.7843752945,22718.4683907108,-17137.8118158673,0,0,1,0
20131214102313.daq,129,14,824.416666666667,1,0,right,-0.680496215820313,270.68049621582,12,0.0001,63.2761726379395,252.581998045564,-0.92284494638443,0.246400311589241,0.108390033245087,5.43553462688622,22723.4896024761,-17147.0351682828,22721.0271851635,-17147.064415541,22718.564767851,-17147.0936627992,0,0,1,0
20131214102313.daq,129,14,824.516666666667,1,0,right,-0.740432739257813,270.740432739258,12,0.0001,63.2405128479004,261.859908747901,-1.2744048833847,0.246398523449898,0.0988983735442162,5.33389247227419,22723.590943776,-17156.3090395853,22721.128558406,-17156.3408627364,22718.6661730359,-17156.3726858874,0,0,1,0
20131214102313.daq,129,14,824.616666666667,1,0,right,-0.811981201171875,270.811981201172,12,0.0001,63.2048454284668,271.132590827779,-1.23045992851257,0.247563168406487,0.0799150466918945,5.22778429361235,22723.6969031733,-17165.5767521172,22721.2345594625,-17165.6116501617,22718.7722157518,-17165.6465482062,0,0,1,0
20131214102313.daq,129,14,824.716666666667,1,0,right,-0.884689331054688,270.884689331055,12,0.0001,63.1692276000977,280.400042653375,-1.09862494468689,0.246791556477547,0.0704231560230255,5.11193404766377,22723.812697131,-17174.8385701726,22721.3503996883,-17174.8765928931,22718.8881022456,-17174.9146156137,0,0,1,0
20131214102313.daq,129,14,824.816666666667,1,0,right,-0.954727172851563,270.954727172852,12,0.0001,63.1337509155273,289.66228110261,-0.791009962558746,0.24701452255249,0.060931496322155,4.98847130175775,22723.9361373481,-17184.0945915793,22721.4738882237,-17184.1356241607,22719.0116390993,-17184.1766567422,0,0,1,0
20131214102313.daq,129,14,824.916666666667,1,0,right,-0.999481201171875,270.999481201172,12,0.0001,63.0983276367188,298.919320955378,0.791009962558746,0.246575757861137,0.0514398328959942,4.85682159300011,22724.0677898803,-17193.3473505728,22721.6055735578,-17193.3903064171,22719.1433572353,-17193.4332622613,0,0,1,0
20131214102313.daq,129,14,825.016666666667,1,0,right,-0.991744995117188,270.991744995117,12,0.0001,63.0630950927734,308.171176478681,3.12009477615356,0.246841087937355,0.060931496322155,4.71668342070128,22724.2079402205,-17202.5955959165,22721.7457181205,-17202.6382193064,22719.2834960204,-17202.6808426962,0,0,1,0
20131214102313.daq,129,14,825.116666666667,1,0,right,-0.932388305664063,270.932388305664,12,0.0001,63.0280456542969,317.417879190441,3.60348987579346,0.247338727116585,0.0419481731951237,4.57191827550535,22724.3527349627,-17211.8412571769,22721.8904700274,-17211.8813297569,22719.4282050921,-17211.9214023369,0,0,1,0
20131214102313.daq,129,14,825.216666666667,1,0,right,-0.850875854492188,270.850875854492,12,0.0001,62.9931449890137,326.659452169646,3.07614994049072,0.247143089771271,0.0514398328959942,4.43047333892282,22724.4942143037,-17221.0835736356,22722.0318948504,-17221.1201432088,22719.5695753972,-17221.156712782,0,0,1,0
20131214102313.daq,129,14,825.316666666667,1,0,right,-0.776138305664063,270.776138305664,12,0.0001,62.9583168029785,335.895913786211,2.2411949634552,0.247150540351868,0.0799150466918945,4.29057694630225,22724.6341539138,-17230.319851408,22722.1717888535,-17230.3532090613,22719.7094237932,-17230.3865667147,0,0,1,0
20131214102313.daq,129,14,825.416666666667,1,0,right,-0.715469360351563,270.715469360352,12,0.0001,62.9235038757324,345.127267909964,1.88963496685028,0.246583640575409,0.0704231560230255,4.15965009190708,22724.7651904071,-17239.5518603469,22722.3027914057,-17239.5826106505,22719.8403924042,-17239.6133609541,0,0,1,0
20131214102313.daq,129,14,825.516666666667,1,0,right,-0.6666259765625,270.666625976563,12,0.0001,62.8887214660645,354.353518737058,1.71385490894318,0.247378870844841,0.0704231560230255,4.03596244333757,22724.8891400972,-17248.7777068282,22722.4267157766,-17248.8063579803,22719.9642914559,-17248.8350091323,0,0,1,0
20131214102313.daq,129,14,825.616666666667,1,0,right,-0.627410888671875,270.627410888672,12,0.0001,62.8540458679199,363.574673447627,1.66990995407104,0.24790258705616,0.0704231560230255,3.92168967490539,22725.0039154546,-17257.9994013405,22722.5414721009,-17258.026367123,22720.0790287473,-17258.0533329055,0,0,1,0
20131214102313.daq,129,14,825.716666666667,1,0,right,-0.590682983398438,270.590682983398,12,0.0001,62.8196258544922,372.790760156073,1.66990995407104,0.247059240937233,0.0229646172374487,3.8160634411309,22725.1090775601,-17267.2151721025,22722.6466174267,-17267.2405593971,22720.1841572933,-17267.2659466916,0,0,1,0
20131214102313.daq,129,14,825.816666666667,1,0,right,-0.55572509765625,270.555725097656,12,0.0001,62.7854232788086,382.001816254975,1.71385490894318,0.246922075748444,0.0988983735442162,3.71841481664021,22725.2065355186,-17276.4250374686,22722.744060354,-17276.4489223372,22720.2815851894,-17276.4728072058,0,0,1,0
20131214102313.daq,129,14,825.916666666667,1,0,right,-0.51678466796875,270.516784667969,12,0.0001,62.7513885498047,391.20786799374,1.88963496685028,0.246418759226799,0.0704231560230255,3.62738012152427,22725.2978883717,-17285.631095405,22722.8353975427,-17285.6533066748,22720.3729067137,-17285.6755179445,0,0,1,0
20131214102313.daq,129,14,826.016666666667,1,0,right,-0.470138549804688,270.470138549805,12,0.0001,62.7174987792969,400.408939243964,2.28513979911804,0.245673894882202,0.0988983735442162,3.54447799491388,22725.380953492,-17294.8314857104,22722.9184453962,-17294.8516921895,22720.4559373005,-17294.8718986685,0,0,1,0
20131214102313.daq,129,14,826.116666666667,1,0,right,-0.406234741210938,270.406234741211,12,0.0001,62.6836433410645,409.605044226024,2.98825979232788,0.246018871665001,0.0988983735442162,3.46796406421556,22725.4570949948,-17304.0283994098,22722.9945658938,-17304.0458593631,22720.5320367928,-17304.0633193164,0,0,1,0
20131214102313.daq,129,14,826.216666666667,1,0,right,-0.325576782226563,270.325576782227,12,0.0001,62.6497459411621,418.796181168182,3.29587483406067,0.248157620429993,0.0799150466918945,3.40135388971625,22725.5243893579,-17313.2198672629,22723.0618381177,-17313.2338605823,22720.5992868776,-17313.2478539016,0,0,1,0
20131214102313.daq,129,14,826.316666666667,1,0,right,-0.236923217773438,270.236923217773,12,0.0001,62.6158866882324,427.982346200661,2.94431495666504,0.246659263968468,0.060931496322155,3.34377506351635,22725.58142203,-17322.4095736349,22723.1188520859,-17322.4197566419,22720.6562821417,-17322.4299396488,0,0,1,0
20131214102313.daq,129,14,826.416666666667,1,0,right,-0.161453247070313,270.16145324707,12,0.0001,62.582275390625,437.163562495647,2.15330481529236,0.246243715286255,0.0988983735442162,3.29609698151379,22725.6294994332,-17331.5911327313,22723.1669182123,-17331.5980720345,22720.7043369914,-17331.6050113377,0,0,1,0
20131214102313.daq,129,14,826.516666666667,1,0,right,-0.104339599609375,270.104339599609,12,0.0001,62.5487442016602,446.339858773659,1.62596487998962,0.246761724352837,0.0324562788009644,3.2602140143207,22725.6650360254,-17340.7683262767,22723.2024491107,-17340.7728108237,22720.7398621961,-17340.7772953707,0,0,1,0
20131214102313.daq,129,14,826.616666666667,1,0,right,-0.0636444091796875,270.06364440918,12,0.0001,62.5151672363281,455.511232936595,1.36229491233826,0.247713387012482,0.0514398328959942,3.23385184322473,22725.6918197271,-17349.9412054349,22723.2292302484,-17349.9439408914,22720.7666407696,-17349.946676348,0,0,1,0
20131214102313.daq,129,14,826.716666666667,1,0,right,-0.031982421875,270.031982421875,12,0.0001,62.4816741943359,464.677686849434,1.31834995746613,0.248889312148094,0.0514398328959942,3.21775841442206,22725.7074420406,-17359.108001088,22723.2448514262,-17359.1093757027,22720.7822608119,-17359.1107503174,0,0,1,0
20131214102313.daq,129,14,826.816666666667,1,0,right,-0.006744384765625,270.006744384766,12,0.0001,62.4484100341797,473.839243637762,1.31834995746613,0.247950851917267,0.0799150466918945,3.20983116478038,22725.7156483632,-17368.2687783308,22723.2530573822,-17368.2690682066,22720.7904664013,-17368.2693580824,0,0,1,0
20131214102313.daq,129,14,826.916666666667,1,0,right,0.0171051025390625,269.982894897461,12,0.0001,62.4154739379883,482.995946009345,1.31834995746613,0.247065886855125,0.0894067138433456,3.20717678918368,22725.7180808494,-17377.4236614015,22723.2554899612,-17377.4229262187,22720.7928990729,-17377.4221910359,0,0,1,0
20131214102313.daq,129,14,827.016666666667,1,0,right,0.0409393310546875,269.959060668945,12,0.0001,62.3827209472656,492.147833221738,1.31834995746613,0.247318089008331,0.0894067138433456,3.21068869274521,22725.71465466,-17386.5765903592,22723.2520642906,-17386.5748307738,22720.7894739212,-17386.5730711883,0,0,1,0
20131214102313.daq,129,14,827.116666666667,1,0,right,0.061920166015625,269.938079833984,12,0.0001,62.3501319885254,501.294927887662,1.18651497364044,0.246919974684715,0.127373591065407,3.2184987656,22725.7074983719,-17395.7216362497,22723.244908812,-17395.7189749016,22720.7823192521,-17395.7163135535,0,0,1,0
20131214102313.daq,129,14,827.216666666667,1,0,right,0.076446533203125,269.923553466797,12,0.0001,62.317684173584,510.437254438206,0.878899991512299,0.246902987360954,0.0704231560230255,3.22845902897901,22725.6968347011,-17404.8645704148,22723.2342458951,-17404.8612847192,22720.771657089,-17404.8579990236,0,0,1,0
20131214102313.daq,129,14,827.316666666667,1,0,right,0.082794189453125,269.917205810547,12,0.0001,62.2852401733398,519.574822850926,0.659174978733063,0.246282890439034,0.117881931364536,3.24242343708287,22725.6827703744,-17413.9994915488,22723.2201819475,-17413.9959330292,22720.7575935206,-17413.9923745096,0,0,1,0
20131214102313.daq,129,14,827.416666666667,1,0,right,0.0813751220703125,269.91862487793,12,0.0001,62.2528381347656,528.70763443131,0.527339994907379,0.24510794878006,0.127373591065407,3.2602340953352,22725.6652799865,-17423.1322692874,22723.2026914722,-17423.1287717597,22720.7401029579,-17423.125274232,0,0,1,0
20131214102313.daq,129,14,827.516666666667,1,0,right,0.0746612548828125,269.925338745117,12,0.0001,62.2205238342285,537.83570204764,0.439449995756149,0.247061431407928,0.060931496322155,3.2759844239028,22725.6500700751,-17432.257104795,22723.1874811678,-17432.2538958312,22720.7248922606,-17432.2506868674,0,0,1,0
20131214102313.daq,129,14,827.616666666667,1,0,right,0.0655364990234375,269.934463500977,12,0.0001,62.1881523132324,546.959025886405,0.395504981279373,0.247826218605042,0.0324562788009644,3.29446563100147,22725.6311029372,-17441.377974907,22723.1685135502,-17441.3751581278,22720.7059241631,-17441.3723413487,0,0,1,0
20131214102313.daq,129,14,827.716666666667,1,0,right,0.0553131103515625,269.944686889648,12,0.0001,62.1558609008789,556.077605761093,0.395504981279373,0.24711985886097,0.0704231560230255,3.31115314790519,22725.614156802,-17450.4949117359,22723.1515669515,-17450.4925343611,22720.6889771011,-17450.4901569862,0,0,1,0
20131214102313.daq,129,14,827.816666666667,1,0,right,0.0449371337890625,269.955062866211,12,0.0001,62.123779296875,565.19146442433,0.395504981279373,0.247633203864098,0.0704231560230255,3.32798190977349,22725.5972200536,-17459.6079384582,22723.134629813,-17459.606007046,22720.6720395724,-17459.6040756337,0,0,1,0
20131214102313.daq,129,14,827.916666666667,1,0,right,0.03375244140625,269.966247558594,12,0.0001,62.0918769836426,574.300631622333,0.395504981279373,0.246120437979698,0.0799150466918945,3.34289479208676,22725.5822863683,-17468.7150858372,22723.1196957976,-17468.7136351466,22720.6571052269,-17468.7121844559,0,0,1,0
20131214102313.daq,129,14,828.016666666667,1,0,right,0.022491455078125,269.977508544922,12,0.0001,62.0601234436035,583.405131133441,0.395504981279373,0.246163859963417,0.0894067138433456,3.35587547637967,22725.5693104695,-17477.8163718325,22723.1067196612,-17477.8154051426,22720.644128853,-17477.8144384527,0,0,1,0
20131214102313.daq,129,14,828.116666666667,1,0,right,0.010894775390625,269.989105224609,12,0.0001,62.0284538269043,592.504980348458,0.351559996604919,0.247310221195221,0.060931496322155,3.36688132957236,22725.5583083861,-17486.9137431922,22723.0957174326,-17486.9132749312,22720.6331264791,-17486.9128066703,0,0,1,0
20131214102313.daq,129,14,828.216666666667,1,0,right,-0.001007080078125,270.001007080078,12,0.0001,61.9968605041504,601.600189244986,0.351559996604919,0.247145295143127,0.0514398328959942,3.37766158316026,22725.5473251024,-17496.0072006538,22723.0847341048,-17496.0072439385,22720.6221431072,-17496.0072872231,0,0,1,0
20131214102313.daq,129,14,828.316666666667,1,0,right,-0.0148773193359375,270.014877319336,12,0.0001,61.9654121398926,610.690774887444,0.307614982128143,0.247065529227257,0.0704231560230255,3.38481225419228,22725.5403696268,-17505.0967032914,22723.0777787118,-17505.0973427234,22720.6151877969,-17505.0979821553,0,0,1,0
20131214102313.daq,129,14,828.416666666667,1,0,right,-0.0278778076171875,270.027877807617,12,0.0001,61.9341354370117,619.776760727829,0.307614982128143,0.247062519192696,0.0324562788009644,3.39001485881694,22725.5353134604,-17514.1803677556,22723.0727227539,-17514.1815659526,22720.6101320474,-17514.1827641497,0,0,1,0
20131214102313.daq,129,14,828.516666666667,1,0,right,-0.0420074462890625,270.042007446289,12,0.0001,61.9029655456543,628.858167607141,0.307614982128143,0.247364357113838,0.0799150466918945,3.394984741981,22725.530326974,-17523.2581448523,22723.0677366378,-17523.2599503457,22720.6051463017,-17523.2617558391,0,0,1,0
20131214102313.daq,129,14,828.616666666667,1,0,right,-0.0561065673828125,270.056106567383,12,0.0001,61.8719215393066,637.935011237721,0.307614982128143,0.246163859963417,0.0799150466918945,3.39629269932004,22725.5292447667,-17532.333969361,22723.0666549494,-17532.3363808389,22720.6040651321,-17532.3387923168,0,0,1,0
20131214102313.daq,129,14,828.716666666667,1,0,right,-0.070281982421875,270.070281982422,12,0.0001,61.8409767150879,647.00731096862,0.307614982128143,0.259001433849335,0.0799150466918945,3.39783069448229,22725.5281671859,-17541.4039323989,22723.0655780406,-17541.4069531403,22720.6029888953,-17541.4099738817,0,0,1,0
20131214102313.daq,129,14,828.816666666667,1,0,right,-0.0852203369140625,270.085220336914,12,0.0001,61.8105010986328,656.07508838681,0.307614982128143,0.276503592729568,0.060931496322155,3.39447019585885,22725.5310428845,-17550.4699701439,22723.0684546105,-17550.4736329399,22720.6058663365,-17550.477295736,0,0,1,0
20131214102313.daq,129,14,828.916666666667,1,0,right,-0.098846435546875,270.098846435547,12,0.0001,61.7837600708008,665.138619693978,0.307614982128143,0.278710126876831,0.0799150466918945,3.3894077733287,22725.5357905811,-17559.5301806753,22723.0732032478,-17559.5344291247,22720.6106159145,-17559.5386775742,0,0,1,0
20131214102313.daq,129,14,829.016666666667,1,0,right,-0.113082885742188,270.113082885742,12,0.0001,61.7631454467773,674.198677312968,0.307614982128143,0.279122322797775,0.0799150466918945,3.38273117771843,22725.5425290079,-17568.5884228022,22723.0799428063,-17568.5932831378,22720.6173566046,-17568.5981434734,0,0,1,0
20131214102313.daq,129,14,829.116666666667,1,0,right,-0.1258544921875,270.125854492188,12,0.0001,61.747386932373,683.256089708913,0.483394980430603,0.279282033443451,0.0514398328959942,3.37272123543275,22725.5530831613,-17577.6427946732,22723.0904981043,-17577.6482039353,22720.6279130472,-17577.6536131974,0,0,1,0
20131214102313.daq,129,14,829.216666666667,1,0,right,-0.13360595703125,270.133605957031,12,0.0001,61.7349510192871,692.311449381908,0.659174978733063,0.279303550720215,0.060931496322155,3.36214050830022,22725.5633273332,-17586.6972905229,22723.1007430304,-17586.7030329446,22720.6381587277,-17586.7087753663,0,0,1,0
20131214102313.daq,129,14,829.316666666667,1,0,right,-0.134414672851563,270.134414672852,12,0.0001,61.7247657775879,701.365160610265,0.966789960861206,0.279347896575928,0.0894067138433456,3.34811940960975,22725.5770491338,-17595.7480517741,22723.1144649124,-17595.7538289546,22720.651880691,-17595.7596061351,0,0,1,0
20131214102313.daq,129,14,829.416666666667,1,0,right,-0.1241455078125,270.124145507813,12,0.0001,61.7160987854004,710.417496518457,1.36229491233826,0.279256612062454,0.0704231560230255,3.33541704676797,22725.5900870264,-17604.7990869181,22723.1275018091,-17604.8044227277,22720.6649165918,-17604.8097585373,0,0,1,0
20131214102313.daq,129,14,829.516666666667,1,0,right,-0.102279663085938,270.102279663086,12,0.0001,61.7084312438965,719.468639873274,1.62596487998962,0.279331803321838,0.060931496322155,3.32326050526703,22725.602408829,-17613.8504083987,22723.1398217547,-17613.8548044092,22720.6772346804,-17613.8592004196,0,0,1,0
20131214102313.daq,129,14,829.616666666667,1,0,right,-0.0709686279296875,270.07096862793,12,0.0001,61.7014312744141,728.518710731987,1.93357992172241,0.279824733734131,0.060931496322155,3.31104023881962,22725.6141470944,-17622.9000092157,22723.1515579854,-17622.9030594693,22720.6889688765,-17622.906109723,0,0,1,0
20131214102313.daq,129,14,829.716666666667,1,0,right,-0.025390625,270.025390625,12,0.0001,61.6949005126953,737.567790127447,2.41697478294373,0.280516177415848,0.0704231560230255,3.30438599768425,22725.6210973006,-17631.9480070983,22723.1585065444,-17631.9490983955,22720.6959157882,-17631.9501896926,0,0,1,0
20131214102313.daq,129,14,829.816666666667,1,0,right,0.0365142822265625,269.963485717773,12,0.0001,61.6888046264648,746.615944126104,2.90036988258362,0.28107151389122,0.0894067138433456,3.30197929150029,22725.6231312917,-17640.9983567562,22723.1605407937,-17640.9967873607,22720.6979502958,-17640.9952179653,0,0,1,0
20131214102313.daq,129,14,829.916666666667,1,0,right,0.107772827148438,269.892227172852,12,0.0001,61.6831207275391,755.663234365136,2.8564248085022,0.280446588993073,0.0704231560230255,3.30644773334288,22725.618725872,-17650.0469780697,22723.1561392304,-17650.0423459618,22720.6935525889,-17650.0377138538,0,0,1,0
20131214102313.daq,129,14,830.016666666667,1,0,right,0.181243896484375,269.818756103516,12,0.0001,61.6777839660645,764.709718052414,2.59275484085083,0.28038614988327,0.060931496322155,3.31923832531946,22725.6063688969,-17659.0936947417,22723.1437902198,-17659.0859048339,22720.6812115427,-17659.078114926,0,0,1,0
20131214102313.daq,129,14,830.116666666667,1,0,right,0.244583129882813,269.755416870117,12,0.0001,61.6726722717285,773.755436963213,1.97752487659454,0.280906021595001,0.0799150466918945,3.34054826975347,22725.5848711461,-17668.1421123534,22723.1223025854,-17668.1316001239,22720.6597340246,-17668.1210878944,0,0,1,0
20131214102313.daq,129,14,830.216666666667,1,0,right,0.279769897460938,269.720230102539,12,0.0001,61.6677322387695,782.800418605788,0.791009962558746,0.280744552612305,0.0514398328959942,3.3717430272002,22725.5533960701,-17677.1878893212,22723.0908344296,-17677.1758647689,22720.628272789,-17677.1638402167,0,0,1,0
20131214102313.daq,129,14,830.316666666667,1,0,right,0.287200927734375,269.712799072266,12,0.0001,61.662971496582,791.844688903198,0.17577999830246,0.280967354774475,0.108390033245087,3.40990026529273,22725.5158266176,-17686.2310384856,22723.0532665573,-17686.2186945492,22720.590706497,-17686.2063506128,0,0,1,0
20131214102313.daq,129,14,830.416666666667,1,0,right,0.2763671875,269.7236328125,12,0.0001,61.6583442687988,800.888270887786,0.131834998726845,0.280677765607834,0.060931496322155,3.45174872542207,22725.4735286094,-17695.2717910635,22723.010966259,-17695.2599127591,22720.5484039087,-17695.2480344547,0,0,1,0
20131214102313.daq,129,14,830.516666666667,1,0,right,0.256973266601563,269.743026733398,12,0.0001,61.6538314819336,809.931183162596,0.131834998726845,0.280503869056702,0.0799150466918945,3.49929950352915,22725.4259010822,-17704.3123354805,22722.9633348523,-17704.301290724,22720.5007686224,-17704.2902459675,0,0,1,0
20131214102313.daq,129,14,830.616666666667,1,0,right,0.236312866210938,269.763687133789,12,0.0001,61.6494026184082,818.973440274378,0.131834998726845,0.281046032905579,0.0514398328959942,3.54564029868131,22725.3803049071,-17713.3528486791,22722.9177348547,-17713.3426919051,22720.4551648022,-17713.332535131,0,0,1,0
20131214102313.daq,129,14,830.716666666667,1,0,right,0.215179443359375,269.784820556641,12,0.0001,61.6450271606445,828.015051547976,0.131834998726845,0.280880302190781,0.060931496322155,3.59241501354734,22725.3327846984,-17722.3913967726,22722.8702110671,-17722.3821483128,22720.4076374358,-17722.372899853,0,0,1,0
20131214102313.daq,129,14,830.816666666667,1,0,right,0.194610595703125,269.805389404297,12,0.0001,61.6407127380371,837.056025562211,0.131834998726845,0.2807796895504,0.0894067138433456,3.63620384179605,22725.2891356166,-17731.4299581452,22722.8265588239,-17731.4215937354,22720.3639820311,-17731.4132293256,0,0,1,0
20131214102313.daq,129,14,830.916666666667,1,0,right,0.173446655273438,269.826553344727,12,0.0001,61.636417388916,846.096368984377,0.131834998726845,0.281052947044373,0.0704231560230255,3.67619870442612,22725.2494294211,-17740.4685045423,22722.7868497067,-17740.4610497608,22720.3242699923,-17740.4535949792,0,0,1,0
20131214102313.daq,129,14,831.016666666667,1,0,right,0.152801513671875,269.847198486328,12,0.0001,61.6321258544922,855.136082653691,0.131834998726845,0.280698239803314,0.0514398328959942,3.71352045738641,22725.2116440683,-17749.5051099998,22722.7490618276,-17749.4985425495,22720.286479587,-17749.4919750992,0,0,1,0
20131214102313.daq,129,14,831.116666666667,1,0,right,0.131607055664063,269.868392944336,12,0.0001,61.6278305053711,864.175166476904,0.131834998726845,0.280587673187256,0.0704231560230255,3.74781166849137,22725.1777987583,-17758.5417015707,22722.7152142567,-17758.5360450621,22720.2526297552,-17758.5303885536,0,0,1,0
20131214102313.daq,129,14,831.216666666667,1,0,right,0.111618041992188,269.888381958008,12,0.0001,61.6235313415527,873.213619521543,0.17577999830246,0.281378209590912,0.0514398328959942,3.7775584688904,22725.1477849624,-17767.5783221475,22722.6851986373,-17767.5735247713,22720.2226123122,-17767.568727395,0,0,1,0
20131214102313.daq,129,14,831.316666666667,1,0,right,0.091033935546875,269.908966064453,12,0.0001,61.6192283630371,882.251442347086,0.17577999830246,0.28114253282547,0.0514398328959942,3.80549159179659,22725.1197609162,-17776.6129745967,22722.6571730265,-17776.6090619306,22720.1945851368,-17776.6051492644,0,0,1,0
20131214102313.daq,129,14,831.416666666667,1,0,right,0.072998046875,269.927001953125,12,0.0001,61.6149635314941,891.288636865138,0.219724997878075,0.28080826997757,0.0704231560230255,3.8302821411887,22725.0954854008,-17785.6476890383,22722.6328964015,-17785.6445515596,22720.1703074022,-17785.641414081,0,0,1,0
20131214102313.daq,129,14,831.516666666667,1,0,right,0.0560150146484375,269.943984985352,12,0.0001,61.610710144043,900.325207131988,0.26366999745369,0.280619561672211,0.0704231560230255,3.85013489918414,22725.075050913,-17794.6824289498,22722.6124610919,-17794.6800214069,22720.1498712708,-17794.6776138639,0,0,1,0
20131214102313.daq,129,14,831.616666666667,1,0,right,0.0384674072265625,269.961532592773,12,0.0001,61.6064529418945,909.361153147642,0.26366999745369,0.280625581741333,0.0704231560230255,3.86894483022714,22725.0566043225,-17803.7171546939,22722.5940138795,-17803.7155013525,22720.1314234365,-17803.7138480111,0,0,1,0
20131214102313.daq,129,14,831.716666666667,1,0,right,0.023101806640625,269.976898193359,12,0.0001,61.6021957397461,918.396474585745,0.26366999745369,0.280693709850311,0.0704231560230255,3.88537127834801,22725.0399758736,-17812.7499805727,22722.5773850758,-17812.7489876497,22720.1147942779,-17812.7479947267,0,0,1,0
20131214102313.daq,129,14,831.816666666667,1,0,right,0.0072784423828125,269.992721557617,12,0.0001,61.5979347229004,927.4311709334,0.26366999745369,0.28065413236618,0.0894067138433456,3.89798993981611,22725.0272818611,-17821.7827949467,22722.564690883,-17821.7824821169,22720.1020999049,-17821.7821692871,0,0,1,0
20131214102313.daq,129,14,831.916666666667,1,0,right,-0.00909423828125,270.009094238281,12,0.0001,61.5937156677246,936.465245267835,0.26366999745369,0.280929207801819,0.108390033245087,3.90879958956233,22725.0165748077,-17830.8136424156,22722.5539838407,-17830.8140332889,22720.0913928737,-17830.8144241622,0,0,1,0
20131214102313.daq,129,14,832.016666666667,1,0,right,-0.026763916015625,270.026763916016,12,0.0001,61.5895309448242,945.498703370424,0.219724997878075,0.280750691890717,0.0514398328959942,3.91532881601853,22725.0098540188,-17839.8444576729,22722.5472632894,-17839.8456079946,22720.0846725601,-17839.8467583162,0,0,1,0
20131214102313.daq,129,14,832.116666666667,1,0,right,-0.044189453125,270.044189453125,12,0.0001,61.5853538513184,954.531549110994,0.219724997878075,0.280812412500381,0.0799150466918945,3.92068970620527,22725.0050711394,-17848.8752786073,22722.5424808739,-17848.877177884,22720.0798906083,-17848.8790771607,0,0,1,0
20131214102313.daq,129,14,832.216666666667,1,0,right,-0.06134033203125,270.061340332031,12,0.0001,61.5811729431152,963.563781976671,0.26366999745369,0.281187772750854,0.0419481731951237,3.92300551675885,22725.0022242901,-17857.9061059848,22722.5396347034,-17857.9087424115,22720.0770451166,-17857.9113788381,0,0,1,0
20131214102313.daq,129,14,832.316666666667,1,0,right,-0.0726318359375,270.072631835938,12,0.0001,61.5770072937012,972.595401920815,0.74706494808197,0.280484259128571,0.060931496322155,3.92253300506625,22725.0029216912,-17866.9351244477,22722.5403326719,-17866.9382461865,22720.0777436525,-17866.9413679253,0,0,1,0
20131214102313.daq,129,14,832.416666666667,1,0,right,-0.0569000244140625,270.056900024414,12,0.0001,61.5728797912598,981.626413699123,2.15330481529236,0.280898123979568,0.108390033245087,3.92144952973058,22725.0039031518,-17875.9648091808,22722.5413133682,-17875.9672547618,22720.0787235845,-17875.9697003427,0,0,1,0
20131214102313.daq,129,14,832.516666666667,1,0,right,-0.0133819580078125,270.013381958008,12,0.0001,61.5687522888184,990.656819922537,2.68064475059509,0.281041145324707,0.060931496322155,3.92076955484455,22725.0051209843,-17884.995177577,22722.5425300535,-17884.9957527379,22720.0799391227,-17884.9963278987,0,0,1,0
20131214102313.daq,129,14,832.616666666667,1,0,right,0.0452880859375,269.954711914063,12,0.0001,61.5646781921387,999.686623854737,2.63669991493225,0.280356794595718,-0.0814443528652191,3.92397592060629,22725.0014952357,-17894.0259158191,22722.538905007,-17894.0239693229,22720.0763147783,-17894.0220228266,0,0,1,0
20131214102313.daq,129,14,832.716666666667,1,0,right,0.107284545898438,269.892715454102,12,0.0001,61.5606307983398,1008.71583505368,2.28513979911804,0.280872344970703,0.0419481731951237,3.93148608920198,22724.9937560664,-17903.0567317472,22722.5311693855,-17903.0521206257,22720.0685827046,-17903.0475095041,0,0,1,0
20131214102313.daq,129,14,832.816666666667,1,0,right,0.159683227539063,269.840316772461,12,0.0001,61.5564994812012,1017.74444573316,1.80174493789673,0.281354784965515,0.0704231560230255,3.94481023347041,22724.9807496227,-17912.0853561484,22722.5181681886,-17912.0784929209,22720.0555867545,-17912.0716296934,0,0,1,0
20131214102313.daq,129,14,832.916666666667,1,0,right,0.201065063476563,269.798934936523,12,0.0001,61.552375793457,1026.77244955226,1.58201992511749,0.280784666538239,0.0704231560230255,3.96457171058001,22724.9606112357,-17921.1137091973,22722.4980354009,-17921.105067374,22720.035459566,-17921.0964255508,0,0,1,0
20131214102313.daq,129,14,833.016666666667,1,0,right,0.236251831054688,269.763748168945,12,0.0001,61.5482711791992,1035.79985094028,1.53807497024536,0.280575275421143,0.0894067138433456,3.99261856298258,22724.9330430598,-17930.1419096942,22722.4704729965,-17930.1317555434,22720.0079029332,-17930.1216013926,0,0,1,0
20131214102313.daq,129,14,833.116666666667,1,0,right,0.264404296875,269.735595703125,12,0.0001,61.5441513061523,1044.82664910459,1.49412989616394,0.281066685914993,0.060931496322155,4.02704082817638,22724.8980973266,-17939.1679848279,22722.4355325498,-17939.1566206867,22719.9729677731,-17939.1452565454,0,0,1,0
20131214102313.daq,129,14,833.216666666667,1,0,right,0.291519165039063,269.708480834961,12,0.0001,61.5400581359863,1053.85284409186,1.40623998641968,0.281385987997055,0.0799150466918945,4.06837294006464,22724.8573561268,-17948.1940339236,22722.3947970038,-17948.1815043903,22719.9322378808,-17948.1689748571,0,0,1,0
20131214102313.daq,129,14,833.316666666667,1,0,right,0.314727783203125,269.685272216797,12,0.0001,61.5360412597656,1062.87844452754,1.23045992851257,0.281291216611862,0.0799150466918945,4.11411106013776,22724.8109971432,-17957.2199875269,22722.3484432975,-17957.2064604938,22719.8858894519,-17957.1929334606,0,0,1,0
20131214102313.daq,129,14,833.416666666667,1,0,right,0.330978393554688,269.669021606445,12,0.0001,61.5320587158203,1071.90345866411,1.05467998981476,0.280513793230057,0.0704231560230255,4.16462131167265,22724.761162623,-17966.2438188763,22722.298612713,-17966.2295933978,22719.8360628031,-17966.2153679193,0,0,1,0
20131214102313.daq,129,14,833.516666666667,1,0,right,0.345367431640625,269.654632568359,12,0.0001,61.5280570983887,1080.92788845977,1.05467998981476,0.280674934387207,0.0704231560230255,4.21755574898789,22724.7075370463,-17975.2676048703,22722.2449907865,-17975.2527609571,22719.7824445266,-17975.2379170439,0,0,1,0
20131214102313.daq,129,14,833.616666666667,1,0,right,0.35845947265625,269.641540527344,12,0.0001,61.5240097045898,1089.95172771354,1.01073491573334,0.281518578529358,0.0419481731951237,4.27564587150545,22724.6500854745,-17984.2894061324,22722.1875426708,-17984.2739995297,22719.7249998671,-17984.258592927,0,0,1,0
20131214102313.daq,129,14,833.716666666667,1,0,right,0.366683959960938,269.633316040039,12,0.0001,61.5199737548828,1098.97497274207,0.966789960861206,0.281643033027649,0.0799150466918945,4.33409924881354,22724.5909822465,-17993.3110894827,22722.1284416797,-17993.295329396,22719.6659011129,-17993.2795693092,0,0,1,0
20131214102313.daq,129,14,833.816666666667,1,0,right,0.373870849609375,269.626129150391,12,0.0001,61.516056060791,1107.99763389596,0.878899991512299,0.280741274356842,0.0704231560230255,4.3976576655404,22724.5280370207,-18002.3327476705,22722.0654984501,-18002.3166786954,22719.6029598796,-18002.3006097203,0,0,1,0
20131214102313.daq,129,14,833.916666666667,1,0,right,0.379806518554688,269.620193481445,12,0.0001,61.51220703125,1117.0197271673,0.834954977035522,0.280211597681046,0.0894067138433456,4.45990520748156,22724.4651692912,-18011.3543755558,22722.0026323986,-18011.3380514693,22719.5400955059,-18011.3217273827,0,0,1,0
20131214102313.daq,129,14,834.016666666667,1,0,right,0.383316040039063,269.616683959961,12,0.0001,61.508358001709,1126.04125628601,0.834954977035522,0.280534029006958,0.0514398328959942,4.52518915195587,22724.4004987356,-18020.3739916397,22721.9379628475,-18020.3575167162,22719.4754269594,-18020.3410417926,0,0,1,0
20131214102313.daq,129,14,834.116666666667,1,0,right,0.386978149414063,269.613021850586,12,0.0001,61.5044403076172,1135.06221593694,0.834954977035522,0.280583083629608,0.0894067138433456,4.58925094680235,22724.335818721,-18029.3936113979,22721.8732838909,-18029.3769790792,22719.4107490608,-18029.3603467606,0,0,1,0
20131214102313.daq,129,14,834.216666666667,1,0,right,0.39007568359375,269.609924316406,12,0.0001,61.5005187988281,1144.08260029207,0.834954977035522,0.281207680702209,0.0894067138433456,4.65643815007936,22724.2692205558,-18038.4132174997,22721.8066866284,-18038.3964520511,22719.3441527011,-18038.3796866025,0,0,1,0
20131214102313.daq,129,14,834.316666666667,1,0,right,0.394027709960938,269.605972290039,12,0.0001,61.4966278076172,1153.10241098324,0.834954977035522,0.28064689040184,0.0799150466918945,4.72249873110509,22724.2025694425,-18047.4308911103,22721.7400366775,-18047.4139558063,22719.2775039124,-18047.3970205023,0,0,1,0
20131214102313.daq,129,14,834.416666666667,1,0,right,0.398406982421875,269.601593017578,12,0.0001,61.4927635192871,1162.12165337223,0.834954977035522,0.280777096748352,0.060931496322155,4.78964549311039,22724.1358918499,-18056.4485750238,22721.6733603864,-18056.4314515018,22719.210828923,-18056.4143279798,0,0,1,0
20131214102313.daq,129,14,834.516666666667,1,0,right,0.40191650390625,269.598083496094,12,0.0001,61.4888801574707,1171.1403279253,0.834954977035522,0.280676037073135,0.0704231560230255,4.85775997596348,22724.0673150168,-18065.4662379122,22721.6047846068,-18065.4489635535,22719.1422541968,-18065.4316891948,0,0,1,0
20131214102313.daq,129,14,834.616666666667,1,0,right,0.405563354492188,269.594436645508,12,0.0001,61.4850158691406,1180.15843398969,0.834954977035522,0.280722260475159,0.0894067138433456,4.92667944176662,22723.9987296689,-18074.4819509782,22721.5362003634,-18074.4645198806,22719.073671058,-18074.447088783,0,0,1,0
20131214102313.daq,129,14,834.716666666667,1,0,right,0.408782958984375,269.591217041016,12,0.0001,61.4811668395996,1189.17597440949,0.834954977035522,0.280659079551697,0.0988983735442162,4.99493570100853,22723.9301707902,-18083.4976537149,22721.4676424681,-18083.4800842412,22719.005114146,-18083.4625147674,0,0,1,0
20131214102313.daq,129,14,834.816666666667,1,0,right,0.412933349609375,269.587066650391,12,0.0001,61.4773445129395,1198.19295212202,0.834954977035522,0.280865430831909,0.0704231560230255,5.06568186574945,22723.8596011036,-18092.5133789088,22721.3970740607,-18092.4956310545,22718.9345470178,-18092.4778832002,0,0,1,0
20131214102313.daq,129,14,834.916666666667,1,0,right,0.415313720703125,269.584686279297,12,0.0001,61.4735298156738,1207.20936997134,0.834954977035522,0.280971437692642,0.108390033245087,5.13602959969685,22723.7891410963,-18101.5271082395,22721.3266147928,-18101.5092580787,22718.8640884894,-18101.491407918,0,0,1,0
20131214102313.daq,129,14,835.016666666667,1,0,right,0.420013427734375,269.579986572266,12,0.0001,61.4697380065918,1216.22522982243,0.834954977035522,0.280472457408905,0.0799150466918945,5.20663406297842,22723.7185373568,-18110.5428466597,22721.2560125258,-18110.5247945094,22718.7934876948,-18110.5067423591,0,0,1,0
20131214102313.daq,129,14,835.116666666667,1,0,right,0.42401123046875,269.575988769531,12,0.0001,61.4659843444824,1225.24053633772,0.834954977035522,0.280789136886597,0.0988983735442162,5.27728357644001,22723.6479771069,-18119.5566149967,22721.1854535414,-18119.5383910242,22718.722929976,-18119.5201670518,0,0,1,0
20131214102313.daq,129,14,835.216666666667,1,0,right,0.427032470703125,269.572967529297,12,0.0001,61.4622344970703,1234.25529236127,0.834954977035522,0.280658960342407,0.0894067138433456,5.34955525919467,22723.5755242465,-18128.568406634,22721.1130016455,-18128.5500528112,22718.6504790444,-18128.5316989885,0,0,1,0
20131214102313.daq,129,14,835.316666666667,1,0,right,0.428787231445313,269.571212768555,12,0.0001,61.4584884643555,1243.26949901207,0.57128494977951,0.280586391687393,0.0704231560230255,5.42226940018083,22723.5031498719,-18137.582120838,22721.0406278342,-18137.5636915972,22718.5781057964,-18137.5452623563,0,0,1,0
20131214102313.daq,129,14,835.416666666667,1,0,right,0.414138793945313,269.585861206055,12,0.0001,61.4547309875488,1252.28315563737,-0.219724982976913,0.281283318996429,0.0514398328959942,5.49521584518032,22723.4298389047,-18146.5934861307,22720.9673122357,-18146.5756864674,22718.5047855667,-18146.557886804,0,0,1,0
20131214102313.daq,129,14,835.516666666667,1,0,right,0.377716064453125,269.622283935547,12,0.0001,61.4509811401367,1261.29626088507,-0.966789960861206,0.280614674091339,0.117881931364536,5.56572380779577,22723.3598300518,-18155.604325018,22720.8972925652,-18155.5880907778,22718.4347550786,-18155.5718565377,0,0,1,0
20131214102313.daq,129,14,835.616666666667,1,0,right,0.323944091796875,269.676055908203,12,0.0001,61.447193145752,1270.30881568767,-1.2744048833847,0.281123101711273,0.060931496322155,5.63226462930538,22723.2928482688,-18164.6127890532,22720.8302966309,-18164.5988659063,22718.367744993,-18164.5849427594,0,0,1,0
20131214102313.daq,129,14,835.716666666667,1,0,right,0.2587890625,269.7412109375,12,0.0001,61.4433288574219,1279.3208087621,-1.2744048833847,0.281202137470245,0.0704231560230255,5.69493607189072,22723.2304761806,-18173.6190202405,22720.7679103019,-18173.6078974414,22718.3053444232,-18173.5967746422,0,0,1,0
20131214102313.daq,129,14,835.816666666667,1,0,right,0.191116333007813,269.808883666992,12,0.0001,61.4394836425781,1288.33223558583,-1.05467987060547,0.281072467565536,0.0799150466918945,5.7491430419131,22723.1760705725,-18182.6271385926,22720.7134932742,-18182.6189243665,22718.250915976,-18182.6107101403,0,1,1,1
20131214102313.daq,129,14,835.916666666667,1,0,right,0.129150390625,269.870849609375,12,0.0001,61.4356575012207,1297.34309923602,-0.74706494808197,0.281311511993408,0.0799150466918945,5.79814272651715,22723.1271694479,-18191.6334383952,22720.6645847061,-18191.6278874747,22718.2019999642,-18191.6223365541,0,1,1,1
20131214102313.daq,129,14,836.016666666667,1,0,right,0.073028564453125,269.926971435547,12,0.0001,61.4318656921387,1306.35340381564,-0.615229964256287,0.280748337507248,0.0894067138433456,5.8357240336382,22723.0896241391,-18200.6398772861,22720.6270351415,-18200.6367384958,22718.1644461438,-18200.6335997055,0,1,1,1
20131214102313.daq,129,14,836.116666666667,1,0,right,0.024322509765625,269.975677490234,12,0.0001,61.4281539916992,1315.36315790352,-0.527339935302734,0.282027453184128,0.0988983735442162,5.863835572766,22723.0613848063,-18209.646494927,22720.5987940302,-18209.6454495377,22718.1362032541,-18209.6444041485,0,1,1,1
20131214102313.daq,129,14,836.216666666667,1,0,right,-0.0217437744140625,270.021743774414,12,0.0001,61.4244842529297,1324.37237091776,-0.527339935302734,0.28186959028244,0.0799150466918945,5.88476331794832,22723.0407938658,-18218.6512218471,22720.5782030451,-18218.6521564015,22718.1156122244,-18218.6530909559,0,1,1,1
20131214102313.daq,129,14,836.316666666667,1,0,right,-0.066741943359375,270.066741943359,12,0.0001,61.4209594726563,1333.38105502725,-0.527339935302734,0.282441258430481,0.0799150466918945,5.89723075749786,22723.0279485436,-18227.6559728156,22720.5653592163,-18227.6588414052,22718.1027698891,-18227.6617099947,0,1,1,1
20131214102313.daq,129,14,836.416666666667,1,0,right,-0.1114501953125,270.111450195313,12,0.0001,61.4176177978516,1342.3892356888,-0.483394980430603,0.281799346208572,0.060931496322155,5.90125115971225,22723.0248500743,-18236.6607287638,22720.5622637352,-18236.6655189259,22718.099677396,-18236.6703090881,0,1,1,1
20131214102313.daq,129,14,836.516666666667,1,0,right,-0.1512451171875,270.151245117188,12,0.0001,61.4144287109375,1351.39693798624,-0.219724982976913,0.28120344877243,0.0894067138433456,5.8979210538614,22723.0273068382,-18245.665604164,22720.56472442,-18245.6721047201,22718.1021420019,-18245.6786052762,0,1,1,1
20131214102313.daq,129,14,836.616666666667,1,0,right,-0.187332153320313,270.18733215332,12,0.0001,61.4112739562988,1360.40417688591,-0.131834983825684,0.282329708337784,0.0894067138433456,5.88791849188051,22723.0373466021,-18254.6705697707,22720.5747687667,-18254.6786213525,22718.1121909313,-18254.6866729342,0,1,1,1
20131214102313.daq,129,14,836.716666666667,1,0,right,-0.216018676757813,270.216018676758,12,0.0001,61.4081420898438,1369.41095364666,0.131834998726845,0.282265871763229,0.0704231560230255,5.87261549930249,22723.0527885853,-18263.6737645405,22720.5902150897,-18263.6830490705,22718.1276415942,-18263.6923336006,0,1,1,1
20131214102313.daq,129,14,836.816666666667,1,0,right,-0.23809814453125,270.238098144531,12,0.0001,61.4051513671875,1378.4172813699,0.219724997878075,0.281713664531708,0.0894067138433456,5.85145995651175,22723.0736820109,-18272.6771225742,22720.6111122761,-18272.6873560794,22718.1485425413,-18272.6975895847,0,1,1,1
20131214102313.daq,129,14,836.916666666667,1,0,right,-0.257476806640625,270.257476806641,12,0.0001,61.4022254943848,1387.4231763741,0.219724997878075,0.281605422496796,0.0988983735442162,5.82523361524604,22723.1002680132,-18281.6805472343,22720.6377018805,-18281.6916136329,22718.1751357477,-18281.7026800315,0,1,1,1
20131214102313.daq,129,14,837.016666666667,1,0,right,-0.275985717773438,270.275985717773,12,0.0001,61.3992385864258,1396.42863823963,0.219724997878075,0.281648874282837,0.0704231560230255,5.79642926183856,22723.1287533376,-18290.6839931317,22720.6661909083,-18290.6958550406,22718.2036284789,-18290.7077169495,0,1,1,1
20131214102313.daq,129,14,837.116666666667,1,0,right,-0.293121337890625,270.293121337891,12,0.0001,61.3962097167969,1405.43365918026,0.219724997878075,0.282009243965149,0.0894067138433456,5.76220572273564,22723.1630132039,-18299.6874728567,22720.7004544323,-18299.700071251,22718.2378956606,-18299.7126696452,0,1,1,1
20131214102313.daq,129,14,837.216666666667,1,0,right,-0.311080932617188,270.311080932617,12,0.0001,61.3931922912598,1414.4382355593,0.219724997878075,0.281762003898621,0.0988983735442162,5.72613935034772,22723.1992768722,-18308.6889786079,22720.7367221705,-18308.7023489006,22718.2741674688,-18308.7157191933,0,1,1,1
20131214102313.daq,129,14,837.316666666667,1,0,right,-0.3292236328125,270.329223632813,12,0.0001,61.3902168273926,1423.44237203916,0.219724997878075,0.281780868768692,0.0799150466918945,5.68564285974881,22723.2394579386,-18317.6904794456,22720.7769075941,-18317.7046295051,22718.3143572496,-18317.7187795647,0,0,1,0
20131214102313.daq,129,14,837.416666666667,1,0,right,-0.347930908203125,270.347930908203,12,0.0001,61.3872909545898,1432.44607570674,0.219724997878075,0.281711369752884,0.0894067138433456,5.64375306133019,22723.2816267881,-18326.6919658377,22720.8190811949,-18326.706919928,22718.3565356017,-18326.7218740182,0,0,1,0
20131214102313.daq,129,14,837.516666666667,1,0,right,-0.364974975585938,270.364974975586,12,0.0001,61.3843727111816,1441.44935145754,0.219724997878075,0.281656444072723,0.0514398328959942,5.59760141973169,22723.3275992252,-18335.693493398,22720.8650581895,-18335.7091800335,22718.4025171537,-18335.7248666691,0,0,1,0
20131214102313.daq,129,14,837.616666666667,1,0,right,-0.382156372070313,270.38215637207,12,0.0001,61.3814544677734,1450.45219938485,0.219724997878075,0.282019317150116,0.0229646172374487,5.54957433611543,22723.3755331239,-18344.693064088,22720.9129969028,-18344.7094891698,22718.4504606817,-18344.7259142516,0,0,1,0
20131214102313.daq,129,14,837.716666666667,1,0,right,-0.399917602539063,270.399917602539,12,0.0001,61.3785514831543,1459.45461995487,0.219724997878075,0.281651437282562,0.0419481731951237,5.50010084198688,22723.4254557476,-18353.694573081,22720.9629247365,-18353.7117615284,22718.5003937253,-18353.7289499758,0,0,1,0
20131214102313.daq,129,14,837.816666666667,1,0,right,-0.41815185546875,270.418151855469,12,0.0001,61.375675201416,1468.45661703745,0.219724997878075,0.281747817993164,0.0799150466918945,5.44576546795168,22723.479313627,-18362.6941167679,22721.0167882108,-18362.7120889093,22718.5542627946,-18362.7300610508,0,0,1,0
20131214102313.daq,129,14,837.916666666667,1,0,right,-0.4351806640625,270.435180664063,12,0.0001,61.3727874755859,1477.45819147179,0.219724997878075,0.281451433897018,0.0894067138433456,5.39011424213739,22723.5350502268,-18371.6917371731,22721.0725302608,-18371.710441198,22718.6100102948,-18371.7291452228,0,0,1,0
20131214102313.daq,129,14,838.016666666667,1,0,right,-0.453521728515625,270.453521728516,12,0.0001,61.3699188232422,1486.4593434444,0.219724997878075,0.281478762626648,0.0799150466918945,5.33057768727472,22723.5947737793,-18380.6912774905,22721.1322599268,-18380.7107697965,22718.6697460744,-18380.7302621024,0,0,1,0
20131214102313.daq,129,14,838.116666666667,1,0,right,-0.47137451171875,270.471374511719,12,0.0001,61.367057800293,1495.46007598587,0.219724997878075,0.282006442546844,0.060931496322155,5.26859701594577,22723.6564202375,-18389.6888765734,22721.1939125782,-18389.7091361727,22718.7314049189,-18389.729395772,0,0,1,0
20131214102313.daq,129,14,838.216666666667,1,0,right,-0.48974609375,270.48974609375,12,0.0001,61.3641738891602,1504.4603868582,0.219724997878075,0.2814781665802,0.0419481731951237,5.20323517035037,22723.7220047537,-18398.6864622858,22721.2595037171,-18398.7075114738,22718.7970026805,-18398.7285606618,0,0,1,0
20131214102313.daq,129,14,838.316666666667,1,0,right,-0.507339477539063,270.507339477539,12,0.0001,61.3612785339355,1513.46027396335,0.219724997878075,0.28226763010025,0.0894067138433456,5.13571554171196,22723.7894943318,-18407.6840671925,22721.3269998747,-18407.7058725212,22718.8645054177,-18407.7276778498,0,0,1,0
20131214102313.daq,129,14,838.416666666667,1,0,right,-0.5247802734375,270.524780273438,12,0.0001,61.3584136962891,1522.45973828038,0.219724997878075,0.281626582145691,0.0514398328959942,5.06605216485884,22723.8589275052,-18416.681675604,22721.3964397997,-18416.7042305133,22718.9339520943,-18416.7267854226,0,0,1,0
20131214102313.daq,129,14,838.516666666667,1,0,right,-0.5433349609375,270.543334960938,12,0.0001,61.3555679321289,1531.45878414539,0.219724997878075,0.28201687335968,0.0799150466918945,4.99297251019935,22723.9323353623,-18425.6773025284,22721.4698550902,-18425.7006548895,22719.007374818,-18425.7240072506,0,0,1,0
20131214102313.daq,129,14,838.616666666667,1,0,right,-0.560272216796875,270.560272216797,12,0.0001,61.3527297973633,1540.45741309693,0.219724997878075,0.28197392821312,0.060931496322155,4.91750089910248,22724.0075966428,-18434.6749229486,22721.5451233815,-18434.6990032446,22719.0826501202,-18434.7230835406,0,0,1,0
20131214102313.daq,129,14,838.716666666667,1,0,right,-0.577255249023438,270.577255249023,12,0.0001,61.3499031066895,1549.45562676687,0.219724997878075,0.281825184822083,0.0514398328959942,4.83818452880869,22724.0867668644,-18443.6705887818,22721.6243008488,-18443.695398978,22719.1618348333,-18443.7202091742,0,0,1,0
20131214102313.daq,129,14,838.816666666667,1,0,right,-0.59576416015625,270.595764160156,12,0.0001,61.3470878601074,1558.45342674044,0.219724997878075,0.28172504901886,0.0514398328959942,4.75736300100259,22724.1679839767,-18452.66426269,22721.7055261044,-18452.6898683634,22719.2430682321,-18452.7154740369,0,0,1,0
20131214102313.daq,129,14,838.916666666667,1,0,right,-0.613189697265625,270.613189697266,12,0.0001,61.3442802429199,1567.45081399673,0.219724997878075,0.281709372997284,0.0894067138433456,4.67199278144012,22724.2530405333,-18461.6599167051,22721.7905905624,-18461.686271292,22719.3281405915,-18461.712625879,0,0,1,0
20131214102313.daq,129,14,839.016666666667,1,0,right,-0.631240844726563,270.631240844727,12,0.0001,61.3414764404297,1576.44779035408,0.219724997878075,0.281814157962799,0.0799150466918945,4.58481917829581,22724.3400885673,-18470.653601464,22721.8776470217,-18470.6807318493,22719.415205476,-18470.7078622347,0,0,1,0
20131214102313.daq,129,14,839.116666666667,1,0,right,-0.648788452148438,270.648788452148,12,0.0001,61.3386573791504,1585.44435371443,0.219724997878075,0.282121956348419,0.0514398328959942,4.4962824497048,22724.42905861,-18479.6472986041,22721.9666254889,-18479.6751831441,22719.5041923678,-18479.7030676842,0,0,1,0
20131214102313.daq,129,14,839.216666666667,1,0,right,-0.659927368164063,270.659927368164,12,0.0001,61.3358840942383,1594.44050659545,0.703119993209839,0.281677842140198,0.0324562788009644,4.40346472170022,22724.52154061,-18488.641157541,22722.0591129565,-18488.669520804,22719.596685303,-18488.6978840671,0,0,1,0
20131214102313.daq,129,14,839.316666666667,1,0,right,-0.651443481445313,270.651443481445,12,0.0001,61.3331489562988,1603.43625599077,1.66990995407104,0.282521963119507,0.0514398328959942,4.31011263354622,22724.6147687937,-18497.6355127241,22722.1523369674,-18497.6635113708,22719.6899051411,-18497.6915100175,0,0,1,0
20131214102313.daq,129,14,839.416666666667,1,0,right,-0.6190185546875,270.619018554688,12,0.0001,61.3304138183594,1612.43160367216,2.32908487319946,0.282040774822235,0.0419481731951237,4.21683922648287,22724.7084772742,-18506.6304726656,22722.2460299971,-18506.6570777642,22719.7835827201,-18506.6836828629,0,0,1,0
20131214102313.daq,129,14,839.516666666667,1,0,right,-0.573211669921875,270.573211669922,12,0.0001,61.3277282714844,1621.42655360261,2.32908487319946,0.281575411558151,0.0419481731951237,4.12384674628171,22724.8013617636,-18515.6238156948,22722.3388940033,-18515.6484521055,22719.8764262429,-18515.6730885161,0,0,1,0
20131214102313.daq,129,14,839.616666666667,1,0,right,-0.519454956054688,270.519454956055,12,0.0001,61.3250007629395,1630.4211091391,2.2411949634552,0.281504213809967,0.0894067138433456,4.03513020289257,22724.8898496492,-18524.6193095177,22722.427359858,-18524.6416355527,22719.9648700668,-18524.6639615876,0,0,1,0
20131214102313.daq,129,14,839.716666666667,1,0,right,-0.46954345703125,270.469543457031,12,0.0001,61.3221969604492,1639.41525792622,1.97752487659454,0.281790405511856,0.0894067138433456,3.95255599843163,22724.9727137161,-18533.6147037665,22722.5102054107,-18533.6348846692,22720.0476971052,-18533.6550655718,0,0,1,0
20131214102313.daq,129,14,839.816666666667,1,0,right,-0.425079345703125,270.425079345703,12,0.0001,61.3193855285645,1648.40899427581,1.7577999830246,0.282457858324051,0.0704231560230255,3.87744713880544,22725.0480998016,-18542.6080058133,22722.5855765764,-18542.6262756925,22720.1230533511,-18542.6445455716,0,0,1,0
20131214102313.daq,129,14,839.916666666667,1,0,right,-0.385986328125,270.385986328125,12,0.0001,61.3165893554688,1657.40231921359,1.71385490894318,0.282194972038269,0.0894067138433456,3.80715330901625,22725.1179566485,-18551.601171471,22722.6554215309,-18551.6177611618,22720.1928864133,-18551.6343508526,0,0,1,0
20131214102313.daq,129,14,840.016666666667,1,0,right,-0.35162353515625,270.351623535156,12,0.0001,61.313892364502,1666.39524094544,1.62596487998962,0.281631231307983,0.0894067138433456,3.74294747431583,22725.18224503,-18560.5942174149,22722.7197004057,-18560.6093302125,22720.2571557814,-18560.62444301,0,0,1,0
20131214102313.daq,129,14,840.116666666667,1,0,right,-0.325531005859375,270.325531005859,12,0.0001,61.3112449645996,1675.38777136051,1.09862494468689,0.281726956367493,0.0988983735442162,3.68660494976492,22725.2392302857,-18569.5870559044,22722.7766790344,-18569.6010472563,22720.314127783,-18569.6150386081,0,0,1,0
20131214102313.daq,129,14,840.216666666667,1,0,right,-0.32177734375,270.32177734375,12,0.0001,61.3085556030273,1684.37991055206,0.0878899991512299,0.281596660614014,0.117881931364536,3.6354740193987,22725.2897801139,-18578.5773838702,22722.8272279512,-18578.5912138911,22720.3646757885,-18578.6050439119,0,0,1,0
20131214102313.daq,129,14,840.316666666667,1,0,right,-0.344024658203125,270.344024658203,12,0.0001,61.3058586120605,1693.37165446379,-0.659174978733063,0.28152522444725,0.0894067138433456,3.58513960331041,22725.3399797469,-18587.5670633269,22722.8774331399,-18587.5818495283,22720.4148865329,-18587.5966357297,0,0,1,0
20131214102313.daq,129,14,840.416666666667,1,0,right,-0.381484985351563,270.381484985352,12,0.0001,61.3031997680664,1702.36300626612,-0.659174978733063,0.281495869159698,0.0799150466918945,3.5364406887842,22725.3891636234,-18596.5563621199,22722.92662721,-18596.5727583459,22720.4640907966,-18596.5891545719,0,0,1,0
20131214102313.daq,129,14,840.516666666667,1,0,right,-0.425811767578125,270.425811767578,12,0.0001,61.3005638122559,1711.35396978226,-0.483394980430603,0.281541973352432,0.0799150466918945,3.48460346476194,22725.4407230496,-18605.5435343465,22722.9782000581,-18605.5618357045,22720.5156770666,-18605.5801370625,0,0,1,0
20131214102313.daq,129,14,840.616666666667,1,0,right,-0.46600341796875,270.466003417969,12,0.0001,61.2978744506836,1720.34454277423,-0.0878899917006493,0.282280415296555,0.0514398328959942,3.42908628795813,22725.4959331874,-18614.5308082048,22723.0334236397,-18614.5508369605,22720.570914092,-18614.5708657162,0,0,1,0
20131214102313.daq,129,14,840.716666666667,1,0,right,-0.495498657226563,270.495498657227,12,0.0001,61.2951889038086,1729.334720533,0.219724997878075,0.282082766294479,0.013472955673933,3.36895285728382,22725.5563433628,-18623.5163959356,22723.093844452,-18623.5376923615,22720.6313455412,-18623.5589887874,0,0,1,0
20131214102313.daq,129,14,840.816666666667,1,0,right,-0.518096923828125,270.518096923828,12,0.0001,61.292537689209,1738.32450781423,0.219724997878075,0.281777232885361,0.0799150466918945,3.30532763102991,22725.6202347892,-18632.5041092878,22723.1577444695,-18632.5263769564,22720.6952541499,-18632.5486446251,0,0,1,0
20131214102313.daq,129,14,840.916666666667,1,0,right,-0.537368774414063,270.537368774414,12,0.0001,61.2898902893066,1747.31390601664,0.219724997878075,0.281353741884232,0.0894067138433456,3.23523189088045,22725.6897805986,-18641.4919057997,22723.2272979081,-18641.5150017436,22720.7648152177,-18641.5380976874,0,0,1,0
20131214102313.daq,129,14,841.016666666667,1,0,right,-0.555007934570313,270.55500793457,12,0.0001,61.2872543334961,1756.30291709846,0.219724997878075,0.281564176082611,0.117881931364536,3.16191809583905,22725.7631320016,-18650.4777899034,22723.3006565382,-18650.5016439496,22720.8381810748,-18650.5254979957,0,0,1,0
20131214102313.daq,129,14,841.116666666667,1,0,right,-0.57177734375,270.57177734375,12,0.0001,61.2846221923828,1765.29154152593,0.219724997878075,0.281582415103912,0.155848801136017,3.085339019548,22725.8403359903,-18659.4636955909,22723.377867614,-18659.4882703568,22720.9153992377,-18659.5128451227,0,0,1,0
20131214102313.daq,129,14,841.216666666667,1,0,right,-0.590042114257813,270.590042114258,12,0.0001,61.2819709777832,1774.2797784598,0.219724997878075,0.281761854887009,0.060931496322155,3.00367050724123,22725.9215381239,-18668.4495632652,22723.4590777066,-18668.4749230164,22720.9966172894,-18668.5002827677,0,0,1,0
20131214102313.daq,129,14,841.316666666667,1,0,right,-0.607574462890625,270.607574462891,12,0.0001,61.2793350219727,1783.26762776021,0.219724997878075,0.281695246696472,0.0514398328959942,2.92025709708582,22726.0046481713,-18677.4334959416,22723.5421956294,-18677.4596091977,22721.0797430875,-18677.4857224538,0,0,1,0
20131214102313.daq,129,14,841.416666666667,1,0,right,-0.625442504882813,270.625442504883,12,0.0001,61.2767333984375,1792.25509283073,0.219724997878075,0.281852185726166,0.0799150466918945,2.83546005710245,22726.0897318603,-18686.4193729342,22723.6272875817,-18686.44625412,22721.1648433031,-18686.4731353058,0,0,1,0
20131214102313.daq,129,14,841.516666666667,1,0,right,-0.643264770507813,270.643264770508,12,0.0001,61.2741546630859,1801.24217828714,0.26366999745369,0.281941711902618,0.0324562788009644,2.74703396834966,22726.1787188427,-18695.4032976161,22723.7162830448,-18695.4309447616,22721.2538472469,-18695.4585919072,0,0,1,0
20131214102313.daq,129,14,841.616666666667,1,0,right,-0.660125732421875,270.660125732422,12,0.0001,61.2715644836426,1810.22888454908,0.351559996604919,0.281623184680939,0.241274461150169,2.65346160845874,22726.2715528104,-18704.3872462735,22723.8091252551,-18704.4156180617,22721.3466976998,-18704.4439898499,0,0,1,0
20131214102313.daq,129,16,844.7,1,0,right,1.26026916503906,268.739730834961,12,0.0001,61.1912269592285,0,2.10935997962952,0.281488567590714,0.108390033245087,2.84852296274163,22726.0921005685,-18981.3088340152,22723.6301052685,-18981.2546716096,22721.1681099685,-18981.200509204,1,0,0,0
20131214102313.daq,129,16,844.8,1,0,right,1.30743408203125,268.692565917969,12,0.0001,61.1888809204102,8.9745615945576,1.93357992172241,0.281309276819229,0.060931496322155,3.02479116252542,22725.8997077744,-18990.2825842032,22723.4377578941,-18990.2263951432,22720.9758080139,-18990.1702060833,1,0,0,0
20131214102313.daq,129,16,844.9,1,0,right,1.35160827636719,268.648391723633,12,0.0001,61.1865119934082,17.9487782634169,1.80174493789673,0.282206326723099,0.0704231560230255,3.22655979015915,22725.6977349436,-18999.2543097047,22723.235829116,-18999.1962225349,22720.7739232884,-18999.1381353651,1,0,0,0
20131214102313.daq,129,16,845,1,0,right,1.38908386230469,268.610916137695,12,0.0001,61.1841621398926,26.922647255742,1.58201992511749,0.281873166561127,0.060931496322155,3.43574713127944,22725.4883666263,-19008.2258785073,22723.0264993185,-19008.1661810854,22720.5646320107,-19008.1064836636,1,0,0,0
20131214102313.daq,129,16,845.1,1,0,right,1.4180908203125,268.581909179688,12,0.0001,61.1818771362305,35.8961764976339,1.31834995746613,0.281116724014282,0.0704231560230255,3.65029318424424,22725.2736666695,-19017.1972506369,22722.8118299,-19017.1363068607,22720.3499931305,-19017.0753630846,1,0,0,0
20131214102313.daq,129,16,845.2,1,0,right,1.43829345703125,268.561706542969,12,0.0001,61.1795883178711,44.8693719569928,1.01073491573334,0.282393723726273,0.0704231560230255,3.87215265300766,22725.0517031892,-19026.166466041,22722.5898880617,-19026.1046542188,22720.1280729341,-19026.0428423966,1,0,0,0
20131214102313.daq,129,16,845.3,1,0,right,1.44882202148438,268.551177978516,12,0.0001,61.1772537231445,53.842227246314,0.834954977035522,0.281233489513397,0.0894067138433456,4.0973400167493,22724.8264369174,-19035.1354584093,22722.3646331899,-19035.0731942097,22719.9028294624,-19035.01093001,1,0,0,0
20131214102313.daq,129,16,845.4,1,0,right,1.453857421875,268.546142578125,12,0.0001,61.1749534606934,62.8147420392197,0.703119993209839,0.28123527765274,0.0988983735442162,4.32611064529772,22724.5976071087,-19044.1043242819,22722.1358088627,-19044.0418437286,22719.6740106167,-19043.9793631752,1,0,0,0
20131214102313.daq,129,16,845.5,1,0,right,1.45144653320313,268.548553466797,12,0.0001,61.1726989746094,71.7869237489504,0.527339994907379,0.28175550699234,0.0894067138433456,4.55639323356091,22724.3672887873,-19053.073018807,22721.9054879145,-19053.0106418411,22719.4436870416,-19052.9482648752,1,0,0,0
20131214102313.daq,129,16,845.6,1,0,right,1.44334411621094,268.556655883789,12,0.0001,61.1704483032227,80.7587749398517,0.307614982128143,0.282072782516479,0.060931496322155,4.78830356624123,22724.1353724497,-19062.0396291976,22721.6735627805,-19061.9776003651,22719.2117531113,-19061.9155715326,1,0,0,0
20131214102313.daq,129,16,845.7,1,0,right,1.42550659179688,268.574493408203,12,0.0001,61.1682090759277,89.7302966376519,-0.0878899917006493,0.282118320465088,0.0514398328959942,5.01963001379728,22723.9040634256,-19071.0060152742,22721.4422345647,-19070.9447528639,22718.9804057037,-19070.8834904537,1,0,0,0
20131214102313.daq,129,16,845.8,1,0,right,1.39239501953125,268.607604980469,12,0.0001,61.1660194396973,98.7014933182581,-0.659174978733063,0.281467080116272,0.0514398328959942,5.25003837848383,22723.6737069824,-19079.9720486708,22721.2118431287,-19079.9122089763,22718.7499792749,-19079.8523692817,1,0,0,0
20131214102313.daq,129,16,845.9,1,0,right,1.32684326171875,268.673156738281,12,0.0001,61.163818359375,107.672368898107,-2.0654149055481,0.282332122325897,0.117881931364536,5.47458852755909,22723.4492790383,-19088.9353774247,22720.9873483336,-19088.8783543724,22718.5254176289,-19088.8213313201,1,0,0,0
20131214102313.daq,129,16,846,1,0,right,1.24082946777344,268.759170532227,12,0.0001,61.1614875793457,116.642912327276,-2.2411949634552,0.281590521335602,0.0799150466918945,5.69399659146597,22723.2300306831,-19097.8982261788,22720.7680171482,-19097.8448990986,22718.3060036133,-19097.7915720184,1,0,0,0
20131214102313.daq,129,16,846.1,1,0,right,1.13841247558594,268.861587524414,12,0.0001,61.1591033935547,125.613110457758,-2.2411949634552,0.281643182039261,0.0704231560230255,5.90459979578071,22723.0196132822,-19106.8606839854,22720.5575083578,-19106.8117578711,22718.0954034334,-19106.7628317567,0,1,0,1
20131214102313.daq,129,16,846.2,1,0,right,1.03260803222656,268.967391967773,12,0.0001,61.1565856933594,134.58294990837,-2.10935974121094,0.28278523683548,0.060931496322155,6.10327724352869,22722.8211211432,-19115.8230509054,22720.3589300681,-19115.7786714832,22717.896738993,-19115.734292061,0,1,0,1
20131214102313.daq,129,16,846.3,1,0,right,0.93060302734375,269.069396972656,12,0.0001,61.1540336608887,143.552415293176,-1.88963496685028,0.282116115093231,0.0514398328959942,6.28655031944936,22722.6380131606,-19124.7835421326,22720.1757469778,-19124.7435462743,22717.7134807951,-19124.703550416,0,1,0,1
20131214102313.daq,129,16,846.4,1,0,right,0.832763671875,269.167236328125,12,0.0001,61.1515617370605,152.521512113803,-1.75779986381531,0.281608939170837,0.060931496322155,6.45835811675872,22722.4663607842,-19133.7460738604,22720.0040298938,-19133.7102826706,22717.5416990033,-19133.6744914808,0,1,0,1
20131214102313.daq,129,16,846.5,1,0,right,0.738723754882813,269.261276245117,12,0.0001,61.149112701416,161.490248902483,-1.66990995407104,0.281401455402374,0.0799150466918945,6.61281497174836,22722.3120466188,-19142.7086855864,22719.8496603006,-19142.6769358819,22717.3872739825,-19142.6451861774,0,1,0,1
20131214102313.daq,129,16,846.6,1,0,right,0.648239135742188,269.351760864258,12,0.0001,61.146614074707,170.45862337463,-1.66990995407104,0.281659066677094,0.0988983735442162,6.75184776309389,22722.1731331204,-19151.669419523,22719.7106997321,-19151.6415585912,22717.2482663437,-19151.6136976594,0,1,0,1
20131214102313.daq,129,16,846.7,1,0,right,0.558425903320313,269.44157409668,12,0.0001,61.1440391540527,179.426625412809,-1.62596487998962,0.282452315092087,0.0894067138433456,6.87725621505693,22722.0478464388,-19160.6321138162,22719.5853724028,-19160.6081128716,22717.1228983668,-19160.584111927,0,1,0,1
20131214102313.daq,129,16,846.8,1,0,right,0.469268798828125,269.530731201172,12,0.0001,61.141529083252,188.394252918923,-1.66990995407104,0.281660437583923,0.155848801136017,6.98510890054096,22721.9400938318,-19169.5928620499,22719.4775854296,-19169.5726929518,22717.0150770274,-19169.5525238537,0,1,0,1
20131214102313.daq,129,16,846.9,1,0,right,0.38031005859375,269.619689941406,12,0.0001,61.1390190124512,197.361514145443,-1.66990995407104,0.282759070396423,0.0894067138433456,7.0812646558281,22721.844044345,-19178.5555596035,22719.3815075959,-19178.5392138751,22716.9189708468,-19178.5228681467,0,1,0,1
20131214102313.daq,129,16,847,1,0,right,0.2911376953125,269.708862304688,12,0.0001,61.1365013122559,206.328405362437,-1.66990995407104,0.282849431037903,0.0704231560230255,7.16371522463435,22721.761676621,-19187.5162902903,22719.2991174146,-19187.5037771525,22716.8365582083,-19187.4912640148,0,1,0,1
20131214102313.daq,129,16,847.1,1,0,right,0.203216552734375,269.796783447266,12,0.0001,61.1340522766113,215.294933004036,-1.66990995407104,0.282522261142731,0.0704231560230255,7.23061152047641,22721.6948531048,-19196.4770428713,22719.2322775962,-19196.4683085769,22716.7697020876,-19196.4595742826,0,1,0,1
20131214102313.daq,129,16,847.2,1,0,right,0.113632202148438,269.886367797852,12,0.0001,61.1315727233887,224.261098841984,-1.66990995407104,0.281862288713455,0.0704231560230255,7.28372902595395,22721.641801031,-19205.43774642,22719.1792148761,-19205.4328624747,22716.7166287211,-19205.4279785294,0,1,0,1
20131214102313.daq,129,16,847.3,1,0,right,0.0258026123046875,269.974197387695,12,0.0001,61.1291275024414,233.226903202631,-1.62596487998962,0.281536608934402,0.060931496322155,7.32323115305498,22721.6023089567,-19214.3984843996,22719.1397182084,-19214.3973753951,22716.6771274601,-19214.3962663906,0,1,0,1
20131214102313.daq,129,16,847.4,1,0,right,-0.060821533203125,270.060821533203,12,0.0001,61.1266555786133,242.192348603683,-1.62596487998962,0.28138467669487,0.0894067138433456,7.34909949195061,22721.576410996,-19223.3572906484,22719.1138213855,-19223.359904777,22716.651231775,-19223.3625189055,0,1,0,1
20131214102313.daq,129,16,847.5,1,0,right,-0.147872924804688,270.147872924805,12,0.0001,61.1241264343262,251.157427025792,-1.62596487998962,0.282043725252151,0.0799150466918945,7.36124550394204,22721.5642080553,-19232.3180313614,22719.1016252589,-19232.3243869802,22716.6390424624,-19232.3307425989,0,1,0,1
20131214102313.daq,129,16,847.6,1,0,right,-0.23529052734375,270.235290527344,12,0.0001,61.1216201782227,260.122134599143,-1.62596487998962,0.281540751457214,0.0894067138433456,7.35970856052145,22721.5656963088,-19241.2768016893,22719.1031260755,-19241.2869145233,22716.6405558422,-19241.2970273573,0,1,1,1
20131214102313.daq,129,16,847.7,1,0,right,-0.322509765625,270.322509765625,12,0.0001,61.119197845459,269.0864814878,-1.62596487998962,0.281357884407043,0.0988983735442162,7.34448992206991,22721.5808408949,-19250.2375218598,22719.1182889092,-19250.2513833599,22716.6557369235,-19250.2652448599,0,1,1,1
20131214102313.daq,129,16,847.8,1,0,right,-0.409088134765625,270.409088134766,12,0.0001,61.116771697998,278.050473426563,-1.62596487998962,0.281715869903564,0.0799150466918945,7.31564913559273,22721.6096145585,-19259.1962967577,22719.1470863301,-19259.2138793476,22716.6845581016,-19259.2314619376,0,1,1,1
20131214102313.daq,129,16,847.9,1,0,right,-0.495132446289063,270.495132446289,12,0.0001,61.1143531799316,287.014109436306,-1.62596487998962,0.281962037086487,0.060931496322155,7.27317759306442,22721.6520239375,-19268.1531238841,22719.1895248906,-19268.1744045707,22716.7270258438,-19268.1956852573,0,1,1,1
20131214102313.daq,129,16,848,1,0,right,-0.581787109375,270.581787109375,12,0.0001,61.1120185852051,295.977396137649,-1.62596487998962,0.281552910804749,0.060931496322155,7.21697413138316,22721.7081395065,-19277.1118807914,22719.2456754611,-19277.1368857584,22716.7832114156,-19277.1618907254,0,1,1,1
20131214102313.daq,129,16,848.1,1,0,right,-0.668838500976563,270.668838500977,12,0.0001,61.1097183227539,304.940343741306,-1.62596487998962,0.281960934400558,0.0799150466918945,7.14708062966912,22721.7779480457,-19286.0686664697,22719.3155248332,-19286.0974127103,22716.8531016208,-19286.1261589509,0,1,1,1
20131214102313.daq,129,16,848.2,1,0,right,-0.7568359375,270.7568359375,12,0.0001,61.1073837280273,313.90295187429,-1.62596487998962,0.282058835029602,0.0704231560230255,7.0634480170122,22721.8614832591,-19295.0254199862,22719.3991071006,-19295.0579480918,22716.9367309422,-19295.0904761974,0,1,1,1
20131214102313.daq,129,16,848.3,1,0,right,-0.842605590820313,270.84260559082,12,0.0001,61.1050453186035,322.86521643366,-1.62596487998962,0.281628757715225,0.0704231560230255,6.96627636770479,22721.9585500769,-19303.9822219862,22719.4962253707,-19304.0184361396,22717.0339006646,-19304.054650293,0,1,1,1
20131214102313.daq,129,16,848.4,1,0,right,-0.930587768554688,270.930587768555,12,0.0001,61.1027488708496,331.827141895352,-1.58201992511749,0.281352788209915,0.0799150466918945,6.85723871136732,22722.067468188,-19312.9389594952,22719.6052019946,-19312.9789546977,22717.1429358012,-19313.0189499003,0,1,1,1
20131214102313.daq,129,16,848.5,1,0,right,-1.01640319824219,271.016403198242,12,0.0001,61.1003761291504,340.78872569502,-1.58201992511749,0.282333433628082,0.0988983735442162,6.73271982091719,22722.1918749216,-19321.8937912235,22719.7296713933,-19321.9374742681,22717.2674678649,-19321.9811573127,0,1,1,1
20131214102313.daq,129,16,848.6,1,0,right,-1.10208129882813,271.102081298828,12,0.0001,61.0979614257813,349.749957528722,-1.58201992511749,0.28231543302536,0.0704231560230255,6.59453127353986,22722.3299418106,-19330.8486186058,22719.8678063572,-19330.895983493,22717.4056709038,-19330.9433483802,0,1,1,1
20131214102313.daq,129,16,848.7,1,0,right,-1.18827819824219,271.188278198242,12,0.0001,61.095630645752,358.710840520311,-1.58201992511749,0.281949311494827,0.0514398328959942,6.44458467198506,22722.4797559345,-19339.8034247169,22720.017694524,-19339.8544936342,22717.5556331135,-19339.9055625515,0,1,1,1
20131214102313.daq,129,16,848.8,1,0,right,-1.27291870117188,271.272918701172,12,0.0001,61.093334197998,367.671384973662,-1.58201992511749,0.282039701938629,0.0988983735442162,6.27910604157319,22722.6450964061,-19348.7582632745,22720.1831131238,-19348.8129692284,22717.7211298416,-19348.8676751823,0,1,1,1
20131214102313.daq,129,16,848.9,1,0,right,-1.35762023925781,271.357620239258,12,0.0001,61.0910606384277,376.631592893667,-1.58201992511749,0.281299918889999,0.0704231560230255,6.10191734953637,22722.8221561177,-19357.7111394616,22720.3602563987,-19357.7694849553,22717.8983566796,-19357.827830449,0,1,1,1
20131214102313.daq,129,16,849,1,0,right,-1.44345092773438,271.443450927734,12,0.0001,61.0888175964355,385.591470807711,-1.58201992511749,0.28107100725174,0.0799150466918945,5.91098214163753,22723.012953495,-19366.6639784787,22720.5511439415,-19366.7260119005,22718.0893343879,-19366.7880453224,0,1,1,1
20131214102313.daq,129,16,849.1,1,0,right,-1.52790832519531,271.527908325195,12,0.0001,61.0865135192871,394.551016198078,-1.58201992511749,0.282887518405914,0.0894067138433456,5.70648356981947,22723.2173354595,-19375.6148925213,22720.7556200214,-19375.6805547286,22718.2939045833,-19375.7462169359,0,1,1,1
20131214102313.daq,129,16,849.2,1,0,right,-1.61329650878906,271.613296508789,12,0.0001,61.0842132568359,403.510222211014,-1.58201992511749,0.281780034303665,0.108390033245087,5.48823250247246,22723.4354428826,-19384.5677275878,22720.973828035,-19384.6370584275,22718.5122131873,-19384.7063892672,0,0,1,0
20131214102313.daq,129,16,849.3,1,0,right,-1.69345092773438,271.693450927734,12,0.0001,61.0820388793945,412.469100595801,-1.18651497364044,0.281402826309204,0.0704231560230255,5.25664949361598,22723.6668993766,-19393.5187399425,22721.2053839287,-19393.5915144103,22718.7438684808,-19393.6642888781,0,0,1,0
20131214102313.daq,129,16,849.4,1,0,right,-1.69908142089844,271.699081420898,12,0.0001,61.0798645019531,421.427658672445,3.47165489196777,0.281606078147888,0.060931496322155,5.01787213775907,22723.9055242969,-19402.4697631562,22721.4440160125,-19402.5427795184,22718.982507728,-19402.6157958805,0,0,1,0
20131214102313.daq,129,16,849.5,1,0,right,-1.62550354003906,271.625503540039,12,0.0001,61.0779457092285,430.385917654959,5.2733998298645,0.281950891017914,0.0704231560230255,4.77239861961813,22724.1510321489,-19411.4248281617,22721.6894321282,-19411.494683454,22719.2278321076,-19411.5645387463,0,0,1,0
20131214102313.daq,129,16,849.6,1,0,right,-1.49969482421875,271.499694824219,12,0.0001,61.0760536193848,439.343898057967,4.96578454971313,0.281623005867004,0.0704231560230255,4.52830213712052,22724.3952985192,-19420.3832100764,22721.9335510464,-19420.4476600816,22719.4718035735,-19420.5121100868,0,0,1,0
20131214102313.daq,129,16,849.7,1,0,right,-1.36160278320313,271.361602783203,12,0.0001,61.074089050293,448.301597270533,4.30660963058472,0.282148361206055,0.0514398328959942,4.29282124287123,22724.6309935652,-19429.341895116,22722.1690979076,-19429.4004117325,22719.70720225,-19429.4589283491,0,0,1,0
20131214102313.daq,129,16,849.8,1,0,right,-1.22615051269531,271.226150512695,12,0.0001,61.0718994140625,457.258993099538,4.13082981109619,0.281628370285034,0.0514398328959942,4.06697893045028,22724.85707601,-19438.3004914204,22722.3950488938,-19438.3531877406,22719.9330217775,-19438.4058840608,0,0,1,0
20131214102313.daq,129,16,849.9,1,0,right,-1.09446716308594,271.094467163086,12,0.0001,61.0695037841797,466.216051742442,4.04293966293335,0.281110197305679,0.0799150466918945,3.86047019769886,22725.0638499913,-19447.2609241546,22722.6017082652,-19447.3079618439,22720.1395665392,-19447.3549995333,0,0,1,0
20131214102313.daq,129,16,850,1,0,right,-0.971160888671875,270.971160888672,12,0.0001,61.0670280456543,475.172751798746,3.8232147693634,0.281209647655487,0.060931496322155,3.67106845956633,22725.2535521393,-19456.219170555,22722.7913148852,-19456.2609093631,22720.3290776311,-19456.3026481712,0,0,1,0
20131214102313.daq,129,16,850.1,1,0,right,-0.851043701171875,270.851043701172,12,0.0001,61.0645446777344,484.129087626927,3.69137978553772,0.282021254301071,0.0704231560230255,3.50106229724591,22725.4239121128,-19465.1773193556,22722.9615927667,-19465.2138961421,22720.4992734207,-19465.2504729286,0,0,1,0
20131214102313.daq,129,16,850.2,1,0,right,-0.738052368164063,270.738052368164,12,0.0001,61.062084197998,493.085059879726,3.47165489196777,0.282392919063568,0.0229646172374487,3.35216124352505,22725.57321933,-19474.1352718735,22723.11083264,-19474.166992724,22720.64844595,-19474.1987135744,0,0,1,0
20131214102313.daq,129,16,850.3,1,0,right,-0.63433837890625,270.634338378906,12,0.0001,61.0596961975098,502.040676529883,3.25192975997925,0.281593412160873,0.0229646172374487,3.22014562257603,22725.7055134928,-19483.0929763283,22723.2430734175,-19483.1202398385,22720.7806333422,-19483.1475033487,0,0,1,0
20131214102313.daq,129,16,850.4,1,0,right,-0.535476684570313,270.53547668457,12,0.0001,61.0573768615723,510.995948720556,3.16403985023499,0.28283554315567,0.0324562788009644,3.10690740833919,22725.8185703729,-19492.0505471585,22723.3560869211,-19492.0735617832,22720.8936034693,-19492.096576408,0,0,1,0
20131214102313.daq,129,16,850.5,1,0,right,-0.44268798828125,270.442687988281,12,0.0001,61.0550346374512,519.95087850323,3.12009477615356,0.282428324222565,0.0229646172374487,3.01091200332421,22725.9144189428,-19501.0079553106,22723.4519014487,-19501.0269819931,22720.9893839546,-19501.0460086757,0,0,1,0
20131214102313.daq,129,16,850.6,1,0,right,-0.357345581054688,270.357345581055,12,0.0001,61.0527992248535,528.905471752551,2.81247997283936,0.282417505979538,0.0419481731951237,2.93012741983017,22725.9950977303,-19509.9651683061,22723.5325546276,-19509.9805270344,22721.0700115248,-19509.9958857626,0,0,1,0
20131214102313.daq,129,16,850.7,1,0,right,-0.290298461914063,270.290298461914,12,0.0001,61.0506858825684,537.859746558686,1.88963496685028,0.282797336578369,0.0514398328959942,2.86192332078539,22726.063229753,-19518.919965018,22723.6006703636,-19518.9324420858,22721.1381109742,-19518.9449191535,0,0,1,0
20131214102313.daq,129,16,850.8,1,0,right,-0.247848510742188,270.247848510742,12,0.0001,61.0486335754395,546.813716069672,1.2744048833847,0.281483888626099,0.0514398328959942,2.80593072835104,22726.1192053599,-19527.874145938,22723.6566374022,-19527.8847985133,22721.1940694446,-19527.8954510887,0,0,1,0
20131214102313.daq,129,16,850.9,1,0,right,-0.2257080078125,270.225708007813,12,0.0001,61.0465927124023,555.767386300024,0.966789960861206,0.28127533197403,0.117881931364536,2.76045039793479,22726.164714512,-19536.8278209014,22723.7021426218,-19536.837521879,22721.2395707316,-19536.8472228565,0,0,1,0
20131214102313.daq,129,16,851,1,0,right,-0.218582153320313,270.21858215332,12,0.0001,61.0445594787598,564.72075729636,0.791009962558746,0.282600849866867,0.0894067138433456,2.72189503551508,22726.2033373728,-19545.7811227932,22723.7407642951,-19545.7905175016,22721.2781912175,-19545.7999122099,0,0,1,0
20131214102313.daq,129,16,851.1,1,0,right,-0.219619750976563,270.219619750977,12,0.0001,61.0426368713379,573.67383665844,0.659174978733063,0.28193324804306,0.0799150466918945,2.68875616254407,22726.2366045152,-19554.7322689144,22723.774031608,-19554.7417082187,22721.3114587009,-19554.7511475229,0,0,1,0
20131214102313.daq,129,17,876.75,1,0,right,0.876693725585938,269.123306274414,12,0.0001,60.7078895568848,0,1.62596487998962,0.281946301460266,0.060931496322155,2.80268411391084,22714.1335523189,-21843.5049257474,22711.6712495941,-21843.4672466399,22709.2089468694,-21843.4295675325,1,0,0,0
20131214102313.daq,129,17,876.85,1,0,right,0.924148559570313,269.07585144043,12,0.0001,60.7069854736328,8.90377685218846,1.31834995746613,0.281590580940247,0.0704231560230255,2.92338241847127,22714.0016957619,-21852.4083899284,22711.5394250892,-21852.3686714489,22709.0771544165,-21852.3289529693,1,0,0,0
20131214102313.daq,129,17,876.95,1,0,right,0.964431762695313,269.035568237305,12,0.0001,60.7061424255371,17.8074267001139,1.18651497364044,0.281507194042206,0.0799150466918945,3.06207910740814,22713.8624718438,-21861.311682866,22711.4002297047,-21861.2702332366,22708.9379875656,-21861.2287836073,1,0,0,0
20131214102313.daq,129,17,877.05,1,0,right,0.998260498046875,269.001739501953,12,0.0001,60.7052841186523,26.7109520614467,0.966789960861206,0.282046407461166,0.0704231560230255,3.20863420450181,22713.7158363069,-21870.2148223571,22711.2536190697,-21870.1719189711,22708.7914018326,-21870.1290155851,1,0,0,0
20131214102313.daq,129,17,877.15,1,0,right,1.02438354492188,268.975616455078,12,0.0001,60.7044143676758,35.6143501853803,0.659174978733063,0.281794399023056,0.0894067138433456,3.36293107526834,22713.5618672743,-21879.1158266148,22711.0996698541,-21879.0718006268,22708.6374724339,-21879.0277746388,1,0,0,0
20131214102313.daq,129,17,877.25,1,0,right,1.04350280761719,268.956497192383,12,0.0001,60.7035980224609,44.5176246619958,0.395504981279373,0.281405448913574,0.0988983735442162,3.52048955503041,22713.4044275648,-21888.0186190084,22710.942244973,-21887.9737714021,22708.4800623811,-21887.9289237958,1,0,0,0
20131214102313.daq,129,17,877.35,1,0,right,1.05078125,268.94921875,12,0.0001,60.7028045654297,53.4207809929212,-0.0878899917006493,0.28196969628334,0.0799150466918945,3.68258476727542,22713.2418652444,-21896.9191803215,22710.7796883695,-21896.8740199377,22708.3175114946,-21896.8288595539,1,0,0,0
20131214102313.daq,129,17,877.45,1,0,right,1.04318237304688,268.956817626953,12,0.0001,60.7020263671875,62.3238216026293,-0.703119933605194,0.281806111335754,0.060931496322155,3.84805181856622,22713.0763225053,-21905.8193927425,22710.6141396627,-21905.7745589063,22708.1519568201,-21905.7297250701,1,0,0,0
20131214102313.daq,129,17,877.55,1,0,right,1.01881408691406,268.981185913086,12,0.0001,60.7012748718262,71.2267500811795,-1.05467987060547,0.281969040632248,0.0324562788009644,4.0147726791849,22712.9098700595,-21914.7172583499,22710.4476683714,-21914.6734717009,22707.9854666833,-21914.6296850519,1,0,0,0
20131214102313.daq,129,17,877.65,1,0,right,0.986083984375,269.013916015625,12,0.0001,60.7004928588867,80.1295666616861,-1.09862494468689,0.281744450330734,0.0514398328959942,4.17918006981256,22712.7458906654,-21923.6168798265,22710.283664366,-21923.5744997125,22707.8214380666,-21923.5321195985,1,0,0,0
20131214102313.daq,129,17,877.75,1,0,right,0.949752807617188,269.050247192383,12,0.0001,60.69970703125,89.0322685933206,-1.09862494468689,0.281908094882965,0.0704231560230255,4.34252764720432,22712.5821347892,-21932.5144621918,22710.1198821116,-21932.4736433806,22707.6576294341,-21932.4328245694,1,0,0,0
20131214102313.daq,129,17,877.85,1,0,right,0.913619995117188,269.086380004883,12,0.0001,60.6989364624023,97.934856109212,-1.09862494468689,0.281777739524841,0.060931496322155,4.50033088373498,22712.4242254117,-21941.412047805,22709.961947482,-21941.3727817883,22707.4996695522,-21941.3335157717,1,0,0,0
20131214102313.daq,129,17,877.95,1,0,right,0.881118774414063,269.118881225586,12,0.0001,60.6981353759766,106.837328649861,-0.834954977035522,0.28188344836235,0.0514398328959942,4.65470850634116,22712.2699959991,-21950.3116709532,22709.8076961917,-21950.2738016781,22707.3453963843,-21950.235932403,1,0,0,0
20131214102313.daq,129,17,878.05,1,0,right,0.864013671875,269.135986328125,12,0.0001,60.6973304748535,115.739683091473,-0.0878899917006493,0.282232701778412,0.0799150466918945,4.80442605411933,22712.1206686163,-21959.2097040767,22709.6583576131,-21959.1725698991,22707.19604661,-21959.1354357216,1,0,0,0
20131214102313.daq,129,17,878.15,1,0,right,0.86187744140625,269.138122558594,12,0.0001,60.6965751647949,124.641922604453,0.351559996604919,0.281997084617615,0.0514398328959942,4.95050741282394,22711.9743170195,-21968.1080910524,22709.5120046335,-21968.0710486803,22707.0496922476,-21968.0340063082,1,0,0,0
20131214102313.daq,129,17,878.25,1,0,right,0.872543334960938,269.127456665039,12,0.0001,60.6958427429199,133.544053016842,0.395504981279373,0.281841278076172,0.0704231560230255,5.09354212402123,22711.831075933,-21977.0087338885,22709.3687704853,-21976.9712331454,22706.9064650376,-21976.9337324023,1,0,0,0
20131214102313.daq,129,17,878.35,1,0,right,0.889007568359375,269.110992431641,12,0.0001,60.6951522827148,142.446079130939,0.483394980430603,0.281810522079468,0.0799150466918945,5.2371882592499,22711.6874743461,-21985.9095135928,22709.2251797761,-21985.8713052953,22706.7628852061,-21985.8330969977,1,0,0,0
20131214102313.daq,129,17,878.45,1,0,right,0.91864013671875,269.081359863281,12,0.0001,60.6945114135742,151.34800794036,1.09862494468689,0.281694352626801,0.060931496322155,5.38190958243172,22711.5430538978,-21994.8086506223,22709.0807794179,-21994.7691688659,22706.618504938,-21994.7296871096,1,0,0,0
20131214102313.daq,129,17,878.55,1,0,right,0.964508056640625,269.035491943359,12,0.0001,60.6938781738281,160.249843967656,1.71385490894318,0.281321555376053,0.0799150466918945,5.52703608217363,22711.3976233486,-22003.710122162,22708.9353812646,-22003.668669254,22706.4731391807,-22003.6272163459,1,0,0,0
20131214102313.daq,129,17,878.65,1,0,right,1.02577209472656,268.974227905273,12,0.0001,60.6931800842285,169.151583249775,1.84568989276886,0.282015293836594,0.060931496322155,5.67902022302192,22711.2453746258,-22012.6119529613,22708.7831782733,-22012.5678673025,22706.3209819209,-22012.5237816437,1,0,0,0
20131214102313.daq,129,17,878.75,1,0,right,1.09091186523438,268.909088134766,12,0.0001,60.6924247741699,178.053214317159,1.53807497024536,0.281775057315826,0.0799150466918945,5.83736686357704,22711.087023733,-22021.5138703989,22708.6248790929,-22021.4669854896,22706.1627344528,-22021.4201005803,0,1,0,1
20131214102313.daq,129,17,878.85,1,0,right,1.15188598632813,268.848114013672,12,0.0001,60.6917037963867,186.954736610314,1.31834995746613,0.281247764825821,0.108390033245087,6.00351876020108,22710.9211180215,-22030.4137328956,22708.4590246705,-22030.3642278011,22705.9969313195,-22030.3147227065,0,1,0,1
20131214102313.daq,129,17,878.95,1,0,right,1.21112060546875,268.788879394531,12,0.0001,60.6909370422363,195.856151201617,1.45018494129181,0.281955778598785,0.060931496322155,6.17667165344329,22710.7475066638,-22039.3155039946,22708.2854658088,-22039.2634535185,22705.8234249539,-22039.2114030425,0,1,0,1
20131214102313.daq,129,17,879.05,1,0,right,1.27229309082031,268.72770690918,12,0.0001,60.6901206970215,204.757448533092,1.58201992511749,0.28120157122612,0.0704231560230255,6.35996359508303,22710.5640074834,-22048.2153631267,22708.102023604,-22048.1606840551,22705.6400397245,-22048.1060049835,0,1,0,1
20131214102313.daq,129,17,879.15,1,0,right,1.33355712890625,268.666442871094,12,0.0001,60.689323425293,213.658628325007,1.45018494129181,0.280970990657806,0.060931496322155,6.55328508149593,22710.3707354543,-22057.1152203068,22707.9088114483,-22057.0579087681,22705.4468874424,-22057.0005972294,0,1,0,1
20131214102313.daq,129,17,879.25,1,0,right,1.3870849609375,268.612915039063,12,0.0001,60.6884346008301,222.559686054803,0.92284494638443,0.281364321708679,0.0704231560230255,6.75388056911841,22710.1701319219,-22066.0148948717,22707.7082625329,-22065.9552833381,22705.2463931439,-22065.8956718045,0,1,0,1
20131214102313.daq,129,17,879.35,1,0,right,1.42387390136719,268.576126098633,12,0.0001,60.6874542236328,231.460605031025,0.17577999830246,0.282230496406555,0.0704231560230255,6.96484094960235,22709.9588527798,-22074.914180781,22707.4970221741,-22074.8529885226,22705.0351915685,-22074.7917962642,0,1,0,1
20131214102313.daq,129,17,879.45,1,0,right,1.43531799316406,268.564682006836,12,0.0001,60.6865119934082,240.361381244016,-0.615229964256287,0.281207978725433,0.0799150466918945,7.18231400542525,22709.7413419508,-22083.8128818987,22707.2795236166,-22083.7511979227,22704.8177052825,-22083.6895139467,0,1,0,1
20131214102313.daq,129,17,879.55,1,0,right,1.42567443847656,268.574325561523,12,0.0001,60.6856727600098,249.262027235651,-1.01073491573334,0.281745821237564,0.0988983735442162,7.40457579103526,22709.5192873295,-22092.7091441413,22707.0574586481,-22092.6478745192,22704.5956299666,-22092.5866048971,0,1,0,1
20131214102313.daq,129,17,879.65,1,0,right,1.40168762207031,268.59831237793,12,0.0001,60.6849594116211,258.162559137905,-1.14256989955902,0.281646370887756,0.0894067138433456,7.62772598871699,22709.2961742485,-22101.6031224328,22706.8343201323,-22101.5428834579,22704.3724660162,-22101.4826444831,0,1,0,1
20131214102313.daq,129,17,879.75,1,0,right,1.36721801757813,268.632781982422,12,0.0001,60.6843223571777,267.062993129381,-1.45018494129181,0.28135547041893,0.117881931364536,7.85008382651097,22709.0737146766,-22110.498811097,22706.6118247657,-22110.4400532043,22704.1499348548,-22110.3812953116,0,1,0,1
20131214102313.daq,129,17,879.85,1,0,right,1.31990051269531,268.680099487305,12,0.0001,60.6836929321289,275.963334058979,-1.97752487659454,0.281469076871872,0.108390033245087,8.07184208124027,22708.8520556232,-22119.3942010688,22706.3901180268,-22119.3374763385,22703.9281804304,-22119.2807516082,0,1,0,1
20131214102313.daq,129,17,879.95,1,0,right,1.23347473144531,268.766525268555,12,0.0001,60.6830406188965,284.863582765945,-3.91110491752625,0.281523138284683,0.0988983735442162,8.28748266489419,22708.6367389459,-22128.2867270953,22706.174718586,-22128.2337160504,22703.7126982261,-22128.1807050054,0,1,0,1
20131214102313.daq,129,17,880.05,1,0,right,1.11392211914063,268.886077880859,12,0.0001,60.6821899414063,293.76372209259,-4.4823899269104,0.280735224485397,0.0988983735442162,8.49317263945411,22708.4312943846,-22137.178471135,22705.9691687723,-22137.1305974207,22703.50704316,-22137.0827237064,0,1,0,1
20131214102313.daq,129,17,880.15,1,0,right,0.9688720703125,269.031127929688,12,0.0001,60.6811599731445,302.663724390753,-4.52633476257324,0.282839208841324,0.136865243315697,8.68342267299448,22708.2411019152,-22146.0695998846,22705.7788629957,-22146.0279594365,22703.3166240762,-22145.9863189885,0,1,0,1
20131214102313.daq,129,17,880.25,1,0,right,0.807022094726563,269.192977905273,12,0.0001,60.6798439025879,311.563554412554,-4.83394956588745,0.282340496778488,0.0704231560230255,8.85907802626916,22708.065616554,-22154.9583544659,22705.6032698319,-22154.9236695441,22703.1409231099,-22154.8889846223,0,1,0,1
20131214102313.daq,129,17,880.35,1,0,right,0.621322631835938,269.378677368164,12,0.0001,60.6783752441406,320.463178635204,-5.80073976516724,0.279904514551163,0.108390033245087,9.01187195320131,22707.9130848277,-22163.84846376,22705.4506386226,-22163.8217596372,22702.9881924174,-22163.7950555144,0,1,0,1
20131214102313.daq,129,17,880.45,1,0,right,0.404022216796875,269.595977783203,12,0.0001,60.6765480041504,329.362567498967,-6.72358465194702,0.281166076660156,0.146356910467148,9.14129988793684,22707.7839814144,-22172.7358200138,22705.321451641,-22172.7184551531,22702.8589218675,-22172.7010902924,0,1,0,1
20131214102313.daq,129,17,880.55,1,0,right,0.159042358398438,269.840957641602,12,0.0001,60.6740798950195,338.261640623765,-7.03119945526123,0.282009392976761,0.0894067138433456,9.24142637750474,22707.6839142671,-22181.6224498782,22705.2213327564,-22181.6156141953,22702.7587512457,-22181.6087785125,0,1,0,1
20131214102313.daq,129,17,880.65,1,0,right,-0.100997924804688,270.100997924805,12,0.0001,60.6713562011719,347.160326534715,-6.85541963577271,0.281866252422333,0.0799150466918945,9.3072686490259,22707.6179546837,-22190.5086431751,22705.1553675117,-22190.5129840961,22702.6927803397,-22190.5173250171,0,1,0,1
20131214102313.daq,129,17,880.75,1,0,right,-0.348175048828125,270.348175048828,12,0.0001,60.668628692627,356.05861124456,-5.71284961700439,0.281507909297943,0.0894067138433456,9.33876199035486,22707.5863293374,-22199.3950847441,22705.1237838079,-22199.4100493274,22702.6612382785,-22199.4250139107,0,1,0,1
20131214102313.daq,129,17,880.85,1,0,right,-0.56817626953125,270.568176269531,12,0.0001,60.6660461425781,364.956505896494,-4.65816974639893,0.281265497207642,0.108390033245087,9.33486577888483,22707.5901143639,-22208.2821457059,22705.1276444479,-22208.3065657041,22702.665174532,-22208.3309857024,0,1,1,1
20131214102313.daq,129,17,880.95,1,0,right,-0.757965087890625,270.757965087891,12,0.0001,60.6635589599609,373.854029373302,-4.21871948242188,0.281060099601746,0.108390033245087,9.29580741813566,22707.6291307837,-22217.1699225566,22705.1667552667,-22217.2024991892,22702.7043797498,-22217.2350758218,0,1,1,1
20131214102313.daq,129,17,881.05,1,0,right,-0.927047729492188,270.927047729492,12,0.0001,60.6612281799316,382.751198552942,-3.86715984344482,0.281326055526733,0.108390033245087,9.22268565063939,22707.702016506,-22226.0562375599,22705.2397478462,-22226.0960806305,22702.7774791863,-22226.135923701,0,1,1,1
20131214102313.daq,129,17,881.15,1,0,right,-1.07563781738281,271.075637817383,12,0.0001,60.6591606140137,391.648043741123,-3.25192975997925,0.281392008066177,0.117881931364536,9.12140851153565,22707.8029298354,-22234.9450027654,22705.3407727841,-22234.9912313086,22702.8786157328,-22235.0374598517,0,1,1,1
20131214102313.daq,129,17,881.25,1,0,right,-1.19015502929688,271.190155029297,12,0.0001,60.6574745178223,400.544611981648,-2.02146983146667,0.281100153923035,0.108390033245087,8.99113981404043,22707.9329959253,-22243.8326730538,22705.470936189,-22243.8838226205,22703.0088764526,-22243.9349721873,0,1,1,1
20131214102313.daq,129,17,881.35,1,0,right,-1.25489807128906,271.254898071289,12,0.0001,60.6560974121094,409.440957405204,-0.395504981279373,0.281511217355728,0.0894067138433456,8.84073385385785,22708.083446041,-22252.7235745076,22705.6214456744,-22252.7775061175,22703.1594453079,-22252.8314377274,0,1,1,1
20131214102313.daq,129,17,881.45,1,0,right,-1.28883361816406,271.288833618164,12,0.0001,60.6549987792969,418.337122160046,-0.263669967651367,0.281752169132233,0.0894067138433456,8.67254998119582,22708.2515395809,-22261.6152720032,22705.7895715892,-22261.6706618144,22703.3276035975,-22261.7260516257,0,1,1,1
20131214102313.daq,129,17,881.55,1,0,right,-1.30259704589844,271.302597045898,12,0.0001,60.6541290283203,427.233142193421,-0.307614982128143,0.281341344118118,0.0514398328959942,8.49184278524667,22708.4320696837,-22270.5055394907,22705.9701150686,-22270.5615207072,22703.5081604535,-22270.6175019237,0,1,1,1
20131214102313.daq,129,17,881.65,1,0,right,-1.3077392578125,271.307739257813,12,0.0001,60.6533851623535,436.129045992726,-0.263669967651367,0.281169563531876,0.0988983735442162,8.30408990334605,22708.61988447,-22279.397983992,22706.157934889,-22279.4541861651,22703.6959853081,-22279.5103883382,0,1,1,1
20131214102313.daq,129,17,881.75,1,0,right,-1.30693054199219,271.306930541992,12,0.0001,60.6526870727539,445.024844328116,0.0878899991512299,0.282573461532593,0.060931496322155,8.11296557939245,22708.8112412143,-22288.2905831339,22706.3492908403,-22288.3467505571,22703.8873404664,-22288.4029179804,0,1,1,1
20131214102313.daq,129,17,881.85,1,0,right,-1.28536987304688,271.285369873047,12,0.0001,60.6520347595215,453.920542887747,1.18651497364044,0.281750351190567,0.060931496322155,7.91679882966807,22709.0071868905,-22297.183721319,22706.5452155548,-22297.2389622949,22704.083244219,-22297.2942032708,0,1,1,1
20131214102313.daq,129,17,881.95,1,0,right,-1.24237060546875,271.242370605469,12,0.0001,60.6514205932617,462.816150157232,1.7577999830246,0.282967150211334,0.0988983735442162,7.72418257714857,22709.1998663372,-22306.07741491,22706.7378542376,-22306.1308082133,22704.275842138,-22306.1842015165,0,1,1,1
20131214102313.daq,129,17,882.05,1,0,right,-1.18418884277344,271.184188842773,12,0.0001,60.6507682800293,471.71166417835,1.7577999830246,0.281174868345261,0.127373591065407,7.53475842574318,22709.3896616299,-22314.9714992115,22706.9275965808,-22315.0223924047,22704.4655315316,-22315.0732855978,0,1,1,1
20131214102313.daq,129,17,882.15,1,0,right,-1.1251220703125,271.125122070313,12,0.0001,60.6501045227051,480.607082666502,1.31834995746613,0.281658887863159,0.0988983735442162,7.35077981398051,22709.5735417714,-22323.8656027207,22707.1114255642,-22323.9139577206,22704.6493093571,-22323.9623127205,0,1,1,1
20131214102313.daq,129,17,882.25,1,0,right,-1.07650756835938,271.076507568359,12,0.0001,60.6494102478027,489.502400259946,0.659174978733063,0.281942903995514,0.0514398328959942,7.17211745699303,22709.7522019181,-22332.7594335025,22707.2900455689,-22332.8056994212,22704.8278892196,-22332.8519653399,0,1,1,1
20131214102313.daq,129,17,882.35,1,0,right,-1.04148864746094,271.041488647461,12,0.0001,60.648796081543,498.397621481192,0.57128494977951,0.281187415122986,0.0799150466918945,7.00263967299385,22709.9219293055,-22341.6548655228,22707.4597451386,-22341.6996265742,22704.9975609717,-22341.7443876255,0,1,1,1
20131214102313.daq,129,17,882.45,1,0,right,-1.01307678222656,271.013076782227,12,0.0001,60.6482086181641,507.292756214571,0.57128494977951,0.28166875243187,0.0704231560230255,6.83644815209118,22710.0881552308,-22350.5481735043,22707.6259491705,-22350.5917136009,22705.1637431102,-22350.6352536974,0,1,1,1
20131214102313.daq,129,17,882.55,1,0,right,-0.986404418945313,270.986404418945,12,0.0001,60.6475601196289,516.187800124055,0.57128494977951,0.282461822032928,0.060931496322155,6.67778022076058,22710.2466750305,-22359.4414360141,22707.7844489682,-22359.4838298985,22705.3222229058,-22359.5262237828,0,1,1,1
20131214102313.daq,129,17,882.65,1,0,right,-0.960906982421875,270.960906982422,12,0.0001,60.6468887329102,525.082745936241,0.57128494977951,0.282349586486816,0.060931496322155,6.52519361252062,22710.3994072437,-22368.3346676643,22707.9371625593,-22368.3759658189,22705.4749178749,-22368.4172639734,0,1,1,1
20131214102313.daq,129,17,882.75,1,0,right,-0.930618286132813,270.930618286133,12,0.0001,60.646312713623,533.977599292681,0.966789960861206,0.281947761774063,0.060931496322155,6.37888694935659,22710.5459856863,-22377.2280212144,22708.0837195142,-22377.2680177284,22705.6214533421,-22377.3080142425,0,1,1,1
20131214102313.daq,129,17,882.85,1,0,right,-0.871383666992188,270.871383666992,12,0.0001,60.6458435058594,542.872376931446,2.59275484085083,0.281472057104111,0.0419481731951237,6.23776203860344,22710.6868800548,-22386.1221129721,22708.2245738486,-22386.1595638781,22705.7622676424,-22386.1970147841,0,1,1,1
20131214102313.daq,129,17,882.95,1,0,right,-0.792098999023438,270.792098999023,12,0.0001,60.6452598571777,551.767080344507,2.59275484085083,0.282494276762009,-0.00551059981808066,6.10214376211211,22710.822634697,-22395.0167111864,22708.3602790245,-22395.0507547713,22705.897923352,-22395.0847983561,0,1,1,1
20131214102313.daq,129,17,883.05,1,0,right,-0.696578979492188,270.696578979492,12,0.0001,60.6446342468262,560.661692514041,2.59275484085083,0.282601863145828,0.0229646172374487,5.97764607604213,22710.9476226913,-22403.9136672315,22708.4852136854,-22403.9436056821,22706.0228046794,-22403.9735441328,0,1,1,1
20131214102313.daq,129,17,883.15,1,0,right,-0.589752197265625,270.589752197266,12,0.0001,60.6439819335938,569.556211854826,3.12009477615356,0.281902313232422,0.0988983735442162,5.8628326243859,22711.0621452836,-22412.8108987017,22708.5996847381,-22412.8362459929,22706.1372241926,-22412.8615932841,0,1,1,1
20131214102313.daq,129,17,883.25,1,0,right,-0.45867919921875,270.458679199219,12,0.0001,60.6432456970215,578.450630767118,4.13082981109619,0.282682508230209,-0.00551059981808066,5.76358168363299,22711.161497701,-22421.7067731635,22708.6989856131,-22421.7264871322,22706.2364735253,-22421.7462011009,0,1,1,1
20131214102313.daq,129,17,883.35,1,0,right,-0.303375244140625,270.303375244141,12,0.0001,60.6423149108887,587.344927757164,4.4384446144104,0.281788229942322,0.060931496322155,5.68186937129185,22711.2437236189,-22430.6071393493,22708.7811671413,-22430.6201784537,22706.3186106638,-22430.6332175582,0,0,1,0
20131214102313.daq,129,17,883.45,1,0,right,-0.155670166015625,270.155670166016,12,0.0001,60.6412200927734,596.239075409954,2.94431495666504,0.28168660402298,0.0704231560230255,5.61638915730251,22711.3088299791,-22439.5053383942,22708.8462480703,-22439.5120291396,22706.3836661615,-22439.5187198851,0,0,1,0
20131214102313.daq,129,17,883.55,1,0,right,-0.05230712890625,270.052307128906,12,0.0001,60.6400985717773,605.133057593521,0.92284494638443,0.282174170017242,0.0894067138433456,5.57199662094321,22711.3532288297,-22448.4024223655,22708.8906388579,-22448.4046705424,22706.4280488862,-22448.4069187193,0,0,1,0
20131214102313.daq,129,17,883.65,1,0,right,-0.0010223388671875,270.001022338867,12,0.0001,60.6390953063965,614.026883632687,-0.307614982128143,0.281451225280762,0.0514398328959942,5.54427377135029,22711.3813104203,-22457.2982159037,22708.9187194227,-22457.2982598441,22706.4561284251,-22457.2983037846,0,0,1,0
20131214102313.daq,129,17,883.75,1,0,right,0.01239013671875,269.987609863281,12,0.0001,60.6382217407227,622.92057296975,-0.615229964256287,0.283531755208969,0.060931496322155,5.52920762541242,22711.3961066021,-22466.1911236862,22708.9335156617,-22466.1905911541,22706.4709247212,-22466.1900586221,0,0,1,0
20131214102313.daq,129,17,883.85,1,0,right,0.0022430419921875,269.997756958008,12,0.0001,60.637451171875,631.814140477822,-0.74706494808197,0.282077848911285,0.0514398328959942,5.52454368567612,22711.4006398946,-22475.0834524295,22708.9380488985,-22475.0833560228,22706.4754579023,-22475.0832596161,0,0,1,0
20131214102313.daq,129,17,883.95,1,0,right,-0.0201873779296875,270.02018737793,12,0.0001,60.636905670166,640.707611520462,-0.966789960861206,0.281598925590515,0.0799150466918945,5.52529947267955,22711.4000727067,-22483.9754788956,22708.9374818616,-22483.9763465556,22706.4748910164,-22483.9772142156,0,0,1,0
20131214102313.daq,129,17,884.05,1,0,right,-0.0457763671875,270.045776367188,12,0.0001,60.6364364624023,649.601010109123,-0.878899931907654,0.282058715820313,0.0324562788009644,5.52805672010271,22711.3977472926,-22492.8654738917,22708.9351570806,-22492.8674413745,22706.4725668685,-22492.8694088572,0,0,1,0
20131214102313.daq,129,17,884.15,1,0,right,-0.04852294921875,270.048522949219,12,0.0001,60.6359786987305,658.494340486592,0.703119993209839,0.2818683385849,0.0514398328959942,5.53127603670619,22711.3940107041,-22501.7579843536,22708.9314205892,-22501.7600698853,22706.4688304743,-22501.762155417,0,0,1,0
20131214102313.daq,129,17,884.25,1,0,right,-0.0347900390625,270.034790039063,12,0.0001,60.6354904174805,667.387602419753,0.878899991512299,0.281785100698471,0.0894067138433456,5.53404870788754,22711.391209239,-22510.6489475879,22708.928618695,-22510.6504428749,22706.4660281509,-22510.6519381618,0,0,1,0
20131214102313.daq,129,17,884.35,1,0,right,-0.00518798828125,270.005187988281,12,0.0001,60.6349754333496,676.280789987359,0.878899991512299,0.281626224517822,0.0704231560230255,5.53629941887359,22711.3893803191,-22519.5422541041,22708.9267893312,-22519.5424770855,22706.4641983433,-22519.5427000669,0,0,1,0
20131214102313.daq,129,17,884.45,-1,0,right,0.0424041748046875,269.957595825195,12,0.0001,60.6345024108887,685.173904121861,1.88963496685028,0.280582815408707,0.0799150466918945,5.54078120692298,22711.384485993,-22528.4360013059,22708.9218956694,-22528.434178761,22706.4593053458,-22528.4323562161,0,0,1,0
20131214102313.daq,129,17,884.55,-1,0,right,0.113494873046875,269.886505126953,12,0.0001,60.6340103149414,694.066950324945,2.50486493110657,0.281446307897568,0.108390033245087,5.55095795330037,22711.3742313986,-22537.3303211857,22708.9116452319,-22537.3254431428,22706.4490590653,-22537.3205650999,0,0,1,0
20131214102313.daq,129,17,884.65,-1,0,right,0.20068359375,269.79931640625,12,0.0001,60.6333808898926,702.959912884238,2.46091985702515,0.281837999820709,0.0799150466918945,5.56639700292588,22711.3590723403,-22546.2250280267,22708.896496448,-22546.216402599,22706.4339205556,-22546.2077771714,0,0,1,0
20131214102313.daq,129,17,884.75,-1,0,right,0.293716430664063,269.706283569336,12,0.0001,60.6327171325684,711.852780470064,2.46091985702515,0.281339347362518,0.0988983735442162,5.59345576405897,22711.3318294539,-22555.1198684982,22708.8692708133,-22555.1072445271,22706.4067121726,-22555.0946205559,0,0,1,0
20131214102313.daq,129,17,884.85,-1,0,right,0.388320922851563,269.611679077148,12,0.0001,60.6319999694824,720.745547347666,2.41697478294373,0.281778514385223,0.0988983735442162,5.63034904797071,22711.2947199017,-22564.0166907222,22708.8321854621,-22564.0000006921,22706.3696510225,-22563.9833106619,0,0,1,0
20131214102313.daq,129,17,884.95,-1,0,right,0.479904174804688,269.520095825195,12,0.0001,60.6312561035156,729.63820629027,2.2411949634552,0.281688868999481,0.0704231560230255,5.68108082339757,22711.2441220061,-22572.9114774384,22708.7816173901,-22572.8908512441,22706.3191127742,-22572.8702250498,0,0,1,0
20131214102313.daq,129,17,885.05,-1,0,right,0.572265625,269.427734375,12,0.0001,60.6304512023926,738.530752682105,2.41697478294373,0.282559454441071,0.0419481731951237,5.74540798444699,22711.1798004373,-22581.8062737299,22708.7173322705,-22581.7816779785,22706.2548641037,-22581.7570822272,0,1,1,1
20131214102313.daq,129,17,885.15,-1,0,right,0.666824340820313,269.33317565918,12,0.0001,60.6295700073242,747.423174680618,2.37302994728088,0.282062470912933,0.0704231560230255,5.82318949200609,22711.1016670331,-22590.7011132227,22708.6392428117,-22590.6724535455,22706.1768185902,-22590.6437938682,0,1,1,1
20131214102313.daq,129,17,885.25,-1,0,right,0.757919311523438,269.242080688477,12,0.0001,60.6287384033203,756.315470280962,2.0654149055481,0.281126260757446,0.0799150466918945,5.91675472804303,22711.0081200472,-22599.593907594,22708.5457445042,-22599.5613329287,22706.0833689612,-22599.5287582634,0,1,1,1
20131214102313.daq,129,17,885.35,-1,0,right,0.829788208007813,269.170211791992,12,0.0001,60.6279830932617,765.207649134354,1.05467998981476,0.281398594379425,0.0799150466918945,6.02293243581971,22710.9020925614,-22608.4881908851,22708.4397598156,-22608.4525275682,22705.9774270697,-22608.4168642514,0,1,1,1
20131214102313.daq,129,17,885.45,-1,0,right,0.87115478515625,269.128845214844,12,0.0001,60.6272659301758,774.099720658873,-0.0439449958503246,0.281359493732452,0.0894067138433456,6.14231425284525,22710.782334119,-22617.3797948112,22708.3200277632,-22617.3423537415,22705.8577214074,-22617.3049126717,0,1,1,1
20131214102313.daq,129,17,885.55,-1,0,right,0.881851196289063,269.118148803711,12,0.0001,60.6265869140625,782.991689516937,-0.659174978733063,0.281044632196426,0.0799150466918945,6.26992127381758,22710.6547160945,-22626.2706726361,22708.1924167715,-22626.232771885,22705.7301174484,-22626.1948711339,0,1,1,1
20131214102313.daq,129,17,885.65,-1,0,right,0.870040893554688,269.129959106445,12,0.0001,60.6259346008301,791.883560883834,-0.878899931907654,0.281820327043533,0.0894067138433456,6.40229233095903,22710.5226377318,-22635.1610184756,22708.0603306486,-22635.1236252758,22705.5980235654,-22635.086232076,0,1,1,1
20131214102313.daq,129,17,885.75,-1,0,right,0.847549438476563,269.152450561523,12,0.0001,60.625301361084,800.775338023239,-1.01073491573334,0.281642138957977,0.0514398328959942,6.53941702510284,22710.3853637834,-22644.049158301,22707.9230422112,-22644.0127316825,22705.460720639,-22643.9763050641,0,1,1,1
20131214102313.daq,129,17,885.85,-1,0,right,0.814346313476563,269.185653686523,12,0.0001,60.6247177124023,809.667025038114,-1.31834995746613,0.282030999660492,0.0419481731951237,6.67788244325587,22710.2468020975,-22652.9370437321,22707.7844598294,-22652.9020440445,22705.3221175613,-22652.867044357,0,1,1,1
20131214102313.daq,129,17,885.95,-1,0,right,0.769119262695313,269.230880737305,12,0.0001,60.6242141723633,818.558632838496,-1.80174493789673,0.302990138530731,0.0514398328959942,6.8119696764151,22710.1128931206,-22661.8246424432,22707.6505239922,-22661.7915864431,22705.1881548639,-22661.758530443,0,1,1,1
20131214102313.daq,129,17,886.05,-1,0,right,0.716262817382813,269.283737182617,12,0.0001,60.6243438720703,827.450187487309,-1.80174493789673,0.376436859369278,0.108390033245087,6.94370757228104,22709.9814101772,-22670.7120573109,22707.5190116019,-22670.6812729069,22705.0566130265,-22670.6504885029,0,1,1,1
20131214102313.daq,129,17,886.15,-1,0,right,0.665817260742188,269.334182739258,12,0.0001,60.632251739502,836.342190800649,-1.36229491233826,0.39732638001442,0.0799150466918945,7.06730691516692,22709.8575889214,-22679.5995266894,22707.3951641966,-22679.5709102939,22704.9327394718,-22679.5422938983,0,1,1,1
20131214102313.daq,129,17,886.25,-1,0,right,0.6302490234375,269.369750976563,12,0.0001,60.6578063964844,845.236583510145,-0.659174978733063,0.395761489868164,0.060931496322155,7.18619587153639,22709.738702758,-22688.489302174,22707.2762607431,-22688.4622144149,22704.8138187282,-22688.4351266558,0,1,1,1
20131214102313.daq,129,17,886.35,-1,0,right,0.597686767578125,269.402313232422,12,0.0001,60.7013740539551,854.136084831436,-1.05467987060547,0.395580172538757,0.117881931364536,7.29764918505219,22709.6274420619,-22697.3830545022,22707.1649850502,-22697.3573661989,22704.7025280385,-22697.3316778957,0,1,1,1
20131214102313.daq,129,17,886.45,-1,0,right,0.534576416015625,269.465423583984,12,0.0001,60.7592468261719,863.043068774721,-3.29587483406067,0.395380765199661,0.060931496322155,7.4033486573551,22709.521981925,-22706.2858384453,22707.0594981118,-22706.2628625127,22704.5970142987,-22706.2398865801,0,1,1,1
20131214102313.daq,129,17,886.55,-1,0,right,0.426986694335938,269.573013305664,12,0.0001,60.8271255493164,871.959338530301,-4.79000473022461,0.394648641347885,0.0704231560230255,7.49818897212537,22709.4270895834,-22715.1953586547,22706.9645669677,-22715.1770067994,22704.502044352,-22715.1586549441,0,1,1,1
20131214102313.daq,129,17,886.65,-1,0,right,0.27166748046875,269.728332519531,12,0.0001,60.9001617431641,880.885984218199,-5.62495946884155,0.395289301872253,0.060931496322155,7.58043287446052,22709.3449133135,-22724.1134737885,22706.8823499972,-22724.1017974767,22704.4197866808,-22724.0901211649,0,1,1,1
20131214102313.daq,129,17,886.75,-1,0,right,0.0845489501953125,269.915451049805,12,0.0001,60.9757843017578,889.823552273869,-6.02046489715576,0.395397901535034,0.0799150466918945,7.64322486806029,22709.2822712561,-22733.0425032804,22706.8196829393,-22733.0388693407,22704.3570946226,-22733.035235401,0,1,1,1
20131214102313.daq,129,17,886.85,-1,0,right,-0.125961303710938,270.125961303711,12,0.0001,61.0527229309082,898.77231959832,-6.37202453613281,0.394901961088181,0.0894067138433456,7.68672100122376,22709.2386366306,-22741.9826357828,22706.7760515837,-22741.9880496357,22704.3134665367,-22741.9934634886,0,1,1,1
20131214102313.daq,129,17,886.95,-1,0,right,-0.34814453125,270.34814453125,12,0.0001,61.1302070617676,907.732417671767,-6.5038595199585,0.395263195037842,0.0514398328959942,7.7024602058288,22709.2230462062,-22750.9321948808,22706.7605006688,-22750.9471581525,22704.2979551314,-22750.9621214241,0,1,1,1
20131214102313.daq,129,17,887.05,-1,0,right,-0.57684326171875,270.576843261719,12,0.0001,61.2078552246094,916.703895263083,-6.41596984863281,0.39435863494873,0.155848801136017,7.68981125188457,22709.2351790101,-22759.8932554162,22706.7727128162,-22759.9180479059,22704.3102466224,-22759.9428403957,0,1,1,1
20131214102313.daq,129,17,887.15,-1,0,right,-0.797821044921875,270.797821044922,12,0.0001,61.285530090332,925.686763841812,-5.75679492950439,0.395216137170792,0.0894067138433456,7.64298542776627,22709.2819706636,-22768.8642218704,22706.8196184033,-22768.898511367,22704.357266143,-22768.9328008635,0,1,1,1
20131214102313.daq,129,17,887.25,-1,0,right,-1.001953125,271.001953125,12,0.0001,61.3632659912109,934.681027557541,-5.00972986221313,0.39485839009285,0.0799150466918945,7.56352248906037,22709.3609102911,-22777.8492402683,22706.8986958241,-22777.8923023404,22704.4364813571,-22777.9353644125,0,1,1,1
20131214102313.daq,129,17,887.35,-1,0,right,-1.17703247070313,271.177032470703,12,0.0001,61.4412002563477,943.686705619424,-4.08688449859619,0.395281791687012,0.060931496322155,7.45316009199824,22709.4712543913,-22786.8447310967,22707.0091830047,-22786.8953167719,22704.547111618,-22786.9459024472,0,1,1,1
20131214102313.daq,129,17,887.45,-1,0,right,-1.32066345214844,271.320663452148,12,0.0001,61.519416809082,952.703835047032,-3.25192975997925,0.394599050283432,0.0704231560230255,7.30909613462775,22709.6148162112,-22795.8527261488,22707.1528793704,-22795.9094836618,22704.6909425296,-22795.9662411747,0,1,1,1
20131214102313.daq,129,17,887.55,-1,0,right,-1.43771362304688,271.437713623047,12,0.0001,61.5978240966797,961.732451741016,-2.72458982467651,0.394838839769363,0.0799150466918945,7.13959779547576,22709.7840870078,-22804.8731127709,22707.3222712549,-22804.9348996795,22704.8604555019,-22804.9966865881,0,1,1,1
20131214102313.daq,129,17,887.65,-1,0,right,-1.5286865234375,271.528686523438,12,0.0001,61.67626953125,970.772572672584,-1.97752487659454,0.395079642534256,0.0894067138433456,6.94857419528632,22709.9751955186,-22813.905887739,22707.5134809726,-22813.9715833816,22705.0517664266,-22814.0372790242,0,1,1,1
20131214102313.daq,129,17,887.75,-1,0,right,-1.59133911132813,271.591339111328,12,0.0001,61.754695892334,979.824197235597,-1.2744048833847,0.395224958658218,0.0419481731951237,6.73543804441296,22710.188007963,-22822.9491645032,22707.7263667265,-22823.017551976,22705.26472549,-22823.0859394487,0,1,1,1
20131214102313.daq,129,17,887.85,-1,0,right,-1.63577270507813,271.635772705078,12,0.0001,61.8331298828125,988.887325756434,-1.01073491573334,0.395494908094406,0.013472955673933,6.50789721743601,22710.4153311364,-22832.0065889942,22707.9537436755,-22832.0768854797,22705.4921562147,-22832.1471819653,0,1,1,1
20131214102313.daq,129,17,887.95,-1,0,right,-1.6702880859375,271.670288085938,12,0.0001,61.9114952087402,997.961954225422,-0.966789960861206,0.393773466348648,0.0799150466918945,6.26739241074732,22710.6557198001,-22841.0759917783,22708.1941751329,-22841.1477711286,22705.7326304658,-22841.2195504789,0,1,1,1
20131214102313.daq,129,17,888.05,-1,0,right,-1.70176696777344,271.701766967773,12,0.0001,61.9896659851074,1007.04806357327,-1.05467987060547,0.395529597997665,0.0799150466918945,6.01734574754194,22710.9056882103,-22850.1552391131,22708.444183351,-22850.2283708501,22705.9826784917,-22850.3015025871,0,1,1,1
20131214102313.daq,129,17,888.15,-1,0,right,-1.73739624023438,271.737396240234,12,0.0001,62.0675277709961,1016.14561444916,-1.31834995746613,0.395409852266312,0.0704231560230255,5.76122296749249,22711.1617687929,-22859.2460943874,22708.7003098863,-22859.3207567923,22706.2388509797,-22859.3954191972,0,1,1,1
20131214102313.daq,129,17,888.25,-1,0,right,-1.78065490722656,271.780654907227,12,0.0001,62.1451606750488,1025.25456782866,-1.62596487998962,0.394699215888977,0.0894067138433456,5.4969370579881,22711.4261266836,-22868.3484649669,22708.9647248491,-22868.4249857671,22706.5033230147,-22868.5015065672,0,0,1,0
20131214102313.daq,129,17,888.35,-1,0,right,-1.8323974609375,271.832397460938,12,0.0001,62.2225875854492,1034.37489303305,-1.75779986381531,0.395056843757629,0.0514398328959942,5.22613508189017,22711.6968604008,-22877.4623271137,22709.2355286743,-22877.54107072,22706.7741969478,-22877.6198143263,0,0,1,0
20131214102313.daq,129,17,888.45,-1,0,right,-1.88978576660156,271.889785766602,12,0.0001,62.2997360229492,1043.50655467457,-1.88963496685028,0.395259499549866,0.0704231560230255,4.94872219874773,22711.973796356,-22886.585801826,22709.5125447349,-22886.6670106989,22707.0512931138,-22886.7482195718,0,0,1,0
20131214102313.daq,129,17,888.55,-1,0,right,-1.95259094238281,271.952590942383,12,0.0001,62.3765983581543,1052.64950948599,-2.0654149055481,0.39440444111824,0.0799150466918945,4.66172601777732,22712.2608264017,-22895.7208473018,22709.799665277,-22895.8047540438,22707.3385041522,-22895.8886607858,0,0,1,0
20131214102313.daq,129,17,888.65,-1,0,right,-2.02133178710938,272.021331787109,12,0.0001,62.4532127380371,1061.80371904896,-2.19724988937378,0.394303649663925,0.0988983735442162,4.36621976185303,22712.5560285216,-22904.8654954557,22710.0949698356,-22904.9523549246,22707.6339111496,-22905.0392143936,0,0,1,0
20131214102313.daq,129,17,888.75,-1,0,right,-2.09182739257813,272.091827392578,12,0.0001,62.5295486450195,1070.96914578441,-2.19724988937378,0.394752860069275,0.0988983735442162,4.06106820144242,22712.8611008447,-22914.0218102706,22710.4001508916,-22914.1116977115,22707.9392009386,-22914.2015851524,0,0,1,0
20131214102313.daq,129,17,888.85,-1,0,right,-2.16029357910156,272.160293579102,12,0.0001,62.6055908203125,1080.14574791707,-1.75779986381531,0.394488334655762,0.0799150466918945,3.74392868427265,22713.1777661598,-22923.1898931435,22710.7169253757,-22923.2827212572,22708.2560845916,-22923.3755493709,0,0,1,0
20131214102313.daq,129,17,888.95,-1,0,right,-2.17958068847656,272.179580688477,12,0.0001,62.6813659667969,1089.33348148033,1.45018494129181,0.394326090812683,0.0799150466918945,3.42093731889369,22713.5012047683,-22932.3690616932,22711.0403953718,-22932.4627181786,22708.5795859752,-22932.556374664,0,0,1,0
20131214102313.daq,129,17,889.05,-1,0,right,-2.12519836425781,272.125198364258,12,0.0001,62.7570762634277,1098.53232320872,4.4823899269104,0.396155834197998,0.013472955673933,3.09026376847416,22713.8318813274,-22941.5619301729,22711.3709841452,-22941.6532509378,22708.910086963,-22941.7445717026,0,0,1,0
20131214102313.daq,129,17,889.15,-1,0,right,-1.98957824707031,271.98957824707,12,0.0001,62.8325424194336,1107.74225282071,5.58101463317871,0.394821971654892,0.0894067138433456,2.76266910414249,22714.1595636729,-22950.7686880377,22711.6984572269,-22950.8541835653,22709.237350781,-22950.9396790928,0,0,1,0
20131214102313.daq,129,17,889.25,1,0,right,-1.81312561035156,271.813125610352,12,0.0001,62.90771484375,1116.9632299864,5.40523481369019,0.394417643547058,0.0324562788009644,2.46865260636962,22714.4808414748,-22959.9901822921,22712.0194834015,-22960.0680980072,22709.5581253283,-22960.1460137222,0,0,1,0
20131214102313.daq,129,22,1059.8,1,0,right,0.559744769042595,291.143997192383,12,0.000214066557025642,72.0722579956055,0,-2.46091985702515,0,12.0964336395264,2.69152477017276,18422.4795110469,-38401.2392908854,18420.1827095066,-38402.1275797505,18417.8859079663,-38403.0158686156,1,0,0,0
20131214102313.daq,129,22,1059.9,1,0,right,0.521628699885127,291.300399780273,12,0.000214014664206212,71.5580139160156,10.53287166066,-3.0322048664093,0,10.8909845352173,2.80921063386835,18426.2605657195,-38411.0603331669,18423.9661975312,-38411.954888386,18421.6718293429,-38412.8494436051,1,0,0,0
20131214102313.daq,129,22,1060,1,0,right,0.450017838975043,291.4970703125,12,0.000213975131240292,71.0634307861328,20.9914477779239,-4.70211458206177,0,9.88486194610596,2.93568328656154,18430.0376946718,-38420.8013974393,18427.7464105981,-38421.7038229026,18425.4551265243,-38422.606248366,1,0,0,0
20131214102313.daq,129,22,1060.1,1,0,right,0.3347245720621,291.737747192383,12,0.000213947172046694,70.6034469604492,31.3799094220594,-5.62495946884155,0,8.7458553314209,3.05445259563236,18433.8149657379,-38430.4622927576,18431.5274925999,-38431.3743350079,18429.2400194619,-38432.2863772583,1,0,0,0
20131214102313.daq,129,22,1060.2,1,0,right,0.198077638463815,292.006149291992,12,0.000213929121010167,70.1854400634766,41.7039273060363,-5.09761953353882,0,8.29025268554688,3.16287703855748,18437.599383242,-38440.0515531759,18435.3162076493,-38440.9743010487,18433.0330320567,-38441.8970489214,1,0,0,0
20131214102313.daq,129,22,1060.3,1,0,right,0.0690086695429954,292.2666015625,12,0.000213918438478324,69.8123168945313,51.9698765410139,-3.8232147693634,0,1.47519791126251,3.25556925938413,18441.3970343266,-38449.5708076775,18439.1180768899,-38450.5039247254,18436.8391194532,-38451.4370417734,1,0,0,0
20131214102313.daq,129,22,1060.4,1,0,right,-0.0397848658320754,292.504989624023,12,0.000213912068868071,69.5001983642578,62.1853181708284,-2.98825979232788,0,-0.299753725528717,3.33257121730682,18445.2131102598,-38459.0285286954,18442.9380549171,-38459.9711195986,18440.6629995743,-38460.9137105019,1,0,0,0
20131214102313.daq,129,22,1060.5,1,0,right,-0.138653461539661,292.731674194336,12,0.000213906934902416,69.2552719116211,72.3600086789083,-2.98825979232788,0.139636635780334,-0.00551059981808066,3.38980414928071,18449.0539750589,-38468.435966058,18446.7826667714,-38469.3875505716,18444.5113584839,-38470.3391350851,1,0,0,0
20131214102313.daq,129,22,1060.6,1,0,right,-0.226015435093416,292.945083618164,12,0.00021390021985455,69.0617599487305,82.5028508598625,-2.76853489875793,0.351534277200699,-0.0150022618472576,3.42996051996363,18452.9176075149,-38477.7971062336,18450.6498593386,-38478.7571440621,18448.3821111623,-38479.7171818907,1,0,0,0
20131214102313.daq,129,22,1060.7,1,0,right,-0.294704602356774,293.138061523438,12,0.000213889687000561,68.8968811035156,92.6195677389915,-2.02146983146667,0.442264169454575,-0.0624608024954796,3.45115871408418,18456.8114894235,-38487.1240107127,18454.546987607,-38488.0916810837,18452.2824857906,-38489.0593514547,1,0,0,0
20131214102313.daq,129,22,1060.8,1,0,right,-0.336685226186887,293.302581787109,12,0.000213874133470365,68.7653045654297,102.714080596663,-0.74706494808197,0.445282310247421,0.0419481731951237,3.45814072558968,18460.729393555,-38496.4131605435,18458.4676796586,-38497.3873292528,18456.2059657621,-38498.361497962,1,0,0,0
20131214102313.daq,129,22,1060.9,1,0,right,-0.321296596598472,293.405960083008,12,0.000213853841627553,68.6987457275391,112.794142381841,0.834954977035522,0.442583441734314,-0.0339855849742889,3.45283415838543,18464.6737037943,-38505.6817324705,18462.4137512628,-38506.6599803833,18460.1537987313,-38507.6382282962,1,0,0,0
20131214102313.daq,129,22,1061,1,0,right,-0.261794249349691,293.474014282227,12,0.000213830698879755,68.6891479492188,122.868664841008,0.483394980430603,0.442534893751144,0.0324562788009644,3.44007115540226,18468.643693325,-38514.9324309211,18466.3849043208,-38515.9133624467,18464.1261153166,-38516.8942939723,1,0,0,0
20131214102313.daq,129,22,1061.1,1,0,right,-0.192928339422906,293.535690307617,12,0.000213807825695781,68.7180480957031,132.94487341716,-0.834954977035522,0.441615253686905,0.0229646172374487,3.42596217436633,18472.6348647157,-38524.1756142391,18470.3771329434,-38525.1589766687,18468.1194011712,-38526.1423390983,1,0,0,0
20131214102313.daq,129,22,1061.2,1,0,right,-0.175680324132372,293.645248413086,12,0.000213788664601875,68.7665557861328,143.026950299551,-3.16403985023499,0.439881801605225,0.0229646172374487,3.41487449287562,18476.6478033806,-38533.4165303828,18474.3919560708,-38534.4042081331,18472.136108761,-38535.3918858834,1,0,0,0
20131214102313.daq,129,22,1061.3,1,0,right,-0.193796238576908,293.790817260742,12,0.000213776138799413,68.8247375488281,153.116914315353,-3.33981990814209,0.439237087965012,0.0229646172374487,3.40501598332286,18480.6819428847,-38542.6557295486,18478.428612202,-38543.6491354363,18476.1752815193,-38544.642541324,1,0,0,0
20131214102313.daq,129,22,1061.4,1,0,right,-0.226409919047626,293.947219848633,12,0.00021377237089224,68.8890228271484,163.2158885479,-2.32908487319946,0.43941792845726,0.00398129364475608,3.39679688837456,18484.7400061062,-38551.8943963805,18482.4893955553,-38552.8939495666,18480.2387850044,-38553.8935027527,1,0,0,0
20131214102313.daq,129,22,1061.5,1,0,right,-0.234544646913491,294.07975769043,12,0.000213778947978741,68.9573211669922,173.324605742848,-0.791009962558746,0.438401103019714,0.0419481731951237,3.39140560337361,18488.8184266919,-38561.1380871613,18486.5701343486,-38562.1428438296,18484.3218420053,-38563.1476004979,1,0,0,0
20131214102313.daq,129,22,1061.6,1,0,right,-0.209641737511902,294.177734375,12,0.000213797291121738,69.0280914306641,183.443534939506,-0.0439449958503246,0.438981056213379,0.060931496322155,3.38692778188025,18492.9225766417,-38570.3795077683,18490.6760057345,-38571.388107581,18488.4294348272,-38572.3967073937,1,0,0,0
20131214102313.daq,129,22,1061.7,1,0,right,-0.167698240843663,294.25715637207,12,0.0002138286844221,69.1003723144531,193.572963902319,-0.439449965953827,0.439237922430038,0.060931496322155,3.38325525241138,18497.0473452101,-38579.6257139249,18494.802174557,-38580.6374269088,18492.5570039039,-38581.6491398927,1,0,0,0
20131214102313.daq,129,22,1061.8,1,0,right,-0.118707291908208,294.3359375,12,0.000213874076335594,69.172721862793,203.713003130601,-0.966789960861206,0.43887796998024,-0.00551059981808066,3.38370793191279,18501.193563302,-38588.8758519158,18498.9497858661,-38589.8906510297,18496.7060084302,-38590.9054501436,1,0,0,0
20131214102313.daq,129,22,1061.9,1,0,right,-0.0820899272395081,294.429504394531,12,0.000213933877175058,69.2459869384766,213.863707174649,-1.49412989616394,0.437341660261154,0.0988983735442162,3.38850463986721,18505.3619421872,-38598.121369927,18503.1198249606,-38599.1398318877,18500.877707734,-38600.1582938484,1,0,0,0
20131214102313.daq,129,22,1062,1,0,right,-0.0574609765363334,294.533630371094,12,0.000214007882803667,69.3203506469727,224.025252273888,-1.62596487998962,0.43693670630455,0.117881931364536,3.39619016881563,18509.5522839421,-38607.3741863636,18507.3120213098,-38608.396721332,18505.0717586775,-38609.4192563005,1,0,0,0
20131214102313.daq,129,22,1062.1,1,0,right,-0.0442915215680273,294.647796630859,12,0.000214095199856138,69.3952789306641,234.197752750813,-1.53807497024536,0.437469840049744,0.117881931364536,3.41098827469757,18513.7606557206,-38616.6265110531,18511.5224350141,-38617.6535078848,18509.2842143076,-38618.6805047165,1,0,0,0
20131214102313.daq,129,22,1062.2,1,0,right,-0.0360713586126735,294.765502929688,12,0.000214193954641039,69.4702453613281,244.381249727943,-1.71385490894318,0.437122672796249,0.127373591065407,3.42859542639701,18517.9926162301,-38625.8825608937,18515.756510069,-38626.9141536716,18513.5204039078,-38627.9457464495,1,0,0,0
20131214102313.daq,129,22,1062.3,1,0,right,-0.0403051086582309,294.896362304688,12,0.000214301128267724,69.5448837280273,254.575721758156,-2.46091985702515,0.437288016080856,0.127373591065407,3.45190256483789,18522.2446975044,-38635.1418705104,18520.0109532558,-38636.1785676964,18517.7772090073,-38637.2152648825,1,0,0,0
20131214102313.daq,129,22,1062.4,1,0,right,-0.0714730283113454,295.050643920898,12,0.00021441273241121,69.6189575195313,264.781100676904,-3.33981990814209,0.437502861022949,0.0988983735442162,3.47510532267569,18526.519316298,-38644.4000322081,18524.2883716817,-38645.4427404811,18522.0574270655,-38646.4854487541,1,0,0,0
20131214102313.daq,129,22,1062.5,1,0,right,-0.123445591626478,295.224349975586,12,0.000214524349005743,69.6924667358398,274.997300509174,-3.47165489196777,0.437113910913467,0.117881931364536,3.49639539610549,18530.8201880699,-38653.6572316034,18528.5924149247,-38654.7066987239,18526.3646417795,-38655.7561658443,1,0,0,0
20131214102313.daq,129,22,1062.6,1,0,right,-0.167787028790258,295.399520874023,12,0.000214632084063716,69.7644653320313,285.224164224754,-2.8564248085022,0.436756700277328,0.117881931364536,3.51459429987041,18535.150397457,-38662.9143357221,18532.9258432636,-38663.970608918,18530.7012890703,-38665.0268821138,1,0,0,0
20131214102313.daq,129,22,1062.7,1,0,right,-0.192659705858603,295.556518554688,12,0.00021473354521864,69.8367004394531,295.461594006076,-1.93357992172241,0.437034606933594,0.108390033245087,3.52837028992987,18539.5071042968,-38672.1644907389,18537.2854527733,-38673.2268555215,18535.0638012497,-38674.2892203041,1,0,0,0
20131214102313.daq,129,22,1062.8,1,0,right,-0.19405811599006,295.686447143555,12,0.000214828352443677,69.9095077514648,305.709667435774,-1.14256989955902,0.438146471977234,0.0894067138433456,3.53901138537375,18543.8957746515,-38681.4198575991,18541.6765379433,-38682.4872576442,18539.4573012351,-38683.5546576894,1,0,0,0
20131214102313.daq,129,22,1062.9,1,0,right,-0.17382515322447,295.795516967773,12,0.000214917955669982,69.9826202392578,315.968444286074,-0.966789960861206,0.437382936477661,0.060931496322155,3.54784338303366,18548.3108372034,-38690.6723276982,18546.0936364471,-38691.7439504069,18543.8764356909,-38692.8155731157,1,0,0,0
20131214102313.daq,129,22,1063,1,0,right,-0.159454191318105,295.906921386719,12,0.000215004862320515,70.055793762207,326.23795290447,-1.93357992172241,0.435817033052444,0.136865243315697,3.55296901101771,18552.7552911396,-38699.9246738139,18550.5401782085,-38701.0006055615,18548.3250652773,-38702.0765373091,1,0,0,0
20131214102313.daq,129,22,1063.1,1,0,right,-0.163822397629474,296.037811279297,12,0.000215091470639002,70.1286163330078,336.518173149307,-2.8564248085022,0.436434417963028,0.108390033245087,3.55615987690312,18557.2240436622,-38709.1721451591,18555.0113944315,-38710.2531344308,18552.7987452009,-38711.3341237025,1,0,0,0
20131214102313.daq,129,22,1063.2,1,0,right,-0.180457180372059,296.179580688477,12,0.00021517929180146,70.2008895874023,346.809033592348,-2.28513979911804,0.437159091234207,0.127373591065407,3.56091607263968,18561.7186574463,-38718.4229728005,18559.5086897244,-38719.5094336105,18557.2987220025,-38720.5958944206,1,0,0,0
20131214102313.daq,129,22,1063.3,1,0,right,-0.187818759689833,296.309829711914,12,0.000215268773568191,70.2726287841797,357.110461872871,-1.2744048833847,0.437440246343613,0.0988983735442162,3.56385037940279,18566.238132015,-38727.6704479987,18564.0306398248,-38728.7619298599,18561.8231476346,-38729.8534117212,1,0,0,0
20131214102313.daq,129,22,1063.4,1,0,right,-0.161649798004532,296.416580200195,12,0.000215359677509446,70.3430480957031,367.422301240353,-0.659174978733063,0.43619629740715,0.174832135438919,3.56806337978518,18570.7838925451,-38736.919073613,18568.5784377769,-38738.014666461,18566.3729830086,-38739.110259309,1,0,0,0
20131214102313.daq,129,22,1063.5,1,0,right,-0.124842309810731,296.511367797852,12,0.000215451526296057,70.4141616821289,377.74451644691,-0.92284494638443,0.435999125242233,0.127373591065407,3.57409339634923,18575.352550589,-38746.1721898439,18573.1489113382,-38747.2714297976,18570.9452720874,-38748.3706697512,1,0,0,0
20131214102313.daq,129,22,1063.6,1,0,right,-0.103005074496139,296.619812011719,12,0.000215543669473128,70.4855651855469,388.077183303452,-2.2411949634552,0.436829447746277,0.117881931364536,3.58382438024122,18579.943289299,-38755.4207146818,18577.741734535,-38756.524123511,18575.5401797709,-38757.6275323402,1,0,0,0
20131214102313.daq,129,22,1063.7,1,0,right,-0.117566120260221,296.76335144043,12,0.000215635136666563,70.5570449829102,398.420333141461,-3.47165489196777,0.436346054077148,0.108390033245087,3.59382834406428,18584.5590036194,-38764.667484006,18582.3602200603,-38765.7764047803,18580.1614365012,-38766.8853255546,1,0,0,0
20131214102313.daq,129,22,1063.8,1,0,right,-0.161511253783317,296.934982299805,12,0.00021572459139685,70.6282653808594,408.773949735711,-3.64743494987488,0.435740858316422,0.136865243315697,3.60263951687699,18589.2013257033,-38773.9128357813,18587.0058738026,-38775.0283380785,18584.8104219018,-38776.1438403757,1,0,0,0
20131214102313.daq,129,22,1063.9,1,0,right,-0.212018332321975,297.111892700195,12,0.000215810593375286,70.6990280151367,419.137980680622,-2.81247973442078,0.436850428581238,0.0988983735442162,3.6116489463358,18593.8692440008,-38783.1579007626,18591.6772468618,-38784.2801765603,18589.4852497228,-38785.4024523579,1,0,0,0
20131214102313.daq,129,22,1064,1,0,right,-0.242328598691813,297.267333984375,12,0.000215892189404052,70.7693481445313,429.512357158892,-1.71385490894318,0.437176674604416,0.0894067138433456,3.61782781061383,18598.5635415195,-38792.4001126853,18596.3745971353,-38793.528331151,18594.1856527512,-38794.6565496167,1,0,0,0
20131214102313.daq,129,22,1064.1,1,0,right,-0.238869392208699,297.393157958984,12,0.000215969437699726,70.838752746582,439.897006250278,-0.92284494638443,0.43586266040802,0.165340706706047,3.61959281129665,18603.2877783702,-38801.6398887874,18601.1013168781,-38802.772911544,18598.9148553859,-38803.9059343006,1,0,0,0
20131214102313.daq,129,22,1064.2,1,0,right,-0.209508469766718,297.495971679688,12,0.000216043589033063,70.9074401855469,450.291750596414,-0.92284494638443,0.436595290899277,0.0704231560230255,3.62071868735564,18608.0383452459,-38810.8769050536,18605.8539204119,-38812.0138494534,18603.6694955779,-38813.1507938531,1,0,0,0
20131214102313.daq,129,22,1064.3,1,0,right,-0.179313250773873,297.596801757813,12,0.000216116935213016,70.9766693115234,460.696606142767,-1.49412989616394,0.436394602060318,0.127373591065407,3.62255775035107,18612.8161605496,-38820.1140133033,18610.633739911,-38821.2548001282,18608.4513192724,-38822.395586953,1,0,0,0
20131214102313.daq,129,22,1064.4,1,0,right,-0.161864942389627,297.711395263672,12,0.000216192324018313,71.0462341308594,471.111639561917,-2.10935974121094,0.436223596334457,0.0894067138433456,3.62241323835629,18617.6180000677,-38829.3465126363,18615.4378654051,-38830.491662092,18613.2577307424,-38831.6368115478,1,0,0,0
20131214102313.daq,129,22,1064.5,1,0,right,-0.156950246530755,297.835220336914,12,0.00021627255797972,71.1159210205078,481.536886661226,-1.88963496685028,0.437171816825867,0.0324562788009644,3.62415292017829,18622.4456171381,-38838.5785350348,18620.2679624105,-38839.728393422,18618.0903076829,-38840.8782518092,1,0,0,0
20131214102313.daq,129,22,1064.6,1,0,right,-0.149250219471412,297.957260131836,12,0.000216359933555072,71.1855087280273,491.9723514504,-1.53807497024536,0.43589660525322,0.108390033245087,3.62852241531027,18627.2965813054,-38847.8106363696,18625.1213807099,-38848.9651305413,18622.9461801143,-38850.119624713,1,0,0,0
20131214102313.daq,129,22,1064.7,1,0,right,-0.139880169100252,298.07438659668,12,0.000216455884768638,71.2547302246094,502.417997282813,-1.40623986721039,0.436769247055054,0.0894067138433456,3.63479295217427,18632.1727118979,-38857.0429759827,18629.9998759117,-38858.2019143764,18627.8270399255,-38859.3608527702,1,0,0,0
20131214102313.daq,129,22,1064.8,1,0,right,-0.12470461142243,298.18669128418,12,0.000216560651515729,71.3235092163086,512.87376336052,-1.45018494129181,0.436517685651779,0.0894067138433456,3.64251593926603,18637.0701080964,-38866.2716442887,18634.8995479022,-38867.4348394,18632.7289877081,-38868.5980345114,1,0,0,0
20131214102313.daq,129,22,1064.9,1,0,right,-0.105351094215109,298.299682617188,12,0.000216673086468874,71.3909759521484,523.339540023459,-1.45018494129181,0.436662405729294,0.0988983735442162,3.65558711205246,18641.9909599554,-38875.5041744337,18639.8226978836,-38876.6716477787,18637.6544358118,-38877.8391211238,1,0,0,0
20131214102313.daq,129,22,1065,1,0,right,-0.0805474200315643,298.409332275391,12,0.00021679065839779,71.458137512207,533.815157373087,-1.45018494129181,0.436762094497681,0.136865243315697,3.67302696854337,18646.9331423074,-38884.7329593074,18644.767118454,-38885.9045800183,18642.6010946007,-38887.0762007292,1,0,0,0
20131214102313.daq,129,22,1065.1,1,0,right,-0.0598273616931806,298.519485473633,12,0.000216909723097587,71.5258026123047,544.300665577044,-1.45018494129181,0.436611145734787,0.0799150466918945,3.68979991249796,18651.9007260064,-38893.9578032475,18649.7369586377,-38895.1335860494,18647.5731912689,-38896.3093688513,1,0,0,0
20131214102313.daq,129,22,1065.2,1,0,right,-0.0394583338120356,298.630783081055,12,0.0002170258472335,71.5937652587891,554.796122169559,-1.45018494129181,0.436117440462112,0.117881931364536,3.70994064243293,18656.8917849712,-38903.1825795969,18654.7303056528,-38904.362563317,18652.5688263344,-38905.542547037,1,0,0,0
20131214102313.daq,129,22,1065.3,1,0,right,-0.0267337832339649,298.748336791992,12,0.000217134158542345,71.6617889404297,565.301555591403,-1.84568989276886,0.436527937650681,0.108390033245087,3.73689917438559,18661.9045822168,-38912.4109322563,18659.7455284178,-38913.5953481953,18657.5864746188,-38914.7797641343,1,0,0,0
20131214102313.daq,129,22,1065.4,1,0,right,-0.0399534294239174,298.89045715332,12,0.000217229874833193,71.7295150756836,575.816947099622,-3.25192975997925,0.436406254768372,0.0988983735442162,3.76185060356212,18666.9418421711,-38921.6302002156,18664.7857329173,-38922.8199679697,18662.6296236634,-38924.0097357239,1,0,0,0
20131214102313.daq,129,22,1065.5,1,0,right,-0.090718558179276,299.068756103516,12,0.000217308779761624,71.7966690063477,586.342233285337,-4.13082981109619,0.436499327421188,0.0799150466918945,3.78966222954843,18672.0040439179,-38930.8514964588,18669.8516475406,-38932.0479680458,18667.6992511633,-38933.2444396327,1,0,0,0
20131214102313.daq,129,22,1065.6,1,0,right,-0.16267652912012,299.266891479492,12,0.000217367825080203,71.8632049560547,596.877320527215,-3.86715984344482,0.436036109924316,0.0704231560230255,3.81379547250344,18677.0924387479,-38940.0639323517,18674.9441927681,-38941.2678400033,18672.7959467882,-38942.4717476549,1,0,0,0
20131214102313.daq,129,22,1065.7,1,0,right,-0.223552211315791,299.463150024414,12,0.000217405911791987,71.9280090332031,607.422033518291,-3.16403985023499,0.43658459186554,0.0799150466918945,3.83208831982992,18682.211969907,-38949.2725305138,18680.0678603363,-38950.4837895993,18677.9237507656,-38951.6950486849,1,0,0,0
20131214102313.daq,129,22,1065.8,1,0,right,-0.268732821957997,299.64094543457,12,0.000217424584853192,71.9932327270508,617.976272296321,-2.50486493110657,0.436719864606857,0.0799150466918945,3.84314548618284,18687.3619493015,-38958.4703407564,18685.2216087246,-38959.6882474187,18683.0812681476,-38960.906154081,1,0,0,0
20131214102313.daq,129,22,1065.9,1,0,right,-0.293352284996558,299.797348022461,12,0.000217428244091636,72.0589370727539,628.540115376454,-1.88963496685028,0.436653107404709,0.060931496322155,3.84905260081483,18692.5442175967,-38967.6653352912,18690.4072095587,-38968.8890799822,18688.2702015206,-38970.1128246732,1,0,0,0
20131214102313.daq,129,22,1066,1,0,right,-0.298666068480884,299.933624267578,12,0.000217423564632249,72.1250228881836,639.113626447317,-1.66990995407104,0.43666735291481,0.0799150466918945,3.84812694814996,18697.7607892581,-38976.8574554141,18695.626697901,-38978.0862794466,18693.4926065438,-38979.3151034791,1,0,0,0
20131214102313.daq,129,22,1066.1,1,0,right,-0.296665932965254,300.063903808594,12,0.000217418252107241,72.1912231445313,649.696844206963,-1.93357992172241,0.436220735311508,0.108390033245087,3.84086434564764,18703.0063940685,-38986.0381566444,18700.8751023344,-38987.2718300078,18698.7438106003,-38988.5055033712,1,0,0,0
20131214102313.daq,129,22,1066.2,1,0,right,-0.297665748090253,300.194244384766,12,0.000217419522610341,72.2571792602539,660.28975532089,-2.19724988937378,0.435319274663925,0.0894067138433456,3.82885162995407,18708.283235911,-38995.2149362371,18706.1547561385,-38996.4534548205,18704.026276366,-38997.6919734039,1,0,0,0
20131214102313.daq,129,22,1066.3,1,0,right,-0.300389206105024,300.327621459961,12,0.000217432725753806,72.3227691650391,670.892315216377,-2.15330481529236,0.435810714960098,0.117881931364536,3.81607242190102,18713.5855771278,-39004.3876382346,18711.4599862289,-39005.6311082801,18709.3343953301,-39006.8745783256,1,0,0,0
20131214102313.daq,129,22,1066.4,1,0,right,-0.307362953623112,300.464996337891,12,0.000217460663070413,72.3873672485352,681.504449481232,-2.10935974121094,0.436624735593796,0.060931496322155,3.80062623361933,18718.9173620468,-39013.5562113186,18716.7947586531,-39014.8047741952,18714.6721552595,-39016.0533370717,1,0,0,0
20131214102313.daq,129,22,1066.5,1,0,right,-0.306137495180394,300.599945068359,12,0.000217503647996017,72.4512634277344,692.125972924186,-2.0654149055481,0.436947017908096,0.0988983735442162,3.78309332662272,18724.274421617,-39022.7170861207,18722.1547648478,-39023.9706448965,18720.0351080787,-39025.2242036724,1,0,0,0
20131214102313.daq,129,22,1066.6,1,0,right,-0.303993117281323,300.732925415039,12,0.00021756012105275,72.515754699707,702.756908111347,-1.93357992172241,0.436310201883316,0.060931496322155,3.76977814631035,18729.6567752717,-39031.87805175,18727.5400336499,-39033.1365267516,18725.423292028,-39034.3950017533,1,0,0,0
20131214102313.daq,129,22,1066.7,1,0,right,-0.29857123972505,300.859436035156,12,0.000217627589779595,72.5806198120117,713.397328242689,-1.53807497024536,0.436542123556137,0.0419481731951237,3.7542077684762,18735.0661948312,-39041.0315339758,18732.9522371137,-39042.2946797283,18730.8382793962,-39043.5578254807,1,0,0,0
20131214102313.daq,129,22,1066.8,1,0,right,-0.274716251699203,300.968658447266,12,0.000217703729964846,72.6455917358398,724.047277984166,-0.703119933605194,0.203674733638763,0.0799150466918945,3.73866647979328,18740.502246242,-39050.1820128989,18738.390700287,-39051.4491861718,18736.279154332,-39052.7163594446,1,0,0,0
20131214102313.daq,129,22,1066.9,1,0,right,-0.210845155323227,301.036849975586,12,0.000217787031243448,72.7039184570313,734.706480108405,0.791009962558746,0.0223398748785257,0.0704231560230255,3.72709714481,18745.9600725996,-39059.330749296,18743.8500362872,-39060.6004347624,18741.7399999748,-39061.8701202289,1,0,0,0
20131214102313.daq,129,22,1067,1,0,right,-0.127927413957025,301.084991455078,12,0.0002178768698314,72.7137680053711,745.371415701753,0.439449995756149,0,0.0988983735442162,3.7232873596511,18751.4385726954,-39068.4766381284,18749.3296039521,-39069.7480960566,18747.2206352088,-39071.0195539848,1,0,0,0
20131214102313.daq,129,22,1067.1,1,0,right,-0.0508694010034105,301.138000488281,12,0.000217972888542847,72.6511688232422,756.032246501971,-0.878899931907654,0,-0.0814443528652191,3.72373579693761,18756.9309380972,-39077.6144548845,18754.8231465866,-39078.8878634486,18752.7153550759,-39080.1612720126,1,0,0,0
20131214102313.daq,129,22,1067.2,1,0,right,-0.041330632934546,301.261825561523,12,0.000218074080286114,72.5251846313477,766.679051255778,-3.73532485961914,0,0.288733005523682,3.73261525745869,18762.4300465093,-39086.7250748674,18760.3250119523,-39088.0030357187,18758.2199773954,-39089.2809965701,1,0,0,0
20131214102313.daq,129,22,1067.3,1,0,right,-0.0828382760347495,301.43913269043,12,0.000218177910418431,72.3812866210938,777.305592952864,-4.30660963058472,0,8.77433109283447,3.74552987535752,18767.9351821002,-39095.8094020743,18765.8341123853,-39097.0938710216,18763.7330426704,-39098.378339969,1,0,0,0
20131214102313.daq,129,22,1067.4,1,0,right,-0.156348827025226,301.647232055664,12,0.000218280020925819,72.2198028564453,787.910100713489,-3.51559972763062,0,9.46722602844238,3.76107745432194,18773.4454177669,-39104.8569086938,18771.3490271157,-39106.1490002777,18769.2526364645,-39107.4410918615,1,0,0,0
20131214102313.daq,129,22,1067.5,1,0,right,-0.231338824159593,301.853469848633,12,0.000218374665277497,72.0179901123047,798.488133957158,-2.94431495666504,0,10.520806312561,3.77357591871533,18778.965305183,-39113.8693286362,18776.8735790233,-39115.1689578512,18774.7818528636,-39116.4685870661,1,0,0,0
20131214102313.daq,129,22,1067.6,1,0,right,-0.300596812689093,302.052825927734,12,0.000218455723922056,71.7574768066406,809.032407375416,-2.98825979232788,0,8.67941284179688,3.78374969782098,18784.4907416589,-39122.8391195793,18782.4035501075,-39124.1460189064,18780.3163585562,-39125.4529182335,1,0,0,0
20131214102313.daq,129,22,1067.7,1,0,right,-0.36597356404701,302.247161865234,12,0.000218517894761836,71.4504623413086,819.53465944271,-3.12009477615356,0,6.0312237739563,3.78432876559151,18790.0218038166,-39131.7544656514,18787.9390570063,-39133.0684367879,18785.8563101959,-39134.3824079244,1,0,0,0
20131214102313.daq,129,22,1067.8,1,0,right,-0.437636028507256,302.446655273438,12,0.000218557866327802,71.1568145751953,829.991996195909,-2.94431495666504,0,2.53827047348022,3.77174459394334,18795.5588908378,-39140.6109141986,18793.4807316496,-39141.9321290986,18791.4025724615,-39143.2533439987,1,0,0,0
20131214102313.daq,129,22,1067.9,1,0,right,-0.509500592041888,302.644409179688,12,0.000218575483625884,70.9155426025391,840.410043961776,-2.37302994728088,0,-0.100427679717541,3.74776023639256,18801.1056386074,-39149.416648429,18799.0320519043,-39150.7450281218,18796.9584652013,-39152.0734078147,1,0,0,0
20131214102313.daq,129,22,1068,1,0,right,-0.552309308952658,302.81982421875,12,0.000218574448579004,70.7188339233398,850.796201811754,-1.53807497024536,0.144988596439362,0.0419481731951237,3.71334108618646,18806.6632061131,-39158.1766910514,18804.5936960491,-39159.5114129396,18802.5241859852,-39160.8461348278,1,0,0,0
20131214102313.daq,129,22,1068.1,1,0,right,-0.556146757507236,302.953475952148,12,0.000218562439457865,70.5500640869141,861.155669368061,0.527339994907379,0.254155933856964,0.0324562788009644,3.66872399648873,18812.234763411,-39166.8960100825,18810.1683724308,-39168.2355558042,18808.1019814506,-39169.5751015258,1,0,0,0
20131214102313.daq,129,22,1068.2,1,0,right,-0.477014313585983,303.003555297852,12,0.000218550673036756,70.4001159667969,871.491869312013,3.20798492431641,0.285863250494003,0.00398129364475608,3.6210999963308,18817.8187204065,-39175.5846991108,18815.7535010446,-39176.9260504485,18813.6882816828,-39178.2674017861,1,0,0,0
20131214102313.daq,129,22,1068.3,1,0,right,-0.316323251010431,302.969345092773,12,0.000218552969408034,70.2603149414063,881.806899265619,4.30660963058472,0.291722625494003,0.0514398328959942,3.57330057839115,18823.4131082732,-39184.2467117316,18821.3470883845,-39185.5868297276,18819.2810684959,-39186.9269477236,1,0,0,0
20131214102313.daq,129,22,1068.4,1,0,right,-0.109998038375807,302.891067504883,12,0.000218584084391921,70.1421508789063,892.102676042341,3.77926993370056,0.291991382837296,0.0514398328959942,3.53842721715071,18829.0077508659,-39192.8915814032,18826.9399020345,-39194.2288755496,18824.8720532032,-39195.5661696961,1,0,0,0
20131214102313.daq,129,22,1068.5,1,0,right,0.0962743766635299,302.812271118164,12,0.000218657313102914,70.0548095703125,902.383530842329,2.50486493110657,0.293481886386871,0.0704231560230255,3.52228840928616,18834.5984613811,-39201.5208500448,18832.5287753834,-39202.8552991052,18830.4590893858,-39204.1897481656,1,0,0,0
20131214102313.daq,129,22,1068.6,1,0,right,0.268823079286449,302.764526367188,12,0.000218782134902204,69.9859848022461,912.653034798306,1.2744048833847,0.293769747018814,0.0704231560230255,3.52833637462373,18840.1825543241,-39210.140621989,18838.1117570447,-39211.4733459105,18836.0409597652,-39212.806069832,1,0,0,0
20131214102313.daq,129,22,1068.7,1,0,right,0.408752853027011,302.753158569336,12,0.000218962409349382,69.930908203125,922.913495714121,0.483394980430603,0.293293356895447,0.0514398328959942,3.55925727217048,18845.7582867015,-39218.7506121063,18843.6872250431,-39220.0829251439,18841.6161633846,-39221.4152381816,1,0,0,0
20131214102313.daq,129,22,1068.8,1,0,right,0.516393693960595,302.774490356445,12,0.000219195691001277,69.8874664306641,933.166744334972,0.0878899991512299,0.293516129255295,0.0419481731951237,3.61513614733578,18851.3274706978,-39227.3549265109,18849.2569052163,-39228.688010533,18847.1863397347,-39230.0210945551,1,0,0,0
20131214102313.daq,129,22,1068.9,1,0,right,0.601712447355794,302.81950378418,12,0.000219473759950726,69.852668762207,943.41429631981,-0.219724982976913,0.293315649032593,0.060931496322155,3.70029583724896,18856.8897562429,-39235.9579584034,18854.8202387144,-39237.2926687176,18852.7507211859,-39238.6273790317,1,0,0,0
20131214102313.daq,129,22,1069,1,0,right,0.662923132679737,302.885650634766,12,0.000219784158997628,69.8234329223633,953.657181876595,-0.74706494808197,0.292979329824448,0.0704231560230255,3.80845398946597,18862.446995229,-39244.5559374854,18860.3790199761,-39245.8930361269,18858.3110447232,-39247.2301347683,1,0,0,0
20131214102313.daq,129,22,1069.1,1,0,right,0.701238164939696,302.973907470703,12,0.000220112355994118,69.7976226806641,963.89605281144,-1.58201992511749,0.29216805100441,0.0514398328959942,3.93551763216959,18868.0070337441,-39253.1488079557,18865.9411205736,-39254.4890904615,18863.8752074031,-39255.8293729674,1,0,0,0
20131214102313.daq,129,22,1069.2,1,0,right,0.714657797915265,303.088409423828,12,0.000220444198835723,69.7737121582031,974.131292002116,-2.10935974121094,0.29223558306694,0.0514398328959942,4.07334408224835,18873.5719779535,-39261.7285287289,18871.5087473755,-39263.072937151,18869.4455167975,-39264.4173455731,1,0,0,0
20131214102313.daq,129,22,1069.3,1,0,right,0.713088055964761,303.214996337891,12,0.000220768149128272,69.7507095336914,984.363098254151,-1.97752487659454,0.291783392429352,0.0988983735442162,4.22027825548442,18879.1471374282,-39270.2997706531,18877.0868821635,-39271.6487342062,18875.0266268988,-39272.9976977593,1,0,0,0
20131214102313.daq,129,22,1069.4,1,0,right,0.712898401671964,303.339447021484,12,0.000221077216633753,69.7281036376953,994.591564909162,-1.36229491233826,0.29238024353981,0.0988983735442162,4.37584759541976,18884.7319658965,-39278.8593995604,18882.6746455384,-39280.2128349551,18880.6173251803,-39281.5662703498,1,0,0,0
20131214102313.daq,129,22,1069.5,1,0,right,0.732055930065371,303.448974609375,12,0.000221369897655254,69.7048492431641,1004.81669634981,-0.659174978733063,0.29226079583168,0.00398129364475608,4.53461657518862,18890.3318375555,-39287.4081138763,18888.277108205,-39288.7654796043,18886.2223788545,-39290.1228453324,1,0,0,0
20131214102313.daq,129,22,1069.6,1,0,right,0.775383070043858,303.534072875977,12,0.000221649967949764,69.6818008422852,1015.0383961573,-0.0439449958503246,0.292801260948181,0.0894067138433456,4.69594009964419,18895.946396567,-39295.9425299725,18893.8936855026,-39297.3029459786,18891.8409744383,-39298.6633619848,1,0,0,0
20131214102313.daq,129,22,1069.7,1,0,right,0.832609050679594,303.604553222656,12,0.000221925029453763,69.6598052978516,1025.25679441309,-0.131834983825684,0.292384266853333,0.0894067138433456,4.86361752670294,18901.5740672346,-39304.4660218342,18899.5230311898,-39305.8289618792,18897.471995145,-39307.1919019243,1,0,0,0
20131214102313.daq,129,22,1069.8,1,0,right,0.872829553894462,303.691329956055,12,0.000222204129587694,69.6386642456055,1035.47202968424,-1.75779986381531,0.292446494102478,0.0988983735442162,5.03709961368483,18907.2140676494,-39312.9768998087,18905.1650981831,-39314.3429446649,18903.1161287167,-39315.7089895212,1,0,0,0
20131214102313.daq,129,22,1069.9,1,0,right,0.866740794994939,303.82585144043,12,0.000222495436068205,69.617919921875,1045.68420323853,-3.8232147693634,0.292452394962311,0.117881931364536,5.21351976771428,18912.8675781721,-39321.4734373995,18910.8218216087,-39322.8442891445,18908.7760650453,-39324.2151408895,1,0,0,0
20131214102313.daq,129,22,1070,1,0,right,0.816556637580334,304.00163269043,12,0.000222804507432335,69.5971527099609,1055.89333307286,-3.95504975318909,0.292286694049835,0.127373591065407,5.39342674872088,18918.5343373182,-39329.9559782479,18916.4927960964,-39331.3330998341,18914.4512548746,-39332.7102214202,1,0,0,0
20131214102313.daq,129,22,1070.1,1,0,right,0.75061734210675,304.192489624023,12,0.000223133523792767,69.5761413574219,1066.0994000713,-3.12009477615356,0.292537182569504,0.108390033245087,5.56945592873792,18924.2192073304,-39338.4181376282,18922.1822647315,-39339.8020521025,18920.1453221326,-39341.1859665768,1,0,0,0
20131214102313.daq,129,22,1070.2,1,0,right,0.686892172018418,304.380462646484,12,0.000223481338876834,69.5549468994141,1076.30237066446,-3.07614994049072,0.292420625686646,0.0988983735442162,5.74309312008453,18929.9234665552,-39346.8648074428,18927.8910751851,-39348.255397153,18925.858683815,-39349.6459868632,0,1,0,1
20131214102313.daq,129,22,1070.3,1,0,right,0.606445488101542,304.587509155273,12,0.000223843730915805,69.5324020385742,1086.50215785162,-4.30660963058472,0.293246746063232,0.136865243315697,5.91142894099245,18935.6498804019,-39355.2947744045,18933.6225273859,-39356.6926993566,18931.5951743699,-39358.0906243088,0,1,0,1
20131214102313.daq,129,22,1070.4,1,0,right,0.494758348056962,304.829055786133,12,0.000224213833440984,69.5096664428711,1096.69859173424,-5.40523481369019,0.293326377868652,0.117881931364536,6.06768547899027,18941.4009564603,-39363.6993628436,18939.3795147924,-39365.1058222303,18937.3580731245,-39366.5122816171,0,1,0,1
20131214102313.daq,129,22,1070.5,1,0,right,0.352880455140735,305.098175048828,12,0.000224582741793528,69.4876022338867,1106.89174084985,-5.58101463317871,0.294180035591125,0.146356910467148,6.20860916757947,18947.1803243664,-39372.0789424338,18945.1655111365,-39373.4948810174,18943.1506979067,-39374.9108196009,0,1,0,1
20131214102313.daq,129,22,1070.6,1,0,right,0.199789876302532,305.378067016602,12,0.000224940386293194,69.4662094116211,1117.08170180381,-4.92183971405029,0.297493398189545,0.146356910467148,6.33249657868586,18952.9912614095,-39380.4344371825,18950.983389104,-39381.8602012682,18948.9755167984,-39383.2859653539,0,1,0,1
20131214102313.daq,129,22,1070.7,1,0,right,0.0592086713108415,305.64501953125,12,0.000225276786829699,69.4457015991211,1127.26858518863,-4.17477464675903,0.299062937498093,0.155848801136017,6.43298867181555,18958.8368140905,-39388.7593570197,18956.835606475,-39390.1944606756,18954.8343988595,-39391.6295643314,0,1,0,1
20131214102313.daq,129,22,1070.8,1,0,right,-0.061788502905074,305.891967773438,12,0.000225583045498472,69.4263534545898,1137.45254542366,-3.69137978553772,0.29899388551712,0.0799150466918945,6.51265064266654,18964.7167405003,-39397.0580116887,18962.7217368362,-39398.5017273129,18960.726733172,-39399.9454429371,0,1,0,1
20131214102313.daq,129,22,1070.9,1,0,right,-0.170500804349274,306.126220703125,12,0.00022585199848499,69.4080123901367,1147.63374588001,-3.69137978553772,0.299327969551086,0.0799150466918945,6.57322548459885,18970.6313138592,-39405.3339055604,18968.6422294621,-39406.7857656379,18966.6531450649,-39408.2376257154,0,1,0,1
20131214102313.daq,129,22,1071,1,0,right,-0.269970241678323,306.350830078125,12,0.000226078526727644,69.3903732299805,1157.81230927251,-3.69137978553772,0.299849659204483,0.0988983735442162,6.60986313108448,18976.5806501939,-39413.5790596919,18974.597272609,-39415.0387061487,18972.613895024,-39416.4983526055,0,1,0,1
20131214102313.daq,129,22,1071.1,1,0,right,-0.364557795881126,306.573181152344,12,0.000226259793671214,69.3723602294922,1167.98826870439,-3.69137978553772,0.300574839115143,0.0894067138433456,6.62409594811521,18982.5630609852,-39421.7930605702,18980.5853628563,-39423.2603930254,18978.6076647274,-39424.7277254807,0,1,0,1
20131214102313.daq,129,22,1071.2,1,0,right,-0.457329276344353,306.794082641602,12,0.000226395321033388,69.3554229736328,1178.16163834934,-3.69137978553772,0.300237715244293,0.0799150466918945,6.6214654844349,18988.5766225857,-39429.9836759555,18986.6045963806,-39431.4586224189,18984.6325701756,-39432.9335688824,0,1,1,1
20131214102313.daq,129,22,1071.3,1,0,right,-0.547557597568698,307.011856079102,12,0.000226486548751692,69.3400650024414,1188.33264666589,-3.64743494987488,0.301470637321472,0.0799150466918945,6.59905396332409,18994.6232309784,-39438.1470957542,18992.6568250746,-39439.6295269481,18990.6904191707,-39441.111958142,0,1,1,1
20131214102313.daq,129,22,1071.4,1,0,right,-0.638635478961817,307.229904174805,12,0.000226536084643988,69.325927734375,1198.50149721521,-3.64743494987488,0.301367938518524,0.108390033245087,6.56011119562007,19000.7010517605,-39446.287033817,18998.7403017077,-39447.7769377246,18996.7795516549,-39449.2668416321,0,1,1,1
20131214102313.daq,129,22,1071.5,1,0,right,-0.728111581941448,307.445785522461,12,0.000226546922436573,69.3127136230469,1208.66834730731,-3.51559972763062,0.301190257072449,0.108390033245087,6.50235488545624,19006.8100013692,-39454.3997233438,19004.8548789411,-39455.8970044512,19002.899756513,-39457.3942855586,0,1,1,1
20131214102313.daq,129,22,1071.6,1,0,right,-0.808194062909706,307.651718139648,12,0.000226521954858047,69.3000106811523,1218.83329951539,-3.12009477615356,0.302136719226837,0.0894067138433456,6.43006431034769,19012.9478641494,-39462.4895168296,19010.9981358692,-39463.9938153561,19009.048407589,-39465.4981138826,0,1,1,1
20131214102313.daq,129,22,1071.7,1,0,right,-0.871197952498733,307.840026855469,12,0.000226464043284388,69.2875213623047,1228.99640559229,-2.46091985702515,0.301743417978287,0.0988983735442162,6.34519034766858,19019.1124342595,-39470.5568580487,19017.1676605389,-39472.0675564299,19015.2228868183,-39473.5782548111,0,1,1,1
20131214102313.daq,129,22,1071.8,1,0,right,-0.909148425583908,308.002746582031,12,0.000226376530389733,69.2753753662109,1239.1577044226,-1.62596487998962,0.302323669195175,0.108390033245087,6.24657764800667,19025.3054074744,-39478.6022103486,19023.3649319667,-39480.1184257777,19021.424456459,-39481.6346412067,0,1,1,1
20131214102313.daq,129,22,1071.9,1,0,right,-0.917090442231427,308.13835144043,12,0.000226263744774381,69.2624588012695,1249.31716635331,-1.09862494468689,0.302310675382614,0.108390033245087,6.13607353908648,19031.5247921397,-39486.6256688745,19029.5879105682,-39488.1464726756,19027.6510289967,-39489.6672764767,0,1,1,1
20131214102313.daq,129,22,1072,1,0,right,-0.904334893660291,308.253326416016,12,0.000226131065525057,69.2503433227539,1259.47477217528,-1.05467987060547,0.302338659763336,-0.0529691390693188,6.01910264358175,19037.7669090302,-39494.6307730818,19035.833083141,-39496.1554605429,19033.8992572518,-39497.6801480039,0,1,1,1
20131214102313.daq,129,22,1072.1,1,0,right,-0.885260979390637,308.359329223633,12,0.000225984344745404,69.2394256591797,1269.63070055236,-1.05467987060547,0.303262263536453,0.060931496322155,5.89774398387758,19044.0282460868,-39502.6168554023,19042.0972443268,-39504.1451180193,19040.1662425669,-39505.6733806363,0,1,1,1
20131214102313.daq,129,22,1072.2,1,0,right,-0.857193849247835,308.4580078125,12,0.000225829085112418,69.2293472290039,1279.78508958539,-0.966789960861206,0.303565293550491,0.0988983735442162,5.77394588844418,19050.3088607089,-39510.5877287059,19048.3804938867,-39512.1193147539,19046.4521270645,-39513.6509008019,0,1,1,1
20131214102313.daq,129,22,1072.3,1,0,right,-0.822848910347943,308.549926757813,12,0.000225669545873517,69.2198867797852,1289.93805033318,-0.74706494808197,0.310175210237503,0.0704231560230255,5.65108483431269,19056.6048674524,-39518.5433616683,19054.6789602162,-39520.0780394002,19052.75305298,-39521.6127171322,0,0,1,0
20131214102313.daq,129,22,1072.4,1,0,right,-0.788075710903911,308.64094543457,12,0.000225508356705699,69.2110595703125,1300.08966019188,-0.966789960861206,0.377570122480392,0.108390033245087,5.53113294224897,19062.9164610521,-39526.4873230384,19060.9929941965,-39528.0250582818,19059.0695273409,-39529.5627935252,0,0,1,0
20131214102313.daq,129,22,1072.5,1,0,right,-0.76270638875377,308.740905761719,12,0.000225346286455971,69.2072906494141,1310.24023079751,-1.58201992511749,0.49475571513176,0.0988983735442162,5.41647438621169,19069.2400584788,-39534.4190436923,19067.3192773386,-39535.9601323449,19065.3984961985,-39537.5012209975,0,0,1,0
20131214102313.daq,129,22,1072.6,1,0,right,-0.748531754874136,308.851608276367,12,0.00022518223747225,69.2250061035156,1320.39157480512,-1.53807497024536,0.532803058624268,0.0799150466918945,5.30775346376237,19075.5776690208,-39542.3423240947,19073.6598690375,-39543.8871210546,19071.7420690542,-39545.4319180145,0,0,1,0
20131214102313.daq,129,22,1072.7,1,0,right,-0.728420423455873,308.959014892578,12,0.000225013809800677,69.2720260620117,1330.54773518414,-1.01073491573334,0.529859483242035,0.0799150466918945,5.20054336624225,19081.9327378893,-39550.2540698177,19080.0178371489,-39551.8024591673,19078.1029364086,-39553.3508485169,0,0,1,0
20131214102313.daq,129,22,1072.8,1,0,right,-0.697265883487262,309.055221557617,12,0.000224838299414325,69.3418350219727,1340.71252486031,-0.615229964256287,0.529124855995178,0.013472955673933,5.09880711834693,19088.3069624678,-39558.1625526321,19086.394664362,-39559.7141551514,19084.4823662562,-39561.2657576707,0,0,1,0
20131214102313.daq,129,22,1072.9,1,0,right,-0.658584837943579,309.143524169922,12,0.000224653668955409,69.4291305541992,1350.88890978448,-0.57128494977951,0.527936458587646,0.0419481731951237,5.00464763516854,19094.7004528271,-39566.0714892364,19092.7905482767,-39567.6260370909,19090.8806437263,-39569.1805849453,0,0,1,0
20131214102313.daq,129,22,1073,1,0,right,-0.612321597318328,309.223876953125,12,0.000224459228364076,69.5272750854492,1361.07899252079,-0.57128494977951,0.529055714607239,0.060931496322155,4.91344517896473,19101.119068977,-39573.9808834894,19099.2113464341,-39575.5381083038,19097.3036238911,-39577.0953331182,0,0,1,0
20131214102313.daq,129,22,1073.1,1,0,right,-0.564752910478319,309.30256652832,12,0.00022425601744605,69.6294937133789,1371.28381968895,-0.57128494977951,0.529534876346588,0.060931496322155,4.82957438233205,19107.5571562017,-39581.8903708394,19105.6515741377,-39583.4502142355,19103.7459920736,-39585.0100576317,0,0,1,0
20131214102313.daq,129,22,1073.2,1,0,right,-0.517410092495197,309.381134033203,12,0.000224046682041957,69.733039855957,1381.50375533057,-0.57128494977951,0.529116272926331,0.0514398328959942,4.75260098071733,19114.0186707144,-39589.8037680603,19112.1152293947,-39591.3662230407,19110.2117880749,-39592.9286780211,0,0,1,0
20131214102313.daq,129,22,1073.3,1,0,right,-0.466682274578943,309.455978393555,12,0.000223834945469383,69.8368988037109,1391.73890752051,-0.219724982976913,0.528540432453156,0.0514398328959942,4.68235121479176,19120.5015438719,-39597.7173786932,19118.6001451801,-39599.2823187681,19116.6987464883,-39600.8472588431,0,0,1,0
20131214102313.daq,129,22,1073.4,1,0,right,-0.407482226014793,309.52424621582,12,0.000223624654314368,69.9406051635742,1401.98928362541,-0.0878899917006493,0.52824592590332,0.0514398328959942,4.62123003069605,19127.0037320391,-39605.6352757859,19125.1041993199,-39607.2024802627,19123.2046666007,-39608.7696847395,0,0,1,0
20131214102313.daq,129,22,1073.5,1,0,right,-0.34620812696528,309.590545654297,12,0.000223418896208548,70.0429229736328,1412.25476335485,-0.175779983401299,0.529565215110779,0.0799150466918945,4.5699256780144,19133.5273369511,-39613.5571913317,19131.6296189837,-39615.1265927907,19129.7319010163,-39616.6959942497,0,0,1,0
20131214102313.daq,129,22,1073.6,1,0,right,-0.290027281848097,309.663757324219,12,0.000223219492389014,70.145751953125,1422.53528264722,-0.659174978733063,0.528237879276276,0.0988983735442162,4.52905080107154,19140.0687358719,-39621.4826072502,19138.1730248103,-39623.0544323023,19136.2773137487,-39624.6262573544,0,0,1,0
20131214102313.daq,129,22,1073.7,1,0,right,-0.259008254235766,309.761795043945,12,0.000223026653293644,70.2489852905273,1432.83091740667,-2.02146983146667,0.528713881969452,0.0988983735442162,4.49387173996804,19146.6324028951,-39629.406570008,19144.7393841273,-39630.9816364728,19142.8463653595,-39632.5567029375,0,0,1,0
20131214102313.daq,129,22,1073.8,1,0,right,-0.266827751512437,309.898345947266,12,0.000222838950577989,70.3522796630859,1443.14170036338,-3.51559972763062,0.527761578559875,0.0799150466918945,4.46855431384478,19153.2148574307,-39637.3321812264,19151.3255978329,-39638.9117547751,19149.4363382351,-39640.4913283237,0,0,1,0
20131214102313.daq,129,22,1073.9,1,0,right,-0.314087265846069,310.071884155273,12,0.000222653535255547,70.4552536010742,1453.46761585167,-3.73532485961914,0.528631329536438,0.0704231560230255,4.44799520832085,19159.8218947272,-39645.2595216297,19157.9374280209,-39646.8448101386,19156.0529613146,-39648.4300986474,0,0,1,0
20131214102313.daq,129,22,1074,1,0,right,-0.368099355600975,310.254013061523,12,0.000222466741312709,70.5576782226563,1463.8085937487,-3.0322048664093,0.52959531545639,0.060931496322155,4.42395778939755,19166.4565136716,-39653.1785288184,19164.5770957119,-39654.7697995548,19162.6976777523,-39656.3610702911,0,0,1,0
20131214102313.daq,129,22,1074.1,1,0,right,-0.40074673857697,310.416610717773,12,0.000222275102900765,70.6594390869141,1474.16454574831,-2.02146983146667,0.528506696224213,0.0419481731951237,4.40331401218562,19173.1178350379,-39661.0986660486,19171.2429404508,-39662.6952639036,19169.3680458636,-39664.2918617586,0,0,1,0
20131214102313.daq,129,22,1074.2,1,0,right,-0.409679284977528,310.553619384766,12,0.0002220762415468,70.7603073120117,1484.53537711015,-1.2744048833847,0.52889484167099,0.0704231560230255,4.37551738581278,19179.809587238,-39669.0085763673,19177.938515876,-39670.6096529993,19176.067444514,-39672.2107296314,0,0,1,0
20131214102313.daq,129,22,1074.3,1,0,right,-0.386915561755472,310.66032409668,12,0.000221869271042055,70.8599700927734,1494.92089229237,-0.791009962558746,0.528314888477325,0.108390033245087,4.34922530764503,19186.5316355697,-39676.9202620424,19184.6635492134,-39678.5248204829,19182.7954628572,-39680.1293789234,0,0,1,0
20131214102313.daq,129,22,1074.4,1,0,right,-0.348182158578936,310.750793457031,12,0.000221654688782237,70.9601440429688,1505.32105446191,-0.615229964256287,0.527302503585815,0.0704231560230255,4.31809101343207,19193.2824697579,-39684.8211801467,19191.4169193082,-39686.4286862721,19189.5513688585,-39688.0361923974,0,0,1,0
20131214102313.daq,129,22,1074.5,1,0,right,-0.300370072053909,310.834075927734,12,0.000221433854706492,71.0605697631836,1515.73592684112,-0.791009962558746,0.529709458351135,0.0324562788009644,4.29017927733377,19200.0604188266,-39692.722517932,19198.1972069427,-39694.3327340353,19196.3339950589,-39695.9429501386,0,0,1,0
20131214102313.daq,129,22,1074.6,1,0,right,-0.257044268594882,310.919448852539,12,0.000221208404378604,71.1610870361328,1526.16554122772,-0.92284494638443,0.527435600757599,0.0514398328959942,4.26331111496944,19206.863815325,-39700.6198223124,19205.0030047929,-39702.2328128848,19203.1421942607,-39703.8458034572,0,0,1,0
20131214102313.daq,129,22,1074.7,1,0,right,-0.215139985154906,311.008148193359,12,0.000220979727334612,71.2614440917969,1536.60988801712,-0.966789960861206,0.527969777584076,0.0988983735442162,4.24522865064785,19213.6907432658,-39708.5208324705,19211.832432026,-39710.1367018215,19209.9741207861,-39711.7525711724,0,0,1,0
20131214102313.daq,129,22,1074.8,1,0,right,-0.181751682852394,311.102996826172,12,0.000220748631189748,71.3612442016602,1547.06891405775,-1.05467987060547,0.52921724319458,0.060931496322155,4.23159069023872,19220.5393344241,-39716.4175684812,19218.6837006733,-39718.036511904,19216.8280669224,-39719.6554553267,0,0,1,0
20131214102313.daq,129,22,1074.9,1,0,right,-0.148642062198746,311.200042724609,12,0.00022051519873511,71.4604339599609,1557.54253477333,-1.14256989955902,0.527993679046631,0.0704231560230255,4.22313460941548,19227.4114203743,-39724.3141696426,19225.5585314024,-39725.9362537592,19223.7056424306,-39727.5583378759,0,0,1,0
20131214102313.daq,129,22,1075,1,0,right,-0.118626941370337,311.300918579102,12,0.000220278834960412,71.5583114624023,1568.03063248444,-1.18651497364044,0.527729868888855,0.0894067138433456,4.22384895804163,19234.3031434983,-39732.2105388914,19232.4531132636,-39733.8358827179,19230.603083029,-39735.4612265444,0,0,1,0
20131214102313.daq,129,22,1075.1,1,0,right,-0.0922012729035941,311.405990600586,12,0.000220038561474711,71.6555786132813,1578.53300652059,-1.45018494129181,0.528326272964478,0.0988983735442162,4.23078147653765,19241.2184198567,-39740.1066539151,19239.3713733725,-39741.7353876897,19237.5243268882,-39743.3641214643,0,0,1,0
20131214102313.daq,129,22,1075.2,1,0,right,-0.0719545372576249,311.516998291016,12,0.000219793479927557,71.7530899047852,1589.04966434164,-1.58201992511749,0.464826941490173,0.0514398328959942,4.24376614444124,19248.1573002079,-39748.0024107718,19246.3134127781,-39749.6347200469,19244.4695253482,-39751.2670293219,0,0,1,0
20131214102313.daq,129,22,1075.3,1,0,right,-0.0551291867437271,311.631195068359,12,0.000219543255191619,71.8504257202148,1599.58062357154,-1.53807497024536,0.367170959711075,0.0704231560230255,4.26045595049279,19255.1197005013,-39755.8940654205,19253.2790701032,-39757.530046521,19251.4384397052,-39759.1660276215,0,0,1,0
20131214102313.daq,129,22,1075.4,1,0,right,-0.0390745106512327,311.745941162109,12,0.000219288445916221,71.9447479248047,1610.12570162998,-1.49412989616394,0.364603012800217,0.0704231560230255,4.28378616867068,19262.1055411026,-39763.785680598,19260.2681907683,-39765.4253446405,19258.4308404339,-39767.065008683,0,0,1,0
20131214102313.daq,129,22,1075.5,1,0,right,-0.0223605299372025,311.859817504883,12,0.000219030289903123,72.0252685546875,1620.68374503465,-1.49412989616394,0.377347737550735,0.0894067138433456,4.31013570671464,19269.1167329009,-39771.6734344817,19267.2826450537,-39773.3167470485,19265.4485572066,-39774.9600596153,0,0,1,0
20131214102313.daq,129,22,1075.6,1,0,right,-0.00282514920940002,311.972808837891,12,0.000218770251766406,72.0901107788086,1631.25237912266,-1.49412989616394,0.39519938826561,0.0894067138433456,4.33897927493025,19276.1493694914,-39779.5534219117,19274.3185259372,-39781.2003482318,19272.4876823831,-39782.8472745518,0,0,1,0
20131214102313.daq,129,22,1075.7,1,0,right,0.0158474182808845,312.084335327148,12,0.00021850963086399,72.1457748413086,1641.82977230955,-1.45018494129181,0.401109427213669,0.060931496322155,4.37465621209954,19283.2014810111,-39787.4295839121,19281.3738466727,-39789.080070855,19279.5462123344,-39790.7305577979,0,0,1,0
20131214102313.daq,129,22,1075.8,1,0,right,0.0387857242501468,312.192825317383,12,0.000218249476245429,72.1964492797852,1652.41491387626,-1.18651497364044,0.400219529867172,0.060931496322155,4.41055533672347,19290.2769282076,-39795.2942021131,19288.4524223532,-39796.9481467345,19286.6279164988,-39798.6020913559,0,0,1,0
20131214102313.daq,129,22,1075.9,1,0,right,0.0738502081005095,312.291244506836,12,0.000217990895542474,72.2461013793945,1663.0073819672,-0.74706494808197,0.400386780500412,0.0704231560230255,4.45211389377517,19297.3696475817,-39803.1516037178,19295.5479854627,-39804.8086799223,19293.7263233436,-39806.4657561268,0,0,1,0
20131214102313.daq,129,22,1076,1,0,right,0.12038997034665,312.375778198242,12,0.000217735594960493,72.2957077026367,1673.60714077497,-0.395504981279373,0.368636280298233,0.0704231560230255,4.49862112489508,19304.4834375567,-39811.0020184168,19302.6642222552,-39812.6617804811,19300.8450069536,-39814.3215425454,0,0,1,0
20131214102313.daq,129,22,1076.1,1,0,right,0.178334556766458,312.450805664063,12,0.000217486151410745,72.3441925048828,1684.2141245595,-0.307614982128143,0.30246889591217,0.0799150466918945,4.55260064232881,19311.6164756865,-39818.8490921803,19309.7994353632,-39820.5112350402,19307.9823950399,-39822.1733779002,0,0,1,0
20131214102313.daq,129,22,1076.2,1,0,right,0.236340777000919,312.523391723633,12,0.000217245850802396,72.386360168457,1694.82784964149,-0.527339935302734,0.247657790780067,0.0704231560230255,4.61229970925348,19318.7650623235,-39826.6845905462,19316.9501291696,-39828.3490340179,19315.1351960157,-39830.0134774895,0,0,1,0
20131214102313.daq,129,22,1076.3,1,0,right,0.296321234361699,312.595916748047,12,0.00021701828855209,72.4088745117188,1705.4465202439,-0.57128494977951,0.239427909255028,0.0704231560230255,4.68150036447674,19325.929266693,-39834.5161836597,19324.1164418458,-39836.1829231405,19322.3036169986,-39837.8496626213,0,0,1,0
20131214102313.daq,129,22,1076.4,1,0,right,0.35049879411099,312.674026489258,12,0.000216806789348463,72.4029235839844,1716.06639067303,-0.834954977035522,0.240010991692543,0.108390033245087,4.76046971866056,19333.1072981078,-39842.3396267761,19331.2967471641,-39844.0088360809,19329.4861962203,-39845.6780453858,0,0,1,0
20131214102313.daq,129,22,1076.5,1,0,right,0.390241382602142,312.764602661133,12,0.000216613697588367,72.3747482299805,1726.68368045363,-1.53807497024536,0.243405818939209,0.136865243315697,4.8480539863269,19340.2934931574,-39850.1506000718,19338.4855832485,-39851.8226695036,19336.6776733396,-39853.4947389354,0,0,1,0
20131214102313.daq,129,22,1076.6,1,0,right,0.387720934659626,312.900238037109,12,0.000216439600979246,72.3320617675781,1737.29566104517,-3.55954480171204,0.265513837337494,0.127373591065407,4.94322924968599,19347.48682559,-39857.9432379465,19345.6828790062,-39859.6195825251,19343.8789324224,-39861.2959271038,0,0,1,0
20131214102313.daq,129,22,1076.7,1,0,right,0.323561449485737,313.095230102539,12,0.000216282870528541,72.2825317382813,1747.90080009724,-5.09761953353882,0.293662488460541,0.26025778055191,5.03825407705819,19354.6915875056,-39865.7127648318,19352.8933563832,-39867.3952389783,19351.0951252608,-39869.0777131249,0,0,1,0
20131214102313.daq,129,22,1076.8,1,0,right,0.21601033585705,313.335632324219,12,0.000216139863611586,72.2331924438477,1758.49859649313,-5.14156484603882,0.312060505151749,0.0894067138433456,5.13608752550189,19361.9053978588,-39873.4600045055,19360.1142418868,-39875.1500088568,19358.3230859148,-39876.8400132081,0,0,1,0
20131214102313.daq,129,22,1076.9,1,0,right,0.0929891351259471,313.589248657227,12,0.000216005885747251,72.1904754638672,1769.08958314724,-4.35055494308472,0.322811663150787,0.0988983735442162,5.22403485165321,19369.1390461678,-39881.1790738738,19367.3553884216,-39882.8769900873,19365.5717306755,-39884.5749063008,0,0,1,0
20131214102313.daq,129,22,1077,1,0,right,-0.0109051505981483,313.825775146484,12,0.000215876423691748,72.1571731567383,1779.67498739461,-3.20798492431641,0.345789521932602,0.0988983735442162,5.30501995275836,19376.3916871371,-39888.8718027198,19374.6150538494,-39890.57706768,19372.8384205617,-39892.2823326401,0,0,1,0
20131214102313.daq,129,22,1077.1,1,0,right,-0.083689374949472,314.028961181641,12,0.000215748252944111,72.1339263916016,1790.25623201882,-2.32908487319946,0.371546417474747,0.0988983735442162,5.37123492513796,19383.6687486587,-39896.5352761198,19381.8981738517,-39898.246830757,19380.1275990447,-39899.9583853943,0,0,1,0
20131214102313.daq,129,22,1077.2,1,0,right,-0.130262234709392,314.205856323242,12,0.000215620072135473,72.1229629516602,1800.83493058958,-2.2411949634552,0.387036323547363,0.0514398328959942,5.42393111076411,19390.9743498434,-39904.1729822747,19389.209067725,-39905.8899952233,19387.4437856065,-39907.6070081719,0,0,1,0
20131214102313.daq,129,22,1077.3,1,0,right,-0.155325327293895,314.363342285156,12,0.000215492669944096,72.1257629394531,1811.41302957336,-2.0654149055481,0.396413415670395,0.060931496322155,5.46334675282152,19398.3067380319,-39911.7845096561,19396.546182041,-39913.5063682527,19394.7856260502,-39915.2282268492,0,0,1,0
20131214102313.daq,129,22,1077.4,1,0,right,-0.164959850862999,314.503387451172,12,0.000215368586732765,72.1432189941406,1821.99260477205,-1.71385490894318,0.39768859744072,0.0514398328959942,5.4915229986216,19405.6659757428,-39919.3736491506,19403.9096336585,-39921.099805837,19402.1532915742,-39922.8259625235,0,0,1,0
20131214102313.daq,129,22,1077.5,1,0,right,-0.156257841013485,314.625244140625,12,0.000215251314771153,72.1732025146484,1832.57570960792,-1.40623986721039,0.397769778966904,0.060931496322155,5.51117644649209,19413.0500976365,-39926.940449789,19411.2974307124,-39928.6703379578,19409.5447637883,-39930.4002261267,0,0,1,0
20131214102313.daq,129,22,1077.6,1,0,right,-0.136005767943118,314.737854003906,12,0.000215144361014944,72.2104034423828,1843.16380882634,-1.2744048833847,0.397619694471359,0.060931496322155,5.52758297181702,19420.4613016784,-39934.4960884298,19418.7120380817,-39936.2294179694,19416.9627744851,-39937.962747509,0,0,1,0
20131214102313.daq,129,22,1077.7,1,0,right,-0.112018496403209,314.844757080078,12,0.000215050436942053,72.2513885498047,1853.75766314751,-1.49412989616394,0.397785931825638,0.060931496322155,5.53961261114828,19427.8938255335,-39942.0325380917,19426.1477990445,-39943.769128407,19424.4017725556,-39945.5057187223,0,0,1,0
20131214102313.daq,129,22,1077.8,1,0,right,-0.0856847554734372,314.951644897461,12,0.000214971107509609,72.294548034668,1864.35770291262,-1.49412989616394,0.397192597389221,0.060931496322155,5.55578088138097,19435.3478211931,-39949.5611709044,19433.6050374268,-39951.3010154858,19431.8622536605,-39953.0408600672,0,0,1,0
20131214102313.daq,129,22,1077.9,1,0,right,-0.06119936827929,315.05842590332,12,0.000214906781506506,72.3389511108398,1874.96417448386,-1.49412989616394,0.394593805074692,0.0419481731951237,5.57355561178394,19442.8213331245,-39957.0780862373,19441.0817948967,-39958.8211757868,19439.3422566689,-39960.5642653363,0,0,1,0
20131214102313.daq,129,22,1078,1,0,right,-0.0394307284399247,315.170272827148,12,0.000214856838461989,72.3837356567383,1885.57720626425,-1.75779986381531,0.356552213430405,0.0704231560230255,5.59688140667629,19450.3144965223,-39964.5868740442,19448.5783642868,-39966.3333560178,19446.8422320512,-39968.0798379914,0,0,1,0
20131214102313.daq,129,22,1078.1,1,0,right,-0.0368736169506292,315.299087524414,12,0.000214819636127478,72.4258041381836,1896.19663488262,-2.76853489875793,0.292662262916565,0.0704231560230255,5.6212240027765,19457.8276189732,-39972.0828987955,19456.0954176338,-39973.833279595,19454.3632162943,-39975.5836603944,0,0,1,0
20131214102313.daq,129,22,1078.2,1,0,right,-0.0680420081649231,315.463592529297,12,0.000214792316039635,72.4612274169922,1906.82186718614,-3.99899482727051,0.219058632850647,0.0799150466918945,5.64726053330909,19465.3592238365,-39979.5650101546,19463.6320552427,-39981.3203571493,19461.9048866488,-39983.075704144,0,0,1,0
20131214102313.daq,129,22,1078.3,1,0,right,-0.139107943430986,315.667816162109,12,0.000214770478259676,72.4735870361328,1917.45082037925,-4.83394956588745,0.189298033714294,0.0704231560230255,5.67397236274548,19472.9113484879,-39987.0329529924,19471.190447567,-39988.7944450997,19469.4695466461,-39990.5559372069,0,0,1,0
20131214102313.daq,129,22,1078.4,1,0,right,-0.242636421444445,315.902191162109,12,0.00021474814970342,72.4525680541992,1928.07914461213,-4.87789487838745,0.193649426102638,0.108390033245087,5.69194487639105,19480.4837243762,-39994.4755860657,19478.7700434201,-39996.2441029596,19477.0563624639,-39998.0126198535,0,0,1,0
20131214102313.daq,129,22,1078.5,1,0,right,-0.363889073353846,316.156280517578,12,0.000214718411216212,72.4047927856445,1938.70229328088,-4.79000473022461,0.228705644607544,0.0988983735442162,5.70036478990407,19488.0741139269,-40001.8896368492,19486.3682926306,-40003.6657359818,19484.6624713343,-40005.4418351143,0,1,1,1
20131214102313.daq,129,22,1078.6,1,0,right,-0.499891982404336,316.422836303711,12,0.000214674288116782,72.3411407470703,1949.31715021154,-4.61422491073608,0.246099844574928,0.0988983735442162,5.69823601362899,19495.6862275103,-40009.2716400869,19493.9886875478,-40011.0556559219,19492.2911475854,-40012.8396717568,0,0,1,0
20131214102313.daq,129,22,1078.7,1,0,right,-0.627524111620573,316.683029174805,12,0.000214609604212442,72.270881652832,1959.92208644842,-3.8232147693634,0.248040124773979,0.0988983735442162,5.67558571072003,19503.3195930419,-40016.614943478,19501.630172168,-40018.4066497971,19499.9407512941,-40020.1983561163,0,0,1,0
20131214102313.daq,129,22,1078.8,1,0,right,-0.733443162208687,316.919158935547,12,0.000214519826108914,72.1992111206055,1970.51659742459,-2.72458982467651,0.248068869113922,0.117881931364536,5.63657696114403,19510.9737866918,-40023.9206456302,19509.291764199,-40025.7192992259,19507.6097417062,-40027.5179528216,0,0,1,0
20131214102313.daq,129,22,1078.9,1,0,right,-0.804990859659483,317.123062133789,12,0.000214402680643884,72.1288375854492,1981.10064742593,-2.0654149055481,0.202128484845161,0.0988983735442162,5.57719952950584,19518.6525368952,-40031.1892602801,19516.9769260565,-40032.9938884249,19515.3013152179,-40034.7985165697,0,0,1,0
20131214102313.daq,129,22,1079,1,0,right,-0.851784977866373,317.300231933594,12,0.00021425839450173,72.0596237182617,1991.67451507854,-1.97752487659454,0.105933032929897,0.108390033245087,5.50089141319239,19526.3520896155,-40038.4204548661,19524.6820670434,-40040.2302556927,19523.0120444712,-40042.0400565193,0,0,1,0
20131214102313.daq,129,22,1079.1,1,0,right,-0.883567715784579,317.462554931641,12,0.000214089504796088,71.9791564941406,2002.23764881835,-1.93357992172241,0.0889242365956306,0.0799150466918945,5.40694440496821,19534.0727415255,-40045.6134966906,19532.4078529423,-40047.42802154,19530.7429643592,-40049.2425463894,0,0,1,0
20131214102313.daq,129,22,1079.2,1,0,right,-0.90656088556193,317.618408203125,12,0.00021390036595508,71.8681716918945,2012.78685945793,-1.88963496685028,0.171399891376495,0.127373591065407,5.30390967386408,19541.8088378896,-40052.7756801612,19540.1488912446,-40054.5947270432,19538.4889445995,-40056.4137739252,0,0,1,0
20131214102313.daq,129,22,1079.3,1,0,right,-0.929708454393847,317.7724609375,12,0.000213696278862943,71.736442565918,2023.31798653489,-1.88963496685028,0.259764909744263,0.117881931364536,5.1854777560681,19549.5565846326,-40059.8949970581,19547.901534903,-40061.7185005037,19546.2464851734,-40063.5420039492,0,0,1,0
20131214102313.daq,129,22,1079.4,1,0,right,-0.951514216873875,317.925369262695,12,0.000213482649498116,71.6091232299805,2033.82981474325,-1.88963496685028,0.296731978654861,0.117881931364536,5.06457697002218,19557.3101384525,-40066.9831256374,19555.6599610926,-40068.8110395041,19554.0097837327,-40070.6389533708,0,0,1,0
20131214102313.daq,129,22,1079.5,1,0,right,-0.974304725159925,318.07731628418,12,0.000213264331100876,71.5062637329102,2044.32463277096,-1.84568989276886,0.305054426193237,0.0799150466918945,4.93689772631478,19565.0714572301,-40074.0361485036,19563.4261332507,-40075.8684321679,19561.7808092713,-40077.7007158321,0,0,1,0
20131214102313.daq,129,22,1079.6,1,0,right,-0.987914109196254,318.221237182617,12,0.000213045296104477,71.4262924194336,2054.80613772925,-1.66990995407104,0.304344266653061,0.0704231560230255,4.80466211188651,19572.8403801119,-40081.0584134245,19571.1996638198,-40082.8948241826,19569.5589475277,-40084.7312349406,0,0,1,0
20131214102313.daq,129,22,1079.7,1,0,right,-0.99083184127943,318.354522705078,12,0.000212828754794597,71.3644943237305,2065.2772742151,-1.49412989616394,0.22157895565033,0.0988983735442162,4.66747489584604,19580.6188047756,-40088.0500849549,19578.9823649085,-40089.8903074916,19577.3459250414,-40091.7305300284,0,0,1,0
20131214102313.daq,129,22,1079.8,1,0,right,-0.981897108000737,318.476135253906,12,0.000212617654497963,71.3152542114258,2075.74042472425,-1.31834995746613,0.132401287555695,0.060931496322155,4.52886237970162,19588.4106186869,-40095.0190422424,19586.778088448,-40096.8627340394,19585.145558209,-40098.7064258364,0,0,1,0
20131214102313.daq,129,22,1079.9,1,0,right,-0.963198097975919,318.586029052734,12,0.000212415027205113,71.2573776245117,2086.19600327949,-0.966789960861206,0.150765359401703,0.0894067138433456,4.38754712350544,19596.2158254546,-40101.9652898694,19594.586834433,-40103.8121094803,19592.9578434115,-40105.6589290912,0,0,1,0
20131214102313.daq,129,22,1080,1,0,right,-0.928362431169205,318.68212890625,12,0.000212224146294224,71.1760482788086,2096.6414628949,-0.703119933605194,0.217975363135338,0.0988983735442162,4.24826343796614,19604.0285235711,-40108.8889593719,19602.402632434,-40110.7385086234,19600.7767412969,-40112.5880578749,0,0,1,0
20131214102313.daq,129,22,1080.1,1,0,right,-0.884266528375349,318.767028808594,12,0.000212048460548778,71.076789855957,2107.07342909857,-0.263669967651367,0.23405434191227,0.0988983735442162,4.11255140139868,19611.8468219464,-40115.7898897461,19610.2236732236,-40117.6418461838,19608.6005245007,-40119.4938026215,0,0,1,0
20131214102313.daq,129,22,1080.2,1,0,right,-0.82804931132091,318.842178344727,12,0.000211891365166419,70.9799880981445,2117.49085862776,-0.219724982976913,0.234823569655418,0.0988983735442162,3.98189129295059,19619.6668495665,-40122.6679912204,19618.0461312778,-40124.5220749974,19616.4254129892,-40126.3761587745,0,0,1,0
20131214102313.daq,129,22,1080.3,1,0,right,-0.770696793572199,318.913970947266,12,0.000211756155416332,70.8905410766602,2127.89466009458,-0.351559966802597,0.234781682491302,0.127373591065407,3.85770888074556,19627.4867968935,-40129.5228635964,19625.8684030756,-40131.3789767054,19624.2500092577,-40133.2350898145,0,0,1,0
20131214102313.daq,129,22,1080.4,1,0,right,-0.714386775737864,318.985900878906,12,0.000211646026663009,70.8065490722656,2138.28573567695,-0.483394980430603,0.241953387856483,0.0799150466918945,3.74013056583787,19635.3067415988,-40136.3542878676,19633.6906792462,-40138.2124312679,19632.0746168937,-40140.0705746683,0,0,1,0
20131214102313.daq,129,22,1080.5,1,0,right,-0.658732632365854,319.060729980469,12,0.000211564126744469,70.7282485961914,2148.66491743008,-0.57128494977951,0.267090260982513,0.0799150466918945,3.63257621163381,19643.128697312,-40143.1699031227,19641.5150630987,-40145.0301555381,19639.9014288854,-40146.8904079535,0,0,1,0
20131214102313.daq,129,22,1080.6,1,0,right,-0.603638006803749,319.134094238281,12,0.000211513540602861,70.6559906005859,2159.03303190749,-0.57128494977951,0.294824600219727,0.0324562788009644,3.53314229398957,19650.9506149009,-40149.9660770008,19649.339363966,-40151.8283940651,19647.728113031,-40153.6907111294,0,0,1,0
20131214102313.daq,129,22,1080.7,1,0,right,-0.550921660812776,319.2099609375,12,0.000211496992722655,70.5929336547852,2169.39117720195,-0.615229964256287,0.299952328205109,0.013472955673933,3.44403428356522,19658.7745341579,-40156.7464665647,19657.1657505729,-40158.6109154913,19655.5569669879,-40160.475364418,0,0,1,0
20131214102313.daq,129,22,1080.8,1,0,right,-0.496483872756357,319.284240722656,12,0.000211516461862087,70.5425415039063,2179.74097583503,-0.57128494977951,0.286695539951324,0.0514398328959942,3.36248389836032,19666.6003658342,-40163.5074224667,19664.9940007221,-40165.3739554961,19663.38763561,-40167.2404885255,0,0,1,0
20131214102313.daq,129,22,1080.9,1,0,right,-0.442587823657789,319.35920715332,12,0.000211572798272489,70.5034255981445,2190.08427449744,-0.615229964256287,0.209131971001625,0.0988983735442162,3.29571139212087,19674.4301125318,-40170.2605205912,19672.8261909864,-40172.1291538081,19671.222269441,-40173.9977870251,0,0,1,0
20131214102313.daq,129,22,1081,1,0,right,-0.39055063285798,319.436187744141,12,0.000211665328405651,70.464958190918,2200.42207234541,-0.703119933605194,0.194509163498878,0.0704231560230255,3.23490198976817,19682.2638026297,-40176.9939585983,19680.662393161,-40178.8647451006,19679.0609836923,-40180.7355316028,0,0,1,0
20131214102313.daq,129,22,1081.1,1,0,right,-0.34108633745501,319.515106201172,12,0.000211791957204023,70.4130859375,2210.75335819364,-0.74706494808197,0.21476936340332,0.0799150466918945,3.18457117015857,19690.103387105,-40183.7155536254,19688.5045559514,-40185.5885441128,19686.9057247978,-40187.4615346001,0,0,1,0
20131214102313.daq,129,22,1081.2,1,0,right,-0.295848264492179,319.597549438477,12,0.000211949479007622,70.34814453125,2221.0759865837,-0.878899931907654,0.257086127996445,0.0799150466918945,3.1441700626971,19697.9449930495,-40190.4212993009,19696.3488586073,-40192.2965884161,19694.752724165,-40194.1718775313,0,0,1,0
20131214102313.daq,129,22,1081.3,1,0,right,-0.258238961013433,319.685760498047,12,0.00021213400201538,70.2782211303711,2231.38861324715,-1.05467987060547,0.29950338602066,0.0514398328959942,3.11250732233602,19705.7886671293,-40197.1110539487,19704.1954217228,-40198.9887982067,19702.6021763164,-40200.8665424646,0,0,1,0
20131214102313.daq,129,22,1081.4,1,0,right,-0.22320499397506,319.778961181641,12,0.000212341467095267,70.2135314941406,2241.69124256664,-1.18651497364044,0.31021323800087,0.0894067138433456,3.0883854932785,19713.6324380934,-40203.7809598363,19712.0422492427,-40205.6612932755,19710.452060392,-40207.5416267147,0,0,1,0
20131214102313.daq,129,22,1081.5,1,0,right,-0.192866296598424,319.877151489258,12,0.000212568466694321,70.1625061035156,2251.98531774714,-1.18651497364044,0.309248864650726,0.0704231560230255,3.06885591201527,19721.4821637768,-40210.4310164636,19719.8951996701,-40212.3140723171,19718.3082355634,-40214.1971281706,0,0,1,0
20131214102313.daq,129,22,1081.6,1,0,right,-0.163062124962607,319.976181030273,12,0.000212812821851523,70.1263732910156,2262.27303935689,-1.18651497364044,0.26655313372612,0.0894067138433456,3.0600853526381,19729.3338495193,-40217.0653915732,19727.7501424392,-40218.951187508,19726.166435359,-40220.8369834429,0,0,1,0
20131214102313.daq,129,22,1081.7,1,0,right,-0.13395358113064,320.074066162109,12,0.000213073915666544,70.0983734130859,2272.55618694774,-1.18651497364044,0.153781771659851,0.0324562788009644,3.05719602018038,19737.1952662729,-40223.6881166403,19735.6147832299,-40225.5766154552,19734.0343001868,-40227.4651142702,0,0,1,0
20131214102313.daq,129,22,1081.8,1,0,right,-0.102003709296127,320.171585083008,12,0.000213352455217276,70.0615005493164,2282.83483726307,-1.14256989955902,0.140734568238258,0.0514398328959942,3.05961495299817,19745.0625242592,-40230.291330123,19743.4852577783,-40232.1825162249,19741.9079912975,-40234.0737023268,0,0,1,0
20131214102313.daq,129,22,1081.9,1,0,right,-0.0719979632578429,320.267501831055,12,0.000213649950089617,70.0005950927734,2293.10637925538,-1.14256989955902,0.162127494812012,0.117881931364536,3.065735806714,19752.9375512659,-40236.8751102343,19751.3634529585,-40238.7689341285,19749.7893546511,-40240.6627580226,0,0,1,0
20131214102313.daq,129,22,1082,1,0,right,-0.0442433040597621,320.367233276367,12,0.000213968177052004,69.9157028198242,2303.36720719677,-1.2744048833847,0.198003873229027,0.0988983735442162,3.07966169097068,19760.8145993817,-40243.4430206831,19759.2437999269,-40245.3395816486,19757.6730004721,-40247.2361426142,0,0,1,0
20131214102313.daq,129,22,1082.1,1,0,right,-0.0219594949144266,320.470718383789,12,0.000214308535803711,69.8160095214844,2313.61428865035,-1.2744048833847,0.200845494866371,0.136865243315697,3.09822186183813,19768.6936660974,-40249.9872524434,19767.1262946875,-40251.8866474226,19765.5589232777,-40253.7860424018,0,0,1,0
20131214102313.daq,129,22,1082.2,1,0,right,-0.00186486615666581,320.578948974609,12,0.000214671829838496,69.7156295776367,2323.84660926038,-1.31834995746613,0.172074750065804,0.0988983735442162,3.11987149659377,19776.572817076,-40256.5077422937,19775.0090363798,-40258.4100946158,19773.4452556836,-40260.312446938,0,0,1,0
20131214102313.daq,129,22,1082.3,1,0,right,0.0121240035888377,320.69157409668,12,0.000215058225949932,69.6162109375,2334.06431841072,-1.45018494129181,0.13406029343605,0.108390033245087,3.14728555544362,19784.4500904197,-40263.0045119575,19782.8900521566,-40264.9099344936,19781.3300138935,-40266.8153570298,0,0,1,0
20131214102313.daq,129,22,1082.4,1,0,right,0.0198176122295308,320.810928344727,12,0.000215467020970896,69.5099487304688,2344.26706222387,-1.58201992511749,0.131764590740204,0.108390033245087,3.17504925314429,19792.3294374005,-40269.4735066131,19790.773371752,-40271.3821747668,19789.2173061034,-40273.2908429204,0,0,1,0
20131214102313.daq,129,22,1082.5,1,0,right,0.0275888061018463,320.930648803711,12,0.000215896459906077,69.3912506103516,2354.45331618223,-1.66990995407104,0.194270148873329,0.117881931364536,3.2085400628603,19800.2068227588,-40275.9190355554,19798.6547486973,-40277.8309509644,19797.1026746358,-40279.7428663734,0,0,1,0
20131214102313.daq,129,22,1082.6,1,0,right,0.0311445927175669,321.055038452148,12,0.000216343589762606,69.2661361694336,2364.62154047552,-1.71385490894318,0.261014938354492,0.127373591065407,3.24295696024991,19808.0842843295,-40282.3369192341,19806.5363647078,-40284.2521997013,19804.9884450861,-40286.1674801686,0,0,1,0
20131214102313.daq,129,22,1082.7,1,0,right,0.026179364011,321.186264038086,12,0.000216804239046603,69.1503753662109,2374.77187674801,-1.75779986381531,0.304969251155853,0.060931496322155,3.27921232079128,19815.9599094614,-40288.7270193733,19814.4163804981,-40290.6458400431,19812.8728515348,-40292.5646607129,0,0,1,0
20131214102313.daq,129,22,1082.8,1,0,right,0.0229829318485599,321.315307617188,12,0.000217273281866149,69.0583953857422,2384.90690285082,-1.71385490894318,0.334373205900192,0.127373591065407,3.31533697521444,19823.8374262192,-40295.0899086579,19822.2982228028,-40297.0122008485,19820.7590193864,-40298.9344930392,0,0,1,0
20131214102313.daq,129,22,1082.9,1,0,right,0.0212144224009307,321.443130493164,12,0.000217745035779512,68.9904022216797,2395.03022964047,-1.71385490894318,0.337080091238022,0.0704231560230255,3.35224980783135,19831.7207603212,-40301.4294324858,19830.185849231,-40303.3551537451,19828.6509381407,-40305.2808750044,0,0,1,0
20131214102313.daq,129,22,1083,1,0,right,0.0187110645326811,321.569763183594,12,0.000218213668769421,68.9480590820313,2405.14542181556,-1.66990995407104,0.27968618273735,0.060931496322155,3.38946035498941,19839.6099128592,-40307.7455891122,19838.0792616615,-40309.6746980604,19836.5486104637,-40311.6038070087,0,0,1,0
20131214102313.daq,129,22,1083.1,1,0,right,0.0247067206868223,321.69026184082,12,0.000218673450540923,68.9250183105469,2415.25603101989,-1.62596487998962,0.177186191082001,0.060931496322155,3.42556623620196,19847.5106497055,-40314.0426000376,19845.9840589955,-40315.9749238271,19844.4574682856,-40317.9072476167,0,0,1,0
20131214102313.daq,129,22,1083.2,1,0,right,0.0339448955045896,321.807754516602,12,0.000219118984832561,68.8975296020508,2425.36324365243,-1.58201992511749,0.157505944371223,0.0799150466918945,3.46380364748801,19855.4210792665,-40320.3202665739,19853.8984542525,-40322.2557167774,19852.3758292384,-40324.1911669809,0,0,1,0
20131214102313.daq,129,22,1083.3,1,0,right,0.04272481635644,321.923797607422,12,0.00021954541489546,68.8481063842773,2435.46488739924,-1.62596487998962,0.177304446697235,0.108390033245087,3.50118243238061,19863.3431850284,-40326.5784897997,19861.8244830677,-40328.5170198557,19860.305781107,-40330.4555499117,0,0,1,0
20131214102313.daq,129,22,1083.4,1,0,right,0.05076759873225,322.042984008789,12,0.000219948504035644,68.7783737182617,2445.5577322301,-1.71385490894318,0.235006794333458,0.0988983735442162,3.53721719919933,19871.2731468358,-40332.8130704421,19869.7584806788,-40334.754755498,19868.2438145219,-40336.6964405539,0,0,1,0
20131214102313.daq,129,22,1083.5,1,0,right,0.0487370078844265,322.167678833008,12,0.000220324558305611,68.6953430175781,2455.63921465415,-1.71385490894318,0.24280010163784,0.0988983735442162,3.57586121305711,19879.2051477702,-40339.0238570777,19877.6947109546,-40340.968833954,19876.184274139,-40342.9138108304,0,0,1,0
20131214102313.daq,129,22,1083.6,1,0,right,0.0466002468850206,322.29460144043,12,0.000220670412133305,68.6145401000977,2465.70854122106,-1.75779986381531,0.241951689124107,0.0988983735442162,3.61452649337707,19887.1410784823,-40345.2110587899,19885.6349539158,-40347.1593768372,19884.1288293492,-40349.1076948845,0,0,1,0
20131214102313.daq,129,22,1083.7,1,0,right,0.041768514235855,322.422714233398,12,0.000220983739709599,68.5405731201172,2475.76652617552,-1.75779986381531,0.242499575018883,0.136865243315697,3.65397612170613,19895.0809191322,-40351.3747417155,19893.5791547469,-40353.3264225691,19892.0773903615,-40355.2781034227,0,0,1,0
20131214102313.daq,129,22,1083.8,1,0,right,0.036544020869087,322.551834106445,12,0.000221263578439884,68.4724578857422,2485.81410806239,-1.75779986381531,0.253918707370758,0.108390033245087,3.69182279988009,19903.0246658918,-40357.5110112195,19901.5273035596,-40359.4660714409,19900.0299412273,-40361.4211316623,0,0,1,0
20131214102313.daq,129,22,1083.9,1,0,right,0.03716257656572,322.677886962891,12,0.000221510638027623,68.409423828125,2495.85207343164,-1.71385490894318,0.254066556692123,0.0704231560230255,3.73206598595928,19910.9741984658,-40363.6279406487,19909.4811409594,-40365.5862903891,19907.9880834529,-40367.5446401295,0,0,1,0
20131214102313.daq,129,22,1084,1,0,right,0.0380732796316465,322.802139282227,12,0.000221727260332675,68.3513641357422,2505.88116696473,-1.71385490894318,0.25384646654129,0.0419481731951237,3.76747806471885,19918.9314937765,-40369.7176367456,19917.4426866784,-40371.6792197411,19915.9538795804,-40373.6408027366,0,0,1,0
20131214102313.daq,129,22,1084.1,1,0,right,0.0392146343160675,322.926803588867,12,0.000221916989126758,68.2971496582031,2515.90204438416,-1.80174493789673,0.253693342208862,0.0799150466918945,3.80600636319267,19926.8946384601,-40375.7877703856,19925.4101029002,-40377.7525880857,19923.9255673402,-40379.7174057858,0,0,1,0
20131214102313.daq,129,22,1084.2,1,0,right,0.0312577926086988,323.061218261719,12,0.000222083774754823,68.2455368041992,2525.91517426302,-2.50486493110657,0.253625750541687,0.117881931364536,3.84584362350251,19934.8657487872,-40381.8377423893,19933.3858267285,-40383.8060373681,19931.9059046698,-40385.7743323469,0,0,1,0
20131214102313.daq,129,22,1084.3,1,0,right,-0.0120156590589886,323.228302001953,12,0.000222231048153794,68.1943435668945,2535.92077797287,-3.8232147693634,0.253589898347855,0.117881931364536,3.88221910746109,19942.8452170762,-40387.8621737233,19941.3710411678,-40389.8347760184,19939.8968652594,-40391.8073783135,0,0,1,0
20131214102313.daq,129,22,1084.4,1,0,right,-0.0908290688431634,323.430541992188,12,0.000222361083714881,68.1443710327148,2545.91894605794,-4.52633476257324,0.253968745470047,0.0988983735442162,3.91135409264739,19950.8330674173,-40393.8569934013,19949.3658634782,-40395.834786875,19947.8986595391,-40397.8125803487,0,0,1,0
20131214102313.daq,129,22,1084.5,1,0,right,-0.197250915473376,323.660736083984,12,0.000222474874641585,68.0958557128906,2555.90990334003,-4.74605989456177,0.254748106002808,0.0988983735442162,3.93279915161839,19958.8311079167,-40399.8226586099,19957.3718618693,-40401.8063308098,19955.9126158219,-40403.7900030097,0,0,1,0
20131214102313.daq,129,22,1084.6,1,0,right,-0.316699744723394,323.904312133789,12,0.000222572391414879,68.0485534667969,2565.89383556985,-4.4384446144104,0.292652428150177,0.0988983735442162,3.94521857241754,19966.8429822063,-40405.7601025629,19965.3921823151,-40407.7499603717,19963.9413824238,-40409.7398181804,0,0,1,0
20131214102313.daq,129,22,1084.7,1,0,right,-0.432167918743971,324.144271850586,12,0.000222652936641224,68.0041656494141,2575.87098845687,-4.08688449859619,0.348087072372437,0.0704231560230255,3.94356199267351,19974.8703559698,-40411.6665125822,19973.4279024756,-40413.6624289984,19971.9854489815,-40415.6583454147,0,0,1,0
20131214102313.daq,129,22,1084.8,1,0,right,-0.538534349687666,324.375503540039,12,0.000222715427477049,67.9709625244141,2585.84232189978,-3.73532485961914,0.383479952812195,0.0988983735442162,3.92610876213539,19982.9151033756,-40417.5383133858,19981.4807166347,-40419.5400349201,19980.0463298937,-40421.5417564544,0,0,1,0
20131214102313.daq,129,22,1084.9,1,0,right,-0.629060482380794,324.591278076172,12,0.00022275853596226,67.9580612182617,2595.81020077043,-3.38376474380493,0.388260573148727,0.0988983735442162,3.89176587642238,19990.9790782439,-40423.3759416806,19989.5522400923,-40425.3830508735,19988.1254019406,-40427.3901600665,0,0,1,0
20131214102313.daq,129,22,1085,1,0,right,-0.704243233490445,324.789932250977,12,0.000222780468895092,67.9668502807617,2605.77781975789,-3.16403985023499,0.387261182069778,0.0988983735442162,3.84111746601013,19999.0661722065,-40429.1834142363,19997.6463016047,-40431.195458445,19996.226431003,-40433.2075026537,0,0,1,0
20131214102313.daq,129,22,1085.1,1,0,right,-0.768098565949288,324.976699829102,12,0.000222778752866438,67.9906387329102,2615.74791467599,-3.07614994049072,0.387060075998306,0.060931496322155,3.77184399491853,20007.1784301114,-40434.9603953127,20005.7651257206,-40436.9770571887,20004.3518213297,-40438.9937190647,0,0,1,0
20131214102313.daq,129,22,1085.2,1,0,right,-0.82229938454509,325.153411865234,12,0.000222750366218356,68.0256500244141,2625.72234200648,-2.98825979232788,0.386337161064148,0.060931496322155,3.68869830601595,20015.313934029,-40440.7106745062,20013.9068561526,-40442.7316857068,20012.4997782762,-40444.7526969074,0,0,1,0
20131214102313.daq,129,22,1085.3,1,0,right,-0.868577962803386,325.322860717773,12,0.000222692118764612,68.0691833496094,2635.70257208962,-2.90036988258362,0.386720508337021,0.0324562788009644,3.59251733483072,20023.4766379264,-40446.4379786396,20022.0755432148,-40448.4631423448,20020.6744485033,-40450.48830605,0,0,1,0
20131214102313.daq,129,22,1085.4,1,0,right,-0.903995373737132,325.482116699219,12,0.000222601141506713,68.1175994873047,2645.68958766994,-2.41697478294373,0.38698610663414,0.0419481731951237,3.48582249075151,20031.6625964715,-40452.1424987542,20030.267136191,-40454.1715490319,20028.8716759106,-40456.2005993095,0,0,1,0
20131214102313.daq,129,22,1085.5,1,0,right,-0.91593853843591,325.618576049805,12,0.000222475432718081,68.1683731079102,2655.68389648483,-1.62596487998962,0.38671937584877,0.0894067138433456,3.37157964213659,20039.8735842997,-40457.828960191,20038.4829604904,-40459.8613282296,20037.0923366811,-40461.8936962683,0,0,1,0
20131214102313.daq,129,22,1085.6,1,0,right,-0.90120899190913,325.729049682617,12,0.000222314280926868,68.2204360961914,2665.68575515378,-0.615229964256287,0.38581109046936,0.0988983735442162,3.25239895475848,20048.1056595442,-40463.4975723913,20046.7189569844,-40465.532617952,20045.3322544246,-40467.5676635127,0,0,1,0
20131214102313.daq,129,22,1085.7,1,0,right,-0.852412003447341,325.80615234375,12,0.000222118401580172,68.2731170654297,2675.69530000589,0.17577999830246,0.387460142374039,0.0799150466918945,3.13212831946541,20056.3587256953,-40469.1527233305,20054.9747629415,-40471.1896331271,20053.5908001877,-40473.2265429238,0,0,1,0
20131214102313.daq,129,22,1085.8,1,0,right,-0.782218080726238,325.862564086914,12,0.000221889610182974,68.3261032104492,2685.71259640828,0.0878899991512299,0.386210352182388,0.0988983735442162,3.01566785709801,20064.6290670174,-40474.7974977756,20063.2471104157,-40476.8357691939,20061.865153814,-40478.8740406121,0,0,1,0
20131214102313.daq,129,22,1085.9,1,0,right,-0.716468861389671,325.920669555664,12,0.000221629999631725,68.3783798217773,2695.73762655052,-0.351559966802597,0.386724948883057,0.0799150466918945,2.9017517049812,20072.9170070154,-40480.4304426579,20071.5371181997,-40482.4701145139,20070.1572293841,-40484.5097863698,0,0,1,0
20131214102313.daq,129,22,1086,1,0,right,-0.657525711580945,325.986801147461,12,0.000221341051884495,68.4308471679688,2705.77031396893,-0.74706494808197,0.386262774467468,0.108390033245087,2.79476769697174,20081.2187289653,-40486.0550527326,20079.8411952861,-40488.0963159165,20078.4636616069,-40490.1375791005,0,0,1,0
20131214102313.daq,129,22,1086.1,1,0,right,-0.611498036053149,326.064224243164,12,0.000221022753096835,68.4839553833008,2715.81074976719,-1.05467987060547,0.386051446199417,0.0988983735442162,2.69317303849267,20089.5342771062,-40491.6711153899,20088.1595030182,-40493.7142381543,20086.7847289301,-40495.7573609187,0,0,1,0
20131214102313.daq,129,22,1086.2,1,0,right,-0.580334939208342,326.157012939453,12,0.000220673365717503,68.5374298095703,2725.85900574652,-1.31834995746613,0.386601835489273,0.0799150466918945,2.60204676473281,20097.8637054843,-40497.2822713703,20096.4922419701,-40499.3276178575,20095.1207784559,-40501.3729643446,0,0,1,0
20131214102313.daq,129,24,1100.95,1,0,left,-1.17214399732376,345.360656738281,12,0.000215144460740063,66.0909652709961,0,-0.439449965953827,0.21701443195343,0.136865243315697,-3.46340588339323,21444.7853963478,-41127.7428611464,21444.1630163791,-41130.1255062308,21443.5406364104,-41132.5081513152,1,0,0,0
20131214102313.daq,129,24,1101.05,1,0,left,-1.13857455489654,345.431198120117,12,0.000214457808734626,66.0216827392578,9.68828166060848,-0.351559966802597,0.217796519398689,0.0704231560230255,-3.62852753810872,21454.150051571,-41130.1991433098,21453.5306055367,-41132.5825528495,21452.9111595025,-41134.9659623892,1,0,0,0
20131214102313.daq,129,24,1101.15,1,0,left,-1.09885087690304,345.505233764648,12,0.000213778750935653,65.9531784057617,19.3664531467512,-1.01073491573334,0.217523470520973,0.127373591065407,-3.8032637496017,21463.510765692,-41132.6395706421,21462.8943999342,-41135.0237786188,21462.2780341764,-41137.4079865955,1,0,0,0
20131214102313.daq,129,24,1101.25,1,0,left,-1.08734421173853,345.611831665039,12,0.000213110416713872,65.8853988647461,29.0346277551726,-2.72458982467651,0.216922715306282,0.117881931364536,-3.97372149892323,21472.8633861762,-41135.0622257895,21472.2514572643,-41137.4475763781,21471.6395283523,-41139.8329269666,1,0,0,0
20131214102313.daq,129,24,1101.35,1,0,left,-1.10721548669778,345.750350952148,12,0.000212455215596871,65.8182220458984,38.6929114160303,-3.25192975997925,0.216166898608208,0.136865243315697,-4.14049855247682,21482.2118128108,-41137.4671525663,21481.6056525472,-41139.8539755925,21480.9994922836,-41142.2407986187,1,0,0,0
20131214102313.daq,129,24,1101.45,1,0,left,-1.14350349632912,345.909729003906,12,0.000211814203415589,65.7513122558594,48.3413664192485,-3.16403985023499,0.217158854007721,0.146356910467148,-4.30824643075814,21491.5522215226,-41139.847269725,21490.9527029538,-41142.2357696536,21490.353184385,-41144.6242695823,1,0,0,0
20131214102313.daq,129,24,1101.55,1,0,left,-1.19705754894937,346.086853027344,12,0.000211186865582567,65.6843338012695,57.9800035816006,-3.55954480171204,0.217937394976616,0.174832135438919,-4.47385308882882,21500.8865820087,-41142.2066902181,21500.2944500953,-41144.5970320808,21499.7023181818,-41146.9873739435,1,0,0,0
20131214102313.daq,129,24,1101.65,1,0,left,-1.26439300715919,346.280212402344,12,0.000210571288203672,65.6171417236328,67.6088022952172,-4.04293966293335,0.216786429286003,0.146356910467148,-4.64210351969564,21510.2188036285,-41144.5416088632,21509.6347418963,-41146.9339354121,21509.0506801642,-41149.326261961,1,0,0,0
20131214102313.daq,129,24,1101.75,1,0,left,-1.33968154526463,346.483062744141,12,0.000209964582021967,65.549690246582,77.2277399940067,-3.91110491752625,0.216584965586662,0.117881931364536,-4.81378560435763,21519.5469862823,-41146.8485650127,21518.971398001,-41149.2429443798,21518.3958097198,-41151.637323747,1,0,0,0
20131214102313.daq,129,24,1101.85,1,0,left,-1.43383790581123,346.686370849609,12,0.00020936353833752,65.4813537597656,86.8367019824655,-3.47165489196777,0.21691058576107,0.127373591065407,-4.99935195316773,21528.8712109737,-41149.120341589,21528.304122504,-41151.516748293,21527.7370340343,-41153.913154997,1,0,0,0
20131214102313.daq,129,24,1101.95,1,0,left,-1.5124900504386,346.877014160156,12,0.00020876545486139,65.4138031005859,96.4356915242679,-2.81247973442078,0.217268764972687,0.0894067138433456,-5.19593812504863,21538.1955138406,-41151.3617079839,21537.6364021876,-41153.7599883226,21537.0772905345,-41156.1582686613,1,0,0,0
20131214102313.daq,129,24,1102.05,1,0,left,-1.56949645442126,347.048858642578,12,0.000208168788000343,65.3472061157227,106.024843829538,-2.37302994728088,0.217641189694405,0.0894067138433456,-5.40540406060059,21547.5160590079,-41153.5691600353,21546.964142906,-41155.9691065014,21546.412226804,-41158.3690529674,1,0,0,0
20131214102313.daq,129,24,1102.15,1,0,left,-1.60433052542453,347.201385498047,12,0.000207573443418999,65.2815322875977,115.604295040946,-1.84568989276886,0.216618120670319,0.127373591065407,-5.62823820263851,21556.8367691981,-41155.7427302398,21556.2912439317,-41158.1441374538,21555.7457186653,-41160.5455446677,1,0,0,0
20131214102313.daq,129,24,1102.25,1,0,left,-1.61042289212003,347.328033447266,12,0.000206980733656189,65.2165451049805,125.174168339552,-1.14256989955902,0.216598749160767,0.0988983735442162,-5.85506553664192,21566.1538167726,-41157.8906605383,21565.613600962,-41160.2932677267,21565.0733851515,-41162.695874915,0,1,0,1
20131214102313.daq,129,24,1102.35,1,0,left,-1.58422510350385,347.425262451172,12,0.000206393065198073,65.1518859863281,134.734540468766,-0.439449965953827,0.217157557606697,0.060931496322155,-6.08576898390515,21575.4692034625,-41160.0131816424,21574.9330655711,-41162.4167020989,21574.3969276797,-41164.8202225555,0,1,0,1
20131214102313.daq,129,24,1102.45,1,0,left,-1.5183127133414,347.485656738281,12,0.000205813601648764,65.0872650146484,144.285431943194,0.659174978733063,0.217215359210968,0.0799150466918945,-6.3195086354076,21584.7830178276,-41162.1107788514,21584.2494137344,-41164.5148631043,21583.7158096412,-41166.9189473573,0,1,0,1
20131214102313.daq,129,24,1102.55,1,0,left,-1.41316503011296,347.509704589844,12,0.000205246461710892,65.0228042602539,153.826857123146,1.49412989616394,0.217681840062141,0.146356910467148,-6.54742043030906,21594.0913560721,-41164.191231386,21593.5587610542,-41166.5955393884,21593.0261660362,-41168.9998473908,0,1,0,1
20131214102313.daq,129,24,1102.65,1,0,left,-1.28403461855214,347.494781494141,12,0.000204697405994262,64.9575958251953,163.358781599934,2.59275484085083,0.217055425047874,0.0799150466918945,-6.7663223383504,21603.3942490812,-41166.2586173085,21602.8610278621,-41168.6627865111,21602.327806643,-41171.0669557137,0,1,0,1
20131214102313.daq,129,24,1102.75,1,0,left,-1.09702906474587,347.416839599609,12,0.000204174771986536,64.8925552368164,172.881138607772,5.05367469787598,0.216860994696617,0.0704231560230255,-6.97220564650921,21612.6899953396,-41168.3184222127,21612.1535041209,-41170.7218638275,21611.6170129022,-41173.1253054423,0,1,0,1
20131214102313.daq,129,24,1102.85,1,0,left,-0.81813379974426,347.251678466797,12,0.000203690270284468,64.8277969360352,182.393986799812,7.29486989974976,0.217211723327637,0.0324562788009644,-7.15279494195279,21621.9807817225,-41170.3839573192,21621.4373645682,-41172.785842458,21620.8939474138,-41175.1877275968,0,1,0,1
20131214102313.daq,129,24,1102.95,1,0,left,-0.470070386005432,347.020233154297,12,0.000203258519808093,64.7627868652344,191.89732039471,7.77826452255249,0.216762468218803,0.117881931364536,-7.30026870395802,21631.2604885751,-41172.4616666646,21630.7073735072,-41174.8613370889,21630.1542584393,-41177.2610075131,0,1,0,1
20131214102313.daq,129,24,1103.05,1,0,left,-0.107273089132036,346.774963378906,12,0.000202895276263147,64.6974334716797,201.391094446735,5.97651958465576,0.216581299901009,0.117881931364536,-7.40923456008573,21640.5285507545,-41174.5559197567,21639.9651683604,-41176.9532004456,21639.4017859663,-41179.3504811345,0,1,0,1
20131214102313.daq,129,24,1103.15,1,0,left,0.225203152063955,346.564849853516,12,0.000202614891073361,64.6316299438477,210.875254685321,3.86715984344482,0.21731860935688,0.127373591065407,-7.47019063155198,21649.7805836742,-41176.6752130362,21649.2084138454,-41179.0704115896,21648.6362440166,-41181.4656101431,0,1,0,1
20131214102313.daq,129,24,1103.25,1,0,left,0.500985350979818,346.412261962891,12,0.00020242788471595,64.5653305053711,220.349723900872,2.28513979911804,0.21693366765976,0.117881931364536,-7.48371349532467,21659.0164032298,-41178.8180697615,21658.437856638,-41181.2117360425,21657.8593100462,-41183.6054023234,0,1,1,1
20131214102313.daq,129,24,1103.35,1,0,left,0.722510282305905,346.318878173828,12,0.000202339046945376,64.4988784790039,229.814453883911,1.14256989955902,0.217197820544243,0.0704231560230255,-7.4502235907528,21668.2321178512,-41180.9843749621,21667.6496707016,-41183.3770951174,21667.067223552,-41185.7698152726,0,1,1,1
20131214102313.daq,129,24,1103.45,1,0,left,0.885065443248834,346.278045654297,12,0.000202346889907809,64.4322204589844,239.269441370838,0.0439449995756149,0.216967478394508,0.0988983735442162,-7.36813337433651,21677.4317142447,-41183.1745640653,21676.8475620426,-41185.5668685251,21676.2634098405,-41187.9591729848,0,1,1,1
20131214102313.daq,129,24,1103.55,1,0,left,0.981372336109132,346.288604736328,12,0.000202443886773185,64.3654861450195,248.714626216359,-0.92284494638443,0.216996029019356,0.127373591065407,-7.25230883696499,21686.6152105217,-41185.3769936511,21686.0314992092,-41187.7694057241,21685.4477878966,-41190.1618177971,0,1,1,1
20131214102313.daq,129,24,1103.65,1,0,left,1.01091531673967,346.368896484375,12,0.000202617168817184,64.2998962402344,258.15009812545,-3.95504975318909,0.216950967907906,0.0988983735442162,-7.11233148389387,21695.7843870157,-41187.582643779,21695.2040288946,-41189.9758714896,21694.6236707736,-41192.3690992002,0,1,1,1
20131214102313.daq,129,24,1103.75,1,0,left,0.943258264024507,346.55126953125,12,0.000202849387406358,64.2352828979492,267.576024945156,-6.81147480010986,0.217044994235039,0.127373591065407,-6.94982859448805,21704.940869574,-41189.7893880659,21704.3681320481,-41192.1844509356,21703.7953945222,-41194.5795138053,0,1,1,1
20131214102313.daq,129,24,1103.85,1,0,left,0.79362942542474,346.816741943359,12,0.000203120116256498,64.1710815429688,276.99251353812,-7.73431968688965,0.217685893177986,0.127373591065407,-6.78696534561859,21714.0867342411,-41191.9750468079,21713.5251000301,-41194.372737663,21712.9634658192,-41196.7704285181,0,1,1,1
20131214102313.daq,129,24,1103.95,1,0,left,0.592343685778985,347.134857177734,12,0.000203407669910462,64.1066665649414,286.399574721174,-7.64642953872681,0.217728987336159,0.0988983735442162,-6.6301389941705,21723.2280759201,-41194.1338204951,21722.6797626564,-41196.5345926601,21722.1314493926,-41198.9353648251,0,1,1,1
20131214102313.daq,129,24,1104.05,1,0,left,0.371567502493861,347.477416992188,12,0.000203690944895292,64.0417251586914,295.797152638494,-7.60248470306396,0.217867687344551,0.0988983735442162,-6.4845756073217,21732.3651364714,-41196.2597573064,21731.8311866507,-41198.6637647965,21731.29723683,-41201.0677722866,0,1,1,1
20131214102313.daq,129,24,1104.15,1,0,left,0.137349548257362,347.83642578125,12,0.000203951092064379,63.9761047363281,305.185156839201,-7.82220983505249,0.217637345194817,0.0988983735442162,-6.36617471460516,21741.5038346905,-41198.3377619997,21740.9849584884,-41200.7450679442,21740.4660822864,-41203.1523738887,0,1,1,1
20131214102313.daq,129,24,1104.25,1,0,left,-0.103557210650877,348.205139160156,12,0.000204172702643223,63.9098777770996,314.563487500898,-7.73431968688965,0.217602849006653,0.0704231560230255,-6.27383150397171,21750.6422744615,-41200.3682806828,21750.138900542,-41202.7788758625,21749.6355266226,-41205.1894710423,0,1,1,1
20131214102313.daq,129,24,1104.35,1,0,left,-0.368551875196033,348.578277587891,12,0.000204344394203096,63.8425712585449,323.93203030109,-7.60248470306396,0.217151686549187,0.117881931364536,-6.21993460281515,21759.782459437,-41202.3399431842,21759.2947950682,-41204.7537654409,21758.8071306994,-41207.1675876975,0,1,1,1
20131214102313.daq,129,24,1104.45,1,0,left,-0.629605642847196,348.94580078125,12,0.000204459314360818,63.7754783630371,333.290694276016,-6.98725461959839,0.21740834414959,0.0894067138433456,-6.20652510120068,21768.9245074986,-41204.2534077637,21768.4523364945,-41206.6703084581,21767.9801654903,-41209.0872091524,0,1,1,1
20131214102313.daq,129,24,1104.55,1,0,left,-0.848984259720169,349.275238037109,12,0.000204515685280259,63.7098121643066,342.639614822285,-5.14156484603882,0.217746749520302,0.0799150466918945,-6.23418169041243,21778.070790575,-41206.106887679,21777.6125239098,-41208.5264632796,21777.1542572445,-41210.9460388801,0,1,1,1
20131214102313.daq,129,24,1104.65,1,0,left,-1.0073031065088,349.545288085938,12,0.000204517276588725,63.6460189819336,351.979043290878,-2.8564248085022,0.217166915535927,0.060931496322155,-6.29795858834332,21787.2196749961,-41207.905671089,21786.7728174737,-41210.3273797375,21786.3259599513,-41212.749088386,0,1,1,1
20131214102313.daq,129,24,1104.75,1,0,left,-1.05502069369095,349.708221435547,12,0.000204473637195545,63.5840225219727,361.309247491095,0.483394980430603,0.218148961663246,0.0988983735442162,-6.39172301606389,21796.3737976656,-41209.6567651424,21795.9338286103,-41212.0797347365,21795.493859555,-41214.5027043306,0,1,1,1
20131214102313.daq,129,24,1104.85,1,0,left,-0.995702654045715,349.769653320313,12,0.000204399845288297,63.523265838623,370.630458772139,2.63669991493225,0.217661917209625,0.0894067138433456,-6.5014489653834,21805.5292377414,-41211.3715108167,21805.091866819,-41213.7949507478,21804.6544958966,-41216.218390679,0,1,1,1
20131214102313.daq,129,24,1104.95,1,0,left,-0.846091899746682,349.742309570313,12,0.000204315534941232,63.4630928039551,379.942807868269,3.95504975318909,0.217084780335426,0.0514398328959942,-6.62094437739782,21814.6858487744,-41213.0568868121,21814.2473213431,-41215.480117737,21813.8087939118,-41217.9033486619,0,1,1,1
20131214102313.daq,129,24,1105.05,1,0,left,-0.628097375514017,349.652252197266,12,0.000204243237537171,63.4033393859863,389.246364482548,4.74605989456177,0.216323986649513,0.0704231560230255,-6.73478963293362,21823.8393755816,-41214.7268203995,21823.3970398648,-41217.149359055,21822.9547041481,-41219.5718977104,0,1,1,1
20131214102313.daq,129,24,1105.15,1,0,left,-0.369618549136703,349.518951416016,12,0.00020420634458849,63.3432388305664,398.541154398205,5.05367469787598,0.218194782733917,0.060931496322155,-6.83515276046586,21832.9875941474,-41216.3878577892,21832.5396235058,-41218.8093607786,21832.0916528642,-41221.230863768,0,1,1,1
20131214102313.daq,129,24,1105.25,1,0,left,-0.114283779885852,349.365997314453,12,0.00020422684919016,63.2816886901855,407.827008043096,4.92183971405029,0.216804698109627,0.0894067138433456,-6.90688131409263,21842.126277845,-41218.0579943723,21841.6718444775,-41220.4782928535,21841.21741111,-41222.8985913347,0,1,1,1
20131214102313.daq,129,24,1105.35,1,0,left,0.155236124762382,349.202392578125,12,0.000204323427443479,63.2201690673828,417.103829371379,4.52633476257324,0.216657221317291,0.117881931364536,-6.95166237345639,21851.255303244,-41219.7366441798,21850.7939607182,-41222.1556351879,21850.3326181924,-41224.574626196,0,1,1,1
20131214102313.daq,129,24,1105.45,1,0,left,0.421668381399286,349.047302246094,12,0.0002045099776631,63.1589164733887,426.371645331848,3.95504975318909,0.217180967330933,0.127373591065407,-6.95754859818369,21860.3705207545,-41221.4342747925,21859.9026321127,-41223.8520081612,21859.4347434708,-41226.26974153,0,1,1,1
20131214102313.daq,129,24,1105.55,1,0,left,0.674228511819308,348.907806396484,12,0.000204794895867294,63.0978393554688,435.63049341031,3.51559996604919,0.216920480132103,0.0988983735442162,-6.92065395660406,21869.471848267,-41223.1543287099,21868.9980746544,-41225.5709157635,21868.5243010419,-41227.987502817,0,1,1,1
20131214102313.daq,129,24,1105.65,1,0,left,0.92002898593438,348.778625488281,12,0.000205181126320678,63.0368461608887,444.880392722713,3.25192975997925,0.21825022995472,0.0799150466918945,-6.84456991490094,21878.5613101842,-41224.8932434766,21878.0820892655,-41227.3087562037,21877.6028683468,-41229.7242689307,0,1,1,1
20131214102313.daq,129,24,1105.75,1,0,left,1.1550490876358,348.663787841797,12,0.000205666733468306,62.9756355285645,454.121332219118,3.0322048664093,0.215770080685616,0.0704231560230255,-6.72482820450832,21887.6369097706,-41226.65466092,21887.1528484175,-41229.0692082958,21886.6687870644,-41231.4837556715,0,1,1,1
20131214102313.daq,129,24,1105.85,1,0,left,1.37868641109645,348.563903808594,12,0.000206246273262199,62.9142608642578,463.353281034331,2.68064475059509,0.21669913828373,0.117881931364536,-6.56868847456665,21896.6986454321,-41228.4307275306,21896.2103755236,-41230.8444273711,21895.7221056151,-41233.2581272116,0,1,1,1
20131214102313.daq,129,24,1105.95,1,0,left,1.59941180818981,348.468322753906,12,0.000206912196684723,62.8527069091797,472.576212779066,2.76853489875793,0.216949224472046,0.0894067138433456,-6.37113297849404,21905.7486004619,-41230.226045781,21905.2563046907,-41232.6389277295,21904.7640089195,-41235.0518096779,0,1,1,1
20131214102313.daq,129,24,1106.05,1,0,left,1.8061525255078,348.377258300781,12,0.000207655975955148,62.7904434204102,481.790086750363,2.76853489875793,0.216994181275368,0.117881931364536,-6.13581259774848,21914.7848206566,-41232.0366951622,21914.2886905357,-41234.448791621,21913.7925604148,-41236.8608880798,0,1,1,1
20131214102313.daq,129,24,1106.15,1,0,left,1.99607188073531,348.288940429688,12,0.000208469097967416,62.727912902832,490.994787320291,2.68064475059509,0.217089295387268,0.060931496322155,-5.86680024086024,21923.8092809593,-41233.8627913361,21923.309433333,-41236.2741201759,21922.8095857066,-41238.6854490158,0,1,1,1
20131214102313.daq,129,24,1106.25,1,0,left,2.18213590161156,348.206726074219,12,0.000209343488912378,62.666072845459,500.190361532645,2.41697478294373,0.217376112937927,0.0988983735442162,-5.56830641044797,21932.8199906892,-41235.70020797,21932.3166835359,-41238.1108170907,21931.8133763826,-41240.5214262114,0,0,1,0
20131214102313.daq,129,24,1106.35,1,0,left,2.358135847227,348.140411376953,12,0.000210271233253834,62.604907989502,509.376914478329,1.53807497024536,0.216878518462181,0.0894067138433456,-5.23908960640361,21941.8187934552,-41237.5483028434,21941.312696577,-41239.9583278169,21940.8065996988,-41242.3683527905,0,0,1,0
20131214102313.daq,129,24,1106.45,1,0,left,2.5019064040597,348.110412597656,12,0.000211243647213597,62.5442161560059,518.554533950664,0.307614982128143,0.216602966189384,0.117881931364536,-4.87845785361707,21950.8074149955,-41239.4096436205,21950.3000563519,-41241.8194032828,21949.7926977084,-41244.2291629452,0,0,1,0
20131214102313.daq,129,24,1106.55,1,0,left,2.59100674768433,348.137145996094,12,0.000212249991596792,62.4836349487305,527.723266340719,-2.02146983146667,0.216879621148109,0.127373591065407,-4.49619526697534,21959.7836742958,-41241.2711730604,21959.2774400672,-41243.6811691868,21958.7712058385,-41246.0911653132,0,0,1,0
20131214102313.daq,129,24,1106.65,1,0,left,2.5876961484862,348.26025390625,12,0.000213276601671418,62.4228515625,536.883099712737,-5.40523481369019,0.216989621520042,0.060931496322155,-4.09600668099118,21968.7471112575,-41243.1302952693,21968.2460564035,-41245.5413735461,21967.7450015495,-41247.9524518229,0,0,1,0
20131214102313.daq,129,24,1106.75,1,0,left,2.49594956530984,348.475769042969,12,0.000214306591867327,62.361988067627,546.034011873591,-7.25092458724976,0.217014133930206,0.117881931364536,-3.68058051582037,21977.6977317947,-41244.9833708563,21977.2057496113,-41247.3963167642,21976.7137674278,-41249.8092626721,0,0,1,0
20131214102313.daq,129,24,1106.85,1,0,left,2.33379009121444,348.767913818359,12,0.000215320422972919,62.300838470459,555.175980163913,-8.1298246383667,0.21753703057766,0.108390033245087,-3.26789126003435,21986.6434708706,-41246.8119127283,21986.1637983707,-41249.2273358209,21985.6841258709,-41251.6427589135,0,0,1,0
20131214102313.daq,129,26,1122.18333333333,1,0,right,0.47698974609375,359.523010253906,12,0.0001,58.4151954650879,0,-1.66990995407104,0.0602032244205475,0.0704231560230255,2.79162515243871,23320.4465635448,-41305.8592129381,23320.4260626092,-41308.3217186001,23320.4055616736,-41310.784224262,1,0,0,0
20131214102313.daq,129,26,1122.28333333333,1,0,right,0.387939453125,359.612060546875,12,0.0001,58.307544708252,8.55968510826642,-1.62596487998962,0.060362983494997,0.0799150466918945,2.87252849661257,23328.9991033789,-41305.9474439635,23328.982429744,-41308.4099785142,23328.9657561092,-41310.8725130649,1,0,0,0
20131214102313.daq,129,26,1122.38333333333,1,0,right,0.298919677734375,359.701080322266,12,0.0001,58.2000961303711,17.1035958098655,-1.45018494129181,0.060499832034111,0.060931496322155,2.94951245544254,23337.5379635032,-41306.0239614731,23337.5251158978,-41308.4865189572,23337.5122682924,-41310.9490764413,1,0,0,0
20131214102313.daq,129,26,1122.48333333333,1,0,right,0.22021484375,359.77978515625,12,0.0001,58.0929069519043,25.6317651613208,-0.966789960861206,0.0604239739477634,0.0704231560230255,3.01457418090972,23346.0614412576,-41306.0894019179,23346.0519763762,-41308.5519747268,23346.0425114948,-41311.0145475358,1,0,0,0
20131214102313.daq,129,26,1122.58333333333,1,0,right,0.16973876953125,359.830261230469,12,0.0001,57.9860610961914,34.1442368029093,0.527339994907379,0.0604368485510349,0.0894067138433456,3.06665154100578,23354.5680234472,-41306.1409661888,23354.560728031,-41308.6035463804,23354.5534326149,-41311.0661265721,1,0,0,0
20131214102313.daq,129,26,1122.68333333333,1,0,right,0.147216796875,359.852783203125,12,0.0001,57.8795890808105,42.6410667768505,1.01073491573334,0.0603886991739273,0.0988983735442162,3.10791071078963,23363.061614231,-41306.1825417319,23363.0552868128,-41308.645124601,23363.0489593946,-41311.1077074701,1,0,0,0
20131214102313.daq,129,26,1122.78333333333,1,0,right,0.14385986328125,359.856140136719,12,0.0001,57.7734107971191,51.1223023134662,0.92284494638443,0.0605012439191341,0.0799150466918945,3.14665212890772,23371.5400478545,-41306.2213965908,23371.5338647179,-41308.6839798264,23371.5276815813,-41311.146563062,1,0,0,0
20131214102313.daq,129,26,1122.88333333333,1,0,right,0.149261474609375,359.850738525391,12,0.0001,57.6675338745117,59.5879876124818,0.878899991512299,0.0604132674634457,0.0799150466918945,3.17825249370936,23380.0050235465,-41306.2529807065,23379.9986082476,-41308.7155633482,23379.9921929488,-41311.17814599,1,0,0,0
20131214102313.daq,129,26,1122.98333333333,1,0,right,0.15850830078125,359.841491699219,12,0.0001,57.5619468688965,68.0381654282537,0.92284494638443,0.06042355671525,0.0894067138433456,3.20639212571773,23388.4525149651,-41306.2808964461,23388.4457022361,-41308.7434780204,23388.4388895072,-41311.2060595947,1,0,0,0
20131214102313.daq,129,26,1123.08333333333,1,0,right,0.183441162109375,359.816558837891,12,0.0001,57.4566307067871,76.4728764636966,2.02146983146667,0.0605824925005436,0.0799150466918945,3.23518649066007,23396.8867170781,-41306.3097826731,23396.8788327316,-41308.7723610496,23396.870948385,-41311.2349394261,1,0,0,0
20131214102313.daq,129,26,1123.18333333333,1,0,right,0.249420166015625,359.750579833984,12,0.0001,57.3515586853027,84.8921608622622,3.51559996604919,0.0606444478034973,0.0514398328959942,3.26637058168961,23405.3062924802,-41306.3412095045,23405.2955723552,-41308.803777169,23405.2848522303,-41311.2663448336,1,0,0,0
20131214102313.daq,129,26,1123.28333333333,1,0,right,0.34332275390625,359.656677246094,12,0.0001,57.2466812133789,93.2960483235365,3.55954480171204,0.0606168992817402,0.0229646172374487,3.30751111431624,23413.7128678631,-41306.3821800589,23413.6981118292,-41308.8447268469,23413.6833557953,-41311.3072736348,1,0,0,0
20131214102313.daq,129,26,1123.38333333333,1,0,right,0.4447021484375,359.555297851563,12,0.0001,57.1420097351074,101.684569106626,2.94431495666504,0.0605845116078854,0.0704231560230255,3.35288382384401,23422.1020358416,-41306.4275239986,23422.0829225924,-41308.8900408223,23422.0638093432,-41311.3525576461,1,0,0,0
20131214102313.daq,129,26,1123.48333333333,1,0,right,0.539093017578125,359.460906982422,12,0.0001,57.0375480651855,110.057753190878,2.50486493110657,0.0607157200574875,0.060931496322155,3.41312279239665,23430.4773531142,-41306.4880638186,23430.4541830651,-41308.9505458129,23430.431013016,-41311.4130278072,1,0,0,0
20131214102313.daq,129,26,1123.58333333333,1,0,right,0.6260986328125,359.373901367188,12,0.0001,56.9333000183105,118.415631861091,2.46091985702515,0.0607592798769474,0.0799150466918945,3.48089289626646,23438.8388123313,-41306.5559615522,23438.8119029466,-41309.0184055229,23438.7849935619,-41311.4808494935,1,0,0,0
20131214102313.daq,129,26,1123.68333333333,1,0,right,0.71026611328125,359.289733886719,12,0.0001,56.8292999267578,126.758238546841,2.46091985702515,0.0607077181339264,0.0988983735442162,3.56421488200692,23447.1826176338,-41306.6393112171,23447.1520909501,-41309.1017130009,23447.1215642664,-41311.5641147847,1,0,0,0
20131214102313.daq,129,26,1123.78333333333,1,0,right,0.79144287109375,359.208557128906,12,0.0001,56.7255592346191,135.085611153569,2.46091985702515,0.060672651976347,0.0894067138433456,3.65927114218901,23455.5107192981,-41306.7341967737,23455.4767039111,-41309.1965528359,23455.4426885242,-41311.658908898,1,0,0,0
20131214102313.daq,129,26,1123.88333333333,1,0,right,0.873260498046875,359.126739501953,12,0.0001,56.6220855712891,143.397787540132,2.46091985702515,0.0608230568468571,0.0799150466918945,3.76556542677798,23463.8232039675,-41306.8408436455,23463.7856724041,-41309.3031486236,23463.7481408406,-41311.7654536017,1,0,0,0
20131214102313.daq,129,26,1123.98333333333,1,0,right,0.95245361328125,359.047546386719,12,0.0001,56.5188751220703,151.694806917454,2.37302994728088,0.0606995858252048,0.0988983735442162,3.88753657384319,23472.1219476855,-41306.9629550535,23472.0810128088,-41309.4252058042,23472.0400779321,-41311.8874565549,1,0,0,0
20131214102313.daq,129,26,1124.08333333333,1,0,right,1.0255126953125,358.974487304688,12,0.0001,56.4159469604492,159.976709335708,1.93357992172241,0.0606288500130177,0.117881931364536,4.01698237076801,23480.404915622,-41307.0924998588,23480.3608411105,-41309.5546964108,23480.3167665989,-41312.0168929628,1,0,0,0
20131214102313.daq,129,26,1124.18333333333,1,0,right,1.08102416992188,358.918975830078,12,0.0001,56.3133010864258,168.243536197173,1.18651497364044,0.0607007443904877,0.0988983735442162,4.15739588320309,23488.6698889377,-41307.2326732879,23488.6234289284,-41309.6948259824,23488.5769689191,-41312.1569786769,1,0,0,0
20131214102313.daq,129,26,1124.28333333333,1,0,right,1.11370849609375,358.886291503906,12,0.0001,56.2109603881836,176.495330582577,0.659174978733063,0.0615079291164875,0.108390033245087,4.30754650529294,23496.9206536408,-41307.3831454405,23496.8727891063,-41309.8452712313,23496.8249245719,-41312.3073970222,1,0,0,0
20131214102313.daq,129,26,1124.38333333333,1,0,right,1.12844848632813,358.871551513672,12,0.0001,56.1089057922363,184.732137204526,0.26366999745369,0.0630320385098457,0.0988983735442162,4.4646239070581,23505.1553731271,-41307.5403131716,23505.1068751844,-41310.0024265673,23505.0583772417,-41312.4645399629,1,0,0,0
20131214102313.daq,129,26,1124.48333333333,1,0,right,1.12353515625,358.87646484375,12,0.0001,56.0071144104004,192.95399438811,-0.131834983825684,0.0639815032482147,0.136865243315697,4.62451823656543,23513.3740083246,-41307.7001635014,23513.3257215176,-41310.1622810469,23513.2774347106,-41312.6243985924,1,0,0,0
20131214102313.daq,129,26,1124.58333333333,1,0,right,1.10000610351563,358.899993896484,12,0.0001,55.9055824279785,201.160941437513,-0.703119933605194,0.0640141218900681,0.108390033245087,4.78733568964459,23521.5765831923,-41307.8627611411,23521.5293074811,-41310.3248983084,23521.48203177,-41312.7870354757,1,0,0,0
20131214102313.daq,129,26,1124.68333333333,1,0,right,1.04766845703125,358.952331542969,12,0.0001,55.8042793273926,209.353014439839,-1.62596487998962,0.064014732837677,0.0988983735442162,4.94804934667224,23529.7648104549,-41308.0235660405,23529.7197838374,-41310.4857453652,23529.67475722,-41312.9479246899,1,0,0,0
20131214102313.daq,129,26,1124.78333333333,1,0,right,0.977996826171875,359.022003173828,12,0.0001,55.703182220459,217.530244353547,-1.75779986381531,0.0642961412668228,0.0799150466918945,5.10777638508685,23537.9350489763,-41308.1832937777,23537.8930163999,-41310.6455260344,23537.8509838235,-41313.1077582911,1,0,0,0
20131214102313.daq,129,26,1124.88333333333,1,0,right,0.88885498046875,359.111145019531,12,0.0001,55.6022491455078,225.692659293025,-2.15330481529236,0.064285047352314,0.0988983735442162,5.25879263717554,23546.0911506132,-41308.3340005431,23546.0529488732,-41310.7962952149,23546.0147471331,-41313.2585898866,1,0,0,0
20131214102313.daq,129,26,1124.98333333333,1,0,right,0.79132080078125,359.208679199219,12,0.0001,55.5014915466309,233.840282896737,-2.15330481529236,0.0640473961830139,0.127373591065407,5.39726672441068,23554.2314195265,-41308.47247044,23554.1974093857,-41310.9348265746,23554.1633992449,-41313.3971827092,1,0,0,0
20131214102313.daq,129,26,1125.08333333333,1,0,right,0.685516357421875,359.314483642578,12,0.0001,55.4009056091309,241.973141693845,-2.2411949634552,0.0641416981816292,0.127373591065407,5.52744798229461,23562.357809095,-41308.6026183291,23562.3283460848,-41311.0650330697,23562.2988830746,-41313.5274478102,1,0,0,0
20131214102313.daq,129,26,1125.18333333333,1,0,right,0.576934814453125,359.423065185547,12,0.0001,55.3005104064941,250.091261840527,-2.2411949634552,0.0649638473987579,0.0894067138433456,5.641932759985,23570.4684949956,-41308.7169735935,23570.4436985711,-41311.1794397478,23570.4189021466,-41313.641905902,1,0,0,0
20131214102313.daq,129,26,1125.28333333333,1,0,right,0.467498779296875,359.532501220703,12,0.0001,55.200325012207,258.194671824123,-2.02146983146667,0.0648396760225296,0.127373591065407,5.74070803374744,23578.5654756803,-41308.8156558178,23578.5453826557,-41311.2781648419,23578.525289631,-41313.740673866,0,1,0,1
20131214102313.daq,129,26,1125.38333333333,1,0,right,0.364501953125,359.635498046875,12,0.0001,55.1003761291504,266.283404980961,-1.80174493789673,0.0649644508957863,0.117881931364536,5.82810880295842,23586.6469742005,-41308.9030232081,23586.6313078952,-41311.3655643733,23586.6156415899,-41313.8281055385,0,1,0,1
20131214102313.daq,129,26,1125.48333333333,1,0,right,0.265716552734375,359.734283447266,12,0.0001,55.0006828308105,274.357498004261,-1.71385490894318,0.0648737251758575,0.0988983735442162,5.8962924443033,23594.7148917137,-41308.9711245339,23594.7034711719,-41311.4336890497,23594.6920506301,-41313.8962535656,0,1,0,1
20131214102313.daq,129,26,1125.58333333333,1,0,right,0.171142578125,359.828857421875,12,0.0001,54.901237487793,282.416987167613,-1.71385490894318,0.0646596401929855,0.0704231560230255,5.95321455391978,23602.769229576,-41309.0277717854,23602.761873824,-41311.4903517976,23602.754518072,-41313.9529318097,0,1,0,1
20131214102313.daq,129,26,1125.68333333333,1,0,right,0.07861328125,359.92138671875,12,0.0001,54.8020515441895,290.461910283266,-1.71385490894318,0.0651241838932037,0.0988983735442162,5.99410166431096,23610.8079828771,-41309.0689242588,23610.8046040541,-41311.5315129388,23610.8012252311,-41313.9941016189,0,1,0,1
20131214102313.daq,129,26,1125.78333333333,1,0,right,-0.0128173828125,360.012817382813,12,0.0001,54.7031288146973,298.492305536405,-1.71385490894318,0.0648550093173981,0.060931496322155,6.02382444092851,23618.8330820898,-41309.0984295238,23618.833632985,-41311.5610204602,23618.8341838803,-41314.0236113966,0,1,0,1
20131214102313.daq,129,26,1125.88333333333,1,0,right,-0.101837158203125,360.101837158203,12,0.0001,54.6044616699219,306.508210599364,-1.71385490894318,0.0648039951920509,0.0894067138433456,6.03869240356341,23626.8426068262,-41309.1124622449,23626.8469838177,-41311.575049353,23626.8513608091,-41314.0376364612,0,1,0,1
20131214102313.daq,129,26,1125.98333333333,1,0,right,-0.18914794921875,360.189147949219,12,0.0001,54.5060348510742,314.509662305281,-1.71385490894318,0.0649040341377258,0.146356910467148,6.04006089979188,23634.8384935118,-41309.1148850932,23634.8466231366,-41311.5774626722,23634.8547527615,-41314.0400402513,0,1,0,1
20131214102313.daq,129,26,1126.08333333333,1,0,right,-0.276611328125,360.276611328125,12,0.0001,54.4078598022461,322.496696974398,-1.71385490894318,0.064881943166256,0.0894067138433456,6.03071455498679,23642.8206963151,-41309.1055830792,23642.8325851126,-41311.5681453789,23642.8444739101,-41314.0307076786,0,1,0,1
20131214102313.daq,129,26,1126.18333333333,1,0,right,-0.362823486328125,360.362823486328,12,0.0001,54.3099327087402,330.469350460684,-1.71385490894318,0.0648760497570038,0.203307345509529,6.00584711788565,23650.7872971347,-41309.0807365063,23650.8028913004,-41311.5432781293,23650.8184854661,-41314.0058197524,0,1,0,1
20131214102313.daq,129,26,1126.28333333333,1,0,right,-0.4486083984375,360.448608398438,12,0.0001,54.2122459411621,338.427658851258,-1.71385490894318,0.0651063024997711,0.127373591065407,5.97327776795299,23658.7402287939,-41309.0481069905,23658.7595099299,-41311.5106225054,23658.7787910659,-41313.9731380204,0,1,0,1
20131214102313.daq,129,26,1126.38333333333,1,0,right,-0.53143310546875,360.531433105469,12,0.0001,54.1147880554199,346.371656694639,-1.71385490894318,0.0650539845228195,0.0894067138433456,5.92516779826535,23666.67955514,-41309.0000379271,23666.702395978,-41311.462522997,23666.725236816,-41313.9250080669,0,1,0,1
20131214102313.daq,129,26,1126.48333333333,1,0,right,-0.613525390625,360.613525390625,12,0.0001,54.0175857543945,354.301379658369,-1.71385490894318,0.064982146024704,0.212799236178398,5.86911060685133,23674.6032676056,-41308.944204438,23674.62963662,-41311.4066542544,23674.6560056343,-41313.8691040709,0,1,0,1
20131214102313.daq,129,26,1126.58333333333,1,0,right,-0.69610595703125,360.696105957031,12,0.0001,53.9206085205078,362.216862803791,-1.71385490894318,0.0648683160543442,0.0988983735442162,5.7977221214955,23682.5132885899,-41308.8727188943,23682.5432067114,-41311.3351281473,23682.5731248329,-41313.7975374003,0,1,0,1
20131214102313.daq,129,26,1126.68333333333,1,0,right,-0.7767333984375,360.776733398438,12,0.0001,53.8238754272461,370.118140586157,-1.71385490894318,0.0648831427097321,0.0704231560230255,5.71838280307884,23690.4077269059,-41308.7935438907,23690.4411101342,-41311.2559086045,23690.4744933625,-41313.7182733182,0,1,0,1
20131214102313.daq,129,26,1126.78333333333,1,0,right,-0.85699462890625,360.856994628906,12,0.0001,53.7273788452148,378.00524816016,-1.71385490894318,0.0648383051156998,0.0514398328959942,5.62340580240324,23698.2904488401,-41308.6987692631,23698.327281371,-41311.1610847969,23698.3641139019,-41313.6234003307,0,0,0,0
20131214102313.daq,129,26,1126.88333333333,1,0,right,-0.93603515625,360.93603515625,12,0.0001,53.6311187744141,385.87821984115,-1.71385490894318,0.0648911893367767,0.060931496322155,5.52078613401031,23706.1575701085,-41308.5962599323,23706.1977994105,-41311.0585223121,23706.2380287125,-41313.5207846918,0,0,0,0
20131214102313.daq,129,26,1126.98333333333,1,0,right,-1.0087890625,361.0087890625,12,0.0001,53.535099029541,393.737090457405,-1.31834995746613,0.0651250332593918,0.0894067138433456,5.40683922808019,23714.0111741991,-41308.4824203155,23714.0545300367,-41310.9446296273,23714.0978858744,-41313.406838939,0,0,0,0
20131214102313.daq,129,26,1127.08333333333,1,0,right,-1.02764892578125,361.027648925781,12,0.0001,53.4394226074219,401.581901737562,1.97752487659454,0.0649400725960732,0.0988983735442162,5.28459476877039,23721.8505336516,-41308.3601695978,23721.8946999643,-41310.8223645048,23721.9388662769,-41313.2845594118,0,0,0,0
20131214102313.daq,129,26,1127.18333333333,1,0,right,-0.98590087890625,360.985900878906,12,0.0001,53.3440818786621,409.412707206211,3.60348987579346,0.0649674311280251,0.0799150466918945,5.16248533464113,23729.6797301771,-41308.2377308667,23729.7221024223,-41310.6999573015,23729.7644746676,-41313.1621837363,0,0,0,0
20131214102313.daq,129,26,1127.28333333333,1,0,right,-0.88751220703125,360.887512207031,12,0.0001,53.248966217041,417.229546540519,4.17477464675903,0.0649806708097458,0.0514398328959942,5.03556212201595,23737.4967012092,-41308.1109576566,23737.5348452434,-41310.573253223,23737.5729892775,-41313.0355487893,0,0,0,0
20131214102313.daq,129,26,1127.38333333333,1,0,right,-0.74652099609375,360.746520996094,12,0.0001,53.1539497375488,425.032443565462,5.05367469787598,0.0648668482899666,0.0894067138433456,4.91970543220774,23745.3030256643,-41307.9946194915,23745.3351104685,-41310.4570014661,23745.3671952728,-41312.9193834407,0,0,0,0
20131214102313.daq,129,26,1127.48333333333,1,0,right,-0.549835205078125,360.549835205078,12,0.0001,53.0588531494141,432.821402523812,7.29486989974976,0.0656115189194679,0.0514398328959942,4.81452807404613,23753.0970607734,-41307.8895301415,23753.1206925044,-41310.3520077484,23753.1443242353,-41312.8144853554,0,0,0,0
20131214102313.daq,129,26,1127.58333333333,1,0,right,-0.274658203125,360.274658203125,12,0.0001,52.9633483886719,440.596388727165,10.063404083252,0.0673458576202393,0.0514398328959942,4.73395436415144,23760.8793386618,-41307.8088285346,23760.8911435144,-41310.2713912381,23760.9029483669,-41312.7339539416,0,0,0,0
20131214102313.daq,129,26,1127.68333333333,-1,0,right,-0.0148987625576069,359.925048828125,12,0.0001,52.8671607971191,448.357317319562,11.2059745788574,0.0681118220090866,0.0419481731951237,4.67745886590314,23768.6535962741,-41307.7561978488,23768.6503748496,-41310.2187867398,23768.6471534251,-41312.6813756307,0,0,0,0
20131214102313.daq,129,26,1127.78333333333,-1,0,right,0.250468581928772,359.532592773438,12,0.0001,52.770435333252,456.104097570307,11.1620292663574,0.0683228597044945,0.0419481731951237,4.64534523842507,23776.4150828508,-41307.7453376424,23776.394993761,-41310.2078466986,23776.3749046711,-41312.6703557548,0,0,0,0
20131214102313.daq,129,26,1127.88333333333,-1,0,right,0.552289787546329,359.125671386719,12,0.0001,52.673225402832,463.836654973929,10.7665243148804,0.0683915615081787,0.0514398328959942,4.64137784926995,23784.1630729671,-41307.7784100394,23784.125495501,-41310.2407143174,23784.087918035,-41312.7030185954,0,0,0,0
20131214102313.daq,129,26,1127.98333333333,-1,0,right,0.849790578767227,358.745056152344,12,0.0001,52.575927734375,471.554939549329,8.65716457366943,0.0684715285897255,0.0704231560230255,4.67015849183341,23791.8966009734,-41307.8567863246,23791.8426673965,-41310.3187866481,23791.7887338196,-41312.7807869715,0,0,0,0
20131214102313.daq,129,26,1128.08333333333,-1,0,right,1.10298341051242,358.431518554688,12,0.0001,52.4793128967285,479.258997267971,5.58101463317871,0.0685077980160713,0.060931496322155,4.73963713544127,23799.6128138685,-41307.9857194801,23799.5454084521,-41310.4473878033,23799.4780030357,-41312.9090561265,0,0,0,0
20131214102313.daq,129,26,1128.18333333333,-1,0,right,1.28956565448232,358.205444335938,12,-0.000101286678780694,52.3836708068848,486.94895522733,3.20798492431641,0.0684771910309792,0.0799150466918945,4.84797372308657,23807.3093657331,-41308.160002405,23807.2322477648,-41310.6213856019,23807.1551297964,-41313.0827687989,0,0,0,0
20131214102313.daq,129,26,1128.28333333333,-1,0,right,1.4228869577849,358.054718017578,12,-0.000102921804557879,52.2890968322754,494.624963603972,1.88963496685028,0.0682408064603806,0.108390033245087,4.9872135670763,23814.9885466375,-41308.3686508069,23814.9049538552,-41310.8298226153,23814.821361073,-41313.2909944236,0,0,0,0
20131214102313.daq,129,26,1128.38333333333,-1,0,right,1.36729750479475,357.954986572266,12,-0.000104472487806533,52.1954650878906,502.287172014854,1.2744048833847,0.0683093219995499,0.0894067138433456,5.14629745083918,23822.6509387029,-41308.6053638001,23822.5630620302,-41311.0663863749,23822.4751853575,-41313.5274089497,0,0,0,0
20131214102313.daq,129,26,1128.48333333333,-1,0,right,1.24781933008154,357.887451171875,12,-0.000105959965831098,52.1025390625,509.935702708593,0.878899991512299,0.0683673098683357,0.0799150466918945,5.30069750071895,23830.2969778122,-41308.8635006861,23830.2062003567,-41311.3244179698,23830.1154229013,-41313.7853352534,0,0,0,0
20131214102313.daq,129,26,1128.58333333333,-1,0,right,1.13944846363233,357.841278076172,12,-0.000107407798790948,52.0100860595703,517.570641427068,0.659174978733063,0.0685417205095291,0.0988983735442162,5.45096713462942,23837.9269120958,-41309.1398316399,23837.8341514843,-41311.6006749694,23837.7413908729,-41314.0615182989,0,0,0,0
20131214102313.daq,129,26,1128.68333333333,-1,0,right,1.05310168174464,357.805541992188,12,-0.000108838715203026,51.9179229736328,525.192043093572,0.57128494977951,0.0682011246681213,0.0894067138433456,5.59025492037337,23845.5429405257,-41309.4233216227,23845.4486450741,-41311.8841066176,23845.3543496225,-41314.3448916126,0,0,0,0
20131214102313.daq,129,26,1128.78333333333,-1,0,right,0.992403482078146,357.776611328125,12,-0.000110271711357146,51.8259925842285,532.799945054052,0.615229964256287,0.0684371888637543,0.127373591065407,5.72311642081175,23853.145144841,-41309.7141978957,23853.0496068641,-41312.1749349638,23852.9540688873,-41314.635672032,0,1,0,1
20131214102313.daq,129,26,1128.88333333333,-1,0,right,0.974103545196499,357.737731933594,12,-0.000111719659429996,51.7342376708984,540.394377008124,2.02146983146667,0.068329431116581,0.00398129364475608,5.85498963531478,23860.7338965473,-41310.0135109023,23860.6366888017,-41312.4741825744,23860.5394810562,-41314.9348542464,0,1,0,1
20131214102313.daq,129,26,1128.98333333333,-1,0,right,1.05224749112921,357.634857177734,12,-0.000113187800113091,51.6425743103027,547.975360216413,5.18550968170166,0.0691033899784088,0.0514398328959942,5.98588020939264,23868.3103857336,-41310.3168396729,23868.2087600032,-41312.7773328419,23868.1071342729,-41315.2378260108,0,1,0,1
20131214102313.daq,129,26,1129.08333333333,-1,0,right,1.10888108988343,357.462585449219,12,-0.000114673130065158,51.5508880615234,555.542898875094,6.72358465194702,0.069159135222435,0.0229646172374487,6.12180359664267,23875.8766617933,-41310.6323436058,23875.7676385468,-41313.0925200944,23875.6586153003,-41315.552696583,0,1,0,1
20131214102313.daq,129,26,1129.18333333333,-1,0,right,1.18167111948776,357.244079589844,12,-0.000116165291644463,51.4591064453125,563.096983146504,6.94330978393555,0.0691743195056915,0.0799150466918945,6.25318536594076,23883.4302325793,-41310.9624854432,23883.3118279044,-41313.4222282664,23883.1934232296,-41315.8819710896,0,1,0,1
20131214102313.daq,129,26,1129.28333333333,-1,0,right,1.2985718484158,357.00146484375,12,-0.000117649474292247,51.3672180175781,570.637598903457,6.89936447143555,0.0693557113409042,0.0799150466918945,6.39191577148915,23890.9705933585,-41311.3176013639,23890.841774177,-41313.7768207608,23890.7129549954,-41316.2360401577,0,1,0,1
20131214102313.daq,129,26,1129.38333333333,-1,0,right,1.43142649329207,356.760437011719,12,-0.000119111227554802,51.2752227783203,578.164728149073,6.10835456848145,0.0690692365169525,0.0988983735442162,6.53909299655588,23898.4971841388,-41311.6960765786,23898.3580208575,-41314.1547323098,23898.2188575761,-41316.613388041,0,1,0,1
20131214102313.daq,129,26,1129.48333333333,-1,0,right,1.54009892946129,356.561126708984,12,-0.000120540302986224,51.1834335327148,585.67837442676,3.60348987579346,0.0692193955183029,0.0799150466918945,6.69843196455867,23906.0091709083,-41312.0992818808,23905.8614557547,-41314.5574386408,23905.7137406011,-41317.0155954008,0,1,0,1
20131214102313.daq,129,26,1129.58333333333,-1,0,right,1.59843139811255,356.4296875,12,-0.000121933176299567,51.092113494873,593.178592146927,1.09862494468689,0.0692142099142075,0.127373591065407,6.87468260525283,23913.5021341331,-41312.5294611288,23913.3487802461,-41314.9872725554,23913.195426359,-41317.445083982,0,1,0,1
20131214102313.daq,129,26,1129.68333333333,-1,0,right,1.59781527906972,356.374725341797,12,-0.000123294749352118,51.0012893676758,600.665452784466,-0.74706494808197,0.0691139101982117,0.136865243315697,7.06183116522641,23920.9778789445,-41312.9782479561,23920.8221674221,-41315.435911144,23920.6664558997,-41317.8935743319,0,1,0,1
20131214102313.daq,129,26,1129.78333333333,-1,0,right,1.4949401873069,356.373565673828,12,-0.000124637828950776,50.9109268188477,608.139027441255,-1.45018494129181,0.0693676844239235,0.0988983735442162,7.25307578896623,23928.4349341156,-41313.439258774,23928.2791728501,-41315.8969188098,23928.1234115845,-41318.3545788456,0,1,0,1
20131214102313.daq,129,26,1129.88333333333,-1,0,right,1.32610650294384,356.413208007813,12,-0.000125980231540677,50.8208885192871,615.599374863785,-2.19724988937378,0.0698476284742355,0.108390033245087,7.4373080987538,23935.8794280497,-41313.9094089839,23935.7253672499,-41316.367176201,23935.57130645,-41318.824943418,0,1,0,1
20131214102313.daq,129,26,1129.98333333333,-1,0,right,1.12476826432908,356.497314453125,12,-0.000127341883835084,50.7310104370117,623.046530160034,-3.77926993370056,0.0702426061034203,0.0894067138433456,7.60359895750702,23943.3073731134,-41314.3767502178,23943.1569203193,-41316.8347409379,23943.0064675252,-41319.292731658,0,1,0,1
20131214102313.daq,129,26,1130.08333333333,-1,0,right,0.892309171091824,356.626098632813,12,-0.000128742608985331,50.6410980224609,630.480502048755,-4.65816974639893,0.070144034922123,0.108390033245087,7.74959563402045,23950.7207055972,-41314.8373668122,23950.5757780238,-41317.2956894969,23950.4308504504,-41319.7540121815,0,1,0,1
20131214102313.daq,129,26,1130.18333333333,-1,0,right,0.646443084048997,356.778442382813,12,-0.000130200694890763,50.551197052002,637.901286240492,-4.52633476257324,0.0698973461985588,0.155848801136017,7.86991316131938,23958.1198517623,-41315.284784561,23957.9814611278,-41317.7434839033,23957.8430704932,-41320.2021832456,0,1,0,1
20131214102313.daq,129,26,1130.28333333333,-1,0,right,0.406723186425211,356.937805175781,12,-0.000131731808135626,50.4613571166992,645.308889216016,-4.26266479492188,0.0699655190110207,0.136865243315697,7.96373011003101,23965.5071045102,-41315.7161435163,23965.3755530419,-41318.175218268,23965.2440015736,-41320.6342930197,0,1,0,1
20131214102313.daq,129,26,1130.38333333333,-1,0,right,0.177347427916004,357.097351074219,12,-0.000133347754981959,50.3715744018555,652.703319694061,-4.13082981109619,0.0698665902018547,0.136865243315697,8.0328389388492,23972.8806535278,-41316.131875362,23972.7559501032,-41318.5913068978,23972.6312466787,-41321.0507384337,0,1,0,1
20131214102313.daq,129,26,1130.48333333333,-1,0,right,-0.0746492025222096,357.256195068359,12,-0.000135056511315548,50.2818908691406,660.084589190781,-4.13082981109619,0.0702503770589828,0.0988983735442162,8.06964898741205,23980.2424709853,-41316.5242233742,23980.124586438,-41318.9839911797,23980.0067018906,-41321.4437589852,0,1,0,1
20131214102313.daq,129,26,1130.58333333333,-1,0,right,-0.352600909149771,357.412780761719,12,-0.000136862716952209,50.1923637390137,667.452716309243,-3.95504975318909,0.0699383839964867,0.108390033245087,8.06868789930025,23987.5945442857,-41316.8932853059,23987.483382558,-41319.3533660959,23987.3722208303,-41321.813446886,0,1,1,1
20131214102313.daq,129,26,1130.68333333333,-1,0,right,-0.618051061251265,357.565704345703,12,-0.000138767952009984,50.1030120849609,674.807724594662,-3.86715984344482,0.0706511214375496,0.146356910467148,8.03412105947212,23994.9329991659,-41317.2430552105,23994.8284038313,-41319.7034239308,23994.7238084967,-41322.163792651,0,1,1,1
20131214102313.daq,129,26,1130.78333333333,-1,0,right,-0.872225822437031,357.716186523438,12,-0.000140771289089715,50.0138397216797,682.149641601907,-3.86715984344482,0.0711269229650497,0.136865243315697,7.96710862893063,24002.2578105117,-41317.5734559498,24002.1596774662,-41320.034090894,24002.0615444206,-41322.4947258383,0,1,1,1
20131214102313.daq,129,26,1130.88333333333,-1,0,right,-1.1126390744875,357.863220214844,12,-0.000142869676318017,49.9248580932617,689.4784939534,-3.55954480171204,0.0706451758742332,0.108390033245087,7.86874529908371,24009.5729082247,-41317.8845502745,24009.4810900309,-41320.3454289474,24009.3892718372,-41322.8063076203,0,1,1,1
20131214102313.daq,129,26,1130.98333333333,-1,0,right,-1.32559256607527,357.989990234375,12,-0.000145057513093638,49.8361473083496,696.794313493476,-2.41697478294373,0.0707658976316452,0.136865243315697,7.73715794832688,24016.8747645912,-41318.1734842575,24016.7883914453,-41320.6345600595,24016.7020182993,-41323.0956358615,0,1,1,1
20131214102313.daq,129,26,1131.08333333333,-1,0,right,-1.4872445021623,358.074279785156,12,-0.000147325962773687,49.7477912902832,704.097147592271,-0.219724982976913,0.0708465427160263,0.136865243315697,7.58325363711205,24024.1677943199,-41318.4494577405,24024.085041829,-41320.9106579454,24024.0022893381,-41323.3718581503,0,1,1,1
20131214102313.daq,129,26,1131.18333333333,-1,0,right,-1.57707550735751,358.082641601563,12,-0.00014966214351956,49.6598587036133,711.38705453006,2.46091985702515,0.0707612410187721,0.0894067138433456,7.4057018772978,24031.4488561893,-41318.7106531935,24031.3664628898,-41321.1718654492,24031.2840695904,-41323.633077705,0,1,1,1
20131214102313.daq,129,26,1131.28333333333,-1,0,right,-1.64364188961406,358.031158447266,14,-0.000152048819274478,49.572193145752,718.664085733268,3.25192975997925,0.0708220154047012,0.0799150466918945,7.21150168767641,24038.7214976599,-41318.967781784,24038.6368928704,-41321.4289190115,24038.5522880809,-41323.8900562391,0,1,1,1
20131214102313.daq,129,26,1131.38333333333,-1,0,right,-1.65611982669537,357.933074951172,14,-0.000154465069407538,49.4846878051758,725.928272440127,4.26266479492188,0.0709650218486786,0.060931496322155,7.00650900417408,24045.983459719,-41319.2278299701,24045.894641884,-41321.6888187583,24045.8058240491,-41324.1498075465,0,1,1,1
20131214102313.daq,129,26,1131.48333333333,-1,0,right,-1.61515536125387,357.789031982422,14,-0.000156887803553599,49.3971900939941,733.179627705424,5.44917964935303,0.0708537176251411,0.0704231560230255,6.79174191659934,24053.2327600309,-41319.4907629081,24053.1377554981,-41321.9515206293,24053.0427509653,-41324.4122783504,0,1,1,1
20131214102313.daq,129,26,1131.58333333333,-1,0,right,-1.54000982219321,357.618286132813,14,-0.00015929354825742,49.309642791748,740.418145234842,5.58101463317871,0.0706572383642197,0.0988983735442162,6.57859172709125,24060.4709066213,-41319.7670983758,24060.3685692731,-41322.2275620497,24060.2662319249,-41324.6880257236,0,0,1,0
20131214102313.daq,129,26,1131.68333333333,-1,0,right,-1.43364769118097,357.423797607422,14,-0.000161660012296948,49.222038269043,747.643819620032,6.0644097328186,0.0709050968289375,0.0704231560230255,6.37188263103366,24067.6978200053,-41320.0605617925,24067.5871313046,-41322.5206639113,24067.4764426039,-41324.9807660301,0,0,1,0
20131214102313.daq,129,26,1131.78333333333,-1,0,right,-1.30537923217224,357.216156005859,14,-0.0001639675920412,49.1343765258789,754.856640044149,6.10835456848145,0.0709222927689552,0.0704231560230255,6.17977064900312,24074.9113036337,-41320.3783045595,24074.7917001964,-41322.8379893851,24074.6720967592,-41325.2976742107,0,0,1,0
20131214102313.daq,129,26,1131.88333333333,-1,0,right,-1.16207911356588,356.999542236328,14,-0.000166200495015513,49.0467491149902,762.056604828715,6.15229988098145,0.0709182992577553,0.060931496322155,5.99882197764304,24082.1112593436,-41320.7161599765,24081.982357641,-41323.1753750494,24081.8534559384,-41325.6345901222,0,0,1,0
20131214102313.daq,129,26,1131.98333333333,-1,0,right,-1.05105974188683,356.782012939453,14,-0.000168347096515665,48.9591903686523,769.243721946477,6.0644097328186,0.0708403587341309,0.0514398328959942,5.8355193086181,24089.2955577624,-41321.0814343467,24089.1573203493,-41323.5401423084,24089.0190829361,-41325.9988502702,0,0,1,0
20131214102313.daq,129,26,1132.08333333333,-1,0,right,-0.941974470167224,356.564392089844,14,-0.000170399690973967,48.8717460632324,776.418005384694,5.97651958465576,0.070994645357132,0.0894067138433456,5.6866432970939,24096.4680872473,-41321.4740756559,24096.3205121883,-41323.9322408304,24096.1729371293,-41326.390406005,0,0,1,0
20131214102313.daq,129,26,1132.18333333333,-1,0,right,-0.83396364856128,356.355041503906,14,-0.000172354230141614,48.7844734191895,783.579475424893,5.49312448501587,0.0708011239767075,0.0799150466918945,5.55232130189788,24103.6247691477,-41321.8935549968,24103.4682133098,-41324.3511645454,24103.3116574718,-41326.8087740939,0,0,1,0
20131214102313.daq,129,26,1132.28333333333,-1,0,right,-0.746494635507872,356.171569824219,14,-0.000174210221209858,48.6974945068359,790.728164890505,4.04293966293335,0.0709230974316597,0.0799150466918945,5.42855260685392,24110.7672031457,-41322.334849457,24110.6027784037,-41324.7919450855,24110.4383536617,-41327.249040714,0,0,1,0
20131214102313.daq,129,26,1132.38333333333,-1,0,right,-0.691961734709935,356.0263671875,14,-0.000175970386383774,48.6108932495117,797.864125161374,2.8564248085022,0.0709948837757111,0.0514398328959942,5.31538378112496,24117.8932010704,-41322.7971689081,24117.7225499338,-41325.253839951,24117.5518987973,-41327.7105109939,0,0,1,0
20131214102313.daq,129,26,1132.48333333333,-1,0,right,-0.656727416563285,355.905792236328,14,-0.000177639938724863,48.5246124267578,804.987408130211,2.76853489875793,0.0707969814538956,0.0894067138433456,5.21440385404931,24125.0030557556,-41323.2813720605,24124.8272351088,-41325.7376785404,24124.651414462,-41328.1939850204,0,0,1,0
20131214102313.daq,129,26,1132.58333333333,-1,0,right,-0.629625699052895,355.798675537109,14,-0.000179225455993136,48.4386177062988,812.09805795009,2.76853489875793,0.0710033476352692,0.127373591065407,5.12287897728513,24132.1009066557,-41323.784257915,24131.9204941578,-41326.240231399,24131.74008166,-41328.696204883,0,0,1,0
20131214102313.daq,129,26,1132.68333333333,-1,0,right,-0.615928358291512,355.696441650391,14,-0.000180733570345226,48.3528861999512,819.196114904349,2.76853489875793,0.0710671842098236,0.0894067138433456,5.03388074298126,24139.183022805,-41324.2985566422,24138.9982283592,-41326.7542043035,24138.8134339133,-41329.2098519647,0,0,1,0
20131214102313.daq,129,26,1132.78333333333,-1,0,right,-0.621891934097675,355.595458984375,14,-0.0001821701699744,48.2673492431641,826.281612282648,2.76853489875793,0.0718339532613754,0.060931496322155,4.94876225133368,24146.2514307714,-41324.8284045457,24146.0623085848,-41327.2837226966,24145.8731863983,-41329.7390408474,0,0,1,0
20131214102313.daq,129,26,1132.88333333333,-1,0,right,-0.624795259646817,355.496917724609,14,-0.000183540131411156,48.1819953918457,833.354578012848,2.76853489875793,0.0720552355051041,0.0799150466918945,4.86393692733859,24153.3061075735,-41325.3698196098,24153.1127628421,-41327.824808864,24152.9194181107,-41330.2797981182,0,0,1,0
20131214102313.daq,129,26,1132.98333333333,-1,0,right,-0.624387584136855,355.397064208984,14,-0.000184847087990877,48.096809387207,840.415037831539,2.81247997283936,0.0723403766751289,0.0799150466918945,4.77526320482909,24160.3471273843,-41325.9191339195,24160.1495044606,-41328.3737824898,24159.951881537,-41330.82843106,0,0,1,0
20131214102313.daq,129,26,1133.08333333333,-1,0,right,-0.614708349319869,355.293304443359,14,-0.00018609328495315,48.011775970459,847.463015050787,3.16403985023499,0.0725677609443665,0.0799150466918945,4.69183794580123,24167.3764932952,-41326.4843250698,24167.1744254533,-41328.93861173,24166.9723576115,-41331.3928983903,0,0,1,0
20131214102313.daq,129,26,1133.18333333333,-1,0,right,-0.591588837880352,355.179748535156,14,-0.00018728006584564,47.9268646240234,854.498529718985,3.60348987579346,0.0726082026958466,0.108390033245087,4.61072183549948,24174.3923645501,-41327.061862026,24174.1854328974,-41329.5157433831,24173.9785012448,-41331.9696247401,0,0,1,0
20131214102313.daq,129,26,1133.28333333333,-1,0,right,-0.557810063840066,355.059173583984,14,-0.000188408222415968,47.8420791625977,861.521600252672,3.64743494987488,0.0726790279150009,0.0799150466918945,4.5283349889051,24181.3927310734,-41327.6476627909,24181.1806358615,-41330.1011032414,24180.9685406497,-41332.554543692,0,0,1,0
20131214102313.daq,129,26,1133.38333333333,-1,0,right,-0.518685754261412,354.936889648438,14,-0.000189477972737585,47.7574310302734,868.532245161681,3.51559996604919,0.072688102722168,0.108390033245087,4.45222521926033,24188.3813952212,-41328.2492023175,24188.1640642231,-41330.7021845148,24187.9467332251,-41333.1551667122,0,0,1,0
20131214102313.daq,129,26,1133.48333333333,-1,0,right,-0.519776285583134,354.814239501953,14,-0.00019048927363267,47.6729164123535,875.53048482076,3.42770981788635,0.0724709182977676,0.117881931364536,4.37665982172991,24195.3563777848,-41328.862488912,24195.1337963151,-41331.3150002602,24194.9112148454,-41333.7675116083,0,0,1,0
20131214102313.daq,129,26,1133.58333333333,-1,0,right,-0.516209232932908,354.693969726563,14,-0.00019144212749401,47.5885581970215,882.51634021083,3.42770981788635,0.0723963379859924,0.0988983735442162,4.30282723285888,24202.3176270684,-41329.491253598,24202.0898980176,-41331.9432923217,24201.8621689667,-41334.3953310455,0,0,1,0
20131214102313.daq,129,26,1133.68333333333,-1,0,right,-0.4981622267033,354.574157714844,14,-0.000192336761359166,47.5043449401855,889.489833385072,3.42770981788635,0.0726168006658554,0.108390033245087,4.22904318636177,24209.2651798413,-41330.1317125476,24209.0323237994,-41332.5832697032,24208.7994677574,-41335.0348268588,0,0,1,0
20131214102313.daq,129,26,1133.78333333333,-1,0,right,-0.466770037019899,354.457305908203,14,-0.000193173581223926,47.4202842712402,896.450986350115,3.29587483406067,0.072617694735527,0.0799150466918945,4.16021098373121,24216.2009431071,-41330.7876120725,24215.9630877276,-41333.238689232,24215.7252323482,-41335.6897663915,0,0,1,0
20131214102313.daq,129,26,1133.88333333333,-1,0,right,-0.425735725977631,354.344116210938,14,-0.000193952563277909,47.3363876342773,903.399822837717,3.0322048664093,0.0725556835532188,0.0514398328959942,4.09496401508005,24223.120998866,-41331.4550006934,24222.8783017703,-41333.9056031792,24222.6356046746,-41336.3562056649,0,0,1,0
20131214102313.daq,129,26,1133.98333333333,-1,0,right,-0.377944335647214,354.239959716797,14,-0.00019467291957883,47.2526779174805,910.3363682114,2.81247997283936,0.0727189183235168,0.0419481731951237,4.03819262422246,24230.027203568,-41332.1374407594,24229.7800519899,-41334.5875980035,24229.5329004117,-41337.0377552476,0,0,1,0
20131214102313.daq,129,26,1134.08333333333,-1,0,right,-0.321014219496874,354.141082763672,14,-0.000195333101011848,47.1691360473633,917.26064825432,2.63669991493225,0.0972840860486031,0.117881931364536,3.98852981119069,24236.9196284872,-41332.8312652488,24236.6682489733,-41335.2809923282,24236.4168694593,-41337.7307194076,0,0,1,0
20131214102313.daq,129,26,1134.18333333333,-1,0,right,-0.254366328600838,354.046905517578,14,-0.000195931288365591,47.085765838623,924.172688376697,2.63669991493225,0.117747038602829,0.060931496322155,3.94363822268241,24243.7982858288,-41333.5326045095,24243.5428800324,-41335.9819150865,24243.287474236,-41338.4312256635,0,0,1,0
20131214102313.daq,129,26,1134.28333333333,-1,0,right,-0.186633231106271,353.964141845703,14,-0.000196466043280427,47.0025825500488,931.072514128537,1.84568989276886,0.131744354963303,0.0988983735442162,3.91249356628082,24250.6630565772,-41334.2488406785,24250.4041130229,-41336.697779767,24250.1451694686,-41339.1467188555,0,0,1,0
20131214102313.daq,129,26,1134.38333333333,-1,0,right,-0.221694873927731,353.907012939453,14,-0.000196937090575552,46.9195976257324,937.960153903987,0.834954977035522,0.139492407441139,0.117881931364536,3.87836113973669,24257.5136896358,-41334.9673431695,24257.252304404,-41337.4160228512,24256.9909191722,-41339.8647025331,0,0,1,0
20131214102313.daq,129,26,1134.48333333333,-1,0,right,-0.272096572103123,353.877288818359,14,-0.000197345558001906,46.8368072509766,944.835636749922,0.131834998726845,0.154203996062279,0.108390033245087,3.84505851810491,24264.3521114395,-41335.6958097124,24264.0894559077,-41338.1443534623,24263.8268003758,-41340.5928972122,0,0,1,0
20131214102313.daq,129,26,1134.58333333333,-1,0,right,-0.331430553777466,353.868560791016,14,-0.000197694584974502,46.7541847229004,951.698989568511,-0.307614982128143,0.167684152722359,0.117881931364536,3.81111279400802,24271.1745328493,-41336.4307438575,24270.911504327,-41338.8792475679,24270.6484758046,-41341.3277512783,0,0,1,0
20131214102313.daq,129,26,1134.68333333333,-1,0,right,-0.39484541029384,353.8759765625,14,-0.000197989429326718,46.6717338562012,958.550237769887,-0.57128494977951,0.180266931653023,0.117881931364536,3.77039227940432,24277.9849473672,-41337.1646437782,24277.7222357559,-41339.6131815118,24277.4595241447,-41342.0617192453,0,0,1,0
20131214102313.daq,129,26,1134.78333333333,-1,0,right,-0.282380951538585,353.891815185547,14,-0.000198236489408108,46.5896224975586,965.38940774338,-0.527339935302734,0.193092033267021,0.108390033245087,3.72403604983231,24284.7834925975,-41337.8940979101,24284.5214578606,-41340.3427081731,24284.2594231237,-41342.7913184361,0,0,1,0
20131214102313.daq,129,26,1134.88333333333,1,0,right,-0.302952973709864,353.908020019531,14,-0.000198442307688807,46.5133628845215,972.216853319929,-0.395504981279373,0.203599974513054,0.0894067138433456,3.69752949682685,24291.5683591217,-41338.6274349136,24291.3070169301,-41341.0761191893,24291.0456747384,-41343.5248034651,0,0,1,0
20131214102313.daq,129,26,1134.98333333333,1,0,right,-0.320600060149047,353.920806884766,14,-0.00019861285968722,46.4479713439941,979.033909769496,-0.0439449958503246,0.211326166987419,0.0894067138433456,3.66725154499759,24298.3454740484,-41339.3570846621,24298.0846783433,-41341.8058272013,24297.8238826381,-41344.2545697406,0,0,1,0
20131214102313.daq,129,26,1135.08333333333,1,0,right,-0.332250480181074,353.927032470703,14,-0.000198752636296866,46.3928070068359,985.842117275359,0.17577999830246,0.222659230232239,0.060931496322155,3.63459512059284,24305.1109875743,-41340.0832484304,24304.8504579436,-41342.5320192925,24304.5899283129,-41344.9807901546,0,0,1,0
20131214102313.daq,129,26,1135.18333333333,1,0,right,-0.338535114460683,353.927215576172,14,-0.000198863978935278,46.3501853942871,992.643130856188,0.219724997878075,0.230488583445549,0.108390033245087,3.59838636054466,24311.872703045,-41340.8058929532,24311.6121812401,-41343.2546646479,24311.3516594352,-41345.7034363425,0,0,1,0
20131214102313.daq,129,26,1135.28333333333,1,0,right,-0.33870733530307,353.928070068359,14,-0.000198947315900579,46.3194961547852,999.438792540226,0.0878899991512299,0.232263907790184,0.127373591065407,3.56593902575202,24318.626593991,-41341.5324007263,24318.3661087064,-41343.9811763061,24318.1056234218,-41346.4299518858,0,0,1,0
20131214102313.daq,129,26,1135.38333333333,1,0,right,-0.344689431698498,353.932189941406,14,-0.000199001950031107,46.2986145019531,1006.23070167682,-0.0878899917006493,0.232454553246498,0.0894067138433456,3.52970529983768,24325.3784733178,-41342.2547931178,24325.1181641139,-41344.7035874215,24324.85785491,-41347.1523817252,0,0,1,0
20131214102313.daq,129,26,1135.48333333333,1,0,right,-0.356736718130833,353.939208984375,14,-0.000199026795685757,46.2849731445313,1013.02010867998,-0.219724982976913,0.232302248477936,0.0799150466918945,3.48930594728994,24332.1283475437,-41342.9730935932,24331.8683383324,-41345.4219197678,24331.608329121,-41347.8707459424,0,0,1,0
20131214102313.daq,129,26,1135.58333333333,1,0,right,-0.376618728982521,353.950897216797,14,-0.000199021283370905,46.2762908935547,1019.8079034189,-0.175779983401299,0.231762632727623,0.117881931364536,3.45221046375992,24338.8742317304,-41343.6950013213,24338.6147220804,-41346.1438804864,24338.3552124304,-41348.5927596514,0,0,1,0
20131214102313.daq,129,26,1135.68333333333,1,0,right,-0.398842303060576,353.961761474609,14,-0.000198985909080623,46.2706985473633,1026.59466934859,-0.131834983825684,0.231643736362457,0.060931496322155,3.41384202368653,24345.6220836785,-41344.4169618557,24345.3630383825,-41346.8658901842,24345.1039930864,-41349.3148185126,0,0,1,0
20131214102313.daq,129,26,1135.78333333333,1,0,right,-0.420325169318801,353.968719482422,14,-0.000198922571234079,46.2670135498047,1033.38076556848,0.17577999830246,0.231508985161781,0.0988983735442162,3.37055509407281,24352.3680525184,-41345.1352663044,24352.1093046225,-41347.5842260733,24351.8505567266,-41350.0331858422,0,0,1,0
20131214102313.daq,129,26,1135.88333333333,1,0,right,-0.444407974178432,353.964538574219,14,-0.000198834629297899,46.264575958252,1040.16641955797,0.703119993209839,0.231807425618172,0.108390033245087,3.32576566349877,24359.1142213305,-41345.8542840242,24358.8552947332,-41348.3032249056,24358.5963681359,-41350.752165787,0,0,1,0
20131214102313.daq,129,26,1135.98333333333,1,0,right,-0.44101862890318,353.947448730469,14,-0.000198726539090224,46.2629585266113,1046.95177911577,1.18651497364044,0.231257990002632,-0.0529691390693188,3.27470905620913,24365.8606217007,-41346.5702221602,24365.6009646594,-41349.0190857016,24365.3413076181,-41351.4679492429,0,0,1,0
20131214102313.daq,129,26,1136.08333333333,1,0,right,-0.407724212860956,353.911651611328,14,-0.000198602971447224,46.2599906921387,1053.73680344566,1.93357992172241,0.231458485126495,0.0704231560230255,3.22833043407717,24372.6073566523,-41347.2912648041,24372.3461696667,-41349.7399656397,24372.0849826811,-41352.1886664752,0,0,1,0
20131214102313.daq,129,26,1136.18333333333,1,0,right,-0.370558472073355,353.848327636719,14,-0.000198467300526019,46.2563247680664,1060.5214173429,2.98825979232788,0.231539487838745,0.0704231560230255,3.18565797165613,24379.3526280342,-41348.0179776485,24379.0887348755,-41350.4663883216,24378.8248417168,-41352.9147989947,0,0,1,0
20131214102313.daq,129,26,1136.28333333333,1,0,right,-0.310284146493927,353.761138916016,14,-0.000198320026961159,46.251594543457,1067.30530432248,3.42770981788635,0.231186732649803,0.060931496322155,3.14175145229099,24386.0963650989,-41348.7462213312,24385.8287464266,-41351.1942275954,24385.5611277543,-41353.6422338596,0,0,1,0
20131214102313.daq,129,26,1136.38333333333,1,0,right,-0.248221695800908,353.658538818359,14,-0.000198158354870211,46.2459297180176,1074.08849618213,3.55954480171204,0.230737701058388,0.0514398328959942,3.1067403490245,24392.8364589206,-41349.4871744027,24392.5644570116,-41351.934697515,24392.2924551026,-41354.3822206272,0,0,1,0
20131214102313.daq,129,26,1136.48333333333,1,0,right,-0.16409992748379,353.548522949219,14,-0.000197977123745355,46.2424507141113,1080.87099460028,3.60348987579346,0.231606021523476,0.117881931364536,3.0758375045513,24399.5766706614,-41350.2364190207,24399.2999696718,-41352.6834153398,24399.0232686821,-41355.1304116589,0,0,1,0
20131214102313.daq,129,26,1136.58333333333,1,0,right,-0.0680295614292845,353.431518554688,14,-0.000197769752763745,46.2388114929199,1087.65292746706,3.60348987579346,0.231146112084389,0.108390033245087,3.05483116637345,24406.3150370343,-41350.9978347298,24406.0333395848,-41353.4442608926,24405.7516421352,-41355.8906870555,0,0,1,0
20131214102313.daq,129,26,1136.68333333333,1,0,right,0.0098434381189918,353.317687988281,14,-0.000197529335838928,46.2361679077148,1094.43448887898,3.51559996604919,0.230783462524414,0.0799150466918945,3.04429377989497,24413.0494271475,-41351.7707694691,24412.7628698977,-41354.2166311508,24412.476312648,-41356.6624928325,0,0,1,0
20131214102313.daq,129,26,1136.78333333333,1,0,right,0.0779437193161812,353.211181640625,14,-0.000197249672092726,46.2341117858887,1101.21562461212,3.38376474380493,0.23112653195858,0.0799150466918945,3.04163513590869,24419.7836774638,-41352.5588624052,24419.4925741327,-41355.0041871841,24419.2014708015,-41357.4495119629,0,0,1,0
20131214102313.daq,129,26,1136.88333333333,1,0,right,0.132463995567718,353.10693359375,14,-0.000196925106014186,46.2307472229004,1107.99641723787,3.38376474380493,0.230986997485161,0.0704231560230255,3.04476011663253,24426.5159235643,-41353.3585322778,24426.2203715184,-41355.8033233551,24425.9248194724,-41358.2481144324,0,0,1,0
20131214102313.daq,129,26,1136.98333333333,1,0,right,0.186794252882351,353.003204345703,14,-0.000196549635243402,46.2285308837891,1114.77679635375,3.47165489196777,0.231048569083214,0.0799150466918945,3.0591179560849,24433.2461955902,-41354.1737970005,24432.9462179399,-41356.6180489991,24432.6462402896,-41359.0623009977,0,0,1,0
20131214102313.daq,129,26,1137.08333333333,1,0,right,0.288774406441178,352.877685546875,14,-0.000196116120806255,46.2245407104492,1121.55666852488,4.70211458206177,0.231248393654823,0.0514398328959942,3.07857107684105,24439.9748672902,-41354.9982797748,24439.6695357013,-41357.4418687428,24439.3642041124,-41359.8854577107,0,0,1,0
20131214102313.daq,129,26,1137.18333333333,1,0,right,0.378647914886812,352.723175048828,14,-0.000195615933555993,46.2225532531738,1128.33610825668,5.80073976516724,0.231224000453949,0.060931496322155,3.11098269263021,24446.7000956092,-41355.8402593381,24446.3881754708,-41358.2830160289,24446.0762553324,-41360.7257727198,0,0,1,0
20131214102313.daq,129,26,1137.28333333333,1,0,right,0.471209821273362,352.556488037109,14,-0.000195040124130404,46.2213935852051,1135.11539063188,5.53706979751587,0.230477973818779,0.0514398328959942,3.14991457953006,24453.4254965319,-41356.6986556333,24453.1064711649,-41359.1404945384,24452.787445798,-41361.5823334436,0,0,1,0
20131214102313.daq,129,26,1137.38333333333,1,0,right,0.60592186764535,352.392211914063,14,-0.000194381721734521,46.2202606201172,1141.89447434145,4.79000473022461,0.231145545840263,0.0324562788009644,3.20331218210413,24460.1488740499,-41357.5764356076,24459.8228488629,-41360.0173497808,24459.4968236758,-41362.4582639539,0,0,1,0
20131214102313.daq,129,26,1137.48333333333,1,0,right,0.710937188626701,352.247741699219,14,-0.000193637801372807,46.2194023132324,1148.67338647401,4.35055494308472,0.230595365166664,-0.0150022618472576,3.26711237228109,24466.8699508984,-41358.4685698068,24466.5377720358,-41360.908654155,24466.2055931732,-41363.3487385033,0,0,1,0
20131214102313.daq,129,26,1137.58333333333,1,0,right,0.801026026965928,352.108306884766,14,-0.000192810524132092,46.2184867858887,1155.45218377121,4.35055494308472,0.230439007282257,0.0799150466918945,3.34466293345911,24473.5909243496,-41359.3799158917,24473.2528082955,-41361.8191846258,24472.9146922414,-41364.25845336,0,0,1,0
20131214102313.daq,129,26,1137.68333333333,1,0,right,0.875547327026254,351.974548339844,14,-0.000191907036376368,46.2170829772949,1162.23081406059,4.30660963058472,0.230935573577881,0.060931496322155,3.43143236789517,24480.3078804417,-41360.30652556,24479.9640707754,-41362.7449983068,24479.6202611091,-41365.1834710536,0,0,1,0
20131214102313.daq,129,26,1137.78333333333,1,0,right,0.931907007571056,351.849060058594,14,-0.000190938259539863,46.2151947021484,1169.00920092509,3.8232147693634,0.2311100512743,0.127373591065407,3.5296909333121,24487.0227344579,-41361.252136675,24486.6735849173,-41363.6898505675,24486.3244353766,-41366.12756446,0,0,1,0
20131214102313.daq,129,26,1137.88333333333,1,0,right,0.956311213357367,351.745635986328,14,-0.000189916908053516,46.2131614685059,1175.7872951762,2.76853489875793,0.230734422802925,0.060931496322155,3.63355698686365,24493.735276775,-41362.2119498579,24493.3817275112,-41364.6490295327,24493.0281782474,-41367.0861092075,0,0,1,0
20131214102313.daq,129,26,1137.98333333333,1,0,right,0.980286217233015,351.660369873047,14,-0.000188855752549268,46.2112770080566,1182.56509704707,2.2411949634552,0.230521634221077,0.060931496322155,3.73994427274994,24500.4436220064,-41363.1823097311,24500.0864463358,-41365.6188605645,24499.7292706651,-41368.0554113979,0,0,1,0
20131214102313.daq,129,26,1138.08333333333,1,0,right,0.985039800319726,351.592437744141,14,-0.000187766445816792,46.2096710205078,1189.34264467626,2.10935997962952,0.230697497725487,0.0799150466918945,3.84996931860405,24507.1497411136,-41364.1632683621,24506.7896768242,-41366.5993940015,24506.4296125349,-41369.0355196409,0,0,1,0
20131214102313.daq,129,26,1138.18333333333,1,0,right,0.975174724416433,351.533630371094,14,-0.000186658838746303,46.2082633972168,1196.11997345155,1.84568989276886,0.23092944920063,0.0988983735442162,3.95964283460154,24513.8537630597,-41365.1514499919,24513.4911985642,-41367.5872047846,24513.1286340688,-41370.0229595773,0,0,1,0
20131214102313.daq,129,26,1138.28333333333,1,0,right,0.951360563023229,351.483276367188,14,-0.000185540194529486,46.2069435119629,1202.89710412067,1.53807497024536,0.231029987335205,0.0419481731951237,4.07222624776765,24520.5556998424,-41366.1508039113,24520.1909948408,-41368.586239126,24519.8262898392,-41371.0216743408,0,0,1,0
20131214102313.daq,129,26,1138.38333333333,1,0,right,0.912344048292141,351.442626953125,14,-0.000184414934587547,46.2056274414063,1209.67404209205,1.2744048833847,0.230332791805267,0.0324562788009644,4.18312565208199,24527.2555339913,-41367.1573424966,24526.8891012228,-41369.5925183526,24526.5226684544,-41372.0276942086,0,0,1,0
20131214102313.daq,129,26,1138.48333333333,1,0,right,0.856932750324916,351.412872314453,14,-0.000183284859028153,46.2042350769043,1216.45078228365,0.791009962558746,0.230438947677612,0.117881931364536,4.28748148221917,24533.9552020183,-41368.1670820951,24533.5875046725,-41370.6020673282,24533.2198073267,-41373.0370525613,0,0,1,0
20131214102313.daq,129,26,1138.58333333333,1,0,right,0.783464046921438,351.397491455078,14,-0.000182149237559962,46.202693939209,1223.22730497344,0.483394980430603,0.23108696937561,0.0799150466918945,4.38474110538559,24540.6526994925,-41369.1797970982,24540.2843484964,-41371.6146835364,24539.9159975003,-41374.0495699747,0,0,1,0
20131214102313.daq,129,26,1138.68333333333,1,0,right,0.712131444708461,351.382171630859,14,-0.000181005126837806,46.2011070251465,1230.00360451985,0.527339994907379,0.231339350342751,0.0514398328959942,4.47576975451887,24547.3482426559,-41370.1964144597,24546.9792406297,-41372.6312023207,24546.6102386035,-41375.0659901817,0,0,1,0
20131214102313.daq,129,26,1138.78333333333,1,0,right,0.635060130087481,351.373962402344,14,-0.000179847502941891,46.1996231079102,1236.77967807885,0.57128494977951,0.231140986084938,0.0514398328959942,4.55980833728349,24554.0456317741,-41371.2164774985,24553.6762809,-41373.6512124647,24553.3069300259,-41376.0859474308,0,0,1,0
20131214102313.daq,129,26,1138.88333333333,1,0,right,0.563447296743107,351.361663818359,14,-0.000178669374906375,46.1980934143066,1243.55552634978,0.74706494808197,0.23085330426693,0.0514398328959942,4.63436842919657,24560.7411291419,-41372.2368054764,24560.3712556586,-41374.671461105,24560.0013821752,-41377.1061167335,0,0,1,0
20131214102313.daq,129,26,1138.98333333333,1,0,right,0.504156715566637,351.338409423828,14,-0.000177462095376295,46.1965827941895,1250.33115152401,1.40623998641968,0.230368137359619,0.0894067138433456,4.69976207844976,24567.4367907261,-41373.2578433029,24567.0659291299,-41375.6923486119,24566.6950675336,-41378.126853921,0,0,1,0
20131214102313.daq,129,26,1139.08333333333,1,0,right,0.467958464123342,351.293426513672,14,-0.000176215580096331,46.1950874328613,1257.1065566321,2.41697478294373,0.231122806668282,0.0894067138433456,4.76067591346042,24574.132776753,-41374.2841955006,24573.7600039414,-41376.718408896,24573.3872311298,-41379.1526222914,0,0,1,0
20131214102313.daq,129,26,1139.18333333333,1,0,right,0.453171517894191,351.228393554688,14,-0.000174919109340565,46.1936073303223,1263.88174307276,2.72458982467651,0.230576142668724,0.0894067138433456,4.81356701210131,24580.8271058172,-41375.3118477874,24580.4515703186,-41377.7456365031,24580.07603482,-41380.1794252188,0,0,1,0
20131214102313.daq,129,26,1139.28333333333,1,0,right,0.416049149667856,351.156860351563,14,-0.0001735624797725,46.1920967102051,1270.65670282664,2.50486493110657,0.230275318026543,0.108390033245087,4.86366042035601,24587.521526279,-41376.3477351229,24587.1429525132,-41378.7810530896,24586.7643787473,-41381.2143710564,0,0,1,0
20131214102313.daq,129,26,1139.38333333333,1,0,right,0.364986559285342,351.092163085938,14,-0.00017213753104624,46.1906929016113,1277.43145454343,2.02146983146667,0.23013199865818,0.0704231560230255,4.90761287018887,24594.2158403531,-41377.3909929381,24593.8345191745,-41379.8238818755,24593.4531979959,-41382.256770813,0,0,1,0
20131214102313.daq,129,26,1139.48333333333,1,0,right,0.289877479809718,351.048034667969,14,-0.000170639327458055,46.1891746520996,1284.20599449318,0.966789960861206,0.230300322175026,0.0988983735442162,4.9405633659099,24600.9078950622,-41378.4368238268,24600.5247002194,-41380.8694183545,24600.1415053766,-41383.3020128821,0,0,1,0
20131214102313.daq,129,26,1139.58333333333,1,0,right,0.190686629005199,351.022277832031,14,-0.000169066719891379,46.1875267028809,1290.98030206798,0.57128494977951,0.230814650654793,0.0324562788009644,4.96984314326931,24607.5977256603,-41379.493182128,24607.2134373039,-41381.9256041478,24606.8291489474,-41384.3580261676,0,0,1,0
20131214102313.daq,129,26,1139.68333333333,1,0,right,0.112304759920107,350.995635986328,14,-0.00016742155829027,46.1857986450195,1297.75435269691,1.53807497024536,0.230520829558372,0.0894067138433456,4.98550851892134,24614.2856153132,-41380.5495980166,24613.9001959515,-41382.981841084,24613.5147765897,-41385.4140841514,0,0,1,0
20131214102313.daq,129,26,1139.78333333333,1,0,right,0.0698662356541604,350.942443847656,14,-0.000165706910009515,46.1842155456543,1304.52816386404,3.07614994049072,0.230289220809937,0.0229646172374487,4.99893984231315,24620.9738908756,-41381.6155493953,24620.5862136394,-41384.0474335998,24620.1985364033,-41386.4793178043,0,0,1,0
20131214102313.daq,129,26,1139.88333333333,1,0,right,0.0650776778111322,350.850738525391,14,-0.000163925419963315,46.1825485229492,1311.30174181698,4.13082981109619,0.231211230158806,0.0704231560230255,5.00614018168814,24627.6627204503,-41382.6879076424,24627.2711513362,-41385.1191682316,24626.8795822222,-41387.5504288207,0,0,1,0
20131214102313.daq,129,26,1139.98333333333,1,0,right,0.0785563175673474,350.739898681641,14,-0.000162078327956283,46.1808319091797,1318.07507112314,4.04293966293335,0.230862364172935,0.060931496322155,5.00995385377829,24634.3498616006,-41383.7654168659,24633.9535898995,-41386.1959154078,24633.5573181983,-41388.6264139498,0,0,1,0
20131214102313.daq,129,26,1140.08333333333,1,0,right,0.0937269595436305,350.626495361328,14,-0.000160165694097295,46.1791915893555,1324.84815360088,3.64743494987488,0.230235531926155,0.0704231560230255,5.01376598152942,24641.0370252109,-41384.8548144613,24640.6359436974,-41387.2845239178,24640.2348621838,-41389.7142333742,0,0,1,0
20131214102313.daq,129,26,1140.18333333333,1,0,right,0.106984307146263,350.514129638672,14,-0.000158187469142342,46.1775932312012,1331.62100048662,3.64743494987488,0.23093681037426,0.0514398328959942,5.01935023113635,24647.7202533952,-41385.9597727994,24647.3144076268,-41388.3886910022,24646.9085618585,-41390.8176092049,0,0,1,0
20131214102313.daq,129,26,1140.28333333333,1,0,right,0.110981484699039,350.404418945313,14,-0.000156144090978505,46.1757392883301,1338.39360031082,3.64743494987488,0.230518877506256,-0.0814443528652191,5.02358017243767,24654.4014771231,-41387.072374091,24653.9909811778,-41389.5005107228,24653.5804852326,-41391.9286473545,0,0,1,0
20131214102313.daq,129,26,1140.38333333333,1,0,right,0.0854252034825436,350.300384521484,14,-0.000154036842647074,46.1741180419922,1345.16594356214,3.42770981788635,0.231054842472076,0.060931496322155,5.02621565067823,24661.0806556254,-41388.200234061,24660.6657514866,-41390.6276213353,24660.2508473479,-41393.0550086095,0,0,1,0
20131214102313.daq,129,26,1140.48333333333,1,0,right,0.0563374559266663,350.207672119141,14,-0.000151868269201665,46.1724395751953,1351.93803732743,2.59275484085083,0.231097519397736,0.0704231560230255,5.02651813307764,24667.7577134843,-41389.3390786172,24667.338882046,-41391.7657913422,24666.9200506077,-41394.1925040672,0,0,1,0
20131214102313.daq,129,26,1140.58333333333,1,0,right,0.00704713974590732,350.142944335938,14,-0.000149642588861401,46.170783996582,1358.70988911323,1.31834995746613,0.230651870369911,-0.0719524621963501,5.02337809215719,24674.4304739704,-41390.4878224082,24674.0089013113,-41392.9140604255,24673.5873286521,-41395.3402984428,0,0,1,0
20131214102313.daq,129,26,1140.68333333333,1,0,right,-0.060836050298974,350.104583740234,14,-0.000147365865755338,46.169189453125,1365.4815027427,0.834954977035522,0.230348765850067,0.0324562788009644,5.01747921769021,24681.1009183782,-41391.6465694207,24680.677721402,-41394.0725246435,24680.2545244257,-41396.4984798662,0,0,1,0
20131214102313.daq,129,26,1140.78333333333,1,0,right,-0.133311441798469,350.078582763672,14,-0.00014504558527605,46.167594909668,1372.25288269176,0.834954977035522,0.230823323130608,0.060931496322155,5.00676130000465,24687.7692403526,-41392.8123246052,24687.344942515,-41395.2380875302,24686.9206446774,-41397.6638504553,0,0,1,0
20131214102313.daq,129,26,1140.88333333333,1,0,right,-0.224506552992295,350.059448242188,14,-0.000142689143571101,46.1659049987793,1379.0240133413,0.834954977035522,0.231638491153717,-0.0339855849742889,4.98335013528163,24694.4374685552,-41393.9776328802,24694.0123606325,-41396.4032539713,24693.5872527098,-41398.8288750624,0,0,1,0
20131214102313.daq,129,26,1140.98333333333,1,0,right,-0.3096300409062,350.040344238281,14,-0.000140302644062871,46.1643981933594,1385.79491366739,0.834954977035522,0.230709239840508,0.0419481731951237,4.95522399162783,24701.1037428039,-41395.1507517548,24700.6778261354,-41397.5762309682,24700.251909467,-41400.0017101817,0,0,1,0
20131214102313.daq,129,26,1141.08333333333,1,0,right,-0.385977752161409,350.019989013672,14,-0.000137890286749352,46.163028717041,1392.56560502388,0.834954977035522,0.230599001049995,0.060931496322155,4.91566056324373,24707.7680804098,-41396.3239521919,24707.3413020787,-41398.7492799387,24706.9145237477,-41401.1746076856,0,0,1,0
20131214102313.daq,129,26,1141.18333333333,1,0,right,-0.456941029220616,350.001770019531,14,-0.000135454035225975,46.1616630554199,1399.33609827422,0.834954977035522,0.230521261692047,0.0799150466918945,4.8684896556137,24714.4343418697,-41397.5009198605,24714.006792351,-41399.9261117772,24713.5792428323,-41402.3513036938,0,0,1,0
20131214102313.daq,129,26,1141.28333333333,1,0,right,-0.516999662670628,349.980163574219,14,-0.000132993540084686,46.1602516174316,1406.10638749713,1.09862494468689,0.231024280190468,0.0229646172374487,4.81179451795534,24721.0986954236,-41398.6781082208,24720.6702313867,-41401.1031387345,24720.2417673498,-41403.5281692482,0,0,1,0
20131214102313.daq,129,26,1141.38333333333,1,0,right,-0.556329997663568,349.945343017578,14,-0.000130505896005923,46.1588516235352,1412.87647022153,1.88963496685028,0.230507269501686,0.060931496322155,4.75092337130314,24727.7612727391,-41399.8600636249,24727.3313350095,-41402.2848332989,24726.9013972798,-41404.7096029729,0,0,1,0
20131214102313.daq,129,26,1141.48333333333,1,0,right,-0.586509841770351,349.89306640625,14,-0.000127985386968813,46.1574096679688,1419.64634281074,2.59275484085083,0.230471968650818,0.060931496322155,4.68589823118628,24734.4260351768,-41401.0470627454,24733.9938852691,-41403.4714391355,24733.5617353613,-41405.8958155255,0,0,1,0
20131214102313.daq,129,26,1141.58333333333,1,0,right,-0.608085225049365,349.819091796875,14,-0.000125423752761501,46.1560440063477,1426.41601277125,2.90036988258362,0.231007173657417,0.0704231560230255,4.61536946988445,24741.0891296969,-41402.2393826416,24740.6538500366,-41404.6631990622,24740.2185703764,-41407.0870154828,0,0,1,0
20131214102313.daq,129,26,1141.68333333333,1,0,right,-0.618576411354638,349.741333007813,14,-0.000122811420046189,46.1547203063965,1433.18548583784,2.94431495666504,0.230617120862007,0.0514398328959942,4.53807147827036,24747.7522679027,-41403.4358567169,24747.3136991693,-41405.8590801671,24746.875130436,-41408.2823036173,0,0,1,0
20131214102313.daq,129,26,1141.78333333333,1,0,right,-0.615026370808494,349.656829833984,14,-0.000120138798396167,46.1533660888672,1439.95476177736,2.94431495666504,0.230615958571434,0.060931496322155,4.45925197577375,24754.4135344191,-41404.640584426,24753.9713922521,-41407.0631584141,24753.5292500851,-41409.4857324021,0,0,1,0
20131214102313.daq,129,26,1141.88333333333,1,0,right,-0.604487472627113,349.572631835938,14,-0.000117397315087428,46.1519432067871,1446.72383434219,2.94431495666504,0.230599269270897,0.0324562788009644,4.38317342688286,24761.0728357188,-41405.8570126127,24760.6271339798,-41408.278934243,24760.1814322407,-41410.7008558733,0,0,1,0
20131214102313.daq,129,26,1141.98333333333,1,0,right,-0.584764877466,349.486541748047,14,-0.000114580087183809,46.1505088806152,1453.49269621233,2.94431495666504,0.231029167771339,0.0419481731951237,4.30700006184451,24767.7302002276,-41407.081378348,24767.2808599214,-41409.502627553,24766.8315196152,-41411.923876758,0,0,1,0
20131214102313.daq,129,26,1142.08333333333,1,0,right,-0.559309064464969,349.402008056641,14,-0.000111682478467321,46.1490516662598,1460.2613458492,2.90036988258362,0.230673566460609,0.0704231560230255,4.23521379456894,24774.3855832507,-41408.3173629315,24773.932671145,-41410.7379465487,24773.4797590393,-41413.1585301659,0,0,1,0
20131214102313.daq,129,26,1142.18333333333,1,0,right,-0.545908315033842,349.322448730469,14,-0.00010870189937568,46.1476211547852,1467.02977882349,2.46091985702515,0.230970323085785,0.0704231560230255,4.16421473706552,24781.0369886749,-41409.5608368956,24780.5807158519,-41411.9807892783,24780.1244430288,-41414.4007416609,0,0,1,0
20131214102313.daq,129,26,1142.28333333333,1,0,right,-0.541736613771434,349.256774902344,14,-0.000105637542222221,46.1463203430176,1473.79801476398,1.97752487659454,0.231084629893303,0.00398129364475608,4.09627024688775,24787.6882115529,-41410.8151243831,24787.2291652213,-41413.2345521851,24786.7701188898,-41415.653979987,0,0,1,0
20131214102313.daq,129,26,1142.38333333333,1,0,right,-0.54062497400929,349.199676513672,14,-0.000102490193462887,46.1450614929199,1480.56606425432,1.84568989276886,0.230160132050514,0.0799150466918945,4.02891137429156,24794.3373686392,-41412.0766652999,24793.8759114434,-41414.4956344357,24793.4144542477,-41416.9146035715,0,0,1,0
20131214102313.daq,129,26,1142.48333333333,1,0,right,-0.540528860912559,349.149108886719,14,0.0001,46.1438255310059,1487.33393200363,1.7577999830246,0.230234369635582,0.0704231560230255,3.96291977839201,24800.9844871935,-41413.3455928676,24800.5208952643,-41415.7641537923,24800.0573033351,-41418.1827147171,0,0,1,0
20131214102313.daq,129,26,1142.58333333333,1,0,right,-0.538366178080821,349.101989746094,14,0.0001,46.1425857543945,1494.10161787202,1.71385490894318,0.230423763394356,0.060931496322155,3.8953194389305,24807.629606751,-41414.6182019676,24807.1640259926,-41417.0363808239,24806.6984452343,-41419.4545596802,0,0,1,0
20131214102313.daq,129,26,1142.68333333333,1,0,right,-0.531604161837947,349.055786132813,14,0.0001,46.1413803100586,1500.86912400415,1.66990995407104,0.230793818831444,0.0419481731951237,3.83457236886231,24814.2727592946,-41415.9024704837,24813.8052286559,-41418.320273107,24813.3376980172,-41420.7380757303,0,0,1,0
20131214102313.daq,129,26,1142.78333333333,1,0,right,-0.52161629420732,349.011871337891,14,0.0001,46.1401672363281,1507.6364524049,1.62596487998962,0.230866596102715,0.0704231560230255,3.76937368042344,24820.9158811264,-41417.186589898,24820.4464974816,-41419.6040334687,24819.9771138368,-41422.0214770394,0,0,1,0
20131214102313.daq,129,26,1142.88333333333,1,0,right,-0.507182052906046,348.969024658203,14,0.0001,46.1390228271484,1514.40360782995,1.58201992511749,0.230847105383873,0.0419481731951237,3.70850212895472,24827.5570344891,-41418.478452422,24827.0858431736,-41420.8955443043,24826.6146518581,-41423.3126361867,0,0,1,0
20131214102313.daq,129,26,1142.98333333333,1,0,right,-0.489400229935256,348.928344726563,14,0.0001,46.137939453125,1521.1705994176,1.45018494129181,0.230825558304787,0.0324562788009644,3.64872873767767,24834.1962060697,-41419.7740799643,24833.7232987409,-41422.1908366922,24833.2503914121,-41424.6075934201,0,0,1,0
20131214102313.daq,129,26,1143.08333333333,1,0,right,-0.469626313005506,348.891448974609,14,0.0001,46.1368942260742,1527.93743630624,1.31834995746613,0.230914413928986,0.0704231560230255,3.59388167107555,24840.8353295335,-41421.0772729834,24840.3608660267,-41423.4937246804,24839.8864025199,-41425.9101763775,0,0,1,0
20131214102313.daq,129,26,1143.18333333333,1,0,right,-0.448971291504165,348.858825683594,14,0.0001,46.1358795166016,1534.704121573,1.18651497364044,0.230628728866577,0.0799150466918945,3.53728842177123,24847.4724462853,-41422.3801869658,24846.9966069669,-41424.7963681193,24846.5207676486,-41427.2125492728,0,0,1,0
20131214102313.daq,129,26,1143.28333333333,1,0,right,-0.424724830651769,348.828125,14,0.0001,46.1349029541016,1541.47065997359,1.09862494468689,0.230656638741493,0.0514398328959942,3.48718810726988,24854.1095384723,-41423.6907879654,24853.6324045647,-41426.106713804,24853.1552706572,-41428.5226396426,0,0,1,0
20131214102313.daq,129,26,1143.38333333333,1,0,right,-0.399114727866447,348.801574707031,14,0.0001,46.1339569091797,1548.23705775563,1.01073491573334,0.230793133378029,0.0799150466918945,3.44062689679959,24860.7446261824,-41425.0050240183,24860.2663728102,-41427.4207284984,24859.788119438,-41429.8364329786,0,0,1,0
20131214102313.daq,129,26,1143.48333333333,1,0,right,-0.369546958124204,348.776580810547,14,0.0001,46.1330108642578,1555.00331743683,0.966789960861206,0.230820402503014,0.0419481731951237,3.39421275412998,24867.3796942766,-41426.3191584388,24866.9003871573,-41428.7346540626,24866.4210800381,-41431.1501496865,0,0,1,0
20131214102313.daq,129,26,1143.58333333333,1,0,right,-0.336601280205684,348.753723144531,14,0.0001,46.1320610046387,1561.76943757189,0.966789960861206,0.230857983231544,0.0229646172374487,3.35660602293929,24874.0127827695,-41427.6409657806,24873.5325120469,-41430.0562699967,24873.0522413243,-41432.4715742129,0,0,1,0
20131214102313.daq,129,26,1143.68333333333,1,0,right,-0.298171858201499,348.730895996094,14,0.0001,46.1311302185059,1568.53542011896,0.966789960861206,0.231020286679268,0.0324562788009644,3.32054652869394,24880.6458702987,-41428.9627712364,24880.1646373355,-41431.3778839167,24879.6834043724,-41433.792996597,0,0,1,0
20131214102313.daq,129,26,1143.78333333333,1,0,right,-0.269024284643081,348.710723876953,14,0.0001,46.1302070617676,1575.30126615042,0.703119993209839,0.231077179312706,0.0514398328959942,3.29006816408765,24887.2789253442,-41430.2883093874,24886.7968421224,-41432.7032524904,24886.3147589006,-41435.1181955934,0,0,1,0
20131214102313.daq,129,26,1143.88333333333,1,0,right,-0.267216535517548,348.699676513672,14,0.0001,46.129337310791,1582.06698088816,0.219724997878075,0.230474039912224,0.0799150466918945,3.25900911995593,24893.9099173536,-41431.6132507502,24893.4273685086,-41434.0281008565,24892.9448196637,-41436.4429509627,0,0,1,0
20131214102313.daq,129,26,1143.98333333333,1,0,right,-0.276007367122645,348.699584960938,14,0.0001,46.1285247802734,1588.83257277118,-0.0439449958503246,0.230303525924683,0.0799150466918945,3.23004446536866,24900.5407778272,-41432.9413817388,24900.0582251236,-41435.356231074,24899.57567242,-41437.7710804092,0,0,1,0
20131214102313.daq,129,26,1144.08333333333,1,0,right,-0.289476368957025,348.704528808594,14,0.0001,46.1276817321777,1595.59804361784,-0.0439449958503246,0.230873987078667,0.0799150466918945,3.1997584041026,24907.1715778642,-41434.2691833563,24906.6892335311,-41436.6840743203,24906.206889198,-41439.0989652842,0,0,1,0
20131214102313.daq,129,26,1144.18333333333,1,0,right,-0.305121097011124,348.712005615234,14,0.0001,46.1268196105957,1602.36338955829,-0.0439449958503246,0.230475023388863,0.060931496322155,3.16876639881626,24913.8003943216,-41435.5968193,24913.3183651236,-41438.0117731869,24912.8363359255,-41440.4267270737,0,0,1,0
20131214102313.daq,129,26,1144.28333333333,1,0,right,-0.319737208420122,348.718811035156,14,0.0001,46.1259498596191,1609.12860858771,-0.0439449958503246,0.23073647916317,0.0894067138433456,3.14029561982772,24920.4311719116,-41436.9284054191,24919.9494295579,-41439.3434165429,24919.4676872042,-41441.7584276667,0,0,1,0
20131214102313.daq,129,26,1144.38333333333,1,0,right,-0.33475903398778,348.726379394531,14,0.0001,46.1250915527344,1615.89370084601,-0.0439449958503246,0.230419501662254,0.0704231560230255,3.10751041409037,24927.0599871458,-41438.2560353971,24926.5785638018,-41440.6711101345,24926.0971404579,-41443.0861848719,0,0,1,0
20131214102313.daq,129,26,1144.48333333333,1,0,right,-0.348689689820674,348.733337402344,14,0.0001,46.1242561340332,1622.65866880419,-0.0439449958503246,0.23046638071537,0.127373591065407,3.069440419264,24933.6907627872,-41439.5797990568,24933.2096327338,-41441.9949322405,24932.7285026805,-41444.4100654242,0,0,1,0
20131214102313.daq,129,26,1144.58333333333,1,0,right,-0.363339119368334,348.741241455078,14,0.0001,46.1233978271484,1629.42351227583,-0.0439449958503246,0.23018841445446,0.0799150466918945,3.03464758111336,24940.3195738518,-41440.9074071025,24939.8387769748,-41443.322606636,24939.3579800979,-41445.7378061694,0,0,1,0
20131214102313.daq,129,26,1144.68333333333,1,0,right,-0.377234595328844,348.748748779297,14,0.0001,46.1225624084473,1636.18823126088,-0.0439449958503246,0.229822173714638,0.0894067138433456,2.99492564800585,24946.950342753,-41442.2311348579,24946.4698623378,-41444.6463973683,24945.9893819226,-41447.0616598786,0,0,1,0
20131214102313.daq,129,26,1144.78333333333,1,0,right,-0.391169575106119,348.756652832031,14,0.0001,46.1217269897461,1642.95282809058,-0.0439449958503246,0.230103895068169,0.0799150466918945,2.95446821844509,24953.5811068035,-41443.5548366792,24953.1009595826,-41445.9701654497,24952.6208123616,-41448.3854942202,0,0,1,0
20131214102313.daq,129,26,1144.88333333333,1,0,right,-0.40447266259082,348.764282226563,14,0.0001,46.1208839416504,1649.71730164594,-0.0439449958503246,0.230448544025421,0.0704231560230255,2.91374157400973,24960.2099209739,-41444.8785564758,24959.7300953776,-41447.2939491604,24959.2502697814,-41449.709341845,0,0,1,0
20131214102313.daq,129,26,1144.98333333333,1,0,right,-0.41714386389998,348.771636962891,14,0.0001,46.1200408935547,1656.48165146072,-0.0439449958503246,0.230411410331726,0.0514398328959942,2.86820263862309,24966.8406915212,-41446.1983879964,24966.3611759792,-41448.6138422535,24965.8816604373,-41451.0292965107,0,0,1,0
20131214102313.daq,129,26,1145.08333333333,1,0,right,-0.430464919119061,348.779998779297,14,0.0001,46.1192436218262,1663.24588089186,-0.0439449958503246,0.229850605130196,0.060931496322155,2.82585033318098,24973.4714498304,-41447.5220599205,24972.9922868079,-41449.937584133,24972.5131237854,-41452.3531083456,0,0,1,0
20131214102313.daq,129,26,1145.18333333333,1,0,right,-0.441902868632781,348.786834716797,14,0.0001,46.1184272766113,1670.00999269017,-0.0439449958503246,0.230262950062752,0.0894067138433456,2.77963365125458,24980.1002733979,-41448.8419253913,24979.6213985741,-41451.2575067554,24979.1425237503,-41453.6730881195,0,0,1,0
20131214102313.daq,129,26,1145.28333333333,1,0,right,-0.453197211772931,348.793884277344,14,0.0001,46.1175498962402,1676.77398000192,-0.0439449958503246,0.229842945933342,0.108390033245087,2.7287006261424,24986.7310474508,-41450.1578706528,24986.252469839,-41452.5735109185,24985.7738922273,-41454.9891511841,0,0,1,0
