daqname,subject,instance,time,road_type,oncoming,direction,heading_local,heading,width,curvature,speed,distance,steer,throttle,brake,lat_dist,front_left_x,front_left_y,front_center_x,front_center_y,front_right_x,front_right_y,pre_phase,ld_phase,post_phase,exceed
20130206102259.daq,7,6,927.533333333333,1,0,left,-0.8548583984375,270.854858398438,12,0.0001,67.2209396362305,0,-0.0878899917006493,0.284987717866898,0.0196402296423912,-3.2948003498375,22715.2835214089,-18419.3959720744,22712.8212045036,-18419.4327127996,22710.3588875982,-18419.4694535249,1,0,0,0
20130206102259.daq,7,6,927.633333333333,1,0,left,-0.888259887695313,270.888259887695,12,0.0001,67.2028656005859,9.85776877407625,-0.219724982976913,0.284663170576096,0.0196402296423912,-3.41643814017114,22715.4164320038,-18429.2505883641,22712.9541369354,-18429.28876453,22710.491841867,-18429.3269406958,1,0,0,0
20130206102259.daq,7,6,927.733333333333,1,0,left,-0.926361083984375,270.926361083984,12,0.0001,67.1847763061523,19.7128855645788,-0.351559966802597,0.285095870494843,0.0291318912059069,-3.55606208441221,22715.5554899803,-18439.1011769998,22713.0932208431,-18439.140990562,22710.630951706,-18439.1808041241,1,0,0,0
20130206102259.daq,7,6,927.833333333333,1,0,left,-0.967864990234375,270.967864990234,12,0.0001,67.1666641235352,29.5653472943231,-0.307614982128143,0.285471469163895,0.000656674790661782,-3.70090289995653,22715.7006155039,-18448.9477706426,22713.2383758529,-18448.9893678122,22710.7761362019,-18449.0309649818,1,0,0,0
20130206102259.daq,7,6,927.933333333333,1,0,left,-1.01028442382813,271.010284423828,12,0.0001,67.1485900878906,39.4151541497995,-0.307614982128143,0.285091161727905,-0.01832664757967,-3.85166246948571,22715.851655799,-18458.794338939,22713.3894476196,-18458.8377590378,22710.9272394403,-18458.8811791366,1,0,0,0
20130206102259.daq,7,6,928.033333333333,1,0,left,-1.05332946777344,271.053329467773,12,0.0001,67.1305999755859,49.2623169478247,-0.307614982128143,0.28487828373909,0.0196402296423912,-4.01094459270579,22716.0105461565,-18468.6369829705,22713.5483712926,-18468.6822528591,22711.0861964286,-18468.7275227477,1,0,0,0
20130206102259.daq,7,6,928.133333333333,1,0,left,-1.09553527832031,271.09553527832,12,0.0001,67.1126403808594,59.1068430550149,-0.263669967651367,0.284686982631683,0.0576071068644524,-4.17373932564318,22716.1732904785,-18478.475740389,22713.7111496298,-18478.5228239778,22711.249008781,-18478.5699075667,1,0,0,0
20130206102259.daq,7,6,928.233333333333,1,0,left,-1.13581848144531,271.135818481445,12,0.0001,67.0947189331055,68.9487381595172,-0.175779983401299,0.28528505563736,0.0196402296423912,-4.34571756834333,22716.3456817837,-18488.3125923903,22713.8835746468,-18488.361407036,22711.4214675098,-18488.4102216816,1,0,0,0
20130206102259.daq,7,6,928.333333333333,1,0,left,-1.171630859375,271.171630859375,12,0.0001,67.0768203735352,78.788006177776,0.17577999830246,0.285524487495422,-0.00883498694747686,-4.52372196802286,22716.5236577809,-18498.1476050806,22714.0615816362,-18498.1979586416,22711.5995054915,-18498.2483122027,1,0,0,0
20130206102259.daq,7,6,928.433333333333,1,0,left,-1.19647216796875,271.196472167969,12,0.0001,67.0590133666992,88.6246554088866,0.57128494977951,0.285468608140945,-0.0278183110058308,-4.70918448643492,22716.7087735808,-18507.9789940292,22714.2467194989,-18508.0304150497,22711.784665417,-18508.0818360701,1,0,0,0
20130206102259.daq,7,6,928.533333333333,1,0,left,-1.20932006835938,271.209320068359,12,0.0001,67.0413131713867,98.4587009590832,0.791009962558746,0.284838259220123,-0.00883498694747686,-4.89748603085269,22716.8970606742,-18517.8087396976,22714.4350181848,-18517.8607128033,22711.9729756954,-18517.912685909,1,0,0,0
20130206102259.daq,7,6,928.633333333333,1,0,left,-1.20445251464844,271.204452514648,12,0.0001,67.0237197875977,108.290158121104,1.7577999830246,0.284849137067795,-0.01832664757967,-5.09216086291984,22717.0920749849,-18527.6369906728,22714.630028089,-18527.6887546159,22712.1679811931,-18527.740518559,1,0,0,0
20130206102259.daq,7,6,928.733333333333,1,0,left,-1.17073059082031,271.17073059082,12,0.0001,67.0061798095703,118.119057014155,2.68064475059509,0.285912811756134,-0.0278183110058308,-5.28532302743875,22717.2853213654,-18537.4640345957,22714.8232444298,-18537.514349471,22712.3611674942,-18537.5646643463,1,0,0,0
20130206102259.daq,7,6,928.833333333333,1,0,left,-1.11105346679688,271.111053466797,12,0.0001,66.988655090332,127.945366213557,3.20798492431641,0.285901486873627,-0.0468018651008606,-5.4790393577541,22717.4789293568,-18547.2878404884,22715.0168013507,-18547.3355909304,22712.5546733445,-18547.3833413723,1,0,0,0
20130206102259.daq,7,6,928.933333333333,1,0,left,-1.02020263671875,271.020202636719,12,0.0001,66.9712448120117,137.769112295093,4.21871995925903,0.284916549921036,-0.0468018651008606,-5.66905520611294,22717.6686704999,-18557.1124436584,22715.2064698737,-18557.1562899783,22712.7442692475,-18557.2001362981,1,0,0,0
20130206102259.daq,7,6,929.033333333333,1,0,left,-0.899978637695313,270.899978637695,12,0.0001,66.9537887573242,147.590305609301,4.74605989456177,0.285711795091629,-0.01832664757967,-5.84724638590391,22717.8468390465,-18566.9338827492,22715.3845518378,-18566.9725625294,22712.9222646291,-18567.0112423095,0,1,0,1
20130206102259.daq,7,6,929.133333333333,1,0,left,-0.761703491210938,270.761703491211,12,0.0001,66.9361724853516,157.408925921329,4.57027959823608,0.28416720032692,0.0291318912059069,-6.01230888050659,22718.0121730485,-18576.7557650943,22715.5497996623,-18576.7885023906,22713.0874262762,-18576.8212396869,0,1,0,1
20130206102259.daq,7,6,929.233333333333,1,0,left,-0.621871948242188,270.621871948242,12,0.0001,66.9184722900391,167.224957378938,4.17477464675903,0.284789741039276,-0.00883498694747686,-6.16179781806731,22718.1617778215,-18586.5737599861,22715.6993318725,-18586.6004877173,22713.2368859235,-18586.6272154485,0,1,0,1
20130206102259.daq,7,6,929.333333333333,1,0,left,-0.4825439453125,270.482543945313,12,0.0001,66.9005661010742,177.038377416007,4.04293966293335,0.285493463277817,0.0101485680788755,-6.29188015053055,22718.2918737359,-18596.391721242,22715.8293700728,-18596.4124608905,22713.3668664098,-18596.433200539,0,1,0,1
20130206102259.daq,7,6,929.433333333333,1,0,left,-0.354080200195313,270.354080200195,12,0.0001,66.8825988769531,186.849163186707,3.69137978553772,0.284878253936768,-0.0278183110058308,-6.39926118501544,22718.3991933328,-18606.2054842102,22715.9366493587,-18606.220702594,22713.4741053846,-18606.2359209778,0,1,0,1
20130206102259.daq,7,6,929.533333333333,1,0,left,-0.240341186523438,270.240341186523,12,0.0001,66.8647918701172,196.657326160581,2.98825979232788,0.286056578159332,-0.00883498694747686,-6.4861045418061,22718.4859297568,-18616.0169106018,22716.0233604245,-18616.0272405129,22713.5607910922,-18616.0375704239,0,1,0,1
20130206102259.daq,7,6,929.633333333333,1,0,left,-0.147979736328125,270.147979736328,12,0.0001,66.8471527099609,206.462888810493,2.54880976676941,0.28567099571228,-0.01832664757967,-6.55280133775787,22718.5524958987,-18625.8258412185,22716.089913114,-18625.832201428,22713.6273303294,-18625.8385616375,0,1,0,1
20130206102259.daq,7,6,929.733333333333,1,0,left,-0.070098876953125,270.070098876953,12,0.0001,66.8297729492188,216.26588265437,2.41697478294373,0.285334527492523,-0.01832664757967,-6.59889060384183,22718.598468377,-18635.6304994143,22716.135879222,-18635.6335122858,22713.6732900671,-18635.6365251573,0,1,0,1
20130206102259.daq,7,6,929.833333333333,1,0,left,-0.0008697509765625,270.000869750977,12,0.0001,66.8124923706055,226.066338743934,2.41697478294373,0.284743964672089,-0.00883498694747686,-6.62789362756266,22718.6273947416,-18645.4310321552,22716.1648037439,-18645.4310695373,22713.7022127462,-18645.4311069195,0,1,0,1
20130206102259.daq,7,6,929.933333333333,1,0,left,0.06243896484375,269.937561035156,12,0.0001,66.7952423095703,235.864261088864,2.41697478294373,0.285824954509735,-0.01832664757967,-6.64279009967803,22718.6430131754,-18655.2314145943,22716.1804236397,-18655.2287309481,22713.717834104,-18655.2260473019,0,1,0,1
20130206102259.daq,7,6,930.033333333333,1,0,left,0.125411987304688,269.874588012695,12,0.0001,66.7780914306641,245.659658734236,2.50486493110657,0.28642001748085,-0.0278183110058308,-6.64340539608318,22718.6430256554,-18665.0278782517,22716.1804405566,-18665.0224880085,22713.7178554579,-18665.0170977653,0,1,1,1
20130206102259.daq,7,6,930.133333333333,1,0,left,0.187835693359375,269.812164306641,12,0.0001,66.7610931396484,255.452553220442,2.50486493110657,0.285668969154358,-0.0468018651008606,-6.63174004635393,22718.6313516808,-18674.8204179853,22716.1687739163,-18674.8123447614,22713.7061961517,-18674.8042715375,0,1,1,1
20130206102259.daq,7,6,930.233333333333,1,0,left,0.251998901367188,269.748001098633,12,0.0001,66.7442398071289,265.242965528349,2.50486493110657,0.285011947154999,0.0196402296423912,-6.60824702034875,22718.607849624,-18684.6129958044,22716.1452824445,-18684.6021648456,22713.682715265,-18684.5913338868,0,1,1,1
20130206102259.daq,7,6,930.333333333333,1,0,left,0.315704345703125,269.684295654297,12,0.0001,66.727424621582,275.030909085741,2.50486493110657,0.285347640514374,-0.0278183110058308,-6.57310753498462,22718.5726554181,-18694.4016518279,22716.1101018034,-18694.3880828224,22713.6475481886,-18694.374513817,0,1,1,1
20130206102259.daq,7,6,930.433333333333,1,0,left,0.378402709960938,269.621597290039,12,0.0001,66.7106170654297,284.816388182036,2.46091985702515,0.285511553287506,-0.01832664757967,-6.52824063199376,22718.527756262,-18704.1883259935,22716.0652189701,-18704.1720622418,22713.6026816783,-18704.1557984901,0,1,1,1
20130206102259.daq,7,6,930.533333333333,1,0,left,0.440383911132813,269.559616088867,12,0.0001,66.6938552856445,294.599404402456,2.50486493110657,0.28501883149147,-0.00883498694747686,-6.47157001599201,22718.4711811465,-18713.9730254938,22716.0086628892,-18713.9540978382,22713.546144632,-18713.9351701827,0,1,1,1
20130206102259.daq,7,6,930.633333333333,1,0,left,0.504257202148438,269.495742797852,12,0.0001,66.6771850585938,304.379968190813,2.50486493110657,0.28475633263588,0.0291318912059069,-6.40303558421593,22718.4027683441,-18723.7538600757,22715.9402727176,-18723.732187219,22713.4777770911,-18723.7105143624,0,1,1,1
20130206102259.daq,7,6,930.733333333333,1,0,left,0.567184448242188,269.432815551758,12,0.0001,66.6605682373047,314.158108733856,2.50486493110657,0.284935802221298,0.000656674790661782,-6.32675354350095,22718.3266000157,-18733.5327144396,22715.8641296773,-18733.5083370681,22713.401659339,-18733.4839596965,0,1,1,1
20130206102259.daq,7,6,930.833333333333,1,0,left,0.63043212890625,269.369567871094,12,0.0001,66.6440048217773,323.93379992203,2.50486493110657,0.285241156816483,-0.00883498694747686,-6.23679978884812,22718.2367382697,-18743.3096190508,22715.7742963414,-18743.2825234222,22713.3118544131,-18743.2554277937,0,1,1,1
20130206102259.daq,7,6,930.933333333333,1,0,left,0.694656372070313,269.30534362793,12,0.0001,66.6275024414063,333.707064228198,2.50486493110657,0.284999221563339,0.0101485680788755,-6.13705310914325,22718.1370485995,-18753.0826363546,22715.6746385903,-18753.0527805322,22713.2122285812,-18753.0229247097,0,1,1,1
20130206102259.daq,7,6,931.033333333333,1,0,left,0.759780883789063,269.240219116211,12,0.0001,66.6111145019531,343.477917224831,2.50486493110657,0.284796476364136,-0.0278183110058308,-6.0275537369851,22718.0275356706,-18762.8537174575,22715.5651611873,-18762.8210627882,22713.102786704,-18762.7884081189,0,1,1,1
20130206102259.daq,7,6,931.133333333333,1,0,left,0.823165893554688,269.176834106445,12,0.0001,66.5947570800781,353.246369821994,2.54880976676941,0.285500645637512,0.0386235527694225,-5.90653877980488,22717.9064103242,-18772.6227996229,22715.4440734728,-18772.5874209056,22712.9817366213,-18772.5520421884,0,1,1,1
20130206102259.daq,7,6,931.233333333333,1,0,left,0.888412475585938,269.111587524414,12,0.0001,66.578369140625,363.01242034122,2.54880976676941,0.285054475069046,0.0291318912059069,-5.77576845459658,22717.7754019656,-18782.3899682848,22715.3131069989,-18782.3517855615,22712.8508120322,-18782.3136028381,0,1,1,1
20130206102259.daq,7,6,931.333333333333,1,0,left,0.953155517578125,269.046844482422,12,0.0001,66.5620651245117,372.776073351648,2.54880976676941,0.285030096769333,0.000656674790661782,-5.6311633808789,22717.6307512934,-18792.1532142179,22715.1685010443,-18792.1122491773,22712.7062507953,-18792.0712841367,0,0,1,0
20130206102259.daq,7,6,931.433333333333,1,0,left,1.01856994628906,268.981430053711,12,0.0001,66.5458297729492,382.537341348601,2.54880976676941,0.285278767347336,-0.0468018651008606,-5.47836389338171,22717.4782446248,-18801.914518242,22715.0160427501,-18801.8707420846,22712.5538408755,-18801.8269659272,0,0,1,0
20130206102259.daq,7,6,931.533333333333,1,0,left,1.0833740234375,268.916625976563,12,0.0001,66.5296173095703,392.296229367486,2.46091985702515,0.284791529178619,-0.0468018651008606,-5.31210277609518,22717.3121023194,-18811.6738502051,22714.8499515325,-18811.6272892163,22712.3878007455,-18811.5807282276,0,0,1,0
20130206102259.daq,7,6,931.633333333333,1,0,left,1.14048767089844,268.859512329102,12,0.0001,66.513427734375,402.052741324726,2.15330481529236,0.2845738530159,0.0481154471635818,-5.13679655510373,22717.1366715622,-18821.4290918181,22714.6745684115,-18821.3800765288,22712.2124652608,-18821.3310612395,0,0,1,0
20130206102259.daq,7,6,931.733333333333,1,0,left,1.1947021484375,268.805297851563,12,0.0001,66.4972991943359,411.806899693176,2.0654149055481,0.285649836063385,-0.01832664757967,-4.95223605234343,22716.9516544454,-18831.1823092415,22714.4895987762,-18831.1309642804,22712.0275431069,-18831.0796193194,0,0,1,0
20130206102259.daq,7,6,931.833333333333,1,0,left,1.23541259765625,268.764587402344,12,0.0001,66.4812393188477,421.55867976202,1.58201992511749,0.285782873630524,-0.0373102016746998,-4.75595358966924,22716.7557588274,-18840.9313033961,22714.2937402619,-18840.8782090804,22711.8317216963,-18840.8251147646,0,0,1,0
20130206102259.daq,7,6,931.933333333333,1,0,left,1.26255798339844,268.737442016602,12,0.0001,66.4652786254883,431.308113235689,1.05467998981476,0.285126864910126,-0.01832664757967,-4.55289570044482,22716.5528954331,-18850.6799809077,22714.0909022987,-18850.6257201518,22711.6289091643,-18850.5714593958,0,0,1,0
20130206102259.daq,7,6,932.033333333333,1,0,left,1.26268005371094,268.737319946289,12,0.0001,66.4493789672852,441.055208972786,0.0878899991512299,0.284573763608932,0.0386235527694225,-4.34226951199532,22716.3419503258,-18860.4221712418,22713.879957307,-18860.3679052405,22711.4179642882,-18860.3136392393,0,0,1,0
20130206102259.daq,7,6,932.133333333333,1,0,left,1.23582458496094,268.764175415039,12,0.0001,66.4335632324219,450.799979188858,-0.659174978733063,0.284643292427063,0.0291318912059069,-4.12919953042123,22716.1287800323,-18870.1637348483,22713.6667618486,-18870.1106228293,22711.2047436649,-18870.0575108104,0,0,1,0
20130206102259.daq,7,6,932.233333333333,1,0,left,1.17158508300781,268.828414916992,12,0.0001,66.417854309082,460.542437591415,-2.15330481529236,0.284575641155243,0.0386235527694225,-3.91598497517938,22715.9159849536,-18879.8985674101,22713.4539087686,-18879.8482158161,22710.9918325837,-18879.7978642221,0,0,1,0
20130206102259.daq,7,6,932.333333333333,1,0,left,1.071533203125,268.928466796875,12,0.0001,66.4021453857422,470.282594251272,-2.68064475059509,0.284707754850388,0.0291318912059069,-3.7078380769445,22715.7073705835,-18889.6325572886,22713.2452102268,-18889.5865051321,22710.78304987,-18889.5404529757,0,0,1,0
20130206102259.daq,7,6,932.433333333333,1,0,left,0.950607299804688,269.049392700195,12,0.0001,66.3863525390625,480.02044012332,-2.54880976676941,0.28430637717247,0.0101485680788755,-3.50807629208472,22715.5078628972,-18899.3601854456,22713.0456108287,-18899.3193299131,22710.5833587602,-18899.2784743806,0,0,1,0
20130206102259.daq,7,6,932.533333333333,1,0,left,0.8211669921875,269.178833007813,12,0.0001,66.3704071044922,489.755960940594,-2.54880976676941,0.286164224147797,0.0481154471635818,-3.32070822760688,22715.320597033,-18909.0875960082,22712.8582589488,-18909.0523031955,22710.3959208646,-18909.0170103828,0,0,1,0
20130206102259.daq,7,6,932.633333333333,1,0,left,0.686920166015625,269.313079833984,12,0.0001,66.3543014526367,499.489129008303,-2.41697478294373,0.284426331520081,0.0481154471635818,-3.14998369679413,22715.1492476445,-18918.8129206906,22712.6868336265,-18918.7833973486,22710.2244196086,-18918.7538740067,0,0,1,0
20130206102259.daq,7,9,1321.71666666667,1,0,right,-0.00537299630389043,271.009048461914,12,0.00024037445557906,53.5189323425293,0,-1.75779986381531,0.236269131302834,0.0101485680788755,2.67372277460056,26066.9160330985,-45203.9799175406,26064.4538239831,-45204.0232845256,26061.9916148677,-45204.0666515106,1,0,0,0
20130206102259.daq,7,9,1321.81666666667,1,0,right,-0.023158040223791,271.135437011719,12,0.000246460685146092,53.5024070739746,7.84824258698791,-2.10935974121094,0.237438678741455,-0.0278183110058308,2.68140543488532,26067.0507365274,-45211.8204147339,26064.5886290655,-45211.8692129871,26062.1265216036,-45211.9180112402,1,0,0,0
20130206102259.daq,7,9,1321.91666666667,1,0,right,-0.0253301559650936,271.272125244141,12,0.000252556687068529,53.4864311218262,15.6941027714201,-2.19724988937378,0.23786173760891,-0.00883498694747686,2.69196079644001,26067.201688447,-45219.6567213653,26064.7397044074,-45219.7113932246,26062.2777203678,-45219.7660650838,1,0,0,0
20130206102259.daq,7,9,1322.01666666667,1,0,right,-0.034955582907628,271.415725708008,12,0.000258656188592373,53.4708099365234,23.5376489509945,-2.28513979911804,0.237194910645485,-0.0373102016746998,2.70282881535712,26067.3706328329,-45227.4889213703,26064.9087935499,-45227.5497635242,26062.4469542668,-45227.6106056781,1,0,0,0
20130206102259.daq,7,9,1322.11666666667,1,0,right,-0.0486029117008684,271.56282043457,12,0.000264753036500288,53.4553604125977,31.3789173060795,-2.37302994728088,0.237001165747643,-0.0468018651008606,2.71420079561018,26067.5573594466,-45235.3210076062,26065.0956844756,-45235.3881698013,26062.6340095045,-45235.4553319965,1,0,0,0
20130206102259.daq,7,9,1322.21666666667,1,0,right,-0.0553293169576818,271.715637207031,12,0.000270841716917079,53.4399681091309,39.2179286310566,-2.41697478294373,0.236531600356102,-0.0562935285270214,2.72400788389565,26067.7639566082,-45243.1490133399,26065.3024695248,-45243.2227409592,26062.8409824414,-45243.2964685784,1,0,0,0
20130206102259.daq,7,9,1322.31666666667,1,0,right,0.0133101855871587,271.870178222656,12,0.000276917423877601,53.4239768981934,47.0546301473514,-2.54880976676941,0.236145451664925,-0.00883498694747686,2.73748645445743,26067.9823668551,-45250.6488233567,26065.5210875871,-45250.7291899446,26063.0598083191,-45250.8095565326,1,0,0,0
20130206102259.daq,7,9,1322.41666666667,1,0,right,0.0689007621633664,272.028778076172,12,0.000282975852523366,53.4079513549805,54.8889855813613,-2.63669991493225,0.236623391509056,0.0386235527694225,2.76357778662779,26068.2400756375,-45258.7969368722,26065.7790282607,-45258.8841161852,26063.3179808839,-45258.9712954982,1,0,0,0
20130206102259.daq,7,9,1322.51666666667,1,0,right,0.07971545102356,272.196929931641,12,0.000289012315838506,53.3920860290527,62.721003931525,-2.94431495666504,0.236881077289581,-0.0278183110058308,2.79076255951852,26068.5120253724,-45266.6166414219,26066.051244448,-45266.7110430396,26063.5904635236,-45266.8054446573,1,0,0,0
20130206102259.daq,7,9,1322.61666666667,1,0,right,0.0587059166156223,272.369079589844,12,0.000295020763944747,53.3764266967773,70.5507097221707,-2.94431495666504,0.236562073230743,-0.0468018651008606,2.8187400455152,26068.8056889526,-45274.432301312,26066.3452027722,-45274.5340961016,26063.8847165917,-45274.6358908911,1,0,0,0
20130206102259.daq,7,9,1322.71666666667,1,0,right,0.00618015745794764,272.544937133789,12,0.000300992782212341,53.3609313964844,78.3781309744663,-2.94431495666504,0.236834108829498,-0.0278183110058308,2.84173342378216,26069.1230008544,-45282.2439223109,26066.662838701,-45282.3532685625,26064.2026765477,-45282.4626148141,1,0,0,0
20130206102259.daq,7,9,1322.81666666667,1,0,right,0.0929094786846463,272.720703125,12,0.000306923713364422,53.3460464477539,86.2033145456808,-3.16403985023499,0.236829474568367,0.000656674790661782,2.86260169752482,26069.4637299745,-45290.0516068459,26067.0039148376,-45290.1684995989,26064.5440997007,-45290.2853923519,1,0,0,0
20130206102259.daq,7,9,1322.91666666667,1,0,right,0.20277808892871,272.909515380859,12,0.000312815652001872,53.3312072753906,94.0263309315924,-3.73532485961914,0.236848220229149,-0.00883498694747686,2.90509938259625,26069.8267175255,-45297.8588975767,26067.3673009521,-45297.9838957441,26064.9078843787,-45298.1088939116,1,0,0,0
20130206102259.daq,7,9,1323.01666666667,1,0,right,0.205671023203763,273.106948852539,12,0.000318669110977216,53.3158721923828,101.847139289399,-4.08688449859619,0.236209571361542,-0.00883498694747686,2.95783850448472,26070.2136458186,-45305.6620039642,26067.7546745726,-45305.7954761882,26065.2957033265,-45305.9289484121,1,0,0,0
20130206102259.daq,7,9,1323.11666666667,1,0,right,0.160361946146622,273.311782836914,12,0.000324481119561327,53.2998085021973,109.665659099162,-4.04293966293335,0.235357582569122,0.0101485680788755,3.00713964802842,26070.624438665,-45313.457048758,26068.1659602986,-45313.599311,26065.7074819323,-45313.7415732419,1,0,0,0
20130206102259.daq,7,9,1323.21666666667,1,0,right,0.195121128677897,273.520919799805,12,0.000330245100405877,53.2831268310547,117.481764242446,-4.04293966293335,0.238846138119698,-0.00883498694747686,3.06083334111558,26071.0608604458,-45321.2519275113,26068.6029177314,-45321.4031625478,26066.144975017,-45321.5543975843,1,0,0,0
20130206102259.daq,7,9,1323.31666666667,1,0,right,0.185384752598509,273.730819702148,12,0.000335954868778391,53.2666816711426,125.295427677236,-4.04293966293335,0.237218543887138,-0.01832664757967,3.11284499633147,26071.5070720462,-45328.7147073015,26069.0496998655,-45328.8749458395,26066.5923276848,-45329.0351843774,1,0,0,0
20130206102259.daq,7,9,1323.41666666667,1,0,right,0.157128260230195,273.942657470703,12,0.000341605423963028,53.2509956359863,133.106733653447,-4.04293966293335,0.2360949665308,0.0101485680788755,3.16905348795859,26072.0197841272,-45336.8258226468,26069.5630211856,-45336.9951456288,26067.106258244,-45337.1644686108,1,0,0,0
20130206102259.daq,7,9,1323.51666666667,1,0,right,0.197022904287223,274.155075073242,12,0.000347192122379322,53.2351760864258,140.915726091029,-4.13082981109619,0.236043587327003,0.0291318912059069,3.22211033389451,26072.5422739982,-45344.6048429704,26070.0861556847,-45344.7832729378,26067.6300373711,-45344.9617029051,1,0,0,0
20130206102259.daq,7,9,1323.61666666667,1,0,right,0.194209839753455,274.373947143555,12,0.000352709117289647,53.2195892333984,148.722423080151,-4.39449977874756,0.236195027828217,0.0101485680788755,3.27708703441959,26073.0944234911,-45352.3836275488,26070.6390047059,-45352.5714386574,26068.1835859206,-45352.759249766,1,0,0,0
20130206102259.daq,7,9,1323.71666666667,1,0,right,0.158900955116962,274.596420288086,12,0.000358147197729316,53.2040786743164,156.526842198175,-4.52633476257324,0.236477255821228,0.0101485680788755,3.33144855076898,26073.6741070097,-45360.1544436098,26071.2194359823,-45360.351787397,26068.7647649548,-45360.5491311841,1,0,0,0
20130206102259.daq,7,9,1323.81666666667,1,0,right,0.150871103438988,274.822799682617,12,0.000363499436882751,53.188102722168,164.328958174796,-4.4823899269104,0.236592069268227,-0.0278183110058308,3.38074773798262,26074.285247533,-45367.9211859371,26071.8313753816,-45368.1282267253,26069.3775032302,-45368.3352675136,1,0,0,0
20130206102259.daq,7,9,1323.91666666667,1,0,right,0.147580151751981,275.051116943359,12,0.000368769663675603,53.1721458435059,172.128727323114,-4.4823899269104,0.236387595534325,0.000656674790661782,3.43324737267781,26074.9238203343,-45375.683910792,26072.4707926979,-45375.9007283161,26070.0177650616,-45376.1175458402,1,0,0,0
20130206102259.daq,7,9,1324.01666666667,1,0,right,0.119029528805129,275.278274536133,12,0.000373961723633135,53.1563453674316,179.926166800855,-4.4823899269104,0.237365916371346,-0.01832664757967,3.48325358305101,26075.5935471737,-45383.4388040968,26073.1413984191,-45383.6653452823,26070.6892496645,-45383.8918864678,1,0,0,0
20130206102259.daq,7,9,1324.11666666667,1,0,right,0.101588031508015,275.507446289063,12,0.000379074604656283,53.1403884887695,187.721289010035,-4.4823899269104,0.237120553851128,-0.00883498694747686,3.52813088177495,26076.2946159801,-45391.1935827929,26073.8433929581,-45391.4299302487,26071.3921699361,-45391.6662777045,1,0,0,0
20130206102259.daq,7,9,1324.21666666667,1,0,right,0.104431038579037,275.735076904297,12,0.000384102509917199,53.124454498291,195.514061173861,-4.4823899269104,0.237079724669456,0.0101485680788755,3.57496117450592,26077.0248628275,-45398.9405419881,26074.5745981337,-45399.1866260261,26072.1243334399,-45399.4327100641,1,0,0,0
20130206102259.daq,7,9,1324.31666666667,1,0,right,0.0849842707866628,275.963226318359,12,0.000389041115099223,53.108959197998,203.304526233202,-4.4823899269104,0.236159220337868,0.000656674790661782,3.61955349010814,26077.7863625281,-45406.6796192871,26075.3370971538,-45406.9354582006,26072.8878317795,-45407.1912971141,1,0,0,0
20130206102259.daq,7,9,1324.41666666667,1,0,right,0.0432917302637179,276.192367553711,12,0.000393887387307692,53.0936241149902,211.092736920036,-4.52633476257324,0.236999988555908,-0.01832664757967,3.65923209435939,26078.5791424821,-45414.4186122218,26076.1309198607,-45414.6842443343,26073.6826972392,-45414.9498764469,1,0,0,0
20130206102259.daq,7,9,1324.51666666667,1,0,right,0.0462227793257171,276.423797607422,12,0.000398639230806811,53.077995300293,218.878665399679,-4.65816974639893,0.236716970801353,-0.0278183110058308,3.69643826147533,26079.4032781793,-45422.1496670538,26076.9561484722,-45422.4251858735,26074.5090187651,-45422.7007046933,1,0,0,0
20130206102259.daq,7,9,1324.61666666667,1,0,right,0.0167559111545188,276.664321899414,12,0.000403295097599693,53.0625839233398,226.662317826573,-5.05367469787598,0.23650749027729,0.0196402296423912,3.73238337748105,26080.257213683,-45429.872567316,26077.8112621467,-45430.1583565836,26075.3653106104,-45430.4441458512,1,0,0,0
20130206102259.daq,7,9,1324.71666666667,1,0,right,-0.0389495225030601,276.911895751953,12,0.000407853725630545,53.0473785400391,234.443730893923,-5.2294545173645,0.238006457686424,0.0291318912059069,3.76456171576976,26081.1427788893,-45437.591277791,26078.6980850725,-45437.8876332627,26076.2533912557,-45438.1839887343,1,0,0,0
20130206102259.daq,7,9,1324.81666666667,1,0,right,-0.0676538857778155,277.166244506836,12,0.00041231135959538,53.0318183898926,242.222889075885,-5.2294545173645,0.236682772636414,-0.00883498694747686,3.79026023886546,26082.0619077576,-45445.3058021009,26079.6185536129,-45445.6130071584,26077.1751994683,-45445.9202122159,1,0,0,0
20130206102259.daq,7,9,1324.91666666667,1,0,right,-0.105366600443062,277.420806884766,12,0.00041666427133883,53.0165519714355,249.999784073312,-5.14156484603882,0.237194612622261,-0.00883498694747686,3.8138560243012,26083.0122627917,-45453.008534986,26080.5702976554,-45453.32659268,26078.1283325192,-45453.6446503739,1,0,0,0
20130206102259.daq,7,9,1325.01666666667,1,0,right,-0.156598283266703,277.671371459961,12,0.0004209118135286,53.0016174316406,257.774464002418,-4.92183971405029,0.237419530749321,0.000656674790661782,3.83166481414445,26083.9975057799,-45460.7113325495,26081.5569549126,-45461.0400663134,26079.1164040452,-45461.3688000774,1,0,0,0
20130206102259.daq,7,9,1325.11666666667,1,0,right,-0.187104923255333,277.914657592773,12,0.000425052303972421,52.9866409301758,265.54696252587,-4.52633476257324,0.237724021077156,-0.113243959844112,3.84213988285929,26085.0154953449,-45468.4025870449,26082.5763623255,-45468.7416807447,26080.1372293062,-45469.0807744446,1,0,0,0
20130206102259.daq,7,9,1325.21666666667,1,0,right,-0.199632209930144,278.148773193359,12,0.00042907962557542,52.9718627929688,273.317270178886,-4.39449977874756,0.23749266564846,-0.00883498694747686,3.8516486648153,26086.0641720013,-45476.0901791035,26083.6264449068,-45476.4392364571,26081.1887178123,-45476.7882938107,1,0,0,0
20130206102259.daq,7,9,1325.31666666667,1,0,right,-0.223371905164925,278.377853393555,12,0.00043299037048514,52.9575691223145,281.085442957177,-4.39449977874756,0.237867698073387,-0.00883498694747686,3.85491550052686,26087.1476834649,-45483.7700713003,26084.7113714534,-45484.1288723676,26082.2750594418,-45484.487673435,1,0,0,0
20130206102259.daq,7,9,1325.41666666667,1,0,right,-0.251578332155361,278.603637695313,12,0.000436783729997613,52.9434700012207,288.851541378928,-4.39449977874756,0.239370867609978,-0.01832664757967,3.85608367955873,26088.2602720365,-45491.446115125,26085.825392858,-45491.8145141063,26083.3905136795,-45492.1829130876,1,0,0,0
20130206102259.daq,7,9,1325.51666666667,1,0,right,-0.245574939875269,278.826507568359,12,0.000440460298701113,52.9294013977051,296.615557937606,-4.39449977874756,0.243657365441322,-0.00883498694747686,3.85221860730675,26089.4058669213,-45499.1143938006,26086.9724391629,-45499.4922611959,26084.5390114046,-45499.8701285911,1,0,0,0
20130206102259.daq,7,9,1325.61666666667,1,0,right,-0.255276276298275,279.046936035156,12,0.000444020714589943,52.9162216186523,304.377568117794,-4.35055494308472,0.246651589870453,-0.00883498694747686,3.84840494307151,26090.5805898574,-45506.774893311,26088.1486338364,-45507.1621197761,26085.7166778154,-45507.5493462412,1,0,0,0
20130206102259.daq,7,9,1325.71666666667,1,0,right,-0.275785960742496,279.264007568359,12,0.000447463591184205,52.9047584533691,312.13776834718,-4.26266479492188,0.246906280517578,-0.00883498694747686,3.84137258996273,26091.7843894022,-45514.4276467009,26089.3539178826,-45514.824084105,26086.9234463629,-45515.2205215092,1,0,0,0
20130206102259.daq,7,9,1325.81666666667,1,0,right,-0.265900117820252,279.477920532227,12,0.000450787177004029,52.8946914672852,319.896392399402,-4.26266479492188,0.246923789381981,0.0101485680788755,3.83450088713244,26093.0172779659,-45522.0804619265,26090.5883034752,-45522.4859706769,26088.1593289844,-45522.8914794273,1,0,0,0
20130206102259.daq,7,9,1325.91666666667,1,0,right,-0.262509978386504,279.689651489258,12,0.00045399821895336,52.8861427307129,327.653654465961,-4.21871948242188,0.247694373130798,-0.0278183110058308,3.82917156693367,26094.2773589101,-45529.7215885335,26091.8498995189,-45530.1360705326,26089.4224401277,-45530.5505525318,1,0,0,0
20130206102259.daq,7,9,1326.01666666667,1,0,right,-0.267864394912692,279.897445678711,12,0.000457103951469104,52.878833770752,335.40975712896,-4.21871948242188,0.247257217764854,-0.0278183110058308,3.82055717531176,26095.568439755,-45537.3589016337,26093.1424995234,-45537.7821845372,26090.7165592919,-45538.2054674406,1,0,0,0
20130206102259.daq,7,9,1326.11666666667,1,0,right,-0.266203752150773,280.10270690918,12,0.000460108257089836,52.8720817565918,343.164843105013,-4.17477464675903,0.247936174273491,-0.00883498694747686,3.81284708263537,26096.8847418045,-45544.9923545591,26094.4603335416,-45545.4243256205,26092.0359252786,-45545.8562966819,1,0,0,0
20130206102259.daq,7,9,1326.21666666667,1,0,right,-0.248865785529517,280.301635742188,12,0.00046301231269592,52.8659210205078,350.918976688845,-3.99899482727051,0.24797622859478,-0.00883498694747686,3.80418092465154,26098.2299578285,-45552.6181765859,26095.8070639627,-45553.0585624829,26093.3841700968,-45553.4989483798,1,0,0,0
20130206102259.daq,7,9,1326.31666666667,1,0,right,-0.232716444100731,280.492279052734,12,0.000465818012068072,52.860466003418,358.672256537277,-3.69137978553772,0.247921362519264,0.000656674790661782,3.79784024342194,26099.6020269596,-45560.2364407158,26097.1806118228,-45560.6848859844,26094.7591966861,-45561.133331253,1,0,0,0
20130206102259.daq,7,9,1326.41666666667,1,0,right,-0.208976373643168,280.674194335938,12,0.000468527292664614,52.8553161621094,366.424770536847,-3.55954480171204,0.247840389609337,-0.0468018651008606,3.79270167772698,26101.0009271455,-45567.8549799387,26098.5809480341,-45568.3111109771,26096.1609689228,-45568.7672420155,1,0,0,0
20130206102259.daq,7,9,1326.51666666667,1,0,right,-0.161125561174231,280.850799560547,12,0.000471141744766754,52.8501892089844,374.176520272827,-3.60348987579346,0.247629106044769,-0.0373102016746998,3.79103023405145,26102.4229465977,-45575.4658642135,26100.0043849322,-45575.9294522781,26097.5858232667,-45576.3930403427,1,0,0,0
20130206102259.daq,7,9,1326.61666666667,1,0,right,-0.124334776844194,281.024337768555,12,0.00047366218069667,52.8453483581543,381.927538521981,-3.64743494987488,0.24787563085556,-0.0373102016746998,3.79556996102789,26103.8701656006,-45583.0690157271,26101.4530191481,-45583.5399270253,26099.0358726957,-45584.0108383236,1,0,0,0
20130206102259.daq,7,9,1326.71666666667,1,0,right,-0.104189006760691,281.200439453125,12,0.00047608846652777,52.8407669067383,389.677868411687,-3.95504975318909,0.247522667050362,0.114557310938835,3.80163695944121,26105.3409463555,-45590.6681389954,26102.9252586892,-45591.1464772883,26100.5095710229,-45591.6248155812,1,0,0,0
20130206102259.daq,7,9,1326.81666666667,1,0,right,-0.0634653636193434,281.38166809082,12,0.000478420630212931,52.8358268737793,397.427500150879,-4.17477464675903,0.247951805591583,-0.0562935285270214,3.81178667717956,26106.8354307702,-45598.2631397181,26104.4212681871,-45598.7491165135,26102.007105604,-45599.2350933089,1,0,0,0
20130206102259.daq,7,9,1326.91666666667,1,0,right,-0.0361083360211296,281.567031860352,12,0.000480665216771085,52.8310279846191,405.176416814968,-4.17477464675903,0.247793436050415,0.000656674790661782,3.8272975247296,26108.3535618297,-45605.8540514246,26105.9409841139,-45606.3478359815,26103.5284063981,-45606.8416205384,1,0,0,0
20130206102259.daq,7,9,1327.01666666667,1,0,right,-0.0171735281156771,281.750869750977,12,0.000482836602838496,52.8264617919922,412.92464824341,-4.21871948242188,0.247914090752602,-0.0657851845026016,3.84657351769008,26109.8950238444,-45613.4371732141,26107.4840428901,-45613.9386961561,26105.0730619358,-45614.440219098,1,0,0,0
20130206102259.daq,7,9,1327.11666666667,1,0,right,0.00862901456162035,281.937301635742,12,0.000484943445483418,52.8216438293457,420.672201942711,-4.26266479492188,0.253043323755264,-0.00883498694747686,3.86953417696346,26111.4600453723,-45621.0162604781,26109.0507090588,-45621.5256257222,26106.6413727453,-45622.0349909663,1,0,0,0
20130206102259.daq,7,9,1327.21666666667,1,0,right,0.0364233908990172,282.126235961914,12,0.000486968483451917,52.817008972168,428.419048632917,-4.4384446144104,0.272263288497925,-0.0278183110058308,3.89552784868776,26113.0505734402,-45628.5874090246,26110.642929868,-45629.1047163342,26108.2352862958,-45629.6220236439,1,0,0,0
20130206102259.daq,7,9,1327.31666666667,1,0,right,0.0518891652584443,282.317245483398,12,0.000488899862978148,52.8148765563965,436.165354855577,-4.4823899269104,0.278196632862091,0.000656674790661782,3.92630659903753,26114.6646303435,-45636.1545397041,26112.2587247178,-45636.679870594,26109.8528190922,-45637.205201484,1,0,0,0
20130206102259.daq,7,9,1327.41666666667,1,0,right,0.0656641031174559,282.507675170898,12,0.000490734110687464,52.8179130554199,443.911715395428,-4.4823899269104,0.278018802404404,-0.0278183110058308,3.9580504031998,26116.3040222918,-45643.7138444574,26113.8998759543,-45644.2471687593,26111.4957296167,-45644.7804930612,1,0,0,0
20130206102259.daq,7,9,1327.51666666667,1,0,right,0.0934317453515519,282.699447631836,12,0.000492472507221581,52.8256607055664,451.658877917842,-4.4823899269104,0.278605997562408,-0.00883498694747686,3.99407275974874,26117.9688548911,-45651.2730639559,26115.5665070857,-45651.8144320796,26113.1641592803,-45652.3558002032,1,0,0,0
20130206102259.daq,7,9,1327.61666666667,1,0,right,0.114435219189374,282.888259887695,12,0.00049411825008759,52.8369140625,459.407447418242,-4.52633476257324,0.278154224157333,-0.0278183110058308,4.03286476336319,26119.6588919282,-45658.824547477,26117.258341186,-45659.373829333,26114.8577904437,-45659.923111189,1,0,0,0
20130206102259.daq,7,9,1327.71666666667,1,0,right,0.124264163357736,283.078567504883,12,0.000495674759964179,52.8506889343262,467.15786561415,-4.52633476257324,0.27851390838623,-0.01832664757967,4.07376166534597,26121.3743777897,-45666.3720339634,26118.9756647226,-45666.929286191,26116.5769516555,-45667.4865384185,1,0,0,0
20130206102259.daq,7,9,1327.81666666667,1,0,right,0.158145715964224,283.26741027832,12,0.000497144912704081,52.8656196594238,474.910393414495,-4.52633476257324,0.278439044952393,-0.0373102016746998,4.11729773638802,26123.1151504662,-45673.9156354958,26120.7182870879,-45674.4807906683,26118.3214237095,-45675.0459458407,1,0,0,0
20130206102259.daq,7,9,1327.91666666667,1,0,right,0.180797144796713,283.457397460938,12,0.000498530715274489,52.8816871643066,482.665200018455,-4.61422491073608,0.278616815805435,0.105065651237965,4.16427191462178,26124.8813522747,-45681.4552530376,26122.486376069,-45682.0283528522,26120.0913998633,-45682.6014526668,1,0,0,0
20130206102259.daq,7,9,1328.01666666667,1,0,right,0.193241045246396,283.648574829102,12,0.000499833423233639,52.8985595703125,490.422428329126,-4.79000473022461,0.278131067752838,-0.01832664757967,4.21474768451964,26126.6729851497,-45688.9947905376,26124.2799345201,-45689.5758784033,26121.8868838905,-45690.1569662689,1,0,0,0
20130206102259.daq,7,9,1328.11666666667,1,0,right,0.211036207028258,283.843200683594,12,0.000501053720308445,52.9156036376953,498.182155462913,-4.87789487838745,0.278918564319611,-0.0373102016746998,4.26448685201527,26128.4921238533,-45696.526347638,26126.1010609015,-45697.1155609982,26123.7099979497,-45697.7047743584,1,0,0,0
20130206102259.daq,7,9,1328.21666666667,1,0,right,0.22808418800264,284.041473388672,12,0.000502192116457112,52.9328575134277,505.944392889389,-4.92183971405029,0.278209805488586,0.000656674790661782,4.32091997243756,26130.3348713665,-45704.0577273164,26127.9458617068,-45704.655211433,26125.5568520472,-45705.2526955496,1,0,0,0
20130206102259.daq,7,9,1328.31666666667,1,0,right,0.235109029394323,284.240692138672,12,0.000503249003344629,52.9504890441895,513.709187325963,-4.96578454971313,0.278227716684341,-0.00883498694747686,4.37866603532563,26132.2049869197,-45711.5851267837,26129.8180691631,-45712.1909139137,26127.4311514066,-45712.7967010437,1,0,0,0
20130206102259.daq,7,9,1328.41666666667,1,0,right,0.239583625516616,284.444396972656,12,0.000504224845487429,52.9681282043457,521.47654348168,-5.09761953353882,0.277814537286758,-0.0562935285270214,4.43680642604081,26134.1007070014,-45719.104500514,26131.7159580931,-45719.718770054,26129.3312091848,-45720.3330395941,1,0,0,0
20130206102259.daq,7,9,1328.51666666667,1,0,right,0.25234203218389,284.64811706543,12,0.000505119878933529,52.9855804443359,529.246501593196,-5.14156484603882,0.278490006923676,-0.0373102016746998,4.49546024061773,26136.0256963703,-45726.6238347468,26133.64314662,-45727.2465795668,26131.2605968697,-45727.8693243869,1,0,0,0
20130206102259.daq,7,9,1328.61666666667,1,0,right,0.25647484909922,284.853637695313,12,0.000505932854013895,53.0031890869141,537.019026132926,-5.14156484603882,0.278149425983429,0.0101485680788755,4.55670977202186,26137.9761440115,-45734.1352463729,26135.5958433771,-45734.766533402,26133.2155427426,-45735.3978204312,1,0,0,0
20130206102259.daq,7,9,1328.71666666667,1,0,right,0.252027233700858,285.060958862305,12,0.000506660108885218,53.0209159851074,544.794142557628,-5.14156484603882,0.278704583644867,-0.0468018651008606,4.61988352099053,26139.954002143,-45741.6465469602,26137.5760013586,-45742.2864428056,26135.1980005743,-45742.926338651,1,0,0,0
20130206102259.daq,7,9,1328.81666666667,1,0,right,0.268585622164323,285.268493652344,12,0.000507301581819167,53.0381813049316,552.571820748111,-5.14156484603882,0.278584629297256,-0.0278183110058308,4.68280804193608,26141.9591855213,-45749.1499865343,26139.5835181403,-45749.7984916754,26137.2078507592,-45750.4469968164,1,0,0,0
20130206102259.daq,7,9,1328.91666666667,1,0,right,0.271996849590153,285.477127075195,12,0.000507864522104337,53.0555725097656,560.352042893937,-5.18550968170166,0.278834074735641,-0.0278183110058308,4.74800793491103,26143.9917408067,-45756.649435769,26141.6184505981,-45757.3065872045,26139.2451603895,-45757.9637386401,1,0,0,0
20130206102259.daq,7,9,1329.01666666667,1,0,right,0.264684756869087,285.687118530273,12,0.000508354125066984,53.0731391906738,568.134830955081,-5.40523481369019,0.278491765260696,0.0101485680788755,4.81147591173646,26146.0536342037,-45764.1409774145,26143.6827684172,-45764.806822626,26141.3119026306,-45765.4726678375,1,0,0,0
20130206102259.daq,7,9,1329.11666666667,1,0,right,0.261352922864035,285.90446472168,12,0.000508773546950997,53.0903701782227,575.920179802895,-5.66890478134155,0.278390765190125,0.0101485680788755,4.87551199994136,26148.1432278141,-45771.6321799851,26145.7749049015,-45772.3070140424,26143.4065819888,-45772.9818480996,1,0,0,0
20130206102259.daq,7,9,1329.21666666667,1,0,right,0.250537258821964,286.12809753418,12,0.000509126401843802,53.1075592041016,583.708047615481,-5.71284961700439,0.278522610664368,-0.0278183110058308,4.94021804783147,26150.2604619761,-45779.1152702514,26147.8947910611,-45779.7993430145,26145.529120146,-45780.4834157775,1,0,0,0
20130206102259.daq,7,9,1329.31666666667,1,0,right,0.234192287422502,286.354415893555,12,0.000509416557718792,53.1248588562012,591.498441386444,-5.66890478134155,0.278628408908844,-0.00883498694747686,5.00343690197458,26152.4070980591,-45786.5903920903,26150.04414768,-45787.2838038938,26147.6811973008,-45787.9772156972,1,0,0,0
20130206102259.daq,7,9,1329.41666666667,1,0,right,0.215597188827473,286.580764770508,12,0.000509647981255504,53.141975402832,599.291353795823,-5.71284961700439,0.27859491109848,-0.0278183110058308,5.0629304328823,26154.5849490928,-45794.061559606,26152.2247564918,-45794.764300888,26149.8645638907,-45795.4670421701,1,0,0,0
20130206102259.daq,7,9,1329.51666666667,1,0,right,0.203222668963463,286.80876159668,12,0.000509824907301861,53.158878326416,607.086770856331,-5.71284961700439,0.278081715106964,-0.01832664757967,5.12497894182798,26156.7901928042,-45801.5287059592,26154.4328152974,-45802.2408335559,26152.0754377907,-45802.9529611526,1,0,0,0
20130206102259.daq,7,9,1329.61666666667,1,0,right,0.188580268619091,287.036102294922,12,0.000509951458029521,53.1759643554688,614.884675876543,-5.66890478134155,0.278225243091583,-0.01832664757967,5.1804373496697,26159.0285680385,-45808.9841136469,26156.6740346923,-45809.7055893189,26154.3195013461,-45810.4270649908,1,0,0,0
20130206102259.daq,7,9,1329.71666666667,1,0,right,0.166078988937898,287.262054443359,12,0.000510031495732728,53.1931228637695,622.685093800377,-5.66890478134155,0.278515487909317,-0.01832664757967,5.23848668397116,26161.2941776829,-45816.4395325991,26158.9425078562,-45817.1702879955,26156.5908380294,-45817.9010433919,1,0,0,0
20130206102259.daq,7,9,1329.81666666667,1,0,right,0.158786338522759,287.490371704102,12,0.000510068367267049,53.2098197937012,630.487988167733,-5.66890478134155,0.278603196144104,-0.00883498694747686,5.29170174591057,26163.5911219841,-45823.8830873433,26161.2423827995,-45824.6232080537,26158.8936436148,-45825.3633287641,1,0,0,0
20130206102259.daq,7,9,1329.91666666667,1,0,right,0.144265845800476,287.716659545898,12,0.000510064692977823,53.2266387939453,638.293341121564,-5.66890478134155,0.278276920318604,-0.00883498694747686,5.34374563105394,26165.919173785,-45831.3227746285,26163.5733759939,-45832.0721658125,26161.2275782028,-45832.8215569965,1,0,0,0
20130206102259.daq,7,9,1330.01666666667,1,0,right,0.127180370419239,287.943481445313,12,0.000510022387682737,53.2436447143555,646.101178724741,-5.66890478134155,0.278373211622238,0.000656674790661782,5.39394818873195,26168.2765120766,-45838.754580837,26165.9336993409,-45839.5132526428,26163.5908866053,-45840.2719244487,1,0,0,0
20130206102259.daq,7,9,1330.11666666667,1,0,right,0.11636862180535,288.171279907227,12,0.000509942934849847,53.2603378295898,653.911491699066,-5.66890478134155,0.278019666671753,-0.00883498694747686,5.44107166597713,26170.6651121201,-45846.1784869302,26168.3253342457,-45846.9464673479,26165.9855563714,-45847.7144477657,1,0,0,0
20130206102259.daq,7,9,1330.21666666667,1,0,right,0.106004314786674,288.399230957031,12,0.000509829185322534,53.2770233154297,661.724247873877,-5.66890478134155,0.278123408555984,-0.0468018651008606,5.4874561331973,26173.0829781929,-45853.5945277583,26170.7462742352,-45854.3718108713,26168.4095702776,-45855.1490939842,1,0,0,0
20130206102259.daq,7,9,1330.31666666667,1,0,right,0.087182215452458,288.626205444336,12,0.000509684438575309,53.293830871582,669.539460117405,-5.66890478134155,0.27890020608902,-0.0278183110058308,5.53424113756466,26175.5300527818,-45861.0066582238,26173.196446321,-45861.7931919544,26170.8628398602,-45862.5797256851,1,0,0,0
20130206102259.daq,7,9,1330.41666666667,1,0,right,0.0646494407477007,288.853485107422,12,0.000509511564807336,53.3104476928711,677.35711798587,-5.66890478134155,0.278505504131317,0.0101485680788755,5.5747317080592,26178.0083540992,-45868.4070111556,26175.6778859953,-45869.2027955736,26173.3474178913,-45869.9985799916,1,0,0,0
20130206102259.daq,7,9,1330.51666666667,1,0,right,0.0527487678599527,289.080978393555,12,0.000509312972110969,53.3270263671875,685.177218961573,-5.66890478134155,0.277916610240936,-0.00883498694747686,5.61385961967855,26180.5178771967,-45875.8034030006,26178.1905871218,-45876.6084342611,26175.8632970468,-45877.4134655217,1,0,0,0
20130206102259.daq,7,9,1330.61666666667,1,0,right,0.0344743945671553,289.308822631836,12,0.000509090292170107,53.3437690734863,692.999760107181,-5.66890478134155,0.278387933969498,0.0196402296423912,5.65170805594679,26183.0566755504,-45883.1919215437,26180.7326051816,-45884.0062011911,26178.4085348128,-45884.8204808386,1,0,0,0
20130206102259.daq,7,9,1330.71666666667,1,0,right,0.0205089919531929,289.536178588867,12,0.000508843806070159,53.3605079650879,700.82476398877,-5.66890478134155,0.278329133987427,-0.0278183110058308,5.68659822781597,26185.6247068239,-45890.5686972673,26183.3038858951,-45891.3921926467,26180.9830649663,-45892.2156880261,1,0,0,0
20130206102259.daq,7,9,1330.81666666667,1,0,right,0.0146345672808366,289.765106201172,12,0.0005085749645027,53.3769607543945,708.652192094814,-5.66890478134155,0.278307914733887,-0.01832664757967,5.72086742095664,26188.2240268821,-45897.9414524177,26185.9065147789,-45898.7742141334,26183.5890026758,-45899.6069758491,0,1,0,1
20130206102259.daq,7,9,1330.91666666667,1,0,right,-0.00274733526032378,289.993133544922,12,0.000508287663278346,53.3934745788574,716.482035147055,-5.66890478134155,0.278332412242889,-0.0373102016746998,5.75302483258159,26190.8525588304,-45905.3024830511,26188.5383793203,-45906.1444614468,26186.2241998103,-45906.9864398425,0,1,0,1
20130206102259.daq,7,9,1331.01666666667,1,0,right,-0.0250593099324874,290.22087097168,12,0.000507983335276057,53.4101905822754,724.314319208468,-5.66890478134155,0.278098523616791,0.000656674790661782,5.78479555458523,26193.5103331676,-45912.6595752457,26191.199518598,-45913.5107452925,26188.8887040285,-45914.3619153393,0,1,0,1
20130206102259.daq,7,9,1331.11666666667,1,0,right,-0.0393695418175639,290.450561523438,12,0.000507660718403984,53.4265213012695,732.149028706539,-5.66890478134155,0.278341054916382,-0.0278183110058308,5.81171027946272,26196.1994135949,-45920.0048167381,26193.8920298032,-45920.8652436443,26191.5846460114,-45921.7256705505,0,1,0,1
20130206102259.daq,7,9,1331.21666666667,1,0,right,-0.0570592717994032,290.679122924805,12,0.000507322166777435,53.4429016113281,739.986134827515,-5.66890478134155,0.277909159660339,-0.0373102016746998,5.837505308493,26198.9196474577,-45927.3461571889,26196.615714387,-45928.2157817224,26194.3117813163,-45929.0854062558,0,1,0,1
20130206102259.daq,7,9,1331.31666666667,1,0,right,-0.0749892697326118,290.907791137695,12,0.000506971725885371,53.4594383239746,747.825656967063,-5.71284961700439,0.278999954462051,0.0481154471635818,5.86207376345209,26201.6671894322,-45934.675729287,26199.366745384,-45935.5545418976,26197.0663013358,-45936.4333545082,0,1,0,1
20130206102259.daq,7,9,1331.41666666667,1,0,right,-0.0897017680473482,291.138641357422,12,0.000506611829074227,53.4756774902344,755.667573538187,-5.71284961700439,0.278164148330688,-0.122735626995564,5.88029170878034,26204.447999863,-45941.9934393069,26202.1511152982,-45942.8815134701,26199.8542307334,-45943.7695876334,0,1,0,1
20130206102259.daq,7,9,1331.51666666667,1,0,right,-0.103231277623763,291.369522094727,12,0.000506243760835199,53.4919548034668,763.511884820604,-5.71284961700439,0.279001653194427,0.0196402296423912,5.90156373329465,26207.2561134721,-45949.3071963307,26204.9628261553,-45950.2045188514,26202.6695388385,-45951.1018413721,0,1,0,1
20130206102259.daq,7,9,1331.61666666667,1,0,right,-0.122779681492432,291.600067138672,12,0.000505867850363371,53.5084533691406,771.358597621482,-5.71284961700439,0.278389781713486,-0.00883498694747686,5.91697077467495,26210.0973717097,-45956.6092047117,26207.8077135677,-45957.5157476043,26205.5180554257,-45958.4222904968,0,1,0,1
20130206102259.daq,7,9,1331.71666666667,1,0,right,-0.147655534222963,291.83073425293,12,0.000505483625080127,53.524974822998,779.207742433035,-5.71284961700439,0.279711723327637,-0.0278183110058308,5.93225481638833,26212.9659372772,-45963.9033501006,26210.6799473322,-45964.8191035579,26208.3939573871,-45965.7348570152,0,1,0,1
20130206102259.daq,7,9,1331.81666666667,1,0,right,-0.162568805340698,292.062408447266,12,0.000505090814469649,53.5414199829102,787.059295756655,-5.71284961700439,0.279053509235382,-0.01832664757967,5.94329294253529,26215.8657586866,-45971.1856856421,26213.5834902475,-45972.1106749369,26211.3012218085,-45973.0356642317,0,1,0,1
20130206102259.daq,7,9,1331.91666666667,1,0,right,-0.179415937484407,292.292846679688,12,0.000504691040653662,53.5581855773926,794.91328043821,-5.75679492950439,0.279312968254089,-0.01832664757967,5.95197458911423,26218.7967278725,-45978.4602207741,26216.5181981019,-45979.3943816318,26214.2396683313,-45980.3285424895,0,1,0,1
20130206102259.daq,7,9,1332.01666666667,1,0,right,-0.206539150848016,292.530471801758,12,0.00050428446469014,53.5751800537109,802.769743008626,-6.02046489715576,0.279072821140289,-0.00883498694747686,5.95919641950341,26221.7572936443,-45985.726565716,26219.4826577419,-45986.670168352,26217.2080218395,-45987.6137709881,0,1,0,1
20130206102259.daq,7,9,1332.11666666667,1,0,right,-0.227101160370239,292.772811889648,12,0.000503866607818843,53.5917320251465,810.628659409864,-6.19624471664429,0.278678625822067,-0.00883498694747686,5.96273525762341,26224.74928748,-45992.9809252981,26222.4786630044,-45993.9341403389,26220.2080385287,-45994.8873553797,0,1,0,1
20130206102259.daq,7,9,1332.21666666667,1,0,right,-0.258845812853906,293.01936340332,12,0.000503433695908287,53.6084289550781,818.490017239819,-6.19624471664429,0.279562205076218,0.0101485680788755,5.96361552619976,26227.7707294709,-46000.2233204378,26225.5042278187,-46001.1862974284,26223.2377261666,-46002.1492744189,0,1,1,1
20130206102259.daq,7,9,1332.31666666667,1,0,right,-0.299502529434392,293.267868041992,12,0.000502985762754108,53.6253509521484,826.3538442399,-6.19624471664429,0.278983891010284,-0.00883498694747686,5.96069498449685,26230.8254168504,-46007.4577611541,26228.5631131503,-46008.430559382,26226.3008094503,-46009.4033576099,0,1,1,1
20130206102259.daq,7,9,1332.41666666667,1,0,right,-0.336029155215556,293.517608642578,12,0.000502522218926314,53.6419715881348,834.220118963,-6.19624471664429,0.278955817222595,-0.01832664757967,5.95235700207674,26233.9113614828,-46014.6803740677,26231.653319489,-46015.663023943,26229.3952774951,-46016.6456738183,0,1,1,1
20130206102259.daq,7,9,1332.51666666667,1,0,right,-0.371627680454935,293.767883300781,12,0.000502042399054167,53.6559944152832,842.088779212456,-6.19624471664429,0.279360473155975,0.000656674790661782,5.93935360407497,26237.0285296457,-46021.8911919163,26234.7748015098,-46022.8836957768,26232.521073374,-46023.8761996372,0,1,1,1
20130206102259.daq,7,9,1332.61666666667,1,0,right,-0.409338413093394,294.017730712891,12,0.000501545899115133,53.6588935852051,849.958578397476,-6.19624471664429,0.279171526432037,-0.0278183110058308,5.92303555169192,26240.1768761462,-46029.0902603634,26237.9274973961,-46030.0925824984,26235.6781186461,-46031.0949046334,0,1,1,1
20130206102259.daq,7,9,1332.71666666667,1,0,right,-0.445404997304024,294.26921081543,12,0.000501032858584143,53.6660346984863,857.829019411016,-6.19624471664429,0.279007881879807,0.000656674790661782,5.90059859229041,26243.3584493788,-46036.2774814111,26241.1134916294,-46037.2896667334,26238.86853388,-46038.3018520558,0,1,1,1
20130206102259.daq,7,9,1332.81666666667,1,0,right,-0.47807039864216,294.519714355469,12,0.000500504375061046,53.6787948608398,865.700945171702,-6.19624471664429,0.279492765665054,-0.0278183110058308,5.87331724268964,26246.5711749016,-46043.4490733216,26244.3306639818,-46044.4710641443,26242.090153062,-46045.493054967,0,1,1,1
20130206102259.daq,7,9,1332.91666666667,1,0,right,-0.51780212884654,294.771957397461,12,0.000499962605843057,53.6945114135742,873.574987996675,-6.19624471664429,0.279300600290298,-0.01832664757967,5.84032570714547,26249.817130645,-46050.6088122164,26247.5811407087,-46051.640656889,26245.3451507724,-46052.6725015615,0,1,1,1
20130206102259.daq,7,9,1333.01666666667,1,0,right,-0.55787404147128,295.021957397461,12,0.000499410759573175,53.7110404968262,881.45141494929,-6.15229988098145,0.279227435588837,-0.01832664757967,5.80459505462013,26253.0941805798,-46057.7607963399,26250.862714186,-46058.8023875056,26248.6312477921,-46059.8439786714,0,1,1,1
20130206102259.daq,7,9,1333.11666666667,1,0,right,-0.589750400735966,295.271453857422,12,0.000498850489835197,53.7276458740234,889.330263748489,-6.15229988098145,0.279230237007141,-0.0278183110058308,5.7617664609457,26256.4043579771,-46064.8971302055,26254.1774483703,-46065.9484284631,26251.9505387635,-46066.9997267208,0,1,1,1
20130206102259.daq,7,9,1333.21666666667,1,0,right,-0.625549682553867,295.520523071289,12,0.000498278306924,53.744441986084,897.211562741795,-6.15229988098145,0.279132127761841,-0.01832664757967,5.71189275645036,26259.7476663871,-46072.0178106184,26257.5253478823,-46073.0787794618,26255.3030293774,-46074.1397483051,0,1,1,1
20130206102259.daq,7,9,1333.31666666667,1,0,right,-0.667528637743544,295.771469116211,12,0.000497690308992897,53.7614898681641,905.095348202798,-6.19624471664429,0.27923572063446,-0.00883498694747686,5.66107387982891,26263.1203032049,-46079.1305376499,26260.9026528687,-46080.2012296737,26258.6850025325,-46081.2719216974,0,0,1,0
20130206102259.daq,7,9,1333.41666666667,1,0,right,-0.702310898367614,296.021835327148,12,0.000497082886871005,53.7740821838379,912.981441467666,-6.19624471664429,0.279267072677612,-0.0278183110058308,5.60268017388393,26266.5280164678,-46086.2315250479,26264.3150659077,-46087.311897318,26262.1021153476,-46088.3922695881,0,0,1,0
20130206102259.daq,7,9,1333.51666666667,1,0,right,-0.738209545252857,296.272644042969,12,0.000496452537644494,53.7767105102539,920.868500692377,-6.19624471664429,0.279090225696564,0.000656674790661782,5.54086943992671,26269.9649924813,-46093.316816638,26267.7567923708,-46094.4068655798,26265.5485922604,-46095.4969145216,0,0,1,0
20130206102259.daq,7,9,1333.61666666667,1,0,right,-0.776304037032332,296.523986816406,12,0.000495795500284426,53.7849617004395,928.75629210328,-6.19624471664429,0.279062241315842,0.000656674790661782,5.47363643341887,26273.4331879263,-46100.3864078578,26271.2297908293,-46101.4861331218,26269.0263937323,-46102.5858583859,0,0,1,0
20130206102259.daq,7,9,1333.71666666667,1,0,right,-0.809225450603435,296.776596069336,12,0.000495108105867184,53.7983245849609,936.645712003636,-6.15229988098145,0.279551386833191,0.0576071068644524,5.40108292974143,26276.934587658,-46107.4441684198,26274.7360604984,-46108.5535974405,26272.5375333388,-46109.6630264611,0,0,1,0
20130206102259.daq,7,9,1333.81666666667,1,0,right,-0.83946918658296,297.027893066406,12,0.000494387592383142,53.814136505127,944.537295918868,-6.15229988098145,0.278323173522949,-0.0278183110058308,5.32383122928949,26280.4671243714,-46114.4863204638,26278.2734842536,-46115.605381435,26276.0798441358,-46116.7244424061,0,0,1,0
20130206102259.daq,7,9,1333.91666666667,1,0,right,-0.879306458016231,297.277008056641,12,0.000493632550408479,53.8309020996094,952.431277436131,-6.15229988098145,0.279290974140167,-0.00883498694747686,5.24281328159296,26284.0307607474,-46121.5168148759,26281.8420068878,-46122.6454029165,26279.6532530282,-46123.7739909572,0,0,1,0
20130206102259.daq,7,9,1334.01666666667,1,0,right,-0.924207367867268,297.527740478516,12,0.000492843218007215,53.8477478027344,960.327738567328,-6.15229988098145,0.279032021760941,-0.0373102016746998,5.15532501135265,26287.6256630364,-46128.5315555522,26285.4418689399,-46129.6697109755,26283.2580748434,-46130.8078663987,0,0,1,0
20130206102259.daq,7,9,1334.11666666667,1,0,right,-0.959421663579462,297.775329589844,12,0.000492017465327642,53.8645362854004,968.226659450593,-6.0644097328186,0.27841317653656,-0.00883498694747686,5.06224325762927,26291.2535773567,-46135.5346887114,26289.0747218827,-46136.6822701886,26286.8958664086,-46137.8298516658,0,0,1,0
20130206102259.daq,7,9,1334.21666666667,1,0,right,-0.990383229151234,298.020645141602,12,0.000491152131629304,53.8815498352051,976.128055751629,-5.84468460083008,0.279036104679108,-0.00883498694747686,4.96232361105067,26294.9145429628,-46142.5222659784,26292.7406208885,-46143.6791658178,26290.5666988142,-46144.8360656572,0,0,1,0
20130206102259.daq,7,9,1334.31666666667,1,0,right,-1.00797093561005,298.259338378906,12,0.000490250623216099,53.8986473083496,984.031959035041,-5.71284961700439,0.278850972652435,-0.0468018651008606,4.8606856715571,26298.6044688257,-46149.4984164951,26296.4353852271,-46150.6643627912,26294.2663016284,-46151.8303090874,0,0,1,0
20130206102259.daq,7,9,1334.41666666667,1,0,right,-1.02053536870511,298.494430541992,12,0.00048931879874405,53.9154319763184,991.938337223371,-5.58101463317871,0.279627054929733,-0.01832664757967,4.75687724018343,26302.325440742,-46156.462989683,26300.1611594208,-46157.6378261764,26297.9968780996,-46158.8126626698,0,0,1,0
20130206102259.daq,7,9,1334.51666666667,1,0,right,-1.03183960461723,298.720520019531,12,0.000488364370173565,53.9323959350586,999.847189150998,-5.2294545173645,0.279352396726608,-0.0278183110058308,4.64930156914586,26306.0772319159,-46163.4123582482,26303.9176033443,-46164.5957258394,26301.7579747726,-46165.7790934306,0,0,1,0
20130206102259.daq,7,9,1334.61666666667,1,0,right,-1.03574799090524,298.934906005859,12,0.000487396768728579,53.9496803283691,1007.75855589384,-4.83394956588745,0.278728663921356,-0.01832664757967,4.54020222821849,26309.8577805979,-46170.3505720037,26307.7025949894,-46171.5420120636,26305.5474093809,-46172.7334521235,0,0,1,0
20130206102259.daq,7,9,1334.71666666667,1,0,right,-1.02973497336075,299.142349243164,12,0.000486427042915711,53.9666938781738,1015.67244001625,-4.83394956588745,0.279207795858383,-0.00883498694747686,4.42875130308702,26313.66534023,-46177.2734849341,26311.5144824269,-46178.4727201629,26309.3636246237,-46179.6719553917,0,0,1,0
20130206102259.daq,7,9,1334.81666666667,1,0,right,-1.01963992047422,299.345611572266,12,0.000485466090549982,53.9838027954102,1023.58882370777,-4.83394956588745,0.279198050498962,0.0101485680788755,4.31826344633919,26317.5019831942,-46184.188770034,26315.35539332,-46185.3956280768,26313.2088034458,-46186.6024861196,0,0,1,0
20130206102259.daq,7,9,1334.91666666667,1,0,right,-1.00448978284572,299.545333862305,12,0.000484524299711916,54.001163482666,1031.5077368545,-4.83394956588745,0.278719305992126,0.0101485680788755,4.20742045371191,26321.363832113,-46191.0885835662,26319.2214621515,-46192.3029168694,26317.07909219,-46193.5172501727,0,0,1,0
20130206102259.daq,7,9,1335.01666666667,1,0,right,-0.991870557181244,299.746566772461,12,0.000483612309202297,54.0182800292969,1039.42918878127,-4.83394956588745,0.278823226690292,0.0101485680788755,4.09624828214917,26325.2530512974,-46197.9765708054,26323.1149594939,-46199.1984209857,26320.9768676904,-46200.4202711661,0,0,1,0
20130206102259.daq,7,9,1335.11666666667,1,0,right,-0.972562802136679,299.945861816406,12,0.000482738380732309,54.0353317260742,1047.35313906493,-4.79000473022461,0.278708964586258,0.0196402296423912,3.98965367568233,26329.1675443769,-46204.8568173051,26327.0337155275,-46206.0860971206,26324.8998866781,-46207.3153769361,0,0,1,0
20130206102259.daq,7,9,1335.21666666667,1,0,right,-0.957898260741672,300.144500732422,12,0.000481907913246922,54.0525856018066,1055.27960504964,-4.79000473022461,0.278842657804489,0.0101485680788755,3.88234871913246,26333.1073649718,-46211.7214445049,26330.9778107315,-46212.9581146958,26328.8482564912,-46214.1947848867,0,0,1,0
20130206102259.daq,7,9,1335.31666666667,1,0,right,-0.940761178885452,300.342468261719,12,0.000481127507130741,54.0696487426758,1063.20860020984,-4.74605989456177,0.279423713684082,-0.0278183110058308,3.77976366269297,26337.0725127158,-46218.5782661104,26334.9472441032,-46219.8222869091,26332.8219754905,-46221.0663077078,0,0,1,0
20130206102259.daq,7,9,1335.41666666667,1,0,right,-0.915130945960982,300.538116455078,12,0.000480403837334845,54.0865287780762,1071.1399710587,-4.74605989456177,0.279957413673401,-0.0373102016746998,3.68044803194659,26341.0609676328,-46225.4234629173,26338.9399593666,-46226.6747336148,26336.8189511005,-46227.9260043123,0,0,1,0
20130206102259.daq,7,9,1335.51666666667,1,0,right,-0.899491097836574,300.734954833984,12,0.000479743730393763,54.103588104248,1079.0739304356,-4.74605989456177,0.280071258544922,-0.0373102016746998,3.5823655653518,26345.0748263135,-46232.252944778,26342.9581292682,-46233.5114947539,26340.8414322229,-46234.7700447298,0,0,1,0
20130206102259.daq,7,9,1335.61666666667,1,0,right,-0.884440708446277,300.931625366211,12,0.000479152818815436,54.120662689209,1087.0103972611,-4.74605989456177,0.279415547847748,-0.00883498694747686,3.48656440643013,26349.1140331985,-46239.0745955891,26347.0016686482,-46240.3404038014,26344.8893040979,-46241.6062120136,0,0,1,0
20130206102259.daq,7,9,1335.71666666667,1,0,right,-0.864493846867276,301.129058837891,12,0.000478634282897299,54.1373443603516,1094.94932915382,-4.70211458206177,0.279073983430862,-0.01832664757967,3.39138330539568,26353.1786256893,-46245.8805537219,26351.0706354746,-46247.1536333259,26348.9626452599,-46248.4267129299,0,0,1,0
20130206102259.daq,7,9,1335.81666666667,1,0,right,-0.843684633292014,301.322006225586,12,0.000478190886042885,54.1541366577148,1102.89071669566,-4.52633476257324,0.279088228940964,-0.0278183110058308,3.30143960718383,26357.266440168,-46252.6789103417,26355.1627490791,-46253.9590815123,26353.0590579902,-46255.2392526829,0,0,1,0
20130206102259.daq,7,9,1335.91666666667,1,0,right,-0.811359501370362,301.506988525391,12,0.000477828443876405,54.1711349487305,1110.83458613603,-4.17477464675903,0.28000071644783,-0.0278183110058308,3.21445196539636,26361.3792934972,-46259.4659464033,26359.279746462,-46260.7529027624,26357.1801994267,-46262.0398591215,0,0,1,0
20130206102259.daq,7,9,1336.01666666667,1,0,right,-0.772339508449534,301.686264038086,12,0.000477552153584815,54.1877098083496,1118.7809194314,-4.08688449859619,0.279506117105484,-0.00883498694747686,3.13020407141348,26365.5153261623,-46266.2376382989,26363.4198162176,-46267.5311577209,26361.3243062729,-46268.8246771428,0,0,1,0
20130206102259.daq,7,9,1336.11666666667,1,0,right,-0.727435512418992,301.860595703125,12,0.00047736623806644,54.204345703125,1126.72968576316,-3.99899482727051,0.279570460319519,-0.01832664757967,3.05186065492742,26369.6745710897,-46273.0017599364,26367.5830065806,-46274.3016492885,26365.4914420715,-46275.6015386406,0,0,1,0
20130206102259.daq,7,9,1336.21666666667,1,0,right,-0.679882644828638,302.028610229492,12,0.000477274284292708,54.2211532592773,1134.68090429387,-3.8232147693634,0.279572993516922,-0.0373102016746998,2.97844878362336,26373.8569765914,-46279.754480566,26371.7692328737,-46281.0604976382,26369.681489156,-46282.3665147103,0,0,1,0
20130206102259.daq,7,9,1336.31666666667,1,0,right,-0.629596067837724,302.193237304688,12,0.000477279272671749,54.2376899719238,1142.63457698173,-3.73532485961914,0.277794122695923,-0.0278183110058308,2.91048924481371,26378.0607072914,-46286.4956450582,26375.9767247452,-46287.8076554126,26373.8927421989,-46289.1196657671,0,0,1,0
20130206102259.daq,7,9,1336.41666666667,1,0,right,-0.572044007978036,302.354583740234,12,0.000477383554769208,54.2542190551758,1150.59066946471,-3.73532485961914,0.27948534488678,-0.00883498694747686,2.84809185582605,26382.2857688738,-46293.2252488822,26380.2054892416,-46294.543122577,26378.1252096094,-46295.8609962717,0,0,1,0
20130206102259.daq,7,9,1336.51666666667,1,0,right,-0.51640445365706,302.514297485352,12,0.000477587964650323,54.2707939147949,1158.54918845672,-3.73532485961914,0.279776632785797,-0.00883498694747686,2.79395117013078,26386.5322268725,-46299.9471105435,26384.4556289312,-46301.270777954,26382.3790309898,-46302.5944453644,0,0,1,0
20130206102259.daq,7,9,1336.61666666667,1,0,right,-0.461893096560516,302.67497253418,12,0.000477890168082885,54.2872161865234,1166.51013824716,-3.77926993370056,0.278673470020294,-0.00883498694747686,2.74905452217817,26390.7982293467,-46306.6610904279,26388.7253515378,-46307.9905760474,26386.6524737288,-46309.320061667,0,0,1,0
20130206102259.daq,7,9,1336.71666666667,1,0,right,-0.409793309421616,302.837387084961,12,0.000478282759604727,54.3035278320313,1174.4734803711,-3.86715984344482,0.278712689876556,0.000656674790661782,2.71052291295539,26395.0838058395,-46313.3632398899,26393.0147050049,-46314.6985960819,26390.9456041703,-46316.033952274,0,0,1,0
20130206102259.daq,7,9,1336.81666666667,1,0,right,-0.359296661075007,303.003265380859,12,0.000478760074947039,54.3199157714844,1182.43921739285,-4.17477464675903,0.278690993785858,-0.0278183110058308,2.67751113891561,26399.3909748899,-46320.0534648461,26397.3257487408,-46321.3948057337,26395.2605225918,-46322.7361466213,0,0,1,0
20130206102259.daq,7,9,1336.91666666667,1,0,right,-0.322600916180932,303.182113647461,12,0.000479326847502138,54.3361434936523,1190.40735528033,-4.57027959823608,0.279224097728729,0.0101485680788755,2.65108366402034,26403.7181454472,-46326.7312471559,26401.6571163365,-46328.0790280833,26399.5960872258,-46329.4268090107,0,0,1,0
20130206102259.daq,7,9,1337.01666666667,1,0,right,-0.288241103121493,303.366561889648,12,0.000479983385055574,54.3519592285156,1198.37782885293,-4.57027959823608,0.279139399528503,0.0101485680788755,2.63402446537315,26408.0650301805,-46333.4008903194,26406.0083505575,-46334.7552991764,26403.9516709346,-46336.1097080335,0,0,1,0
20130206102259.daq,7,9,1337.11666666667,1,0,right,-0.258558825011619,303.554550170898,12,0.000480724280680891,54.3678665161133,1206.35062617481,-4.57027959823608,0.279157549142838,-0.0468018651008606,2.62111323954695,26412.4354542386,-46340.058598687,26410.3832295129,-46341.4197482374,26408.3310047871,-46342.7808977879,0,0,1,0
20130206102259.daq,7,9,1337.21666666667,1,0,right,-0.233917799909875,303.742950439453,12,0.000481545737908304,54.3839225769043,1214.32577452116,-4.57027959823608,0.279591053724289,-0.0373102016746998,2.61366131178084,26416.8273445118,-46346.7045423613,26414.7796066114,-46348.0724326765,26412.731868711,-46349.4403229918,0,0,1,0
20130206102259.daq,7,9,1337.31666666667,1,0,right,-0.203038262238863,303.933334350586,12,0.000482444658218095,54.3994674682617,1222.30323775823,-4.57027959823608,0.279773116111755,-0.0468018651008606,2.60989577972342,26421.2427128338,-46353.3386350299,26419.1995314914,-46354.7133220581,26417.1563501489,-46356.0880090862,0,0,1,0
20130206102259.daq,7,9,1337.41666666667,1,0,right,-0.175134400120271,304.123504638672,12,0.000483415379913794,54.4099388122559,1230.28280197424,-4.57027959823608,0.279266238212585,-0.0278183110058308,2.61043132514034,26425.6795228244,-46359.9570907002,26423.6409154483,-46361.3385516623,26421.6023080722,-46362.7200126244,0,0,1,0
20130206102259.daq,7,10,1506.85,1,0,right,1.11287905711134,322.86540222168,12,-0.00071638449755055,48.1944694519043,0,10.502854347229,0,6.62587690353394,2.81696939540234,21828.3525378959,-54166.7135819996,21826.8658975801,-54168.6768076603,21825.3792572643,-54170.640033321,1,0,0,0
20130206102259.daq,7,10,1506.95,1,0,right,1.21487144193071,322.490036010742,12,-0.000741068592067848,48.1551132202148,7.06557206716388,10.458909034729,0,6.51197719573975,2.92158637957973,21833.992298023,-54170.971997284,21832.4928278728,-54172.9254413431,21830.9933577225,-54174.8788854021,1,0,0,0
20130206102259.daq,7,10,1507.05,1,0,right,1.37788556808533,322.1025390625,12,-0.000765666352215333,48.1223411560059,14.1258673024859,10.9862489700317,0,6.45502662658691,3.04541924423141,21839.602378909,-54175.2623927159,21838.0897318191,-54177.2056511148,21836.5770847291,-54179.1489095136,1,0,0,0
20130206102259.daq,7,10,1507.15,1,0,right,1.44110571772859,321.694686889648,12,-0.000790165513191215,48.0927696228027,21.1816601802566,11.6893692016602,0,6.73028612136841,3.17872866431658,21845.1826088366,-54179.5930992903,21843.6561673678,-54181.5255409752,21842.129725899,-54183.4579826602,1,0,0,0
20130206102259.daq,7,10,1507.25,1,0,right,1.50554769004134,321.271423339844,12,-0.000814559186470769,48.0604019165039,28.23294333386,11.7772598266602,0,6.44553470611572,3.31955823754964,21850.7291505356,-54183.9559806634,21849.1884752389,-54185.8770933757,21847.6477999422,-54187.7982060881,1,0,0,0
20130206102259.daq,7,10,1507.35,1,0,right,1.60411947377713,320.837631225586,12,-0.000838845596941506,48.030689239502,35.2795754453837,11.7772598266602,0,6.53096008300781,3.47147083603341,21856.2401270646,-54188.3585315433,21854.6849511259,-54190.267924699,21853.1297751872,-54192.1773178547,1,0,0,0
20130206102259.daq,7,10,1507.45,1,0,right,1.6498146603443,320.410827636719,12,-0.000863024362575304,48.0027923583984,42.3220732040354,11.0741395950317,0,6.63536882400513,3.62715507613761,21861.7139286995,-54192.7957308463,21860.1445727263,-54194.6934864293,21858.5752167531,-54196.5912420123,1,0,0,0
20130206102259.daq,7,10,1507.55,1,0,right,1.62508942411159,320.014724731445,12,-0.000887093138140486,47.9720191955566,49.360282750029,9.53606414794922,0,6.62587690353394,3.78758965293886,21867.151061,-54197.2738955585,21865.5686228804,-54199.1607564493,21863.9861847608,-54201.04761734,1,0,0,0
20130206102259.daq,7,10,1507.65,1,0,right,1.5084257442594,319.641418457031,12,-0.000911050299709861,47.9388198852539,56.3938757558644,9.49211978912354,0,6.34112596511841,3.9441076913447,21872.5533495633,-54201.7857231378,21870.9586514204,-54203.6622337976,21869.3639532775,-54205.5387444574,1,0,0,0
20130206102259.daq,7,10,1507.75,1,0,right,1.42481344315951,319.272079467773,12,-0.000934891705124061,47.9113273620605,63.4228030796658,10.2391843795776,0,5.91399812698364,4.0936497390165,21877.9184615517,-54206.3284995451,21876.3117002968,-54208.1946915751,21874.7049390418,-54210.0608836052,1,0,0,0
20130206102259.daq,7,10,1507.85,1,0,right,1.43868975221886,318.850326538086,12,-0.000958604978496089,47.894847869873,70.4484325350495,13.403223991394,0,5.16415214538574,4.24018027352137,21883.2510144519,-54210.9135740394,21881.6305598541,-54212.7678882846,21880.0101052563,-54214.6222025298,1,0,0,0
20130206102259.daq,7,10,1507.95,1,0,right,1.3601846008645,318.375915527344,12,-0.000982167214752759,47.894962310791,77.4728269158222,14.5018491744995,0,5.50585412979126,4.37250399116979,21888.5489774454,-54215.5331225481,21886.9132247858,-54217.3739559626,21885.2774721262,-54219.2147893772,1,0,0,0
20130206102259.daq,7,10,1508.05,1,0,right,1.42233396827186,317.865020751953,12,-0.00100554459098557,47.9095649719238,84.4983812130231,14.6776294708252,0,5.65772151947021,4.49929252276546,21893.8126451496,-54220.1978245672,21892.1605433999,-54222.0239993211,21890.5084416502,-54223.8501740751,1,0,0,0
20130206102259.daq,7,10,1508.15,1,0,right,1.38884648589067,317.332992553711,12,-0.00102871143433182,47.9285202026367,91.5265559292166,15.1610240936279,0,5.70518112182617,4.62070440930441,21899.0384168284,-54224.9106082231,21897.3694293383,-54226.7213636405,21895.7004418483,-54228.5321190578,1,0,0,0
20130206102259.daq,7,10,1508.25,1,0,right,1.29785670327396,316.786743164063,12,-0.00105164545305005,47.9447898864746,98.5573009434156,15.3807497024536,0,5.53432989120483,4.73453897784742,21904.2264255745,-54229.6749354266,21902.5402507248,-54231.4696969149,21900.8540758752,-54233.2644584032,1,0,0,0
20130206102259.daq,7,10,1508.35,1,0,right,1.28231298482876,316.232864379883,12,-0.00107432151975078,47.9631652832031,105.590508833498,15.2928590774536,0,5.02177667617798,4.84005033471926,21909.3709527487,-54234.4864808062,21907.6675069816,-54236.2648584214,21905.9640612146,-54238.0432360365,1,0,0,0
20130206102259.daq,7,10,1508.45,1,0,right,1.19678535006904,315.681976318359,12,-0.00109671390368196,47.9867858886719,112.626794525815,14.9412994384766,0,4.49973201751709,4.93779736977906,21914.4722576998,-54239.3484900467,21912.751792169,-54241.1104074059,21911.0313266382,-54242.8723247652,1,0,0,0
20130206102259.daq,7,10,1508.55,1,0,right,1.07808466044071,315.13459777832,12,-0.00111879775452639,48.0140991210938,119.666850249618,14.8534097671509,0,4.34786415100098,5.02391901715495,21919.5284074716,-54244.2609304778,21917.7911881308,-54246.0063311153,21916.05396879,-54247.7517317528,1,0,0,0
20130206102259.daq,7,10,1508.65,1,0,right,0.927850843045178,314.577026367188,12,-0.00114054948699723,48.0414085388184,126.710979761483,15.2049694061279,0,4.13904619216919,5.09842867327339,21924.5390429438,-54249.2285421593,21922.7849208377,-54250.9569547433,21921.0307987316,-54252.6853673272,1,0,0,0
20130206102259.daq,7,10,1508.75,1,0,right,0.82036104457967,314.016662597656,12,-0.00116194580960815,48.0681838989258,133.759035775613,15.8201990127563,0,3.16139936447144,5.15594597705286,21929.5063029476,-54254.2430529095,21927.7353607949,-54255.954227452,21925.9644186421,-54257.6654019946,1,0,0,0
20130206102259.daq,7,10,1508.85,1,0,right,0.704570452724397,313.443481445313,12,-0.00118296209501462,48.0954437255859,140.811041557434,16.2157039642334,0,1.55729866027832,5.19510976952378,21934.4259974688,-54259.3089684434,21932.6380258009,-54261.0023413315,21930.850054133,-54262.6957142196,1,0,0,0
20130206102259.daq,7,10,1508.95,1,0,right,0.59758588867021,312.862228393555,12,-0.00120357094205089,48.1234016418457,147.867101731637,16.3035945892334,0,1.61424911022186,5.22263734160422,21939.2982404205,-54264.425989673,21937.4931821577,-54266.1011371565,21935.688123895,-54267.77628464,1,0,0,0
20130206102259.daq,7,10,1509.05,1,0,right,0.520312727773955,312.272125244141,12,-0.00122374154309692,48.1517715454102,154.92730259955,16.6551532745361,0,3.31326699256897,5.23499407541821,21944.1249491182,-54269.5980588051,21942.3027341441,-54271.2545270395,21940.4805191699,-54272.9109952739,1,0,0,0
20130206102259.daq,7,10,1509.15,1,0,right,0.454219206808773,311.658508300781,12,-0.00124343872749464,48.1796035766602,161.991631246376,17.9295597076416,0,3.18987464904785,5.24086628179728,21948.8998123812,-54274.8260358611,21947.059962074,-54276.462894215,21945.2201117668,-54278.0997525688,1,0,0,0
20130206102259.daq,7,10,1509.25,1,0,right,0.471895027686628,311.005752563477,12,-0.0012626215886295,48.2062568664551,169.059959175764,19.1600189208984,0,2.80071401596069,5.23278146579623,21953.6223108264,-54280.1030052955,21951.7639320261,-54281.718796946,21949.9055532257,-54283.3345885965,1,0,0,0
20130206102259.daq,7,10,1509.35,1,0,right,0.425899511801106,310.322235107422,12,-0.00128124304759622,48.231616973877,176.132100916759,19.7313041687012,0,3.18987464904785,5.22004281068551,21958.2906760443,-54285.4362422588,21956.4131541415,-54287.0297496882,21954.5356322386,-54288.6232571177,1,0,0,0
20130206102259.daq,7,10,1509.45,1,0,right,0.495331431426166,309.620422363281,12,-0.00129925172255325,48.2556915283203,183.207867827921,19.9070835113525,0,3.70242762565613,5.20138974525972,21962.9013379476,-54290.8288860166,21961.0044385977,-54292.3992768215,21959.1075392478,-54293.9696676263,1,0,0,0
20130206102259.daq,7,10,1509.55,1,0,right,0.475462036277236,308.904602050781,12,-0.00131659534259351,48.2760124206543,190.286943377636,19.7752494812012,0,3.77836155891418,5.18469995130688,21967.4485411248,-54296.2767545123,21965.5321707687,-54297.8233246148,21963.6158004127,-54299.3698947173,1,0,0,0
20130206102259.daq,7,10,1509.65,1,0,right,0.490514056308086,308.185836791992,12,-0.00133322482721767,48.2916107177734,197.368635010294,19.3357982635498,0,3.79734468460083,5.16605269495177,21971.930674766,-54301.779187962,21969.9950542648,-54303.301596481,21968.0594337637,-54304.8240050001,1,0,0,0
20130206102259.daq,7,10,1509.75,1,0,right,0.551739252946959,307.488723754883,12,-0.00134909861397588,48.3026542663574,204.452268633468,18.2811183929443,0,3.90175366401672,5.15319399296324,21976.3446682375,-54307.3386777594,21974.390668441,-54308.8374236414,21972.4366686445,-54310.3361695234,1,0,0,0
20130206102259.daq,7,10,1509.85,1,0,right,0.48156271598566,306.8134765625,12,-0.00136418605004412,48.3106842041016,211.537301448392,17.7098331451416,0,3.60751008987427,5.14476457085524,21980.690577744,-54312.9552325147,21978.7190509033,-54314.4308464004,21976.7475240626,-54315.9064602861,1,0,0,0
20130206102259.daq,7,10,1509.95,1,0,right,0.486231899610061,306.144638061523,12,-0.00137847023786824,48.3161010742188,218.623317334263,17.7098331451416,0,2.6963050365448,5.13632965244664,21984.9659503466,-54318.6258375296,21982.9773327433,-54320.0783369104,21980.98871514,-54321.5308362912,1,0,0,0
20130206102259.daq,7,10,1510.05,1,0,right,0.448553327936054,305.482086181641,12,-0.00139194411171972,48.3190841674805,225.709939241235,17.5779991149902,0,2.12680196762085,5.13343105389061,21989.1747037725,-54324.346596096,21987.1694232162,-54325.7760030759,21985.16414266,-54327.2054100558,1,0,0,0
20130206102259.daq,7,10,1510.15,1,0,right,0.401060930281687,304.832427978516,12,-0.00140459734607882,48.3189506530762,232.796773428112,17.0506591796875,0,3.04749917984009,5.12402704569961,21993.3170957776,-54330.1171445283,21991.2957368915,-54331.5237228864,21989.2743780055,-54332.9303012444,1,0,0,0
20130206102259.daq,7,10,1510.25,1,0,right,0.368097432466982,304.210052490234,12,-0.00141642499971828,48.3158912658691,239.883388061717,15.8641443252563,0,3.47462630271912,5.11203664474166,21997.391737202,-54335.9327955016,21995.3552189099,-54337.3173342945,21993.3187006177,-54338.7018730874,1,0,0,0
20130206102259.daq,7,10,1510.35,1,0,right,0.295730167379361,303.619995117188,12,-0.0014274262628201,48.3095207214355,246.969305570528,15.0731344223022,0,3.10444903373718,5.08789247598619,22001.4047298567,-54341.789396216,21999.3540612149,-54343.1528889901,21997.3033925732,-54344.5163817643,1,0,0,0
20130206102259.daq,7,10,1510.45,1,0,right,0.115573199572736,303.051116943359,12,-0.00143759925063776,48.2991790771484,254.054000080374,15.5125846862793,0,3.26580834388733,5.05602057974517,22005.353750262,-54347.6875856879,22003.2896450772,-54349.0306509169,22001.2255398923,-54350.3737161459,1,0,0,0
20130206102259.daq,7,10,1510.55,1,0,right,0.0650345205140752,302.46858215332,12,-0.00144693714760436,48.2846870422363,261.136887530112,16.7869892120361,0,4.27193117141724,5.01044904093013,22009.2413854177,-54353.6253571974,22007.1637320057,-54354.9473673043,22005.0860785937,-54356.2693774113,1,0,0,0
20130206102259.daq,7,10,1510.65,1,0,right,-0.0410977923745577,301.843551635742,12,-0.00145542708464246,48.2660636901855,268.217353179862,18.4568996429443,0,4.87940120697021,4.95887451171322,22013.0645226256,-54359.6042341558,22010.9725715243,-54360.903501262,22008.880620423,-54362.2027683682,1,0,0,0
20130206102259.daq,7,10,1510.75,1,0,right,-0.0153507821921153,301.174407958984,12,-0.00146305076214595,48.2430534362793,275.294752170579,19.8191947937012,0,4.35735607147217,4.89869795962446,22016.8230252159,-54365.6242437452,22014.716043293,-54366.8989914065,22012.6090613701,-54368.1737390679,1,0,0,0
20130206102259.daq,7,10,1510.85,1,0,right,-0.0287993783659317,300.461761474609,12,-0.00146978582751745,48.2152442932129,282.368429805429,20.8299293518066,0,3.80683660507202,4.83644362891625,22020.5109800712,-54371.685287459,22018.3883061883,-54372.9337304935,22016.2656323054,-54374.182173528,1,0,0,0
20130206102259.daq,7,10,1510.95,1,0,right,0.111136836020989,299.717575073242,12,-0.00147560875492912,48.18310546875,289.437714276602,21.137544631958,0,3.14241623878479,4.76959759009175,22024.1268491603,-54377.7866719377,22021.9881393736,-54379.0074400859,22019.8494295869,-54380.2282082341,1,0,0,0
20130206102259.daq,7,10,1511.05,1,0,right,0.128180247711555,298.964813232422,12,-0.00148049895393999,48.1466903686523,296.501962263574,20.8738746643066,0,2.19324398040771,4.70955180993658,22027.6637293098,-54383.9310653443,22025.5091659022,-54385.1236302047,22023.3546024947,-54386.3161950651,1,0,0,0
20130206102259.daq,7,10,1511.15,1,0,right,0.200567966138635,298.215438842773,12,-0.00148444217341345,48.106029510498,303.560555902659,20.5662593841553,0,0.57015985250473,4.65291891270495,22031.1201677446,-54390.1139319818,22028.9501914446,-54391.2782160026,22026.7802151447,-54392.4425000234,1,0,0,0
20130206102259.daq,7,10,1511.25,1,0,right,0.248276200486941,297.475143432617,12,-0.00148743253918029,48.0615463256836,310.612911319244,20.2586441040039,0,-0.0752770826220512,4.60317499497263,22034.4944710691,-54396.3349845526,22032.3096330758,-54397.4711347919,22030.1247950824,-54398.6072850312,1,0,0,0
20130206102259.daq,7,10,1511.35,1,0,right,0.341387242932058,296.736251831055,12,-0.00148947227231735,48.0136070251465,317.658483849591,20.2586441040039,0,-0.0278183110058308,4.56417651503077,22037.7824175282,-54402.5946138918,22035.5831097206,-54403.7024945672,22033.383801913,-54404.8103752425,1,0,0,0
20130206102259.daq,7,10,1511.45,1,0,right,0.379069427110608,296.000610351563,12,-0.00149056030774696,47.9621276855469,324.696752328542,20.1707534790039,0,-0.0752770826220512,4.53051797353473,22040.9860509909,-54408.8888191703,22038.7727003634,-54409.9683715882,22036.5593497359,-54411.0479240062,1,0,0,0
20130206102259.daq,7,10,1511.55,1,0,right,0.434099081665465,295.277862548828,12,-0.00149069567925141,47.9071311950684,331.727214147439,19.7752494812012,0,-0.113243959844112,4.50618964948008,22044.1038675554,-54415.217131155,22041.8770755531,-54416.268678492,22039.6502835509,-54417.3202258291,1,0,0,0
20130206102259.daq,7,10,1511.65,1,0,right,0.425870228770123,294.564697265625,12,-0.00148988367552158,47.8490753173828,338.7494571485,19.4236888885498,0,0.000656674790661782,4.48704182961507,22047.137697152,-54421.5758190575,22044.8979892875,-54422.5995685899,22042.658281423,-54423.6233181223,1,0,0,0
20130206102259.daq,7,10,1511.75,1,0,right,0.480931689461386,293.858963012695,12,-0.00148813425133606,47.787899017334,345.762894612999,19.4236888885498,0,-0.0752770826220512,4.47487597726474,22050.0874619351,-54427.9649960299,22047.8353143708,-54428.9610812531,22045.5831668065,-54429.9571664764,1,0,0,0
20130206102259.daq,7,10,1511.85,1,0,right,0.495384570572753,293.156555175781,12,-0.00148546021941066,47.7233238220215,352.767100442506,19.5115795135498,0,-0.01832664757967,4.46516287131644,22052.9549395907,-54434.38486219,22050.6907502322,-54435.3532634355,22048.4265608736,-54436.3216646809,1,0,0,0
20130206102259.daq,7,10,1511.95,1,0,right,0.586180175088884,292.454299926758,12,-0.00148187501510178,47.6550903320313,359.761571841838,19.8191947937012,0,-0.0657851845026016,4.4600748393892,22055.7360831457,-54440.8277528103,22053.4601947813,-54441.7683305987,22051.1843064168,-54442.708908387,1,0,0,0
20130206102259.daq,7,10,1512.05,1,0,right,0.576558588319813,291.745910644531,12,-0.00147739320120943,47.5834121704102,366.745794079994,20.0828647613525,0,-0.0657851845026016,4.45810153109113,22058.4364536982,-54447.2939507336,22056.1491105304,-54448.2063188919,22053.8617673626,-54449.1186870501,1,0,0,0
20130206102259.daq,7,10,1512.15,1,0,right,0.628990787437431,291.030410766602,12,-0.00147204336412039,47.5082130432129,373.719240863182,20.1707534790039,0,-0.0562935285270214,4.46362113185712,22061.050138892,-54453.7873903692,22058.7515808716,-54454.6711241812,22056.4530228513,-54455.5548579932,1,0,0,0
20130206102259.daq,7,10,1512.25,1,0,right,0.633785104289188,290.312210083008,12,-0.00146585995335354,47.4293975830078,380.681382400842,20.2146987915039,0,-0.0373102016746998,4.47004302974758,22063.5812562164,-54460.3000449562,22061.2718014908,-54461.154897747,22058.9623467653,-54462.0097505379,1,0,0,0
20130206102259.daq,7,10,1512.35,1,0,right,0.689198319121374,289.595932006836,12,-0.00145887694444839,47.3468284606934,387.631694077587,20.2586441040039,0,-0.0942604020237923,4.48334714083392,22066.0241783204,-54466.8356078091,22063.7042174718,-54467.6615231102,22061.3842566233,-54468.4874384112,1,0,0,0
20130206102259.daq,7,10,1512.45,1,0,right,0.72188630701686,288.880767822266,12,-0.0014511179771173,47.2608680725098,394.569654588471,20.1707534790039,0,-0.0657851845026016,4.50016849372678,22068.382779354,-54473.3863000468,22066.0526904454,-54474.183194081,22063.7226015369,-54474.9800881152,1,0,0,0
20130206102259.daq,7,10,1512.55,1,0,right,0.770311839912495,288.171188354492,12,-0.00144260251170762,47.1717185974121,401.494769763784,19.8191947937012,0,-0.0752770826220512,4.52487984379679,22070.6553418219,-54479.955834583,22068.3155627204,-54480.723811262,22065.9757836189,-54481.491787941,1,0,0,0
20130206102259.daq,7,10,1512.65,1,0,right,0.742064480398369,287.468811035156,12,-0.00143335345903764,47.0799446105957,408.406579236325,19.7752494812012,0,-0.0278183110058308,4.5544810344186,22072.8400104356,-54486.5363368482,22070.4909929063,-54487.2755736647,22068.1419753771,-54488.0148104812,1,0,0,0
20130206102259.daq,7,10,1512.75,1,0,right,0.858523728823457,286.774627685547,12,-0.00142339635774473,46.9885597229004,415.304938564368,20.1707534790039,0.0211658384650946,-0.0468018651008606,4.58906281315678,22074.9388065851,-54493.1355874304,22072.5810052473,-54493.8463104952,22070.2232039095,-54494.55703356,1,0,0,0
20130206102259.daq,7,10,1512.85,1,0,right,0.890059644161681,286.073745727539,12,-0.00141275821308911,46.8984565734863,422.189987433958,20.5662593841553,0.03903778642416,-0.0942604020237923,4.62707006632378,22076.9548713984,-54499.7463917198,22074.5885526241,-54500.4282200574,22072.2222338498,-54501.110048395,1,0,0,0
20130206102259.daq,7,10,1512.95,1,0,right,0.933235001472553,285.366546630859,12,-0.00140146580135271,46.8092155456543,429.061898447835,20.6541481018066,0.07084821164608,-0.0942604020237923,4.67245673515983,22078.884314266,-54506.3726235103,22076.5097601807,-54507.0251932917,22074.1352060954,-54507.6777630731,1,0,0,0
20130206102259.daq,7,10,1513.05,1,0,right,0.984338357150307,284.658462524414,12,-0.00138954401576269,46.7196807861328,435.920709231694,20.6541481018066,0.0998203679919243,-0.0562935285270214,4.71586284577503,22080.7332817558,-54513.0062394657,22078.3508444886,-54513.6294144743,22075.9684072214,-54514.2525894829,1,0,0,0
20130206102259.daq,7,10,1513.15,1,0,right,1.00938257177006,283.952713012695,12,-0.00137701467992557,46.6291007995605,442.766312783016,20.6541481018066,0.11655131727457,-0.0942604020237923,4.76461108656798,22082.4980460739,-54519.6510150054,22080.1081136824,-54520.2447974465,22077.7181812908,-54520.8385798875,1,0,0,0
20130206102259.daq,7,10,1513.25,1,0,right,1.04423369572879,283.248153686523,12,-0.0013639008852783,46.5376205444336,449.598559065271,20.6541481018066,0.12242154031992,-0.132227286696434,4.81819792888853,22084.1766008429,-54526.3030879273,22081.7795476564,-54526.8674375038,22079.3824944699,-54527.4317870803,1,0,0,0
20130206102259.daq,7,10,1513.35,1,0,right,1.05772288513123,282.543487548828,12,-0.00135022784678753,46.4460563659668,456.417375997393,20.6541481018066,0.124067664146423,-0.0752770826220512,4.87768893326211,22085.770835352,-54532.9625050523,22083.3670228351,-54533.4973319469,22080.9632103182,-54534.0321588416,1,0,0,0
20130206102259.daq,7,10,1513.45,1,0,right,1.12572835969826,281.836929321289,12,-0.00133600279981702,46.3550033569336,463.222795750058,20.6541481018066,0.125131487846375,-0.0942604020237923,4.94353537024151,22087.2767500711,-54539.6293277277,22084.8665251351,-54540.134471451,22082.4563001991,-54540.6396151744,1,0,0,0
20130206102259.daq,7,10,1513.55,1,0,right,1.20881321618253,281.130828857422,12,-0.00132122669359844,46.2648391723633,470.014921782378,20.5223140716553,0.129500955343246,-0.0373102016746998,5.0155217607346,22088.6983859073,-54546.2995571434,22086.2821188746,-54546.7749601827,22083.8658518418,-54547.2503632221,1,0,0,0
20130206102259.daq,7,10,1513.65,1,0,right,1.22019036213715,280.430938720703,12,-0.00130590961991087,46.1754913330078,476.793884129191,20.1707534790039,0.132515609264374,-0.0562935285270214,5.09604825517714,22090.0321671895,-54552.9729869111,22087.6102733391,-54553.4188395785,22085.1883794888,-54553.8646922459,1,0,0,0
20130206102259.daq,7,10,1513.75,1,0,right,1.25807235130799,279.744049072266,12,-0.00129006915262855,46.0868225097656,483.559794688525,19.7752494812012,0.133290529251099,-0.0468018651008606,5.18214079226122,22091.2823994402,-54559.6532968041,22088.8553346592,-54560.0700832872,22086.4282698783,-54560.4868697702,1,0,0,0
20130206102259.daq,7,10,1513.85,1,0,right,1.28805145418028,279.077560424805,12,-0.00127372801964752,45.9986190795898,490.312737570406,19.0281829833984,0.133791327476501,-0.0562935285270214,5.26773010438229,22092.4514806229,-54566.3285392632,22090.0197319205,-54566.7170655447,22087.587983218,-54567.1055918263,1,0,0,0
20130206102259.daq,7,10,1513.95,1,0,right,1.24325365656836,278.440277099609,12,-0.00125691120680731,45.9109687805176,497.052783317224,17.9295597076416,0.133868724107742,-0.0752770826220512,5.35556166507923,22093.541899862,-54573.0062703015,22091.1059802098,-54573.3677255153,22088.6700605577,-54573.7291807292,1,0,0,0
20130206102259.daq,7,10,1514.05,1,0,right,1.22635774165917,277.831497192383,12,-0.00123964405995658,45.8238945007324,503.780015386263,17.2264385223389,0.134049773216248,-0.0942604020237923,5.44582429672445,22094.5517007974,-54579.6826598734,22092.1120781791,-54580.018213004,22089.6724555607,-54580.3537661346,1,0,0,0
20130206102259.daq,7,10,1514.15,1,0,right,1.18067406935859,277.244094848633,12,-0.00122195148677137,45.7374382019043,510.494518680207,16.7430438995361,0.140407592058182,-0.0847687423229218,5.53384280870646,22095.4863621355,-54586.3579874479,22093.0434276595,-54586.6685121155,22090.6004931834,-54586.9790367831,1,0,0,0
20130206102259.daq,7,10,1514.25,1,0,right,1.08172217879644,276.677703857422,12,-0.00120385709578488,45.6516151428223,517.19638682036,16.1278133392334,0.149513810873032,-0.103752069175243,5.6136188822596,22096.3497936411,-54593.0244882445,22093.9039089203,-54593.3108487788,22091.4580241994,-54593.5972093132,1,0,0,0
20130206102259.daq,7,10,1514.35,1,0,right,0.952264052790724,276.130905151367,12,-0.00118538308399585,45.5660781860352,523.885720654856,15.3807497024536,0.152069583535194,-0.151210844516754,5.68820055311764,22097.1419349634,-54599.6900534099,22094.6934288014,-54599.9530591096,22092.2449226394,-54600.2160648093,1,0,0,0
20130206102259.daq,7,10,1514.45,1,0,right,0.860142007383388,275.602569580078,12,-0.00116655097342996,45.4791793823242,530.562359703239,15.1610240936279,0.153558254241943,-0.0657851845026016,5.74835420308886,22097.8705523705,-54606.3469362265,22095.419725114,-54606.587352911,22092.9688978575,-54606.8277695956,0,1,0,1
20130206102259.daq,7,10,1514.55,1,0,right,0.755383307679608,275.090667724609,12,-0.00114738152277827,45.3934860229492,537.226344948183,15.1610240936279,0.154155477881432,-0.103752069175243,5.79865971133433,22098.5374968778,-54612.9952262449,22096.0846194932,-54613.213737021,22093.6317421085,-54613.4322477971,0,1,0,1
20130206102259.daq,7,10,1514.65,1,0,right,0.717172022590375,274.595504760742,12,-0.00112789424862587,45.3094253540039,543.878140953035,15.0731344223022,0.154270499944687,-0.0942604020237923,5.84210305638333,22099.1428024228,-54619.6388455783,22096.6881282423,-54619.8361501423,22094.2334540618,-54620.0334547064,0,1,0,1
20130206102259.daq,7,10,1514.75,1,0,right,0.665667508280762,274.102920532227,12,-0.00110810754663265,45.2266387939453,550.517453612498,14.7215747833252,0.154200196266174,-0.0657851845026016,5.87874749155214,22099.6895425686,-54626.2743226329,22097.2332628534,-54626.4505167996,22094.7769831383,-54626.6267109663,0,1,0,1
20130206102259.daq,7,10,1514.85,1,0,right,0.614163648021588,273.628295898438,12,-0.00108803882167718,45.1452445983887,557.144725716367,13.8866195678711,0.153662621974945,-0.113243959844112,5.91170026717222,22100.1786460731,-54632.9012229241,22097.7209910994,-54633.0570640404,22095.2633361257,-54633.2129051566,0,1,0,1
20130206102259.daq,7,10,1514.95,1,0,right,0.607569187677939,273.17919921875,12,-0.00106770179131266,45.0649604797363,563.760147491354,12.9637746810913,0.15321372449398,-0.0942604020237923,5.94111520941727,22100.6125374664,-54639.5232668571,22098.1537364848,-54639.6598397535,22095.6949355031,-54639.7964126498,0,1,0,1
20130206102259.daq,7,10,1515.05,1,0,right,0.572878565936662,272.757522583008,12,-0.00104710602697907,44.9852027893066,570.363838155507,12.2167091369629,0.153394728899002,-0.0752770826220512,5.97007441995995,22100.9933030205,-54646.1326252145,22098.5335635092,-54646.2510986715,22096.0738239979,-54646.3695721286,0,1,0,1
20130206102259.daq,7,10,1515.15,1,0,right,0.543575852276888,272.365661621094,12,-0.00102625841183287,44.905876159668,576.955858646616,11.3378095626831,0.154278039932251,-0.0468018651008606,5.99371523346976,22101.3269657753,-54652.7292689937,22098.8664735266,-54652.8309170032,22096.405981278,-54652.9325650127,0,1,0,1
20130206102259.daq,7,10,1515.25,1,0,right,0.531406274697417,272.007247924805,12,-0.0010051662919743,44.8273124694824,583.536293587575,9.97551441192627,0.156016126275063,0.000656674790661782,6.02157028078603,22101.6118115825,-54659.3209502011,22099.15073162,-54659.4072047152,22096.6896516574,-54659.4934592293,0,1,0,1
20130206102259.daq,7,10,1515.35,1,0,right,0.470509759869913,271.699600219727,12,-0.000983840505508748,44.7501106262207,590.105297351038,7.99798965454102,0.157049417495728,-0.0657851845026016,6.0448401772479,22101.8547747122,-54665.8955307067,22099.3932670891,-54665.9685693572,22096.9317594659,-54666.0416080077,0,1,0,1
20130206102259.daq,7,10,1515.45,1,0,right,0.361828787208822,271.452041625977,12,-0.000962297239193781,44.6747055053711,596.663108839362,5.93257474899292,0.158611565828323,-0.0562935285270214,6.06822590118817,22102.0603538272,-54672.4606289359,22099.5985536023,-54672.5230314709,22097.1367533775,-54672.5854340058,0,1,0,1
20130206102259.daq,7,10,1515.55,1,0,right,0.258621061329052,271.272659301758,12,-0.000940558750396125,44.6010818481445,603.209993530618,3.73532485961914,0.164958044886589,-0.0657851845026016,6.08176525594124,22102.2368773979,-54679.0121762562,22099.774893868,-54679.0668710637,22097.3129103381,-54679.1215658713,0,1,0,1
20130206102259.daq,7,10,1515.65,1,0,right,0.0615364503416913,271.165435791016,12,-0.000918651415199854,44.529468536377,609.746222404574,1.7577999830246,0.171238407492638,-0.0562935285270214,6.08557439068323,22102.39046566,-54685.5501089086,22099.9283840852,-54685.600196259,22097.4663025105,-54685.6502836094,0,1,1,1
20130206102259.daq,7,10,1515.75,1,0,right,-0.0756995977966426,271.106201171875,12,-0.00089660218964347,44.460693359375,616.272143510767,1.18651497364044,0.176423773169518,-0.0373102016746998,6.07457687550852,22102.5274600124,-54692.0789811837,22100.0653279711,-54692.1265231115,22097.6031959299,-54692.1740650393,0,1,1,1
20130206102259.daq,7,10,1515.85,1,0,right,-0.290519753569129,271.064346313477,12,-0.00087443435092275,44.3956146240234,622.78824169407,1.66990995407104,0.188022792339325,-0.0562935285270214,6.05015122571576,22102.6537999147,-54698.5917777178,22100.1916338008,-54698.6375210331,22097.7294676869,-54698.6832643484,0,1,1,1
20130206102259.daq,7,10,1515.95,1,0,right,-0.439647657056526,271.021194458008,12,-0.000852162713994011,44.3347930908203,629.295096819478,2.02146983146667,0.204153895378113,-0.0752770826220512,6.00702770854543,22102.7722469676,-54705.1006994371,22100.3100471008,-54705.144588379,22097.847847234,-54705.1884773208,0,1,1,1
20130206102259.daq,7,10,1516.05,1,0,right,-0.539616012578733,270.973281860352,12,-0.000829791481656283,44.2800598144531,635.793439394649,2.0654149055481,0.212513312697411,-0.0468018651008606,5.94996156015971,22102.886494795,-54711.5980224456,22100.4242590877,-54711.6398524006,22097.9620233804,-54711.6816823557,0,1,1,1
20130206102259.daq,7,10,1516.15,1,0,right,-0.685977013956744,270.92594909668,12,-0.0008073364606144,44.2363128662109,642.284497780376,2.0654149055481,0.212907239794731,-0.0278183110058308,5.88068408843255,22102.9949178147,-54718.0875156635,22100.5326483914,-54718.1273115206,22098.070378968,-54718.1671073778,0,1,1,1
20130206102259.daq,7,10,1516.25,1,0,right,-0.706259574755677,270.877304077148,12,-0.000784817551013385,44.2041549682617,648.770038753457,2.2411949634552,0.212703540921211,-0.0562935285270214,5.80238462171241,22103.099353001,-54724.573133731,22100.6370506777,-54724.6108390685,22098.1747483545,-54724.648544406,0,1,1,1
20130206102259.daq,7,10,1516.35,1,0,right,-0.753492053224591,270.82470703125,12,-0.000762242094360586,44.1790237426758,655.251423646798,2.46091985702515,0.2124193161726,-0.0847687423229218,5.718038368063,22103.1976849809,-54731.0549436843,22100.735349082,-54731.0903886333,22098.2730131831,-54731.1258335823,0,1,1,1
20130206102259.daq,7,10,1516.45,1,0,right,-0.735414770379691,270.770080566406,12,-0.000739606171502623,44.158145904541,661.729457520181,2.54880976676941,0.212774738669395,-0.0752770826220512,5.6304635817342,22103.2919847617,-54737.5328959969,22100.8296161883,-54737.5659933104,22098.3672476149,-54737.5990906238,0,0,1,0
20130206102259.daq,7,10,1516.55,1,0,right,-0.714141845703125,270.714141845703,12,-0.000716910428796781,44.140022277832,668.204644707424,2.50486493110657,0.213231906294823,-0.0562935285270214,5.54445713668532,22103.3803431657,-54744.006972129,22100.9179434524,-54744.0376653801,22098.4555437392,-54744.0683586312,0,0,1,0
20130206102259.daq,7,10,1516.65,1,0,right,-0.663177490234375,270.663177490234,12,-0.000694158688561661,44.1249313354492,674.677359460838,2.19724988937378,0.212990567088127,-0.0657851845026016,5.46185711536961,22103.4631467561,-54750.4809190748,22101.0007207154,-54750.5094220197,22098.5382946748,-54750.5379249648,0,0,1,0
20130206102259.daq,7,10,1516.75,1,0,right,-0.618911743164063,270.618911743164,12,-0.000671357253026637,44.1114730834961,681.148029650562,1.58201992511749,0.213409066200256,-0.0278183110058308,5.38448879792603,22103.5405019528,-54756.9546941127,22101.0780546262,-54756.9812946208,22098.6156072996,-54757.0078951289,0,0,1,0
20130206102259.daq,7,10,1516.85,1,0,right,-0.589630126953125,270.589630126953,12,-0.000648515467716536,44.0985794067383,687.616794216636,1.14256989955902,0.21306337416172,-0.0373102016746998,5.3159091855031,22103.6090127719,-54763.4241830302,22101.1465521724,-54763.4495250751,22098.6840915729,-54763.4748671199,0,0,1,0
20130206102259.daq,7,10,1516.95,1,0,right,-0.563095092773438,270.563095092773,12,-0.000625645648267689,44.0852966308594,694.083630592984,1.31834995746613,0.213444471359253,-0.0468018651008606,5.25324880243532,22103.6718328857,-54769.8936018428,22101.2093608137,-54769.9178034611,22098.7468887418,-54769.9420050794,0,0,1,0
20130206102259.daq,7,10,1517.05,1,0,right,-0.52972412109375,270.529724121094,12,-0.000602761728095671,44.0718231201172,700.548501014011,1.84568989276886,0.213209256529808,-0.0278183110058308,5.19289593503477,22103.7322787397,-54776.3553793807,22101.2697929896,-54776.3781467692,22098.8073072395,-54776.4009141576,0,0,1,0
20130206102259.daq,7,10,1517.15,1,0,right,-0.492416381835938,270.492416381836,12,-0.000579877380713687,44.0585556030273,707.011406318925,1.62596487998962,0.213272228837013,-0.0278183110058308,5.13644753039276,22103.7885754377,-54782.8211608511,22101.3260753848,-54782.8423248048,22098.863575332,-54782.8634887584,0,0,1,0
20130206102259.daq,7,10,1517.25,1,0,right,-0.467453002929688,270.46745300293,12,-0.000557004860795939,44.0457725524902,713.472398866696,0.57128494977951,0.212716653943062,-0.01832664757967,5.08329912653889,22103.8417255921,-54789.2788187139,22101.3792165519,-54789.2989097712,22098.9167075118,-54789.3190008284,0,0,1,0
20130206102259.daq,7,10,1517.35,1,0,right,-0.458267211914063,270.458267211914,12,-0.000534154697660414,44.0334815979004,719.93155390874,0.395504981279373,0.141511917114258,-0.0373102016746998,5.03321655891398,22103.8919410753,-54795.7399866204,22101.4294288457,-54795.7596828823,22098.9669166162,-54795.7793791442,0,0,1,0
20130206102259.daq,7,10,1517.45,1,0,right,-0.440338134765625,270.440338134766,12,-0.000511335713324736,44.0192794799805,726.388857457874,1.71385490894318,0,-0.0468018651008606,4.98566673033382,22103.9396648149,-54802.1935610729,22101.4771465425,-54802.212486761,22099.0146282701,-54802.231412449,0,0,1,0
20130206102259.daq,7,10,1517.55,1,0,right,-0.396804809570313,270.39680480957,12,-0.000488554387392272,43.9815139770508,732.84271739141,2.59275484085083,0,0.000656674790661782,4.94133554813938,22103.9838576882,-54808.6477759431,22101.5213257469,-54808.6648306049,22099.0587938056,-54808.6818852667,0,0,1,0
20130206102259.daq,7,10,1517.65,1,0,right,-0.33770751953125,270.337707519531,12,-0.000465814456877688,43.9194145202637,739.288970636,2.46091985702515,0,7.28080558776855,4.90196233957104,22104.0231840783,-54815.0984709505,22101.560635856,-54815.112985644,22099.0980876337,-54815.1275003376,0,0,1,0
20130206102259.daq,7,10,1517.75,1,0,right,-0.270050048828125,270.270050048828,12,-0.000443117234977654,43.8348846435547,745.724724580694,2.63669991493225,0,8.18251991271973,4.8670968183044,22104.0580747595,-54821.5376564285,22101.5955111145,-54821.5492632233,22099.1329474695,-54821.5608700181,0,0,1,0
20130206102259.daq,7,10,1517.85,1,0,right,-0.198104858398438,270.198104858398,12,-0.000420462532499627,43.7128410339355,752.145355411922,2.68064475059509,0,8.59066390991211,4.83844171995517,22104.086839501,-54827.9613183161,22101.624263223,-54827.9698329095,22099.1616869449,-54827.978347503,0,0,1,0
20130206102259.daq,7,10,1517.95,1,0,right,-0.1351318359375,270.135131835938,12,-0.000397849997311921,43.5464744567871,758.544948712108,1.88963496685028,0,9.05575752258301,4.81697632069889,22104.1083434073,-54834.3613152888,22101.6457592583,-54834.3671232931,22099.1831751094,-54834.3729312974,0,0,1,0
20130206102259.daq,7,10,1518.05,1,0,right,-0.09356689453125,270.093566894531,12,-0.000375282253937104,43.3366165161133,764.916890374589,0.703119993209839,0,9.31203365325928,4.80186770252905,22104.1233551903,-54840.7373422681,22101.660767476,-54840.7413638014,22099.1981797617,-54840.7453853348,0,0,1,0
20130206102259.daq,7,10,1518.15,1,0,right,-0.075714111328125,270.075714111328,12,-0.000352775391078511,43.08935546875,771.255152731639,0.26366999745369,0,7.85030937194824,4.79316542905873,22104.1320183033,-54847.0737202999,22101.6694294555,-54847.0769745157,22099.2068406077,-54847.0802287316,0,0,1,0
20130206102259.daq,7,10,1518.25,1,0,right,-0.0688018798828125,270.068801879883,12,-0.000330354021807785,42.8365249633789,777.556171784003,0.219724997878075,0,7.08147954940796,4.787811589204,22104.1374507715,-54853.3746720225,22101.6748615489,-54853.3776291487,22099.2122723264,-54853.3805862749,0,0,1,0
20130206102259.daq,7,10,1518.35,1,0,right,-0.0726470947265625,270.072647094727,12,-0.000308045100102258,42.6107711791992,783.821931670493,-0.219724982976913,0,6.51197719573975,4.78170843699947,22104.1435476336,-54859.6402021964,22101.6809586151,-54859.643324591,22099.2183695966,-54859.6464469856,0,0,1,0
20130206102259.daq,7,10,1518.45,1,0,right,-0.091064453125,270.091064453125,12,-0.000285866414353283,42.4197273254395,790.057095881813,-0.703119933605194,0,6.03739070892334,4.77683299872024,22104.1485912835,-54865.8702165385,22101.6860033959,-54865.8741305163,22099.2234155083,-54865.8780444941,0,0,1,0
20130206102259.daq,7,10,1518.55,1,0,right,-0.1221923828125,270.122192382813,12,-0.000263829926314896,42.2640838623047,796.266842453158,-1.05467987060547,0,5.97094869613647,4.77098747870376,22104.1544195672,-54872.0764789441,22101.6918341694,-54872.081730808,22099.2292487716,-54872.0869826718,0,0,1,0
20130206102259.daq,7,10,1518.65,1,0,right,-0.163467407226563,270.163467407227,12,-0.000241952790391205,42.1362228393555,802.456097649178,-1.18651497364044,0,5.82857275009155,4.76239267718289,22104.1628268765,-54878.2590516114,22101.7002459011,-54878.2660774835,22099.2376649257,-54878.2731033556,0,0,1,0
20130206102259.daq,7,10,1518.75,1,0,right,-0.210784912109375,270.210784912109,12,-0.000220254624087041,42.0251579284668,808.627803176103,-1.31834995746613,0,6.00891590118408,4.7477095651116,22104.1774656613,-54884.4258475388,22101.7148913279,-54884.4349071216,22099.2523169945,-54884.4439667044,0,0,1,0
20130206102259.daq,7,10,1518.85,1,0,right,-0.264999389648438,270.264999389648,12,-0.000198754888059724,41.9211311340332,814.7838165414,-1.58201992511749,0,4.52820730209351,4.73082080523017,22104.1944820016,-54890.5768445525,22101.731917343,-54890.5882342708,22099.2693526844,-54890.599623989,0,0,1,0
20130206102259.daq,7,10,1518.95,1,0,right,-0.326339721679688,270.32633972168,12,-0.00017747141515169,41.826488494873,820.925181147686,-1.80174493789673,0,3.00953197479248,4.70542102027585,22104.2197488941,-54896.7159419885,22101.7571978405,-54896.7299680987,22099.2946467868,-54896.7439942089,0,0,1,0
20130206102259.daq,7,10,1519.05,1,0,right,-0.391799926757813,270.391799926758,12,-0.000156420836116022,41.7426147460938,827.053487392492,-1.80174493789673,0,-0.0847687423229218,4.67589472161562,22104.2491742798,-54902.8393073613,22101.7866408582,-54902.8561469167,22099.3241074365,-54902.8729864721,0,0,1,0
20130206102259.daq,7,10,1519.15,1,0,right,-0.46026611328125,270.460266113281,12,-0.00013562145498239,41.6655616760254,833.170046860745,-1.84568989276886,0,-0.179685816168785,4.64045714380387,22104.2846423188,-54908.9547802399,22101.8221307779,-54908.9745624124,22099.359619237,-54908.994344585,0,0,1,0
20130206102259.daq,7,10,1519.25,1,0,right,-0.531097412109375,270.531097412109,12,-0.000115090971862459,41.5912704467773,839.275546233373,-2.02146983146667,0,-0.0278183110058308,4.59702450094921,22104.3280664071,-54915.0545635849,22101.8655812034,-54915.0773899953,22099.4030959997,-54915.1002164057,0,0,1,0
20130206102259.daq,7,10,1519.35,1,0,right,-0.606536865234375,270.606536865234,12,0.0001,41.5177421569824,845.37021555411,-2.10935974121094,0,-0.01832664757967,4.54541114510959,22104.3795843298,-54921.1425065034,22101.9171313154,-54921.1685751656,22099.454678301,-54921.1946438279,0,0,1,0
20130206102259.daq,7,10,1519.45,1,0,right,-0.682647705078125,270.682647705078,12,0.0001,41.4445648193359,851.454128768935,-2.0654149055481,0.0861082449555397,-0.0373102016746998,4.48590737047754,22104.4389535326,-54927.2226138117,22101.97653732,-54927.251953535,22099.5141211075,-54927.2812932584,0,0,1,0
20130206102259.daq,7,10,1519.55,1,0,right,-0.719685530929212,270.760726928711,12,0.0001,41.3706703186035,857.527255385634,-2.02146983146667,0.118995226919651,-0.0278183110058308,4.4204668495205,22104.5062536539,-54933.2909461523,22102.0438797101,-54933.3236414792,22099.5815057663,-54933.3563368062,0,0,1,0
20130206102259.daq,7,10,1519.65,1,0,right,-0.748883969664121,270.835113525391,12,0.0001,41.2970771789551,863.589718445408,-1.80174493789673,0.137626379728317,-0.0468018651008606,4.35061130922247,22104.5830898724,-54939.3476473082,22102.1207604518,-54939.3835394848,22099.6584310313,-54939.4194316613,0,0,1,0
20130206102259.daq,7,10,1519.75,1,0,right,-0.770593272633278,270.901794433594,12,0.0001,41.2240524291992,869.641276434995,-1.18651497364044,0.152863293886185,0.000656674790661782,4.2776100527555,22104.6672630326,-54945.3928207251,22102.204977051,-54945.4315785391,22099.7426910694,-54945.4703363531,0,0,1,0
20130206102259.daq,7,10,1519.85,1,0,right,-0.777247348104538,270.951568603516,12,0.0001,41.1515197753906,875.68216014409,-0.615229964256287,0.163887441158295,-0.01832664757967,4.20295736259635,22104.7582091171,-54951.4306099672,22102.2959577344,-54951.4715068112,22099.8337063517,-54951.5124036551,0,0,1,0
20130206102259.daq,7,10,1519.95,1,0,right,-0.773825306950926,270.991012573242,12,0.0001,41.0793151855469,881.712432561995,-0.483394980430603,0.178025603294373,-0.0373102016746998,4.12540207109964,22104.8563327809,-54957.4569428282,22102.3941101362,-54957.499534743,22099.9318874915,-54957.5421266578,0,0,1,0
20130206102259.daq,7,10,1520.05,1,0,right,-0.767134587067687,271.025375366211,12,0.0001,41.0072364807129,887.732126279006,-0.527339935302734,0.202231660485268,0.000656674790661782,4.04653919860216,22104.960003438,-54963.4716858039,22102.4978067804,-54963.515754414,22100.0356101227,-54963.559823024,0,0,1,0
20130206102259.daq,7,10,1520.15,1,0,right,-0.767372316171986,271.065643310547,12,0.0001,40.9364013671875,893.741281811512,-1.09862494468689,0.233991324901581,0.0196402296423912,3.96969554383839,22105.0659888274,-54969.4784630976,22102.6038237496,-54969.5242621486,22100.1416586718,-54969.5700611996,0,0,1,0
20130206102259.daq,7,10,1520.25,1,0,right,-0.785738109266958,271.123016357422,12,0.0001,40.8768310546875,899.740758303378,-2.10935974121094,0.258570671081543,-0.0278183110058308,3.89003575504865,22105.1788814455,-54975.4730789063,22102.7167634629,-54975.5213434194,22100.2546454803,-54975.5696079325,0,0,1,0
20130206102259.daq,7,10,1520.35,1,0,right,-0.848110563563182,271.223373413086,12,0.0001,40.8384742736816,905.73289983203,-4.04293966293335,0.273015528917313,0.0196402296423912,3.80970472443708,22105.2963590306,-54981.4587664715,22102.8343293631,-54981.5113434583,22100.3722996955,-54981.5639204452,0,0,1,0
20130206102259.daq,7,10,1520.45,1,0,right,-0.930929804943503,271.343154907227,12,0.000104270356032782,40.8253326416016,911.721332033892,-3.86715984344482,0.287085831165314,-0.00883498694747686,3.72224140820105,22105.4247865281,-54987.4361254263,22102.9628721571,-54987.4938493681,22100.5009577861,-54987.5515733098,0,0,1,0
20130206102259.daq,7,10,1520.55,1,0,right,-1.00869809632394,271.45686340332,12,0.000119819903970153,40.8326759338379,917.70936056356,-2.72458982467651,0.29985123872757,-0.01832664757967,3.62921901725908,22105.5626017953,-54993.4175341203,22103.1008068307,-54993.48014383,22100.6390118661,-54993.5427535397,0,0,1,0
20130206102259.daq,7,10,1520.65,1,0,right,-1.06362341758239,271.54670715332,12,0.000134873294376092,40.8610458374023,923.69995817903,-1.71385490894318,0.314992547035217,-0.0468018651008606,3.52967458355836,22105.7106717623,-54999.3995556131,22103.2489780006,-54999.4660255093,22100.7872842389,-54999.5324954054,0,0,1,0
20130206102259.daq,7,10,1520.75,1,0,right,-1.09729241792598,271.614273071289,12,0.000149421113717784,40.9087867736816,929.696219793565,-1.09862494468689,0.334425568580627,-0.0278183110058308,3.42150250473309,22105.8710494014,-55005.3899675145,22103.4094357358,-55005.4593403106,22100.9478220702,-55005.5287131066,0,0,1,0
20130206102259.daq,7,10,1520.85,1,0,right,-1.10485254358048,271.654708862305,12,0.000163460364996249,40.9726524353027,935.700694397921,0.219724997878075,0.352985978126526,-0.0278183110058308,3.31075532598925,22106.0375811436,-55011.3849963043,22103.5760170501,-55011.4561063365,22101.1144529565,-55011.5272163687,0,0,1,0
20130206102259.daq,7,10,1520.95,1,0,right,-1.09216294175116,271.673873901367,12,0.000176992502644985,41.0509605407715,941.715601349875,0.659174978733063,0.360569030046463,-0.0278183110058308,3.19714772536169,22106.2106262086,-55017.3962096948,22103.7490860385,-55017.468143099,22101.2875458685,-55017.5400765032,0,0,1,0
20130206102259.daq,7,10,1521.05,1,0,right,-1.07507726432084,271.687622070313,12,0.000190021431232378,41.1438484191895,947.743064287715,0.219724997878075,0.363799601793289,-0.01832664757967,3.0837136038246,22106.3872467084,-55023.4192844306,22103.9257238696,-55023.4918084813,22101.4642010309,-55023.564332532,0,0,1,0
20130206102259.daq,7,10,1521.15,1,0,right,-1.06191818004015,271.704818725586,12,0.000202552360120473,41.2504386901855,953.785168711198,0.219724997878075,0.364421486854553,-0.0468018651008606,2.97071104864565,22106.5660307216,-55029.45789289,22104.104529761,-55029.5311557346,22101.6430288004,-55029.6044185792,0,0,1,0
20130206102259.daq,7,10,1521.25,1,0,right,-1.04361173308973,271.715286254883,12,0.000214591536606618,41.3692626953125,959.843829335674,0.92284494638443,0.364818662405014,0.000656674790661782,2.85839840366204,22106.7483101901,-55035.5123038632,22104.2868226552,-55035.5860164052,22101.8253351202,-55035.6597289472,0,0,1,0
20130206102259.daq,7,10,1521.35,1,0,right,-1.01176780724489,271.711700439453,12,0.000226146795034375,41.497730255127,965.920658378789,1.40623998641968,0.365035504102707,-0.0373102016746998,2.74938051362819,22106.929731975,-55041.5866173549,22104.4682398316,-55041.6601758463,22102.0067476883,-55041.7337343377,0,0,1,0
20130206102259.daq,7,10,1521.45,1,0,right,-0.982675775526502,271.709808349609,12,0.000237221280516257,41.6331977844238,972.016870820153,0.74706494808197,0.370441436767578,-0.0468018651008606,2.64172214888111,22107.1132102495,-55047.6765110908,22104.6517156784,-55047.7499882958,22102.1902211072,-55047.8234655008,0,0,1,0
20130206102259.daq,7,10,1521.55,1,0,right,-0.971499698884145,271.722671508789,12,0.000247812694690371,41.7736625671387,978.13333671361,0,0.374484688043594,-0.0373102016746998,2.54542253062664,22107.2975890139,-55053.7894524425,22104.8361110008,-55053.8634822622,22102.3746329876,-55053.9375120819,0,0,1,0
20130206102259.daq,7,18,2173.93333333333,1,0,right,0.120452880859375,269.879547119141,12,0.0001,53.8779067993164,0,1.31834995746613,0.290120244026184,-0.0657851845026016,2.7293257223294,19466.1980198501,-101038.043381992,19463.735434294,-101038.038204892,19461.2728487379,-101038.033027793,1,0,0,0
20130206102259.daq,7,18,2174.03333333333,1,0,right,0.123153686523438,269.876846313477,12,0.0001,53.9041900634766,7.90403933275957,1.31834995746613,0.290195971727371,-0.0468018651008606,2.74905929811466,19466.1763684457,-101045.949698035,19463.7137831364,-101045.944404854,19461.2511978271,-101045.939111673,1,0,0,0
20130206102259.daq,7,18,2174.13333333333,1,0,right,0.126235961914063,269.873764038086,12,0.0001,53.9303665161133,15.8119262796536,1.31834995746613,0.290045440196991,-0.0562935285270214,2.77089388733169,19466.1546934459,-101053.856023397,19463.6921084249,-101053.850597739,19461.2295234039,-101053.845172081,1,0,0,0
20130206102259.daq,7,18,2174.23333333333,1,0,right,0.128570556640625,269.871429443359,12,0.0001,53.9564399719238,23.7236449418124,1.31834995746613,0.290871113538742,-0.0278183110058308,2.79405857032135,19466.131111559,-101061.762330471,19463.6685267612,-101061.756804472,19461.2059419633,-101061.751278473,1,0,0,0
20130206102259.daq,7,18,2174.33333333333,1,0,right,0.13262939453125,269.867370605469,12,0.0001,53.9824295043945,31.6391803529114,1.31834995746613,0.290079087018967,-0.0468018651008606,2.81641588709446,19466.109376153,-101069.676492184,19463.6467917527,-101069.670791735,19461.1842073525,-101069.665091286,1,0,0,0
20130206102259.daq,7,18,2174.43333333333,1,0,right,0.1348876953125,269.865112304688,12,0.0001,54.0083999633789,39.5585264984111,1.31834995746613,0.290161728858948,-0.0373102016746998,2.83938976689263,19466.0857989785,-101077.598422377,19463.6232148049,-101077.592624866,19461.1606306312,-101077.586827355,1,0,0,0
20130206102259.daq,7,18,2174.53333333333,1,0,right,0.138397216796875,269.861602783203,12,0.0001,54.0342712402344,47.4816754056374,1.31834995746613,0.290417522192001,-0.0752770826220512,2.86354387242067,19466.0621444126,-101085.52038314,19463.5995605986,-101085.514434789,19461.1369767847,-101085.508486438,1,0,0,0
20130206102259.daq,7,18,2174.63333333333,1,0,right,0.141769409179688,269.85823059082,12,0.0001,54.0600395202637,55.408610429673,1.31834995746613,0.290073990821838,-0.0373102016746998,2.88866315719464,19466.0365452105,-101093.442340534,19463.573961751,-101093.436247245,19461.1113782914,-101093.430153957,1,0,0,0
20130206102259.daq,7,18,2174.73333333333,1,0,right,0.14410400390625,269.855895996094,12,0.0001,54.0857162475586,63.339292452787,1.31834995746613,0.290236413478851,-0.0373102016746998,2.91277618686765,19466.0129633082,-101101.372085069,19463.550380099,-101101.365891439,19461.0877968897,-101101.359697809,1,0,0,0
20130206102259.daq,7,18,2174.83333333333,1,0,right,0.147918701171875,269.852081298828,12,0.0001,54.1112632751465,71.2737568162265,1.31834995746613,0.290358513593674,-0.01832664757967,2.93783070529849,19465.9873367267,-101109.30967825,19463.5247539353,-101109.303320664,19461.0621711439,-101109.296963078,1,0,0,0
20130206102259.daq,7,18,2174.93333333333,1,0,right,0.151596069335938,269.848403930664,12,0.0001,54.1367340087891,79.211961558176,1.31834995746613,0.289916664361954,-0.0468018651008606,2.9638879700945,19465.9617186337,-101117.247268062,19463.4991362554,-101117.240752422,19461.0365538771,-101117.234236782,1,0,0,0
20130206102259.daq,7,18,2175.03333333333,1,0,right,0.154022216796875,269.845977783203,12,0.0001,54.162181854248,87.1539008972468,1.31834995746613,0.290396600961685,-0.113243959844112,2.98913563620142,19465.9361779333,-101125.184827308,19463.4735958332,-101125.178207392,19461.011013733,-101125.171587475,1,0,0,0
20130206102259.daq,7,18,2175.13333333333,1,0,right,0.157730102539063,269.842269897461,12,0.0001,54.1875419616699,95.0995666741801,1.31834995746613,0.290399968624115,-0.0468018651008606,3.01660518160745,19465.908604818,-101133.130230341,19463.4460231514,-101133.123451059,19460.9834414848,-101133.116671777,1,0,0,0
20130206102259.daq,7,18,2175.23333333333,1,0,right,0.161605834960938,269.838394165039,12,0.0001,54.2128143310547,103.048944994982,1.31834995746613,0.290387868881226,-0.0468018651008606,3.04284959871629,19465.8829744386,-101141.075637457,19463.4203932362,-101141.068691595,19460.9578120338,-101141.061745734,1,0,0,0
20130206102259.daq,7,18,2175.33333333333,1,0,right,0.165359497070313,269.83464050293,12,0.0001,54.2380065917969,111.002023830632,1.31834995746613,0.290544152259827,-0.0278183110058308,3.06994199284973,19465.8553984795,-101149.028854077,19463.3928177374,-101149.021746882,19460.9302369953,-101149.014639688,1,0,0,0
20130206102259.daq,7,18,2175.43333333333,1,0,right,0.171768188476563,269.828231811523,12,0.0001,54.2631340026855,118.958793110243,1.31834995746613,0.29015177488327,0.0101485680788755,3.09750221457776,19465.827658261,-101156.989947966,19463.3650783292,-101156.982565325,19460.9024983975,-101156.975182684,1,0,0,0
20130206102259.daq,7,18,2175.53333333333,1,0,right,0.179580688476563,269.820419311523,12,0.0001,54.2881660461426,126.919241084572,1.31834995746613,0.289956897497177,0.000656674790661782,3.12750046048783,19465.7978780483,-101164.943263551,19463.3352991461,-101164.935545128,19460.8727202439,-101164.927826705,1,0,0,0
20130206102259.daq,7,18,2175.63333333333,1,0,right,0.18829345703125,269.811706542969,12,0.0001,54.3130950927734,134.883353020385,1.31834995746613,0.290178656578064,-0.01832664757967,3.15769650742426,19465.7680421078,-101172.912226021,19463.3054644079,-101172.904133123,19460.8428867079,-101172.896040224,1,0,0,0
20130206102259.daq,7,18,2175.73333333333,1,0,right,0.199371337890625,269.800628662109,12,0.0001,54.3379173278809,142.851087655319,1.2744048833847,0.290883392095566,-0.0562935285270214,3.1873861858669,19465.7380597895,-101180.873433549,19463.2754837003,-101180.864864522,19460.8129076111,-101180.856295495,1,0,0,0
20130206102259.daq,7,18,2175.83333333333,1,0,right,0.210891723632813,269.789108276367,12,0.0001,54.3626747131348,150.822482988006,1.2744048833847,0.290538728237152,-0.0468018651008606,3.21916818656183,19465.7060969108,-101188.850276722,19463.2435225943,-101188.841212548,19460.7809482779,-101188.832148375,1,0,0,0
20130206102259.daq,7,18,2175.93333333333,1,0,right,0.225051879882813,269.774948120117,12,0.0001,54.3874015808105,158.797506707895,1.2744048833847,0.289915829896927,-0.0468018651008606,3.25312841934911,19465.6720174815,-101196.819371512,19463.2094454804,-101196.809698734,19460.7468734792,-101196.800025957,1,0,0,0
20130206102259.daq,7,18,2176.03333333333,1,0,right,0.242111206054688,269.757888793945,12,0.0001,54.4120864868164,166.776154572261,1.2744048833847,0.290463149547577,-0.01832664757967,3.28935722018672,19465.6358053983,-101204.796349107,19463.1732363863,-101204.78594312,19460.7106673743,-101204.775537134,1,0,0,0
20130206102259.daq,7,18,2176.13333333333,1,0,right,0.260421752929688,269.73957824707,12,0.0001,54.4366493225098,174.758414412092,1.2744048833847,0.29040664434433,-0.0468018651008606,3.32763616670047,19465.5975626123,-101212.781169297,19463.1349970516,-101212.769976325,19460.6724314909,-101212.758783353,1,0,0,0
20130206102259.daq,7,18,2176.23333333333,1,0,right,0.281387329101563,269.718612670898,12,0.0001,54.4610977172852,182.744268230541,1.2744048833847,0.29023414850235,-0.00883498694747686,3.36609994487292,19465.559155307,-101220.766053595,19463.0965940069,-101220.753959526,19460.6340327068,-101220.741865457,1,0,0,0
20130206102259.daq,7,18,2176.33333333333,1,0,right,0.305938720703125,269.694061279297,12,0.0001,54.4854583740234,190.733701340883,1.2744048833847,0.290560305118561,-0.0468018651008606,3.40863283036796,19465.5166195255,-101228.758836896,19463.0540636338,-101228.745687615,19460.5915077421,-101228.732538333,1,0,0,0
20130206102259.daq,7,18,2176.43333333333,1,0,right,0.332015991210938,269.667984008789,12,0.0001,54.5097541809082,198.726701993903,1.2744048833847,0.290007174015045,-0.0468018651008606,3.45516590782877,19465.4700827362,-101236.751656514,19463.0075330842,-101236.73738644,19460.5449834322,-101236.723116366,1,0,0,0
20130206102259.daq,7,18,2176.53333333333,1,0,right,0.3602294921875,269.639770507813,12,0.0001,54.5340309143066,206.723264874396,1.2744048833847,0.289401799440384,-0.0657851845026016,3.50378388080444,19465.4214602054,-101244.744527086,19462.9589178789,-101244.729044409,19460.4963755523,-101244.713561731,1,0,0,0
20130206102259.daq,7,18,2176.63333333333,1,0,right,0.391799926757813,269.608200073242,12,0.0001,54.5581855773926,214.723380983924,1.2744048833847,0.290117740631104,-0.0373102016746998,3.55644715623929,19465.3687230993,-101252.745290412,19462.9061896777,-101252.728450856,19460.443656256,-101252.711611301,1,0,0,0
20130206102259.daq,7,18,2176.73333333333,1,0,right,0.423690795898438,269.576309204102,12,0.0001,54.5791320800781,222.726896975597,1.23045992851257,0.290282309055328,-0.0373102016746998,3.61304796211458,19465.3120594649,-101260.746060391,19462.8495357976,-101260.72785019,19460.3870121303,-101260.70963999,1,0,0,0
20130206102259.daq,7,18,2176.83333333333,1,0,right,0.459579467773438,269.540420532227,12,0.0001,54.5890617370605,230.732595631795,1.23045992851257,0.290124505758286,-0.0373102016746998,3.67574198688723,19465.2492882174,-101268.754738078,19462.7867764396,-101268.734985417,19460.3242646618,-101268.715232755,1,0,0,0
20130206102259.daq,7,18,2176.93333333333,1,0,right,0.496368408203125,269.503631591797,12,0.0001,54.6037216186523,238.740005209023,1.23045992851257,0.290364295244217,-0.0278183110058308,3.74049586830644,19465.1845074845,-101276.763436022,19462.7220088972,-101276.742102215,19460.25951031,-101276.720768409,1,0,0,0
20130206102259.daq,7,18,2177.03333333333,1,0,right,0.534469604492188,269.465530395508,12,0.0001,54.6239318847656,246.750002102053,1.23045992851257,0.290418833494186,-0.0373102016746998,3.81123745103283,19465.1137854243,-101284.772164006,19462.6513015683,-101284.749192664,19460.1888177124,-101284.726221322,1,0,0,0
20130206102259.daq,7,18,2177.13333333333,1,0,right,0.57537841796875,269.424621582031,12,0.0001,54.6467895507813,254.763190140715,1.23045992851257,0.289454400539398,-0.0942604020237923,3.88812967269808,19465.0370292094,-101292.788770201,19462.5745623825,-101292.764040668,19460.1120955556,-101292.739311134,1,0,0,0
20130206102259.daq,7,18,2177.23333333333,1,0,right,0.615768432617188,269.384231567383,12,0.0001,54.6702842712402,262.77979176899,1.18651497364044,0.290445446968079,-0.0847687423229218,3.96900291847646,19464.9563982376,-101300.805362175,19462.4939494554,-101300.77889676,19460.0315006731,-101300.752431345,1,0,0,0
20130206102259.daq,7,18,2177.33333333333,1,0,right,0.654647827148438,269.345352172852,12,0.0001,54.6938323974609,270.799844799098,0.878899991512299,0.290914237499237,-0.0278183110058308,4.05713025275032,19464.8680478479,-101308.821916315,19462.4056175913,-101308.793779954,19459.9431873347,-101308.765643592,1,0,0,0
20130206102259.daq,7,18,2177.43333333333,1,0,right,0.687835693359375,269.312164306641,12,0.0001,54.7174186706543,278.823355012457,0.74706494808197,0.291320592164993,-0.0752770826220512,4.14873698108673,19464.7761439311,-101316.846145643,19462.3137303853,-101316.816582954,19459.8513168394,-101316.787020266,1,0,0,0
20130206102259.daq,7,18,2177.53333333333,1,0,right,0.717193603515625,269.282806396484,12,0.0001,54.7409934997559,286.850324040832,0.395504981279373,0.290528863668442,-0.0562935285270214,4.2461871300672,19464.6786180052,-101324.870282598,19462.2162199303,-101324.839458191,19459.7538218554,-101324.808633785,1,0,0,0
20130206102259.daq,7,18,2177.63333333333,1,0,right,0.73260498046875,269.267395019531,12,0.0001,54.7645492553711,294.880748900323,-0.175779983401299,0.289772689342499,-0.0278183110058308,4.34698492512064,19464.5780516111,-101332.901899401,19462.1156619164,-101332.870412662,19459.6532722217,-101332.838925922,1,0,0,0
20130206102259.daq,7,18,2177.73333333333,1,0,right,0.741073608398438,269.258926391602,12,0.0001,54.7880325317383,302.914576998912,-0.175779983401299,0.289961218833923,-0.0373102016746998,4.45103183047956,19464.4740100574,-101340.933350852,19462.0116250435,-101340.901500158,19459.5492400296,-101340.869649465,1,0,0,0
20130206102259.daq,7,18,2177.83333333333,1,0,right,0.745132446289063,269.254867553711,12,0.0001,54.8113632202148,310.951886898256,-0.175779983401299,0.290763199329376,-0.0468018651008606,4.55842989520332,19464.3663361051,-101348.972509875,19461.9039533537,-101348.940484746,19459.4415706023,-101348.908459617,1,0,0,0
20130206102259.daq,7,18,2177.93333333333,1,0,right,0.75091552734375,269.249084472656,12,0.0001,54.8345909118652,318.992609454726,-0.175779983401299,0.290112167596817,-0.0468018651008606,4.66837231221581,19464.2566019305,-101357.011709872,19461.7942224241,-101356.979436206,19459.3318429176,-101356.947162539,1,0,0,0
20130206102259.daq,7,18,2178.03333333333,1,0,right,0.757080078125,269.242919921875,12,0.0001,54.8578071594238,327.036737394927,-0.175779983401299,0.290138453245163,-0.00883498694747686,4.77810776494607,19464.1468440484,-101365.050918899,19461.6844680286,-101365.018380301,19459.2220920088,-101364.985841703,1,0,0,0
20130206102259.daq,7,18,2178.13333333333,1,0,right,0.760650634765625,269.239349365234,12,0.0001,54.8809661865234,335.084266336256,-0.395504981279373,0.290172398090363,-0.0373102016746998,4.88946668763727,19464.0352941479,-101373.09787875,19461.5729201606,-101373.065186702,19459.1105461732,-101373.032494654,1,0,0,0
20130206102259.daq,7,18,2178.23333333333,1,0,right,0.759414672851563,269.240585327148,12,0.0001,54.9040298461914,343.135185368534,-0.57128494977951,0.289898931980133,-0.0562935285270214,5.0011476789021,19463.9240427919,-101381.14472438,19461.4616681,-101381.112085449,19458.999293408,-101381.079446519,1,0,0,0
20130206102259.daq,7,18,2178.33333333333,1,0,right,0.755050659179688,269.24494934082,12,0.0001,54.9270133972168,351.189480970817,-0.615229964256287,0.290575504302979,-0.0468018651008606,5.11177193152427,19463.812985723,-101389.199308166,19461.3506085522,-101389.166856786,19458.8882313814,-101389.134405405,1,0,0,0
20130206102259.daq,7,18,2178.43333333333,1,0,right,0.748291015625,269.251708984375,12,0.0001,54.9499282836914,359.247142279666,-0.659174978733063,0.290243178606033,0.000656674790661782,5.22495451907935,19463.70012431,-101397.253834977,19461.2377433278,-101397.221674103,19458.7753623455,-101397.189513229,1,0,0,0
20130206102259.daq,7,18,2178.53333333333,1,0,right,0.737518310546875,269.262481689453,12,0.0001,54.9727745056152,367.308159690554,-0.878899931907654,0.290464133024216,-0.0278183110058308,5.3353279027948,19463.5894652313,-101405.308266288,19461.1270782458,-101405.27656839,19458.6646912602,-101405.244870491,1,0,0,0
20130206102259.daq,7,18,2178.63333333333,1,0,right,0.721893310546875,269.278106689453,12,0.0001,54.9955253601074,375.372521034471,-1.09862494468689,0.290639281272888,-0.0468018651008606,5.44403341112905,19463.4810605473,-101413.370394482,19461.018665009,-101413.339368096,19458.5562694707,-101413.308341711,1,0,0,0
20130206102259.daq,7,18,2178.73333333333,1,0,right,0.702972412109375,269.297027587891,12,0.0001,55.0182304382324,383.440214888571,-1.09862494468689,0.290075302124023,-0.0752770826220512,5.55390428611241,19463.3709072784,-101421.440256393,19460.9085016285,-101421.410043171,19458.4460959786,-101421.379829949,1,0,0,0
20130206102259.daq,7,18,2178.83333333333,1,0,right,0.679641723632813,269.320358276367,12,0.0001,55.0408821105957,391.511235471349,-1.2744048833847,0.290528059005737,-0.0278183110058308,5.6601565823817,19463.2649338718,-101429.510012755,19460.8025161233,-101429.48080222,19458.3400983748,-101429.451591686,1,0,0,0
20130206102259.daq,7,18,2178.93333333333,1,0,right,0.651992797851563,269.348007202148,12,0.0001,55.0634269714355,399.585570567404,-1.49412989616394,0.290433466434479,-0.0373102016746998,5.76178981890032,19463.1631345165,-101437.579665417,19460.7007029587,-101437.551643162,19458.2382714009,-101437.523620907,0,1,0,1
20130206102259.daq,7,18,2179.03333333333,1,0,right,0.620025634765625,269.379974365234,12,0.0001,55.0859184265137,407.663207681384,-1.58201992511749,0.289722919464111,-0.01832664757967,5.86335930583421,19463.0616028126,-101445.649213994,19460.5991560036,-101445.622565613,19458.1367091946,-101445.595917232,0,1,0,1
20130206102259.daq,7,18,2179.13333333333,1,0,right,0.585739135742188,269.414260864258,12,0.0001,55.1083183288574,415.744138047972,-1.58201992511749,0.289982527494431,-0.0657851845026016,5.95923271963923,19462.9660739505,-101453.734330915,19460.5036116357,-101453.709156097,19458.0411493209,-101453.68398128,0,1,0,1
20130206102259.daq,7,18,2179.23333333333,1,0,right,0.550033569335938,269.449966430664,12,0.0001,55.1305656433105,423.828342271474,-1.58201992511749,0.290710180997849,0.0101485680788755,6.05045302873318,19462.8745388655,-101461.81160002,19460.4120613404,-101461.787959764,19457.9495838153,-101461.764319508,0,1,0,1
20130206102259.daq,7,18,2179.33333333333,1,0,right,0.515380859375,269.484619140625,12,0.0001,55.1527481079102,431.915804080054,-1.58201992511749,0.290855079889297,-0.01832664757967,6.13816492866827,19462.7868442085,-101469.896705544,19460.324352836,-101469.874554608,19457.8618614636,-101469.852403672,0,1,0,1
20130206102259.daq,7,18,2179.43333333333,1,0,right,0.47894287109375,269.521057128906,12,0.0001,55.1749076843262,440.006517552421,-1.53807497024536,0.290269404649734,-0.01832664757967,6.220152046263,19462.7051191027,-101477.981766803,19460.2426141411,-101477.961181924,19457.7801091794,-101477.940597046,0,1,0,1
20130206102259.daq,7,18,2179.53333333333,1,0,right,0.44378662109375,269.556213378906,12,0.0001,55.1970252990723,448.100478166132,-1.58201992511749,0.290260076522827,-0.0657851845026016,6.29799068439929,19462.6272202466,-101486.074670023,19460.1647031178,-101486.055596122,19457.7021859889,-101486.036522222,0,1,0,1
20130206102259.daq,7,18,2179.63333333333,1,0,right,0.408493041992188,269.591506958008,12,0.0001,55.2191009521484,456.197679673438,-1.62596487998962,0.289780169725418,-0.0562935285270214,6.37184104656487,19462.5532356302,-101494.16756859,19460.0907072192,-101494.150011577,19457.6281788083,-101494.132454564,0,1,0,1
20130206102259.daq,7,18,2179.73333333333,1,0,right,0.362777709960938,269.637222290039,12,0.0001,55.2411041259766,464.298114707752,-2.32908487319946,0.290398776531219,-0.0278183110058308,6.43737837111242,19462.4877086035,-101502.268026238,19460.0251669679,-101502.25243404,19457.5626253324,-101502.236841841,0,1,0,1
20130206102259.daq,7,18,2179.83333333333,1,0,right,0.304534912109375,269.695465087891,12,0.0001,55.2629585266113,472.401766764116,-2.54880976676941,0.289615392684937,-0.0278183110058308,6.49831419363375,19462.4268627024,-101510.368177847,19459.9643064893,-101510.3550889,19457.5017502762,-101510.341999954,0,1,0,1
20130206102259.daq,7,18,2179.93333333333,1,0,right,0.243927001953125,269.756072998047,12,0.0001,55.2846908569336,480.508613975806,-2.15330481529236,0.289805680513382,-0.0278183110058308,6.553313477998,19462.3720211331,-101518.468268271,19459.9094524521,-101518.457784242,19457.4468837711,-101518.447300212,0,1,0,1
20130206102259.daq,7,18,2180.03333333333,1,0,right,0.182785034179688,269.81721496582,12,0.0001,55.3063316345215,488.61864226227,-2.41697478294373,0.29096382856369,-0.0373102016746998,6.6004524900943,19462.3250235468,-101526.576154202,19459.8624450801,-101526.568298056,19457.3998666135,-101526.56044191,0,1,0,1
20130206102259.daq,7,18,2180.13333333333,1,0,right,0.110092163085938,269.889907836914,12,0.0001,55.3278923034668,496.731837869389,-3.07614994049072,0.290789067745209,-0.0373102016746998,6.63886812318604,19462.2865511971,-101534.683753567,19459.8239647451,-101534.679021773,19457.3613782931,-101534.67428998,0,1,0,1
20130206102259.daq,7,18,2180.23333333333,1,0,right,0.0285491943359375,269.971450805664,12,0.0001,55.349422454834,504.848193197482,-3.07614994049072,0.290011048316956,-0.0373102016746998,6.66693993316839,19462.2583892075,-101542.791129968,19459.7957985152,-101542.789902914,19457.333207823,-101542.788675861,0,1,0,1
20130206102259.daq,7,18,2180.33333333333,1,0,right,-0.05621337890625,270.056213378906,12,0.0001,55.3708801269531,512.967702698137,-2.98825979232788,0.289665549993515,0.000656674790661782,6.6851079061787,19462.2401888642,-101550.906232354,19459.7775990514,-101550.908648422,19457.3150092386,-101550.911064491,0,1,0,1
20130206102259.daq,7,18,2180.43333333333,1,0,right,-0.13714599609375,270.137145996094,12,0.0001,55.3921737670898,521.090346975834,-2.72458982467651,0.290392339229584,-0.0468018651008606,6.69265892562639,19462.2334677485,-101559.029234226,19459.7708838053,-101559.035128799,19457.308299862,-101559.041023373,0,1,0,1
20130206102259.daq,7,18,2180.53333333333,1,0,right,-0.212814331054688,270.212814331055,12,0.0001,55.4134063720703,529.216107893735,-2.50486493110657,0.290472686290741,0.0386235527694225,6.68911319186772,19462.2361846281,-101567.152359683,19459.7736106172,-101567.161506491,19457.3110366062,-101567.170653298,0,1,1,1
20130206102259.daq,7,18,2180.63333333333,1,0,right,-0.283737182617188,270.283737182617,12,0.0001,55.4346656799316,537.344984752446,-2.41697478294373,0.289875477552414,-0.00883498694747686,6.67496124778874,19462.2503251307,-101575.275597103,19459.7877643286,-101575.287792168,19457.3252035266,-101575.299987234,0,1,1,1
20130206102259.daq,7,18,2180.73333333333,1,0,right,-0.34954833984375,270.349548339844,12,0.0001,55.4558792114258,545.476912604499,-2.2411949634552,0.290165305137634,-0.0373102016746998,6.6494017025012,19462.2758671138,-101583.398956716,19459.8133219437,-101583.413980323,19457.3507767737,-101583.42900393,0,1,1,1
20130206102259.daq,7,18,2180.83333333333,1,0,right,-0.404891967773438,270.404891967773,12,0.0001,55.4769630432129,553.612007637275,-1.80174493789673,0.290132105350494,-0.0278183110058308,6.61478284843774,19462.3105278827,-101591.530386133,19459.8479983732,-101591.547788375,19457.3854688636,-101591.565190617,0,1,1,1
20130206102259.daq,7,18,2180.93333333333,1,0,right,-0.452362060546875,270.452362060547,12,0.0001,55.4979934692383,561.750190123537,-1.66990995407104,0.290702164173126,-0.0752770826220512,6.57084767645386,19462.3544679735,-101599.669822191,19459.8919537271,-101599.689264656,19457.4294394806,-101599.70870712,0,1,1,1
20130206102259.daq,7,18,2181.03333333333,1,0,right,-0.49462890625,270.49462890625,12,0.0001,55.5190200805664,569.891456286685,-1.58201992511749,0.290694296360016,-0.0373102016746998,6.51931671701385,19462.4058991808,-101607.801574032,19459.943399947,-101607.822833077,19457.4809007132,-101607.844092122,0,1,1,1
20130206102259.daq,7,18,2181.13333333333,1,0,right,-0.5313720703125,270.531372070313,12,0.0001,55.5400428771973,578.035805567255,-1.40623986721039,0.289910107851028,-0.0657851845026016,6.46218982581333,19462.4628489405,-101615.949087925,19460.0003638463,-101615.97192614,19457.537878752,-101615.994764355,0,1,1,1
20130206102259.daq,7,18,2181.23333333333,1,0,right,-0.559646606445313,270.559646606445,12,0.0001,55.5610656738281,586.183239410544,-1.01073491573334,0.290261000394821,-0.01832664757967,6.39787438060848,19462.5270893872,-101624.089001206,19460.0646158631,-101624.113054614,19457.602142339,-101624.137108023,0,1,1,1
20130206102259.daq,7,18,2181.33333333333,1,0,right,-0.579025268554688,270.579025268555,12,0.0001,55.5820350646973,594.333753527142,-0.703119933605194,0.289947330951691,-0.0278183110058308,6.32829387133738,19462.596641418,-101632.236950415,19460.1341761701,-101632.261836684,19457.6717109222,-101632.286722952,0,1,1,1
20130206102259.daq,7,18,2181.43333333333,1,0,right,-0.589019775390625,270.589019775391,12,0.0001,55.6029205322266,602.487336261052,-0.527339935302734,0.290146887302399,-0.0562935285270214,6.25551173485107,19462.6695220883,-101640.392948423,19460.207061219,-101640.418264236,19457.7446003496,-101640.443580049,0,1,1,1
20130206102259.daq,7,18,2181.53333333333,1,0,right,-0.58984375,270.58984375,12,0.0001,55.6237754821777,610.643979406363,-0.307614982128143,0.290294051170349,-0.0468018651008606,6.17945548728235,19462.7457446674,-101648.541365143,19460.2832841624,-101648.566716369,19457.8208236574,-101648.592067595,0,1,1,1
20130206102259.daq,7,18,2181.63333333333,1,0,right,-0.587982177734375,270.587982177734,12,0.0001,55.6445655822754,618.80367722825,-0.307614982128143,0.290366530418396,-0.0373102016746998,6.10325153376162,19462.8218019883,-101656.705474589,19460.3593406609,-101656.730745808,19457.8968793335,-101656.756017027,0,1,1,1
20130206102259.daq,7,18,2181.73333333333,1,0,right,-0.58709716796875,270.587097167969,12,0.0001,55.6652793884277,626.966397509503,-0.483394980430603,0.290352672338486,-0.0468018651008606,6.02506089502613,19462.8998725277,-101664.861746906,19460.4374108102,-101664.886980089,19457.9749490928,-101664.912213272,0,1,1,1
20130206102259.daq,7,18,2181.83333333333,1,0,right,-0.591064453125,270.591064453125,12,0.0001,55.685920715332,635.132172280893,-0.659174978733063,0.290049195289612,-0.0373102016746998,5.94673569386724,19462.978241659,-101673.025709357,19460.5157816946,-101673.051113046,19458.0533217303,-101673.076516735,0,1,1,1
20130206102259.daq,7,18,2181.93333333333,1,0,right,-0.596221923828125,270.596221923828,12,0.0001,55.7065048217773,643.300969838019,-0.659174978733063,0.289951235055923,-0.0468018651008606,5.86858391803237,19463.0566840193,-101681.197454267,19460.5942263516,-101681.223079615,19458.131768684,-101681.248704962,0,1,1,1
20130206102259.daq,7,18,2182.03333333333,1,0,right,-0.6033935546875,270.603393554688,12,0.0001,55.7270126342773,651.472780809359,-0.703119933605194,0.289552509784698,-0.01832664757967,5.78776858330773,19463.1372034247,-101689.361335827,19460.6747489838,-101689.387269396,19458.2122945429,-101689.413202965,0,1,1,1
20130206102259.daq,7,18,2182.13333333333,1,0,right,-0.612686157226563,270.612686157227,12,0.0001,55.7474098205566,659.647591720539,-0.703119933605194,0.289822459220886,-0.01832664757967,5.70905952623375,19463.2159001777,-101697.540788792,19460.7534499753,-101697.567121737,19458.2909997729,-101697.593454683,0,1,1,1
20130206102259.daq,7,18,2182.23333333333,1,0,right,-0.622207641601563,270.622207641602,12,0.0001,55.7677001953125,667.825386206474,-0.74706494808197,0.290017366409302,-0.0278183110058308,5.62869338243842,19463.2965640989,-101705.712423383,19460.8341183065,-101705.739165542,19458.3716725141,-101705.765907701,0,0,1,0
20130206102259.daq,7,18,2182.33333333333,1,0,right,-0.632293701171875,270.632293701172,12,0.0001,55.7879524230957,676.006152797607,-0.703119933605194,0.290544450283051,-0.01832664757967,5.54567732221986,19463.3792158362,-101713.891856114,19460.9167747895,-101713.919031749,19458.4543337428,-101713.946207384,0,0,1,0
20130206102259.daq,7,18,2182.43333333333,1,0,right,-0.641189575195313,270.641189575195,12,0.0001,55.8081703186035,684.189887064684,-0.615229964256287,0.28973850607872,-0.0278183110058308,5.46324033916116,19463.4617943168,-101722.071318818,19460.9993575192,-101722.098876777,19458.5369207216,-101722.126434735,0,0,1,0
20130206102259.daq,7,18,2182.53333333333,1,0,right,-0.646392822265625,270.646392822266,12,0.0001,55.8283576965332,692.376585324382,-0.483394980430603,0.290350914001465,-0.0278183110058308,5.37691726422433,19463.548051879,-101730.258687294,19461.0856175941,-101730.286468876,19458.6231833093,-101730.314250457,0,0,1,0
20130206102259.daq,7,18,2182.63333333333,1,0,right,-0.648544311523438,270.648544311523,12,0.0001,55.8484954833984,700.566240349901,-0.307614982128143,0.289994210004807,-0.0562935285270214,5.29276956093348,19463.6321685929,-101738.446132902,19461.169735353,-101738.474006949,19458.7073021131,-101738.501880997,0,0,1,0
20130206102259.daq,7,18,2182.73333333333,1,0,right,-0.64337158203125,270.643371582031,12,0.0001,55.8686103820801,708.758847618737,0.0439449995756149,0.290184408426285,-0.0752770826220512,5.20528498797043,19463.7197410379,-101746.641576166,19461.2573052916,-101746.669227902,19458.7948695452,-101746.696879638,0,0,1,0
20130206102259.daq,7,18,2182.83333333333,1,0,right,-0.628860473632813,270.628860473633,12,0.0001,55.8886604309082,716.954400556948,0.26366999745369,0.290487051010132,-0.01832664757967,5.12013587611959,19463.8047858815,-101754.829442848,19461.3423432108,-101754.856470931,19458.8799005402,-101754.883499013,0,0,1,0
20130206102259.daq,7,18,2182.93333333333,1,0,right,-0.608367919921875,270.608367919922,12,0.0001,55.9086151123047,725.152887228614,0.351559996604919,0.290352463722229,-0.01832664757967,5.03561242940056,19463.889462616,-101763.033085291,19461.4270104359,-101763.059232648,19458.9645582558,-101763.085380005,0,0,1,0
20130206102259.daq,7,18,2183.03333333333,1,0,right,-0.582183837890625,270.582183837891,12,0.0001,55.9285430908203,733.354297189973,0.483394980430603,0.288880079984665,-0.0468018651008606,4.95315535624851,19463.9718357959,-101771.229058289,19461.5093719236,-101771.254080307,19459.0469080514,-101771.279102325,0,0,1,0
20130206102259.daq,7,18,2183.13333333333,1,0,right,-0.552032470703125,270.552032470703,12,0.0001,55.9484443664551,741.558628576022,0.57128494977951,0.289461076259613,-0.0373102016746998,4.87307722158205,19464.0520113566,-101779.432942952,19461.5895346577,-101779.456669117,19459.1270579588,-101779.480395283,0,0,1,0
20130206102259.daq,7,18,2183.23333333333,1,0,right,-0.524444580078125,270.524444580078,12,0.0001,55.9682426452637,749.765872528224,0.17577999830246,0.290509939193726,-0.00883498694747686,4.7948028657843,19464.1303912134,-101787.644574672,19461.6679033759,-101787.667115153,19459.2054155383,-101787.689655635,0,0,1,0
20130206102259.daq,7,18,2183.33333333333,1,0,right,-0.509719848632813,270.509719848633,12,0.0001,55.9879264831543,757.976010816434,-0.439449965953827,0.290128022432327,-0.0278183110058308,4.7213064597482,19464.2037033948,-101795.848069869,19461.7412098458,-101795.869977503,19459.2787162968,-101795.891885136,0,0,1,0
20130206102259.daq,7,18,2183.43333333333,1,0,right,-0.505813598632813,270.505813598633,12,0.0001,56.0075569152832,766.189032250986,-0.527339935302734,0.290983885526657,-0.0373102016746998,4.649738725464,19464.2757285048,-101804.059105538,19461.8132334679,-101804.080845286,19459.350738431,-101804.102585035,0,0,1,0
20130206102259.daq,7,18,2183.53333333333,1,0,right,-0.508316040039063,270.508316040039,12,0.0001,56.0271606445313,774.404930630757,-0.615229964256287,0.289945125579834,-0.01832664757967,4.58081493045395,19464.3442419605,-101812.27779265,19461.8817478755,-101812.29963995,19459.4192537904,-101812.32148725,0,0,1,0
20130206102259.daq,7,18,2183.63333333333,1,0,right,-0.514297485351563,270.514297485352,12,0.0001,56.046703338623,782.62370022104,-0.615229964256287,0.29000848531723,-0.0468018651008606,4.51205167648806,19464.4129696148,-101820.496392307,19461.9504778239,-101820.518496681,19459.4879860331,-101820.540601055,0,0,1,0
20130206102259.daq,7,18,2183.73333333333,1,0,right,-0.52154541015625,270.521545410156,12,0.0001,56.0661468505859,790.845328992727,-0.791009962558746,0.290212392807007,-0.00883498694747686,4.4455869376076,19464.4798221006,-101828.714960079,19462.0173331256,-101828.737375958,19459.5548441507,-101828.759791838,0,0,1,0
20130206102259.daq,7,18,2183.83333333333,1,0,right,-0.535400390625,270.535400390625,12,0.0001,56.0855331420898,799.069805243227,-0.92284494638443,0.290669471025467,-0.0278183110058308,4.37603872090932,19464.5490344263,-101836.933361578,19462.0865509438,-101836.956372924,19459.6240674614,-101836.97938427,0,0,1,0
20130206102259.daq,7,18,2183.93333333333,1,0,right,-0.550033569335938,270.550033569336,12,0.0001,56.1048583984375,807.297119694267,-0.878899931907654,0.290512770414352,-0.00883498694747686,4.30470994000201,19464.6202476935,-101845.159555779,19462.1577701684,-101845.183196036,19459.6952926433,-101845.206836292,0,0,1,0
20130206102259.daq,7,18,2184.03333333333,1,0,right,-0.565322875976563,270.565322875977,12,0.0001,56.1241683959961,815.527267123951,-0.74706494808197,0.290574669837952,-0.0278183110058308,4.23362881431467,19464.6915012491,-101853.385733221,19462.2290301201,-101853.410030585,19459.766558991,-101853.43432795,0,0,1,0
20130206102259.daq,7,18,2184.13333333333,1,0,right,-0.572860717773438,270.572860717773,12,0.0001,56.143424987793,823.760243709083,-0.439449965953827,0.29063680768013,-0.0373102016746998,4.16125571904762,19464.7642307899,-101861.619918289,19462.3017628787,-101861.644539617,19459.8392949675,-101861.669160944,0,0,1,0
20130206102259.daq,7,18,2184.23333333333,1,0,right,-0.576736450195313,270.576736450195,12,0.0001,56.1626243591309,831.996039705293,-0.439449965953827,0.289615213871002,0.0101485680788755,4.08643741238315,19464.8386880617,-101869.854195608,19462.3762218217,-101869.878983508,19459.9137555816,-101869.903771407,0,0,1,0
20130206102259.daq,7,18,2184.33333333333,1,0,right,-0.578170776367188,270.578170776367,12,0.0001,56.1817855834961,840.23464956414,-0.395504981279373,0.290045499801636,-0.00883498694747686,4.00999959129179,19464.9149482069,-101878.088534455,19462.4524825882,-101878.113383999,19459.9900169694,-101878.138233542,0,0,1,0
20130206102259.daq,7,18,2184.43333333333,1,0,right,-0.575759887695313,270.575759887695,12,0.0001,56.2008438110352,848.476062049333,-0.219724982976913,0.290431559085846,-0.0278183110058308,3.93201898685573,19464.9929248374,-101886.330782722,19462.5304581752,-101886.355528651,19460.067991513,-101886.380274579,0,0,1,0
20130206102259.daq,7,18,2184.53333333333,1,0,right,-0.567352294921875,270.567352294922,12,0.0001,56.2198448181152,856.720264852047,0.0439449995756149,0.290252983570099,-0.0278183110058308,3.85647843337791,19465.068579277,-101894.573182091,19462.6061090101,-101894.597566677,19460.1436387432,-101894.621951262,0,0,1,0
20130206102259.daq,7,18,2184.63333333333,1,0,right,-0.553207397460938,270.553207397461,12,0.0001,56.2388343811035,864.967254242365,0.17577999830246,0.289907157421112,-0.0562935285270214,3.77936995640075,19465.1458336758,-101902.823538368,19462.683357464,-101902.84731503,19460.2208812522,-101902.871091692,0,0,1,0
20130206102259.daq,7,18,2184.73333333333,1,0,right,-0.535430908203125,270.535430908203,12,0.0001,56.2577781677246,873.217025231483,0.219724997878075,0.289966583251953,-0.01832664757967,3.70462802498255,19465.220911305,-101911.06617331,19462.7584278347,-101911.089185968,19460.2959443645,-101911.112198625,0,0,1,0
20130206102259.daq,7,18,2184.83333333333,1,0,right,-0.514984130859375,270.514984130859,12,0.0001,56.2766418457031,881.469568820874,0.219724997878075,0.290250837802887,-0.0373102016746998,3.63155035220962,19465.2938712658,-101919.316687545,19462.83137974,-101919.338821431,19460.3688882142,-101919.360955316,0,0,1,0
20130206102259.daq,7,18,2184.93333333333,1,0,right,-0.49267578125,270.49267578125,12,0.0001,56.2954483032227,889.724874846579,0.351559996604919,0.290592938661575,-0.0278183110058308,3.56059109199048,19465.3647632862,-101927.575060586,19462.9022633291,-101927.596235689,19460.4397633721,-101927.617410791,0,0,1,0
20130206102259.daq,7,18,2185.03333333333,1,0,right,-0.464935302734375,270.464935302734,12,0.0001,56.3141784667969,897.98293449654,0.615229964256287,0.290446430444717,-0.0278183110058308,3.49387901589363,19465.4314142768,-101935.833569374,19462.9689043561,-101935.853552224,19460.5063944355,-101935.873535073,0,0,1,0
20130206102259.daq,7,18,2185.13333333333,1,0,right,-0.43353271484375,270.433532714844,12,0.0001,56.3328475952148,906.243735275551,0.615229964256287,0.289681553840637,-0.00883498694747686,3.42935397292367,19465.4958862065,-101944.092169083,19463.0333657036,-101944.11080228,19460.5708452007,-101944.129435478,0,0,1,0
20130206102259.daq,7,18,2185.23333333333,1,0,right,-0.400421142578125,270.400421142578,12,0.0001,56.3514862060547,914.507272427873,0.527339994907379,0.290162861347198,-0.01832664757967,3.36892893118696,19465.5563461502,-101952.358622985,19463.0938152902,-101952.375833074,19460.6312844302,-101952.393043163,0,0,1,0
20130206102259.daq,7,18,2185.33333333333,1,0,right,-0.370849609375,270.370849609375,12,0.0001,56.3700065612793,922.773535369837,0.26366999745369,0.289444118738174,-0.0468018651008606,3.31219189791064,19465.6131175465,-101960.62498727,19463.1505781321,-101960.640926394,19460.6880387176,-101960.656865518,0,0,1,0
20130206102259.daq,7,18,2185.43333333333,1,0,right,-0.346237182617188,270.346237182617,12,0.0001,56.3884391784668,931.042508342478,0.219724997878075,0.290948450565338,-0.0657851845026016,3.26100938962128,19465.6643348834,-101968.89122686,19463.2017888492,-101968.906108155,19460.739242815,-101968.92098945,0,0,1,0
20130206102259.daq,7,18,2185.53333333333,1,0,right,-0.3248291015625,270.324829101563,12,0.0001,56.4068069458008,939.314178011264,0.219724997878075,0.289769172668457,-0.0373102016746998,3.21169623232953,19465.7137963872,-101977.165198406,19463.2512449646,-101977.179159591,19460.7886935421,-101977.193120775,0,0,1,0
20130206102259.daq,7,18,2185.63333333333,1,0,right,-0.3045654296875,270.304565429688,12,0.0001,56.4251747131348,947.588542837591,0.219724997878075,0.289650678634644,0.0101485680788755,3.16820386320854,19465.7574688817,-101985.439140949,19463.2949126756,-101985.452231208,19460.8323564694,-101985.465321466,0,0,1,0
20130206102259.daq,7,18,2185.73333333333,1,0,right,-0.284698486328125,270.284698486328,12,0.0001,56.4434471130371,955.865595221752,0.131834998726845,0.288313984870911,-0.0278183110058308,3.12661163871771,19465.7992125387,-101993.713073176,19463.3366519416,-101993.725309558,19460.8740913445,-101993.737545939,0,0,1,0
20130206102259.daq,7,18,2185.83333333333,1,0,right,-0.269515991210938,270.269515991211,12,0.0001,56.4614677429199,964.145312364446,-0.0439449958503246,0.28632065653801,-0.00883498694747686,3.08621880809351,19465.8392918211,-102001.994700963,19463.376728068,-102002.006284804,19460.9141643149,-102002.017868646,0,0,1,0
20130206102259.daq,7,18,2185.93333333333,1,0,right,-0.255599975585938,270.255599975586,12,0.0001,56.4790534973145,972.427643165691,-0.131834983825684,0.280020147562027,-0.0468018651008606,3.0516994848456,19465.8735897476,-102010.276297019,19463.4110232536,-102010.287282752,19460.9484567597,-102010.298268484,0,0,1,0
20130206102259.daq,7,18,2186.03333333333,1,0,right,-0.24468994140625,270.244689941406,12,0.0001,56.4956169128418,980.712489248399,-0.131834983825684,0.280033707618713,-0.0373102016746998,3.01709185189179,19465.9080730207,-102018.557818178,19463.4455044795,-102018.568334998,19460.9829359384,-102018.578851819,0,0,1,0
20130206102259.daq,7,18,2186.13333333333,1,0,right,-0.235015869140625,270.235015869141,12,0.0001,56.5105781555176,988.999647704099,-0.0878899917006493,0.280133813619614,-0.0278183110058308,2.98644205173914,19465.93872624,-102026.847121011,19463.4761559582,-102026.85722204,19461.0135856764,-102026.86732307,0,0,1,0
20130206102259.daq,7,18,2186.23333333333,1,0,right,-0.223861694335938,270.223861694336,12,0.0001,56.5242347717285,997.288899026229,-0.0878899917006493,0.280504912137985,-0.0468018651008606,2.9561082900008,19465.9692881033,-102035.136460489,19463.5067159018,-102035.146082112,19461.0441437003,-102035.155703735,0,0,1,0
20130206102259.daq,7,18,2186.33333333333,1,0,right,-0.210922241210938,270.210922241211,12,0.0001,56.5370292663574,1005.58008562491,-0.0439449958503246,0.279236555099487,-0.00883498694747686,2.92806624567197,19465.9977866346,-102043.425844131,19463.535212323,-102043.434909617,19461.0726380113,-102043.443975102,0,0,1,0
20130206102259.daq,7,18,2186.43333333333,1,0,right,-0.198272705078125,270.198272705078,12,0.0001,56.5491409301758,1013.87309853945,0,0.271731555461884,-0.0468018651008606,2.90116104714671,19466.0243498583,-102051.715220404,19463.5617736052,-102051.723742211,19461.0991973521,-102051.732264019,0,0,1,0
20130206102259.daq,7,18,2186.53333333333,1,0,right,-0.183807373046875,270.183807373047,12,0.0001,56.560375213623,1022.16783030119,0,0.268138021230698,-0.0278183110058308,2.87633496310015,19466.0488478302,-102060.012454006,19463.5862695042,-102060.020354092,19461.1236911781,-102060.028254179,0,0,1,0
20130206102259.daq,7,18,2186.63333333333,1,0,right,-0.17010498046875,270.170104980469,12,0.0001,56.5697326660156,1030.46408415606,-0.0439449958503246,0.268087238073349,-0.0278183110058308,2.85375164833551,19466.0714396746,-102068.301855986,19463.6088595296,-102068.309167142,19461.1462793846,-102068.316478298,0,0,1,0
20130206102259.daq,7,18,2186.73333333333,1,0,right,-0.157516479492188,270.157516479492,12,0.0001,56.5755348205566,1038.76152310439,-0.0439449958503246,0.267997711896896,-0.0373102016746998,2.83340219805294,19466.0921470672,-102076.599042692,19463.6295653754,-102076.605812792,19461.1669836835,-102076.612582892,0,0,1,0
20130206102259.daq,7,18,2186.83333333333,1,0,right,-0.145919799804688,270.145919799805,12,0.0001,56.5678176879883,1047.05880418327,-0.0878899917006493,0.267675787210464,-0.0373102016746998,2.81474445504227,19466.1109624911,-102084.896204687,19463.6483794794,-102084.90247636,19461.1857964677,-102084.908748034,0,0,1,0
20130206102259.daq,7,18,2186.93333333333,1,0,right,-0.134140014648438,270.134140014648,12,0.0001,56.5620193481445,1055.35494012557,-0.131834983825684,0.268414258956909,-0.0657851845026016,2.79743907044393,19466.127813428,-102093.193371066,19463.6652291789,-102093.199136442,19461.2026449298,-102093.204901817,0,0,1,0
20130206102259.daq,7,18,2187.03333333333,1,0,right,-0.125686645507813,270.125686645508,12,0.0001,56.5614204406738,1063.65063010756,-0.395504981279373,0.26838344335556,-0.0562935285270214,2.78032648158831,19466.1448696738,-102101.490455072,19463.6822846009,-102101.49585712,19461.219699528,-102101.501259168,0,0,1,0
20130206102259.daq,7,18,2187.13333333333,1,0,right,-0.12457275390625,270.124572753906,12,0.0001,56.5634498596191,1071.94645693147,-0.57128494977951,0.268585801124573,-0.0468018651008606,2.7669636027958,19466.158472779,-102109.779545107,19463.6958876016,-102109.78489928,19461.2333024241,-102109.790253453,0,0,1,0
20130206102259.daq,7,18,2187.23333333333,1,0,right,-0.126480102539063,270.126480102539,12,0.0001,56.5661087036133,1080.24264085005,-0.57128494977951,0.268376648426056,-0.00883498694747686,2.75362256624794,19466.1722624102,-102118.076372958,19463.7096774123,-102118.081809109,19461.2470924144,-102118.08724526,0,0,1,0
20130206102259.daq,7,18,2187.33333333333,1,0,right,-0.129348754882813,270.129348754883,12,0.0001,56.5688743591309,1088.53922461762,-0.57128494977951,0.267771899700165,-0.0373102016746998,2.74115776713098,19466.1841582624,-102126.373177038,19463.7215735398,-102126.378736484,19461.2589888172,-102126.38429593,0,0,1,0
20130206102259.daq,7,18,2187.43333333333,1,0,right,-0.1341552734375,270.134155273438,12,0.0001,56.5715599060059,1096.83621033226,-0.57128494977951,0.267991065979004,-0.0373102016746998,2.72704860273568,19466.19812687,-102134.669933189,19463.7355426224,-102134.67569922,19461.2729583748,-102134.681465252,0,0,1,0
20130206102259.daq,7,18,2187.53333333333,1,0,right,-0.139511108398438,270.139511108398,12,0.0001,56.5740699768066,1105.13357715297,-0.57128494977951,0.26837158203125,-0.0278183110058308,2.71334357493638,19466.212129378,-102142.966675728,19463.7495456802,-102142.972671954,19461.2869619824,-102142.978668181,0,0,1,0
20130206102259.daq,7,18,2187.63333333333,1,0,right,-0.143173217773438,270.143173217773,12,0.0001,56.5765075683594,1113.43130526453,-0.527339935302734,0.26845982670784,-0.01832664757967,2.70067309842977,19466.2260273198,-102151.263460139,19463.7634440103,-102151.269613763,19461.3008607008,-102151.275767388,0,0,1,0
