daqname,subject,instance,time,road_type,oncoming,direction,heading_local,heading,width,curvature,speed,distance,steer,throttle,brake,lat_dist,front_left_x,front_left_y,front_center_x,front_center_y,front_right_x,front_right_y,pre_phase,ld_phase,post_phase,exceed
20130619102031.daq,21,3,63.1,1,0,left,-1.77721660918598,106.631189346313,12,-0.000779769625896094,38.8885612487793,0,3.91110491752625,0.62009859085083,-0.0737572759389877,-3.3636223271056,5002.82257555022,-11754.3545813278,5005.18214877235,-11753.649763172,5007.54172199449,-11752.9449450161,1,0,0,0
20130619102031.daq,21,3,63.2,1,0,left,-1.86670297222805,106.529270172119,12,-0.000780725434980127,39.1897087097168,5.7257574724199,4.13082981109619,0.618013858795166,-0.0737572759389877,-3.5304483970621,5001.18727149434,-11748.8630780589,5003.54809473098,-11748.1624582841,5005.90891796761,-11747.4618385094,1,0,0,0
20130619102031.daq,21,3,63.3,1,0,left,-1.97018482840041,106.414628982544,12,-0.000781486972180729,39.4900131225586,11.4956314467763,4.87789487838745,0.617347955703735,-0.0547737218439579,-3.72428515525323,4999.54971084964,-11743.325163586,5001.91193120604,-11742.629268902,5004.27415156245,-11741.933374218,1,0,0,0
20130619102031.daq,21,3,63.4,1,0,left,-2.06167805184592,106.274559020996,12,-0.000782071056960436,39.7888526916504,17.3094480614891,6.19624471664429,0.617428362369537,-0.0357903987169266,-3.93029495843969,4997.91056284347,-11737.7403219362,5000.27447738053,-11737.0502042036,5002.63839191759,-11736.3600864709,1,0,0,0
20130619102031.daq,21,3,63.5,1,0,left,-2.13275342208519,106.106828689575,12,-0.000782486087160338,40.0859222412109,23.1669667357701,7.07514476776123,0.618384599685669,-0.0452820584177971,-4.14824888363391,4996.27239373862,-11732.1094485084,4998.63831842626,-11731.4262539564,5001.0042431139,-11730.7430594045,1,0,0,0
20130619102031.daq,21,3,63.6,1,0,left,-2.15797468315399,105.925380706787,12,-0.000782719372844232,40.3811988830566,29.0679235767398,7.16303491592407,0.61783766746521,-0.0927406027913094,-4.37441028648526,4994.63740856458,-11726.4301923533,4997.00548496937,-11725.7544937781,4999.37356137417,-11725.0787952029,1,0,0,0
20130619102031.daq,21,3,63.7,1,0,left,-2.18742815941151,105.733437538147,12,-0.000782746915541064,40.6747398376465,35.0120601465483,7.55853986740112,0.617308676242828,-0.0737572759389877,-4.60633081935858,4993.00788374855,-11720.7056203339,4995.37821047837,-11720.0378586868,4997.74853720819,-11719.3700970397,1,0,0,0
20130619102031.daq,21,3,63.8,1,0,left,-2.20792262387764,105.521551132202,12,-0.000782546159767465,40.966480255127,40.9991187533324,8.65716457366943,0.631709456443787,-0.0357903987169266,-4.84352227324367,4991.38578862763,-11714.9324283381,4993.75856860312,-11714.2734369791,4996.13134857861,-11713.61444562,1,0,0,0
20130619102031.daq,21,3,63.9,1,0,left,-2.22130720721293,105.286898612976,12,-0.000782095252910608,41.2564735412598,47.0288346649786,9.53606414794922,0.640282154083252,-0.0452820584177971,-5.08544709918854,4989.7732350526,-11709.1114918113,4992.14869399364,-11708.4622235749,4994.52415293468,-11707.8129553384,1,0,0,0
20130619102031.daq,21,3,64,1,0,left,-2.19293227047098,105.033016204834,12,-0.000781371194210364,41.5450897216797,53.100977138401,9.79973411560059,0.639630436897278,-0.0452820584177971,-5.33068549485388,4988.17248695084,-11703.2429663817,4990.55079952408,-11702.6042303428,4992.92911209732,-11701.9654943039,1,0,0,0
20130619102031.daq,21,3,64.1,1,0,left,-2.14838263633652,104.767230987549,12,-0.000780349940071222,41.8325271606445,59.2153641527862,10.1952390670776,0.638043999671936,-0.0357903987169266,-5.57433389603938,4986.58609203388,-11697.3261788522,4988.96734199349,-11696.698482227,4991.34859195311,-11696.0707856018,1,0,0,0
20130619102031.daq,21,3,64.2,1,0,left,-2.10463880132663,104.485626220703,12,-0.000779006606999062,42.1186141967773,65.3718128014625,10.9423046112061,0.640145897865295,-0.311050206422806,-5.81699140437721,4985.01524336379,-11691.3609845178,4987.39954963487,-11690.7449991047,4989.78385590595,-11690.1290136916,0,1,0,1
20130619102031.daq,21,3,64.3,1,0,left,-2.06079886781536,104.191143989563,12,-0.000777316093265031,42.4031715393066,71.5701098720374,11.1180839538574,0.641802668571472,-0.0168068427592516,-6.0573936776589,4983.46272092946,-11685.3465342709,4985.85016166502,-11684.742811522,4988.23760240058,-11684.139088773,0,1,0,1
20130619102031.daq,21,3,64.4,1,0,left,-2.00208397809732,103.892272949219,12,-0.000775254181980911,42.686222076416,77.810030356201,11.0301942825317,0.64011025428772,-0.00731518119573593,-6.29635148796645,4981.9295378154,-11679.2841441475,4984.32009524521,-11678.6928831237,4986.71065267502,-11678.1016221,0,1,0,1
20130619102031.daq,21,3,64.5,1,0,left,-1.91617731422392,103.580872535706,12,-0.000772798635198479,42.9676856994629,84.091352089717,11.6893692016602,0.642141699790955,-0.0452820584177971,-6.52882914740436,4980.41809131643,-11673.1735054845,4982.81182690488,-11672.5952457193,4985.20556249334,-11672.0169859542,0,1,0,1
20130619102031.daq,21,3,64.6,1,0,left,-1.83388671728493,103.259408950806,12,-0.000769929746912782,43.2473564147949,90.413823861486,11.9090948104858,0.640994966030121,-0.0262985043227673,-6.75560269824611,4978.9287426652,-11667.014723671,4981.32568494383,-11666.4499032249,4983.72262722246,-11665.8850827788,0,1,0,1
20130619102031.daq,21,3,64.7,1,0,left,-1.76149459303548,102.929536819458,12,-0.000766630259186001,43.5253067016602,96.7771872336571,12.1288194656372,0.640378713607788,-0.0737572759389877,-6.97571284849912,4977.46433692787,-11660.806894269,4979.86449133446,-11660.2558831549,4982.26464574106,-11659.7048720407,0,1,0,1
20130619102031.daq,21,3,64.8,1,0,left,-1.66559945626382,102.580800056458,12,-0.000762884397485747,43.8014259338379,103.181185819844,13.1834993362427,0.63861072063446,-0.0262985043227673,-7.19019496902,4976.02594186226,-11654.5515870802,4978.42940557618,-11654.0151948736,4980.83286929009,-11653.4788026669,0,1,0,1
20130619102031.daq,21,3,64.9,1,0,left,-1.5142586935567,102.205040931702,12,-0.000758675861995699,44.0754814147949,109.625531622464,14.2381792068481,0.640126824378967,-0.00731518119573593,-7.39322523591042,4974.61597310964,-11648.2465657358,4977.02290289708,-11647.7259474287,4979.42983268453,-11647.2053291215,0,1,0,1
20130619102031.daq,21,3,65,1,0,left,-1.35787112065738,101.802556037903,12,-0.000753985253400715,44.3474807739258,116.109920931585,14.8534097671509,0.641605734825134,-0.0262985043227673,-7.58329875887461,4973.23736282849,-11641.8928475726,4975.6478903801,-11641.389149899,4978.0584179317,-11640.8854522254,0,1,0,1
20130619102031.daq,21,3,65.1,1,0,left,-1.19655360122078,101.381732940674,12,-0.000748789763128381,44.6174621582031,122.634054792941,15.2049694061279,0.638975024223328,-0.0168068427592516,-7.75910308434343,4971.89356952222,-11635.4907688857,4974.30773155529,-11635.0047893578,4976.72189358836,-11634.5188098299,0,1,0,1
20130619102031.daq,21,3,65.2,1,0,left,-1.02301951909479,100.940685272217,12,-0.000743064046287133,44.885440826416,129.197641618888,16.0838680267334,0.639027714729309,-0.0547737218439579,-7.91964796594051,4970.58764200209,-11629.0383321862,4973.00547341398,-11628.5709504502,4975.42330482586,-11628.1035687142,0,1,0,1
20130619102031.daq,21,3,65.3,1,0,left,-0.778168861864373,100.463775634766,12,-0.000736789552293367,45.1510963439941,135.800365670455,17.7537784576416,0.6414555311203,-0.0832489356398582,-8.0593383337575,4969.32291736509,-11622.5379405456,4971.74455529409,-11622.0906999345,4974.16619322308,-11621.6434593233,0,1,0,1
20130619102031.daq,21,3,65.4,1,0,left,-0.514672675812051,99.9497232437134,12,-0.000729955846463007,45.4142913818359,142.441870272638,18.5887336730957,0.641135454177856,-0.0832489356398582,-8.17366644641181,4968.10340440908,-11615.9866710575,4970.52895742095,-11615.5611748648,4972.95451043281,-11615.135678672,0,1,0,1
20130619102031.daq,21,3,65.5,1,0,left,-0.252073633061343,99.4179925918579,12,-0.000722557102662982,45.675365447998,149.121817446726,18.5887336730957,0.638384938240051,-0.0262985043227673,-8.26215560840081,4966.93291037635,-11609.3872034538,4969.36230767618,-11608.984235486,4971.791704976,-11608.5812675183,0,1,0,1
20130619102031.daq,21,3,65.6,1,0,left,0.0296495154557164,98.8710403442383,12,-0.000714578593858855,45.9343452453613,155.839905487629,19.0721282958984,0.63874626159668,-0.0547737218439579,-8.32325310683489,4965.81521528083,-11602.7386737843,4968.24834860917,-11602.3589151373,4970.68148193751,-11601.9791564903,0,1,0,1
20130619102031.daq,21,3,65.7,1,0,left,0.357252011446988,98.3108034133911,12,-0.000706002782768578,46.191047668457,162.595809611283,19.4236888885498,0.641027569770813,-0.10223226249218,-8.35015742971192,4964.75314927452,-11596.0421496186,4967.18987950213,-11595.6861998732,4969.62660972975,-11595.3302501278,0,1,0,1
20130619102031.daq,21,3,65.8,1,0,left,0.654509168740148,97.757209777832,12,-0.000696822461412529,46.4458351135254,169.389213752347,18.3690090179443,0.640868961811066,-0.0452820584177971,-8.34318318338994,4963.74800964484,-11589.2992831395,4966.18806527724,-11588.9668934071,4968.62812090964,-11588.6345036747,0,1,1,1
20130619102031.daq,21,3,65.9,1,0,left,0.904940981792294,97.2218656539917,12,-0.000687038265931255,46.6991958618164,176.219882551943,17.5779991149902,0.63851934671402,-0.0737572759389877,-8.30303879174206,4962.80204109236,-11582.5104380904,4965.24509585962,-11582.2008612378,4967.68815062688,-11581.8912843853,0,1,1,1
20130619102031.daq,21,3,66,1,0,left,1.170475571195,96.6933612823486,12,-0.000676655472313505,46.9508361816406,183.087589463161,17.8416690826416,0.640801966190338,-0.0452820584177971,-8.23279909839074,4961.91491524575,-11575.6771785808,4964.36072162051,-11575.3901496614,4966.80652799528,-11575.1031207419,0,1,1,1
20130619102031.daq,21,3,66.1,1,0,left,1.45613664425441,96.164598941803,12,-0.000665680738690172,47.2006759643555,189.99206877478,17.8416690826416,0.641099095344543,-0.0642653852701187,-8.12707000299437,4961.08655245887,-11568.8002509538,4963.53490353238,-11568.5358054125,4965.98325460589,-11568.2713598713,0,1,1,1
20130619102031.daq,21,3,66.2,1,0,left,1.71753858582048,95.6328420639038,12,-0.000654120543938501,47.448844909668,196.933069462194,17.8416690826416,0.639392852783203,-0.0452820584177971,-7.98768370362161,4960.31760027204,-11561.8785969235,4962.76830016123,-11561.636885367,4965.21900005041,-11561.3951738104,0,1,1,1
20130619102031.daq,21,3,66.3,1,0,left,1.95228771108613,95.100389957428,12,-0.000641994006480147,47.6952934265137,203.910343531371,17.7098331451416,0.610012412071228,-0.0642653852701187,-7.81805127230115,4959.60841034249,-11554.9142448719,4962.06125061384,-11554.6953178825,4964.51409088519,-11554.4763908932,0,1,1,1
20130619102031.daq,21,3,66.4,1,0,left,2.23357346786676,94.5739636421204,12,-0.000629330562116292,47.9399223327637,210.923632404587,17.2703838348389,0.565279603004456,-0.0927406027913094,-7.61866252880947,4958.95906799629,-11547.908371703,4961.41381618262,-11547.7119900206,4963.86856436894,-11547.5156083383,0,1,1,1
20130619102031.daq,21,3,66.5,1,0,left,2.49078056123582,94.0659875869751,12,-0.000616161747912422,48.1822280883789,217.972637127578,16.0838680267334,0.478605270385742,-0.0547737218439579,-7.3838328979357,4958.36979803429,-11540.8613278921,4960.82619081414,-11540.6867170834,4963.282583594,-11540.5121062748,0,1,1,1
20130619102031.daq,21,3,66.6,1,0,left,2.68468376639697,93.5872509479523,12,-0.000602516185645122,48.4212226867676,225.056962000897,15.0291891098022,0.359829187393188,-0.0452820584177971,-7.11919965427594,4957.83944665882,-11533.7753447828,4960.29721264175,-11533.6212642955,4962.75497862469,-11533.4671838083,0,1,1,1
20130619102031.daq,21,3,66.7,1,0,left,2.82437325142439,93.1308500766754,12,-0.000588425348402003,48.6526908874512,232.175852412131,14.3700141906738,0.222229301929474,-0.0262985043227673,-6.83085613785386,4957.36694268166,-11526.6521396846,4959.82585803513,-11526.5176417,4962.28477338861,-11526.3831437155,0,1,1,1
20130619102031.daq,21,3,66.8,1,0,left,3.02928961091692,92.7012495994568,12,-0.000573929516614484,48.8729591369629,239.3279436248,13.2713890075684,0.135112434625626,-0.00731518119573593,-6.51660704441111,4956.95004579079,-11519.4937570152,4959.40990047428,-11519.3776994452,4961.86975515777,-11519.2616418752,0,1,1,1
20130619102031.daq,21,3,66.9,1,0,left,3.16777498032634,92.2978053092957,12,-0.000559077072446619,49.0494270324707,246.509739291372,11.6014795303345,0.0776038765907288,-0.0452820584177971,-6.17692323969045,4956.58633555491,-11512.3020967033,4959.04694646133,-11512.2033627649,4961.50755736776,-11512.1046288264,0,1,1,1
20130619102031.daq,21,3,67,1,0,left,3.22025629305749,91.9399945735931,12,-0.000543923680094579,49.1485023498535,253.711884642391,8.83294486999512,0,-0.00731518119573593,-5.8218763577894,4956.27216755081,-11505.0893636407,4958.73334706284,-11505.0059979823,4961.19452657487,-11504.922632324,0,1,1,1
20130619102031.daq,21,3,67.1,1,0,left,3.22154545762319,91.6547558307648,12,-0.000528531455282215,49.1691932678223,260.922796179173,5.36128950119019,0,0.0306516978889704,-5.46185334513308,4956.0019667699,-11497.8669580587,4958.46353080517,-11497.7958460086,4960.92509484045,-11497.7247339586,0,0,1,0
20130619102031.daq,21,3,67.2,1,0,left,3.18986842925095,91.4521160125732,12,-0.00051296759893912,49.1279106140137,268.131665390213,2.59275484085083,0,6.28569555282593,-5.09467208600911,4955.76923146787,-11490.6497245712,4958.2310316117,-11490.5873188402,4960.69283175552,-11490.5249131091,0,0,1,0
20130619102031.daq,21,3,67.3,1,0,left,3.03744066485666,91.3223952054977,12,-0.000497302045834218,49.0513877868652,275.332212557465,0.703119993209839,0,22.4121284484863,-4.73098845817635,4955.56623013419,-11483.4432173197,4958.02816525839,-11483.3863853952,4960.49010038259,-11483.3295534707,0,0,1,0
20130619102031.daq,21,3,67.4,1,0,left,2.76506898978423,91.2615225315094,12,-0.000481604877916334,48.8927917480469,282.516039313351,-0.527339935302734,0,18.1028861999512,-4.38609190362761,4955.38489829428,-11476.2580426133,4957.84689240888,-11476.2038263507,4960.30888652347,-11476.149610088,0,0,1,0
20130619102031.daq,21,3,67.5,1,0,left,2.5543573253337,91.2459727525711,12,-0.000465944318457041,48.6242790222168,289.668606139317,-1.2744048833847,0,16.2804756164551,-4.06483147024619,4955.21934664755,-11469.1062722093,4957.68135538549,-11469.0527241211,4960.14336412343,-11468.9991760329,0,0,1,0
20130619102031.daq,21,3,67.6,1,0,left,2.30599481604051,91.2557719945908,12,-0.000450385239391279,48.2540473937988,296.774082586417,-1.49412989616394,0,11.3827486038208,-3.76409329281792,4955.06347309735,-11462.0010575303,4957.52547264101,-11461.9470883679,4959.98747218466,-11461.8931192056,0,0,1,0
20130619102031.daq,21,3,67.7,1,0,left,1.98427996361163,91.2750835418701,12,-0.000434987417056147,47.822437286377,303.820016594048,-1.49412989616394,0,9.76915645599365,-3.49537828056976,4954.91238822767,-11454.9566366582,4957.37436944116,-11454.9018376818,4959.83635065466,-11454.8470387053,0,0,1,0
20130619102031.daq,21,3,67.8,1,0,left,1.61613090900245,91.2952513694763,12,-0.000419803434083026,47.4060592651367,310.802981984075,-1.18651497364044,0,8.715576171875,-3.26971372723068,4954.76271594848,-11447.9757149887,4957.22467772049,-11447.9200494106,4959.6866394925,-11447.8643838325,0,0,1,0
20130619102031.daq,21,3,67.9,1,0,left,1.44797252284545,91.3033467531204,12,-0.000404876812128511,47.035514831543,317.728103220523,-0.175779983401299,0,7.97522115707397,-3.07735462733991,4954.61231801514,-11441.0560034267,4957.07427189752,-11440.9999899958,4959.53622577991,-11440.943976565,0,0,1,0
20130619102031.daq,21,3,68,1,0,left,1.22214502851213,91.2857266664505,12,-0.000390240958224917,46.7178535461426,324.602742728233,1.01073491573334,0,6.76028108596802,-2.91116872388655,4954.46251782731,-11434.1883582575,4956.92448881901,-11434.1331019504,4959.3864598107,-11434.0778456433,0,0,1,0
20130619102031.daq,21,3,68.1,1,0,left,0.940493064080954,91.2386140823364,12,-0.000375919297478437,46.4530487060547,331.434628978513,1.80174493789673,0,4.49176025390625,-2.7794435769661,4954.31452388892,-11427.3629174214,4956.7765394839,-11427.3096855369,4959.23855507887,-11427.2564536524,0,0,1,0
20130619102031.daq,21,3,68.2,1,0,left,0.700305833794715,91.1709835529327,12,-0.000361926666399461,46.2476463317871,338.231976313286,2.02146983146667,0,2.19476366043091,-2.68704906032944,4954.17071782137,-11420.5701516289,4956.63279453479,-11420.5198258835,4959.09487124822,-11420.469500138,0,0,1,0
20130619102031.daq,21,3,68.3,1,0,left,0.666727896254187,91.0945682525635,12,-0.000348271375463657,46.0967636108398,345.003375611384,1.97752487659454,0,0.495745897293091,-2.60839782200474,4954.0338000608,-11413.800601887,4956.49594170386,-11413.7535598536,4958.95808334693,-11413.7065178202,0,0,1,0
20130619102031.daq,21,3,68.4,1,0,left,0.484588766807306,91.0113785266876,12,-0.000334956989858147,45.9786758422852,351.755291362496,2.37302994728088,0,0.116077117621899,-2.54331384033526,4953.90560129787,-11407.0494391475,4956.36780864763,-11407.0059720312,4958.83001599739,-11406.9625049148,0,0,1,0
20130619102031.daq,21,3,68.5,1,0,left,0.17763960849625,90.9061315059662,12,-0.000321983237859619,45.8810272216797,358.491497094925,3.51559996604919,0,-0.263591676950455,-2.50763956425299,4953.78803709217,-11400.3113916772,4956.25032013291,-11400.2724474776,4958.71260317366,-11400.233503278,0,0,1,0
20130619102031.daq,21,3,68.6,1,0,left,-0.0286069282142307,90.7718031406403,12,-0.000309349282606506,45.7949142456055,365.214325603077,4.4384446144104,0.0891641974449158,-0.0168068427592516,-2.51281443566472,4953.68251875117,-11393.5853118427,4956.1448863284,-11393.5521404991,4958.60725390563,-11393.5189691555,0,0,1,0
20130619102031.daq,21,3,68.7,1,0,left,0.0356243393347313,90.6223069429398,12,-0.000297058676143258,45.7131156921387,371.924910740474,4.08688449859619,0.123008377850056,-0.0737572759389877,-2.52109576732163,4953.59112510444,-11386.8705869368,4956.05357085047,-11386.8438405105,4958.51601659649,-11386.8170940842,0,0,1,0
20130619102031.daq,21,3,68.8,1,0,left,-0.0168609511549533,90.4891114830971,12,-0.000285114590505662,45.6319618225098,378.623644243507,2.59275484085083,0.145239353179932,-0.0357903987169266,-2.53028729909981,4953.51485073184,-11380.1680139657,4955.9773520014,-11380.1469920525,4958.43985327096,-11380.1259701392,0,0,1,0
20130619102031.daq,21,3,68.9,1,0,left,-0.20810082709994,90.3948273062706,12,-0.000273520394288054,45.5511283874512,385.310415752733,0.92284494638443,0.169463738799095,0.0306516978889704,-2.55357569568474,4953.45278760472,-11373.4781511604,4955.91532013318,-11373.4611814903,4958.37785266165,-11373.4442118202,0,0,1,0
20130619102031.daq,21,4,119.25,1,0,left,-2.35349130630493,92.3534913063049,12,0.0001,32.7097129821777,0,-0.131834983825684,0.268819868564606,0.0781102403998375,-3.40191080265436,4952.61420298598,-7718.89588937793,4955.07471677037,-7718.79476400894,4957.53523055476,-7718.69363863994,1,0,0,0
20130619102031.daq,21,4,119.35,1,0,left,-2.35586714744568,92.3558671474457,12,0.0001,32.6930389404297,4.79589011538974,-0.131834983825684,0.281557708978653,0.0496352538466454,-3.57832423302284,4952.4216758889,-7714.10542642552,4954.88218547788,-7714.00419902833,4957.34269506687,-7713.90297163114,1,0,0,0
20130619102031.daq,21,4,119.45,1,0,left,-2.36186408996582,92.3618640899658,12,0.0001,32.7060241699219,9.59147059957559,-0.131834983825684,0.297541320323944,0.0686185732483864,-3.77207900771065,4952.22795233208,-7709.31603820327,4954.68845131248,-7709.21455327398,4957.14895029288,-7709.11306834468,1,0,0,0
20130619102031.daq,21,4,119.55,1,0,left,-2.37177300453186,92.3717730045319,12,0.0001,32.7486801147461,14.3911601663158,-0.483394980430603,0.320975780487061,0.0876021310687065,-3.96707063897014,4952.03301468415,-7704.5228498563,4954.49349607663,-7704.420939402,4956.9539774691,-7704.31902894769,1,0,0,0
20130619102031.daq,21,4,119.65,1,0,left,-2.39448094367981,92.3944809436798,12,0.0001,32.8167381286621,19.1990326969035,-1.31834995746613,0.347195386886597,0.00217648060061038,-4.16377891810624,4951.83632343912,-7699.72219645258,4954.29676424837,-7699.61931084789,4956.75720505761,-7699.5164252432,1,0,0,0
20130619102031.daq,21,4,119.75,1,0,left,-2.43497943878174,92.4349794387817,12,0.0001,32.9071655273438,24.0185346976223,-1.97752487659454,0.368656605482101,0.0496352538466454,-4.36296108878067,4951.63708777779,-7694.90982007941,4954.09745524956,-7694.80519538206,4956.55782272133,-7694.70057068472,1,0,0,0
20130619102031.daq,21,4,119.85,1,0,left,-2.48495984077454,92.4849598407745,12,0.0001,33.0194129943848,28.8529090669399,-2.0654149055481,0.379872888326645,0.0496352538466454,-4.56614118688403,4951.43385965521,-7690.08256696971,4953.8941349244,-7689.97579607835,4956.35441019359,-7689.86902518699,1,0,0,0
20130619102031.daq,21,4,119.95,1,0,left,-2.53784418106079,92.5378441810608,12,0.0001,33.1514587402344,33.7052333739712,-2.0654149055481,0.38035449385643,0.0211600363254547,-4.77462611178787,4951.22557380241,-7685.2378176431,4953.68574947346,-7685.12877594905,4956.1459251445,-7685.01973425501,1,0,0,0
20130619102031.daq,21,4,120.05,1,0,left,-2.58688139915466,92.5868813991547,12,0.0001,33.3006134033203,38.5782069258275,-1.62596487998962,0.380045026540756,0.0591269135475159,-4.98786290897332,4951.0121513956,-7680.37245824351,4953.4722328411,-7680.26131102147,4955.93231428659,-7680.15016379942,1,0,0,0
20130619102031.daq,21,4,120.15,1,0,left,-2.62389850616455,92.6238985061646,12,0.0001,33.4646148681641,43.4741744060821,-0.878899931907654,0.380654960870743,0.040143359452486,-5.20610527451383,4950.79408744959,-7675.48431117219,4953.25409657273,-7675.37157458765,4955.71410569587,-7675.25883800312,1,0,0,0
20130619102031.daq,21,4,120.25,1,0,left,-2.63756704330444,92.6375670433044,12,0.0001,33.6403770446777,48.3950996719759,0.74706494808197,0.379592627286911,0.0686185732483864,-5.42866130380326,4950.57157946774,-7670.56964655689,4953.03156162633,-7670.45632311339,4955.49154378492,-7670.34299966989,1,0,0,0
20130619102031.daq,21,4,120.35,1,0,left,-2.59582495689392,92.5958249568939,12,0.0001,33.8245162963867,53.3424558145898,4.13082981109619,0.382976293563843,0.0211600363254547,-5.65057751770289,4950.34949988517,-7665.62709740942,4952.80956395122,-7665.51556618348,4955.26962801727,-7665.40403495753,1,0,0,0
20130619102031.daq,21,4,120.45,1,0,left,-2.48801279067993,92.4880127906799,12,0.0001,34.0136947631836,58.3172298212676,6.63569450378418,0.39147937297821,0.040143359452486,-5.86910339020587,4950.13094006572,-7660.65393920121,4952.59120964223,-7660.54703721663,4955.05147921874,-7660.44013523205,0,1,0,1
20130619102031.daq,21,4,120.55,1,0,left,-2.34053325653076,92.3405332565308,12,0.0001,34.2053718566895,63.3199488250293,7.03119993209839,0.408936858177185,0.0116683738306165,-6.07984525754151,4949.92016575523,-7655.64993281838,4952.38070234727,-7655.54936392333,4954.84123893931,-7655.44879502827,0,1,0,1
20130619102031.daq,21,4,120.65,1,0,left,-2.18630456924438,92.1863045692444,12,0.0001,34.3992195129395,68.3509335070121,6.5478048324585,0.429458051919937,-0.0452820584177971,-6.27897724574923,4949.7210425967,-7650.61598259758,4952.18184098536,-7650.52203732732,4954.64263937402,-7650.42809205706,0,1,0,1
20130619102031.daq,21,4,120.75,1,0,left,-2.04154968261719,92.0415496826172,12,0.0001,34.5963287353516,73.4105708479383,5.80073976516724,0.436140984296799,-0.0452820584177971,-6.46497989635363,4949.53502573217,-7645.55350259639,4951.99605361498,-7645.46577470191,4954.45708149779,-7645.37804680742,0,1,0,1
20130619102031.daq,21,4,120.85,1,0,left,-1.91395938396454,91.9139593839645,12,0.0001,34.798412322998,78.4994446292121,5.2733998298645,0.437194347381592,0.0591269135475159,-6.63955996561041,4949.36066795086,-7640.46171671812,4951.82188509014,-7640.37946942777,4954.28310222941,-7640.29722213741,0,1,0,1
20130619102031.daq,21,4,120.95,1,0,left,-1.79239511489868,91.7923951148987,12,0.0001,35.0095520019531,83.6185867372651,5.2733998298645,0.437236905097961,0.0496352538466454,-6.80239163297545,4949.19766893348,-7635.33983441823,4951.65905503673,-7635.26280926549,4954.12044113999,-7635.18578411274,0,1,0,1
20130619102031.daq,21,4,121.05,1,0,left,-1.67265737056732,91.6726573705673,12,0.0001,35.2300682067871,88.7694063414274,5.2733998298645,0.437233179807663,0.0496352538466454,-6.95620767187134,4949.04384258934,-7630.18676602761,4951.50538428616,-7630.114884888,4953.96692598299,-7630.04300374839,0,1,0,1
20130619102031.daq,21,4,121.15,1,0,left,-1.55303597450256,91.5530359745026,12,0.0001,35.4576988220215,93.9531122669059,5.2733998298645,0.43704953789711,0.0211600363254547,-7.10045434259238,4948.89978136145,-7625.000024561,4951.36146776594,-7624.9332827496,4953.82315417043,-7624.8665409382,0,1,0,1
20130619102031.daq,21,4,121.25,1,0,left,-1.42751085758209,91.4275108575821,12,0.0001,35.6910591125488,99.1706351790299,5.80073976516724,0.440577358007431,0.0211600363254547,-7.23463733025045,4948.76536509973,-7619.77945274633,4951.22719181614,-7619.71810421881,4953.68901853254,-7619.65675569128,0,1,0,1
20130619102031.daq,21,4,121.35,1,0,left,-1.28103733062744,91.2810373306274,12,0.0001,35.9367828369141,104.423198076762,7.16303491592407,0.449843049049377,0.0686185732483864,-7.3580017667148,4948.64200415536,-7614.52222088629,4951.10397966123,-7614.46716607775,4953.5659551671,-7614.41211126921,0,1,0,1
20130619102031.daq,21,4,121.45,1,0,left,-1.11065423488617,91.1106542348862,12,0.0001,36.1904754638672,109.712490434022,7.86615467071533,0.456573754549026,0.0306516978889704,-7.46866246960358,4948.53134902388,-7609.227285939,4950.9934773627,-7609.17955265293,4953.45560570152,-7609.13181936687,0,1,0,1
20130619102031.daq,21,4,121.55,1,0,left,-0.930376648902893,90.9303766489029,12,0.0001,36.4475059509277,115.039256093035,7.82220983505249,0.462421417236328,0.0211600363254547,-7.56513506072864,4948.43498617775,-7603.89355463464,4950.89725251851,-7603.85356850487,4953.35951885927,-7603.8135823751,0,1,0,1
20130619102031.daq,21,4,121.65,1,0,left,-0.746184289455414,90.7461842894554,12,0.0001,36.7070846557617,120.40390604598,7.77826452255249,0.467707484960556,-0.0357903987169266,-7.64522106570796,4948.35499175022,-7598.52118453763,4950.81737391331,-7598.4891142039,4953.27975607641,-7598.45704387016,0,1,0,1
20130619102031.daq,21,4,121.75,1,0,left,-0.563194870948792,90.5631948709488,12,0.0001,36.9697227478027,125.806844990771,7.82220983505249,0.468400508165359,0.0211600363254547,-7.70856079549596,4948.29153987949,-7593.11079520189,4950.75401190929,-7593.08658929533,4953.21648393908,-7593.06238338877,0,1,0,1
20130619102031.daq,21,4,121.85,1,0,left,-0.378332555294037,90.378332555294,12,0.0001,37.2355270385742,131.248541593703,7.82220983505249,0.468542605638504,-0.0168068427592516,-7.75472014157189,4948.24530799761,-7587.6608442454,4950.70784530939,-7587.64458350888,4953.17038262116,-7587.62832277236,0,1,0,1
20130619102031.daq,21,4,121.95,1,0,left,-0.194802641868591,90.1948026418686,12,0.0001,37.5036544799805,136.727226233884,7.60248470306396,0.468086361885071,0.0116683738306165,-7.78439021555342,4948.21561036421,-7582.17190058248,4950.67818712889,-7582.16352791852,4953.14076389356,-7582.15515525457,0,1,0,1
20130619102031.daq,21,4,122.05,1,0,left,-0.0165343731641769,90.0165343731642,12,0.0001,37.7729721069336,142.247516617088,7.3388147354126,0.469739943742752,0.0306516978889704,-7.79685816761068,4948.2031803352,-7576.64357184955,4950.66577123066,-7576.64286119689,4953.12836212612,-7576.64215054424,0,1,0,1
20130619102031.daq,21,4,122.15,1,0,left,0.159992426633835,89.8400075733662,12,0.0001,38.042724609375,147.807344308031,7.38275957107544,0.470786929130554,0.040143359452486,-7.79232037656261,4948.20774606698,-7571.07625739711,4950.670327464,-7571.08313391404,4953.13290886102,-7571.09001043096,0,1,1,1
20130619102031.daq,21,4,122.25,1,0,left,0.336554765701294,89.6634452342987,12,0.0001,38.3125686645508,153.406745207335,7.42670488357544,0.470699816942215,0.0306516978889704,-7.7707364576636,4948.22941712066,-7565.46893666571,4950.69196563448,-7565.48340181441,4953.15451414829,-7565.49786696311,0,1,1,1
20130619102031.daq,21,4,122.35,1,0,left,0.509141981601715,89.4908580183983,12,0.0001,38.5822334289551,159.045713953216,6.89936447143555,0.471503376960754,0.0496352538466454,-7.73209937910395,4948.26794470328,-7559.82219438324,4950.73043847314,-7559.84407718107,4953.192932243,-7559.8659599789,0,1,1,1
20130619102031.daq,21,4,122.45,1,0,left,0.671180784702301,89.3288192152977,12,0.0001,38.8514556884766,164.72420396812,6.32807970046997,0.4720439016819,0.0686185732483864,-7.67667587844435,4948.32340808053,-7554.13618517025,4950.78583011574,-7554.16503207609,4953.24825215094,-7554.19387898193,0,1,1,1
20130619102031.daq,21,4,122.55,1,0,left,0.813439667224884,89.1865603327751,12,0.0001,39.120044708252,170.442135151696,5.2733998298645,0.47187927365303,0.0496352538466454,-7.60576845109909,4948.39425484916,-7548.41209885306,4950.85659767079,-7548.44705957663,4953.31894049242,-7548.4820203002,0,1,1,1
20130619102031.daq,21,4,122.65,1,0,left,0.930876314640045,89.06912368536,12,0.0001,39.3878784179688,176.199406142969,4.17477464675903,0.479369014501572,0.0591269135475159,-7.5204278568823,4948.47967961457,-7542.64955689265,4950.94194560653,-7542.68956449539,4953.40421159849,-7542.72957209812,0,1,1,1
20130619102031.daq,21,4,122.75,1,0,left,1.0279415845871,88.9720584154129,12,0.0001,39.655029296875,181.995902013326,3.64743494987488,0.498538225889206,0.0591269135475159,-7.42201808116142,4948.5780025534,-7536.84893361382,4951.04019723481,-7536.89311250302,4953.50239191623,-7536.93729139221,0,1,1,1
20130619102031.daq,21,4,122.85,1,0,left,1.10874426364899,88.891255736351,12,0.0001,39.9234313964844,187.831633159961,3.0322048664093,0.531354784965515,0.0496352538466454,-7.31354888587871,4948.68654731837,-7531.01061477452,4951.14867724703,-7531.0582659848,4953.61080717569,-7531.10591719509,0,1,1,1
20130619102031.daq,21,4,122.95,1,0,left,1.16763579845428,88.8323642015457,12,0.0001,40.1958198547363,193.707016076707,1.84568989276886,0.554033517837524,0.0496352538466454,-7.19603983133927,4948.80398392445,-7525.13326296106,4951.26606357417,-7525.18344484889,4953.72814322389,-7525.23362673672,0,1,1,1
20130619102031.daq,21,4,123.05,1,0,left,1.20215725898743,88.7978427410126,12,0.0001,40.4707374572754,199.622555237229,1.09862494468689,0.579194068908691,0.0686185732483864,-7.07239416663446,4948.92771620433,-7519.21693121544,4951.38976517191,-7519.26859652943,4953.85181413949,-7519.32026184342,0,1,1,1
20130619102031.daq,21,4,123.15,1,0,left,1.22423410415649,88.7757658958435,12,0.0001,40.7472991943359,205.578539804716,1.01073491573334,0.601222991943359,0.0306516978889704,-6.94349471150198,4949.05653297162,-7513.26133934603,4951.51856184908,-7513.31395331721,4953.98059072655,-7513.36656728838,0,1,1,1
20130619102031.daq,21,4,123.25,1,0,left,1.24194979667664,88.7580502033234,12,0.0001,41.0254592895508,211.575203273079,1.05467998981476,0.604617714881897,0.0496352538466454,-6.81113666510214,4949.18898443741,-7507.26483372213,4951.6509969291,-7507.31820894312,4954.11300942078,-7507.37158416412,0,1,1,1
20130619102031.daq,21,4,123.35,1,0,left,1.25716614723206,88.7428338527679,12,0.0001,41.3051338195801,217.612777364512,0.74706494808197,0.603973507881165,0.106585457921028,-6.67531876840409,4949.32469824738,-7501.22785913441,4951.7866964771,-7501.28188820351,4954.24869470681,-7501.33591727261,0,1,1,1
20130619102031.daq,21,4,123.45,1,0,left,1.25582921504974,88.7441707849503,12,0.0001,41.5860214233398,223.691465313829,-0.263669967651367,0.603955686092377,0.0116683738306165,-6.53873573200351,4949.46133368462,-7495.1502534641,4951.92333317437,-7495.20422508524,4954.38533266412,-7495.25819670638,0,1,1,1
20130619102031.daq,21,4,123.55,1,0,left,1.22567534446716,88.7743246555328,12,0.0001,41.8674583435059,229.811399067471,-1.75779986381531,0.604589462280273,0.0211600363254547,-6.40138687693634,4949.59861495355,-7489.03230191949,4952.06064250676,-7489.08497782148,4954.52267005997,-7489.13765372347,0,1,1,1
20130619102031.daq,21,4,123.65,1,0,left,1.16637110710144,88.8336288928986,12,0.0001,42.1487693786621,235.972608045299,-2.46091985702515,0.605721473693848,0.00217648060061038,-6.26666541235682,4949.73359265945,-7482.87450339237,4952.19567341623,-7482.92463093463,4954.65775417302,-7482.9747584769,0,1,1,1
20130619102031.daq,21,4,123.75,1,0,left,1.09358489513397,88.906415104866,12,0.0001,42.4294090270996,242.175032708228,-2.50486493110657,0.604290843009949,-0.0357903987169266,-6.13539253250335,4949.86480281818,-7476.6760084526,4952.32694526826,-7476.72300822869,4954.78908771834,-7476.77000800478,0,1,1,1
20130619102031.daq,21,4,123.85,1,0,left,1.01421642303467,88.9857835769653,12,0.0001,42.7089500427246,248.418541576063,-2.68064475059509,0.6042121052742,0.0496352538466454,-6.01037827954265,4949.98974622426,-7470.43665821744,4952.45195141805,-7470.48024728846,4954.91415661184,-7470.52383635949,0,1,1,1
20130619102031.daq,21,4,123.95,1,0,left,0.927823185920715,89.0721768140793,12,0.0001,42.9871520996094,254.702953420599,-3.12009477615356,0.602757692337036,0.0211600363254547,-5.8926630920512,4950.10741945011,-7464.15695310137,4952.56968757047,-7464.19682949691,4955.03195569082,-7464.23670589245,0,1,1,1
20130619102031.daq,21,4,124.05,1,0,left,0.834654688835144,89.1653453111649,12,0.0001,43.2638969421387,261.028062396068,-3.25192975997925,0.605941712856293,-0.0168068427592516,-5.78416729628808,4950.21588563606,-7457.8364008862,4952.67821534392,-7457.8722733439,4955.14054505178,-7457.9081458016,0,1,1,1
20130619102031.daq,21,4,124.15,1,0,left,0.738105893135071,89.2618941068649,12,0.0001,43.539134979248,267.393650720906,-3.20798492431641,0.604999423027039,-0.0357903987169266,-5.68494384008419,4950.31535641589,-7451.4754111414,4952.77774307625,-7451.5071342922,4955.24012973662,-7451.53885744299,0,0,1,0
20130619102031.daq,21,4,124.25,1,0,left,0.642446398735046,89.357553601265,12,0.0001,43.8128280639648,273.799494505784,-3.12009477615356,0.604716181755066,0.040143359452486,-5.59490254361217,4950.40512063398,-7445.07388291077,4952.86755682652,-7445.10149488463,4955.32999301906,-7445.1291068585,0,0,1,0
20130619102031.daq,21,4,124.35,1,0,left,0.548447668552399,89.4515523314476,12,0.0001,44.0849685668945,280.245366411184,-3.0322048664093,0.605650901794434,0.0116683738306165,-5.51479056872435,4950.48522605028,-7438.63228568343,4952.9477042288,-7438.65585778032,4955.41018240732,-7438.67942987721,0,0,1,0
20130619102031.daq,21,4,124.45,1,0,left,0.455391466617584,89.5446085333824,12,0.0001,44.3555488586426,286.731037605609,-3.0322048664093,0.605615019798279,0.040143359452486,-5.44558765927495,4950.55465140193,-7432.15063625012,4953.01716461697,-7432.17020891548,4955.479677832,-7432.18978158084,0,0,1,0
20130619102031.daq,21,4,124.55,1,0,left,0.361866861581802,89.6381331384182,12,0.0001,44.6245574951172,293.256279210946,-2.98825979232788,0.608968615531921,0.0306516978889704,-5.38572522676366,4950.61428575403,-7425.62945673614,4953.07682763713,-7425.64500978663,4955.53936952024,-7425.66056283712,0,0,1,0
20130619102031.daq,21,4,124.65,1,0,left,0.271151840686798,89.7288481593132,12,0.0001,44.8920135498047,299.820860670603,-2.8564248085022,0.613142728805542,0.0116683738306165,-5.33616525876865,4950.66384382679,-7419.0691559247,4953.12640724816,-7419.08081007437,4955.58897066952,-7419.09246422403,0,0,1,0
20130619102031.daq,21,4,124.75,1,0,left,0.188938811421394,89.8110611885786,12,0.0001,45.1580238342285,306.42456163869,-2.28513979911804,0.616540670394897,0.0496352538466454,-5.29654517034869,4950.70367750951,-7412.46910590051,4953.16625511817,-7412.47722653657,4955.62883272684,-7412.48534717262,0,0,1,0
20130619102031.daq,21,4,124.85,1,0,left,0.120407119393349,89.8795928806067,12,0.0001,45.4226493835449,313.067176129562,-1.53807497024536,0.63660454750061,0.0116683738306165,-5.26541498829703,4950.73459450737,-7405.8291777208,4953.1971800676,-7405.83435285364,4955.65976562782,-7405.83952798647,0,0,1,0
20130619102031.daq,21,4,124.95,1,0,left,0.0698392316699028,89.9301607683301,12,0.0001,45.6859931945801,319.748505197829,-0.966789960861206,0.657205879688263,-0.00731518119573593,-5.2426637418416,4950.75734665633,-7399.15023993893,4953.2199358249,-7399.15324165079,4955.68252499347,-7399.15624336265,0,0,1,0
20130619102031.daq,21,4,125.05,1,0,left,0.0292984582483768,89.9707015417516,12,0.0001,45.9484176635742,326.468385985218,-0.92284494638443,0.658775687217712,-0.00731518119573593,-5.22635266457536,4950.77388366287,-7392.43248444798,4953.2364743389,-7392.43374370507,4955.69906501494,-7392.43500296215,0,0,1,0
20130619102031.daq,21,4,125.15,1,0,left,-0.00201123743318021,90.0020112374332,12,0.0001,46.2101745605469,333.226706220693,-0.395504981279373,0.659671306610107,0.0306516978889704,-5.21536767430871,4950.78464409921,-7385.67544122205,4953.2472350957,-7385.67535477842,4955.70982609218,-7385.67526833479,0,0,1,0
20130619102031.daq,21,4,125.25,1,0,left,-0.011346647515893,90.0113466475159,12,0.0001,46.4711456298828,340.023362631689,0.834954977035522,0.659289956092834,-0.0168068427592516,-5.20764481458837,4950.7923680523,-7378.8792840774,4953.25495900201,-7378.87879639485,4955.71754995172,-7378.8783087123,0,0,1,0
20130619102031.daq,21,4,125.35,1,0,left,0.00437909783795476,89.995620902162,12,0.0001,46.7310676574707,346.858221080427,1.58201992511749,0.659716606140137,0.00217648060061038,-5.20202521654639,4950.79822256867,-7372.04442475169,4953.26081355948,-7372.04461296672,4955.72340455028,-7372.04480118175,0,0,1,0
20130619102031.daq,21,4,125.45,1,0,left,0.0373788364231586,89.9626211635768,12,0.0001,46.9897155761719,353.731110409532,1.84568989276886,0.659522652626038,-0.0262985043227673,-5.19535801589148,4950.80465651969,-7365.17007905483,4953.26724699365,-7365.1716856091,4955.7298374676,-7365.17329216338,0,0,1,0
20130619102031.daq,21,4,125.55,1,0,left,0.0790194943547249,89.9209805056453,12,0.0001,47.2469291687012,360.641831533737,2.19724988937378,0.658990323543549,0.00217648060061038,-5.1859475614005,4950.81406656082,-7358.25743685839,4953.27665521683,-7358.26083314055,4955.73924387283,-7358.26422942271,0,0,1,0
20130619102031.daq,21,4,125.65,1,0,left,0.136214643716812,89.8637853562832,12,0.0001,47.502571105957,367.590163640911,2.94431495666504,0.659354269504547,0.0306516978889704,-5.17238331568138,4950.82785731214,-7351.30681863209,4953.29044135086,-7351.31267317569,4955.75302538958,-7351.31852771929,0,0,1,0
20130619102031.daq,21,4,125.75,1,0,left,0.204390838742256,89.7956091612577,12,0.0001,47.7565498352051,374.575868108479,3.0322048664093,0.659564137458801,0.0211600363254547,-5.15230678033844,4950.84770002781,-7344.31833867394,4953.31027535687,-7344.32712343918,4955.77285068594,-7344.33590820442,0,0,1,0
20130619102031.daq,21,4,125.85,1,0,left,0.269580274820328,89.7304197251797,12,0.0001,48.0088996887207,381.598702910306,2.41697478294373,0.659282743930817,0.0496352538466454,-5.1258057235799,4950.8741957539,-7337.29282691477,4953.336759494,-7337.30441351878,4955.79932323409,-7337.31600012279,0,0,1,0
20130619102031.daq,21,4,125.95,1,0,left,0.317568421363831,89.6824315786362,12,0.0001,48.2596244812012,388.658430123181,1.62596487998962,0.65921413898468,0.0116683738306165,-5.09171089566335,4950.90841704982,-7330.23062720062,4953.37097022181,-7330.24427632344,4955.8335233938,-7330.25792544626,0,0,1,0
20130619102031.daq,21,4,126.05,1,0,left,0.351280778646469,89.6487192213535,12,0.0001,48.5087280273438,395.754811450904,1.36229491233826,0.656012713909149,0.0496352538466454,-5.05142599173338,4950.94859094788,-7323.13264260178,4953.41113566257,-7323.14774066783,4955.87368037725,-7323.16283873389,0,0,1,0
20130619102031.daq,21,4,126.15,1,0,left,0.376828402280807,89.6231715977192,12,0.0001,48.756217956543,402.887609762874,1.2744048833847,0.63116592168808,0.0306516978889704,-5.00546208552424,4950.9946071427,-7315.99872378691,4953.45714488051,-7316.01491987586,4955.91968261832,-7316.0311159648,0,0,1,0
20130619102031.daq,21,4,126.25,1,0,left,0.392073541879654,89.6079264581203,12,0.0001,49.0019607543945,410.05658219372,0.791009962558746,0.589684009552002,-0.00731518119573593,-4.9551332985548,4951.04486807229,-7308.8289217276,4953.50740141351,-7308.84577304279,4955.96993475473,-7308.86262435798,0,0,1,0
20130619102031.daq,21,4,126.35,1,0,left,0.394338518381119,89.6056614816189,12,0.0001,49.2453804016113,417.261435803693,0.219724997878075,0.555938124656677,0.00217648060061038,-4.9030406340574,4951.09725450262,-7301.62427716222,4953.55978717576,-7301.64122582453,4956.0223198489,-7301.65817448684,0,0,1,0
20130619102031.daq,21,4,126.45,1,0,left,0.386806696653366,89.6131933033466,12,0.0001,49.4856910705566,424.501771210041,0.17577999830246,0.556390762329102,-0.00731518119573593,-4.84861451940729,4951.15147534386,-7294.38422477681,4953.61401022371,-7294.40084972653,4956.07654510356,-7294.41747467625,0,0,1,0
20130619102031.daq,21,4,126.55,1,0,left,0.376018047332764,89.6239819526672,12,0.0001,49.7226142883301,431.777102262397,0.17577999830246,0.556201457977295,0.0496352538466454,-4.7941827553408,4951.20598272058,-7287.10958322347,4953.66852068721,-7287.12574448385,4956.13105865384,-7287.14190574423,0,0,1,0
20130619102031.daq,21,4,126.65,1,0,left,0.36729970574379,89.6327002942562,12,0.0001,49.9561538696289,439.086935537026,0.439449995756149,0.556325078010559,0.0116683738306165,-4.73997996224334,4951.26013011666,-7279.80022374846,4953.72267051394,-7279.81601029961,4956.18521091122,-7279.83179685075,0,0,1,0
20130619102031.daq,21,4,126.75,1,0,left,0.366005003452301,89.6339949965477,12,0.0001,50.1865463256836,446.430784650446,0.834954977035522,0.5567866563797,0.00217648060061038,-4.68647569749697,4951.31376084969,-7272.45650506553,4953.77630160307,-7272.4722359711,4956.23884235644,-7272.48796687666,0,0,1,0
20130619102031.daq,21,4,126.85,1,0,left,0.367515653371811,89.6324843466282,12,0.0001,50.4143829345703,453.808230311373,0.74706494808197,0.556404292583466,0.0116683738306165,-4.63311857945835,4951.36707708804,-7265.07951540016,4953.8296174258,-7265.09531123262,4956.29215776357,-7265.11110706507,0,0,1,0
20130619102031.daq,21,4,126.95,1,0,left,0.367735505104065,89.6322644948959,12,0.0001,50.6401557922363,461.218934914093,0.483394980430603,0.556013941764832,0.0496352538466454,-4.57991198316242,4951.4203133638,-7257.66886555123,4953.88285364093,-7257.68467083279,4956.34539391807,-7257.70047611435,0,0,1,0
20130619102031.daq,21,4,127.05,1,0,left,0.36154317855835,89.6384568214417,12,0.0001,50.8642501831055,468.662626686238,0.26366999745369,0.556324779987335,0.00217648060061038,-4.52687685849639,4951.47315242188,-7250.22565597357,4953.93569439281,-7250.24119511233,4956.39823636374,-7250.2567342511,0,0,1,0
20130619102031.daq,21,4,127.15,1,0,left,0.352260231971741,89.6477397680283,12,0.0001,51.0869331359863,476.139079407269,0.26366999745369,0.556416869163513,0.0211600363254547,-4.47420471177615,4951.52580005459,-7242.74980639439,4953.98834451082,-7242.76494655687,4956.45088896705,-7242.78008671935,0,0,1,0
20130619102031.daq,21,4,127.25,1,0,left,0.342687785625458,89.6573122143745,12,0.0001,51.3083915710449,483.648100565934,0.527339994907379,0.556760728359222,0.00217648060061038,-4.42205942391502,4951.57794151138,-7235.24173735592,4954.04048846272,-7235.25646609915,4956.50303541406,-7235.27119484238,0,0,1,0
20130619102031.daq,21,4,127.35,1,0,left,0.33731684088707,89.6626831591129,12,0.0001,51.5287666320801,491.189521895552,0.57128494977951,0.556292533874512,0.0306516978889704,-4.37037775962468,4951.62985494527,-7227.70085180143,4954.09240326648,-7227.7153497038,4956.55495158768,-7227.72984760616,0,0,1,0
20130619102031.daq,21,4,127.45,1,0,left,0.324386656284332,89.6756133437157,12,0.0001,51.7481651306152,498.763192240522,-0.131834983825684,0.556259214878082,0.0116683738306165,-4.31967688949933,4951.68032367054,-7220.12792287774,4954.14287520084,-7220.14186504589,4956.60542673114,-7220.15580721404,0,0,1,0
20130619102031.daq,21,4,127.55,1,0,left,0.2995246052742,89.7004753947258,12,0.0001,51.9666290283203,506.368971681666,-0.527339935302734,0.555834352970123,0.040143359452486,-4.27093296510163,4951.72907705499,-7212.52354525782,4954.1916344033,-7212.53641886288,4956.65419175161,-7212.54929246793,0,0,1,0
20130619102031.daq,21,4,127.65,1,0,left,0.263197660446167,89.7368023395538,12,0.0001,52.1842231750488,514.006728039424,-0.615229964256287,0.556267976760864,-0.00731518119573593,-4.22435759255568,4951.775656102,-7204.8877085556,4954.23822111754,-7204.89902083576,4956.70078613307,-7204.91033311592,0,0,1,0
20130619102031.daq,21,4,127.75,1,0,left,0.224654361605644,89.7753456383944,12,0.0001,52.400993347168,521.676338039456,-0.615229964256287,0.556957423686981,0.0211600363254547,-4.18118285553608,4951.81916885432,-7197.21970066469,4954.28174092251,-7197.22935635653,4956.7443129907,-7197.23901204838,0,0,1,0
20130619102031.daq,21,4,127.85,1,0,left,0.181224048137665,89.8187759518623,12,0.0001,52.6170082092285,529.377684468563,-0.878899931907654,0.556322574615479,0.00217648060061038,-4.14260498694151,4951.85749706263,-7189.52056355485,4954.3200757424,-7189.52835260963,4956.78265442217,-7189.53614166442,0,0,1,0
20130619102031.daq,21,4,127.95,1,0,left,0.132850095629692,89.8671499043703,12,0.0001,52.8322601318359,537.110657013926,-0.92284494638443,0.556225776672363,0.00217648060061038,-4.1084735762597,4951.89161405964,-7181.78981101585,4954.3541984379,-7181.79552095049,4956.81678281617,-7181.80123088514,0,0,1,0
20130619102031.daq,21,4,128.05,1,0,left,0.0825973078608513,89.9174026921391,12,0.0001,53.0467987060547,544.875147554064,-0.92284494638443,0.556527614593506,-0.0262985043227673,-4.08111315970572,4951.91926823414,-7174.02785702385,4954.38185667326,-7174.03140708143,4956.84444511239,-7174.03495713901,0,0,1,0
20130619102031.daq,21,4,128.15,1,0,left,0.0304785668849945,89.969521433115,12,0.0001,53.2606544494629,552.67105304953,-0.966789960861206,0.55620276927948,0.0116683738306165,-4.05905139441863,4951.94094878692,-7166.23470156733,4954.4035394365,-7166.23601154586,4956.86613008608,-7166.23732152439,0,0,1,0
20130619102031.daq,21,4,128.25,1,0,left,-0.023442642763257,90.0234426427633,12,0.0001,53.4738311767578,560.498274144193,-1.18651497364044,0.556244015693665,0.0116683738306165,-4.04440380214808,4951.95568320525,-7158.40985511642,4954.41827399712,-7158.40884754413,4956.880864789,-7158.40783997185,0,0,1,0
20130619102031.daq,21,4,128.35,1,0,left,-0.082366868853569,90.0823668688536,12,0.0001,53.686336517334,568.356712274522,-1.14256989955902,0.556408762931824,-0.00731518119573593,-4.03629348254442,4951.96376224084,-7150.55437350962,4954.42635069422,-7150.55083335637,4956.88893914761,-7150.54729320313,0,0,1,0
20130619102031.daq,21,4,128.45,1,0,left,-0.12695400416851,90.1269540041685,12,0.0001,53.8982162475586,576.246271394703,-0.0439449958503246,0.556210219860077,0.040143359452486,-4.03560350120285,4951.96442708228,-7142.66729110142,4954.4270120351,-7142.66183458203,4956.88959698791,-7142.65637806264,0,0,1,0
20130619102031.daq,21,4,128.55,1,0,left,-0.142202034592628,90.1422020345926,12,0.0001,54.109489440918,584.166862126175,1.31834995746613,0.556660890579224,-0.0168068427592516,-4.04006342486083,4951.96006778828,-7134.7482345857,4954.42265120175,-7134.74212270287,4956.88523461523,-7134.73601082005,0,0,1,0
20130619102031.daq,21,4,128.65,1,0,left,-0.135968416929245,90.1359684169292,12,0.0001,54.3200759887695,592.118389961718,1.40623998641968,0.554587721824646,0.0496352538466454,-4.04911597294934,4951.95117525992,-7126.79690852542,4954.41375932378,-7126.79106456469,4956.87634338763,-7126.78522060396,0,0,1,0
20130619102031.daq,21,4,128.75,1,0,left,-0.123053349554539,90.1230533495545,12,0.0001,54.5299682617188,600.100753167361,0.92284494638443,0.552159607410431,-0.0452820584177971,-4.05988552281581,4951.94025383977,-7118.81465561745,4954.40283915835,-7118.80936674904,4956.86542447694,-7118.80407788064,0,0,1,0
20130619102031.daq,21,4,128.85,1,0,left,-0.120267771184444,90.1202677711844,12,0.0001,54.739070892334,608.113844087868,0.527339994907379,0.540482640266418,0.00217648060061038,-4.07179974309762,4951.92821878955,-7110.80140317617,4954.39080436236,-7110.79623403255,4956.85338993516,-7110.79106488893,0,0,1,0
20130619102031.daq,21,4,128.95,1,0,left,-0.122710011899471,90.1227100118995,12,0.0001,54.9472198486328,616.157536698069,0.615229964256287,0.497918277978897,0.0306516978889704,-4.08375239375946,4951.91634925593,-7102.75800650616,4954.37893460617,-7102.75273239449,4956.8415199564,-7102.74745828281,0,0,1,0
20130619102031.daq,21,4,129.05,1,0,left,-0.132369056344032,90.132369056344,12,0.0001,55.1537628173828,624.231654059186,0.26366999745369,0.457927614450455,0.0116683738306165,-4.09615934251411,4951.90403418302,-7094.68451482868,4954.36661860914,-7094.6788255692,4956.82920303526,-7094.67313630972,0,0,1,0
20130619102031.daq,21,4,129.15,1,0,left,-0.152673125267029,90.152673125267,12,0.0001,55.3696212768555,632.336522587128,-0.175779983401299,0.455168396234512,-0.0357903987169266,-4.10947892681534,4951.89057376555,-7086.58101320814,4954.35315602092,-7086.57445127597,4956.8157382763,-7086.56788934379,0,0,1,0
20130619102031.daq,21,4,129.25,1,0,left,-0.180984988808632,90.1809849888086,12,0.0001,55.585376739502,640.473350640864,-0.263669967651367,0.461732894182205,-0.00731518119573593,-4.12397971671938,4951.87613103665,-7078.44548386477,4954.33870974889,-7078.43770508479,4956.80128846114,-7078.4299263048,0,0,1,0
20130619102031.daq,21,4,129.35,1,0,left,-0.215643361210823,90.2156433612108,12,0.0001,55.7916984558105,648.641125356628,-0.57128494977951,0.499679207801819,0.0306516978889704,-4.14163666826507,4951.85836738386,-7070.27983942654,4954.32094094016,-7070.27057102752,4956.78351449647,-7070.26130262851,0,0,1,0
20130619102031.daq,21,4,129.45,1,0,left,-0.254026353359222,90.2540263533592,12,0.0001,55.9900894165039,656.838557202751,-0.527339935302734,0.536479473114014,0.00217648060061038,-4.16305971279297,4951.83695653563,-7062.08401542446,4954.29952333037,-7062.07309732601,4956.76209012511,-7062.06217922755,0,0,1,0
20130619102031.daq,21,4,129.55,1,0,left,-0.29234790802002,90.29234790802,12,0.0001,56.1811485290527,665.064563985303,-0.351559966802597,0.558956444263458,0.0306516978889704,-4.18934675084518,4951.81066730268,-7053.85987116616,4954.27322624419,-7053.84730601374,4956.73578518569,-7053.83474086132,0,0,1,0
20130619102031.daq,21,4,129.65,1,0,left,-0.327789068222046,90.327789068222,12,0.0001,56.3570556640625,673.31762901959,-0.263669967651367,0.571511745452881,0.040143359452486,-4.22070362501282,4951.77967347131,-7045.60831290366,4954.24222416934,-7045.59422450112,4956.70477486737,-7045.58013609859,0,0,1,0
20130619102031.daq,21,4,129.75,1,0,left,-0.35408952832222,90.3540895283222,12,0.0001,56.5216064453125,681.595472149912,0.17577999830246,0.58214259147644,-0.0168068427592516,-4.25665645089659,4951.74338421726,-7037.33162539769,4954.20592818885,-7037.31640661296,4956.66847216045,-7037.30118782823,0,0,1,0
20130619102031.daq,21,4,129.85,1,0,left,-0.361497819423676,90.3614978194237,12,0.0001,56.6839141845703,689.897235258168,1.31834995746613,0.604192852973938,0.0116683738306165,-4.2966232785563,4951.70337680815,-7029.03054085103,4954.16591879138,-7029.01500366178,4956.62846077461,-7028.99946647253,0,0,1,0
20130619102031.daq,21,4,129.95,1,0,left,-0.332069426774979,90.332069426775,12,0.0001,56.8464164733887,698.222802949503,2.94431495666504,0.618395149707794,0.0211600363254547,-4.33778435374549,4951.66222208916,-7020.70509934314,4954.12477172782,-7020.69082697247,4956.58732136648,-7020.6765546018,0,0,1,0
20130619102031.daq,21,4,130.05,1,0,left,-0.274194180965424,90.2741941809654,12,0.0001,57.0099678039551,706.572273600943,3.16403985023499,0.618543207645416,0.040143359452486,-4.37881841099268,4951.62135715251,-7012.35453651194,4954.08391995158,-7012.34275160299,4956.54648275064,-7012.33096669405,0,0,1,0
20130619102031.daq,21,4,130.15,1,0,left,-0.212170615792274,90.2121706157923,12,0.0001,57.1749038696289,714.945834361964,2.2411949634552,0.618360996246338,0.0306516978889704,-4.41637404251688,4951.58367930823,-7003.97946028136,4954.04625342177,-7003.97034114102,4956.50882753532,-7003.96122200068,0,0,1,0
20130619102031.daq,21,4,130.25,1,0,left,-0.170412942767143,90.1704129427671,12,0.0001,57.3407516479492,723.34366203147,1.2744048833847,0.617557525634766,0.0686185732483864,-4.4487957693867,4951.55158819335,-6995.58047585998,4954.014168299,-6995.57315146779,4956.47674840464,-6995.5658270756,0,0,1,0
20130619102031.daq,21,4,130.35,1,0,left,-0.1457779109478,90.1457779109478,12,0.0001,57.5068550109863,731.765838947768,1.14256989955902,0.617757558822632,0.0496352538466454,-4.47544209341756,4951.52478845512,-6987.15750273953,4953.98737148235,-6987.15123716488,4956.44995450958,-6987.14497159022,0,0,1,0
20130619102031.daq,21,4,130.45,1,0,left,-0.128380656242371,90.1283806562424,12,0.0001,57.6728363037109,740.212371498373,1.36229491233826,0.618354916572571,0.040143359452486,-4.49743731374486,4951.50291322353,-6978.71078340261,4953.96549803971,-6978.70526556541,4956.4280828559,-6978.69974772821,0,0,1,0
20130619102031.daq,21,4,130.55,1,0,left,-0.112882517278194,90.1128825172782,12,0.0001,57.8385047912598,748.683226393618,1.36229491233826,0.618247091770172,0.0306516978889704,-4.5142707642428,4951.48580367605,-6970.2396972474,4953.94838989469,-6970.2348455237,4956.41097611332,-6970.22999380001,0,0,1,0
20130619102031.daq,21,4,130.65,1,0,left,-0.0939221084117889,90.0939221084118,12,0.0001,58.0037498474121,757.178349875817,1.36229491233826,0.619246900081635,-0.0168068427592516,-4.52779555778192,4951.47232599955,-6961.74460009437,4953.93491368888,-6961.7405632938,4956.39750137822,-6961.73652649324,0,0,1,0
20130619102031.daq,21,4,130.75,1,0,left,-0.0750564262270927,90.0750564262271,12,0.0001,58.1684951782227,765.697673687166,1.31834995746613,0.618782699108124,0.0116683738306165,-4.5372511472827,4951.46274887762,-6953.22509160277,4953.92533776265,-6953.2218656544,4956.38792664768,-6953.21863970602,0,0,1,0
20130619102031.daq,21,4,130.85,1,0,left,-0.0562415905296803,90.0562415905297,12,0.0001,58.3327026367188,774.24112099101,1.31834995746613,0.618884563446045,0.0591269135475159,-4.54440021193458,4951.45561017447,-6944.68117068544,4953.91819998607,-6944.67875340421,4956.38078979767,-6944.67633612298,0,0,1,0
20130619102031.daq,21,4,130.95,1,0,left,-0.0324203409254551,90.0324203409255,12,0.0001,58.4963531494141,782.808610614646,1.66990995407104,0.617847561836243,-0.00731518119573593,-4.54878001798555,4951.45122231178,-6936.11368938076,4953.91381291554,-6936.11229594417,4956.37640351931,-6936.11090250758,0,0,1,0
20130619102031.daq,21,4,131.05,1,0,left,0.0103600835427642,89.9896399164572,12,0.0001,58.6594314575195,791.400060965753,2.72458982467651,0.618198990821838,-0.0737572759389877,-4.549621555631,4951.4504476342,-6927.52132854063,4953.91303859195,-6927.52177382034,4956.37562954969,-6927.52221910006,0,0,1,0
20130619102031.daq,21,4,131.15,1,0,left,0.0693183913826942,89.9306816086173,12,0.0001,58.8218727111816,800.015383971248,2.90036988258362,0.61911153793335,-0.0168068427592516,-4.54494126547097,4951.45506836322,-6918.90415895447,4953.91765755898,-6918.90713828046,4956.38024675473,-6918.91011760645,0,0,1,0
20130619102031.daq,21,4,131.25,1,0,left,0.135152846574783,89.8648471534252,12,0.0001,58.9836616516113,808.654483678559,2.76853489875793,0.617212355136871,0.125569000840187,-4.53419174011704,4951.46597523355,-6910.26338754919,4953.92855938034,-6910.26919645654,4956.39114352713,-6910.27500536389,0,0,1,0
20130619102031.daq,21,4,131.35,1,0,left,0.197454899549484,89.8025451004505,12,0.0001,59.1447944641113,817.317264554736,2.50486493110657,0.61784690618515,0.0496352538466454,-4.51573790978144,4951.48447787724,-6901.59829284314,4953.9470542517,-6901.60677950132,4956.40963062617,-6901.6152661595,0,0,1,0
20130619102031.daq,21,4,131.45,1,0,left,0.256699323654175,89.7433006763458,12,0.0001,59.3052673339844,826.003629761348,2.37302994728088,0.617991864681244,0.00217648060061038,-4.48849345978874,4951.51158196021,-6892.90983914711,4953.97414824292,-6892.92087212954,4956.43671452563,-6892.93190511197,0,0,1,0
20130619102031.daq,21,4,131.55,1,0,left,0.309965312480927,89.6900346875191,12,0.0001,59.4650840759277,834.713482926209,2.28513979911804,0.618091225624084,0.0116683738306165,-4.45291857182294,4951.54710637718,-6884.19858498153,4954.00966133871,-6884.21190732519,4956.47221630025,-6884.22522966885,0,0,1,0
20130619102031.daq,21,4,131.65,1,0,left,0.360397785902023,89.639602214098,12,0.0001,59.6242637634277,843.446728982606,2.28513979911804,0.61896687746048,0.0211600363254547,-4.40842969623024,4951.59173381337,-6875.46396493608,4954.05427609445,-6875.47945484648,4956.51681837553,-6875.49494475687,0,0,1,0
20130619102031.daq,21,4,131.75,1,0,left,0.409723728895187,89.5902762711048,12,0.0001,59.7828330993652,852.203276780263,2.15330481529236,0.618163585662842,0.0211600363254547,-4.35568937780119,4951.64459453696,-6866.70593685372,4954.10712257022,-6866.72354676104,4956.56965060348,-6866.74115666836,0,0,1,0
20130619102031.daq,21,4,131.85,1,0,left,0.452886462211609,89.5471135377884,12,0.0001,59.940803527832,860.983037220362,1.97752487659454,0.618141412734985,0.0306516978889704,-4.29484085784254,4951.70537503535,-6857.92511066821,4954.16788910376,-6857.94457567106,4956.63040317216,-6857.96404067391,0,0,1,0
20130619102031.daq,21,4,131.95,1,0,left,0.494137644767761,89.5058623552322,12,0.0001,60.0981750488281,869.785602434548,1.88963496685028,0.618206143379211,0.0306516978889704,-4.22605767992892,4951.77433857801,-6849.12138325164,4954.23683799399,-6849.14262118297,4956.69933740997,-6849.1638591143,0,0,1,0
20130619102031.daq,21,4,132.05,1,0,left,0.529269933700562,89.4707300662994,12,0.0001,60.2549171447754,878.611523240925,1.66990995407104,0.619307518005371,-0.00731518119573593,-4.15077173687936,4951.84927101042,-6840.29485536866,4954.31175694092,-6840.31760323681,4956.77424287142,-6840.34035110496,0,0,1,0
20130619102031.daq,21,4,132.15,1,0,left,0.559955894947052,89.4400441050529,12,0.0001,60.4110450744629,887.460388134446,1.58201992511749,0.61838436126709,0.040143359452486,-4.0694583476013,4951.93076409023,-6831.44597449412,4954.39323748447,-6831.47004119514,4956.85571087871,-6831.49410789616,0,0,1,0
20130619102031.daq,21,4,132.25,1,0,left,0.585428774356842,89.4145712256432,12,0.0001,60.5665550231934,896.332106524327,1.45018494129181,0.619118928909302,-0.00731518119573593,-3.98221803682577,4952.01779351333,-6822.5742702688,4954.4802559645,-6822.59943174765,4956.94271841566,-6822.6245932265,0,0,1,0
20130619102031.daq,21,4,132.35,1,0,left,0.60923832654953,89.3907616734505,12,0.0001,60.7214508056641,905.226587819774,1.2744048833847,0.619533061981201,-0.00731518119573593,-3.88990893555502,4952.11009109131,-6813.67965732279,4954.57254287389,-6813.70584208822,4957.03499465646,-6813.73202685365,0,0,1,0
20130619102031.daq,21,4,132.45,1,0,left,0.623494327068329,89.3765056729317,12,0.0001,60.8757400512695,914.14374231586,1.01073491573334,0.618693232536316,0.0306516978889704,-3.79333780263383,4952.20667884428,-6804.763300717,4954.66912403549,-6804.79009817446,4957.1315692267,-6804.81689563191,0,0,1,0
20130619102031.daq,21,4,132.55,1,0,left,0.634319067001343,89.3656809329987,12,0.0001,61.0294342041016,923.083482405743,0.878899991512299,0.618414044380188,0.0116683738306165,-3.69332400899186,4952.30695998379,-6795.82407710977,4954.76940006828,-6795.85133978999,4957.23184015277,-6795.87860247022,0,0,1,0
20130619102031.daq,21,4,132.65,1,0,left,0.625067293643951,89.374932706356,12,0.0001,61.1825141906738,932.045719736597,-0.263669967651367,0.60042405128479,0.0591269135475159,-3.59159602336493,4952.40843661306,-6786.86336076389,4954.87088106766,-6786.89022582394,4957.33332552226,-6786.91709088399,0,0,1,0
20130619102031.daq,21,4,132.75,1,0,left,0.577813506126404,89.4221864938736,12,0.0001,61.3348960876465,941.030360593812,-2.19724988937378,0.476502746343613,0.0591269135475159,-3.49044218948113,4952.50999685469,-6777.88158160664,4954.97246262836,-6777.90641579569,4957.43492840202,-6777.93124998473,0,0,1,0
20130619102031.daq,21,4,132.85,1,0,left,0.48822221159935,89.5117777884007,12,0.0001,61.4855804443359,950.037251583823,-2.98825979232788,0.310389250516891,0.040143359452486,-3.39231268989099,4952.6079561925,-6768.87884975979,4955.07045778804,-6768.89983345325,4957.53295938358,-6768.92081714671,0,0,1,0
20130619102031.daq,21,4,132.95,1,0,left,0.373678088188171,89.6263219118118,12,0.0001,61.6305541992188,959.065887580224,-3.07614994049072,0.210110500454903,0.0306516978889704,-3.30226140402091,4952.69802525625,-6759.85622183438,4955.16056388085,-6759.87228252472,4957.62310250545,-6759.88834321506,0,0,1,0
20130619102031.daq,21,4,133.05,1,0,left,0.249045372009277,89.7509546279907,12,0.0001,61.7574996948242,968.114759404813,-3.0322048664093,0.150246813893318,-0.00731518119573593,-3.22418431728974,4952.77624489908,-6750.81334553938,4955.23881263368,-6750.82404955572,4957.70138036827,-6750.83475357206,0,0,1,0
20130619102031.daq,21,4,133.15,1,0,left,0.125028625130653,89.8749713748693,12,0.0001,61.8415946960449,977.179349966809,-2.76853489875793,0.139844551682472,0.0496352538466454,-3.16441140725918,4952.84034907277,-6741.75386940256,4955.30293420756,-6741.75924316875,4957.76551934235,-6741.76461693493,0,0,1,0
20130619102031.daq,21,5,160.65,-1,0,left,-2.1722092628479,92.1722092628479,12,-0.000185000292475132,23.9265804290771,0,-3.29587483406067,0.831220626831055,-0.00731518119573593,-3.36251622835097,4952.6486575813,-6276.1239039828,4955.10947900692,-6276.03056409517,4957.57030043254,-6275.93722420754,1,0,0,0
20130619102031.daq,21,5,160.75,-1,0,left,-2.25528287887573,92.2552828788757,12,-0.00018567911563853,24.6944103240967,3.56562668650986,-3.12009477615356,0.830462276935577,-0.0168068427592516,-3.48924460886041,4952.51079450684,-6272.56120166627,4954.97147801164,-6272.46429391304,4957.43216151644,-6272.3673861598,1,0,0,0
20130619102031.daq,21,5,160.85,-1,0,left,-2.32034039497375,92.3203403949738,12,-0.000185722510905136,25.4557685852051,7.24338894069479,-1.09862494468689,0.824853956699371,0.00217648060061038,-3.63636444014555,4952.36377510954,-6268.88620246564,4954.82434699247,-6268.78650074845,4957.28491887539,-6268.68679903125,1,0,0,0
20130619102031.daq,21,5,160.95,-1,0,left,-2.34519624710083,92.3451962471008,12,-0.000185082297912477,26.2105751037598,11.0323456534097,1.45018494129181,0.811547756195068,-0.0168068427592516,-3.79021086598178,4952.20992160874,-6265.09927788889,4954.67045000788,-6264.99850874453,4957.13097840702,-6264.89773960017,1,0,0,0
20130619102031.daq,21,5,161.05,-1,0,left,-2.33613634109497,92.336136341095,12,-0.000183701959865415,26.9578018188477,14.9314658007661,2.72458982467651,0.794185698032379,-0.0357903987169266,-3.94923072724107,4952.05080390718,-6261.20010669572,4954.5113482097,-6261.09972662414,4956.97189251222,-6260.99934655256,1,0,0,0
20130619102031.daq,21,5,161.15,-1,0,left,-2.31346702575684,92.3134670257568,12,-0.000181519601777728,27.7892093658447,18.9436914386897,3.25192975997925,0.787011086940765,-0.0262985043227673,-4.11045876972677,4951.88958327627,-6257.18826254886,4954.35016710199,-6257.08885600977,4956.81075092772,-6256.98944947069,1,0,0,0
20130619102031.daq,21,5,161.25,-1,0,left,-2.27948570251465,92.2794857025146,12,-0.000178471712971773,28.6982135772705,23.0864152992744,3.99899482727051,0.787258327007294,-0.0547737218439579,-4.27261216538205,4951.72758539295,-6253.04720694666,4954.18822774254,-6252.94925976274,4956.64887009213,-6252.85131257881,1,0,0,0
20130619102031.daq,21,5,161.35,-1,0,left,-2.22759246826172,92.2275924682617,12,-0.000174501538799895,29.5506057739258,27.3589420760727,4.74605989456177,0.786058008670807,-0.0357903987169266,-4.43489340260803,4951.56521199756,-6248.77480997959,4954.02594204943,-6248.67909145849,4956.48667210129,-6248.5833729374,1,0,0,0
20130619102031.daq,21,5,161.45,-1,0,left,-2.16214609146118,92.1621460914612,12,-0.000169575210284408,30.3151473999023,31.750219086729,4.79000473022461,0.785945117473602,-0.0642653852701187,-4.59743975224928,4951.40268757466,-6244.37949262167,4953.86352535612,-6244.28658494302,4956.32436313758,-6244.19367726436,1,0,0,0
20130619102031.daq,21,5,161.55,-1,0,left,-2.09659934043884,92.0965993404388,12,-0.000163668258382329,30.9930591583252,36.2470466052346,4.26266479492188,0.786217868328094,-0.0547737218439579,-4.76002944741891,4951.24017127048,-6239.87480211756,4953.70111372861,-6239.7847097138,4956.16205618674,-6239.69461731005,1,0,0,0
20130619102031.daq,21,5,161.65,-1,0,left,-2.03468155860901,92.034681558609,12,-0.000156763716651125,31.5747356414795,40.8370495941363,4.04293966293335,0.78548389673233,0.0211600363254547,-4.92166425250118,4951.07841260471,-6235.27597501011,4953.5394509859,-6235.18854212305,4956.00048936709,-6235.101109236,1,0,0,0
20130619102031.daq,21,5,161.75,-1,0,left,-1.97280371189117,91.9728037118912,12,-0.000148855619237767,32.0653877258301,45.5045735175354,4.17477464675903,0.78559821844101,0.00217648060061038,-5.08100041529411,4950.91909470356,-6230.60146944872,4953.38022607461,-6230.51669446507,4955.84135744567,-6230.43191948142,1,0,0,0
20130619102031.daq,21,5,161.85,-1,0,left,-1.90506064891815,91.9050606489182,12,-0.000139951043734553,32.5257453918457,50.2414713121998,4.4823899269104,0.784664213657379,0.0591269135475159,-5.23752262560449,4950.76257741516,-6225.85991724588,4953.22380729876,-6225.77805221363,4955.68503718236,-6225.69618718138,1,0,0,0
20130619102031.daq,21,5,161.95,-1,0,left,-1.82291519641876,91.8229151964188,12,-0.000130070183676488,32.9746932983398,55.0440214124792,5.44917964935303,0.785575926303864,0.0686185732483864,-5.39070875121761,4950.60938185817,-6221.05451104425,4953.07072658278,-6220.97617478141,4955.53207130739,-6220.89783851857,1,0,0,0
20130619102031.daq,21,5,162.05,-1,0,left,-1.71257615089417,91.7125761508942,12,-0.000119245045238552,33.4185256958008,59.9129117115808,6.98725461959839,0.785562336444855,0.00217648060061038,-5.53777517027461,4950.46230442411,-6216.18391359369,4952.9237954429,-6216.11031748073,4955.38528646169,-6216.03672136777,1,0,0,0
20130619102031.daq,21,5,162.15,-1,0,left,-1.57862865924835,91.5786286592484,12,-0.000107517653239786,33.8593292236328,64.8466628707793,7.47064971923828,0.784244477748871,-0.0262985043227673,-5.67710417799195,4950.32302240566,-6211.24727875527,4952.78467875257,-6211.17943737282,4955.24633509947,-6211.11159599037,1,0,0,0
20130619102031.daq,21,5,162.25,-1,0,left,-1.44147920608521,91.4414792060852,12,0.0001,34.2977104187012,69.8448854382696,7.03119993209839,0.79175466299057,0.00217648060061038,-5.80680917952112,4950.1932217705,-6206.24417312077,4952.65503345736,-6206.1822244173,4955.11684514422,-6206.12027571383,0,1,0,1
20130619102031.daq,21,5,162.35,-1,0,left,-1.31263256072998,91.31263256073,12,0.0001,34.7337226867676,74.9072296394261,6.5478048324585,0.811486184597015,-0.0357903987169266,-5.92634589405491,4950.07366364833,-6201.1758736586,4952.5356084204,-6201.11946122478,4954.99755319247,-6201.06304879095,0,1,0,1
20130619102031.daq,21,5,162.45,-1,0,left,-1.18922507762909,91.1892250776291,12,0.0001,35.1678009033203,80.0333699441999,6.37202453613281,0.841618716716766,-0.0357903987169266,-6.035570912372,4949.96452198884,-6196.04327945807,4952.42658255504,-6195.99216985236,4954.88864312124,-6195.94106024664,0,1,0,1
20130619102031.daq,21,5,162.55,-1,0,left,-1.06745147705078,91.0674514770508,12,0.0001,35.601188659668,85.2231068010824,6.37202453613281,0.861874043941498,0.040143359452486,-6.13543978063751,4949.86456435138,-6190.84726702115,4952.32672798261,-6190.80139026802,4954.78889161384,-6190.75551351489,0,1,0,1
20130619102031.daq,21,5,162.65,1,0,left,-0.947957396507263,90.9479573965073,12,0.0001,36.0352897644043,90.4764478564412,6.15229988098145,0.868171274662018,-0.0168068427592516,-6.22626805122039,4949.77375080612,-6185.58834053506,4952.23600476155,-6185.54759888062,4954.69825871698,-6185.50685722619,0,1,0,1
20130619102031.daq,21,5,162.75,1,0,left,-0.840103983879089,90.8401039838791,12,0.0001,36.4703941345215,95.7935324233349,5.2294545173645,0.867450892925262,0.00217648060061038,-6.30801189665802,4949.69199420803,-6180.26624940601,4952.15432049299,-6180.23014276087,4954.61664677795,-6180.19403611573,0,1,0,1
20130619102031.daq,21,5,162.85,1,0,left,-0.752724230289459,90.7527242302895,12,0.0001,36.906494140625,101.174504011004,4.21871995925903,0.868349730968475,0.0116683738306165,-6.38181150986285,4949.61826164592,-6174.88072559126,4952.08064013235,-6174.84837419282,4954.54301861879,-6174.81602279437,0,1,0,1
20130619102031.daq,21,5,162.95,1,0,left,-0.685310065746307,90.6853100657463,12,0.0001,37.3433609008789,106.619502025755,3.60348987579346,0.873708188533783,-0.0168068427592516,-6.44801754378032,4949.55209368497,-6169.43175047545,4952.01450853158,-6169.40229633112,4954.47692337819,-6169.3728421868,0,1,0,1
20130619102031.daq,21,5,163.05,1,0,left,-0.630866169929504,90.6308661699295,12,0.0001,37.780101776123,112.128572812027,3.25192975997925,0.875451862812042,-0.0262985043227673,-6.50853526677878,4949.49147745057,-6163.91963125783,4951.95391917356,-6163.89251697518,4954.41636089655,-6163.86540269254,0,1,0,1
20130619102031.daq,21,5,163.15,1,0,left,-0.579201221466064,90.5792012214661,12,0.0001,38.2163505554199,117.701665829205,3.47165489196777,0.875499427318573,-0.00731518119573593,-6.56407974765876,4949.43606259752,-6158.34313214514,4951.89852776897,-6158.31823831469,4954.36099294043,-6158.29334448423,0,1,0,1
20130619102031.daq,21,5,163.25,1,0,left,-0.500113844871521,90.5001138448715,12,0.0001,38.6518516540527,123.338690579751,5.71284961700439,0.874555647373199,0.0496352538466454,-6.61433818951785,4949.38575526399,-6152.70247000013,4951.84825245137,-6152.68097521947,4954.31074963874,-6152.6594804388,0,1,0,1
20130619102031.daq,21,5,163.35,1,0,left,-0.38993439078331,90.3899343907833,12,0.0001,39.0863456726074,129.039517355182,6.0644097328186,0.876227200031281,-0.0262985043227673,-6.65737446669923,4949.34273755505,-6146.99609520877,4951.8052715237,-6146.97933583284,4954.26780549234,-6146.96257645691,0,1,0,1
20130619102031.daq,21,5,163.45,1,0,left,-0.260416090488434,90.2604160904884,12,0.0001,39.5198554992676,134.803996678369,6.85541963577271,0.866480767726898,-0.0357903987169266,-6.69128448088108,4949.30873037809,-6141.22528756549,4951.77129593991,-6141.21409483686,4954.23386150172,-6141.20290210822,0,1,0,1
20130619102031.daq,21,5,163.55,1,0,left,-0.122636742889881,90.1226367428899,12,0.000109107448164189,39.9522132873535,140.631977766699,7.03119993209839,0.852421700954437,0.0496352538466454,-6.71304128358929,4949.28695924826,-6135.39032891394,4951.74954460524,-6135.38505795138,4954.21212996221,-6135.37978698883,0,1,0,1
20130619102031.daq,21,5,163.65,1,0,left,0.0144980112090707,89.9855019887909,12,0.000125075243644561,40.3829116821289,146.523257105615,6.28413486480713,0.840589702129364,0.0116683738306165,-6.72121193623052,4949.27882834765,-6129.49192999201,4951.74141926681,-6129.49255312118,4954.20401018597,-6129.49317625034,0,1,0,1
20130619102031.daq,21,5,163.75,1,0,left,0.130846425890923,89.8691535741091,12,0.000140786477099147,40.8113212585449,152.477545112306,4.96578454971313,0.83342170715332,0.00217648060061038,-6.71644575204728,4949.28357997933,-6123.53107092763,4951.74616455577,-6123.53669474413,4954.20874913221,-6123.54231856064,0,1,1,1
20130619102031.daq,21,5,163.85,1,0,left,0.215413108468056,89.7845868915319,12,0.000156201672740027,41.2370529174805,158.494471777254,3.73532485961914,0.827305972576141,-0.0262985043227673,-6.70000900245936,4949.30004226178,-6117.50898816212,4951.76261585531,-6117.51824666486,4954.22518944884,-6117.52750516761,0,1,1,1
20130619102031.daq,21,5,163.95,1,0,left,0.285177171230316,89.7148228287697,12,0.000171287850621663,41.660083770752,164.573640981394,3.73532485961914,0.818203687667847,-0.00731518119573593,-6.6731784968466,4949.32682152069,-6111.42574892356,4951.78938201547,-6111.43800587933,4954.25194251025,-6111.45026283509,0,1,1,1
20130619102031.daq,21,5,164.05,1,0,left,0.355955928564072,89.6440440714359,12,0.000186021168929101,42.0804214477539,170.714658843624,4.17477464675903,0.634913921356201,-0.0262985043227673,-6.63812502585079,4949.36196647673,-6105.2804786692,4951.82450995127,-6105.29577767087,4954.2870534258,-6105.31107667255,0,1,1,1
20130619102031.daq,21,5,164.15,1,0,left,0.43423268198967,89.5657673180103,12,0.000200389540202516,42.4958343505859,176.917031940207,4.52633476257324,0.452791780233383,0.0211600363254547,-6.5947071672652,4949.40539073778,-6099.07399782598,4951.8679110129,-6099.0926611074,4954.33043128801,-6099.11132438881,0,1,1,1
20130619102031.daq,21,5,164.25,1,0,left,0.527760446071625,89.4722395539284,12,0.000214393841049407,42.8977432250977,183.179453721643,5.2733998298645,0.28306645154953,0.00217648060061038,-6.54242442943093,4949.45757583511,-6092.80709864803,4951.92006236406,-6092.82978164067,4954.38254889302,-6092.85246463332,0,1,1,1
20130619102031.daq,21,5,164.35,-1,0,left,0.643795311450958,89.356204688549,12,0.000228047421694344,43.2848892211914,189.499475952052,6.28413486480713,0.18121825158596,0.00217648060061038,-6.4796040101754,4949.52043872815,-6086.48107724852,4951.98287426994,-6086.50874719543,4954.44530981173,-6086.53641714235,0,1,1,1
20130619102031.daq,21,5,164.45,-1,0,left,0.776261568069458,89.2237384319305,12,0.000241373539690851,43.6884880065918,195.878097088324,6.37202453613281,0.153553053736687,-0.0357903987169266,-6.40444685114045,4949.595558358,-6080.0965746529,4952.05792334657,-6080.12993760362,4954.52028833514,-6080.16330055434,0,1,1,1
20130619102031.daq,21,5,164.55,-1,0,left,0.909224033355713,89.0907759666443,12,0.000254401732579686,43.9950332641602,202.309588183893,5.71284961700439,0.154519200325012,-0.0168068427592516,-6.31578324130687,4949.68438798645,-6073.65836843328,4952.1466689216,-6073.697445534,4954.60894985676,-6073.73652263471,0,1,1,1
20130619102031.daq,21,5,164.65,-1,0,left,1.03055584430695,88.9694441556931,12,0.000267163717572042,44.1865882873535,208.777503024216,4.83394956588745,0.203631401062012,0.00217648060061038,-6.21193518162366,4949.78812616,-6067.18188006802,4952.25031882308,-6067.2261713008,4954.71251148616,-6067.27046253359,0,1,1,1
20130619102031.daq,21,5,164.75,-1,0,left,1.13200891017914,88.8679910898209,12,0.000279690470544482,44.3019485473633,215.267247587071,3.69137978553772,0.293505012989044,0.040143359452486,-6.09577040861144,4949.90430439282,-6060.68389916685,4952.36641476999,-6060.73255010794,4954.82852514716,-6060.78120104903,0,1,1,1
20130619102031.daq,21,5,164.85,-1,0,left,1.20767915248871,88.7923208475113,12,0.000292018026243598,44.3887023925781,221.771453153355,2.68064475059509,0.420152753591537,-0.00731518119573593,-5.96859657155526,4950.03157581812,-6054.17334563597,4952.49361979501,-6054.22524823024,4954.9556637719,-6054.27715082451,0,1,1,1
20130619102031.daq,21,5,164.95,-1,0,left,1.26300358772278,88.7369964122772,12,0.000304185910915936,44.4680671691895,228.287429134674,2.32908487319946,0.540964007377625,0.0686185732483864,-5.83174184503465,4950.16832374274,-6047.65545796554,4952.63031645506,-6047.70973786903,4955.09230916738,-6047.76401777252,0,1,1,1
20130619102031.daq,21,5,165.05,-1,0,left,1.30428659915924,88.6957134008408,12,0.000316233697713004,44.5809211730957,234.81712246369,2.10935997962952,0.626350164413452,0.040143359452486,-5.68701577936356,4950.31298664796,-6041.12715669259,4952.7749396112,-6041.18321050785,4955.23689257445,-6041.2392643231,0,0,1,0
20130619102031.daq,21,5,165.15,-1,0,left,1.33580708503723,88.6641929149628,12,0.000328203054915897,44.7472190856934,241.367252477879,1.84568989276886,0.680991172790527,0.0306516978889704,-5.53626353639752,4950.46387748226,-6034.58101669485,4952.92579923571,-6034.63842491115,4955.38772098917,-6034.69583312745,0,0,1,0
20130619102031.daq,21,5,165.25,-1,0,left,1.36016726493835,88.6398327350616,12,0.000340139735964588,44.9556579589844,247.94514891853,1.71385490894318,0.713722288608551,0.0116683738306165,-5.37946383111866,4950.62066985923,-6028.0081877624,4953.08256698219,-6028.06664269729,4955.54446410514,-6028.12509763218,0,0,1,0
20130619102031.daq,21,5,165.35,-1,0,left,1.37790417671204,88.622095823288,12,0.000352091153339774,45.1775131225586,254.554895224894,1.49412989616394,0.729902803897858,-0.00731518119573593,-5.21824188090069,4950.78193221618,-6021.40230926843,4953.24381112542,-6021.46152632387,4955.70569003466,-6021.52074337932,0,0,1,0
20130619102031.daq,21,5,165.45,-1,0,left,1.38806521892548,88.6119347810745,12,0.000364089956741657,45.3972702026367,261.197080213788,1.09862494468689,0.738604724407196,-0.00731518119573593,-5.0533755528357,4950.94662843488,-6014.76242625293,4953.40849680364,-6014.82207990601,4955.8703651724,-6014.88173355909,0,0,1,0
20130619102031.daq,21,5,165.55,-1,0,left,1.38724076747894,88.6127592325211,12,0.000376167579104218,45.6181678771973,267.871527972165,0.74706494808197,0.7388796210289,-0.00731518119573593,-4.88741138501655,4951.11259263936,-6008.08861715704,4953.57446186625,-6008.14823538533,4956.03633109313,-6008.20785361361,0,0,1,0
20130619102031.daq,21,5,165.65,-1,0,left,1.38184416294098,88.618155837059,12,0.000388360243544683,45.8426818847656,274.578618533747,0.791009962558746,0.739013850688934,0.0306516978889704,-4.72077167752803,4951.27924825079,-6001.38219876525,4953.74112308211,-6001.44158511346,4956.20299791343,-6001.50097146166,0,0,1,0
20130619102031.daq,21,5,165.75,-1,0,left,1.37458479404449,88.6254152059555,12,0.000400706039868913,46.0723724365234,281.319005056725,0.74706494808197,0.738198101520538,-0.00731518119573593,-4.55333214814299,4951.44676426613,-5994.64359686161,4953.90864660193,-5994.70267129008,4956.37052893773,-5994.76174571854,0,0,1,0
20130619102031.daq,21,5,165.85,-1,0,left,1.36554431915283,88.6344556808472,12,0.000413246955450479,46.3075485229492,288.093482250308,0.703119993209839,0.737192213535309,0.00217648060061038,-4.38601150728001,4951.61416923148,-5987.87183304107,4954.07606085775,-5987.9305190181,4956.53795248403,-5987.98920499514,0,0,1,0
20130619102031.daq,21,5,165.95,-1,0,left,1.35385763645172,88.6461423635483,12,0.000426029135365736,46.5594635009766,294.903512715138,0.483394980430603,0.737963020801544,0.040143359452486,-4.21861887442797,4951.78140922211,-5981.06546251121,4954.24331276742,-5981.1236463323,4956.70521631272,-5981.1818301534,0,0,1,0
20130619102031.daq,21,5,166.05,-1,0,left,1.33656847476959,88.6634315252304,12,0.000439104402596595,46.8227081298828,301.751491535528,0.307614982128143,0.73736435174942,0.0306516978889704,-4.05148415991547,4951.9487882351,-5974.22113579736,4954.41070922545,-5974.27857672954,4956.87263021581,-5974.33601766172,0,0,1,0
20130619102031.daq,21,5,166.15,-1,0,left,1.3120619058609,88.6879380941391,12,0.000452536087969304,47.0886383056641,308.638330121017,-0.131834983825684,0.736728489398956,0.040143359452486,-3.88500649042147,4952.11522915204,-5967.33791405871,4954.57717448585,-5967.39430197205,4957.03911981966,-5967.45068988538,0,0,1,0
20130619102031.daq,21,5,166.25,-1,0,left,1.27249872684479,88.7275012731552,12,0.000466405687165813,47.3543968200684,315.564179021099,-0.791009962558746,0.727032363414764,0.0211600363254547,-3.7207335777368,4952.27926705117,-5960.41549147627,4954.74125073434,-5960.47017938399,4957.20323441751,-5960.52486729172,0,0,1,0
20130619102031.daq,21,5,166.35,-1,0,left,1.21708989143372,88.7829101085663,12,0.000480817989668442,47.6187705993652,322.528915241177,-1.36229491233826,0.718799829483032,0.0116683738306165,-3.56013631221142,4952.43987693655,-5953.45437663286,4954.90191235531,-5953.50668361316,4957.36394777408,-5953.55899059347,0,0,1,0
20130619102031.daq,21,5,166.45,-1,0,left,1.14593946933746,88.8540605306625,12,0.000495900484386611,47.8810691833496,329.532280156904,-1.75779986381531,0.71268492937088,0.144552335143089,-3.40443898269381,4952.59560151683,-5946.45505824355,4955.05769999252,-5946.50430780624,4957.51979846821,-5946.55355736894,0,0,1,0
20130619102031.daq,21,5,166.55,1,0,left,1.06528083049376,88.9347593784332,12,0.000511789739479616,48.1409530639648,336.573939985747,-1.93357992172241,0.698687791824341,0.0211600363254547,-3.25564710710414,4952.74438620503,-5939.41788310346,4955.20655160466,-5939.46366484977,4957.66871700429,-5939.50944659607,0,0,1,0
20130619102031.daq,21,5,166.65,1,0,left,0.980190609701197,89.0204431414604,12,0.000528593830214039,48.3983726501465,343.653536980344,-1.97752487659454,0.588566780090332,-0.00731518119573593,-3.1149207837909,4952.88505097275,-5932.34323463577,4955.34728208409,-5932.38533425308,4957.80951319543,-5932.42743387039,0,0,1,0
20130619102031.daq,21,6,171.816666666667,1,0,left,-6.08389036368698,119.94570350647,12,0.00106682262807592,46.2517852783203,0,-20.4344234466553,0.386444419622421,0.097093790769577,-3.60223826757845,4909.74994262536,-5558.69151428311,4911.88377487133,-5557.46224036347,4914.0176071173,-5556.23296644384,1,0,0,0
20130619102031.daq,21,6,171.916666666667,1,0,left,-6.13498298880855,120.683090209961,12,0.00105797081750095,46.1682472229004,6.77704082432138,-18.3690090179443,0.468312412500381,0.106585457921028,-4.16937088760101,4906.43509045572,-5552.82049419405,4908.55292588371,-5551.56386078555,4910.6707613117,-5550.30722737704,1,0,0,0
20130619102031.daq,21,6,172.016666666667,1,0,left,-6.00505219026212,121.322910308838,12,0.00104798631842761,46.1425895690918,13.5458129895451,-15.1170797348022,0.527115345001221,0.106585457921028,-4.79027574473176,4903.0450471009,-5546.99887206214,4905.14871798941,-5545.71866769709,4907.25238887792,-5544.43846333205,1,0,0,0
20130619102031.daq,21,6,172.116666666667,1,0,left,-5.7354678690232,121.836824417114,12,0.00103690820669641,46.1807670593262,20.3154160909671,-11.4256992340088,0.572364330291748,0.0306516978889704,-5.39766164547039,4899.58418076243,-5541.2132771415,4901.67628439898,-5539.91425566463,4903.76838803553,-5538.61523418777,1,0,0,0
20130619102031.daq,21,6,172.216666666667,1,0,left,-5.38348740597102,122.221076965332,12,0.00102478386725311,46.2842063903809,27.09554292338,-8.0858793258667,0.614488005638123,0.0211600363254547,-5.98588618064837,4896.05636598961,-5535.45067514523,4898.13971079228,-5534.1376523516,4900.22305559496,-5532.82462955797,0,1,0,1
20130619102031.daq,21,6,172.316666666667,1,0,left,-4.85093800442806,122.488662719727,12,0.00101166733240859,46.4333457946777,33.8943735133071,-5.36128950119019,0.653246879577637,0.097093790769577,-6.54077815518432,4892.46925871123,-5529.69554978098,4894.54644866814,-5528.37281159588,4896.62363862505,-5527.05007341077,0,1,0,1
20130619102031.daq,21,6,172.416666666667,1,0,left,-4.24740635935493,122.663982391357,12,0.000997621361890555,46.6133041381836,40.7175508323216,-2.81247973442078,0.675709962844849,0.0591269135475159,-7.04579711690875,4888.83061444593,-5523.9374366472,4890.90374723092,-5522.60834865942,4892.9768800159,-5521.27926067164,0,1,0,1
20130619102031.daq,21,6,172.516666666667,1,0,left,-3.58155123258777,122.760673522949,12,0.00098271561025512,46.8085174560547,47.56840524586,-0.351559966802597,0.680047035217285,0.040143359452486,-7.48971075286549,4885.15157899446,-5518.16678670937,4887.222465888,-5516.83420204129,4889.29335278154,-5515.50161737321,0,1,0,1
20130619102031.daq,21,6,172.616666666667,1,0,left,-2.79574702330716,122.790050506592,12,0.000967021625733805,47.0099220275879,54.4483737112641,1.71385490894318,0.683440864086151,0.0306516978889704,-7.8553822180325,4881.44097103448,-5512.37589617131,4883.51117440625,-5511.04224988276,4885.58137777802,-5509.70860359422,0,1,0,1
20130619102031.daq,21,6,172.716666666667,1,0,left,-1.98866720976821,122.758640289307,12,0.000950609765160775,47.216911315918,61.3582898223158,3.77926993370056,0.698226749897003,0.0876021310687065,-8.13328765992815,4877.70780994478,-5506.56071965771,4879.77874412594,-5505.22820847925,4881.8496783071,-5503.89569730079,0,1,0,1
20130619102031.daq,21,6,172.816666666667,1,0,left,-0.949500135686108,122.668273925781,12,0.000933546609473425,47.4299468994141,68.2989989220841,5.71284961700439,0.713123619556427,0.00217648060061038,-8.30904751367519,4873.95788955891,-5500.71696547049,4876.03092278752,-5499.38772220588,4878.10395601613,-5498.05847894127,0,1,0,1
20130619102031.daq,21,6,172.916666666667,1,0,left,-0.173346981731896,122.537456512451,12,0.000915892731469986,47.6491317749023,75.271414051962,6.24018955230713,0.714460551738739,0.0496352538466454,-8.3760584942973,4870.19538829884,-5494.84076004588,4872.27145104249,-5493.51625338005,4874.34751378615,-5492.19174671421,0,1,0,1
20130619102031.daq,21,6,173.016666666667,1,0,left,0.205129355230838,122.407444000244,12,0.000897699759435325,47.8779563903809,82.2765012184063,4.79000473022461,0.713813483715057,0.0306516978889704,-8.37851357139373,4866.42457098896,-5488.93140646785,4868.50363388473,-5487.61161409825,4870.5826967805,-5486.29182172865,0,1,1,1
20130619102031.daq,21,6,173.116666666667,1,0,left,0.410310253775364,122.318454742432,12,0.000879007283834162,48.1239624023438,89.3165421623435,2.63669991493225,0.713373601436615,0.040143359452486,-8.35023571133389,4862.64581808525,-5482.98667369591,4864.72692831539,-5481.67011202494,4866.80803854552,-5480.35355035397,0,1,1,1
20130619102031.daq,21,6,173.216666666667,1,0,left,0.563856826369488,122.276195526123,12,0.000859846842323198,48.3754615783691,96.3931553956863,1.40623998641968,0.713936746120453,0.040143359452486,-8.29666615623979,4858.85791948011,-5477.00686120047,4860.94000019056,-5475.69183483625,4863.02208090102,-5474.37680847204,0,1,1,1
20130619102031.daq,21,6,173.316666666667,1,0,left,0.681428614837131,122.266895294189,12,0.000840242216690034,48.6279373168945,103.506755127679,0.791009962558746,0.712288379669189,0.0686185732483864,-8.22104590951371,4855.05799034047,-5470.99268916148,4857.14028447814,-5469.67800077723,4859.22257861581,-5468.36331239299,0,1,1,1
20130619102031.daq,21,6,173.416666666667,1,0,left,0.771846305073637,122.277866363525,12,0.000820213246169583,48.8798828125,110.657355578698,0.26366999745369,0.713849008083344,0.0116683738306165,-8.12739601897155,4851.24261974983,-5464.94542762642,4853.32466211111,-5463.63034054593,4855.40670447239,-5462.31525346544,0,1,1,1
20130619102031.daq,21,6,173.516666666667,1,0,left,0.84102661766309,122.308586120605,12,0.00079978353281102,49.1306915283203,117.844829045109,-0.615229964256287,0.714068353176117,0.040143359452486,-8.01976390307726,4847.40841079235,-5458.86700205637,4849.48974775613,-5457.55079885524,4851.5710847199,-5456.23459565411,0,1,1,1
20130619102031.daq,21,6,173.616666666667,1,0,left,0.879829590761787,122.362800598145,12,0.000778985821005827,49.3801345825195,125.068989776159,-1.36229491233826,0.703226089477539,0.0116683738306165,-7.90201351656881,4843.5527775392,-5452.75956850661,4845.63286815212,-5451.44139648997,4847.71295876505,-5450.12322447333,0,1,1,1
20130619102031.daq,21,6,173.716666666667,1,0,left,0.900446753853458,122.431640625,12,0.000757854274547399,49.6280517578125,132.329625818311,-1.66990995407104,0.692931890487671,0.0496352538466454,-7.77758013475262,4839.67411605217,-5446.62509300908,4841.75262140003,-5445.30442274654,4843.83112674789,-5443.983752484,0,1,1,1
20130619102031.daq,21,6,173.816666666667,1,0,left,0.902703687512485,122.512142181396,12,0.000736394966727612,49.8741912841797,139.626496124534,-1.88963496685028,0.684781014919281,0.0306516978889704,-7.64869608222991,4835.77010304801,-5440.46439428396,4837.84675078047,-5439.14080499014,4839.92339851293,-5437.81721569632,0,1,1,1
20130619102031.daq,21,6,173.916666666667,1,0,left,0.896438559136726,122.598762512207,12,0.000714621242907791,50.1183624267578,146.959324120175,-2.10935974121094,0.678450882434845,0.0306516978889704,-7.51754064332541,4831.83949145413,-5434.2781514668,4833.91413579869,-5432.95142419001,4835.98878014326,-5431.62469691322,0,1,1,1
20130619102031.daq,21,6,174.016666666667,1,0,left,0.87911564093254,122.689743041992,12,0.00069255888573984,50.360523223877,154.327816585737,-2.2411949634552,0.674452722072601,0.0116683738306165,-7.38600021596438,4827.88137431624,-5428.06773539246,4829.95390932288,-5426.7377154416,4832.02644432952,-5425.40769549075,0,1,1,1
20130619102031.daq,21,6,174.116666666667,1,0,left,0.849486307404959,122.788917541504,12,0.000670239425499442,50.600700378418,161.731679835491,-2.46091985702515,0.667934000492096,0.0116683738306165,-7.25634477866485,4823.89462808521,-5421.83384265508,4825.96485782806,-5420.50023730294,4828.03508757091,-5419.1666319508,0,1,1,1
20130619102031.daq,21,6,174.216666666667,1,0,left,0.813330255130381,122.889167785645,12,0.000647698881843637,50.8389701843262,169.170627410451,-2.41697478294373,0.661816000938416,-0.0262985043227673,-7.12894183001558,4819.87952937587,-5415.577065634,4821.94742254591,-5414.23984005066,4824.01531571594,-5412.90261446731,0,1,1,1
20130619102031.daq,21,6,174.316666666667,1,0,left,0.773070544001868,122.98807144165,12,0.000624976943669744,51.0754203796387,176.644387911245,-2.2411949634552,0.660394430160522,0.0116683738306165,-7.00540025997987,4815.83470678558,-5409.29727308124,4817.90028856449,-5407.95647990627,4819.96587034341,-5406.6156867313,0,1,1,1
20130619102031.daq,21,6,174.416666666667,1,0,left,0.732743850527456,123.081592559814,12,0.000602119547656563,51.3101272583008,184.152698004486,-1.88963496685028,0.651132941246033,0.0116683738306165,-6.88736551669796,4811.76031474351,-5402.99571028792,4813.82370526021,-5401.65154735173,4815.88709577691,-5400.30738441554,0,1,1,1
20130619102031.daq,21,6,174.516666666667,1,0,left,0.697021111970955,123.165836334229,12,0.00057918263232136,51.5432510375977,191.69531440518,-1.58201992511749,0.621056199073792,0.00217648060061038,-6.7730262330439,4807.65747746224,-5396.67118784658,4809.7188893845,-5395.32399249691,4811.78030130677,-5393.97679714723,0,1,1,1
20130619102031.daq,21,6,174.616666666667,1,0,left,0.661050935362709,123.244689941406,12,0.000556234096914339,51.7746658325195,199.272001614579,-1.49412989616394,0.581376492977142,0.00217648060061038,-6.66425194638628,4803.52604422171,-5390.32440405921,4805.58560010789,-5388.97437295766,4807.64515599407,-5387.62434185612,0,1,1,1
20130619102031.daq,21,6,174.716666666667,1,0,left,0.623204180593248,123.320365905762,12,0.00053335551273907,52.0037460327148,206.882467205796,-1.53807497024536,0.57934296131134,0.0116683738306165,-6.56095210332833,4799.36641773333,-5383.95499033711,4801.4241887096,-5382.60224016333,4803.48195968586,-5381.24948998956,0,1,1,1
20130619102031.daq,21,6,174.816666666667,1,0,left,0.579908782640317,123.395175933838,12,0.000510639424664703,52.2301025390625,214.526331657982,-1.53807497024536,0.579052448272705,0.0211600363254547,-6.46284179611661,4795.17997417798,-5377.56356054448,4797.2359771401,-5376.20812473147,4799.29198010221,-5374.85268891845,0,1,1,1
20130619102031.daq,21,6,174.916666666667,1,0,left,0.532317510691527,123.469036102295,12,0.000488178951152692,52.4541282653809,222.203216522637,-1.23045992851257,0.578717112541199,-0.0262985043227673,-6.37086019617744,4790.96671656372,-5371.15010996416,4793.02097052145,-5369.79202487825,4795.07522447919,-5368.43393979235,0,1,1,1
20130619102031.daq,21,6,175.016666666667,1,0,left,0.497750497136835,123.524044036865,12,0.000466045259836049,52.6763877868652,229.912596345213,-0.0878899917006493,0.579034686088562,0.00217648060061038,-6.28449526654079,4786.72781195955,-5364.71414876149,4788.78076111457,-5363.35409207506,4790.8337102696,-5361.99403538863,0,1,1,1
20130619102031.daq,21,6,175.116666666667,1,0,left,0.482239159610472,123.554168701172,12,0.000444248277690364,52.8971862792969,237.654693243319,0.659174978733063,0.579438328742981,0.0116683738306165,-6.20308465792475,4782.46397428415,-5358.25388046867,4784.51620807222,-5356.8927445818,4786.5684418603,-5355.53160869494,0,1,1,1
20130619102031.daq,21,6,175.216666666667,1,0,left,0.470396991229819,123.574893951416,12,0.000422679956624498,53.1165771484375,245.429069136124,0.351559996604919,0.579436957836151,-0.0357903987169266,-6.12554171313743,4778.17705604816,-5351.77014979727,4780.22879734667,-5350.40827165755,4782.28053864517,-5349.04639351783,0,1,1,1
20130619102031.daq,21,6,175.316666666667,1,0,left,0.452143839549706,123.595951080322,12,0.00040104456815963,53.3347511291504,253.235530533268,0.0439449995756149,0.579069435596466,0.0116683738306165,-6.05205478994094,4773.86815299838,-5345.26202349103,4775.91939364601,-5343.89939139507,4777.97063429365,-5342.53675929911,0,1,1,1
20130619102031.daq,21,6,175.416666666667,1,0,left,0.424806179686158,123.620182037354,12,0.000378805041093601,53.5518913269043,261.073912851383,0.131834998726845,0.579185903072357,0.00217648060061038,-5.98250566447934,4769.53813416328,-5338.72965697461,4771.58879835678,-5337.36615751039,4773.63946255028,-5336.00265804617,0,1,1,1
20130619102031.daq,21,6,175.516666666667,1,0,left,0.389001442184949,123.646800994873,12,0.000355198399420731,53.7681274414063,268.94407528543,0.17577999830246,0.579494476318359,0.00217648060061038,-5.91721138953994,4765.18751776292,-5332.17251913152,4767.23754826903,-5330.80806709958,4769.28757877514,-5329.44361506764,0,1,1,1
20130619102031.daq,21,6,175.616666666667,1,0,left,0.345668635693229,123.674625396729,12,0.000329400462709155,53.9834785461426,276.845887893815,0.0439449995756149,0.579468727111816,-0.00731518119573593,-5.85652018237815,4760.81683695115,-5325.59152193813,4762.86620460022,-5324.22607451608,4764.91557224929,-5322.86062709404,0,1,1,1
20130619102031.daq,21,6,175.716666666667,1,0,left,0.295926408666915,123.70263671875,12,0.000300968717768997,54.1979942321777,284.779223718884,0.307614982128143,0.579022288322449,-0.0547737218439579,-5.80130769762124,4756.42613028846,-5318.98563314363,4758.47483013933,-5317.61918396987,4760.52352999021,-5316.25273479612,0,1,1,1
20130619102031.daq,21,6,175.816666666667,1,0,left,0.265172615734002,123.705436706543,12,0.000270664265933464,54.4117126464844,292.743962563489,1.93357992172241,0.578933835029602,0.0116683738306165,-5.75151736296124,4752.01586830038,-5312.35443876124,4754.06450137179,-5310.98788947118,4756.11313444321,-5309.62134018113,0,1,1,1
20130619102031.daq,21,6,175.916666666667,1,0,left,0.256729355910096,123.679702758789,12,0.000240694945557718,54.6247062683105,300.739993322202,2.76853489875793,0.579082727432251,-0.00731518119573593,-5.70778814433313,4747.58617633051,-5305.69726853754,4749.63542297011,-5304.33163951269,4751.68466960971,-5302.96601048784,0,1,1,1
20130619102031.daq,21,6,176.016666666667,1,0,left,0.25876210129519,123.636566162109,12,0.000212501118073987,54.8370628356934,308.766998251212,2.68064475059509,0.578529059886932,0.0116683738306165,-5.66758039774013,4743.14005331572,-5299.01277960101,4745.19032752327,-5297.64869379092,4747.24060173082,-5296.28460798084,0,0,1,0
20130619102031.daq,21,6,176.116666666667,1,0,left,0.263809106312351,123.583988189697,12,0.000186294027017259,55.0488433837891,316.825323301962,2.8564248085022,0.578102469444275,-0.0357903987169266,-5.63031662077123,4738.67866465874,-5292.29945546981,4740.7301897681,-5290.93725168584,4742.78171487747,-5289.57504790186,0,0,1,0
20130619102031.daq,21,6,176.216666666667,1,0,left,0.262969890362442,123.530868530273,12,0.000161719161977342,55.2600288391113,324.914666582859,2.72458982467651,0.578708112239838,-0.0357903987169266,-5.59545156464358,4734.20411559088,-5285.55827154437,4736.25690273516,-5284.19797034106,4738.30968987943,-5282.83766913775,0,0,1,0
20130619102031.daq,21,6,176.316666666667,1,0,left,0.259440320153232,123.474010467529,12,0.000138288081271355,55.4706382751465,333.03494067357,3.33981990814209,0.578418672084808,-0.0262985043227673,-5.56208480248676,4729.71750417198,-5278.78710025083,4731.77164021432,-5277.42883682166,4733.82577625665,-5276.0705733925,0,0,1,0
20130619102031.daq,21,6,176.416666666667,1,0,left,0.285771779933754,123.379749298096,12,0.000115590012078369,55.6806945800781,341.186063608766,5.53706979751587,0.578240275382996,-0.0168068427592516,-5.52830698954452,4725.2215770278,-5271.98459430826,4727.27794486049,-5270.62971211409,4729.33431269319,-5269.27482991992,0,0,1,0
20130619102031.daq,21,6,176.516666666667,1,0,left,0.446803790000885,123.251430511475,12,0.0001,55.8900909423828,349.367947734991,6.0644097328186,0.579149425029755,-0.00731518119573593,-5.48807708269496,4720.71719299402,-5265.14898975664,4722.77659004135,-5263.7987163677,4724.83598708867,-5262.44844297875,0,0,1,0
20130619102031.daq,21,6,176.616666666667,1,0,left,0.648220953357381,123.120727539063,12,0.0001,56.0989189147949,357.580499337628,4.79000473022461,0.578573107719421,-0.00731518119573593,-5.42421366541879,4716.2065683064,-5258.27957518428,4718.26904023254,-5256.93400319537,4720.33151215868,-5255.58843120647,0,0,1,0
20130619102031.daq,21,6,176.716666666667,1,0,left,0.817329804358053,123.012348175049,12,0.0001,56.3072929382324,365.823645682956,3.47165489196777,0.577615559101105,-0.0262985043227673,-5.33463633953717,4711.69266046838,-5251.37622736842,4713.75767395586,-5250.03455910839,4715.82268744333,-5248.69289084836,0,0,1,0
20130619102031.daq,21,6,176.816666666667,1,0,left,0.936539078457997,122.943885803223,12,0.0001,56.51513671875,374.097316648204,2.28513979911804,0.365503400564194,-0.00731518119573593,-5.22366148380119,4707.17429704463,-5244.44136038908,4709.24091220863,-5243.10216055807,4711.30752737263,-5241.76296072707,0,0,1,0
20130619102031.daq,21,6,176.916666666667,1,0,left,1.01254246215707,122.909206390381,12,0.0001,56.7233924865723,382.401396745265,1.53807497024536,0.126223415136337,0.0306516978889704,-5.09322134388039,4702.65024168401,-5237.47610104611,4704.71766704681,-5236.13815232036,4706.7850924096,-5234.80020359462,0,0,1,0
20130619102031.daq,21,6,177.016666666667,1,0,left,1.06076203926081,122.892017364502,12,0.0001,56.9263954162598,390.735619423687,1.49412989616394,0.0846829488873482,-0.00731518119573593,-4.94726254787267,4698.11818909261,-5230.48005211032,4700.18601575379,-5229.14272368292,4702.25384241498,-5227.80539525553,0,0,1,0
20130619102031.daq,21,6,177.116666666667,1,0,left,1.08947316440538,122.884044647217,12,0.0001,57.0567016601563,399.095511652531,1.23045992851257,0.0618815012276173,0.0116683738306165,-4.79085965761448,4693.57796901361,-5223.45960047743,4695.64598174425,-5222.12255980141,4697.71399447489,-5220.78551912538,0,0,1,0
20130619102031.daq,21,6,177.216666666667,1,0,left,1.10539082925418,122.87865447998,12,0.0001,57.0991477966309,407.467872120569,1.05467998981476,0.0625803917646408,0.00217648060061038,-4.62716590440324,4689.03423146967,-5216.42512868037,4691.10236997482,-5215.08828256097,4693.17050847997,-5213.75143644157,0,0,1,0
20130619102031.daq,21,6,177.316666666667,1,0,left,1.1108286398475,122.87321472168,12,0.0001,57.0782203674316,415.841481137621,1.09862494468689,0.128653392195702,0.0211600363254547,-4.46052020863111,4684.49049586512,-5209.38723624689,4686.55876128338,-5208.05058648609,4688.62702670164,-5206.71393672528,0,0,1,0
20130619102031.daq,21,6,177.416666666667,1,0,left,1.11134300368062,122.862407684326,12,0.0001,57.0208473205566,424.209110976111,1.45018494129181,0.212871417403221,0.0591269135475159,-4.29354287317789,4679.9518500699,-5202.35442411661,4682.02036756808,-5201.01816449246,4684.08888506627,-5199.68190486832,0,0,1,0
20130619102031.daq,21,6,177.516666666667,1,0,left,1.11973567450113,122.833431243896,12,-0.000110445099875802,56.9345245361328,432.566019816693,2.28513979911804,0.325890243053436,0.00217648060061038,-4.1278838635495,4675.42074134485,-5195.33088179088,4677.48993437079,-5193.99566845781,4679.55912739673,-5192.66045512473,0,0,1,0
20130619102031.daq,21,6,177.616666666667,1,0,left,1.14057969630456,122.781711578369,12,-0.00012869294586123,56.8572463989258,440.91046587311,2.81247997283936,0.414483159780502,0.0306516978889704,-3.96255298676017,4670.89978931182,-5188.31636276438,4672.97018676288,-5186.98301779099,4675.04058421395,-5185.6496728176,0,0,1,0
20130619102031.daq,21,6,177.716666666667,1,0,left,1.15294646910147,122.728176116943,12,-0.000146528560666673,56.8160362243652,449.245892434576,2.28513979911804,0.451128393411636,0.00217648060061038,-3.79864085524179,4666.38818740213,-5181.30907154343,4668.45982978687,-5179.97766166921,4670.53147217161,-5178.64625179498,0,0,1,0
20130619102031.daq,21,6,177.816666666667,1,0,left,1.1454208902374,122.684238433838,12,-0.0001639543353942,56.8268394470215,457.579206314405,1.66990995407104,0.456804245710373,0.0306516978889704,-3.63582935412158,4661.88305235048,-5174.30132452122,4663.95571512728,-5172.97150369227,4666.02837790408,-5171.64168286332,0,0,1,0
20130619102031.daq,21,6,177.916666666667,1,0,left,1.10726273711725,122.660636901855,12,-0.000180975797635763,56.8760643005371,465.917017469745,1.31834995746613,0.490546435117722,0.220486089587212,-3.4759373019367,4657.38054878033,-5167.28784177676,4659.45375916697,-5165.95887484107,4661.52696955361,-5164.62990790538,0,0,1,0
20130619102031.daq,21,6,178.016666666667,1,0,left,1.04336033042435,122.652481079102,12,-0.000197600576004004,56.9562835693359,474.264355391151,1.01073491573334,0.554105877876282,0.0116683738306165,-3.32095348469918,4652.87647035382,-5160.26298696221,4654.94986989253,-5158.9343151531,4657.02326943124,-5157.605643344,0,0,1,0
20130619102031.daq,21,6,178.116666666667,1,0,left,0.957776860986854,122.654357910156,12,-0.000213836714294392,57.0609245300293,482.625344780286,1.01073491573334,0.614488899707794,0.0306516978889704,-3.17287041792007,4648.36809682448,-5153.22402588479,4650.44145283893,-5151.8952861583,4652.51480885338,-5150.5665464318,0,0,1,0
20130619102031.daq,21,6,178.216666666667,1,0,left,0.86061474682478,122.658699035645,12,-0.000229690557595653,57.1919937133789,491.003602927807,1.01073491573334,0.627508223056793,0.0591269135475159,-3.03470364831299,4643.85181528904,-5146.16859642269,4645.925070623,-5144.83969960818,4647.99832595697,-5143.51080279367,0,0,1,0
20130619102031.daq,21,6,178.316666666667,1,0,left,0.75653416067783,122.659652709961,12,-0.000245165399888893,57.3410491943359,499.402579790194,1.23045992851257,0.62696635723114,0.0306516978889704,-2.91041216329775,4639.32541114122,-5139.09491749352,4641.39864435574,-5137.76598617037,4643.47187757025,-5136.43705484721,0,0,1,0
20130619102031.daq,21,6,178.416666666667,1,0,left,0.656973162109608,122.653926849365,12,-0.000260262013095793,57.4977874755859,507.82405366043,1.62596487998962,0.625877261161804,-0.0168068427592516,-2.80887918152907,4634.78705884509,-5132.00183462162,4636.86042485616,-5130.67311049391,4638.93379086723,-5129.3443863662,0,0,1,0
20130619102031.daq,21,7,179.916666666667,1,0,left,-1.13299386578004,121.433784484863,12,-0.000439812886336256,59.9238052368164,0,6.32807970046997,0.623081266880035,-0.00731518119573593,-3.35038095978538,4565.84042191871,-5022.71668056802,4567.94161152163,-5021.4324077481,4570.04280112455,-5020.14813492817,1,0,0,0
20130619102031.daq,21,7,180.016666666667,1,0,left,-1.18574436669606,121.262313842773,12,-0.000448577937924349,60.080982208252,8.80038026506918,6.32807970046997,0.62312376499176,-0.0262985043227673,-3.53937725312925,4561.23448471053,-5015.21049792665,4563.33950837646,-5013.93251913601,4565.44453204238,-5012.65454034536,1,0,0,0
20130619102031.daq,21,7,180.116666666667,1,0,left,-1.26041359692496,121.087839126587,12,-0.000456946883734196,60.2373962402344,17.6237572559858,6.37202453613281,0.622938871383667,0.0211600363254547,-3.76053176543967,4556.63601979,-5007.67195018173,4558.74492533765,-5006.40038743672,4560.85383088531,-5005.12882469171,1,0,0,0
20130619102031.daq,21,7,180.216666666667,1,0,left,-1.33809286601827,120.907976150513,12,-0.000464923235737533,60.3930702209473,26.4700203801895,6.76752948760986,0.622491061687469,0.00217648060061038,-3.99515956971672,4552.04756624603,-5000.10042427243,4554.16045308716,-4998.83548806059,4556.27333992829,-4997.57055184875,1,0,0,0
20130619102031.daq,21,7,180.316666666667,1,0,left,-1.40319886548887,120.715791702271,12,-0.000472506851714011,60.547981262207,35.3390601640931,7.29486989974976,0.622444987297058,-0.00731518119573593,-4.24296576301893,4547.47038448521,-4992.49555695589,4549.5875023464,-4991.23771500028,4551.70462020758,-4989.97987304467,1,0,0,0
20130619102031.daq,21,7,180.416666666667,1,0,left,-1.44891248231578,120.50005531311,12,-0.000479691935283995,60.7020950317383,44.2307628913131,8.30560398101807,0.622825145721436,-0.0357903987169266,-4.50420053504786,4542.90542698683,-4984.85529837556,4545.02726599434,-4983.60543692338,4547.14910500185,-4982.3555754712,1,0,0,0
20130619102031.daq,21,7,180.516666666667,1,0,left,-1.45682957401115,120.237661361694,12,-0.00048647153705107,60.8552284240723,53.1450006250961,10.2391843795776,0.623151183128357,-0.0168068427592516,-4.77351108133748,4538.35658450071,-4977.17747300899,4540.48412515098,-4975.93734188492,4542.61166580125,-4974.69721076085,1,0,0,0
20130619102031.daq,21,7,180.616666666667,1,0,left,-1.39215568723687,119.918521881104,12,-0.000492832420271611,61.0070457458496,62.0816042128954,11.7772598266602,0.62251228094101,-0.0262985043227673,-5.04853372503193,4533.82723664179,-4969.46011661784,4535.96165182605,-4968.23185514542,4538.09606701031,-4967.003593673,1,0,0,0
20130619102031.daq,21,7,180.716666666667,1,0,left,-1.27288671441939,119.55463218689,12,-0.000498752433398172,61.1574668884277,71.0403714456315,12.3485441207886,0.621734619140625,0.0211600363254547,-5.32082487229281,4529.32132767367,-4961.69998459678,4531.46350053722,-4960.48530363205,4533.60567340078,-4959.27062266732,1,0,0,0
20130619102031.daq,21,7,180.816666666667,1,0,left,-1.13371577700978,119.166292190552,12,-0.000504198714719823,61.306510925293,80.0210996479727,12.3045997619629,0.622356295585632,0.00217648060061038,-5.58405791895252,4524.84586150779,-4953.89571862146,4526.99621798283,-4952.69558468988,4529.14657445786,-4951.49545075831,1,0,0,0
20130619102031.daq,21,7,180.916666666667,1,0,left,-0.980371542046228,118.75915145874,12,-0.000509136699727252,61.4541015625,89.0235832072776,13.051664352417,0.623299121856689,-0.00731518119573593,-5.83406916270615,4520.4059949754,-4946.04567698595,4522.56482517559,-4944.86085354333,4524.72365537578,-4943.67603010072,0,1,0,1
20130619102031.daq,21,7,181.016666666667,1,0,left,-0.802263122339909,118.318115234375,12,-0.000513535211492382,61.5999984741211,98.0475924061902,14.2821245193481,0.623099327087402,-0.0168068427592516,-6.06701492055008,4516.00581076535,-4938.14666700955,4518.17369713727,-4936.97849617363,4520.34158350918,-4935.81032533771,0,1,0,1
20130619102031.daq,21,7,181.116666666667,1,0,left,-0.606378070796296,117.858850479126,12,-0.000517368557073679,61.7443351745605,107.092878224947,14.2381792068481,0.619608640670776,-0.00731518119573593,-6.27776754505634,4511.65053112582,-4930.19756302945,4513.82771143931,-4929.04680662344,4516.0048917528,-4927.89605021743,0,1,0,1
20130619102031.daq,21,7,181.216666666667,1,0,left,-0.423353499220994,117.402976989746,12,-0.00052061755893411,61.8877143859863,116.159258362983,13.095609664917,0.472701579332352,0.0116683738306165,-6.46481847011157,4507.34411825042,-4922.19751879722,4509.53038553932,-4921.06412135373,4511.71665282822,-4919.93072391024,0,1,0,1
20130619102031.daq,21,7,181.316666666667,1,0,left,-0.266252928978005,116.967887878418,12,-0.000523269763647303,62.0297088623047,125.246587912341,12.5243244171143,0.268869757652283,-0.0262985043227673,-6.62753500784227,4503.08873238542,-4914.14788892311,4505.28354327922,-4913.03112593847,4507.47835417302,-4911.91436295382,0,1,0,1
20130619102031.daq,21,7,181.416666666667,1,0,left,-0.0860667501087704,116.54381942749,12,-0.000525319315807714,62.1656265258789,134.354380116542,12.5243244171143,0.252256721258163,0.0116683738306165,-6.76360855072467,4498.88478112565,-4906.04816957578,4501.08779742695,-4904.94768168413,4503.29081372824,-4903.84719379249,0,1,0,1
20130619102031.daq,21,7,181.516666666667,1,0,left,0.08445584383594,116.121175765991,12,-0.000526766984094201,62.2812957763672,143.480901628311,12.5243244171143,0.25522780418396,-0.00731518119573593,-6.86974696217929,4494.73414459475,-4897.90031961573,4496.94521866098,-4896.81611211847,4499.1562927272,-4895.73190462121,0,1,0,1
20130619102031.daq,21,7,181.616666666667,1,0,left,0.261804304310587,115.690187454224,12,-0.000527620464244455,62.3630180358887,152.621903539166,12.4364347457886,0.260015785694122,0.00217648060061038,-6.94693147881373,4490.6382366168,-4889.70776685841,4492.85740363961,-4888.64022194213,4495.07657066243,-4887.57267702584,0,1,0,1
20130619102031.daq,21,7,181.716666666667,1,0,left,0.435222378807808,115.257440567017,12,-0.000527893007309941,62.4104690551758,161.772370532297,11.9090948104858,0.274192988872528,-0.0357903987169266,-6.99750547960527,4486.59871947781,-4881.4762121067,4488.82588614251,-4880.42545853374,4491.0530528072,-4879.37470496078,0,1,0,1
20130619102031.daq,21,7,181.816666666667,1,0,left,0.608352746187208,114.819206237793,12,-0.000527599123515641,62.4310913085938,170.927679586772,11.6454248428345,0.290949493646622,0.0211600363254547,-7.02164232336109,4482.61869433933,-4873.20987296843,4484.85383260695,-4872.17618474268,4487.08897087457,-4871.14249651693,0,1,0,1
20130619102031.daq,21,7,181.916666666667,1,0,left,0.780383443119817,114.376207351685,12,-0.000526758565488368,62.4375,180.084833000707,11.8651494979858,0.304129153490067,-0.00731518119573593,-7.02099984323642,4478.69959762172,-4864.91318557898,4480.94266126054,-4863.89680969592,4483.18572489935,-4862.88043381286,0,1,1,1
20130619102031.daq,21,7,182.016666666667,1,0,left,0.949184420248528,113.925815582275,12,-0.000525396997419593,62.4390029907227,189.242479791748,12.0848741531372,0.311255216598511,0.0116683738306165,-6.99642353013208,4474.84204394798,-4856.58749620116,4477.0930277498,-4855.58878385649,4479.34401155161,-4854.59007151181,0,1,1,1
20130619102031.daq,21,7,182.116666666667,1,0,left,1.1271837882686,113.476024627686,12,-0.000523544972129493,62.4406814575195,198.400324455828,11.9090948104858,0.315130174160004,-0.0262985043227673,-6.94601442029811,4471.04859523327,-4848.23319123987,4473.30734981798,-4847.25218046038,4475.56610440269,-4846.27116968088,0,1,1,1
20130619102031.daq,21,7,182.216666666667,1,0,left,1.31896257116995,113.042127609253,12,-0.000521236735292513,62.4445877075195,207.558566171456,10.8104696273804,0.321665912866592,-0.00731518119573593,-6.86547578673207,4467.31999182036,-4839.85001054448,4469.5861106929,-4838.88613312544,4471.85222956544,-4837.92225570639,0,1,1,1
20130619102031.daq,21,7,182.316666666667,1,0,left,1.46425447478606,112.648344039917,12,-0.00051850992684687,62.4516525268555,216.717602922663,9.44817447662354,0.34200456738472,-0.0168068427592516,-6.75558768183976,4463.65457516539,-4831.43906385224,4465.92726502102,-4830.49078370189,4468.19995487665,-4829.54250355155,0,1,1,1
20130619102031.daq,21,7,182.416666666667,1,0,left,1.56582905659897,112.287519454956,12,-0.000515405692521853,62.4632568359375,225.87797955966,9.05266952514648,0.362129658460617,-0.00731518119573593,-6.61910079878519,4460.05069500313,-4823.00144725017,4462.32931161989,-4822.06749824874,4464.60792823664,-4821.1335492473,0,1,1,1
20130619102031.daq,21,7,182.516666666667,1,0,left,1.64428527708631,111.947469711304,12,-0.000511968587597512,62.4823341369629,235.040570985253,8.9647798538208,0.377490848302841,0.00217648060061038,-6.46051824504364,4456.50451356579,-4814.53803725719,4458.78863299482,-4813.61762818654,4461.07275242385,-4812.69721911588,0,1,1,1
20130619102031.daq,21,7,182.616666666667,1,0,left,1.69692481461976,111.626609802246,12,-0.000508245974152877,62.5113143920898,244.206663887038,8.56927490234375,0.387454032897949,-0.0168068427592516,-6.2849818393081,4453.01267196061,-4806.04972091831,4455.30190989473,-4805.14211742317,4457.59114782886,-4804.23451392803,0,1,1,1
20130619102031.daq,21,7,182.716666666667,1,0,left,1.71735705750146,111.331239700317,12,-0.000504285883676429,62.5513153076172,253.377812855173,7.64642953872681,0.398325175046921,-0.00731518119573593,-6.09706257232953,4449.57143068144,-4797.53628072081,4451.86531703575,-4796.64049066898,4454.15920339005,-4795.74470061715,0,1,1,1
20130619102031.daq,21,7,182.816666666667,1,0,left,1.68352210568125,111.07857131958,12,-0.000500133003629853,62.6022453308105,262.55563211214,6.19624471664429,0.41047403216362,0.00217648060061038,-5.90168747712797,4446.17651310806,-4788.99896340316,4448.47432748501,-4788.11329782715,4450.77214186196,-4787.22763225114,0,1,1,1
20130619102031.daq,21,7,182.916666666667,1,0,left,1.62468051214321,110.882705688477,12,-0.000495830153044951,62.6627388000488,271.741659043775,4.52633476257324,0.415604740381241,0.00217648060061038,-5.70531552091293,4442.82134343833,-4780.43935264123,4445.12217203101,-4779.56154730372,4447.42300062368,-4778.68374196622,0,1,1,1
20130619102031.daq,21,7,183.016666666667,1,0,left,1.52583082330791,110.735576629639,12,-0.00049141791924907,62.7300148010254,280.937075713004,3.91110491752625,0.417220860719681,0.00217648060061038,-5.50826179784537,4439.50092009651,-4771.85852295641,4441.80399520532,-4770.98662877324,4444.10707031412,-4770.11473459007,0,0,1,0
20130619102031.daq,21,7,183.116666666667,1,0,left,1.41463613914267,110.597314834595,12,-0.000486933566484186,62.8028717041016,290.142782479437,5.31734466552734,0.423778414726257,-0.0452820584177971,-5.31606361305233,4436.2088860597,-4763.25662422971,4438.51405844926,-4762.39029018453,4440.81923083882,-4761.52395613934,0,0,1,0
20130619102031.daq,21,7,183.216666666667,1,0,left,1.31887379445473,110.431743621826,12,-0.000482410215053129,62.8801193237305,299.35950975754,6.81147480010986,0.434935718774796,-0.0357903987169266,-5.13442350715332,4432.94165113115,-4754.63301553672,4435.2493173922,-4753.77334650096,4437.55698365325,-4752.91367746521,0,0,1,0
20130619102031.daq,21,7,183.316666666667,1,0,left,1.25400482220003,110.231884002686,12,-0.0004778764152142,62.9611434936523,308.587845058646,7.51459455490112,0.457679003477097,-0.0357903987169266,-4.96494995033378,4429.697617979,-4745.98642189704,4432.00826889935,-4745.13480769583,4434.31891981971,-4744.28319349463,0,0,1,0
20130619102031.daq,21,7,183.416666666667,1,0,left,1.21650291125245,109.992345809937,12,-0.000473355506645336,63.0464172363281,317.828362419707,8.65716457366943,0.478204131126404,0.00217648060061038,-4.8074718512177,4426.478046697,-4737.31564617,4428.79223778281,-4736.47369959108,4431.10642886863,-4735.63175301216,0,0,1,0
20130619102031.daq,21,7,183.516666666667,1,0,left,1.22236342666046,109.701383590698,12,-0.000468865698517775,63.1373977661133,327.081786567031,10.458909034729,0.480646163225174,-0.0357903987169266,-4.66119109584614,4423.28549814997,-4728.61970835057,4425.60393499173,-4727.78952461536,4427.92237183349,-4726.95934088015,0,0,1,0
20130619102031.daq,21,7,183.616666666667,1,0,left,1.27741480891497,109.357330322266,12,-0.000464421397761532,63.2348899841309,336.349031660988,11.6893692016602,0.483390659093857,-0.0262985043227673,-4.52229433816152,4420.12399634899,-4719.8946687197,4422.44737650043,-4719.07842176239,4424.77075665187,-4718.26217480507,0,0,1,0
20130619102031.daq,21,7,183.716666666667,1,0,left,1.4198003473348,108.976697921753,12,-0.000460033436427525,63.3383712768555,345.631026968184,11.8651494979858,0.512451946735382,-0.0168068427592516,-4.38028056269043,4416.99958555213,-4711.138849815,4419.3283369588,-4710.33805564085,4421.65708836548,-4709.53726146671,0,0,1,0
20130619102031.daq,21,7,183.816666666667,1,0,left,1.56334128603012,108.586116790771,12,-0.000455707559972201,63.4475936889648,354.928607387872,11.5575342178345,0.553388297557831,-0.0547737218439579,-4.22632529412194,4413.91826951848,-4702.35050407787,4416.25242572919,-4701.56560331507,4418.58658193989,-4700.78070255227,0,0,1,0
20130619102031.daq,21,7,183.916666666667,1,0,left,1.69016307207637,108.199110031128,12,-0.000451445441983807,63.5639381408691,364.242735522952,11.1180839538574,0.571136474609375,-0.0357903987169266,-4.05585785608152,4410.88522543191,-4693.52777790725,4413.22463000123,-4692.75866108618,4415.56403457056,-4691.9895442651,0,0,1,0
20130619102031.daq,21,7,184.016666666667,1,0,left,1.79920972823535,107.825038909912,12,-0.000447248155715222,63.6847305297852,373.57404112627,10.8544139862061,0.569743633270264,-0.0262985043227673,-3.86875981057864,4407.90241043082,-4684.66959965701,4410.24678649514,-4683.91577255982,4412.59116255947,-4683.16194546262,0,0,1,0
20130619102031.daq,21,7,184.116666666667,1,0,left,1.88173161430905,107.463869094849,12,-0.000443117656769586,63.8083457946777,382.923525871787,10.458909034729,0.569485902786255,-0.00731518119573593,-3.66633384804041,4404.9707912665,-4675.77595560177,4407.31987254847,-4675.03692139813,4409.66895383043,-4674.2978871945,0,0,1,0
20130619102031.daq,21,7,184.216666666667,1,0,left,1.93454649934201,107.127674102783,12,-0.000439057977510219,63.9341087341309,392.291304594872,9.40422916412354,0.569508910179138,0.0211600363254547,-3.45038427982715,4402.09021959523,-4666.84782538572,4404.44359685103,-4666.12258755208,4406.79697410682,-4665.39734971843,0,0,1,0
20130619102031.daq,21,7,184.316666666667,1,0,left,1.92749753043735,106.837215423584,12,-0.000435076145811989,64.0616607666016,401.677662542275,7.55853986740112,0.570974409580231,0.00217648060061038,-3.2237770893942,4399.25910792247,-4657.88555842321,4401.61613148676,-4657.1722602101,4403.97315505104,-4656.45896199698,0,0,1,0
20130619102031.daq,21,8,187.916666666667,1,0,left,-0.0206426969711799,98.6468372344971,12,-0.000411631383009851,67.1891326904297,0,10.3270740509033,0.140375658869743,0.0211600363254547,-3.3024569090525,4315.94232616169,-4318.23599929842,4318.37692688484,-4317.86576458595,4320.81152760798,-4317.49552987349,1,0,0,0
20130619102031.daq,21,8,188.016666666667,1,0,left,0.208314204488047,98.2201948165894,12,-0.000413776010352362,67.0654907226563,9.84557925424815,9.93156909942627,0.130245849490166,0.097093790769577,-3.40283145678499,4314.37067446531,-4308.50007778661,4316.80796455116,-4308.14798197457,4319.24525463701,-4307.79588616253,1,0,0,0
20130619102031.daq,21,8,188.116666666667,1,0,left,0.405755577580564,97.8039093017578,12,-0.000415915756654552,66.9345703125,19.672353296759,8.9647798538208,0.127979338169098,0.040143359452486,-3.48023852207922,4312.86981769359,-4298.77200272245,4315.3096015978,-4298.43762430779,4317.74938550201,-4298.10324589314,1,0,0,0
20130619102031.daq,21,8,188.216666666667,1,0,left,0.557117634051991,97.4053750038147,12,-0.000418033310026431,66.7994384765625,29.4795576774177,8.43743991851807,0.126213639974594,0.0211600363254547,-3.52853247065227,4311.43980573279,-4289.05346576769,4313.88185644522,-4288.7360657971,4316.32390715766,-4288.41866582652,1,0,0,0
20130619102031.daq,21,8,188.316666666667,1,0,left,0.662841035418097,97.0219864845276,12,-0.000420112524714268,66.663444519043,39.2668588468096,8.39349460601807,0.125865027308464,0.097093790769577,-3.55332041256269,4310.08077736158,-4279.34631593635,4312.52489723491,-4279.04526366808,4314.96901710824,-4278.74421139982,1,0,0,0
20130619102031.daq,21,8,188.416666666667,1,0,left,0.72653574872227,96.6500263214111,12,-0.000422139481115694,66.5276794433594,49.034223515273,8.0858793258667,0.125554323196411,0.00217648060061038,-3.56023688582338,4308.79147453479,-4269.64993041623,4311.23749730078,-4269.36475143443,4313.68352006678,-4269.07957245262,1,0,0,0
20130619102031.daq,21,8,188.516666666667,1,0,left,0.72802482834723,96.3095469474792,12,-0.000424107423807996,66.3927917480469,58.7817325291398,6.67963981628418,0.135203421115875,0.0686185732483864,-3.55719874744707,4307.57022347581,-4259.96638750854,4310.01789771572,-4259.69574893276,4312.46557195564,-4259.42511035699,1,0,0,0
20130619102031.daq,21,8,188.616666666667,1,0,left,0.669081590462881,96.0026068687439,12,-0.000426012462525345,66.2590942382813,68.5095471148361,6.15229988098145,0.111960381269455,0.0686185732483864,-3.55069917530809,4306.41395494961,-4250.29571832508,4308.86304390213,-4250.0381960424,4311.31213285465,-4249.78067375973,1,0,0,0
20130619102031.daq,21,8,188.716666666667,1,0,left,0.722901271771008,95.7191095352173,12,-0.000427852253906238,66.1263732910156,78.2178250486013,6.02046489715576,0,0.0496352538466454,-3.54079472422211,4305.31885317015,-4240.63904708687,4307.76918634828,-4240.39364590592,4310.2195195264,-4240.14824472496,1,0,0,0
20130619102031.daq,21,8,188.816666666667,1,0,left,0.7782860734753,95.4754071235657,12,-0.00042962736504809,65.9948501586914,87.9067195375028,4.21871995925903,0,0.0876021310687065,-3.50767365511579,4304.27905666858,-4230.99684994612,4306.7304114702,-4230.76187322394,4309.18176627183,-4230.52689650175,1,0,0,0
20130619102031.daq,21,8,188.916666666667,1,0,left,0.718289258455769,95.310085773468,12,-0.000431346206795806,65.8557357788086,97.5761580343078,1.36229491233826,0,45.4959907531738,-3.46252366140289,4303.28835675074,-4221.37172631708,4305.74037934928,-4221.143823707,4308.19240194782,-4220.91592109692,1,0,0,0
20130619102031.daq,21,8,189.016666666667,1,0,left,0.521580052505229,95.2379322052002,12,-0.000433024597521165,65.6328735351563,107.220369584065,-0.57128494977951,0,34.6469535827637,-3.42097989570433,4302.3385317843,-4211.77091732883,4304.79083944016,-4211.54610277321,4307.24314709603,-4211.32128821759,1,0,0,0
20130619102031.daq,21,8,189.116666666667,1,0,left,0.225998376023981,95.2266082763672,12,-0.000434685647038378,65.2395477294922,116.819952371981,-0.395504981279373,0,44.2051162719727,-3.39885972720688,4301.42221102321,-4202.21247081561,4303.87456306349,-4201.98814093807,4306.32691510377,-4201.76381106054,1,0,0,0
20130619102031.daq,21,8,189.216666666667,1,0,left,-0.106202005604487,95.2111520767212,12,-0.000436357700019069,64.643928527832,126.347290334585,1.18651497364044,0,47.5556945800781,-3.41065279086285,4300.53347913441,-4192.72225943935,4302.98589160104,-4192.49859112031,4305.43830406767,-4192.27492280128,1,0,0,0
20130619102031.daq,21,8,189.316666666667,1,0,left,-0.460955062125052,95.1859612464905,12,-0.000438070578836828,63.8570556640625,135.772713519869,0.966789960861206,0,55.794506072998,-3.4673017130587,4299.66827399436,-4183.33038836108,4302.12078456263,-4183.10779829847,4304.5732951309,-4182.88520823586,1,0,0,0
20130619102031.daq,21,8,189.416666666667,1,0,left,-0.696366278317754,95.1482105255127,12,-0.000439852618405966,62.9148826599121,145.071026638607,0.92284494638443,0,60.2366333007813,-3.57357548593674,4298.82481050385,-4174.06411724545,4301.27746719866,-4173.84314312741,4303.73012389347,-4173.62216900937,1,0,0,0
20130619102031.daq,21,8,189.516666666667,1,0,left,-0.745524663622575,95.0882425308228,12,-0.000441728474989529,61.8460350036621,154.221542260762,1.97752487659454,0,63.1411018371582,-3.69492148844921,4298.00122131884,-4164.94659560504,4300.45410795034,-4164.7281886536,4302.90699458184,-4164.50978170216,1,0,0,0
20130619102031.daq,21,8,189.616666666667,1,0,left,-0.820440623768661,94.9980216026306,12,-0.00044371742145126,60.6720390319824,163.207376976821,2.8564248085022,0,67.2320327758789,-3.82977721144103,4297.19847423328,-4155.99418905049,4299.65170173863,-4155.77964481169,4302.10492924399,-4155.56510057288,1,0,0,0
20130619102031.daq,21,8,189.716666666667,1,0,left,-0.939753111604006,94.9000515937805,12,-0.000445832366155081,59.3963317871094,172.014039664136,1.45018494129181,0,72.9270629882813,-3.98406218356318,4296.41914140449,-4147.22075941226,4298.87273217237,-4147.01041025686,4301.32632294026,-4146.80006110145,1,0,0,0
20130619102031.daq,21,8,189.816666666667,1,0,left,-1.08713626711113,94.7817535400391,12,-0.000448080089090863,57.9897270202637,180.623779889878,2.46091985702515,0,79.1061706542969,-4.16027375800518,4295.6683672877,-4138.64156101321,4298.12238713143,-4138.43627820819,4300.57640697515,-4138.23099540318,1,0,0,0
20130619102031.daq,21,8,189.916666666667,1,0,left,-1.25030421108211,94.6304354667664,12,-0.000450462358854216,56.4729690551758,189.018938651241,3.60348987579346,0,83.7191467285156,-4.3607696362851,4294.94984175377,-4130.27185195617,4297.40439519023,-4130.07305092249,4299.85894862669,-4129.87424988882,1,0,0,0
20130619102031.daq,21,8,190.016666666667,1,0,left,-1.41847223728267,94.4510045051575,12,-0.000452977099644254,54.8609313964844,197.184479136124,2.54880976676941,0,87.6961822509766,-4.58797039308981,4294.26572092659,-4122.12790493476,4296.72088490323,-4121.93679169279,4299.17604887987,-4121.74567845082,1,0,0,0
20130619102031.daq,21,8,190.116666666667,1,0,left,-1.62537842689459,94.2685194015503,12,-0.000455619263253995,53.171932220459,205.107697000471,0.659174978733063,0,90.6006469726563,-4.84192956179402,4293.61939683061,-4114.22413690553,4296.07515704279,-4114.0408442332,4298.53091725496,-4113.85755156086,1,0,0,0
20130619102031.daq,21,8,190.216666666667,1,0,left,-1.79272913943751,94.1070442199707,12,-0.000458380046350872,51.4251747131348,212.77875183733,-0.966789960861206,0,87.7626190185547,-5.12340785157355,4293.01089412453,-4106.57247641404,4295.46716115228,-4106.39610546458,4297.92342818003,-4106.21973451512,1,0,0,0
20130619102031.daq,21,8,190.316666666667,1,0,left,-1.71297174903457,93.9826898574829,12,-0.000461242925795535,49.6405334472656,220.190554439576,-2.0654149055481,0,84.1557693481445,-5.4006744898311,4292.43728876954,-4099.18070122031,4294.89393280603,-4099.00966174699,4297.35057684251,-4098.83862227367,1,0,0,0
20130619102031.daq,21,8,190.416666666667,1,0,left,-1.69480306554095,93.8862595558167,12,-0.000464183934038453,47.8479690551758,227.339590462736,-2.0654149055481,0,78.9827728271484,-5.66061122488599,4291.89912538044,-4092.05170655403,4294.3560538014,-4091.88480191744,4296.81298222236,-4091.71789728084,1,0,0,0
20130619102031.daq,21,8,190.516666666667,1,0,left,-1.72811806987785,93.8123712539673,12,-0.000467203757485144,46.075496673584,234.227009379438,-1.18651497364044,0,71.275505065918,-5.90727291125743,4291.39574634878,-4085.18484153884,4293.85288796592,-4085.02110548066,4296.31002958306,-4084.85736942247,0,1,0,1
20130619102031.daq,21,8,190.616666666667,1,0,left,-1.76172182064545,93.7117447853088,12,-0.000470307829973348,44.335319519043,240.856701744691,1.66990995407104,0,64.8591003417969,-6.14228329822738,4290.92766746234,-4078.57405487978,4293.38509285347,-4078.41463445928,4295.8425182446,-4078.25521403878,0,1,0,1
20130619102031.daq,21,8,190.716666666667,1,0,left,-1.77542132082021,93.5695700645447,12,-0.000473490402074774,42.6359176635742,247.234069110038,4.13082981109619,0,45.9231185913086,-6.36588792731972,4290.49578337564,-4072.2128310447,4292.95359678919,-4072.05950900587,4295.41141020275,-4071.90618696704,0,1,0,1
20130619102031.daq,21,8,190.816666666667,1,0,left,-1.75218788849443,93.3726742267609,12,-0.000476736275307829,41.0141334533691,253.367067799172,6.28413486480713,0,35.6340942382813,-6.57861993845637,4290.10040802503,-4066.09227246448,4292.55873381313,-4065.94739754259,4295.01705960123,-4065.8025226207,0,1,0,1
20130619102031.daq,21,8,190.916666666667,1,0,left,-1.7139278926989,93.139643907547,12,-0.000480022683224001,39.5274925231934,259.271732335099,6.76752948760986,0,35.7005348205566,-6.77981527813475,4289.74238849214,-4060.19755128867,4292.20128317373,-4060.06267590815,4294.66017785532,-4059.92780052763,0,1,0,1
20130619102031.daq,21,8,191.016666666667,1,0,left,-1.68101083421884,92.8998260498047,12,-0.000483320849619965,38.1818389892578,264.968873328942,6.81147480010986,0,31.6096038818359,-6.97122566234851,4289.41947382746,-4054.50924238465,4291.87891150423,-4054.38466013271,4294.33834918101,-4054.26007788078,0,1,0,1
20130619102031.daq,21,8,191.116666666667,1,0,left,-1.66424998902072,92.6632132530212,12,-0.000486597506358556,36.9747734069824,270.47911354299,7.73431968688965,0,27.0915451049805,-7.15185931658248,4289.13252558422,-4049.00662896039,4291.59245677158,-4048.8922044137,4294.05238795894,-4048.77777986701,0,1,0,1
20130619102031.daq,21,8,191.216666666667,1,0,left,-1.65852941939481,92.4222767353058,12,-0.000489816507895009,35.8548011779785,275.818953135968,8.61321926116943,0,22.2697525024414,-7.32233154341685,4288.88004626666,-4043.67168183972,4291.34043687368,-4043.56760261825,4293.80082748069,-4043.46352339678,0,1,0,1
20130619102031.daq,21,8,191.316666666667,1,0,left,-1.66618310711713,92.1854591369629,12,-0.000492940380588264,34.820255279541,281.000794467092,8.61321926116943,0,21.8141479492188,-7.48363785488616,4288.66103541325,-4038.49144811682,4291.12183518785,-4038.39753915707,4293.58263496246,-4038.30363019733,0,1,0,1
20130619102031.daq,21,8,191.416666666667,1,0,left,-1.4509910989221,91.9459812641144,12,-0.00049593205887741,33.8687438964844,286.037049127177,9.36028480529785,0,20.6087017059326,-7.62584140131718,4288.47395126076,-4033.45451351305,4290.93512204869,-4033.37089069276,4293.39629283662,-4033.28726787246,0,1,0,1
20130619102031.daq,21,8,191.516666666667,1,0,left,-1.27286825915505,91.7016341686249,12,-0.000498756358351875,32.9932441711426,290.93937833742,10.107349395752,0,17.1821899414063,-7.7454400229782,4288.31453473879,-4028.54983550486,4290.77603976761,-4028.47670947308,4293.23754479643,-4028.40358344131,0,1,0,1
20130619102031.daq,21,8,191.616666666667,1,0,left,-1.1409952997984,91.4651798009872,12,-0.000501381349555007,32.1958961486816,295.718976610944,9.49211978912354,0,11.1834230422974,-7.84828025277329,4288.18005375928,-4023.76774196444,4290.64183961023,-4023.70477492949,4293.10362546119,-4023.64180789453,0,1,0,1
20130619102031.daq,21,8,191.716666666667,1,0,left,-1.07572582251686,91.2586133480072,12,-0.000503779061334287,31.4861946105957,300.387794565246,8.0858793258667,0,5.76365089416504,-7.93943334860312,4288.06818191143,-4019.09732262529,4290.53017877568,-4019.04323137003,4292.99217563992,-4018.98914011476,0,1,0,1
20130619102031.daq,21,8,191.816666666667,1,0,left,-1.08139789994499,91.0887686014175,12,-0.000505921779759938,30.900354385376,304.961026159237,7.07514476776123,0,2.52697396278381,-8.0240872829892,4287.97605018335,-4014.52384117522,4290.43819657554,-4014.47704836744,4292.90034296773,-4014.43025555966,0,1,0,1
20130619102031.daq,21,8,191.916666666667,1,0,left,-0.940559804439545,90.9405598044395,12,-0.000507784439006091,30.4674186706543,309.459590055589,6.98725461959839,0,0.106585457921028,-8.10030779760405,4287.8996931412,-4010.02687186333,4290.36195233636,-4009.9864481166,4292.82421153151,-4009.94602436987,0,1,0,1
20130619102031.daq,21,8,192.016666666667,1,0,left,-0.787792801856995,90.787792801857,12,-0.000509343907162203,30.1664543151855,313.904697716845,8.26165962219238,0,-0.330033540725708,-8.16221678288127,4287.8377861573,-4005.58352108607,4290.30014438144,-4005.54966256538,4292.76250260559,-4005.5158040447,0,1,0,1
20130619102031.daq,21,8,192.116666666667,1,0,left,-0.601267516613007,90.601267516613,12,-0.000510574518392779,29.9649181365967,318.313351490813,10.458909034729,0,0.0211600363254547,-8.21043423500342,4287.78968520351,-4001.17449919931,4290.252140605,-4001.14865700274,4292.71459600649,-4001.12281480616,0,1,0,1
20130619102031.daq,21,8,192.216666666667,1,0,left,-0.366565555334091,90.3665655553341,12,-0.000511444164506777,29.833044052124,322.697881795599,12.6122140884399,0.105381518602371,-0.111724153161049,-8.24322462946929,4287.75677539732,-3996.7855502386,4290.21931599667,-3996.76979524083,4292.68185659603,-3996.75404024306,0,1,0,1
20130619102031.daq,21,8,192.316666666667,1,0,left,-0.0846308097243309,90.0846308097243,12,-0.000511912919869638,29.7395095825195,327.066223601018,14.2381792068481,0.122568726539612,-0.0832489356398582,-8.25665107728345,4287.74340758461,-3992.40843327765,4290.20599589619,-3992.4047958196,4292.66858420777,-3992.40115836155,0,1,0,1
20130619102031.daq,21,8,192.416666666667,1,0,left,0.21548168361187,89.7845183163881,12,-0.000511935131162255,29.6675987243652,331.422559935576,13.9305639266968,0.128623589873314,-0.0262985043227673,-8.24794072731953,4287.752194943,-3988.0404806328,4290.21476852544,-3988.04974208291,4292.67734210789,-3988.05900353301,0,1,1,1
20130619102031.daq,21,8,192.516666666667,1,0,left,0.494491308927536,89.5055086910725,12,-0.000511464232803206,29.6075077056885,335.769322063956,11.9969844818115,0.129833519458771,-0.0547737218439579,-8.21594253781383,4287.78412613087,-3983.68143333957,4290.24662541571,-3983.70268647094,4292.70912470055,-3983.72393960231,0,1,1,1
20130619102031.daq,21,8,192.616666666667,1,0,left,0.735554695129395,89.2644453048706,12,-0.000510457658958416,29.5514812469482,340.1076442593,10.502854347229,0.131054729223251,-0.0547737218439579,-8.16239672813558,4287.83765891589,-3979.33264956338,4290.30004698634,-3979.36426307194,4292.76243505679,-3979.39587658049,0,1,1,1
20130619102031.daq,21,8,192.716666666667,1,0,left,0.949789941310883,89.0502100586891,12,-0.000508878366291535,29.4958152770996,344.437787617038,9.97551441192627,0.131544888019562,-0.0642653852701187,-8.09051743180706,4287.90956673896,-3974.99408185534,4290.37181939005,-3975.03490226234,4292.83407204114,-3975.07572266934,0,1,1,1
20130619102031.daq,21,8,192.816666666667,1,0,left,1.14958739280701,88.850412607193,12,-0.000506688563366984,29.4403476715088,348.759779901866,9.44817447662354,0.131683886051178,-0.00731518119573593,-8.00294494612099,4287.9971958685,-3970.66542231296,4290.45929120357,-3970.71482863312,4292.92138653864,-3970.76423495328,0,1,1,1
20130619102031.daq,21,8,192.916666666667,1,0,left,1.33087396621704,88.669126033783,12,-0.000503852355351614,29.3851356506348,353.073655196065,8.39349460601807,0.132945030927658,0.0116683738306165,-7.90315932131274,4288.09687069606,-3966.34577928496,4290.55879738319,-3966.40297553164,4293.02072407032,-3966.46017177831,0,1,1,1
20130619102031.daq,21,8,193.016666666667,1,0,left,1.48473262786865,88.5152673721313,12,-0.000500338154139053,29.3301601409912,357.379450798986,7.20697975158691,0.134196296334267,-0.00731518119573593,-7.7914922587575,4288.20851879071,-3962.03534669346,4290.67028301011,-3962.09915383675,4293.1320472295,-3962.16296098003,0,1,1,1
20130619102031.daq,21,8,193.116666666667,1,0,left,1.61384916305542,88.3861508369446,12,-0.000496119284008048,29.2753372192383,361.677195431117,5.97651958465576,0.134633749723434,0.0116683738306165,-7.67026285933483,4288.32986133133,-3957.73429359045,4290.79147551011,-3957.803648174,4293.25308968889,-3957.87300275756,0,1,1,1
20130619102031.daq,21,8,193.216666666667,1,0,left,1.71530258655548,88.2846974134445,12,-0.000491173618479235,29.2205982208252,365.966906296788,4.92183971405029,0.135583907365799,0.097093790769577,-7.54027141199429,4288.45973531667,-3953.44267591993,4290.92122283058,-3953.51638916354,4293.38271034449,-3953.59010240716,0,1,1,1
20130619102031.daq,21,8,193.316666666667,1,0,left,1.79752540588379,88.2024745941162,12,-0.00048547911051654,29.165901184082,370.248591928221,4.26266479492188,0.13635827600956,-0.0168068427592516,-7.40383069670633,4288.596223266,-3949.16004946623,4291.05760246251,-3949.23729501234,4293.51898165903,-3949.31454055845,0,1,1,1
20130619102031.daq,21,8,193.416666666667,1,0,left,1.86705362796783,88.1329463720322,12,-0.000479002495473173,29.1112518310547,374.522258782867,3.86715984344482,0.136520832777023,-0.0168068427592516,-7.26234994616074,4288.73777905142,-3944.88626159328,4291.19906269849,-3944.96649395657,4293.66034634555,-3945.04672631986,0,1,1,1
20130619102031.daq,21,8,193.516666666667,1,0,left,1.92548477649689,88.0745152235031,12,-0.000471681352449672,29.0566711425781,378.78791546289,3.29587483406067,0.136670917272568,0.040143359452486,-7.11651080073248,4288.88352503722,-3940.62127347611,4291.34472558216,-3940.7040158535,4293.8059261271,-3940.7867582309,0,1,1,1
20130619102031.daq,21,8,193.616666666667,1,0,left,1.96931636333466,88.0306836366653,12,-0.000463403753408856,29.0021800994873,383.04557332128,2.54880976676941,0.13646787405014,0.0496352538466454,-6.96823158636745,4289.03177635103,-3936.36491746335,4291.49291287741,-3936.44954264832,4293.95404940379,-3936.53416783329,0,1,1,1
20130619102031.daq,21,8,193.716666666667,1,0,left,1.99533545970917,88.0046645402908,12,-0.000453995474762136,28.9477844238281,387.295245762487,1.66990995407104,0.136467844247818,0.040143359452486,-6.81767294065427,4289.18233107248,-3932.1175076214,4291.64342891519,-3932.20325044622,4294.10452675791,-3932.28899327104,0,1,1,1
20130619102031.daq,21,8,193.816666666667,1,0,left,2.0103611946106,87.9896388053894,12,-0.000443250043556845,28.8934841156006,391.536946960261,1.49412989616394,0.136703819036484,-0.00731518119573593,-6.6658615450876,4289.33415079401,-3927.87864550485,4291.79522606617,-3927.96503374604,4294.25630133832,-3928.05142198724,0,1,1,1
20130619102031.daq,21,8,193.916666666667,1,0,left,2.021080493927,87.978919506073,12,-0.000431014099442466,28.8392753601074,395.770691088355,1.49412989616394,0.143491059541702,-0.0262985043227673,-6.51337604656772,4289.48667749058,-3923.64793668671,4291.94773655755,-3923.73478536175,4294.40879562451,-3923.82163403678,0,1,1,1
20130619102031.daq,21,8,194.016666666667,1,0,left,2.03199601173401,87.968003988266,12,-0.000417322621437501,28.7851486206055,399.996490898488,1.49412989616394,0.157476514577866,0.0306516978889704,-6.3609649241948,4289.63921652023,-3919.42528024377,4292.10025899684,-3919.51259777783,4294.56130147345,-3919.5999153119,0,1,1,1
20130619102031.daq,21,8,194.116666666667,1,0,left,2.04297423362732,87.9570257663727,12,-0.000402586037391685,28.7310848236084,404.214356974344,1.49412989616394,0.163193792104721,0.0116683738306165,-6.20828426542324,4289.79175952352,-3915.21067916923,4292.25278522438,-3915.29846825248,4294.71381092524,-3915.38625733574,0,1,1,1
20130619102031.daq,21,8,194.216666666667,1,0,left,2.05420303344727,87.9457969665527,12,-0.000387249756530337,28.6770896911621,408.424298477574,1.49412989616394,0.164624601602554,0.0306516978889704,-6.05472178038223,4289.94529483096,-3911.00388512502,4292.4063032797,-3911.09215651724,4294.86731172844,-3911.18042790947,0,1,1,1
20130619102031.daq,21,8,194.316666666667,1,0,left,2.06502485275269,87.9349751472473,12,-0.000371466688584462,28.6239757537842,412.626361566126,1.53807497024536,0.170689165592194,0.0781102403998375,-5.90133985591397,4290.09880469517,-3906.80515695194,4292.55979642763,-3906.89389316895,4295.02078816008,-3906.98262938595,0,1,1,1
20130619102031.daq,21,8,194.416666666667,1,0,left,2.0812816619873,87.9187183380127,12,-0.000355217560930053,28.5744209289551,416.820858482151,1.88963496685028,0.204605400562286,0.0306516978889704,-5.74638030023013,4290.25363163246,-3902.61387591824,4292.7145980883,-3902.70331040078,4295.17556454414,-3902.79274488331,0,1,1,1
20130619102031.daq,21,8,194.516666666667,1,0,left,2.10173940658569,87.8982605934143,12,-0.000338430285746462,28.53271484375,421.008595614223,1.93357992172241,0.235221102833748,0.0591269135475159,-5.59086942838538,4290.4092101483,-3898.42909327211,4292.87014451424,-3898.51940644931,4295.33107888017,-3898.6097196265,0,0,1,0
20130619102031.daq,21,8,194.616666666667,1,0,left,2.11371421813965,87.8862857818604,12,-0.000321049635209363,28.5047855377197,425.191152403184,1.05467998981476,0.267459392547607,0.0306516978889704,-5.43439374848168,4290.56572214301,-3894.25011535263,4293.02663757976,-3894.34094286286,4295.48755301651,-3894.43177037309,0,0,1,0
20130619102031.daq,21,8,194.716666666667,1,0,left,2.09939360618591,87.9006063938141,12,-0.000303064137023268,28.4995727539063,429.371145048541,-0.439449965953827,0.291244328022003,0.00217648060061038,-5.27794971073151,4290.72205146111,-3890.07489754392,4293.18298952258,-3890.16510996561,4295.64392758405,-3890.2553223873,0,0,1,0
20130619102031.daq,21,8,194.816666666667,1,0,left,2.05665302276611,87.9433469772339,12,-0.000284505529631119,28.5262050628662,433.552655544197,-1.80174493789673,0.29132604598999,0.0496352538466454,-5.12299202880204,4290.87708890892,-3885.89933817419,4293.33809358089,-3885.98771479999,4295.79909825286,-3886.07609142579,0,0,1,0
20130619102031.daq,21,8,194.916666666667,1,0,left,1.98208785057068,88.0179121494293,12,-0.000265461926194702,28.5837516784668,437.740379831308,-3.29587483406067,0.302057981491089,0.0496352538466454,-4.97292041619343,4291.02720479032,-3881.71912306365,4293.48832239222,-3881.80429684493,4295.94943999413,-3881.88947062621,0,0,1,0
20130619102031.daq,21,8,195.016666666667,1,0,left,1.8665417432785,88.1334582567215,12,-0.000246059231191022,28.6670341491699,441.938439977259,-5.44917964935303,0.334123820066452,0.0306516978889704,-4.82964832121748,4291.17036421531,-3877.52958368754,4293.63164857908,-3877.60979406154,4296.09293294285,-3877.69000443554,0,0,1,0
20130619102031.daq,21,8,195.116666666667,1,0,left,1.72694265842438,88.2730573415756,12,-0.000226443532932595,28.7697105407715,446.15023691319,-5.80073976516724,0.372490674257278,0.0496352538466454,-4.695400487295,4291.30470113323,-3873.32717711103,4293.76617362095,-3873.40139042296,4296.22764610866,-3873.47560373489,0,0,1,0
20130619102031.daq,21,8,195.216666666667,1,0,left,1.58037114143372,88.4196288585663,12,-0.000206767633475225,28.8940010070801,450.37864529977,-5.71284961700439,0.408935576677322,0.0306516978889704,-4.57235500471464,4291.42786817363,-3869.1078613906,4293.8895224562,-3869.17577763704,4296.35117673877,-3869.24369388348,0,0,1,0
20130619102031.daq,21,8,195.316666666667,1,0,left,1.43348681926727,88.5665131807327,12,-0.000187181176859055,29.0432777404785,454.627060916169,-5.66890478134155,0.432850807905197,0.0211600363254547,-4.46088205789356,4291.53930552431,-3864.86782433576,4294.00112582866,-3864.92942963199,4296.46294613301,-3864.99103492822,0,0,1,0
20130619102031.daq,21,8,195.416666666667,1,0,left,1.28771841526031,88.7122815847397,12,-0.000167829629831112,29.223596572876,458.899555475658,-5.62495946884155,0.450435370206833,0.040143359452486,-4.36010679514163,4291.64007891378,-3860.603614973,4294.10204798314,-3860.65895686456,4296.56401705249,-3860.71429875611,0,0,1,0
20130619102031.daq,21,8,195.516666666667,1,0,left,1.14553332328796,88.854466676712,12,-0.000148874496282744,29.4391479492188,463.201114105887,-5.31734466552734,0.464833766222,0.0116683738306165,-4.26869060685989,4291.73131841306,-3856.31029233403,4294.1934172378,-3856.35952444392,4296.65551606254,-3856.40875655382,0,0,1,0
20130619102031.daq,21,8,195.616666666667,1,0,left,1.00504994392395,88.994950056076,12,-0.000130470064107652,29.6839714050293,467.53650834912,-5.2733998298645,0.472727209329605,0.0306516978889704,-4.18710395636844,4291.81290639379,-3851.98301613381,4294.27511852967,-3852.02621128778,4296.73733066556,-3852.06940644175,0,0,1,0
20130619102031.daq,21,8,195.716666666667,1,0,left,0.865693926811218,89.1343060731888,12,-0.000112747783283125,29.9514598846436,471.909552483206,-5.2733998298645,0.473514795303345,-0.0168068427592516,-4.11520698248699,4291.88480691569,-3847.61764876497,4294.3471168288,-3847.65485515221,4296.8094267419,-3847.69206153944,0,0,1,0
20130619102031.daq,21,8,195.816666666667,1,0,left,0.725069642066956,89.274930357933,12,0.0001,30.238130569458,476.323258150658,-5.2733998298645,0.473268955945969,0.00217648060061038,-4.05225544335007,4291.94784763291,-3843.2108287422,4294.41024144737,-3843.24199163642,4296.87263526182,-3843.27315453063,0,0,1,0
20130619102031.daq,21,8,195.916666666667,1,0,left,0.584177017211914,89.4158229827881,12,0.0001,30.5384349822998,480.780094591557,-5.2733998298645,0.47382390499115,-0.0642653852701187,-3.99993782029624,4292.00013772952,-3838.76009126724,4294.46260072981,-3838.78519894797,4296.9250637301,-3838.8103066287,0,0,1,0
20130619102031.daq,21,8,196.016666666667,1,0,left,0.442131340503693,89.5578686594963,12,0.0001,30.8465824127197,485.280974893914,-5.2733998298645,0.474088340997696,-0.0168068427592516,-3.95747746315808,4292.04259903354,-3834.26448120744,4294.50511671238,-3834.2834839658,4296.96763439122,-3834.30248672417,0,0,1,0
20130619102031.daq,21,8,196.116666666667,1,0,left,0.298202037811279,89.7017979621887,12,0.0001,31.1590137481689,489.828026612475,-5.2733998298645,0.474008411169052,0.0211600363254547,-3.92583392158965,4292.07421000598,-3829.72304023644,4294.5367676508,-3829.7358569979,4296.99932529562,-3829.74867375936,0,0,1,0
20130619102031.daq,21,8,196.216666666667,1,0,left,0.155024513602257,89.8449754863977,12,0.0001,31.4735355377197,494.421076631652,-5.05367469787598,0.464550971984863,0.18251921236515,-3.90509590788495,4292.09513406694,-3825.13546071792,4294.55771605094,-3825.14212371315,4297.02029803494,-3825.14878670839,0,0,1,0
20130619102031.daq,21,8,196.316666666667,1,0,left,0.0212945379316807,89.9787054620683,12,0.0001,31.7882175445557,499.060294523599,-4.26266479492188,0.448691934347153,0.0211600363254547,-3.89531738782258,4292.10493196547,-3820.50152865864,4294.56752279339,-3820.50244390469,4297.03011362131,-3820.50335915075,0,0,1,0
20130619102031.daq,21,8,196.416666666667,1,0,left,-0.0958418324589729,90.095841832459,12,0.0001,32.1001281738281,503.745504258708,-3.47165489196777,0.448448926210403,-0.0262985043227673,-3.89505902643702,4292.10501995402,-3815.8208193613,4294.56760750671,-3815.81670005049,4297.03019505941,-3815.81258073968,0,0,1,0
20130619102031.daq,21,8,196.516666666667,1,0,left,-0.200830966234207,90.2008309662342,12,0.0001,32.4067230224609,508.476085781966,-3.07614994049072,0.448202848434448,0.0876021310687065,-3.90419717482202,4292.09609775008,-3811.09441335258,4294.5586736202,-3811.08578159085,4297.02124949033,-3811.07714982912,0,0,1,0
20130619102031.daq,21,8,196.616666666667,1,0,left,-0.273360818624496,90.2733608186245,12,0.0001,32.7078514099121,513.251225897668,-0.0878899917006493,0.44818851351738,0.0211600363254547,-3.92017641331561,4292.07990464301,-3806.32204507515,4294.54246761323,-3806.31029598397,4297.00503058345,-3806.2985468928,0,0,1,0
20130619102031.daq,21,8,196.716666666667,1,0,left,-0.272303104400635,90.2723031044006,12,0.0001,33.0042953491211,518.070179691234,3.77926993370056,0.447609573602676,0.00217648060061038,-3.93931422159637,4292.06092690812,-3801.50365938579,4294.52349009481,-3801.491955755,4296.98605328151,-3801.48025212421,0,0,1,0
20130619102031.daq,21,8,196.816666666667,1,0,left,-0.218602284789085,90.2186022847891,12,0.0001,33.2965965270996,522.932301790714,4.39449977874756,0.447753459215164,0.0211600363254547,-3.95846314453783,4292.04177857263,-3796.63928786269,4294.504351647,-3796.6298922891,4296.96692472138,-3796.62049671552,0,0,1,0
20130619102031.daq,21,8,196.916666666667,1,0,left,-0.154281631112099,90.1542816311121,12,0.0001,33.5853385925293,527.837027530621,3.86715984344482,0.448490053415298,0.0211600363254547,-3.97331782352835,4292.02670494758,-3791.73144364363,4294.48928701776,-3791.72481257761,4296.95186908794,-3791.71818151159,0,0,1,0
20130619102031.daq,21,8,197.016666666667,1,0,left,-0.0913827419281006,90.0913827419281,12,0.0001,33.870964050293,532.783579312818,3.91110491752625,0.447689443826675,0.0211600363254547,-3.98163693498706,4292.01838124876,-3786.78115850527,4294.48096911459,-3786.77723084735,4296.94355698042,-3786.77330318943,0,0,1,0
20130619102031.daq,21,8,197.116666666667,1,0,left,-0.0341727919876575,90.0341727919877,12,0.0001,34.1537628173828,537.772102604758,3.64743494987488,0.447314232587814,-0.00731518119573593,-3.98355088248653,4292.01654373664,-3781.7895137769,4294.47913429663,-3781.78804501942,4296.94172485663,-3781.78657626193,0,0,1,0
20130619102031.daq,21,8,197.216666666667,1,0,left,0.0109651377424598,89.9890348622575,12,0.0001,34.434009552002,542.801913243173,2.63669991493225,0.44683039188385,0.0211600363254547,-3.98079447526613,4292.01933268081,-3776.75690937573,4294.48192363372,-3776.75738066086,4296.94451458662,-3776.757851946,0,0,1,0
20130619102031.daq,21,8,197.316666666667,1,0,left,0.0391075611114502,89.9608924388885,12,0.0001,34.7118263244629,547.872648398663,2.02146983146667,0.446878463029861,-0.00731518119573593,-3.97483908580074,4292.02546649462,-3771.68419678247,4294.48805691898,-3771.68587763787,4296.95064734335,-3771.68755849327,0,0,1,0
20130619102031.daq,21,8,197.416666666667,1,0,left,0.0590338222682476,89.9409661777318,12,0.0001,34.9872131347656,552.983951396225,2.02146983146667,0.446762681007385,0.0116683738306165,-3.96599148200169,4292.03402241869,-3766.57164741212,4294.49661210956,-3766.57418470431,4296.95920180043,-3766.57672199649,0,0,1,0
20130619102031.daq,21,8,197.516666666667,1,0,left,0.0755902901291847,89.9244097098708,12,0.0001,35.2602500915527,558.135470829382,2.02146983146667,0.446984499692917,-0.0357903987169266,-3.95666450451325,4292.04334673691,-3761.41889783099,4294.50593559178,-3761.42214672498,4296.96852444665,-3761.42539561898,0,0,1,0
20130619102031.daq,21,8,197.616666666667,1,0,left,0.0916085690259933,89.908391430974,12,0.0001,35.5310707092285,563.326871796628,1.84568989276886,0.446957677602768,0.040143359452486,-3.9457027027373,4292.05459102035,-3756.22636680155,4294.51717887068,-3756.23030416558,4296.97976672101,-3756.23424152961,0,0,1,0
20130619102031.daq,21,8,197.716666666667,1,0,left,0.0928038582205772,89.9071961417794,12,0.0001,35.7997894287109,568.55783846574,0.659174978733063,0.446858137845993,0.00217648060061038,-3.93369568292133,4292.06638367701,-3750.99464808168,4294.52897144467,-3750.99863681956,4296.99155921232,-3751.00262555743,0,0,1,0
20130619102031.daq,21,8,197.816666666667,1,0,left,0.0648132562637329,89.9351867437363,12,0.0001,36.0664329528809,573.828064935451,-0.659174978733063,0.446753770112991,-0.00731518119573593,-3.9228573022987,4292.0773484456,-3745.72458188526,4294.53993786801,-3745.72736757923,4297.00252729041,-3745.7301532732,0,0,1,0
20130619102031.daq,21,8,197.916666666667,1,0,left,0.0223123375326395,89.9776876624674,12,0.0001,36.3310546875,579.137249267547,-0.659174978733063,0.447009801864624,0.0116683738306165,-3.91356742697838,4292.08644017949,-3740.41654272292,4294.54903099077,-3740.41750171433,4297.01162180204,-3740.41846070574,0,0,1,0
20130619102031.daq,21,8,198.016666666667,1,0,left,-0.0253996644169092,90.0253996644169,12,0.0001,36.5938415527344,584.485107380875,-0.527339935302734,0.446743339300156,0.00217648060061038,-3.9077577358983,4292.09228104722,-3735.07030367108,4294.55487180324,-3735.06921198538,4297.01746255927,-3735.06812029969,0,0,1,0
20130619102031.daq,21,8,198.116666666667,1,0,left,-0.0570861548185349,90.0570861548185,12,0.0001,36.8550643920898,589.871390255672,0.74706494808197,0.447024613618851,-0.00731518119573593,-3.90541641533668,4292.09471816385,-3729.6853418909,4294.55730793955,-3729.68288831004,4297.01989771525,-3729.68043472919,0,0,1,0
20130619102031.daq,21,8,198.216666666667,1,0,left,-0.0545186884701252,90.0545186884701,12,0.0001,37.1147994995117,595.295876893308,2.63669991493225,0.446576952934265,-0.00731518119573593,-3.90545066385755,4292.09438847028,-3724.26096221016,4294.55697835345,-3724.25861897978,4297.01956823663,-3724.2562757494,0,0,1,0
20130619102031.daq,21,8,198.316666666667,1,0,left,-0.0248361993581057,90.0248361993581,12,0.0001,37.373046875,600.758348160123,3.0322048664093,0.467720717191696,-0.0357903987169266,-3.90586552179372,4292.09426898385,-3718.79734058453,4294.55685975049,-3718.79627311674,4297.01945051713,-3718.79520564895,0,0,1,0
20130619102031.daq,21,8,198.416666666667,1,0,left,0.00866071041673422,89.9913392895833,12,0.0001,37.6308631896973,606.258634110958,2.32908487319946,0.495252341032028,-0.0168068427592516,-3.90475846896004,4292.09536215063,-3713.29529608277,4294.55795312049,-3713.29566832289,4297.02054409036,-3713.296040563,0,0,1,0
20130619102031.daq,21,8,198.516666666667,1,0,left,0.0242252685129642,89.975774731487,12,0.0001,37.8923797607422,611.796941244333,1.40623998641968,0.531337141990662,0.0306516978889704,-3.90076501659876,4292.09925371517,-3707.75585121113,4294.56184449306,-3707.75689242092,4297.02443527094,-3707.75793363071,0,0,1,0
20130619102031.daq,21,8,198.616666666667,1,0,left,0.0350934974849224,89.9649065025151,12,0.0001,38.1633949279785,617.374229831925,1.84568989276886,0.560379147529602,0.00217648060061038,-3.89434621436858,4292.10578479946,-3702.17794764954,4294.56837533554,-3702.17945597923,4297.03096587162,-3702.18096430892,0,0,1,0
20130619102031.daq,21,8,198.716666666667,1,0,left,0.0661376416683197,89.9338623583317,12,0.0001,38.444995880127,622.992102020562,3.51559996604919,0.56916606426239,-0.00731518119573593,-3.88449299763525,4292.11551625686,-3696.55926621626,4294.57810561422,-3696.5621088327,4297.04069497157,-3696.56495144914,0,0,1,0
20130619102031.daq,21,8,198.816666666667,1,0,left,0.127183452248573,89.8728165477514,12,0.0001,38.7318344116211,628.651708588348,4.4384446144104,0.569133341312408,-0.0168068427592516,-3.87192455025105,4292.12807999667,-3690.89761554842,4294.59066492761,-3690.90308192954,4297.05324985855,-3690.90854831066,0,0,1,0
20130619102031.daq,21,8,198.916666666667,1,0,left,0.192489072680473,89.8075109273195,12,0.0001,39.0210609436035,634.353583149057,3.51559996604919,0.570474445819855,0.0116683738306165,-3.85441253824222,4292.14579170829,-3685.19289630276,4294.60836880904,-3685.20116952934,4297.07094590979,-3685.20944275592,0,0,1,0
20130619102031.daq,21,8,199.016666666667,1,0,left,0.226746410131454,89.7732535898685,12,0.0001,39.3111267089844,640.09795341521,1.23045992851257,0.586495041847229,0.0781102403998375,-3.83264670325557,4292.16744285931,-3679.44621224224,4294.6300145733,-3679.45595785031,4297.09258628729,-3679.46570345837,0,0,1,0
20130619102031.daq,21,8,199.116666666667,1,0,left,0.209489196538925,89.7905108034611,12,0.0001,39.6011543273926,645.884869927417,-0.834954977035522,0.600350618362427,0.0496352538466454,-3.8085318930594,4292.19176551687,-3673.65879064365,4294.65434005449,-3673.66779453651,4297.11691459211,-3673.67679842937,0,0,1,0
20130619102031.daq,21,8,199.216666666667,1,0,left,0.153755247592926,89.8462447524071,12,0.0001,39.8910446166992,651.7143117048,-1.49412989616394,0.600252270698547,0.0211600363254547,-3.78390607764775,4292.21614930248,-3667.83056007017,4294.67873143349,-3667.83716851215,4297.14131356449,-3667.84377695412,0,0,1,0
20130619102031.daq,21,8,199.316666666667,1,0,left,0.0857034921646118,89.9142965078354,12,0.0001,40.180908203125,657.586268256911,-1.31834995746613,0.599910855293274,0.0211600363254547,-3.76375634203575,4292.2363548151,-3661.96088641044,4294.69894305814,-3661.96456997267,4297.16153130119,-3661.9682535349,0,0,1,0
20130619102031.daq,21,8,199.416666666667,1,0,left,0.0257121101021767,89.9742878898978,12,0.0001,40.4706535339355,663.500732496879,-0.659174978733063,0.601310312747955,-0.0168068427592516,-3.74886052367999,4292.25120107496,-3656.04902758847,4294.71379182499,-3656.05013270318,4297.17638257503,-3656.05123781789,0,0,1,0
20130619102031.daq,21,8,199.516666666667,1,0,left,-0.0300842113792896,90.0300842113793,12,0.0001,40.7599639892578,669.457665213764,-0.791009962558746,0.597430348396301,0.0116683738306165,-3.74063907354544,4292.25947210361,-3650.09410061933,4294.72206276214,-3650.09280759033,4297.18465342068,-3650.09151456132,0,0,1,0
20130619102031.daq,21,8,199.616666666667,1,0,left,-0.0889164060354233,90.0889164060354,12,0.0001,41.0484237670898,675.456973392322,-1.09862494468689,0.584811687469482,-0.0168068427592516,-3.7392837099511,4292.26072105333,-3644.09701560055,4294.72330908595,-3644.09319394641,4297.18589711857,-3644.08937229226,0,0,1,0
20130619102031.daq,21,8,199.716666666667,1,0,left,-0.146422207355499,90.1464222073555,12,0.0001,41.3355178833008,681.498495666247,-0.791009962558746,0.569738686084747,0.00217648060061038,-3.74336106692164,4292.25668227694,-3638.05766516511,4294.71926523356,-3638.05137189848,4297.18184819018,-3638.04507863185,0,0,1,0
20130619102031.daq,21,8,199.816666666667,1,0,left,-0.191072404384613,90.1910724043846,12,0.0001,41.620532989502,687.581983015782,0.26366999745369,0.563239336013794,0.0211600363254547,-3.75339774067074,4292.24660227218,-3631.97600731936,4294.70917957674,-3631.96779498129,4297.1717568813,-3631.95958264323,0,0,1,0
20130619102031.daq,21,8,199.916666666667,1,0,left,-0.213161051273346,90.2131610512733,12,0.0001,41.9028129577637,693.707076994198,1.01073491573334,0.562958955764771,0.0116683738306165,-3.76766699021929,4292.23254397915,-3625.85179931089,4294.6951179347,-3625.84263760161,4297.15769189024,-3625.83347589232,0,0,1,0
20130619102031.daq,21,8,200.016666666667,1,0,left,-0.23140661418438,90.2314066141844,12,0.0001,42.1821937561035,699.873358310211,0.483394980430603,0.562328815460205,-0.00731518119573593,-3.78489033261557,4292.21530501433,-3619.68599247481,4294.67787592751,-3619.67604657128,4297.14044684068,-3619.66610066775,0,0,1,0
20130619102031.daq,21,8,200.116666666667,1,0,left,-0.253034263849258,90.2530342638493,12,0.0001,42.458911895752,706.080416577761,0.307614982128143,0.561368048191071,-0.00731518119573593,-3.80507410576487,4292.19492788669,-3613.47925443523,4294.65749487011,-3613.46837897669,4297.12006185353,-3613.45750351815,0,0,1,0
20130619102031.daq,21,8,200.216666666667,1,0,left,-0.275371968746185,90.2753719687462,12,0.0001,42.7332534790039,712.327883325923,0.615229964256287,0.55934077501297,0.0211600363254547,-3.82796282088698,4292.17206576419,-3607.23249550352,4294.63462832048,-3607.22065997346,4297.09719087678,-3607.2088244434,0,0,1,0
20130619102031.daq,21,8,200.316666666667,1,0,left,-0.294500082731247,90.2945000827312,12,0.0001,43.005428314209,718.615426264134,0.615229964256287,0.556414723396301,0.0211600363254547,-3.85255706713419,4292.14744865042,-3600.94561811615,4294.61000711821,-3600.93296046378,4297.07256558599,-3600.92030281141,0,0,1,0
20130619102031.daq,21,8,200.416666666667,1,0,left,-0.319256067276001,90.319256067276,12,0.0001,43.275505065918,724.942733942855,0.131834998726845,0.554590106010437,0.00217648060061038,-3.88058814824621,4292.11955501948,-3594.61908647789,4294.58210778837,-3594.60536482063,4297.04466055726,-3594.59164316337,0,0,1,0
20130619102031.daq,21,8,200.516666666667,1,0,left,-0.345645070075989,90.345645070076,12,0.0001,43.5434799194336,731.309498595847,0.17577999830246,0.551965117454529,-0.0168068427592516,-3.91054028750884,4292.08960786595,-3588.25328961208,4294.5521540538,-3588.23843376611,4297.01470024164,-3588.22357792013,0,0,1,0
20130619102031.daq,21,8,200.616666666667,1,0,left,-0.367991477251053,90.3679914772511,12,0.0001,43.8094024658203,737.715415347575,0.615229964256287,0.549273252487183,-0.0168068427592516,-3.94302199187656,4292.05698048183,-3581.84832999896,4294.51952068833,-3581.83251371587,4296.98206089483,-3581.81669743277,0,0,1,0
20130619102031.daq,21,8,200.716666666667,1,0,left,-0.383106261491776,90.3831062614918,12,0.0001,44.0732765197754,744.160184264661,0.92284494638443,0.547354340553284,0.00217648060061038,-3.97866408683831,4292.02138099396,-3575.40412762479,4294.48391694239,-3575.38766171737,4296.94645289082,-3575.37119580996,0,0,1,0
20130619102031.daq,21,8,200.816666666667,1,0,left,-0.394156634807587,90.3941566348076,12,0.0001,44.3351020812988,750.643504527874,0.834954977035522,0.544191777706146,0.0211600363254547,-4.0164109812423,4291.98359065119,-3568.92124962163,4294.44612337812,-3568.90430877655,4296.90865610505,-3568.88736793147,0,0,1,0
20130619102031.daq,21,8,200.916666666667,1,0,left,-0.40474671125412,90.4047467112541,12,0.0001,44.5948677062988,757.165075084864,0.834954977035522,0.54297661781311,-0.00731518119573593,-4.05643304418605,4291.94387559876,-3562.40003015474,4294.40640515242,-3562.38263415583,4296.86893470608,-3562.36523815692,0,0,1,0
20130619102031.daq,21,8,201.016666666667,1,0,left,-0.410876929759979,90.41087692976,12,0.0001,44.8525772094727,763.724593577792,1.01073491573334,0.542644619941711,-0.0262985043227673,-4.09674232914413,4291.90345881925,-3555.84085738385,4294.36598649757,-3555.82319791286,4296.8285141759,-3555.80553844187,0,0,1,0
20130619102031.daq,21,8,201.116666666667,1,0,left,-0.415921956300735,90.4159219563007,12,0.0001,45.1083106994629,770.32176408297,0.966789960861206,0.542003035545349,-0.0357903987169266,-4.13896816668222,4291.86115579179,-3549.24381569085,4294.32368190561,-3549.22593938864,4296.78620801943,-3549.20806308643,0,0,1,0
20130619102031.daq,21,8,201.216666666667,1,0,left,-0.415630728006363,90.4156307280064,12,0.0001,45.3621444702148,776.956301260394,1.45018494129181,0.541365385055542,-0.00731518119573593,-4.18144399590664,4291.81869326623,-3542.60928691636,4294.28121947088,-3542.59142313091,4296.74374567553,-3542.57355934545,0,0,1,0
20130619102031.daq,21,8,201.316666666667,1,0,left,-0.394743978977203,90.3947439789772,12,0.0001,45.6141662597656,783.627933337697,2.59275484085083,0.541248738765717,-0.00731518119573593,-4.22363332617794,4291.77652320821,-3535.93713345137,4294.23905576135,-3535.92016736264,4296.70158831448,-3535.90320127391,0,0,1,0
20130619102031.daq,21,8,201.416666666667,1,0,left,-0.357234627008438,90.3572346270084,12,0.0001,45.8644027709961,790.336397494355,2.76853489875793,0.540456235408783,0.0116683738306165,-4.26420531663982,4291.73586613986,-3529.22745587653,4294.19840927235,-3529.21210191705,4296.66095240483,-3529.19674795758,0,0,1,0
20130619102031.daq,21,8,201.516666666667,1,0,left,-0.311080694198608,90.3110806941986,12,0.0001,46.1129035949707,797.081435665512,2.72458982467651,0.540072202682495,0.0496352538466454,-4.30208832015783,4291.69818408002,-3522.48045497987,4294.16073878174,-3522.46708469745,4296.62329348347,-3522.45371441504,0,0,1,0
20130619102031.daq,21,8,201.616666666667,1,0,left,-0.260465741157532,90.2604657411575,12,0.0001,46.359676361084,803.862793749367,2.94431495666504,0.539129972457886,0.040143359452486,-4.33497397873759,4291.66517262815,-3515.69696848757,4294.12773818026,-3515.68577362495,4296.59030373238,-3515.67457876233,0,0,1,0
20130619102031.daq,21,8,201.716666666667,1,0,left,-0.20653834939003,90.20653834939,12,0.0001,46.6047401428223,810.680219742206,2.98825979232788,0.538707494735718,0.0116683738306165,-4.3632591284286,4291.63676120472,-3508.87726976262,4294.0993362028,-3508.86839269728,4296.56191120087,-3508.85951563194,0,0,1,0
20130619102031.daq,21,8,201.816666666667,1,0,left,-0.150130346417427,90.1501303464174,12,0.0001,46.8481025695801,817.533463645155,2.94431495666504,0.538652539253235,0.0116683738306165,-4.38514908658946,4291.6148518173,-3502.02162410821,4294.07743436146,-3502.01517146511,4296.54001690563,-3502.00871882201,0,0,1,0
20130619102031.daq,21,8,201.916666666667,1,0,left,-0.0924973711371422,90.0924973711371,12,0.0001,47.0897979736328,824.422278676417,3.07614994049072,0.53827840089798,-0.0168068427592516,-4.40066465795099,4291.599367105,-3495.13030711217,4294.06195489396,-3495.12633154719,4296.52454268292,-3495.12235598221,0,0,1,0
20130619102031.daq,21,8,202.016666666667,1,0,left,-0.027685884386301,90.0276858843863,12,0.0001,47.3298072814941,831.346419173162,3.38376474380493,0.51544177532196,0.0116683738306165,-4.40893363032933,4291.59116324036,-3488.20341658283,4294.05375395086,-3488.20222663468,4296.51634466137,-3488.20103668653,0,0,1,0
20130619102031.daq,21,8,202.116666666667,1,0,left,0.0272463411092758,89.9727536588907,12,0.0001,47.567943572998,838.305629961234,2.37302994728088,0.387566953897476,0.00217648060061038,-4.41099724267048,4291.58918652079,-3481.24161686703,4294.05177724035,-3481.24278792347,4296.51436795991,-3481.24395897992,0,0,1,0
20130619102031.daq,21,8,202.216666666667,1,0,left,0.0686512812972069,89.9313487187028,12,0.0001,47.8022193908691,845.299528302712,1.88963496685028,0.364415735006332,0.0306516978889704,-4.40633461468021,4291.59369899635,-3474.2457280398,4294.05628822663,-3474.2486786932,4296.5188774569,-3474.25162934661,0,0,1,0
20130619102031.daq,21,8,202.316666666667,1,0,left,0.0964258313179016,89.9035741686821,12,0.0001,48.0301055908203,852.327293472088,1.62596487998962,0.367612838745117,-0.0168068427592516,-4.39645774165938,4291.6037170082,-3467.21648323493,4294.06630451879,-3467.22062764616,4296.52889202937,-3467.22477205739,0,0,1,0
20130619102031.daq,21,8,202.416666666667,1,0,left,0.118110321462154,89.8818896785378,12,0.0001,48.2445602416992,859.38770233053,1.53807497024536,0.366020351648331,0.0211600363254547,-4.38184238322157,4291.6182415286,-3460.15467334414,4294.0808272943,-3460.15974976008,4296.54341306,-3460.16482617602,0,0,1,0
20130619102031.daq,21,8,202.516666666667,1,0,left,0.136513203382492,89.8634867966175,12,0.0001,48.4386100769043,866.478039485579,1.49412989616394,0.366857528686523,0.0306516978889704,-4.36375984763568,4291.6364695282,-3453.06315899231,4294.09905353638,-3453.06902636807,4296.56163754455,-3453.07489374382,0,0,1,0
20130619102031.daq,21,8,202.616666666667,1,0,left,0.157730683684349,89.8422693163157,12,0.0001,48.6150703430176,873.595522032963,1.53807497024536,0.366846323013306,0.0306516978889704,-4.34221317549704,4291.65780146792,-3445.94423253521,4294.12038313447,-3445.95101184207,4296.58296480102,-3445.95779114893,0,0,1,0
20130619102031.daq,21,8,202.716666666667,1,0,left,0.179709494113922,89.8202905058861,12,0.0001,48.7768821716309,880.737771533202,1.53807497024536,0.366729468107224,0.0496352538466454,-4.31858819215301,4291.68162210829,-3438.8006297914,4294.1442009931,-3438.80835375048,4296.6067798779,-3438.81607770957,0,0,1,0
20130619102031.daq,21,8,202.816666666667,1,0,left,0.203980624675751,89.7960193753242,12,0.0001,48.9231567382813,887.902700668214,1.84568989276886,0.367178529500961,0.040143359452486,-4.29226052234426,4291.70802620652,-3431.63451077785,4294.17060159842,-3431.64327791207,4296.63317699032,-3431.65204504628,0,0,1,0
20130619102031.daq,21,8,202.916666666667,1,0,left,0.251112222671509,89.7488877773285,12,0.0001,49.0548477172852,895.087871272943,3.07614994049072,0.367737263441086,0.0211600363254547,-4.26140741567712,4291.73877517851,-3424.44757262846,4294.20134252538,-3424.45836547785,4296.66390987224,-3424.46915832725,0,0,1,0
20130619102031.daq,21,8,203.016666666667,1,0,left,0.30933552980423,89.6906644701958,12,0.0001,49.1809310913086,902.291503562426,2.98825979232788,0.367734402418137,0.0211600363254547,-4.22637893507163,4291.77362987845,-3417.24181314454,4294.23618498628,-3417.25510842033,4296.6987400941,-3417.26840369612,0,0,1,0
20130619102031.daq,21,8,203.116666666667,1,0,left,0.366291463375092,89.6337085366249,12,0.0001,49.3041915893555,909.51379084053,2.46091985702515,0.36687496304512,0.0211600363254547,-4.18593106232424,4291.81426687655,-3410.01753329255,4294.27680755125,-3410.03327651001,4296.73934822595,-3410.04901972746,0,0,1,0
20130619102031.daq,21,8,203.216666666667,1,0,left,0.434855431318283,89.5651445686817,12,0.0001,49.4253082275391,916.753994020693,3.55954480171204,0.36221906542778,-0.0262985043227673,-4.13754507948437,4291.8624605838,-3402.77539882388,4294.32498065592,-3402.79408887049,4296.78750072804,-3402.8127789171,0,0,1,0
20130619102031.daq,21,8,203.316666666667,1,0,left,0.533571720123291,89.4664282798767,12,0.0001,49.5442428588867,924.011816200111,5.2294545173645,0.0652784332633018,-0.0262985043227673,-4.08015850158754,4291.91985029644,-3395.51472278428,4294.38233451209,-3395.53765553663,4296.84481872773,-3395.56058828899,0,0,1,0
20130619102031.daq,21,8,203.416666666667,1,0,left,0.667411088943481,89.3325889110565,12,0.0001,49.6446533203125,931.286178122187,5.93257474899292,0,0.0211600363254547,-4.01081459846018,4291.98918970131,-3388.23612863485,4294.45161362913,-3388.26481352901,4296.91403755694,-3388.29349842317,0,0,1,0
20130619102031.daq,21,8,203.516666666667,1,0,left,0.820666015148163,89.1793339848518,12,0.0001,49.6827545166016,938.571120283763,5.36128950119019,0,0.0496352538466454,-3.92757294863727,4292.07243824356,-3380.94488656642,4294.53477663624,-3380.98015784917,4296.99711502891,-3381.01542913191,0,0,1,0
20130619102031.daq,21,8,203.616666666667,1,0,left,0.963584661483765,89.0364153385162,12,0.0001,49.6439514160156,945.855831562378,3.86715984344482,0,8.04166316986084,-3.82843029371327,4292.17165515652,-3373.65269254474,4294.63389790819,-3373.69410577059,4297.09614065986,-3373.73551899644,0,0,1,0
20130619102031.daq,21,8,203.716666666667,1,0,left,1.08596420288086,88.9140357971191,12,0.0001,49.5553169250488,953.131171519955,3.07614994049072,0,17.1252384185791,-3.71393444022829,4292.28620344127,-3366.37027861086,4294.74835212083,-3366.41695090639,4297.21050080039,-3366.46362320192,0,0,1,0
20130619102031.daq,21,8,203.816666666667,1,0,left,1.18632555007935,88.8136744499207,12,0.0001,49.3963813781738,960.388636837873,2.68064475059509,0,13.2241439819336,-3.58406047863159,4292.41598784223,-3359.10768081657,4294.87805099175,-3359.15866582644,4297.34011414126,-3359.20965083631,0,0,1,0
20130619102031.daq,21,8,203.916666666667,1,0,left,1.26605844497681,88.7339415550232,12,0.0001,49.1502342224121,967.616462043263,2.02146983146667,0,20.3334407806396,-3.44096306746297,4292.55913912031,-3351.87682259418,4295.02112893507,-3351.93123376445,4297.48311874983,-3351.98564493471,0,0,1,0
20130619102031.daq,21,8,204.016666666667,1,0,left,1.31077980995178,88.6892201900482,12,0.0001,48.8079681396484,974.801294576037,0.351559996604919,0,18.2832298278809,-3.2877175251775,4292.71231719672,-3344.69048281955,4295.17426379169,-3344.74681564243,4297.63621038666,-3344.8031484653,0,0,1,0
20130619102031.daq,21,8,204.116666666667,1,0,left,1.32629156112671,88.6737084388733,12,0.0001,48.3692245483398,981.928707515048,-0.263669967651367,0,17.0967636108398,-3.12777093683671,4292.87246390978,-3337.563170502,4295.33439516348,-3337.62016984839,4297.79632641718,-3337.67716919477,0,0,1,0
20130619102031.daq,21,13,262.066666666667,1,0,left,-2.93014112560536,196.376068115234,12,0.000541711108439209,81.6497650146484,0,-5.84468460083008,0.546428799629211,0.040143359452486,-3.44874510415963,159.14213930647,-3669.00198180626,158.447834587551,-3666.63929363794,157.753529868632,-3664.27660546962,1,0,0,0
20130619102031.daq,21,13,262.166666666667,1,0,left,-2.8945864746828,196.607765197754,12,0.000545850687742137,81.7178955078125,11.9802619079801,-5.40523481369019,0.537182688713074,-0.0262985043227673,-3.92902439647779,147.632973437769,-3672.29851664807,146.929120001603,-3669.93865547337,146.225266565438,-3667.57879429868,1,0,0,0
20130619102031.daq,21,13,262.266666666667,1,0,left,-2.58238279399268,196.866943359375,12,0.000549936661867032,81.7849884033203,23.970515005527,-6.0644097328186,0.533721566200256,0.0686185732483864,-4.39024734944612,136.127848771441,-3675.64038748933,135.413327711872,-3673.28373433732,134.698806652303,-3670.92708118532,1,0,0,0
20130619102031.daq,21,13,262.366666666667,1,0,left,-2.29942994395981,197.161834716797,12,0.000553977821068647,81.8509216308594,35.9705218822892,-6.98725461959839,0.524908900260925,0.0496352538466454,-4.77409958247708,124.628974263844,-3679.02776083059,123.902333439919,-3676.67481639086,123.175692615995,-3674.32187195114,1,0,0,0
20130619102031.daq,21,13,262.466666666667,1,0,left,-2.08492766440418,197.479164123535,12,0.000557978463040396,81.9160614013672,47.9801370708246,-6.98725461959839,0.474845856428146,0.040143359452486,-5.09102939254031,113.137682012977,-3682.46456766343,112.398020751695,-3680.11568374932,111.658359490412,-3677.7667998352,1,0,0,0
20130619102031.daq,21,13,262.566666666667,1,0,left,-1.91279067046401,197.802886962891,12,0.000561940007611237,81.9798812866211,59.999226200227,-6.81147480010986,0.368353962898254,0.00217648060061038,-5.35626708461919,101.654578551506,-3685.95656040973,100.901657903646,-3683.61189307267,100.148737255785,-3681.26722573562,1,0,0,0
20130619102031.daq,21,13,262.666666666667,1,0,left,-1.75407145190036,198.111717224121,12,0.000565862388893445,82.0401611328125,72.0274540426199,-5.88862991333008,0.324296772480011,0.040143359452486,-5.5794697480225,90.1795865210129,-3689.50826191562,89.4140388688357,-3687.16768694018,88.6484912166586,-3684.82711196473,1,0,0,0
20130619102031.daq,21,13,262.766666666667,1,0,left,-1.62232636124588,198.404846191406,12,0.000569744947549902,82.0851898193359,84.0636215172508,-5.49312448501587,0.265854716300964,0.040143359452486,-5.77151732342263,78.7138640104776,-3693.12134978556,77.9363518941422,-3690.78472201624,77.1588397778067,-3688.44809424691,0,1,0,1
20130619102031.daq,21,13,262.866666666667,1,0,left,-1.51514584932391,198.694000244141,12,0.00057358677593997,82.1052322387695,96.1045885785916,-5.80073976516724,0.16185836493969,-0.0168068427592516,-5.9384478287351,67.2609783134436,-3696.79520723768,66.4716839117855,-3694.46253307035,65.6823895101274,-3692.12985890302,0,1,0,1
20130619102031.daq,21,13,262.966666666667,1,0,left,-1.45888659180184,198.99877166748,12,0.000577386580239841,82.0887756347656,108.146097785944,-6.28413486480713,0.142594873905182,0.0496352538466454,-6.08960183731684,55.8265094822128,-3700.52862725712,55.0248181938223,-3698.20018453685,54.2231269054317,-3695.87174181659,0,1,0,1
20130619102031.daq,21,13,263.066666666667,1,0,left,-1.43462937991188,199.34252166748,12,0.000581142285822477,82.0246887207031,120.181598907739,-7.25092458724976,0.139832749962807,0.0876021310687065,-6.23197269672773,44.4188824102987,-3704.32106169094,43.6032359805722,-3701.9974706501,42.7875895508456,-3699.67387960925,0,1,0,1
20130619102031.daq,21,13,263.166666666667,1,0,left,-1.25913326215311,199.735122680664,12,0.000584850694621144,81.9226837158203,132.204886171889,-7.99798965454102,0.137485325336456,0.0781102403998375,-6.33820868807433,33.0461384102043,-3708.1724833858,32.214589588447,-3705.85453580648,31.3830407666898,-3703.53658822717,0,1,0,1
20130619102031.daq,21,13,263.266666666667,1,0,left,-1.1645800273418,200.171661376953,12,0.00058850739332845,81.7881927490234,144.210670158001,-8.39349460601807,0.136751711368561,0.106585457921028,-6.40033653882522,21.7152613468258,-3712.0838247623,20.8660763017349,-3709.77228000119,20.0168912566439,-3707.46073524008,0,1,0,1
20130619102031.daq,21,13,263.366666666667,1,0,left,-1.12755051241311,200.646438598633,12,0.000592106924602215,81.6342163085938,156.195195754333,-8.78899955749512,0.140536621212959,0.097093790769577,-6.42847693549128,10.4317915306335,-3716.05866627865,9.56348141517502,-3713.7542375063,8.69517129971649,-3711.44980873396,0,1,0,1
20130619102031.daq,21,13,263.466666666667,1,0,left,-1.142917683154,201.138618469238,12,0.000595643220127113,81.4672470092773,168.156116365712,-8.39349460601807,0.143843337893486,0.0686185732483864,-6.434625372228,-0.800713252838863,-3720.100830778,-1.68878649852151,-3717.80394585843,-2.57685974420417,-3715.50706093886,0,1,0,1
20130619102031.daq,21,13,263.566666666667,1,0,left,-1.18812828991327,201.634483337402,12,0.000599110309645709,81.2924118041992,180.09192323356,-8.1298246383667,0.146443620324135,0.0781102403998375,-6.43117907307316,-11.9792853428741,-3724.21573629199,-12.8872034144882,-3721.92662310155,-13.7951214861022,-3719.6375099111,0,1,0,1
20130619102031.daq,21,13,263.666666666667,1,0,left,-1.25579249296663,202.127098083496,12,0.000602503283382956,81.1129455566406,192.00171669763,-8.1298246383667,0.152053356170654,0.0591269135475159,-6.42862528232493,-23.1015451156609,-3728.40719432587,-24.0291106090137,-3726.12597169777,-24.9566761023664,-3723.84474906966,0,1,0,1
20130619102031.daq,21,13,263.766666666667,1,0,left,-1.35156821859118,202.616287231445,12,0.000605819351859805,80.9309692382813,203.884981653935,-7.86615467071533,0.156126499176025,0.0876021310687065,-6.43622550958482,-34.1652376402234,-3732.67837244591,-35.1122460793851,-3730.40515238626,-36.0592545185468,-3728.13193232662,0,1,0,1
20130619102031.daq,21,13,263.866666666667,1,0,left,-1.4518895114544,203.091751098633,12,0.000609055012074778,80.7483825683594,215.741493840158,-7.25092458724976,0.159344747662544,0.0211600363254547,-6.46118301520994,-45.1690012138159,-3737.03122832069,-46.1348409414249,-3734.76594510572,-47.1006806690338,-3732.50066189076,0,1,0,1
20130619102031.daq,21,13,263.966666666667,1,0,left,-1.4813014099625,203.55103302002,12,0.000612202484056946,80.5663223266602,227.571253163047,-6.81147480010986,0.161570578813553,0.097093790769577,-6.50713388592984,-56.1119701315584,-3741.46541717333,-57.095937103237,-3739.20794880765,-58.0799040749157,-3736.95048044196,0,1,0,1
20130619102031.daq,21,13,264.066666666667,1,0,left,-1.40043528955277,203.990997314453,12,0.000615257250550927,80.3858184814453,239.37441394865,-6.45991468429565,0.164528071880341,0.0591269135475159,-6.54716583267517,-66.9941053918682,-3745.97983368246,-67.9953778895603,-3743.72998750799,-68.9966503872524,-3741.48014133351,0,1,0,1
20130619102031.daq,21,13,264.166666666667,1,0,left,-1.31909626495622,204.40998840332,12,0.000618218309206203,80.2078018188477,251.15127030232,-5.97651958465576,0.166581064462662,0.0496352538466454,-6.57727673424976,-77.8158173155911,-3750.57197998865,-78.8335155111004,-3748.3295159853,-79.8512137066096,-3746.08705198196,0,1,0,1
20130619102031.daq,21,13,264.266666666667,1,0,left,-1.23162472437934,204.810569763184,12,0.000621087695703657,80.0331192016602,262.902256854692,-5.84468460083008,0.16821014881134,0.0686185732483864,-6.59912401130458,-88.5777827992125,-3755.23955295658,-89.6111340998364,-3753.00425890144,-90.6444854004604,-3750.76896484631,0,1,0,1
20130619102031.daq,21,13,264.366666666667,1,0,left,-1.16781638446281,205.199890136719,12,0.000623870280877652,79.8618774414063,274.62787807944,-5.97651958465576,0.16829214990139,0.0496352538466454,-6.61477653688462,-99.2808331108861,-3759.97972130926,-100.329349088871,-3757.7515003446,-101.377865066856,-3755.52327937994,0,1,0,1
20130619102031.daq,21,13,264.466666666667,1,0,left,-1.11554862496303,205.589416503906,12,0.000626573505326396,79.6935653686523,286.328606839032,-6.5038595199585,0.16841097176075,0.0211600363254547,-6.62610368099752,-109.925556119397,-3764.79008300922,-110.989196349173,-3762.56904183782,-112.052836578949,-3760.34800066643,0,1,0,1
20130619102031.daq,21,13,264.566666666667,1,0,left,-1.0912730152844,205.988319396973,12,0.000629204755586731,79.5274505615234,298.004818924388,-6.85541963577271,0.168316647410393,0.040143359452486,-6.63587599296836,-120.512218744548,-3769.66836210223,-121.591296334955,-3767.45477994263,-122.670373925362,-3765.24119778303,0,1,0,1
20130619102031.daq,21,13,264.666666666667,1,0,left,-1.09876124792299,206.400772094727,12,0.000631770691797999,79.3628234863281,309.656784289529,-7.16303491592407,0.168276384472847,0.0306516978889704,-6.64720538759177,-131.040888866279,-3774.61278036212,-132.135873179921,-3772.40702339992,-133.230857493563,-3770.20126643771,0,1,0,1
20130619102031.daq,21,13,264.766666666667,1,0,left,-1.14237186102002,206.825302124023,12,0.000634278107677774,79.1991577148438,321.28468001311,-7.42670488357544,0.168195500969887,0.0686185732483864,-6.66150020444179,-141.511460010487,-3779.62252511705,-142.622757556291,-3777.42494185626,-143.734055102095,-3775.22735859546,0,1,0,1
20130619102031.daq,21,13,264.866666666667,1,0,left,-1.13476362503155,207.253639221191,12,0.000636732488861923,79.036247253418,332.888627597747,-7.03119945526123,0.168395176529884,0.0591269135475159,-6.68144315256589,-151.923855605015,-3784.69673255276,-153.05155083985,-3782.50751856578,-154.179246074684,-3780.31830457881,0,1,0,1
20130619102031.daq,21,13,264.966666666667,1,0,left,-1.06213806108116,207.675102233887,12,0.000639138207298036,78.8741073608398,344.468738195495,-6.76752948760986,0.172129437327385,0.0496352538466454,-6.6866417201881,-162.278032407527,-3789.83591142324,-163.421800664673,-3787.65505182267,-164.565568921819,-3785.47419222211,0,1,1,1
20130619102031.daq,21,13,265.066666666667,1,0,left,-0.993700948555215,208.085601806641,12,0.000641497543802717,78.7128601074219,356.025126688352,-6.41596984863281,0.174774512648582,0.0591269135475159,-6.67738999384581,-172.573824359918,-3795.03916035015,-173.733188047458,-3792.86655125889,-174.892551734998,-3790.69394216763,0,1,1,1
20130619102031.daq,21,13,265.166666666667,1,0,left,-0.931598719628653,208.487754821777,12,0.000643809711898192,78.5533218383789,367.557982650234,-6.37202453613281,0.174812391400337,0.0781102403998375,-6.65748357781429,-182.810941174893,-3800.30684593498,-183.98552549276,-3798.14242774442,-185.160109810628,-3795.97800955385,0,1,1,1
20130619102031.daq,21,13,265.266666666667,1,0,left,-0.878997551295981,208.885177612305,12,0.000646071408260129,78.3957595825195,379.067585546511,-6.5478048324585,0.174917995929718,0.0496352538466454,-6.62919784544636,-192.989297146006,-3805.637420016,-194.178866219638,-3803.4812011397,-195.368435293269,-3801.32498226341,0,1,1,1
20130619102031.daq,21,13,265.366666666667,1,0,left,-0.85257548926802,209.287818908691,12,0.000648277761768461,78.2398071289063,390.554204118964,-6.98725461959839,0.174634799361229,0.0496352538466454,-6.59570819287059,-203.108459701131,-3811.03105924965,-204.313151924716,-3808.88325314344,-205.517844148301,-3806.73544703723,0,1,1,1
20130619102031.daq,21,13,265.466666666667,1,0,left,-0.838992666722447,209.697288513184,12,0.000650423052859065,78.0850448608398,402.018038944845,-7.11908960342407,0.156752049922943,0.0686185732483864,-6.55910284151614,-213.168250028424,-3816.48635908976,-214.388260853006,-3814.34721720308,-215.608271677587,-3812.2080753164,0,1,1,1
20130619102031.daq,21,13,265.566666666667,1,0,left,-0.851316861352188,210.112930297852,12,0.000652500136367728,77.9306411743164,413.459229989943,-7.16303491592407,0.119483016431332,0.0496352538466454,-6.52309510611966,-223.168407487742,-3822.00279581817,-224.403904089495,-3819.87256048599,-225.639400691247,-3817.7423251538,0,1,1,1
20130619102031.daq,21,13,265.666666666667,1,0,left,-0.874318069342337,210.533554077148,12,0.000654506255852216,77.7715911865234,424.877516904826,-7.20697975158691,0.0741070285439491,0.097093790769577,-6.48936168571389,-233.108410403717,-3827.58031305059,-234.359512204511,-3825.45920515435,-235.610614005305,-3823.33809725812,0,1,1,1
20130619102031.daq,21,13,265.766666666667,1,0,left,-0.888643157744809,210.960510253906,12,0.000656442162013501,77.6046829223633,436.271858757964,-7.3388147354126,0,0.0876021310687065,-6.46011946969537,-242.986902340218,-3833.21749374091,-244.253775311384,-3831.10576759902,-245.520648282551,-3828.99404145713,0,1,1,1
20130619102031.daq,21,13,265.866666666667,1,0,left,-0.845743481226805,211.391098022461,12,0.000658309020665709,77.4354705810547,447.641506391972,-7.20697975158691,0,0.040143359452486,-6.42354720868136,-252.802572834592,-3838.91422159197,-254.085279871405,-3836.81207576422,-255.367986908218,-3834.70992993647,0,1,1,1
20130619102031.daq,21,13,265.966666666667,1,0,left,-0.802961800318485,211.810813903809,12,0.00066010541352551,77.2660293579102,458.986304641568,-6.5038595199585,0,0.0591269135475159,-6.37684201643962,-262.55517302912,-3844.66991774837,-263.853244621763,-3842.57722461181,-265.151316214405,-3840.48453147525,0,1,1,1
20130619102031.daq,21,13,266.066666666667,1,0,left,-0.747929102591343,212.207725524902,12,0.000661831466186035,77.0972518920898,470.30629462929,-5.66890478134155,0,0.097093790769577,-6.32194785128032,-272.244805553978,-3850.48363832412,-273.557342837215,-3848.39998760878,-274.869880120452,-3846.31633689344,0,1,1,1
20130619102031.daq,21,13,266.166666666667,1,0,left,-0.682161371287634,212.583770751953,12,0.00066348958245021,76.9293212890625,481.601591983102,-5.49312448501587,0,0.827956140041351,-6.26094333840965,-281.872041591106,-3856.35450664798,-283.198225980226,-3854.27951522885,-284.524410369347,-3852.20452380971,0,1,1,1
20130619102031.daq,21,13,266.266666666667,1,0,left,-0.615120034283905,212.94157409668,12,0.000665084572311824,76.7623443603516,492.872327064224,-5.49312448501587,0,3.41919589042664,-6.19417800945216,-291.437701752298,-3862.28020382669,-292.776818200716,-3860.21353463183,-294.115934649135,-3858.14686543696,0,1,1,1
20130619102031.daq,21,13,266.366666666667,1,0,left,-0.540761334035892,213.290130615234,12,0.000666624092951026,76.5947036743164,504.118607667771,-5.44917964935303,0,6.95011520385742,-6.12087668762524,-300.942256148005,-3868.25889381999,-302.293920236686,-3866.20040927674,-303.645584325368,-3864.14192473349,0,1,1,1
20130619102031.daq,21,13,266.466666666667,1,0,left,-0.468307795890667,213.624694824219,12,0.000668119088278417,76.4122543334961,515.33933234403,-4.79000473022461,0,4.74803686141968,-6.04142859943681,-310.386001996043,-3874.28698778005,-311.749662972475,-3872.23643098621,-313.113323948907,-3870.18587419236,0,1,1,1
20130619102031.daq,21,13,266.566666666667,1,0,left,-0.370792106008537,213.925895690918,12,0.000669579987613171,76.2288665771484,526.53291512477,-3.47165489196777,0,6.05789375305176,-5.95420652051604,-319.769859982067,-3880.36059758987,-321.144281734217,-3878.31723779026,-322.518703486368,-3876.27387799066,0,1,1,1
20130619102031.daq,21,13,266.666666666667,1,0,left,-0.226492211233563,214.180725097656,12,0.000671017286140389,76.0474472045898,537.700017980145,-2.10935974121094,0,6.9690990447998,-5.85500962139576,-329.09722162729,-3886.47536029425,-330.480717827538,-3884.43813357949,-331.864214027786,-3882.40090686473,0,1,1,1
20130619102031.daq,21,13,266.766666666667,1,0,left,0.0141517604586738,214.395652770996,12,0.000672445303959175,75.8480606079102,548.839275474316,-1.97752487659454,0,7.01655769348145,-5.73329188348931,-338.369767472676,-3892.62593452064,-339.760895956895,-3890.59391189187,-341.152024441114,-3888.56188926311,0,1,1,1
20130619102031.daq,21,13,266.866666666667,1,0,left,0.219436182278514,214.630645751953,12,0.000673878424211232,75.6307830810547,559.947966246933,-4.74605989456177,0,7.3582592010498,-5.58155715148235,-347.585447935143,-3898.80723361962,-348.984898835707,-3896.78093364175,-350.384349736272,-3894.75463366387,0,0,1,0
20130619102031.daq,21,13,266.966666666667,1,0,left,0.382261211951004,214.908653259277,12,0.000675325863815713,75.3927993774414,571.023251537948,-6.37202453613281,0,6.44705438613892,-5.39853928788264,-356.742247647574,-3905.01398058485,-358.151513939766,-3902.99449477378,-359.560780231959,-3900.97500896271,0,0,1,0
20130619102031.daq,21,13,267.066666666667,1,0,left,0.458747284120363,215.258735656738,12,0.000676793904654507,75.1557159423828,582.063349184564,-7.82220983505249,0,6.50400447845459,-5.19017739026288,-365.835686135235,-3911.24621817116,-367.257265285565,-3909.2353807479,-368.678844435895,-3907.22454332464,0,0,1,0
20130619102031.daq,21,13,267.166666666667,1,0,left,0.461835789851648,215.675979614258,12,0.000678285121882846,74.930290222168,593.070005728705,-8.9647798538208,0,6.24772787094116,-4.96084507604537,-374.864495867947,-3917.50662589007,-376.300680677542,-3915.50619403266,-377.736865487137,-3913.50576217526,0,0,1,0
20130619102031.daq,21,13,267.266666666667,1,0,left,0.405893477200721,216.146377563477,12,0.000679797510969467,74.7147598266602,604.043911115035,-9.40422916412354,0,6.07687759399414,-4.71577837885826,-383.8275218224,-3923.79901973325,-385.280081577039,-3921.81044622879,-386.732641331678,-3919.82187272433,0,0,1,0
20130619102031.daq,21,13,267.366666666667,1,0,left,0.315915030292786,216.645286560059,12,0.000681324607436992,74.5060272216797,614.986710244755,-9.44817447662354,0,6.07687759399414,-4.46368546286423,-392.72300151474,-3930.13027766891,-394.192821694551,-3928.15442770941,-395.662641874361,-3926.17857774991,0,0,1,0
20130619102031.daq,21,13,267.466666666667,1,0,left,0.206031810533318,217.158920288086,12,0.000682856851450689,74.3036270141602,625.899374113114,-9.49211978912354,0,6.04840183258057,-4.21392799534379,-401.548033536973,-3936.5067181493,-403.035507123548,-3934.54412375598,-404.522980710122,-3932.58152936267,0,0,1,0
20130619102031.daq,21,13,267.566666666667,1,0,left,0.0751861412189783,217.681716918945,12,0.000684383423925574,74.1056594848633,636.782713514671,-9.62395477294922,0,5.94399309158325,-3.97358035677252,-410.299262709034,-3942.93447652666,-411.804581863074,-3940.98553613047,-413.309901017113,-3939.03659573427,0,0,1,0
20130619102031.daq,21,13,267.666666666667,1,0,left,-0.0404039422347182,218.212600708008,12,0.000685893858246638,73.90966796875,647.637190028841,-9.62395477294922,0,6.04840183258057,-3.74991358002525,-418.973387919549,-3949.41789566208,-420.496700436534,-3947.48298651718,-422.020012953519,-3945.54807737228,0,0,1,0
20130619102031.daq,21,13,267.766666666667,1,0,left,-0.148460164638152,218.746871948242,12,0.000687379072336296,73.7121200561523,658.462852424514,-9.53606414794922,0,6.30467844009399,-3.53985387832427,-427.567654866556,-3955.95924836309,-429.108943520985,-3954.03862770634,-430.650232175415,-3952.11800704958,0,0,1,0
20130619102031.daq,21,13,267.866666666667,1,0,left,-0.25948458713367,219.279815673828,12,0.000688831771602472,73.5102844238281,669.259250685076,-9.18450450897217,0,6.32366228103638,-3.34752681737448,-436.079895876778,-3962.55935206507,-437.638982486561,-3960.65315077281,-439.198069096344,-3958.74694948054,0,0,1,0
20130619102031.daq,21,13,267.966666666667,1,0,left,-0.368653351035164,219.80696105957,12,0.000690246336395849,73.3023071289063,680.025618402195,-9.09661483764648,0,6.66536378860474,-3.1752969854489,-444.508392492473,-3969.21782142667,-446.084950726175,-3967.32604486503,-447.661508959878,-3965.43426830339,0,0,1,0
