daqname,subject,instance,time,road_type,oncoming,direction,heading_local,heading,width,curvature,speed,distance,steer,throttle,brake,lat_dist,front_left_x,front_left_y,front_center_x,front_center_y,front_right_x,front_right_y,pre_phase,ld_phase,post_phase,exceed
20130619102815.daq,21,3,144.9,1,0,right,0.5572509765625,-180.557250976563,12,0.0001,85.1369781494141,0,1.31834995746613,0.562473654747009,0.093673937022686,2.79019635525077,-10359.4592340769,-9526.14459900533,-10359.4352836286,-9523.68212447765,-10359.4113331803,-9521.21964994998,1,0,0,0
20130619102815.daq,21,3,145,1,0,right,0.580810546875,-180.580810546875,12,0.0001,85.2017059326172,12.4915337540988,1.14256989955902,0.562401294708252,0.112657263875008,2.89989721072158,-10371.9500331668,-9526.02595002876,-10371.9250701706,-9523.5634855575,-10371.9001071743,-9521.10102108623,1,0,0,0
20130619102815.daq,21,3,145.1,1,0,right,0.59759521484375,-180.597595214844,12,0.0001,85.2662353515625,24.9925467642224,1.01073491573334,0.562701046466827,0.0746903866529465,3.02463098313189,-10384.4494585605,-9525.90186180478,-10384.423774192,-9523.43940475203,-10384.3980898235,-9520.97694769928,1,0,0,0
20130619102815.daq,21,3,145.2,1,0,right,0.610565185546875,-180.610565185547,12,0.0001,85.3305969238281,37.5030119883468,0.92284494638443,0.561860203742981,0.0746903866529465,3.15244271295571,-10396.9575814541,-9525.7731273579,-10396.9313396631,-9523.31067618238,-10396.905097872,-9520.84822500686,1,0,0,0
20130619102815.daq,21,3,145.3,1,0,right,0.616241455078125,-180.616241455078,12,0.0001,85.3947830200195,50.0229041561652,0.703119993209839,0.561857223510742,0.112657263875008,3.28520641517087,-10409.4752953646,-9525.63996263522,-10409.4488096197,-9523.17751407155,-10409.4223238748,-9520.71506550787,1,0,0,0
20130619102815.daq,21,3,145.4,1,0,right,0.6163330078125,-180.616333007813,12,0.0001,85.4587707519531,62.5521953864136,0.439449995756149,0.562086820602417,0.112657263875008,3.42178832091424,-10422.0026413044,-9525.5032382041,-10421.9761516248,-9523.04078968275,-10421.9496619451,-9520.5783411614,1,0,0,0
20130619102815.daq,21,3,145.5,1,0,right,0.60601806640625,-180.606018066406,12,0.0001,85.5225677490234,75.0908577978335,0.307614982128143,0.561473667621613,0.198082908987999,3.55980026599301,-10434.538527342,-9525.36520638007,-10434.5124809766,-9522.9027531297,-10434.4864346112,-9520.44029987932,1,0,0,0
20130619102815.daq,21,3,145.6,1,0,right,0.587310791015625,-180.587310791016,12,0.0001,85.586181640625,87.6388635091607,-0.219724982976913,0.562414050102234,0.093673937022686,3.69932788254086,-10447.0830013697,-9525.22574206918,-10447.0577590054,-9522.76328044583,-10447.0325166411,-9520.30081882248,1,0,0,0
20130619102815.daq,21,3,145.7,1,0,right,0.548309326171875,-180.548309326172,12,0.0001,85.6495971679688,100.196184918881,-1.01073491573334,0.562970221042633,0.0841822773218155,3.83872500682731,-10459.6367539662,-9525.0865598741,-10459.613187815,-9522.62408163867,-10459.5896216639,-9520.16160340324,1,0,0,0
20130619102815.daq,21,3,145.8,1,0,right,0.488311767578125,-180.488311767578,12,0.0001,85.712776184082,112.762726820407,-1.23045992851257,0.562137365341187,0.093673937022686,3.97415158085257,-10472.1987891134,-9524.95160856759,-10472.177801571,-9522.48910700485,-10472.1568140285,-9520.02660544211,1,0,0,0
20130619102815.daq,21,3,145.9,1,0,right,0.42059326171875,-180.420593261719,12,0.0001,85.7757568359375,125.338584047331,-1.09862494468689,0.562034666538239,0.093673937022686,4.10323469553557,-10484.7694231514,-9524.82299361154,-10484.7513460804,-9522.36046896335,-10484.7332690093,-9519.89794431517,1,0,0,0
20130619102815.daq,21,3,146,1,0,right,0.35174560546875,-180.351745605469,12,0.0001,85.8384780883789,137.923659248354,-1.05467987060547,0.562683403491974,0.103165604174137,4.22316118124872,-10497.3488139619,-9524.70225916616,-10497.3336959178,-9522.23971457404,-10497.3185778737,-9519.77716998192,1,0,0,0
20130619102815.daq,21,3,146.1,1,0,right,0.284088134765625,-180.284088134766,12,0.0001,85.9009704589844,150.517917175601,-0.966789960861206,0.563040673732758,0.0272318441420794,4.33390739420041,-10509.9379941688,-9524.59121465538,-10509.9257840196,-9522.12865392807,-10509.9135738704,-9519.66609320076,1,0,0,0
20130619102815.daq,21,3,146.2,1,0,right,0.229278564453125,-180.229278564453,12,0.0001,85.9632339477539,163.121323327166,-0.307614982128143,0.561831653118134,0.093673937022686,4.43357138172642,-10522.537247824,-9524.49206839572,-10522.527393384,-9522.02949711484,-10522.517538944,-9519.56692583395,1,0,0,0
20130619102815.daq,21,3,146.3,1,0,right,0.203704833984375,-180.203704833984,12,0.0001,86.0253295898438,175.733847863577,0.791009962558746,0.562705993652344,0.112657263875008,4.52196610589301,-10535.1460000808,-9524.40380726543,-10535.1372448,-9521.94123183136,-10535.1284895193,-9519.47865639729,1,0,0,0
20130619102815.daq,21,3,146.4,1,0,right,0.211517333984375,-180.211517333984,12,0.0001,86.0873413085938,188.355472974399,1.71385490894318,0.563343048095703,0.0651987195014954,4.59995117531537,-10547.7653310221,-9524.3251988216,-10547.7562399598,-9521.86262460424,-10547.7471488975,-9519.40005038687,1,0,0,0
20130619102815.daq,21,3,146.5,1,0,right,0.252227783203125,-180.252227783203,12,0.0001,86.1493225097656,200.98618998753,2.37302994728088,0.563016772270203,0.103165604174137,4.67364096417103,-10560.3952279315,-9524.25236670632,-10560.3843871355,-9521.78979957006,-10560.3735463394,-9519.32723243381,1,0,0,0
20130619102815.daq,21,3,146.6,1,0,right,0.311126708984375,-180.311126708984,12,0.0001,86.2112655639648,213.625995825776,2.15330481529236,0.561373889446259,0.103165604174137,4.74287228038055,-10573.0353299002,-9524.18231389145,-10573.0219576401,-9521.71975920047,-10573.00858538,-9519.25720450948,1,0,0,0
20130619102815.daq,21,3,146.7,1,0,right,0.364898681640625,-180.364898681641,12,0.0001,86.273078918457,226.274879485825,1.45018494129181,0.562405467033386,0.141132473945618,4.81410232324418,-10585.6840931726,-9524.11160065314,-10585.6684098162,-9521.64905959647,-10585.6527264597,-9519.18651853981,1,0,0,0
20130619102815.daq,21,3,146.8,1,0,right,0.40240478515625,-180.402404785156,12,0.0001,86.3346710205078,238.932813179665,0.966789960861206,0.560858845710754,0.112657263875008,4.88711420079703,-10598.3422262668,-9524.0379878863,-10598.3249309221,-9521.57545762364,-10598.3076355774,-9519.11292736099,1,0,0,0
20130619102815.daq,21,3,146.9,1,0,right,0.4241943359375,-180.424194335938,12,0.0001,86.3960266113281,251.599762778396,0.92284494638443,0.563004374504089,0.122149154543877,4.96859319334324,-10611.0077912894,-9523.95753607187,-10610.9895594472,-9521.4950125647,-10610.971327605,-9519.03248905753,1,0,0,0
20130619102815.daq,21,3,147,1,0,right,0.437591552734375,-180.437591552734,12,0.0001,86.4571685791016,264.275694059867,0.92284494638443,0.585578441619873,0.112657263875008,5.05335683170327,-10623.6829191064,-9523.87174483819,-10623.6641114638,-9521.40922566141,-10623.6453038212,-9518.94670648463,1,0,0,0
20130619102815.daq,21,3,147.1,1,0,right,0.444183349609375,-180.444183349609,12,0.0001,86.5184783935547,276.960596207267,0.878899991512299,0.613610506057739,0.103165604174137,5.14569023889476,-10636.3656952112,-9523.77953940705,-10636.3466042594,-9521.31702241035,-10636.3275133077,-9518.85450541366,1,0,0,0
20130619102815.daq,21,3,147.2,1,0,right,0.450347900390625,-180.450347900391,12,0.0001,86.5810089111328,289.654566758389,0.791009962558746,0.632125675678253,0.0841822773218155,5.24458496464715,-10649.0582265982,-9523.68150106485,-10649.0388707002,-9521.21898613644,-10649.0195148022,-9518.75647120803,1,0,0,0
20130619102815.daq,21,3,147.3,1,0,right,0.453643798828125,-180.453643798828,12,0.0001,86.645637512207,302.357856831084,0.703119993209839,0.645946025848389,0.112657263875008,5.34656194849515,-10661.7594778923,-9523.57875770888,-10661.7399803399,-9521.11624389798,-10661.7204827875,-9518.65373008707,1,0,0,0
20130619102815.daq,21,3,147.4,1,0,right,0.45050048828125,-180.450500488281,12,0.0001,86.7118148803711,315.070752884338,0.483394980430603,0.683645963668823,0.103165604174137,5.45058650969024,-10674.4693630878,-9523.47446035692,-10674.4500006317,-9521.01194548007,-10674.4306381756,-9518.54943060321,1,0,0,0
20130619102815.daq,21,3,147.5,1,0,right,0.443145751953125,-180.443145751953,12,0.0001,86.7790222167969,327.793429852087,0.307614982128143,0.70624566078186,0.093673937022686,5.55659153042104,-10687.1898889495,-9523.36847090552,-10687.1708425927,-9520.90595356351,-10687.151796236,-9518.44343622149,1,0,0,0
20130619102815.daq,21,3,147.6,1,0,right,0.431640625,-180.431640625,12,0.0001,86.8474655151367,340.5260523177,0.307614982128143,0.705605924129486,0.112657263875008,5.66341277124643,-10699.9200802865,-9523.26176209539,-10699.9015284094,-9520.79924097847,-10699.8829765322,-9518.33671986155,1,0,0,0
20130619102815.daq,21,3,147.7,1,0,right,0.4176025390625,-180.417602539063,12,0.0001,86.9170455932617,353.26880164925,0.307614982128143,0.707266628742218,0.112657263875008,5.7700579229484,-10712.6599759796,-9523.15521019754,-10712.6420274473,-9520.69268460913,-10712.624078915,-9518.23015902071,0,1,0,1
20130619102815.daq,21,3,147.8,1,0,right,0.404541015625,-180.404541015625,12,0.0001,86.9873123168945,366.021810725662,0.307614982128143,0.683390438556671,0.0651987195014954,5.87571159237021,-10725.4096606667,-9523.0495742675,-10725.3922735084,-9520.58704465141,-10725.3748863502,-9518.12451503531,0,1,0,1
20130619102815.daq,21,3,147.9,1,0,right,0.38995361328125,-180.389953613281,12,0.0001,87.0579071044922,378.785155357858,0.307614982128143,0.594446659088135,0.036723505705595,5.97923190495293,-10738.1700504876,-9522.94598593149,-10738.1532902855,-9520.48345196847,-10738.1365300834,-9518.02091800544,0,1,0,1
20130619102815.daq,21,3,148,1,0,right,0.37762451171875,-180.377624511719,12,0.0001,87.1279067993164,391.558826500748,0.307614982128143,0.493192344903946,0.093673937022686,6.08090582370171,-10750.941236867,-9522.84421072371,-10750.9250065618,-9520.38167321118,-10750.9087762565,-9517.91913569865,0,1,0,1
20130619102815.daq,21,3,148.1,1,0,right,0.364166259765625,-180.364166259766,12,0.0001,87.1957168579102,404.342624696072,0.307614982128143,0.396235376596451,0.0841822773218155,6.1796516578403,-10763.7221613922,-9522.74543508719,-10763.7065095148,-9520.28289383024,-10763.6908576374,-9517.8203525733,0,1,0,1
20130619102815.daq,21,3,148.2,1,0,right,0.3529052734375,-180.352905273438,12,0.0001,87.2585296630859,417.136062627864,0.26366999745369,0.365786224603653,0.093673937022686,6.27581568360223,-10776.5138810931,-9522.64945295884,-10776.498713207,-9520.18690867322,-10776.483545321,-9517.72436438759,0,1,0,1
20130619102815.daq,21,3,148.3,1,0,right,0.33111572265625,-180.331115722656,12,0.0001,87.3123550415039,429.938058148819,-0.263669967651367,0.368549942970276,0.122149154543877,6.36975194604121,-10789.3131581409,-9522.55607599281,-10789.29892676,-9520.09352611693,-10789.2846953792,-9517.63097624104,0,1,0,1
20130619102815.daq,21,3,148.4,1,0,right,0.292572021484375,-180.292572021484,12,0.0001,87.3522186279297,442.747065946995,-1.09862494468689,0.38319930434227,0.122149154543877,6.45872670734133,-10802.1188641631,-9522.46666593745,-10802.1062893784,-9520.00410704511,-10802.0937145936,-9517.54154815277,0,1,0,1
20130619102815.daq,21,3,148.5,1,0,right,0.23175048828125,-180.231750488281,12,0.0001,87.374641418457,455.56055321024,-1.53807497024536,0.398004502058029,0.112657263875008,6.54162557486468,-10814.9289095426,-9522.38351696951,-10814.9189488594,-9519.92094611607,-10814.9089881761,-9517.45837526263,0,1,0,1
20130619102815.daq,21,3,148.6,1,0,right,0.153594970703125,-180.153594970703,12,0.0001,87.3878402709961,468.376569089463,-1.58201992511749,0.406179666519165,0.103165604174137,6.61822820108719,-10827.7404809379,-9522.3072981119,-10827.7338793847,-9519.84471596242,-10827.7272778315,-9517.38213381295,0,1,0,1
20130619102815.daq,21,3,148.7,1,0,right,0.063018798828125,-180.063018798828,12,0.0001,87.3969650268555,481.194178023794,-1.88963496685028,0.453100949525833,0.122149154543877,6.68302075443706,-10840.5527178725,-9522.24258670564,-10840.5500093049,-9519.7799971972,-10840.5473007372,-9517.31740768876,0,1,0,1
20130619102815.daq,21,3,148.8,1,0,right,-0.043975830078125,-179.956024169922,12,0.0001,87.4064407348633,494.013079380496,-2.50486493110657,0.518350839614868,0.141132473945618,6.73457939616936,-10853.3645416818,-9522.19060481826,-10853.3664317769,-9519.72801454561,-10853.368321872,-9517.26542427295,0,1,0,1
20130619102815.daq,21,3,148.9,1,0,right,-0.175506591796875,-179.824493408203,12,0.0001,87.424201965332,506.833872746571,-3.16403985023499,0.561755895614624,0.141132473945618,6.77069057444567,-10866.1776987466,-9522.15478086214,-10866.1852420645,-9519.69220141738,-10866.1927853824,-9517.22962197261,0,1,0,1
20130619102815.daq,21,3,149,1,0,right,-0.322113037109375,-179.677886962891,12,0.0001,87.4581680297852,519.658381500589,-3.12009477615356,0.572497963905334,0.141132473945618,6.7850948641753,-10878.9933911259,-9522.1403867479,-10879.0072355748,-9519.67783466629,-10879.0210800236,-9517.21528258467,0,1,0,1
20130619102815.daq,21,3,149.1,1,0,right,-0.46673583984375,-179.533264160156,12,0.0001,87.5050354003906,532.488973498348,-2.59275484085083,0.571229040622711,0.141132473945618,6.77572744777271,-10891.8149695182,-9522.14929860973,-10891.8350297526,-9519.68678931829,-10891.855089987,-9517.22428002685,0,1,1,1
20130619102815.daq,21,3,149.2,1,0,right,-0.5938720703125,-179.406127929688,12,0.0001,87.5560073852539,545.326779003304,-1.84568989276886,0.571371376514435,0.0841822773218155,6.74214333791824,-10904.6447791674,-9522.18349254963,-10904.6703035226,-9519.72103383308,-10904.6958278778,-9517.25857511652,0,1,1,1
20130619102815.daq,21,3,149.3,1,0,right,-0.70208740234375,-179.297912597656,12,0.0001,87.6091156005859,558.172230314891,-1.66990995407104,0.571708738803864,0.103165604174137,6.67902661099674,-10917.4828636026,-9522.24581295279,-10917.5130387893,-9519.7834068365,-10917.5432139761,-9517.32100072021,0,1,1,1
20130619102815.daq,21,3,149.4,1,0,right,-0.79791259765625,-179.202087402344,12,0.0001,87.6637649536133,571.025588342041,-1.62596487998962,0.569801509380341,0.112657263875008,6.59150463996935,-10930.3300398536,-9522.33373410149,-10930.3643332847,-9519.87138189597,-10930.3986267158,-9517.40902969046,0,1,1,1
20130619102815.daq,21,3,149.5,1,0,right,-0.873382568359375,-179.126617431641,12,0.0001,87.7195205688477,583.887047694092,-0.878899931907654,0.571227610111237,0.112657263875008,6.47689268292468,-10943.1855385177,-9522.44774499617,-10943.2230753271,-9519.98544009803,-10943.2606121366,-9517.5231351999,0,1,1,1
20130619102815.daq,21,3,149.6,1,0,right,-0.9388427734375,-179.061157226563,12,0.0001,87.7761154174805,596.756749828823,-0.791009962558746,0.572268605232239,0.103165604174137,6.34071384102156,-10956.0500763803,-9522.58457646635,-10956.0904263385,-9520.12231606089,-10956.1307762966,-9517.66005565542,0,1,1,1
20130619102815.daq,21,3,149.7,1,0,right,-0.99267578125,-179.00732421875,12,0.0001,87.8332977294922,609.634796853188,-0.878899931907654,0.572916507720947,0.103165604174137,6.18032270113593,-10968.9227204786,-9522.74413014341,-10968.9653838679,-9520.28190873609,-10969.0080472572,-9517.81968732878,0,1,1,1
20130619102815.daq,21,3,149.8,1,0,right,-1.06887817382813,-178.931121826172,12,0.0001,87.8909301757813,622.521265603849,-2.0654149055481,0.572231292724609,0.0841822773218155,6.0020704110679,-10981.8025986106,-9522.92263251308,-10981.8485366729,-9520.46047002497,-10981.8944747353,-9517.99830753686,0,1,1,1
20130619102815.daq,21,3,149.9,1,0,right,-1.15225219726563,-178.847747802734,12,0.0001,87.9487075805664,635.416199721041,-2.28513979911804,0.570734024047852,0.112657263875008,5.80650888973686,-10994.6910744305,-9523.11817336415,-10994.7405952617,-9520.65608032961,-10994.7901160929,-9518.19398729508,0,1,1,1
20130619102815.daq,21,3,150,1,0,right,-1.2525634765625,-178.747436523438,12,0.0001,88.0065078735352,648.319611513545,-2.15330481529236,0.570904016494751,0.150624141097069,5.59072340780585,-11007.5869162952,-9523.33330307171,-11007.6407475875,-9520.87130050969,-11007.6945788798,-9518.40929794766,0,0,1,0
20130619102815.daq,21,3,150.1,1,0,right,-1.35934448242188,-178.640655517578,12,0.0001,88.0641937255859,661.231494080983,-2.10935974121094,0.572665333747864,0.0746903866529465,5.35654361210901,-11020.4903914328,-9523.56737881499,-11020.5488110142,-9521.10548085286,-11020.6072305956,-9518.64358289073,0,0,1,0
20130619102815.daq,21,3,150.2,1,0,right,-1.46923828125,-178.53076171875,12,0.0001,88.1217269897461,674.151825882986,-2.10935974121094,0.572400808334351,0.0841822773218155,5.10303619585462,-11033.4015854649,-9523.82117094841,-11033.4647268774,-9521.35938956383,-11033.52786829,-9518.89760817926,0,0,1,0
20130619102815.daq,21,3,150.3,1,0,right,-1.57379150390625,-178.426208496094,12,0.0001,88.1790466308594,687.080580064017,-1.88963496685028,0.572996556758881,0.0841822773218155,4.82911261212349,-11046.3207194344,-9524.0951391116,-11046.3883529931,-9521.633477046,-11046.4559865517,-9519.17181498041,0,0,1,0
20130619102815.daq,21,3,150.4,1,0,right,-1.66387939453125,-178.336120605469,12,0.0001,88.236213684082,700.01772939556,-0.659174978733063,0.571583807468414,0.0746903866529465,4.53192586243482,-11059.2490123495,-9524.39165666953,-11059.3205163688,-9521.93010398907,-11059.3920203881,-9519.46855130862,0,0,1,0
20130619102815.daq,21,3,150.5,1,0,right,-1.68780517578125,-178.312194824219,12,0.0001,88.2934112548828,712.963260636341,1.71385490894318,0.571268498897552,0.0651987195014954,4.21762478462274,-11072.1868577228,-9524.70561726034,-11072.25938964,-9522.24409465342,-11072.3319215572,-9519.78257204649,0,0,1,0
20130619102815.daq,21,3,150.6,1,0,right,-1.65283203125,-178.34716796875,12,0.0001,88.3507843017578,725.917196632214,3.0322048664093,0.572517931461334,-0.0107350340113044,3.88669965204857,-11085.1350457731,-9525.03648998765,-11085.2060751721,-9522.57492356606,-11085.277104571,-9520.11335714447,0,0,1,0
20130619102815.daq,21,3,150.7,1,0,right,-1.55010986328125,-178.449890136719,12,0.0001,88.4082870483398,738.879556219346,4.79000473022461,0.57041323184967,0.0841822773218155,3.54844254723576,-11098.0938022455,-9525.37494218576,-11098.1604183378,-9522.91325237596,-11098.2270344301,-9520.45156256616,0,0,1,0
20130619102815.daq,21,3,150.8,1,0,right,-1.3839111328125,-178.616088867188,12,0.0001,88.4659042358398,751.850361404355,6.15229988098145,0.571326076984406,0.0651987195014954,3.21033358485723,-11111.0639700586,-9525.71341319872,-11111.12344522,-9523.25154051139,-11111.1829203814,-9520.78966782406,0,0,1,0
20130619102815.daq,21,3,150.9,1,0,right,-1.17178344726563,-178.828216552734,12,0.0001,88.5231781005859,764.829598199984,6.5038595199585,0.572622954845428,0.036723505705595,2.88095653902213,-11124.0460386372,-9526.04319838096,-11124.0963987552,-9523.58112237037,-11124.1467588731,-9521.11904635977,0,0,1,0
20130619102815.daq,21,3,151,1,0,right,-0.93280029296875,-179.067199707031,12,0.0001,88.579704284668,777.817183894931,6.5038595199585,0.57151460647583,0.0841822773218155,2.57274634579751,-11137.0375356979,-9526.35178368959,-11137.0776259829,-9523.88951904247,-11137.1177162679,-9521.42725439534,0,0,1,0
20130619102815.daq,21,4,210.466666666667,1,0,left,-0.961669921875,-179.038330078125,12,0.0001,75.8758850097656,0,2.10935997962952,0.534899353981018,0.093673937022686,-3.34078238276275,-17803.5436324945,-9515.32425875353,-17803.5849634358,-9512.86201461927,-17803.6262943772,-9510.399770485,1,0,0,0
20130619102815.daq,21,4,210.566666666667,1,0,left,-0.904388427734375,-179.095611572266,12,0.0001,75.9623031616211,11.1348288494592,2.2411949634552,0.534744203090668,0.112657263875008,-3.51269933130155,-17814.6779106845,-9515.51214885854,-17814.7167799753,-9513.04986463415,-17814.7556492662,-9510.58758040977,1,0,0,0
20130619102815.daq,21,4,210.666666666667,1,0,left,-0.84686279296875,-179.153137207031,12,0.0001,76.0484161376953,22.2823101968897,2.15330481529236,0.535991549491882,0.103165604174137,-3.69510539050334,-17825.8239103329,-9515.69416312938,-17825.8603074423,-9513.23184112081,-17825.8967045517,-9510.76951911225,1,0,0,0
20130619102815.daq,21,4,210.766666666667,1,0,left,-0.791839599609375,-179.208160400391,12,0.0001,76.1342849731445,33.4424028265057,2.10935997962952,0.534130275249481,0.0841822773218155,-3.86861329397108,-17836.9835146596,-9515.86754063282,-17837.0175470964,-9513.40518480624,-17837.0515795333,-9510.94282897967,1,0,0,0
20130619102815.daq,21,4,210.866666666667,1,0,left,-0.743743896484375,-179.256256103516,12,0.0001,76.2198791503906,44.6150703714484,1.7577999830246,0.53436267375946,0.112657263875008,-4.03247832157687,-17848.1566117889,-9516.03157699548,-17848.1885772426,-9513.56919346865,-17848.2205426963,-9511.10680994183,1,0,0,0
20130619102815.daq,21,4,210.966666666667,1,0,left,-0.7091064453125,-179.290893554688,12,0.0001,76.3051986694336,55.8002719889337,1.18651497364044,0.534988582134247,0.093673937022686,-4.18722703069708,-17859.341084152,-9516.18667420403,-17859.3715609966,-9513.72427180284,-17859.4020378412,-9511.26186940165,1,0,0,0
20130619102815.daq,21,4,211.066666666667,1,0,left,-0.6868896484375,-179.313110351563,12,0.0001,76.3902816772461,66.9979689808788,1.14256989955902,0.535395383834839,0.0746903866529465,-4.33392492101818,-17870.5369595252,-9516.33374563632,-17870.5664815557,-9513.87133160266,-17870.5960035861,-9511.408917569,1,0,0,0
20130619102815.daq,21,4,211.166666666667,1,0,left,-0.67071533203125,-179.329284667969,12,0.0001,76.4751281738281,78.2081266589084,1.05467998981476,0.536117315292358,0.0841822773218155,-4.47240023419601,-17881.7463533511,-9516.47239940926,-17881.775180253,-9514.0099771398,-17881.8040071549,-9511.54755487033,1,0,0,0
20130619102815.daq,21,4,211.266666666667,1,0,left,-0.658538818359375,-179.341461181641,12,0.0001,76.5597610473633,89.4307130388188,1.01073491573334,0.534325659275055,0.103165604174137,-4.60676227301779,-17892.9673645378,-9516.60641614452,-17892.9956681245,-9514.14398780436,-17893.0239717111,-9511.6815594642,1,0,0,0
20130619102815.daq,21,4,211.366666666667,1,0,left,-0.65130615234375,-179.348693847656,12,0.0001,76.6441802978516,100.665697162156,0.791009962558746,0.533244252204895,0.103165604174137,-4.73540564462033,-17904.1999693215,-9516.73487753429,-17904.2279620662,-9514.27244564088,-17904.2559548108,-9511.81001374747,1,0,0,0
20130619102815.daq,21,4,211.466666666667,1,0,left,-0.651458740234375,-179.348541259766,12,0.0001,76.7283630371094,111.913045552763,0.527339994907379,0.536029160022736,0.103165604174137,-4.85989082327915,-17915.4441060883,-9516.85988691976,-17915.4721053908,-9514.39745510091,-17915.5001046933,-9511.93502328206,1,0,0,0
20130619102815.daq,21,4,211.566666666667,1,0,left,-0.65557861328125,-179.344421386719,12,0.0001,76.8122940063477,123.172721657269,0.615229964256287,0.534737586975098,0.0651987195014954,-4.98411043217998,-17926.701814406,-9516.98318719871,-17926.7299907704,-9514.52075739953,-17926.7581671349,-9512.05832760034,1,0,0,0
20130619102815.daq,21,4,211.666666666667,1,0,left,-0.658538818359375,-179.341461181641,12,0.0001,76.89599609375,134.44469106703,0.74706494808197,0.535186469554901,0.245541453361511,-5.1064199959988,-17937.9712707878,-9517.10641614452,-17937.9995743745,-9514.64398780436,-17938.0278779611,-9512.1815594642,1,0,0,0
20130619102815.daq,21,4,211.766666666667,1,0,left,-0.659393310546875,-179.340606689453,12,0.0001,76.9794387817383,145.728917788176,0.703119993209839,0.503605723381042,0.0841822773218155,-5.22803569654179,-17949.2544522997,-9517.22756245032,-17949.2827926102,-9514.76513453255,-17949.3111329208,-9512.30270661478,1,0,0,0
20130619102815.daq,21,4,211.866666666667,1,0,left,-0.659820556640625,-179.340179443359,12,0.0001,77.0624771118164,157.025359579198,0.74706494808197,0.3115394115448,0.0841822773218155,-5.34996602593217,-17960.5493633678,-9517.3496590406,-17960.5777220403,-9514.88723133423,-17960.6060807128,-9512.42480362785,1,0,0,0
20130619102815.daq,21,4,211.966666666667,1,0,left,-0.652191162109375,-179.347808837891,12,0.0001,77.1425170898438,168.33383479228,1.18651497364044,0.272830933332443,0.0557070598006248,-5.47126061968921,-17971.8542438183,-9517.4712600949,-17971.8822745985,-9515.00882863417,-17971.9103053787,-9512.54639717344,1,0,0,0
20130619102815.daq,21,4,212.066666666667,1,0,left,-0.624786376953125,-179.375213623047,12,0.0001,77.2019882202148,179.652824131761,2.0654149055481,0.277242958545685,0.0651987195014954,-5.59079957249836,-17983.1732957562,-9517.59066805764,-17983.2001487431,-9515.12822347135,-17983.22700173,-9512.66577888507,1,0,0,0
20130619102815.daq,21,4,212.166666666667,1,0,left,-0.57830810546875,-179.421691894531,12,0.0001,77.2326889038086,190.978365381277,2.28513979911804,0.284951329231262,0.0651987195014954,-5.70936551037661,-17994.498687243,-9517.70890197079,-17994.523542689,-9515.24643641159,-17994.548398135,-9512.7839708524,0,1,0,1
20130619102815.daq,21,4,212.266666666667,1,0,left,-0.51611328125,-179.48388671875,12,0.0001,77.2373123168945,202.306478420767,2.54880976676941,0.311054944992065,0.103165604174137,-5.82295175710606,-18005.828377909,-9517.82226109828,-18005.8505603235,-9515.35977000917,-18005.8727427381,-9512.89727892007,0,1,0,1
20130619102815.daq,21,4,212.366666666667,1,0,left,-0.436004638671875,-179.563995361328,12,0.0001,77.2240447998047,213.633800993848,2.98825979232788,0.373001962900162,0.160116031765938,-5.92798298420461,-18017.1585134046,-9517.92767911144,-18017.1772528431,-9515.46515941469,-18017.1959922816,-9513.00263971794,0,1,0,1
20130619102815.daq,21,4,212.466666666667,1,0,left,-0.346099853515625,-179.653900146484,12,0.0001,77.2079696655273,224.958773335078,2.98825979232788,0.430514067411423,0.0841822773218155,-6.02473711291343,-18028.4849802878,-9518.02467798059,-18028.4998556802,-9515.56213191074,-18028.5147310725,-9513.09958584089,0,1,0,1
20130619102815.daq,21,4,212.566666666667,1,0,left,-0.2484130859375,-179.751586914063,12,0.0001,77.2058334350586,236.282222277725,2.98825979232788,0.481028109788895,0.103165604174137,-6.1085014048839,-18039.8116319072,-9518.10849799825,-18039.8223087479,-9515.64593014568,-18039.8329855887,-9513.18336229311,0,1,0,1
20130619102815.daq,21,4,212.666666666667,1,0,left,-0.1510009765625,-179.848999023438,12,0.0001,77.2264022827148,247.607039546921,2.94431495666504,0.514945507049561,0.112657263875008,-6.1787987659557,-18051.1363133308,-9518.17865895561,-18051.1428033937,-9515.71607650978,-18051.1492934567,-9513.25349406395,0,1,0,1
20130619102815.daq,21,4,212.766666666667,1,0,left,-0.0694580078125,-179.930541992188,12,0.0001,77.2655258178711,258.936258698548,2.2411949634552,0.519577145576477,0.112657263875008,-6.23262480843951,-18062.466452718,-9518.23221785801,-18062.4694380447,-9515.76962866952,-18062.4724233715,-9513.30703948103,0,1,0,1
20130619102815.daq,21,4,212.866666666667,1,0,left,-0.01373291015625,-179.986267089844,12,0.0001,77.3214797973633,270.27248509198,1.31834995746613,0.518735408782959,0.0841822773218155,-6.27149728230647,-18073.8018095689,-9518.27076766837,-18073.8023998138,-9515.8081767411,-18073.8029900586,-9513.34558581384,0,1,0,1
20130619102815.daq,21,4,212.966666666667,1,0,left,0.01300048828125,-180.013000488281,12,0.0001,77.3901672363281,281.61790810564,0.74706494808197,0.518419623374939,0.103165604174137,-6.29503384806705,-18085.146216808,-9518.29450638382,-18085.1456580429,-9515.83191544921,-18085.1450992777,-9513.36932451461,0,1,0,1
20130619102815.daq,21,4,213.066666666667,1,0,left,0.014312744140625,-180.014312744141,12,0.0001,77.4658660888672,292.974002369203,0.395504981279373,0.51919960975647,0.093673937022686,-6.30661649858582,-18096.5017177999,-9518.30614403904,-18096.5011026336,-9515.84355311788,-18096.5004874673,-9513.38096219671,0,1,0,1
20130619102815.daq,21,4,213.166666666667,1,0,left,0.00244140625,-180.00244140625,12,0.0001,77.5435180664063,304.341371106366,0.26366999745369,0.519428253173828,0.0746903866529465,-6.31020461481762,-18107.8666604307,-9518.30980732452,-18107.8665554982,-9515.84721632875,-18107.8664505658,-9513.38462533299,0,1,0,1
20130619102815.daq,21,4,213.266666666667,1,0,left,-0.017974853515625,-179.982025146484,12,0.0001,77.6218185424805,315.72018281692,0.17577999830246,0.518463253974915,0.0557070598006248,-6.30880399650378,-18119.2450645851,-9518.30813913324,-18119.24583715,-9515.84554825642,-18119.246609715,-9513.38295737961,0,1,0,1
20130619102815.daq,21,4,213.366666666667,1,0,left,-0.03997802734375,-179.960021972656,12,0.0001,77.7004089355469,327.110503427462,0.219724997878075,0.518673658370972,0.103165604174137,-6.30493297979784,-18130.6331948344,-9518.30461567007,-18130.6349131027,-9515.84202527153,-18130.636631371,-9513.37943487299,0,1,0,1
20130619102815.daq,21,4,213.466666666667,1,0,left,-0.05975341796875,-179.940246582031,12,0.0001,77.7791137695313,338.512360446264,0.219724997878075,0.519936323165894,0.093673937022686,-6.30132361620507,-18142.031145102,-9518.30095439758,-18142.0337133226,-9515.83836473877,-18142.0362815432,-9513.37577507997,0,1,0,1
20130619102815.daq,21,4,213.566666666667,1,0,left,-0.079010009765625,-179.920989990234,12,0.0001,77.8578643798828,349.925764969881,0.219724997878075,0.517501771450043,0.093673937022686,-6.29932818013482,-18153.4427796218,-9518.29921404185,-18153.4461754963,-9515.83662538528,-18153.4495713708,-9513.37403672871,0,1,0,1
20130619102815.daq,21,4,213.666666666667,1,0,left,-0.09503173828125,-179.904968261719,12,0.0001,77.9365692138672,361.350716998313,0.219724997878075,0.518546938896179,0.0557070598006248,-6.30172975499206,-18164.8642592316,-9518.30118002178,-18164.8683437244,-9515.83859241108,-18164.8724282171,-9513.37600480039,0,1,0,1
20130619102815.daq,21,4,213.766666666667,1,0,left,-0.11065673828125,-179.889343261719,12,0.0001,78.0151596069336,372.787205435001,0.219724997878075,0.51959103345871,0.141132473945618,-6.30514007236118,-18176.2994202406,-9518.30507452032,-18176.3041762998,-9515.84248811507,-18176.3089323589,-9513.37990170982,0,1,0,1
20130619102815.daq,21,4,213.866666666667,1,0,left,-0.126068115234375,-179.873931884766,12,0.0001,78.0935897827148,384.235208459831,0.219724997878075,0.519452929496765,0.0746903866529465,-6.3140903004052,-18187.7443518923,-9518.31383853747,-18187.749770336,-9515.85125350058,-18187.7551887797,-9513.3886684637,0,1,0,1
20130619102815.daq,21,4,213.966666666667,1,0,left,-0.137786865234375,-179.862213134766,12,0.0001,78.1718215942383,395.6947004295,0.57128494977951,0.51893949508667,0.0841822773218155,-6.32443735433378,-18199.2030465005,-9518.32432762376,-18199.2089686185,-9515.86174374662,-18199.2148907365,-9513.39915986948,0,1,0,1
20130619102815.daq,21,4,214.066666666667,1,0,left,-0.130340576171875,-179.869659423828,12,0.0001,78.249870300293,407.165652623513,1.58201992511749,0.518731951713562,0.103165604174137,-6.33794745748575,-18210.6719806403,-9518.33753980626,-18210.6775827153,-9515.87495518027,-18210.6831847903,-9513.41237055427,0,1,0,1
20130619102815.daq,21,4,214.166666666667,1,0,left,-0.1005859375,-179.8994140625,12,0.0001,78.3277282714844,418.648038093095,2.15330481529236,0.518947720527649,0.093673937022686,-6.35230428856099,-18222.1531845984,-9518.35230424401,-18222.1575078121,-9515.88971704083,-18222.1618310258,-9513.42712983765,0,1,0,1
20130619102815.daq,21,4,214.266666666667,1,0,left,-0.052276611328125,-179.947723388672,12,0.0001,78.4053726196289,430.141827092008,2.28513979911804,0.519067764282227,0.0746903866529465,-6.3642177196788,-18233.6485168675,-9518.36396913217,-18233.6507637327,-9515.90137915919,-18233.653010598,-9513.4387891862,0,1,0,1
20130619102815.daq,21,4,214.366666666667,1,0,left,0.0091552734375,-180.009155273438,12,0.0001,78.4828186035156,441.646989967274,2.46091985702515,0.517931222915649,0.112657263875008,-6.37349564580993,-18245.1539348211,-9518.37286900613,-18245.1535413245,-9515.91027803957,-18245.1531478279,-9513.447687073,0,1,0,1
20130619102815.daq,21,4,214.466666666667,1,0,left,0.078369140625,-180.078369140625,12,0.0001,78.5600128173828,453.163493429231,2.68064475059509,0.518346428871155,0.093673937022686,-6.37540950542228,-18256.6712581457,-9518.37542677285,-18256.6678898159,-9515.91283807845,-18256.6645214861,-9513.45024938405,0,1,1,1
20130619102815.daq,21,4,214.566666666667,1,0,left,0.152984619140625,-180.152984619141,12,0.0001,78.6369171142578,464.691298033813,2.59275484085083,0.51921272277832,0.0841822773218155,-6.36893570083117,-18268.2004269712,-9518.36885930434,-18268.1938516509,-9515.90627708467,-18268.1872763307,-9513.44369486501,0,1,1,1
20130619102815.daq,21,4,214.666666666667,1,0,left,0.217987060546875,-180.217987060547,12,0.0001,78.7135314941406,476.230360513782,2.19724988937378,0.518722712993622,0.103165604174137,-6.35217215469796,-18279.7410745153,-9518.35214220003,-18279.7317053841,-9515.88956902491,-18279.7223362529,-9513.4269958498,0,1,1,1
20130619102815.daq,21,4,214.766666666667,1,0,left,0.28076171875,-180.28076171875,12,0.0001,78.7898941040039,487.78064123858,2.19724988937378,0.518310546875,0.0746903866529465,-6.32289592481628,-18291.2933821546,-9518.32286591483,-18291.2813149741,-9515.86030448279,-18291.2692477935,-9513.39774305074,0,1,1,1
20130619102815.daq,21,4,214.866666666667,1,0,left,0.338348388671875,-180.338348388672,12,0.0001,78.8659973144531,499.342102069622,2.15330481529236,0.519885718822479,0.0841822773218155,-6.28225788810863,-18302.8553255262,-9518.28219053976,-18302.8407832883,-9515.81964247998,-18302.8262410505,-9513.3570944202,0,1,1,1
20130619102815.daq,21,4,214.966666666667,1,0,left,0.388336181640625,-180.388336181641,12,0.0001,78.9418716430664,510.914707759028,1.88963496685028,0.52012300491333,0.0272318441420794,-6.22851524754461,-18314.428800466,-9518.22831270631,-18314.41210978,-9515.76577827113,-18314.395419094,-9513.30324383596,0,1,1,1
20130619102815.daq,21,4,215.066666666667,1,0,left,0.419952392578125,-180.419952392578,12,0.0001,79.0175476074219,522.498426602349,0.92284494638443,0.519110798835754,0.0557070598006248,-6.16440763790462,-18326.0135483118,-9518.16385363922,-18325.9954987848,-9515.70132878899,-18325.9774492578,-9513.23880393876,0,1,1,1
20130619102815.daq,21,4,215.166666666667,1,0,left,0.419342041015625,-180.419342041016,12,0.0001,79.0930633544922,534.09323202381,-0.395504981279373,0.518407642841339,0.0177401825785637,-6.09105669013247,-18337.6053304583,-9518.09064927553,-18337.5873071636,-9515.62812423317,-18337.569283869,-9513.1655991908,0,1,1,1
20130619102815.daq,21,4,215.266666666667,1,0,left,0.384063720703125,-180.384063720703,12,0.0001,79.1684265136719,545.699102669529,-0.92284494638443,0.519174873828888,0.0177401825785637,-6.01083142767859,-18349.2099472113,-9518.01080397528,-18349.1934401529,-9515.54826830235,-18349.1769330945,-9513.08573262942,0,1,1,1
20130619102815.daq,21,4,215.366666666667,1,0,left,0.3289794921875,-180.328979492188,12,0.0001,79.2436065673828,557.316013548938,-0.966789960861206,0.519527196884155,0.0651987195014954,-5.93037656998702,-18360.8218954463,-9517.93023173289,-18360.8077558798,-9515.46768132811,-18360.7936163133,-9513.00513092333,0,1,1,1
20130619102815.daq,21,4,215.466666666667,1,0,left,0.266021728515625,-180.266021728516,12,0.0001,79.318603515625,568.943938552504,-0.966789960861206,0.519270300865173,0.093673937022686,-5.85069197890801,-18372.4453678787,-9517.85014563653,-18372.4339342205,-9515.38758118155,-18372.4225005623,-9512.92501672658,0,1,1,1
20130619102815.daq,21,4,215.566666666667,1,0,left,0.200836181640625,-180.200836181641,12,0.0001,79.3933563232422,580.582845416291,-0.966789960861206,0.518387913703918,0.0557070598006248,-5.77507922363597,-18384.0805004949,-9517.77507852345,-18384.0718685091,-9515.31250265412,-18384.0632365232,-9512.84992678478,0,1,1,1
20130619102815.daq,21,4,215.666666666667,1,0,left,0.137176513671875,-180.137176513672,12,0.0001,79.4678344726563,592.232696281451,-0.92284494638443,0.520037412643433,0.122149154543877,-5.70852560728131,-18395.7254314357,-9517.70772772686,-18395.7195355507,-9515.24514378677,-18395.7136396658,-9512.78255984669,0,1,1,1
20130619102815.daq,21,4,215.766666666667,1,0,left,0.07550048828125,-180.075500488281,12,0.0001,79.5420303344727,603.89344927948,-0.878899931907654,0.519348442554474,0.0651987195014954,-5.65002285491468,-18407.3821253592,-9517.65001819004,-18407.3788803249,-9515.18742933008,-18407.3756352906,-9512.72484047013,0,0,1,0
20130619102815.daq,21,4,215.866666666667,1,0,left,0.02459716796875,-180.024597167969,12,0.0001,79.6159591674805,615.565064500071,-0.395504981279373,0.518898725509644,0.0746903866529465,-5.6038084676741,-18419.0488454221,-9517.60336001922,-18419.0477882279,-9515.14076924815,-18419.0467310338,-9512.67817847708,0,0,1,0
20130619102815.daq,21,4,215.966666666667,1,0,left,0.005889892578125,-180.005889892578,12,0.0001,79.6896896362305,627.24743144391,1.23045992851257,0.519529938697815,0.036723505705595,-5.56768836186232,-18430.7280733197,-9517.56740672902,-18430.7278201702,-9515.10481574403,-18430.7275670207,-9512.64222475905,0,0,1,0
20130619102815.daq,21,4,216.066666666667,1,0,left,0.021240234375,-180.021240234375,12,0.0001,79.7633209228516,638.940679632982,1.88963496685028,0.520165622234344,0.036723505705595,-5.53813856127907,-18442.4198567263,-9517.53813779681,-18442.4189438143,-9515.07554696803,-18442.4180309022,-9512.61295613924,0,0,1,0
20130619102815.daq,21,4,216.166666666667,1,0,left,0.0635986328125,-180.063598632813,12,0.0001,79.8368377685547,650.644719362357,2.28513979911804,0.519627690315247,0.0557070598006248,-5.51514133275439,-18454.1240211504,-9517.51501179824,-18454.1212876613,-9515.05242231733,-18454.1185541722,-9512.58983283643,0,0,1,0
20130619102815.daq,21,4,216.266666666667,1,0,left,0.132049560546875,-180.132049560547,12,0.0001,79.9102172851563,662.359531889109,2.8564248085022,0.518906593322754,0.0746903866529465,-5.49164641642183,-18465.8405405115,-9517.4912479525,-18465.834864984,-9515.0286634947,-18465.8291894565,-9512.56607903689,0,0,1,0
20130619102815.daq,21,4,216.366666666667,1,0,left,0.210205078125,-180.210205078125,12,0.0001,79.9833679199219,674.085090917197,2.76853489875793,0.519030928611755,0.0841822773218155,-5.46460542509165,-18477.567056872,-9517.46395190187,-18477.5580222105,-9515.00137747694,-18477.548987549,-9512.53880305201,0,0,1,0
20130619102815.daq,21,4,216.466666666667,1,0,left,0.295989990234375,-180.295989990234,12,0.0001,80.0562286376953,685.821358587793,2.94431495666504,0.517530202865601,0.036723505705595,-5.43010700001529,-18489.305470544,-9517.42934493006,-18489.2927488558,-9514.96678679225,-18489.2800271675,-9512.50422865444,0,0,1,0
20130619102815.daq,21,4,216.566666666667,1,0,left,0.383209228515625,-180.383209228516,12,0.0001,80.1287841796875,697.568290514664,2.94431495666504,0.517562091350555,0.103165604174137,-5.38559345660524,-18501.053676558,-9517.38488035316,-18501.0372062252,-9514.92234443432,-18501.0207358923,-9512.45980851548,0,0,1,0
20130619102815.daq,21,4,216.666666666667,1,0,left,0.453826904296875,-180.453826904297,12,0.0001,80.2009658813477,709.325836436943,1.84568989276886,0.519375920295715,0.112657263875008,-5.32729335136894,-18512.8131932416,-9517.32679323411,-18512.7936878195,-9514.86427948553,-18512.7741823974,-9512.40176573695,0,0,1,0
20130619102815.daq,21,4,216.766666666667,1,0,left,0.49560546875,-180.49560546875,12,0.0001,80.2729263305664,721.093950662933,0.791009962558746,0.518588781356812,0.036723505705595,-5.25509840321077,-18524.5817770494,-9517.25486728872,-18524.5604760329,-9514.79236841763,-18524.5391750164,-9512.32986954654,0,0,1,0
20130619102815.daq,21,4,216.866666666667,1,0,left,0.51171875,-180.51171875,12,0.0001,80.3447341918945,732.872607549325,0.74706494808197,0.518942296504974,0.122149154543877,-5.17186301022086,-18536.3595081695,-9517.17183692092,-18536.3375146257,-9514.70934413769,-18536.3155210819,-9512.24685135446,0,0,1,0
20130619102815.daq,21,4,216.966666666667,1,0,left,0.514373779296875,-180.514373779297,12,0.0001,80.4164123535156,744.661640274797,0.791009962558746,0.519566833972931,0.0841822773218155,-5.0779881924213,-18548.1466813455,-9517.0779222831,-18548.1245736923,-9514.61543052167,-18548.1024660391,-9512.15293876025,0,0,1,0
20130619102815.daq,21,4,217.066666666667,1,0,left,0.5137939453125,-180.513793945313,12,0.0001,80.4879837036133,756.461323828786,0.791009962558746,0.520079910755157,0.0746903866529465,-4.97703572687138,-18559.9454955376,-9516.97639573874,-18559.9234128049,-9514.51390375371,-18559.9013300721,-9512.05141176868,0,0,1,0
20130619102815.daq,21,4,217.166666666667,1,0,left,0.51129150390625,-180.511291503906,12,0.0001,80.5594253540039,768.27149586588,0.74706494808197,0.518023133277893,0.0841822773218155,-4.86937625200223,-18571.7540291519,-9516.86912903909,-18571.7320539706,-9514.40663609192,-18571.7100787893,-9511.94414314476,0,0,1,0
20130619102815.daq,21,4,217.266666666667,1,0,left,0.510772705078125,-180.510772705078,12,0.0001,80.6307144165039,780.092135778192,0.74706494808197,0.518522679805756,0.131640821695328,-4.75789568703015,-18583.5723760589,-9516.75783308426,-18583.5504231749,-9514.29533993821,-18583.5284702908,-9511.83284679217,0,0,1,0
20130619102815.daq,21,4,217.366666666667,1,0,left,0.5118408203125,-180.511840820313,12,0.0001,80.7017669677734,791.923213632996,0.791009962558746,0.518381953239441,0.112657263875008,-4.64623708252146,-18595.400526728,-9516.64546216393,-18595.3785279379,-9514.18296942756,-18595.3565291477,-9511.72047669119,0,0,1,0
20130619102815.daq,21,4,217.466666666667,1,0,left,0.513916015625,-180.513916015625,12,0.0001,80.7725982666016,803.764696047376,0.791009962558746,0.518378436565399,0.093673937022686,-4.53206363209093,-18607.2404203459,-9516.53205223164,-18607.2183323667,-9514.06956029366,-18607.1962443876,-9511.60706835569,0,0,1,0
20130619102815.daq,21,4,217.566666666667,1,0,left,0.517791748046875,-180.517791748047,12,0.0001,80.8432083129883,815.616551316882,0.74706494808197,0.519034683704376,0.093673937022686,-4.41823462814218,-18619.090122844,-9516.41755408121,-18619.0678682914,-9513.95506364299,-18619.0456137387,-9511.49257320478,0,0,1,0
20130619102815.daq,21,4,217.666666666667,1,0,left,0.519256591796875,-180.519256591797,12,0.0001,80.9136276245117,827.478748483063,0.659174978733063,0.519319534301758,0.112657263875008,-4.30336442621684,-18630.9495330359,-9516.30320543069,-18630.9272155264,-9513.84071556224,-18630.9048980169,-9511.3782256938,0,0,1,0
20130619102815.daq,21,4,217.766666666667,1,0,left,0.512786865234375,-180.512786865234,12,0.0001,80.9838562011719,839.351259571416,0.17577999830246,0.518515765666962,0.093673937022686,-4.18945255087863,-18642.8204713375,-9516.18934881267,-18642.7984318876,-9513.72685643987,-18642.7763924378,-9511.26436406708,0,0,1,0
20130619102815.daq,21,4,217.866666666667,1,0,left,0.494537353515625,-180.494537353516,12,0.0001,81.0538787841797,851.234056047928,-0.131834983825684,0.518063068389893,0.122149154543877,-4.07518703043177,-18654.7008919866,-9516.07426945177,-18654.6796368763,-9513.61177018401,-18654.658381766,-9511.14927091625,0,0,1,0
20130619102815.daq,21,4,217.966666666667,1,0,left,0.46942138671875,-180.469421386719,12,0.0001,81.1237030029297,863.127037111117,-0.131834983825684,0.519062221050262,0.103165604174137,-3.96200321250353,-18666.5909125989,-9515.96156874769,-18666.5707369427,-9513.49906039921,-18666.5505612865,-9511.03655205073,0,0,1,0
20130619102815.daq,21,4,218.066666666667,1,0,left,0.44024658203125,-180.440246582031,12,0.0001,81.1933135986328,875.030314286028,-0.131834983825684,0.519604206085205,0.093673937022686,-3.851129444457,-18678.4906003079,-9515.85107247055,-18678.4716785547,-9513.38855416794,-18678.4527568014,-9510.92603586533,0,0,1,0
20130619102815.daq,21,4,218.166666666667,1,0,left,0.409515380859375,-180.409515380859,12,0.0001,81.2627029418945,886.943784719715,-0.0878899917006493,0.518920063972473,0.093673937022686,-3.74458516555163,-18690.4000151476,-9515.74457852986,-18690.3824141949,-9513.28205043258,-18690.3648132422,-9510.81952233529,0,0,1,0
20130619102815.daq,21,4,218.266666666667,1,0,left,0.380096435546875,-180.380096435547,12,0.0001,81.3318939208984,898.867418106456,-0.0439449958503246,0.518941760063171,0.0746903866529465,-3.64100711822819,-18702.3211794393,-9515.64093257976,-18702.3048428923,-9513.17839576975,-18702.2885063453,-9510.71585895973,0,0,1,0
20130619102815.daq,21,4,218.366666666667,1,0,left,0.353790283203125,-180.353790283203,12,0.0001,81.40087890625,910.801184327032,0.0439449995756149,0.518387615680695,0.0841822773218155,-3.54309427285691,-18714.250230638,-9515.54295282656,-18714.2350247147,-9513.08040877552,-18714.2198187913,-9510.61786472448,0,0,1,0
20130619102815.daq,21,4,218.466666666667,1,0,left,0.331695556640625,-180.331695556641,12,0.0001,81.4696502685547,922.745052329734,0.131834998726845,0.518948614597321,0.0841822773218155,-3.44971003561592,-18726.1911018758,-9515.44959476928,-18726.176845574,-9512.98704503754,-18726.1625892721,-9510.5244953058,0,0,1,0
20130619102815.daq,21,4,218.566666666667,1,0,left,0.312591552734375,-180.312591552734,12,0.0001,81.538215637207,934.698991808847,0.131834998726845,0.519583106040955,0.112657263875008,-3.36095907037341,-18738.1437638571,-9515.36093411846,-18738.1303286384,-9512.89837977016,-18738.1168934198,-9510.43582542186,0,0,1,0
20130619102815.daq,21,4,218.666666666667,1,0,left,0.294158935546875,-180.294158935547,12,0.0001,81.6065902709961,946.662973111386,0.131834998726845,0.518673300743103,0.103165604174137,-3.2781067604121,-18750.1042542366,-9515.27809111767,-18750.0916112467,-9512.81553257456,-18750.0789682567,-9510.35297403145,0,0,1,0
20130619102815.daq,21,4,218.766666666667,1,0,left,0.2757568359375,-180.275756835938,12,0.0001,81.6747817993164,958.636969661569,0.131834998726845,0.518484592437744,0.112657263875008,-3.20041738705478,-18762.0745106152,-9515.20012889614,-18762.0626585436,-9512.7375664194,-18762.050806472,-9510.27500394266,0,0,1,0
20130619102815.daq,21,5,221.016666666667,1,0,right,0.0906982421875,-180.090698242188,12,0.0001,83.1662063598633,0,1.40623998641968,0.518995344638824,0.0462154000997543,2.7270470802118,-19034.0367945017,-9514.20181292247,-19034.0328962638,-9511.7392250099,-19034.0289980259,-9509.27663709732,1,0,0,0
20130619102815.daq,21,5,221.116666666667,1,0,right,0.12091064453125,-180.120910644531,12,0.0001,83.2306518554688,12.2024661466421,1.40623998641968,0.518176198005676,0.093673937022686,2.75006928510237,-19046.2387056863,-9514.17650716523,-19046.2335089119,-9511.71392165058,-19046.2283121374,-9509.25133613593,1,0,0,0
20130619102815.daq,21,5,221.216666666667,1,0,right,0.151947021484375,-180.151947021484,12,0.0001,83.294921875,24.4143721052533,1.40623998641968,0.483393996953964,0.131640821695328,2.77849013639787,-19058.450401633,-9514.14822036236,-19058.4438709089,-9511.68563802403,-19058.4373401848,-9509.2230556857,1,0,0,0
20130619102815.daq,21,5,221.316666666667,1,0,right,0.18194580078125,-180.181945800781,12,0.0001,83.3586120605469,36.6356724638827,1.40623998641968,0.40912714600563,0.112657263875008,2.80973497071201,-19070.6718368602,-9514.11706765772,-19070.6640167844,-9511.65448907626,-19070.6561967086,-9509.19191049481,1,0,0,0
20130619102815.daq,21,5,221.416666666667,1,0,right,0.210784912109375,-180.210784912109,12,0.0001,83.4201049804688,48.866181844769,1.40623998641968,0.35770520567894,0.036723505705595,2.84499921696941,-19082.9010553702,-9514.08110352056,-19082.8919957874,-9511.61852918719,-19082.8829362047,-9509.15595485381,1,0,0,0
20130619102815.daq,21,5,221.516666666667,1,0,right,0.239013671875,-180.239013671875,12,0.0001,83.4709167480469,61.1050960739922,1.40623998641968,0.358116388320923,0.103165604174137,2.88709510165299,-19095.1400237594,-9514.03834086961,-19095.1297509048,-9511.57577129864,-19095.1194780503,-9509.11320172766,1,0,0,0
20130619102815.daq,21,5,221.616666666667,1,0,right,0.268280029296875,-180.268280029297,12,0.0001,83.5038375854492,73.3501334572502,1.40623998641968,0.357956886291504,0.0841822773218155,2.93449906002932,-19107.3848758717,-9513.99063083395,-19107.3733451521,-9511.52806683155,-19107.3618144324,-9509.06550282914,1,0,0,0
20130619102815.daq,21,5,221.716666666667,1,0,right,0.29852294921875,-180.298522949219,12,0.0001,83.5233764648438,85.5989496373513,1.40623998641968,0.357860058546066,0.112657263875008,2.98836365496768,-19119.6336570028,-9513.93700059215,-19119.6208264486,-9511.47444301916,-19119.6079958945,-9509.01188544616,1,0,0,0
20130619102815.daq,21,5,221.816666666667,1,0,right,0.32855224609375,-180.328552246094,12,0.0001,83.5341873168945,97.84994876173,1.40623998641968,0.358062416315079,0.103165604174137,3.04966888675207,-19131.8843850943,-9513.87654725568,-19131.8702638907,-9511.41399674553,-19131.8561426871,-9508.95144623538,1,0,0,0
20130619102815.daq,21,5,221.916666666667,1,0,right,0.358184814453125,-180.358184814453,12,0.0001,83.5388259887695,110.102076471099,1.84568989276886,0.358088284730911,0.103165604174137,3.10998512642481,-19143.1155713613,-9513.81611811309,-19143.1001765633,-9511.35357523557,-19143.0847817652,-9508.89103235805,1,0,0,0
20130619102815.daq,21,5,222.016666666667,1,0,right,0.42236328125,-180.42236328125,12,0.0001,83.5401992797852,122.354636293399,2.90036988258362,0.358216285705566,0.103165604174137,3.18923255290086,-19156.3905596108,-9513.73596985861,-19156.3724064658,-9511.27344577005,-19156.3542533208,-9508.81092168149,1,0,0,0
20130619102815.daq,21,5,222.116666666667,1,0,right,0.504302978515625,-180.504302978516,12,0.0001,83.5373077392578,134.60705596341,3.20798492431641,0.358038634061813,0.103165604174137,3.27223892233926,-19168.6425330511,-9513.65276550571,-19168.6208582271,-9511.19026989649,-19168.599183403,-9508.72777428727,1,0,0,0
20130619102815.daq,21,5,222.216666666667,1,0,right,0.600677490234375,-180.600677490234,12,0.0001,83.5315170288086,146.858826438282,3.12009477615356,0.357688784599304,0.131640821695328,3.36737717221628,-19180.8967979661,-9513.55792056245,-19180.8709811277,-9511.09546489497,-19180.8451642892,-9508.6330092275,1,0,0,0
20130619102815.daq,21,5,222.316666666667,1,0,right,0.69635009765625,-180.696350097656,12,0.0001,83.5237045288086,159.109590670028,2.50486493110657,0.358064323663712,0.122149154543877,3.47656089880828,-19193.1490829706,-9513.44944344287,-19193.1191543567,-9510.98703431734,-19193.0892257427,-9508.52462519181,1,0,0,0
20130619102815.daq,21,5,222.416666666667,1,0,right,0.782135009765625,-180.782135009766,12,0.0001,83.5144958496094,171.359099685491,2.32908487319946,0.357725769281387,0.093673937022686,3.59855885225564,-19205.3991702629,-9513.3269283419,-19205.3655548931,-9510.86456678633,-19205.3319395233,-9508.40220523076,1,0,0,0
20130619102815.daq,21,5,222.516666666667,1,0,right,0.861785888671875,-180.861785888672,12,0.0001,83.5043106079102,183.607183119922,2.32908487319946,0.358142614364624,0.103165604174137,3.73660203901306,-19217.649104512,-9513.18818989746,-19217.6120660744,-9510.72587745231,-19217.5750276368,-9508.26356500715,1,0,0,0
20130619102815.daq,21,5,222.616666666667,1,0,right,0.935211181640625,-180.935211181641,12,0.0001,83.4934387207031,195.853718444952,2.28513979911804,0.358605891466141,0.103165604174137,3.8922680601071,-19229.8949788959,-9513.03225785611,-19229.8547850039,-9510.56999489809,-19229.8145911119,-9508.10773194006,1,0,0,0
20130619102815.daq,21,5,222.716666666667,1,0,right,1.00906372070313,-181.009063720703,12,0.0001,83.4822769165039,208.098633299865,2.28513979911804,0.35790953040123,0.103165604174137,4.06585193344851,-19242.1408574656,-9512.85871889039,-19242.0974898249,-9510.39650978652,-19242.0541221842,-9507.93430068265,1,0,0,0
20130619102815.daq,21,5,222.816666666667,1,0,right,1.08059692382813,-181.080596923828,12,0.0001,83.4710083007813,220.341903440072,2.28513979911804,0.358039051294327,0.112657263875008,4.25610865374759,-19254.3827695589,-9512.66872049348,-19254.3363279095,-9510.20656745261,-19254.2898862601,-9507.74441441175,1,0,0,0
20130619102815.daq,21,5,222.916666666667,1,0,right,1.15249633789063,-181.152496337891,12,0.0001,83.4596481323242,232.583513759342,2.28513979911804,0.358655095100403,0.103165604174137,4.46414662454026,-19266.6246846394,-9512.46111907499,-19266.5751533171,-9509.99902625149,-19266.5256219947,-9507.53693342798,1,0,0,0
20130619102815.daq,21,5,223.016666666667,1,0,right,1.22134399414063,-181.221343994141,12,0.0001,83.4482498168945,244.823453720608,2.2411949634552,0.358308523893356,0.093673937022686,4.68564617151094,-19278.8626168666,-9512.23905724629,-19278.810127085,-9509.77702571801,-19278.7576373034,-9507.31499418972,1,0,0,0
20130619102815.daq,21,5,223.116666666667,1,0,right,1.29110717773438,-181.291107177734,12,0.0001,83.4368362426758,257.061721365659,2.2411949634552,0.358327239751816,0.0272318441420794,4.92384834237903,-19291.1005651676,-9512.00033486566,-19291.0450776628,-9509.53836907381,-19290.989590158,-9507.07640328196,1,0,0,0
20130619102815.daq,21,5,223.216666666667,1,0,right,1.35867309570313,-181.358673095703,12,0.0001,83.4253616333008,269.298311099585,2.2411949634552,0.358067542314529,0.093673937022686,5.17676281818842,-19303.3345511424,-9511.74709909541,-19303.2761604093,-9509.28520044889,-19303.2177696762,-9506.82330180238,1,0,0,0
20130619102815.daq,21,5,223.316666666667,1,0,right,1.42886352539063,-181.428863525391,12,0.0001,83.4138717651367,281.533216022013,2.2411949634552,0.358229041099548,0.0841822773218155,5.44460163406965,-19315.5685926109,-9511.47904931484,-19315.5071859633,-9509.01722404747,-19315.4457793157,-9506.5553987801,1,0,0,0
20130619102815.daq,21,5,223.416666666667,1,0,right,1.49615478515625,-181.496154785156,12,0.0001,83.4023666381836,293.766434640958,2.2411949634552,0.358365774154663,0.036723505705595,5.72797733638308,-19327.7986558965,-9511.19555350095,-19327.7343579913,-9508.7338020507,-19327.6700600862,-9506.27205060045,0,1,0,1
20130619102815.daq,21,5,223.516666666667,1,0,right,1.56613159179688,-181.566131591797,12,0.0001,83.3908996582031,305.997968728152,2.2411949634552,0.358148962259293,0.0841822773218155,6.02620861993258,-19340.0268225915,-9510.8972397481,-19339.9595181347,-9508.43556866253,-19339.892213678,-9505.97389757696,0,1,0,1
20130619102815.daq,21,5,223.616666666667,1,0,right,1.63217163085938,-181.632171630859,12,0.0001,83.3794403076172,318.227821454035,2.19724988937378,0.35843750834465,0.0841822773218155,6.33889143262969,-19352.2548941428,-9510.58452152411,-19352.1847523696,-9508.12292964992,-19352.1146105964,-9505.66133777572,0,1,0,1
20130619102815.daq,21,5,223.716666666667,1,0,right,1.69467163085938,-181.694671630859,12,0.0001,83.368049621582,330.455998040514,1.7577999830246,0.357980221509933,0.112657263875008,6.6660038418927,-19364.4789741728,-9510.25737435315,-19364.4061472617,-9507.79586045629,-19364.3333203506,-9505.33434655943,0,1,0,1
20130619102815.daq,21,5,223.816666666667,1,0,right,1.73245239257813,-181.732452392578,12,0.0001,83.3567352294922,342.682509024649,0.703119993209839,0.357694268226624,0.0651987195014954,7.00629275271763,-19376.7005358957,-9509.91712244381,-19376.6260858815,-9507.45565710406,-19376.5516358674,-9504.9941917643,0,1,0,1
20130619102815.daq,21,5,223.916666666667,1,0,right,1.73309326171875,-181.733093261719,12,0.0001,83.3454742431641,354.907364011044,-0.439449965953827,0.357600420713425,0.093673937022686,7.35706991431393,-19388.9193004465,-9509.56649644733,-19388.8448229002,-9507.10503194047,-19388.7703453539,-9504.64356743362,0,1,0,1
20130619102815.daq,21,5,224.016666666667,1,0,right,1.70074462890625,-181.700744628906,12,0.0001,83.334342956543,367.13057717343,-0.92284494638443,0.357922285795212,0.0746903866529465,7.71541759910176,-19401.1334091666,-9509.2081667061,-19401.0603213506,-9506.74666054227,-19400.9872335347,-9504.28515437843,0,1,0,1
20130619102815.daq,21,5,224.116666666667,1,0,right,1.6373291015625,-181.637329101563,12,0.0001,83.3233795166016,379.352169119698,-1.53807497024536,0.359032511711121,0.093673937022686,8.07666638546867,-19413.3468086687,-9508.84689465802,-19413.276445316,-9506.3853091076,-19413.2060819633,-9503.92372355718,0,1,0,1
20130619102815.daq,21,5,224.216666666667,1,0,right,1.54962158203125,-181.549621582031,12,0.0001,83.3125152587891,391.572162136217,-2.19724988937378,0.35844025015831,0.112657263875008,8.4374868473448,-19425.5557414609,-9508.48616121961,-19425.4891463474,-9506.02447084219,-19425.4225512339,-9503.56278046477,0,1,0,1
20130619102815.daq,21,5,224.316666666667,1,0,right,1.42874145507813,-181.428741455078,12,0.0001,83.301643371582,403.790561817885,-3.25192975997925,0.358047872781754,0.103165604174137,8.79046802223722,-19437.7619491738,-9508.13335380531,-19437.7005477713,-9505.67152840712,-19437.6391463687,-9503.20970300892,0,1,0,1
20130619102815.daq,21,5,224.416666666667,1,0,right,1.2318115234375,-181.231811523438,12,0.0001,83.2904891967773,416.007353431458,-6.24018955230713,0.357097655534744,0.112657263875008,9.12810788654351,-19449.9644228014,-9507.79602226236,-19449.9114832251,-9505.33400036467,-19449.8585436488,-9502.87197846698,0,1,0,1
20130619102815.daq,21,5,224.516666666667,1,0,right,0.960205078125,-180.960205078125,12,0.0001,83.2782440185547,428.222437014691,-7.60248470306396,0.357869535684586,0.112657263875008,9.44166387749008,-19462.1631458559,-9507.48285191552,-19462.1218778652,-9505.02060672538,-19462.0806098745,-9502.55836153524,0,1,0,1
20130619102815.daq,21,5,224.616666666667,1,0,right,0.62481689453125,-180.624816894531,12,0.0001,83.2649459838867,440.435644627265,-7.69037485122681,0.357927709817886,0.112657263875008,9.72100577481842,-19474.3583129368,-9507.20388361336,-19474.3314586383,-9504.74143904138,-19474.3046043399,-9502.27899446939,0,1,0,1
20130619102815.daq,21,5,224.716666666667,1,0,right,0.253814697265625,-180.253814697266,12,0.0001,83.2503204345703,452.646811779068,-7.69037485122681,0.357147932052612,0.103165604174137,9.95413087953238,-19486.5505399492,-9506.97101847618,-19486.5396309477,-9504.50845164113,-19486.5287219462,-9502.04588480607,0,1,0,1
20130619102815.daq,21,5,224.816666666667,1,0,right,-0.134979248046875,-179.865020751953,12,0.0001,83.2339859008789,464.855709825097,-7.64642953872681,0.358081221580505,0.093673937022686,10.1333063642556,-19498.7402253123,-9506.79192773739,-19498.7460267584,-9504.32934357301,-19498.7518282044,-9501.86675940863,0,1,0,1
20130619102815.daq,21,5,224.916666666667,1,0,right,-0.5203857421875,-179.479614257813,12,0.0001,83.2160186767578,477.062086062284,-6.72358465194702,0.359038501977921,0.093673937022686,10.2500428954874,-19510.9259267388,-9506.6750632044,-19510.9482927776,-9504.21257377625,-19510.9706588164,-9501.7500843481,0,1,0,1
20130619102815.daq,21,5,225.016666666667,1,0,right,-0.87060546875,-179.12939453125,12,0.0001,83.1973190307617,489.265762013245,-5.2733998298645,0.357239842414856,0.0841822773218155,10.2985228817357,-19523.1123672076,-9506.62628538966,-19523.1497846702,-9504.16397867502,-19523.1872021329,-9501.70167196039,0,1,0,1
20130619102815.daq,21,5,225.116666666667,1,0,right,-1.17303466796875,-178.826965332031,12,0.0001,83.1787490844727,501.466696368963,-3.77926993370056,0.3580581843853,0.122149154543877,10.2766255548886,-19535.297959426,-9506.64776723848,-19535.3483733106,-9504.18569232823,-19535.3987871952,-9501.72361741799,0,1,1,1
20130619102815.daq,21,5,225.216666666667,1,0,right,-1.41049194335938,-178.589508056641,12,0.0001,83.1609573364258,513.664954869535,-2.41697478294373,0.358195930719376,0.093673937022686,10.1854677052378,-19547.4831986014,-9506.73847676143,-19547.5438158748,-9504.2766319309,-19547.6044331483,-9501.81478710037,0,1,1,1
20130619102815.daq,21,5,225.316666666667,1,0,right,-1.59368896484375,-178.406311035156,12,0.0001,83.1444320678711,525.860695477691,-1.71385490894318,0.358602613210678,0.0557070598006248,10.0302658355354,-19559.6658995951,-9506.89322962884,-19559.7343880263,-9504.43159119921,-19559.8028764575,-9501.96995276958,0,1,1,1
20130619102815.daq,21,5,225.416666666667,1,0,right,-1.72857666015625,-178.271423339844,12,0.0001,83.1293029785156,538.054111683796,-0.878899931907654,0.358466118574142,0.093673937022686,9.81753125728413,-19571.8478900947,-9507.10556655613,-19571.9221736047,-9504.64409618588,-19571.9964571146,-9502.18262581564,0,1,1,1
20130619102815.daq,21,5,225.516666666667,1,0,right,-1.81710815429688,-178.182891845703,12,0.0001,83.1157379150391,550.245426164944,-0.175779983401299,0.359214574098587,0.122149154543877,9.55597140930997,-19584.0310922624,-9507.36682652747,-19584.1091790626,-9504.90547387597,-19584.1872658628,-9502.44412122446,0,1,1,1
20130619102815.daq,21,5,225.616666666667,1,0,right,-1.8697509765625,-178.130249023438,12,0.0001,83.1033325195313,562.434840617363,0.26366999745369,0.358996659517288,0.0746903866529465,9.25372301981597,-19596.2113347162,-9507.66886424893,-19596.2916829508,-9505.20758438174,-19596.3720311853,-9502.74630451455,0,1,1,1
20130619102815.daq,21,5,225.716666666667,1,0,right,-1.8829345703125,-178.117065429688,12,0.0001,83.0918426513672,574.62250442494,1.18651497364044,0.358489036560059,0.122149154543877,8.92180018242208,-19608.3906716038,-9508.00072252978,-19608.4715861697,-9505.53946121564,-19608.5525007355,-9503.0781999015,0,1,1,1
20130619102815.daq,21,5,225.816666666667,1,0,right,-1.8563232421875,-178.143676757813,12,0.0001,83.0812149047852,586.808547296139,2.10935997962952,0.358036637306213,0.122149154543877,8.56905490749053,-19620.5691135063,-9508.35359256632,-19620.6488849176,-9505.89229393646,-19620.7286563289,-9503.43099530659,0,1,1,1
20130619102815.daq,21,5,225.916666666667,1,0,right,-1.78973388671875,-178.210266113281,12,0.0001,83.0712127685547,598.993079730291,3.07614994049072,0.358850598335266,0.093673937022686,8.20530134140471,-19632.7486150208,-9508.71769609249,-19632.825525849,-9506.25630641429,-19632.9024366772,-9503.79491673609,0,1,1,1
20130619102815.daq,21,5,226.016666666667,1,0,right,-1.67544555664063,-178.324554443359,12,0.0001,83.0618133544922,611.176188728114,4.65816974639893,0.358377575874329,0.0651987195014954,7.83888431412733,-19644.9293713597,-9509.08474559137,-19645.0013722853,-9506.62320739541,-19645.0733732109,-9504.16166919946,0,1,1,1
20130619102815.daq,21,5,226.116666666667,1,0,right,-1.50872802734375,-178.491271972656,12,0.0001,83.0526351928711,623.357946090851,5.80073976516724,0.359123557806015,0.036723505705595,7.47914062585446,-19657.1095359232,-9509.44467880318,-19657.1743740446,-9506.98294152202,-19657.239212166,-9504.52120424086,0,1,1,1
20130619102815.daq,21,5,226.216666666667,1,0,right,-1.29150390625,-178.70849609375,12,0.0001,83.04296875,635.538325242724,6.59174966812134,0.359426021575928,0.0746903866529465,7.13518286559654,-19669.2909839068,-9509.7888124388,-19669.3464884588,-9507.32684703121,-19669.4019930108,-9504.86488162363,0,1,1,1
20130619102815.daq,21,5,226.316666666667,1,0,right,-1.03140258789063,-178.968597412109,12,0.0001,83.0325393676758,647.717233494852,7.20697975158691,0.358498215675354,0.122149154543877,6.81656019400816,-19681.4754372169,-9510.107834091,-19681.5197648371,-9507.64564208274,-19681.5640924573,-9505.18345007449,0,1,1,1
20130619102815.daq,21,5,226.416666666667,1,0,right,-0.747833251953125,-179.252166748047,12,0.0001,83.0212173461914,659.894549158107,6.81147480010986,0.359179526567459,0.093673937022686,6.53381168214355,-19693.6584610984,-9510.39120335551,-19693.690602299,-9507.92882211641,-19693.7227434997,-9505.46644087732,0,1,1,1
20130619102815.daq,21,5,226.516666666667,1,0,right,-0.471343994140625,-179.528656005859,12,0.0001,83.0091094970703,672.070140565811,5.75679492950439,0.359387278556824,0.0746903866529465,6.29186354252077,-19705.8412210891,-9510.63395742047,-19705.8614793768,-9508.17144975039,-19705.8817376645,-9505.70894208031,0,1,1,1
20130619102815.daq,21,5,226.616666666667,1,0,right,-0.218109130859375,-179.781890869141,12,0.0001,82.9964752197266,684.243915402065,4.96578454971313,0.357826501131058,0.122149154543877,6.09514918277236,-19718.0233220336,-9510.83026131326,-19718.0326964114,-9508.36768815811,-19718.0420707892,-9505.90511500296,0,1,1,1
20130619102815.daq,21,5,226.716666666667,1,0,right,0.001129150390625,-180.001129150391,12,0.0001,82.9837417602539,696.415825177723,4.04293966293335,0.359100192785263,0.0746903866529465,5.94831533809442,-19730.202565672,-9510.97688060011,-19730.2025171407,-9508.51428960259,-19730.2024686095,-9506.05169860507,0,1,1,1
20130619102815.daq,21,5,226.816666666667,1,0,right,0.186004638671875,-180.186004638672,12,0.0001,82.9711151123047,708.585872037504,3.16403985023499,0.359251856803894,0.112657263875008,5.85041318548654,-19742.378967089,-9511.07482434685,-19742.370972564,-9508.61224632555,-19742.362978039,-9506.14966830424,0,1,1,1
20130619102815.daq,21,5,226.916666666667,1,0,right,0.312774658203125,-180.312774658203,12,0.0001,82.9596099853516,720.754113329138,1.7577999830246,0.3581323325634,0.103165604174137,5.79804432716648,-19754.5519714218,-9511.12752434208,-19754.5385283334,-9508.66497003673,-19754.5250852449,-9506.20241573138,0,1,1,1
20130619102815.daq,21,5,227.016666666667,1,0,right,0.387542724609375,-180.387542724609,12,0.0001,82.9479370117188,732.920657127499,0.483394980430603,0.359843254089355,0.093673937022686,5.78721268443022,-19766.7197969166,-9511.13851811667,-19766.7031403329,-9508.67598345059,-19766.6864837492,-9506.21344878451,0,1,1,1
20130619102815.daq,21,5,227.116666666667,1,0,right,0.412384033203125,-180.412384033203,12,0.0001,82.9375534057617,745.085609828973,0.0878899991512299,0.358849138021469,0.0841822773218155,5.80876356362601,-19778.8844593989,-9511.11647108093,-19778.8667351538,-9508.65394386798,-19778.8490109087,-9506.19141665502,0,1,1,1
20130619102815.daq,21,5,227.216666666667,1,0,right,0.4049072265625,-180.404907226563,12,0.0001,82.9280700683594,757.249107109928,-0.131834983825684,0.379307270050049,0.093673937022686,5.85500102997759,-19791.0463882598,-9511.07005938802,-19791.028985362,-9508.6075298831,-19791.0115824643,-9506.14500037818,0,1,1,1
20130619102815.daq,21,5,227.316666666667,1,0,right,0.369140625,-180.369140625,12,0.0001,82.9207382202148,769.411333229138,-0.791009962558746,0.386324137449265,0.093673937022686,5.91933160719549,-19803.2056801527,-9511.00586912176,-19803.1898144799,-9508.54332923297,-19803.1739488071,-9506.08078934419,0,1,1,1
20130619102815.daq,21,5,227.416666666667,1,0,right,0.307159423828125,-180.307159423828,12,0.0001,82.9188995361328,781.572859239608,-1.53807497024536,0.385781079530716,0.0651987195014954,5.99308667295078,-19815.3623821279,-9510.93255956115,-19815.3491803805,-9508.47000395015,-19815.3359786331,-9506.00744833914,0,1,1,1
20130619102815.daq,21,5,227.516666666667,1,0,right,0.227508544921875,-180.227508544922,12,0.0001,82.922004699707,793.734513932821,-1.66990995407104,0.386053055524826,0.0746903866529465,6.06828725779991,-19827.5186500577,-9510.8574123166,-19827.5088716931,-9508.39484073246,-19827.4990933285,-9505.93226914832,0,1,1,1
20130619102815.daq,21,5,227.616666666667,1,0,right,0.13812255859375,-180.138122558594,12,0.0001,82.9275131225586,805.896818473906,-1.66990995407104,0.386346250772476,0.0841822773218155,6.13853796061821,-19839.6746733033,-9510.78677077552,-19839.6687367571,-9508.32418693312,-19839.6628002109,-9505.86160309072,0,1,1,1
20130619102815.daq,21,5,227.716666666667,1,0,right,0.0478515625,-180.0478515625,12,0.0001,82.9344177246094,818.060041977653,-1.71385490894318,0.38687339425087,0.0746903866529465,6.1992342188069,-19851.8306662123,-9510.72594615689,-19851.828609537,-9508.26335601772,-19851.8265528617,-9505.80076587856,0,1,1,1
20130619102815.daq,21,5,227.816666666667,1,0,right,-0.0435791015625,-179.956420898438,12,0.0001,82.9421920776367,830.224346602969,-1.71385490894318,0.386809825897217,0.093673937022686,6.24739613713147,-19863.9905280164,-9510.67788499852,-19863.99240106,-9508.21529471284,-19863.9942741036,-9505.75270442716,0,1,1,1
20130619102815.daq,21,5,227.916666666667,1,0,right,-0.131622314453125,-179.868377685547,12,0.0001,82.9501342773438,842.389828022682,-1.66990995407104,0.387046247720718,0.093673937022686,6.28034801796989,-19876.1504645734,-9510.64523612287,-19876.1561217377,-9508.18265162281,-19876.1617789021,-9505.72006712275,0,1,1,1
20130619102815.daq,21,5,228.016666666667,1,0,right,-0.2139892578125,-179.786010742188,12,0.0001,82.9591369628906,854.556552909373,-1.01073491573334,0.387231558561325,0.0841822773218155,6.29603872901524,-19888.310533653,-9510.62981180874,-19888.3197309586,-9508.16723798589,-19888.3289282643,-9505.70466416304,0,1,1,1
20130619102815.daq,21,5,228.116666666667,1,0,right,-0.275146484375,-179.724853515625,12,0.0001,82.9681777954102,866.724578331046,-0.439449965953827,0.387043684720993,0.0841822773218155,6.29571064525457,-19900.473076513,-9510.62967814194,-19900.4849023518,-9508.16711553909,-19900.4967281906,-9505.70455293624,0,1,1,1
20130619102815.daq,21,5,228.216666666667,1,0,right,-0.323822021484375,-179.676177978516,12,0.0001,82.9775238037109,878.893955108055,-0.527339935302734,0.386228233575821,0.036723505705595,6.27782224729592,-19912.6398328917,-9510.64732804869,-19912.6537507921,-9508.18477638111,-19912.6676686924,-9505.72222471354,0,1,1,1
20130619102815.daq,21,5,228.316666666667,1,0,right,-0.36712646484375,-179.632873535156,12,0.0001,82.9870529174805,891.064717369307,-0.659174978733063,0.387541621923447,0.0746903866529465,6.24677015741233,-19924.8067209063,-9510.67831776723,-19924.8225000117,-9508.21577732223,-19924.838279117,-9505.75323687722,0,1,1,1
20130619102815.daq,21,5,228.416666666667,1,0,right,-0.408905029296875,-179.591094970703,12,0.0001,82.9966888427734,903.236884323967,-0.659174978733063,0.38662052154541,0.112657263875008,6.20232198202254,-19936.9736450899,-9510.72288452649,-19936.9912198101,-9508.26035624185,-19937.0087945304,-9505.79782795721,0,1,1,1
20130619102815.daq,21,5,228.516666666667,1,0,right,-0.45037841796875,-179.549621582031,12,0.0001,83.0064849853516,915.410477139412,-0.659174978733063,0.387284427881241,0.112657263875008,6.14631280458548,-19949.1444812971,-9510.77915047551,-19949.1638385067,-9508.31663555741,-19949.1831957164,-9505.85412063931,0,1,1,1
20130619102815.daq,21,5,228.616666666667,1,0,right,-0.4927978515625,-179.507202148438,12,0.0001,83.0163421630859,927.585511388115,-0.659174978733063,0.387914091348648,0.0557070598006248,6.07863967161109,-19961.3152918956,-9510.84719267807,-19961.3364722443,-9508.38469276614,-19961.357652593,-9505.92219285421,0,1,1,1
20130619102815.daq,21,5,228.716666666667,1,0,right,-0.535064697265625,-179.464935302734,12,0.0001,83.0262451171875,939.761994156961,-0.703119933605194,0.386676877737045,0.112657263875008,6.00041772948075,-19973.4880575244,-9510.92499032359,-19973.5110544426,-9508.46250670634,-19973.5340513608,-9506.0000230891,0,1,1,1
20130619102815.daq,21,5,228.816666666667,1,0,right,-0.579803466796875,-179.420196533203,12,0.0001,83.0361862182617,951.939933745045,-0.703119933605194,0.38764950633049,0.093673937022686,5.91337276394574,-19985.6607589233,-9511.01172837111,-19985.6856786371,-9508.54926346145,-19985.710598351,-9506.08679855179,0,1,1,1
20130619102815.daq,21,5,228.916666666667,1,0,right,-0.616851806640625,-179.383148193359,12,0.0001,83.0456619262695,964.119322133003,-0.351559966802597,0.387845247983932,0.0841822773218155,5.82596961021125,-19996.821933625,-9511.09896896846,-19996.8484456015,-9508.63652068707,-19996.874957578,-9506.17407240568,0,1,1,1
20130619102815.daq,21,5,229.016666666667,1,0,right,-0.64849853515625,-179.351501464844,12,0.0001,83.0560150146484,976.300163983269,-0.0439449958503246,0.388035207986832,0.0557070598006248,5.71262394215093,-20010.0144934339,-9511.21224390221,-20010.042365514,-9508.74981064005,-20010.0702375942,-9506.28737737789,0,1,1,1
20130619102815.daq,21,5,229.116666666667,1,0,right,-0.67291259765625,-179.327087402344,12,0.0001,83.0659408569336,988.482469086914,-0.0439449958503246,0.388455390930176,0.0651987195014954,5.59984348019272,-20022.1916102441,-9511.32507360279,-20022.2205315787,-9508.86265244063,-20022.2494529133,-9506.40023127848,0,0,1,0
20130619102815.daq,21,5,229.216666666667,1,0,right,-0.692718505859375,-179.307281494141,12,0.0001,83.0758285522461,1000.66622634738,0.0878899991512299,0.388369470834732,0.0651987195014954,5.48059780122712,-20034.3727493996,-9511.44445562506,-20034.402521938,-9508.98204460751,-20034.4322944764,-9506.51963358995,0,0,1,0
20130619102815.daq,21,5,229.316666666667,1,0,right,-0.69873046875,-179.30126953125,12,0.0001,83.0857391357422,1012.85143539168,0.703119993209839,0.388180643320084,0.0557070598006248,5.35450642629591,-20046.5542377233,-9511.57080185754,-20046.5842686387,-9509.10839397752,-20046.6142995542,-9506.64598609751,0,0,1,0
20130619102815.daq,21,5,229.416666666667,1,0,right,-0.68951416015625,-179.310485839844,12,0.0001,83.0956726074219,1025.03809976325,1.2744048833847,0.388094931840897,0.0462154000997543,5.2245739328646,-20058.7380649346,-9511.70109452382,-20058.7676997592,-9509.23868184504,-20058.7973345839,-9506.77626916626,0,0,1,0
20130619102815.daq,21,5,229.516666666667,1,0,right,-0.65667724609375,-179.343322753906,12,0.0001,83.1056289672852,1037.22622263253,1.88963496685028,0.38775047659874,0.0841822773218155,5.092803689388,-20070.926395996,-9511.83286414684,-20070.9546195769,-9509.37043488838,-20070.9828431579,-9506.90800562992,0,0,1,0
20130619102815.daq,21,5,229.616666666667,1,0,right,-0.607421875,-179.392578125,12,0.0001,83.1155700683594,1049.41580483877,2.0654149055481,0.387412875890732,0.103165604174137,4.96081408142098,-20083.1151404177,-9511.9645997204,-20083.1412471158,-9509.50214710893,-20083.167353814,-9507.03969449746,0,0,1,0
20130619102815.daq,21,5,229.716666666667,1,0,right,-0.550567626953125,-179.449432373047,12,0.0001,83.1254501342773,1061.60684153303,1.80174493789673,0.387605428695679,-0.0107350340113044,4.83228494399757,-20095.3040735834,-9512.09293681645,-20095.3277367926,-9509.63045951179,-20095.3514000018,-9507.16798220713,0,0,1,0
20130619102815.daq,21,5,229.816666666667,1,0,right,-0.502227783203125,-179.497772216797,12,0.0001,83.1352920532227,1073.79932367024,1.36229491233826,0.38702118396759,0.093673937022686,4.7091855343755,-20107.4966956391,-9512.21593740119,-20107.518281274,-9509.75344100855,-20107.5398669089,-9507.2909446159,0,0,1,0
20130619102815.daq,21,5,229.916666666667,1,0,right,-0.46331787109375,-179.536682128906,12,0.0001,83.144660949707,1085.99324052682,1.23045992851257,0.386517733335495,0.131640821695328,4.6021628859516,-20118.6754068214,-9512.3229162201,-20118.6953201552,-9509.86040573635,-20118.715233489,-9507.3978952526,0,0,1,0
20130619102815.daq,21,5,230.016666666667,1,0,right,-0.429962158203125,-179.570037841797,12,0.0001,83.1547470092773,1098.18858445642,1.14256989955902,0.387421250343323,0.0841822773218155,4.48407320455407,-20131.8852272736,-9512.44097874193,-20131.9037070118,-9509.97845708259,-20131.9221867499,-9507.51593542325,0,0,1,0
20130619102815.daq,21,5,230.116666666667,1,0,right,-0.4022216796875,-179.597778320313,12,0.0001,83.1644058227539,1110.38535023713,1.14256989955902,0.386829972267151,0.103165604174137,4.38325236674646,-20144.0812341911,-9512.54180865892,-20144.098521666,-9510.07927834101,-20144.115809141,-9507.61674802309,0,0,1,0
20130619102815.daq,21,5,230.216666666667,1,0,right,-0.376495361328125,-179.623504638672,12,0.0001,83.1740570068359,1122.58353255378,1.14256989955902,0.386641621589661,0.141132473945618,4.29112018869598,-20156.2771899492,-9512.63397330948,-20156.2933717243,-9510.17143547756,-20156.3095534993,-9507.70889764566,0,0,1,0
20130619102815.daq,21,5,230.316666666667,1,0,right,-0.354034423828125,-179.645965576172,12,0.0001,83.1836853027344,1134.78312879543,1.09862494468689,0.386412113904953,0.093673937022686,4.20562693667714,-20168.476969728,-9512.71950301115,-20168.4921861444,-9510.25695902492,-20168.5074025608,-9507.7944150387,0,0,1,0
20130619102815.daq,21,5,230.416666666667,1,0,right,-0.331451416015625,-179.668548583984,12,0.0001,83.1932830810547,1146.98413476589,1.09862494468689,0.386548429727554,0.131640821695328,4.12601104842046,-20180.6767520087,-9512.7991655925,-20180.6909978176,-9510.33661580004,-20180.7052436264,-9507.87406600757,0,0,1,0
20130619102815.daq,21,5,230.516666666667,1,0,right,-0.30841064453125,-179.691589355469,12,0.0001,83.2028350830078,1159.18654487027,1.14256989955902,0.388101428747177,0.0746903866529465,4.05327059147,-20192.8765451468,-9512.87196378918,-20192.8898006713,-9510.40940846707,-20192.9030561958,-9507.94685314495,0,0,1,0
20130619102815.daq,21,5,230.616666666667,1,0,right,-0.28729248046875,-179.712707519531,12,0.0001,83.2123565673828,1171.39035258118,1.01073491573334,0.387101322412491,0.0841822773218155,3.9852684897994,-20205.0801961041,-9512.93999750682,-20205.0925439754,-9510.47743746624,-20205.1048918467,-9508.01487742565,0,0,1,0
20130619102815.daq,21,5,230.716666666667,1,0,right,-0.271514892578125,-179.728485107422,12,0.0001,83.2219085693359,1183.59555939059,0.878899991512299,0.387010306119919,0.0841822773218155,3.92279276715339,-20217.2837137386,-9513.0025010416,-20217.2953834922,-9510.53993769413,-20217.3070532457,-9508.07737434667,0,0,1,0
20130619102815.daq,21,5,230.816666666667,1,0,right,-0.255645751953125,-179.744354248047,12,0.0001,83.2314224243164,1195.80216520525,0.703119993209839,0.38742658495903,0.0841822773218155,3.864211537088,-20229.4891865062,-9513.06109257115,-20229.5001742062,-9510.59852608598,-20229.5111619063,-9508.13595960081,0,0,1,0
20130619102815.daq,21,5,230.916666666667,1,0,right,-0.25384521484375,-179.746154785156,12,0.0001,83.2408599853516,1208.01016060709,0.219724997878075,0.391129165887833,0.103165604174137,3.80963161312462,-20241.6943093908,-9513.11566901003,-20241.705219704,-9510.65310218079,-20241.7161300171,-9508.19053535154,0,0,1,0
20130619102815.daq,21,5,231.016666666667,1,0,right,-0.264190673828125,-179.735809326172,12,0.0001,83.2504348754883,1220.21954578258,-0.219724982976913,0.392718285322189,0.0841822773218155,3.75718702681202,-20253.90303654,-9513.16806493421,-20253.9143914998,-9510.7055001151,-20253.9257464595,-9508.24293529599,0,0,1,0
20130619102815.daq,21,5,231.116666666667,1,0,right,-0.292724609375,-179.707275390625,12,0.0001,83.2605819702148,1232.43037267109,-0.57128494977951,0.393052488565445,0.0462154000997543,3.70557824785047,-20266.1093577353,-9513.21962936441,-20266.1219390783,-9510.75707050557,-20266.1345204212,-9508.29451164674,0,0,1,0
20130619102815.daq,21,5,231.216666666667,1,0,right,-0.3316650390625,-179.668334960938,12,0.0001,83.2713775634766,1244.64273731843,-0.74706494808197,0.393001168966293,0.093673937022686,3.65330293011571,-20278.3193248056,-9513.27183501211,-20278.3335797959,-9510.80928527278,-20278.3478347861,-9508.34673553345,0,0,1,0
20130619102815.daq,21,5,231.316666666667,1,0,right,-0.37542724609375,-179.624572753906,12,0.0001,83.2826309204102,1256.8567215034,-0.615229964256287,0.392998725175858,0.0841822773218155,3.59781707049529,-20290.5291697659,-9513.32726685708,-20290.545305634,-9510.86472872394,-20290.5614415021,-9508.40219059079,0,0,1,0
20130619102815.daq,21,5,231.416666666667,1,0,right,-0.42303466796875,-179.576965332031,12,0.0001,83.294189453125,1269.07238042905,-0.615229964256287,0.393045157194138,0.103165604174137,3.53723254520012,-20302.7408695145,-9513.38781758211,-20302.7590515152,-9510.92529370643,-20302.7772335158,-9508.46276983076,0,0,1,0
20130619102815.daq,21,5,231.516666666667,1,0,right,-0.466949462890625,-179.533050537109,12,0.0001,83.305908203125,1281.28974701206,-0.615229964256287,0.392880082130432,0.112657263875008,3.47106253036029,-20314.9546125965,-9513.45399926673,-20314.9746820122,-9510.9914900501,-20314.9947514278,-9508.52898083347,0,0,1,0
20130619102815.daq,21,5,231.616666666667,1,0,right,-0.5118408203125,-179.488159179688,12,0.0001,83.3177490234375,1293.5088420468,-0.615229964256287,0.392844825983047,0.103165604174137,3.39707108490944,-20327.1683290595,-9513.52805273415,-20327.1903278497,-9511.06555999778,-20327.2123266399,-9508.60306726141,0,0,1,0
20130619102815.daq,21,5,231.716666666667,1,0,right,-0.556549072265625,-179.443450927734,12,0.0001,83.3296127319336,1305.72967625684,-0.659174978733063,0.392996698617935,0.093673937022686,3.3144120835541,-20339.3859542183,-9513.61088310977,-20339.4098744999,-9511.14840828887,-20339.4337947815,-9508.68593346798,0,0,1,0
20130619102815.daq,21,5,231.816666666667,1,0,right,-0.600433349609375,-179.399566650391,12,0.0001,83.3414993286133,1317.95225206664,-0.659174978733063,0.393613815307617,0.131640821695328,3.22311622551589,-20351.6035980196,-9513.70245096941,-20351.6294043654,-9511.23999519195,-20351.6552107111,-9508.77753941449,0,0,1,0
20130619102815.daq,21,5,231.916666666667,1,0,right,-0.64544677734375,-179.354553222656,12,0.0001,83.353401184082,1330.1765719939,-0.659174978733063,0.393539696931839,0.141132473945618,3.1259445327189,-20363.3153518345,-9513.79897024926,-20363.3430927575,-9511.33653550604,-20363.3708336804,-9508.87410076282,0,0,1,0
20130619102815.daq,21,5,232.016666666667,1,0,right,-0.68780517578125,-179.312194824219,12,0.0001,83.3653182983398,1342.40263902257,-0.659174978733063,0.392950773239136,0.0651987195014954,3.01248723059492,-20376.0467019654,-9513.91388005963,-20376.0762633426,-9511.45146649802,-20376.1058247199,-9508.98905293641,0,0,1,0
20130619102815.daq,21,5,232.116666666667,1,0,right,-0.73065185546875,-179.269348144531,12,0.0001,83.3772048950195,1354.63045240666,-0.659174978733063,0.393060088157654,0.0651987195014954,2.89201069723458,-20388.2702252827,-9514.03370190592,-20388.3016280829,-9511.57131113929,-20388.3330308831,-9509.10892037266,0,0,1,0
20130619102815.daq,21,5,232.216666666667,1,0,right,-0.774627685546875,-179.225372314453,12,0.0001,83.389045715332,1366.86000617828,-0.659174978733063,0.393429070711136,0.0841822773218155,2.76280975031603,-20400.4937179307,-9514.16238139302,-20400.527010663,-9511.70001545405,-20400.5603033954,-9509.23764951508,0,0,1,0
20130619102815.daq,21,5,232.316666666667,1,0,right,-0.817962646484375,-179.182037353516,12,0.0001,83.4008178710938,1379.09129110583,-0.659174978733063,0.393699139356613,0.103165604174137,2.63596162962482,-20412.7211310738,-9514.30078627559,-20412.7562861768,-9511.83844622146,-20412.7914412798,-9509.37610616733,0,0,1,0
20130619102815.daq,21,6,293.466666666667,-2,0,left,-4.24380493164063,-175.756195068359,12,0.0001,66.8782501220703,0,9.27239418029785,0.146896809339523,0.036723505705595,-3.69153545875444,-26654.086640946,-9527.62766047043,-26654.268874312,-9525.17182142363,-26654.4511076779,-9522.71598237683,1,0,0,0
20130619102815.daq,21,6,293.566666666667,-2,0,left,-3.908203125,-176.091796875,12,0.0001,66.8373794555664,9.80620466491018,10.063404083252,0.136903896927834,0.093673937022686,-4.37613346827419,-26663.879547827,-9528.37611653887,-26664.0473934243,-9525.9192522205,-26664.2152390216,-9523.46238790212,1,0,0,0
20130619102815.daq,21,6,293.666666666667,-2,0,left,-3.51858520507813,-176.481414794922,12,0.0001,66.7699203491211,19.6043753302365,10.151294708252,0.134918674826622,0.122149154543877,-5.0896605165691,-26673.6680092795,-9529.08904029441,-26673.8191441636,-9526.63109141979,-26673.9702790477,-9524.17314254517,1,0,0,0
20130619102815.daq,21,6,293.766666666667,-2,0,left,-3.09725952148438,-176.902740478516,12,0.0001,66.6776657104492,29.3908586182042,10.151294708252,0.132934123277664,0.122149154543877,-5.7521241853447,-26683.4474304733,-9529.75212336222,-26683.5804868569,-9527.29312957975,-26683.7135432405,-9524.83413579728,0,1,0,1
20130619102815.daq,21,6,293.866666666667,-2,0,left,-2.66229248046875,-177.337707519531,12,0.0001,66.5643844604492,39.1621545445851,9.93156909942627,0.132007569074631,0.093673937022686,-6.36006125863539,-26693.2172732483,-9530.35960613235,-26693.3316582626,-9527.89967310644,-26693.446043277,-9525.43974008054,0,1,0,1
20130619102815.daq,21,6,293.966666666667,-2,0,left,-2.21282958984375,-177.787170410156,12,0.0001,66.4384689331055,48.9158369733595,10.151294708252,0.132341310381889,0.131640821695328,-6.90072690166903,-26702.9736349017,-9530.90068739282,-26703.0687193859,-9528.43993275972,-26703.1638038701,-9525.97917812663,0,1,0,1
20130619102815.daq,21,6,294.066666666667,-2,0,left,-1.75772094726563,-178.242279052734,12,0.0001,66.3053207397461,58.65045178949,10.063404083252,0.132702186703682,0.103165604174137,-7.3729982766814,-26712.7143066459,-9531.37296981526,-26712.789842207,-9528.91153754878,-26712.865377768,-9526.45010528231,0,1,0,1
20130619102815.daq,21,6,294.166666666667,-2,0,left,-1.31085205078125,-178.689147949219,12,0.0001,66.1700744628906,68.3653457881665,9.40422916412354,0.132569849491119,0.0177401825785637,-7.77159207501616,-26722.4389187154,-9531.77144220481,-26722.4952546423,-9529.30949568086,-26722.5515905693,-9526.84754915692,0,1,0,1
20130619102815.daq,21,6,294.266666666667,-2,0,left,-0.879302978515625,-179.120697021484,12,0.0001,66.0344924926758,78.0603683732697,8.78899955749512,0.132803037762642,0.0746903866529465,-8.09577626071983,-26732.1453483263,-9532.09556949954,-26732.1831395671,-9529.63326849325,-26732.220930808,-9527.17096748697,0,1,0,1
20130619102815.daq,21,6,294.366666666667,-2,0,left,-0.468780517578125,-179.531219482422,12,0.0001,65.8991851806641,87.7355208502813,8.39349460601807,0.133191227912903,0.0557070598006248,-8.34585833013279,-26741.8334729085,-9532.34571360265,-26741.8536210208,-9529.88320502865,-26741.8737691332,-9527.42069645466,0,1,0,1
20130619102815.daq,21,6,294.466666666667,-2,0,left,-0.07928466796875,-179.920715332031,12,0.0001,65.7645416259766,97.3908721297448,7.64642953872681,0.133522421121597,0.0841822773218155,-8.52288777733327,-26751.501366596,-9532.52286381672,-26751.5047742754,-9530.06027517646,-26751.5081819548,-9527.5976865362,0,1,0,1
20130619102815.daq,21,6,294.566666666667,-2,0,left,0.272308349609375,-180.272308349609,12,0.0001,65.6310272216797,107.026552852618,6.37202453613281,0.133588910102844,0.0841822773218155,-8.6310499190784,-26761.1505987308,-9532.63100645101,-26761.1388948746,-9530.16844326539,-26761.1271910184,-9527.70588007977,0,1,0,1
20130619102815.daq,21,6,294.666666666667,-2,0,left,0.58184814453125,-180.581848144531,12,0.0001,65.4988632202148,116.642750914365,5.49312448501587,0.133507117629051,0.0462154000997543,-8.67455410785184,-26770.7791595863,-9532.67432315788,-26770.7541519961,-9530.21185913908,-26770.7291444059,-9527.74939512029,0,1,0,1
20130619102815.daq,21,6,294.766666666667,-2,0,left,0.84814453125,-180.84814453125,12,0.0001,65.3680572509766,126.239662789292,4.52633476257324,0.133754462003708,0.0841822773218155,-8.65783168187036,-26780.3851098854,-9532.65778773636,-26780.3486576924,-9530.19546654263,-26780.3122054995,-9527.73314534891,0,1,1,1
20130619102815.daq,21,6,294.866666666667,-2,0,left,1.06256103515625,-181.062561035156,12,0.0001,65.2388000488281,135.817500990433,2.81247997283936,0.136541038751602,0.112657263875008,-8.58783435021877,-26789.9702376996,-9532.58781181695,-26789.9245711029,-9530.12564427891,-26789.8789045062,-9527.66347674087,0,1,1,1
20130619102815.daq,21,6,294.966666666667,-2,0,left,1.20712280273438,-181.207122802734,12,0.0001,65.1111145019531,145.376498545451,0.92284494638443,0.144975811243057,0.112657263875008,-8.47346503373671,-26799.5341609451,-9532.47334165299,-26799.4822822576,-9530.01129717224,-26799.4304035701,-9527.54925269148,0,1,1,1
20130619102815.daq,21,6,295.066666666667,-2,0,left,1.2802734375,-181.2802734375,12,0.0001,64.9848327636719,154.91687458802,-0.527339935302734,0.157935604453087,0.131640821695328,-8.322452830786,-26809.0768764127,-9532.32229917566,-26809.0218544283,-9529.860322936,-26808.9668324439,-9527.39834669633,0,1,1,1
20130619102815.daq,21,6,295.166666666667,-2,0,left,1.2906494140625,-181.290649414063,12,0.0001,64.8596801757813,164.438814868881,-1.49412989616394,0.164513438940048,0.150624141097069,-8.14495938722128,-26818.5966483038,-9532.1448946482,-26818.5411804688,-9529.68292841311,-26818.4857126339,-9527.22096217803,0,1,1,1
20130619102815.daq,21,6,295.266666666667,-2,0,left,1.25811767578125,-181.258117675781,12,0.0001,64.7353820800781,173.942465974465,-1.75779986381531,0.167093455791473,0.103165604174137,-7.95063546005107,-26828.0958934311,-9531.95063308137,-26828.0418234749,-9529.48863574927,-26827.9877535186,-9527.02663841717,0,1,1,1
20130619102815.daq,21,6,295.366666666667,-2,0,left,1.21340942382813,-181.213409423828,12,0.0001,64.6128768920898,183.427989690699,-0.57128494977951,0.168282255530357,0.103165604174137,-7.74665678816875,-26837.5753228844,-9531.7463875115,-26837.5231740562,-9529.28434873781,-26837.471025228,-9526.82230996412,0,1,1,1
20130619102815.daq,21,6,295.466666666667,-2,0,left,1.19329833984375,-181.193298339844,12,0.0001,64.4944534301758,192.895827641842,0.834954977035522,0.168323993682861,0.122149154543877,-7.53770315234699,-26847.0377452945,-9531.53767939006,-26846.9864606565,-9529.07562246356,-26846.9351760185,-9526.61356553706,0,1,1,1
20130619102815.daq,21,6,295.566666666667,-2,0,left,1.18670654296875,-181.186706542969,12,0.0001,64.3802261352539,202.346616061499,0.307614982128143,0.168693020939827,0.141132473945618,-7.33045351798305,-26856.4829042323,-9531.3300821765,-26856.4319028508,-9528.86801936607,-26856.3809014692,-9526.40595655563,0,1,1,1
20130619102815.daq,21,6,295.666666666667,-2,0,left,1.16891479492188,-181.168914794922,12,0.0001,64.2690124511719,211.780886185632,-0.703119933605194,0.168773010373116,0.093673937022686,-7.1241975585184,-26865.9121770208,-9531.12415907521,-26865.8619401728,-9528.6620805463,-26865.8117033247,-9526.20000201739,0,1,1,1
20130619102815.daq,21,6,295.766666666667,-2,0,left,1.12554931640625,-181.125549316406,12,0.0001,64.1598434448242,221.199004200571,-1.45018494129181,0.168639227747917,0.112657263875008,-6.92374284137493,-26875.3252272647,-9530.92373452899,-26875.2768539051,-9528.4616186825,-26875.2284805455,-9525.99950283601,0,1,1,1
20130619102815.daq,21,6,295.866666666667,-2,0,left,1.06454467773438,-181.064544677734,12,0.0001,64.0520858764648,230.601220291686,-1.53807497024536,0.168484285473824,0.122149154543877,-6.72836705452861,-26884.720284183,-9530.72831335937,-26884.6745323434,-9528.26614740384,-26884.6287805038,-9525.8039814483,0,1,1,1
20130619102815.daq,21,6,295.966666666667,-2,0,left,0.993499755859375,-180.993499755859,12,0.0001,63.9452972412109,239.987706035976,-1.36229491233826,0.173434302210808,0.141132473945618,-6.541384199988,-26894.099476072,-9530.54132778557,-26894.0567772733,-9528.07910699206,-26894.0140784746,-9525.61688619854,0,1,1,1
20130619102815.daq,21,6,296.066666666667,-2,0,left,0.915771484375,-180.915771484375,12,0.0001,63.8394737243652,249.358592960267,-1.40623986721039,0.222648933529854,0.122149154543877,-6.36258277692318,-26903.4648329443,-9530.36256820168,-26903.4254744678,-9527.90029174812,-26903.3861159912,-9525.43801529456,0,1,1,1
20130619102815.daq,21,6,296.166666666667,-2,0,left,0.841644287109375,-180.841644287109,12,0.0001,63.7385520935059,258.714219929116,-1.23045992851257,0.302095234394073,0.093673937022686,-6.1933724867426,-26912.812690395,-9530.19334796309,-26912.7765175542,-9527.73102264968,-26912.7403447135,-9525.26869733628,0,1,1,1
20130619102815.daq,21,6,296.266666666667,-2,0,left,0.7762451171875,-180.776245117188,12,0.0001,63.654167175293,268.056101296017,-0.74706494808197,0.40260374546051,0.112657263875008,-6.03462370387215,-26922.1490304252,-9530.03432547642,-26922.1156681815,-9527.57196047827,-26922.0823059378,-9525.10959548012,0,1,1,1
20130619102815.daq,21,6,296.366666666667,-2,0,left,0.73211669921875,-180.732116699219,12,0.0001,63.5977821350098,277.387497909742,0,0.490156263113022,0.112657263875008,-5.88587258791862,-26931.4741534084,-9529.88569912155,-26931.4426876539,-9527.42330915859,-26931.4112218994,-9524.96091919562,0,1,1,1
20130619102815.daq,21,6,296.466666666667,-2,0,left,0.70550537109375,-180.705505371094,12,0.0001,63.5908851623535,286.714038474864,0.219724997878075,0.567268073558807,0.0462154000997543,-5.74576715681653,-26940.7938323615,-9529.74575000789,-26940.7635102804,-9527.28334569608,-26940.7331881993,-9524.82094138427,0,1,1,1
20130619102815.daq,21,6,296.566666666667,-2,0,left,0.692962646484375,-180.692962646484,12,0.0001,63.633373260498,296.043340217391,0.395504981279373,0.625980734825134,0.0651987195014954,-5.61511706579493,-26950.1177522355,-9529.61469281748,-26950.0879692046,-9527.15228192681,-26950.0581861737,-9524.68987103614,0,0,1,0
20130619102815.daq,21,6,296.666666666667,-2,0,left,0.6993408203125,-180.699340820313,12,0.0001,63.7132949829102,305.381691014605,1.18651497364044,0.634673118591309,0.0272318441420794,-5.48752962340137,-26959.451888615,-9529.48734369544,-26959.4218314683,-9527.02493613548,-26959.3917743217,-9524.56252857552,0,0,1,0
20130619102815.daq,21,6,296.766666666667,-2,0,left,0.72247314453125,-180.722473144531,12,0.0001,63.8237037658691,314.734169219206,1.66990995407104,0.632112383842468,0.036723505705595,-5.36288001159445,-26968.800095784,-9529.36286047875,-26968.7690444792,-9526.9004652546,-26968.7379931743,-9524.43807003046,0,0,1,0
20130619102815.daq,21,6,296.866666666667,-2,0,left,0.754913330078125,-180.754913330078,12,0.0001,63.9491882324219,324.104082910286,1.66990995407104,0.63100391626358,0.0462154000997543,-5.23877837014044,-26978.1700080269,-9529.23877550261,-26978.1375625484,-9526.77639825402,-26978.1051170699,-9524.31402100544,0,0,1,0
20130619102815.daq,21,6,296.966666666667,-2,0,left,0.790252685546875,-180.790252685547,12,0.0001,64.081916809082,333.492992459389,1.58201992511749,0.633412063121796,0.036723505705595,-5.11159861761473,-26987.5575660558,-9529.11158029226,-26987.5236018185,-9526.64922352404,-26987.4896375813,-9524.18686675582,0,0,1,0
20130619102815.daq,21,6,297.066666666667,1,0,left,0.8226318359375,-180.822631835938,12,0.0001,64.2182388305664,342.901663761986,1.40623998641968,0.632884860038757,0.0841822773218155,-4.98084023231993,-26996.9665369686,-9528.98066225988,-26996.931181203,-9526.51832507881,-26996.8958254373,-9524.05598789774,0,0,1,0
20130619102815.daq,21,6,297.166666666667,1,0,left,0.850860595703125,-180.850860595703,12,0.0001,64.3560562133789,352.33045731626,1.36229491233826,0.657211244106293,0.0841822773218155,-4.84561075271545,-27006.394939788,-9528.8451189334,-27006.3583708705,-9526.38279947043,-27006.3218019531,-9523.92048000746,0,0,1,0
20130619102815.daq,21,6,297.266666666667,1,0,left,0.877471923828125,-180.877471923828,12,0.0001,64.4944000244141,361.779507120111,1.31834995746613,0.689109027385712,0.0841822773218155,-4.70381675038371,-27015.8428347657,-9528.70381644512,-27015.805122215,-9526.24151423236,-27015.7674096642,-9523.77921201961,0,0,1,0
20130619102815.daq,21,6,297.366666666667,1,0,left,0.891448974609375,-180.891448974609,12,0.0001,64.6332626342773,371.248881897591,0.57128494977951,0.716798603534698,0.093673937022686,-4.55898742801119,-27025.3119150126,-9528.55841632206,-27025.2736017953,-9526.09612338238,-27025.2352885779,-9523.6338304427,0,0,1,0
20130619102815.daq,21,6,297.466666666667,1,0,left,0.88311767578125,-180.883117675781,12,0.0001,64.7729721069336,380.738682450188,-0.307614982128143,0.72204452753067,0.122149154543877,-4.41063858029958,-27034.7999994379,-9528.41049674081,-27034.7620442596,-9525.94819825609,-27034.7240890812,-9523.48589977137,0,0,1,0
20130619102815.daq,21,6,297.566666666667,1,0,left,0.85101318359375,-180.851013183594,12,0.0001,64.9136352539063,390.249045293505,-0.966789960861206,0.720458447933197,0.0841822773218155,-4.26014948615505,-27044.3070527738,-9528.26014851249,-27044.2704772989,-9525.79782914692,-27044.2339018239,-9523.33550978135,0,0,1,0
20130619102815.daq,21,6,297.666666666667,1,0,left,0.796630859375,-180.796630859375,12,0.0001,65.0549697875977,399.780092676163,-1.40623986721039,0.721127331256866,0.093673937022686,-4.11217428705241,-27053.8331080126,-9528.11216060019,-27053.7988696657,-9525.64980762813,-27053.7646313188,-9523.18745465606,0,0,1,0
20130619102815.daq,21,6,297.766666666667,1,0,left,0.728485107421875,-180.728485107422,12,0.0001,65.1965789794922,409.331892482965,-1.75779986381531,0.721807658672333,0.0557070598006248,-3.96795698862893,-27063.3803169948,-9527.9679558951,-27063.3490073146,-9525.50556394267,-27063.3176976344,-9523.04317199025,0,0,1,0
20130619102815.daq,21,6,297.866666666667,1,0,left,0.65045166015625,-180.650451660156,12,0.0001,65.3382186889648,418.904467466513,-1.84568989276886,0.714560091495514,0.093673937022686,-3.83029759988554,-27072.946816114,-9527.83022235862,-27072.9188600933,-9525.36779004801,-27072.8909040726,-9522.9053577374,0,0,1,0
20130619102815.daq,21,6,297.966666666667,1,0,left,0.568756103515625,-180.568756103516,12,0.0001,65.4796676635742,428.497805597766,-1.84568989276886,0.704349935054779,0.292999982833862,-3.70224825886877,-27082.5366583634,-9527.7015025215,-27082.512213445,-9525.23903285277,-27082.4877685265,-9522.77656318405,0,0,1,0
20130619102815.daq,21,6,298.066666666667,1,0,left,0.48712158203125,-180.487121582031,12,0.0001,65.6206207275391,438.111857082098,-1.75779986381531,0.694898366928101,0.112657263875008,-3.58355775935672,-27092.1440729803,-9527.5835182956,-27092.1231365906,-9525.12101629742,-27092.1022002008,-9522.65851429925,0,0,1,0
20130619102815.daq,21,6,298.166666666667,1,0,left,0.4066162109375,-180.406616210938,12,0.0001,65.7607345581055,447.746523542479,-1.62596487998962,0.691725552082062,0.0746903866529465,-3.47797825475219,-27101.7749451505,-9527.47718005383,-27101.7574688019,-9525.01465106909,-27101.7399924533,-9522.55212208436,0,0,1,0
20130619102815.daq,21,6,298.266666666667,1,0,left,0.33392333984375,-180.333923339844,12,0.0001,65.8998413085938,457.401665852347,-1.36229491233826,0.691388666629791,0.0746903866529465,-3.38510784563784,-27111.4255308443,-9527.38500366899,-27111.4111787932,-9524.92245449343,-27111.3968267421,-9522.45990531787,0,0,1,0
20130619102815.daq,21,6,298.366666666667,1,0,left,0.27008056640625,-180.270080566406,12,0.0001,66.0379943847656,467.077140129477,-0.966789960861206,0.69055050611496,0.0557070598006248,-3.30399634472417,-27121.0958571139,-9527.30399593068,-27121.0842490075,-9524.84143229185,-27121.072640901,-9522.37886865302,0,0,1,0
20130619102815.daq,21,6,298.466666666667,1,0,left,0.2198486328125,-180.219848632813,12,0.0001,66.1752853393555,476.772811909712,-0.57128494977951,0.690390765666962,0.036723505705595,-3.23484952162973,-27130.7879948414,-9527.23483949548,-27130.7785456998,-9524.77226662607,-27130.7690965581,-9522.30969375666,0,0,1,0
20130619102815.daq,21,6,298.566666666667,1,0,left,0.181182861328125,-180.181182861328,12,0.0001,66.3117980957031,486.488562487892,-0.351559966802597,0.690547227859497,0.0557070598006248,-3.17571702380749,-27140.5018963781,-9527.17570861058,-27140.4941090936,-9524.71312992521,-27140.486321809,-9522.25055123984,0,0,1,0
20130619102815.daq,21,7,396.066666666667,1,0,left,-0.16937255859375,-89.8306274414063,12,0.0001,67.1008911132813,0,1.18651497364044,0.214166328310966,0.093673937022686,-3.23537669956166,-33384.7684492798,-14522.9112491267,-33387.231029518,-14522.918528803,-33389.6936097563,-14522.9258084793,1,0,0,0
20130619102815.daq,21,7,396.166666666667,1,0,left,-0.154373168945313,-89.8456268310547,12,0.0001,67.0256500244141,9.83596628007217,0.966789960861206,0.213628962635994,0.103165604174137,-3.26183814898644,-33384.7381250786,-14532.745604872,-33387.2007071382,-14532.7522398723,-33389.6632891978,-14532.7588748726,1,0,0,0
20130619102815.daq,21,7,396.266666666667,1,0,left,-0.141708374023438,-89.8582916259766,12,0.0001,66.9506225585938,19.6610672603783,0.834954977035522,0.214535057544708,0.093673937022686,-3.28455894997069,-33384.7154693562,-14542.5691604388,-33387.1780528222,-14542.575251104,-33389.6406362883,-14542.5813417692,1,0,0,0
20130619102815.daq,21,7,396.366666666667,1,0,left,-0.134719848632813,-89.8652801513672,12,0.0001,66.8757553100586,29.4750217970941,0.791009962558746,0.214341163635254,0.122149154543877,-3.30834606387624,-33384.6924632764,-14552.3818332897,-33387.155047467,-14552.3876235867,-33389.6176316576,-14552.3934138838,1,0,0,0
20130619102815.daq,21,7,396.466666666667,1,0,left,-0.130950927734375,-89.8690490722656,12,0.0001,66.8011322021484,39.2780121907854,0.791009962558746,0.214552536606789,0.0841822773218155,-3.32684621593567,-33384.6731647006,-14562.1836842991,-33387.1357492668,-14562.1893126072,-33389.598333833,-14562.1949409152,1,0,0,0
20130619102815.daq,21,7,396.566666666667,1,0,left,-0.127853393554688,-89.8721466064453,12,0.0001,66.7267379760742,49.0700748083109,0.74706494808197,0.215431809425354,0.0746903866529465,-3.34646976380647,-33384.6538246814,-14571.9737999452,-33387.1164095483,-14571.9792951206,-33389.5789944151,-14571.9847902959,1,0,0,0
20130619102815.daq,21,7,396.666666666667,1,0,left,-0.12664794921875,-89.8733520507813,12,0.0001,66.6525726318359,58.8512432190837,0.74706494808197,0.214860543608665,0.112657263875008,-3.36257972235041,-33384.6382741024,-14581.7531266209,-33387.1008590843,-14581.758569986,-33389.5634440662,-14581.7640133511,1,0,0,0
20130619102815.daq,21,7,396.766666666667,1,0,left,-0.126937866210938,-89.8730621337891,12,0.0001,66.5786895751953,68.6215546292005,0.659174978733063,0.214273557066917,0.093673937022686,-3.37767929143524,-33384.6226312036,-14591.5216741413,-33387.085216158,-14591.5271299671,-33389.5478011123,-14591.5325857928,1,0,0,0
20130619102815.daq,21,7,396.866666666667,1,0,left,-0.129806518554688,-89.8701934814453,12,0.0001,66.5050506591797,78.3810481097244,0.615229964256287,0.214188829064369,0.0557070598006248,-3.39326205383363,-33384.6068291019,-14601.2784391573,-33387.06941378,-14601.2840182783,-33389.5319984581,-14601.2895973994,1,0,0,0
20130619102815.daq,21,7,396.966666666667,1,0,left,-0.13409423828125,-89.8659057617188,12,0.0001,66.4316329956055,88.1297575098215,0.57128494977951,0.213824555277824,0.160116031765938,-3.40909411848038,-33384.590939398,-14611.0254034482,-33387.0535236517,-14611.0311668564,-33389.5161079054,-14611.0369302645,1,0,0,0
20130619102815.daq,21,7,397.066666666667,1,0,left,-0.140792846679688,-89.8592071533203,12,0.0001,66.3584594726563,97.8677172381358,0.527339994907379,0.213520586490631,0.103165604174137,-3.4251372735769,-33384.5749008729,-14620.7615658985,-33387.037484436,-14620.7676172142,-33389.500067999,-14620.7736685298,1,0,0,0
20130619102815.daq,21,7,397.166666666667,1,0,left,-0.149627685546875,-89.8503723144531,12,0.0001,66.2855377197266,107.59496319529,0.527339994907379,0.213797971606255,0.103165604174137,-3.44139157689061,-33384.5587305016,-14630.4859566901,-33387.0213131023,-14630.4923877287,-33389.483895703,-14630.4988187674,1,0,0,0
20130619102815.daq,21,7,397.266666666667,1,0,left,-0.16156005859375,-89.8384399414063,12,0.0001,66.2128601074219,117.311531468389,0.395504981279373,0.213943794369698,0.122149154543877,-3.4619226210187,-33384.5384627242,-14640.2005050868,-33387.0010439321,-14640.2074489808,-33389.4636251401,-14640.2143928748,1,0,0,0
20130619102815.daq,21,7,397.366666666667,1,0,left,-0.173583984375,-89.826416015625,12,0.0001,66.1404495239258,127.017459077055,0.351559996604919,0.213475167751312,0.122149154543877,-3.47876162895838,-33384.5220956078,-14649.9043088748,-33386.9846753043,-14649.9117695587,-33389.4472550008,-14649.9192302427,1,0,0,0
20130619102815.daq,21,7,397.466666666667,1,0,left,-0.188003540039063,-89.8119964599609,12,0.0001,66.068359375,136.71279106025,0.351559996604919,0.213767901062965,0.093673937022686,-3.50238734368873,-33384.4977682157,-14659.5973109417,-33386.9603459566,-14659.6053913797,-33389.4229236975,-14659.6134718177,1,0,0,0
20130619102815.daq,21,7,397.566666666667,1,0,left,-0.205276489257813,-89.7947235107422,12,0.0001,65.996467590332,146.397564344312,0.307614982128143,0.214323416352272,0.093673937022686,-3.52289771482699,-33384.477171097,-14669.2794998209,-33386.93974629,-14669.2883226514,-33389.402321483,-14669.297145482,1,0,0,0
20130619102815.daq,21,7,397.666666666667,1,0,left,-0.224288940429688,-89.7757110595703,12,0.0001,65.9247512817383,156.071806437511,0.307614982128143,0.213532224297523,0.0746903866529465,-3.54822067894822,-33384.4525605375,-14678.9509030076,-33386.9151326672,-14678.9605429937,-33389.3777047969,-14678.9701829797,1,0,0,0
20130619102815.daq,21,7,397.766666666667,1,0,left,-0.242507934570313,-89.7574920654297,12,0.0001,65.8532867431641,165.735549044301,0.307614982128143,0.213213458657265,0.131640821695328,-3.57590777751667,-33384.4240928309,-14688.6115833321,-33386.8866617708,-14688.6220063698,-33389.3492307106,-14688.6324294076,1,0,0,0
20130619102815.daq,21,7,397.866666666667,1,0,left,-0.262802124023438,-89.7371978759766,12,0.0001,65.7820739746094,175.388827972049,0.26366999745369,0.213918089866638,0.0746903866529465,-3.60916448220115,-33384.3915910218,-14698.2624460711,-33386.8541561154,-14698.2737413512,-33389.316721209,-14698.2850366312,1,0,0,0
20130619102815.daq,21,7,397.966666666667,1,0,left,-0.284561157226563,-89.7154388427734,12,0.0001,65.7111282348633,185.031681266089,0.219724997878075,0.214232936501503,0.122149154543877,-3.64107545315905,-33384.3589990553,-14707.9025297188,-33386.8215596817,-14707.9147601984,-33389.2841203081,-14707.926990678,1,0,0,0
20130619102815.daq,21,7,398.066666666667,1,0,left,-0.309616088867188,-89.6903839111328,12,0.0001,65.6404266357422,194.664148183983,0.131834998726845,0.214223191142082,0.0746903866529465,-3.677833091646,-33384.3222978222,-14717.5317885477,-33386.7848528649,-14717.5450958819,-33389.2474079076,-14717.558403216,1,0,0,0
20130619102815.daq,21,7,398.166666666667,1,0,left,-0.33428955078125,-89.6657104492188,12,0.0001,65.5699157714844,204.286259404449,0.0878899991512299,0.213461935520172,0.112657263875008,-3.71905431131939,-33384.2817141289,-14727.1512905918,-33386.7442632127,-14727.1656583825,-33389.2068122965,-14727.1800261732,1,0,0,0
20130619102815.daq,21,7,398.266666666667,1,0,left,-0.36102294921875,-89.6389770507813,12,0.0001,65.4996566772461,213.898118806166,0.0878899991512299,0.213262557983398,0.093673937022686,-3.7632745614935,-33384.2370974834,-14736.759998352,-33386.6996395954,-14736.7755151316,-33389.1621817073,-14736.7910319111,1,0,0,0
20130619102815.daq,21,7,398.366666666667,1,0,left,-0.38848876953125,-89.6115112304688,12,0.0001,65.4296188354492,223.499617848036,0.131834998726845,0.213560461997986,0.160116031765938,-3.81158754863202,-33384.1885297646,-14746.3579448434,-33386.6510641553,-14746.3746420875,-33389.113598546,-14746.3913393316,1,0,0,0
20130619102815.daq,21,7,398.466666666667,1,0,left,-0.416168212890625,-89.5838317871094,12,0.0001,65.3598022460938,233.090861527693,0.131834998726845,0.213826179504395,0.122149154543877,-3.86399297594392,-33384.1360429632,-14755.946119551,-33386.5985690001,-14755.9640064371,-33389.0610950371,-14755.9818933232,1,0,0,0
20130619102815.daq,21,7,398.566666666667,1,0,left,-0.442611694335938,-89.5573883056641,12,0.0001,65.2902221679688,242.671882109113,0.131834998726845,0.213499292731285,0.112657263875008,-3.9242019403327,-33384.0758201319,-14765.5245587851,-33386.5383376513,-14765.5435821886,-33389.0008551708,-14765.5626055921,1,0,0,0
20130619102815.daq,21,7,398.666666666667,1,0,left,-0.470001220703125,-89.5299987792969,12,0.0001,65.2208786010742,252.242714840162,0.131834998726845,0.212642595171928,0.141132473945618,-3.98451300815397,-33384.0155393409,-14775.0922313436,-33386.4780474851,-14775.1124319204,-33388.9405556292,-14775.1326324972,1,0,0,0
20130619102815.daq,21,7,398.766666666667,1,0,left,-0.495651245117188,-89.5043487548828,12,0.0001,65.1517791748047,261.803395807954,0.131834998726845,0.212852537631989,0.150624141097069,-4.04872223954271,-33383.9514597413,-14784.6492046029,-33386.4139585954,-14784.6705075869,-33388.8764574494,-14784.6918105708,1,0,0,0
20130619102815.daq,21,7,398.866666666667,1,0,left,-0.521804809570313,-89.4781951904297,12,0.0001,65.0828857421875,271.353957183186,0.131834998726845,0.213287547230721,0.141132473945618,-4.12099366462875,-33383.8795369293,-14794.1963988681,-33386.3420258028,-14794.2188258964,-33388.8045146762,-14794.2412529246,1,0,0,0
20130619102815.daq,21,7,398.966666666667,1,0,left,-0.5491943359375,-89.4508056640625,12,0.0001,65.0141677856445,280.894426567371,0.131834998726845,0.214022040367126,0.112657263875008,-4.19677734819534,-33383.8036320892,-14803.733795658,-33386.2661099603,-14803.7573998454,-33388.7285878315,-14803.7810040328,1,0,0,0
20130619102815.daq,21,7,399.066666666667,1,0,left,-0.573944091796875,-89.4260559082031,12,0.0001,64.9456787109375,290.424833333753,0.131834998726845,0.21417535841465,0.112657263875008,-4.27603136761847,-33383.723983786,-14813.2614925489,-33386.1864512312,-14813.2861604377,-33388.6489186764,-14813.3108283265,1,0,0,0
20130619102815.daq,21,7,399.166666666667,1,0,left,-0.59906005859375,-89.4009399414063,12,0.0001,64.8774490356445,299.945214781656,0.131834998726845,0.213651791214943,0.103165604174137,-4.35984213309591,-33383.6404069686,-14822.7784373552,-33386.1028633639,-14822.8041846798,-33388.5653197592,-14822.8299320043,1,0,0,0
20130619102815.daq,21,7,399.266666666667,1,0,left,-0.625900268554688,-89.3740997314453,12,0.0001,64.8095016479492,309.455609982164,0.0878899991512299,0.213301554322243,0.131640821695328,-4.4474396775575,-33383.5528181031,-14832.2855723096,-33386.0152621669,-14832.312473169,-33388.4777062306,-14832.3393740285,1,0,0,0
20130619102815.daq,21,7,399.366666666667,1,0,left,-0.653030395507813,-89.3469696044922,12,0.0001,64.741813659668,318.956058379335,0.0878899991512299,0.213704511523247,0.131640821695328,-4.53879811000628,-33383.4613054729,-14841.7819569718,-33385.9237365228,-14841.8100238202,-33388.3861675727,-14841.8380906686,1,0,0,0
20130619102815.daq,21,7,399.466666666667,1,0,left,-0.6741943359375,-89.3258056640625,12,0.0001,64.6743316650391,328.4465943818,0.703119993209839,0.213405594229698,0.112657263875008,-4.63395924963199,-33383.3662538218,-14851.2697028043,-33385.8286743363,-14851.2986792246,-33388.2910948509,-14851.3276556449,1,0,0,0
20130619102815.daq,21,7,399.566666666667,1,0,left,-0.663314819335938,-89.3366851806641,12,0.0001,64.6070938110352,337.92725183873,2.28513979911804,0.213862761855125,0.112657263875008,-4.73102661915263,-33383.2692666727,-14860.7475171631,-33385.731692645,-14860.7760260101,-33388.1941186173,-14860.8045348572,1,0,0,0
20130619102815.daq,21,7,399.666666666667,1,0,left,-0.616104125976563,-89.3838958740234,12,0.0001,64.5400314331055,347.39806124234,3.12009477615356,0.170728430151939,0.131640821695328,-4.82939392964848,-33383.1706082819,-14870.2174603149,-33385.633056909,-14870.2439401577,-33388.0955055362,-14870.2704200006,1,0,0,0
20130619102815.daq,21,7,399.766666666667,1,0,left,-0.5394287109375,-89.4605712890625,12,0.0001,64.47216796875,356.859016065253,3.29587483406067,0.108771122992039,0.0841822773218155,-4.92653010721055,-33383.07376447,-14879.6793539633,-33385.5362463285,-14879.7025384399,-33387.998728187,-14879.7257229166,1,0,0,0
20130619102815.daq,21,7,399.866666666667,1,0,left,-0.449447631835938,-89.5505523681641,12,0.0001,64.3926849365234,366.309380764338,3.0322048664093,0.11918979883194,0.0841822773218155,-5.01492734655696,-33382.9855552958,-14889.130832756,-33385.448070528,-14889.1501499614,-33387.9105857603,-14889.1694671668,1,0,0,0
20130619102815.daq,21,7,399.966666666667,1,0,left,-0.35711669921875,-89.6428833007813,12,0.0001,64.2889862060547,375.746312476615,2.54880976676941,0.193001165986061,0.0841822773218155,-5.09486945675801,-33382.9053070024,-14898.5706427712,-33385.3678501665,-14898.5859916622,-33387.8303933306,-14898.6013405532,1,0,0,0
20130619102815.daq,21,7,400.066666666667,1,0,left,-0.279754638671875,-89.7202453613281,12,0.0001,64.1744155883789,385.166982139883,1.80174493789673,0.292131841182709,0.169607698917389,-5.16814867363791,-33382.8319517248,-14907.9934696586,-33385.2945133686,-14908.005493555,-33387.7570750123,-14908.0175174514,1,0,0,0
20130619102815.daq,21,7,400.166666666667,1,0,left,-0.228729248046875,-89.7712707519531,12,0.0001,64.0729522705078,394.571500626444,1.01073491573334,0.32696533203125,0.226557895541191,-5.2275485176618,-33382.7725990951,-14917.3990349483,-33385.2351704704,-14917.4088657787,-33387.6977418456,-14917.4186966091,1,0,0,0
20130619102815.daq,21,7,400.266666666667,1,0,left,-0.202835083007813,-89.7971649169922,12,0.0001,64.0004196166992,403.963244832667,0.527339994907379,0.32688695192337,0.093673937022686,-5.27694438857779,-33382.723415492,-14926.7893260037,-33385.1859910587,-14926.7980439025,-33387.6485666254,-14926.8067618012,1,0,0,0
20130619102815.daq,21,7,400.366666666667,1,0,left,-0.200958251953125,-89.7990417480469,12,0.0001,63.956241607666,413.346384872166,0.395504981279373,0.32721820473671,0.103165604174137,-5.31597813522675,-33382.6844688021,-14936.1702319281,-33385.147044653,-14936.1788691606,-33387.609620504,-14936.1875063931,1,0,0,0
20130619102815.daq,21,7,400.466666666667,1,0,left,-0.211212158203125,-89.7887878417969,12,0.0001,63.9379081726074,422.725078782882,0.439449995756149,0.351401090621948,0.122149154543877,-5.35141020864662,-33382.6486798522,-14945.544977563,-33385.1112541179,-14945.5540555089,-33387.5738283837,-14945.5631334547,1,0,0,0
20130619102815.daq,21,7,400.566666666667,1,0,left,-0.2293701171875,-89.7706298828125,12,0.0001,63.9357643127441,432.102330141352,0.395504981279373,0.395694702863693,0.093673937022686,-5.38369794193206,-33382.6163095577,-14954.9175737222,-33385.0788808229,-14954.9274320971,-33387.541452088,-14954.937290472,1,0,0,0
20130619102815.daq,21,7,400.666666666667,1,0,left,-0.248062133789063,-89.7519378662109,12,0.0001,63.9496726989746,441.480403763933,0.307614982128143,0.432189345359802,0.0557070598006248,-5.41238362814091,-33382.5878127128,-14964.2930859416,-33385.0503806307,-14964.3037476984,-33387.5129485486,-14964.3144094553,1,0,0,0
20130619102815.daq,21,7,400.766666666667,1,0,left,-0.274459838867188,-89.7255401611328,12,0.0001,63.9836616516113,450.861944360804,0.0878899991512299,0.448468595743179,0.0746903866529465,-5.44566015400335,-33382.5549345184,-14973.6713357847,-33385.0174972628,-14973.6831321116,-33387.4800600072,-14973.6949284385,1,0,0,0
20130619102815.daq,21,7,400.866666666667,1,0,left,-0.306259155273438,-89.6937408447266,12,0.0001,64.0379638671875,460.250020782361,-0.131834983825684,0.447904497385025,0.112657263875008,-5.47854394064471,-33382.5217235578,-14983.0562862526,-33384.9842793759,-14983.0694493067,-33387.4468351941,-14983.0826123608,1,0,0,0
20130619102815.daq,21,7,400.966666666667,1,0,left,-0.346267700195313,-89.6537322998047,12,0.0001,64.10595703125,469.647130219899,-0.219724982976913,0.447864651679993,0.0841822773218155,-5.51992308941139,-33382.4801944854,-14992.4507964113,-33384.9427405117,-14992.4656790176,-33387.405286538,-14992.480561624,1,0,0,0
20130619102815.daq,21,7,401.066666666667,1,0,left,-0.390975952148438,-89.6090240478516,12,0.0001,64.1831970214844,479.054933380205,-0.351559966802597,0.447773605585098,0.0841822773218155,-5.56168706459752,-33382.4383764957,-15001.8539764032,-33384.9009101593,-15001.8707805447,-33387.3634438229,-15001.8875846862,1,0,0,0
20130619102815.daq,21,7,401.166666666667,1,0,left,-0.43939208984375,-89.5606079101563,12,0.0001,64.2667541503906,488.474557076544,-0.395504981279373,0.446164608001709,0.0651987195014954,-5.611560419563,-33382.388518463,-15011.269756654,-33384.8510370475,-15011.288641682,-33387.3135556321,-15011.30752671,1,0,0,0
20130619102815.daq,21,7,401.266666666667,1,0,left,-0.489532470703125,-89.5104675292969,12,0.0001,64.3545074462891,497.906764453532,-0.263669967651367,0.446810811758041,0.0177401825785637,-5.66944037376913,-33382.3307427762,-15020.6981864002,-33384.7932438912,-15020.719226407,-33387.2557450063,-15020.7402664138,1,0,0,0
20130619102815.daq,21,7,401.366666666667,1,0,left,-0.537155151367188,-89.4628448486328,12,0.0001,64.4448928833008,507.352050193789,-0.0439449958503246,0.446948051452637,0.0746903866529465,-5.73518134068408,-33382.2653106768,-15030.1403486751,-33384.7277934534,-15030.1634354378,-33387.1902762299,-15030.1865222004,0,1,0,1
20130619102815.daq,21,7,401.466666666667,1,0,left,-0.573699951171875,-89.4263000488281,12,0.0001,64.5370254516602,516.810727984819,0.483394980430603,0.446920394897461,0.0746903866529465,-5.8074227375999,-33382.1927488111,-15039.5954830768,-33384.6552163614,-15039.6201404728,-33387.1176839117,-15039.6447978689,0,1,0,1
20130619102815.daq,21,7,401.566666666667,1,0,left,-0.58990478515625,-89.4100952148438,12,0.0001,64.6303787231445,526.283014256071,1.45018494129181,0.446287155151367,0.0746903866529465,-5.88248165426902,-33382.1175328268,-15049.0657776661,-33384.5799933048,-15049.0911315152,-33387.0424537828,-15049.1164853643,0,1,0,1
20130619102815.daq,21,7,401.666666666667,1,0,left,-0.575057983398438,-89.4249420166016,12,0.0001,64.7244720458984,535.7690525168,2.76853489875793,0.446378082036972,0.093673937022686,-5.96408295939865,-33382.0364152343,-15058.5505269756,-33384.4988821995,-15058.5752427374,-33386.9613491646,-15058.5999584992,0,1,0,1
20130619102815.daq,21,7,401.766666666667,1,0,left,-0.526214599609375,-89.4737854003906,12,0.0001,64.8189239501953,545.268920722621,3.64743494987488,0.44562241435051,0.093673937022686,-6.05043128774857,-33381.9495779419,-15068.0507801554,-33384.4120650819,-15068.0733967099,-33386.874552222,-15068.0960132644,0,1,0,1
20130619102815.daq,21,7,401.866666666667,1,0,left,-0.445770263671875,-89.5542297363281,12,0.0001,64.9134216308594,554.782648806264,4.39449977874756,0.445499390363693,0.0651987195014954,-6.13160628889405,-33381.868594315,-15077.5654952473,-33384.331110782,-15077.5846544031,-33386.793627249,-15077.6038135588,0,1,0,1
20130619102815.daq,21,7,401.966666666667,1,0,left,-0.339004516601563,-89.6609954833984,12,0.0001,65.007698059082,564.310223806213,4.92183971405029,0.445412635803223,0.0841822773218155,-6.20332230817476,-33381.7970484672,-15087.0955089041,-33384.2595963603,-15087.1100793421,-33386.7221442534,-15087.12464978,0,1,0,1
20130619102815.daq,21,7,402.066666666667,1,0,left,-0.22601318359375,-89.7739868164063,12,0.0001,65.1015396118164,573.851594808868,4.35055494308472,0.445242315530777,0.0841822773218155,-6.27031574038053,-33381.7297979102,-15096.6403133245,-33384.1923697487,-15096.6500274185,-33386.6549415872,-15096.6597415125,0,1,0,1
20130619102815.daq,21,7,402.166666666667,1,0,left,-0.126739501953125,-89.8732604980469,12,0.0001,65.1949310302734,583.406695607875,3.60348987579346,0.445073127746582,0.093673937022686,-6.31880103228953,-33381.6812372001,-15106.1994134201,-33384.1438221734,-15106.2048607201,-33386.6064071466,-15106.2103080202,0,1,0,1
20130619102815.daq,21,7,402.266666666667,1,0,left,-0.0409088134765625,-89.9590911865234,12,0.0001,65.2879104614258,592.975465125543,3.47165489196777,0.445086121559143,0.0841822773218155,-6.35645809870062,-33381.6435690183,-15115.7708672234,-33384.1061593886,-15115.7726254971,-33386.5687497589,-15115.7743837709,0,1,0,1
20130619102815.daq,21,7,402.366666666667,1,0,left,0.029296875,-90.029296875,12,0.0001,65.3804626464844,602.557838274537,3.0322048664093,0.445337861776352,0.0746903866529465,-6.37875490635677,-33381.6205632525,-15125.3556014506,-33384.0831539286,-15125.3543422616,-33386.5457446047,-15125.3530830726,0,1,0,1
20130619102815.daq,21,7,402.466666666667,1,0,left,0.091033935546875,-90.0910339355469,12,0.0001,65.4726867675781,612.153761250534,2.98825979232788,0.445269495248795,0.103165604174137,-6.38680844017723,-33381.6126609588,-15134.9528183467,-33384.0752488485,-15134.9489056806,-33386.5378367382,-15134.9449930144,0,1,0,1
20130619102815.daq,21,7,402.566666666667,1,0,left,0.146652221679688,-90.1466522216797,12,0.0001,65.5646057128906,621.763187709097,2.98825979232788,0.444975107908249,0.103165604174137,-6.38044123510088,-33381.6200068101,-15144.5635535657,-33384.0825897414,-15144.557250413,-33386.5451726727,-15144.5509472604,0,1,0,1
20130619102815.daq,21,7,402.666666666667,1,0,left,0.198837280273438,-90.1988372802734,12,0.0001,65.6562194824219,631.3860734505,2.8564248085022,0.444849997758865,0.093673937022686,-6.36119343734049,-33381.6388602895,-15154.187873659,-33384.1014364585,-15154.179327586,-33386.5640126275,-15154.170781513,0,1,0,1
20130619102815.daq,21,7,402.766666666667,1,0,left,0.242904663085938,-90.2429046630859,12,0.0001,65.7474975585938,641.022371477549,2.46091985702515,0.4451564848423,0.122149154543877,-6.33507632071397,-33381.6650249632,-15163.8246887182,-33384.1275938309,-15163.8142486291,-33386.5901626985,-15163.8038085399,0,1,0,1
20130619102815.daq,21,7,402.866666666667,1,0,left,0.273971557617188,-90.2739715576172,12,0.0001,65.8384552001953,650.672034047115,1.88963496685028,0.445230513811111,0.093673937022686,-6.29810327710414,-33381.7021043284,-15173.4748578796,-33384.1646671733,-15173.463082539,-33386.6272300181,-15173.4513071984,0,1,0,1
20130619102815.daq,21,7,402.966666666667,1,0,left,0.282196044921875,-90.2821960449219,12,0.0001,65.9290924072266,660.335013043034,1.05467998981476,0.445088356733322,0.112657263875008,-6.25842945273981,-33381.7416760124,-15183.137166981,-33384.2042371416,-15183.1250381534,-33386.6667982708,-15183.1129093259,0,1,0,1
20130619102815.daq,21,7,403.066666666667,1,0,left,0.266494750976563,-90.2664947509766,12,0.0001,66.0194091796875,670.011262400592,0.307614982128143,0.444949299097061,0.0746903866529465,-6.21247698083133,-33381.7875789588,-15192.8115903093,-33384.2501433193,-15192.8001363206,-33386.7127076798,-15192.788682332,0,1,0,1
20130619102815.daq,21,7,403.166666666667,1,0,left,0.226425170898438,-90.2264251708984,12,0.0001,66.1093826293945,679.700733350895,-0.175779983401299,0.445202797651291,0.122149154543877,-6.16460031715554,-33381.8358800094,-15202.4981158763,-33384.298451778,-15202.4883840751,-33386.7610235466,-15202.4786522739,0,1,0,1
20130619102815.daq,21,7,403.266666666667,1,0,left,0.173919677734375,-90.1739196777344,12,0.0001,66.1989974975586,689.403191281046,-0.263669967651367,0.444846957921982,0.093673937022686,-6.11677688886796,-33381.8834123431,-15212.1980082702,-33384.3459919959,-15212.1905331581,-33386.8085716486,-15212.183058046,0,1,0,1
20130619102815.daq,21,7,403.366666666667,1,0,left,0.114883422851563,-90.1148834228516,12,0.0001,66.2882766723633,699.118950531323,-0.263669967651367,0.445332139730453,0.112657263875008,-6.07340579719202,-33381.9266357208,-15221.909456714,-33384.3892217685,-15221.9045189909,-33386.8518078162,-15221.8995812678,0,1,0,1
20130619102815.daq,21,7,403.466666666667,1,0,left,0.0545196533203125,-90.0545196533203,12,0.0001,66.3771896362305,708.847777421302,-0.263669967651367,0.445032149553299,0.0651987195014954,-6.03804300130496,-33381.961966025,-15231.6345407137,-33384.4245559081,-15231.6321974418,-33386.8871457912,-15231.62985417,0,1,0,1
20130619102815.daq,21,7,403.566666666667,1,0,left,-0.00750732421875,-89.9924926757813,12,0.0001,66.4657363891602,718.589618985898,-0.395504981279373,0.445492655038834,0.103165604174137,-6.00672322857771,-33381.9932888705,-15241.3732517559,-33384.4558798474,-15241.3735744231,-33386.9184708242,-15241.3738970903,0,1,0,1
20130619102815.daq,21,7,403.666666666667,1,0,left,-0.0424460056907776,-89.9263610839844,12,0.0001,66.5539169311523,728.344419462599,-0.527339935302734,0.444723397493362,0.0651987195014954,-5.98919117854048,-33382.0087348608,-15251.1235761722,-33384.4713238249,-15251.1267411956,-33386.933912789,-15251.129906219,0,1,0,1
20130619102815.daq,21,7,403.766666666667,1,0,left,-0.069841305412325,-89.8598175048828,12,0.0001,66.641731262207,738.112126818822,-0.527339935302734,0.444775819778442,0.103165604174137,-5.96909899152038,-33382.020251051,-15260.8875575586,-33384.4828346783,-15260.8935826413,-33386.9454183057,-15260.8996077239,0,1,0,1
20130619102815.daq,21,7,403.866666666667,1,0,left,-0.0989050793836697,-89.7920532226563,12,0.0001,66.7292175292969,747.892688742213,-0.527339935302734,0.445088028907776,0.103165604174137,-5.95811257139812,-33382.016068832,-15270.6641992035,-33384.4786436111,-15270.6731368031,-33386.9412183903,-15270.6820744028,0,1,0,1
20130619102815.daq,21,7,403.966666666667,1,0,left,-0.130860114296041,-89.7231140136719,12,0.0001,66.8163528442383,757.686057023377,-0.527339935302734,0.445001989603043,0.0746903866529465,-5.94832112274938,-33382.0040036403,-15280.4525254184,-33384.466565883,-15280.4644260206,-33386.9291281257,-15280.4763266229,0,1,0,1
20130619102815.daq,21,7,404.066666666667,1,0,left,-0.164162480226508,-89.6539001464844,12,0.000102002512268478,66.9031982421875,767.492183173163,-0.527339935302734,0.445104032754898,0.0841822773218155,-5.94766726726564,-33381.9762985819,-15290.2545115378,-33384.4388446518,-15290.2693869302,-33386.9013907216,-15290.2842623225,0,1,0,1
20130619102815.daq,21,7,404.166666666667,1,0,left,-0.197385828932426,-89.5852661132813,12,0.000106100622813344,66.9897155761719,777.31102196611,-0.527339935302734,0.445638865232468,0.0746903866529465,-5.94886152239874,-33381.9408188352,-15300.0692023299,-33384.4033453192,-15300.0870275699,-33386.8658718032,-15300.1048528098,0,1,0,1
20130619102815.daq,21,7,404.266666666667,1,0,left,-0.232560653371735,-89.5163421630859,12,0.000110237818294302,67.075927734375,787.142528176766,-0.527339935302734,0.444758802652359,0.0841822773218155,-5.95589150895402,-33381.8936045427,-15309.8965760906,-33384.3561078021,-15309.9173636128,-33386.8186110614,-15309.9381511351,0,1,0,1
20130619102815.daq,21,7,404.366666666667,1,0,left,-0.267447830058046,-89.4482421875,12,0.000114407678413074,67.1618804931641,796.986659656861,-0.527339935302734,0.445039749145508,0.0746903866529465,-5.97244038188771,-33381.8308180493,-15319.7366608046,-33384.2932948619,-15319.760375166,-33386.7557716745,-15319.7840895274,0,1,0,1
20130619102815.daq,21,7,404.466666666667,1,0,left,-0.303915674129499,-89.3796691894531,12,0.000118602880286256,67.2475204467773,806.843376029858,-0.483394980430603,0.445232599973679,0.0651987195014954,-5.99165947437545,-33381.7601919924,-15329.5884473418,-33384.2226386594,-15329.6151088383,-33386.6850853265,-15329.6417703348,0,1,0,1
20130619102815.daq,21,7,404.566666666667,1,0,left,-0.342035924840559,-89.3110504150391,12,0.000122815662209056,67.3328399658203,816.712628340363,-0.483394980430603,0.445130378007889,0.0557070598006248,-6.02084450065023,-33381.673940193,-15339.4538995455,-33384.1363531637,-15339.4835101063,-33386.5987661343,-15339.5131206671,0,1,0,1
20130619102815.daq,21,7,404.666666666667,1,0,left,-0.379006475308927,-89.2441711425781,12,0.00012703687797128,67.4178695678711,826.594372575142,-0.483394980430603,0.445222347974777,0.0841822773218155,-6.05211162013443,-33381.5799848883,-15349.330133064,-33384.0423616181,-15349.3626178888,-33386.5047383479,-15349.3951027136,0,1,0,1
20130619102815.daq,21,7,404.766666666667,1,0,left,-0.417389170485734,-89.1769866943359,12,0.000131257473215729,67.5026397705078,836.488569569883,-0.483394980430603,0.444889217615128,0.0841822773218155,-6.09012929310549,-33381.4742940685,-15359.2200258868,-33383.9366310141,-15359.2553980465,-33386.3989679597,-15359.2907702061,0,1,0,1
20130619102815.daq,21,7,404.866666666667,1,0,left,-0.457000717131663,-89.1096801757813,12,0.000135469821969987,67.5871276855469,846.395178575054,-0.483394980430603,0.445134431123734,0.0746903866529465,-6.13889836636597,-33381.3529727597,-15369.121629502,-33383.8152664539,-15369.159894194,-33386.2775601482,-15369.1981588859,0,1,0,1
20130619102815.daq,21,7,404.966666666667,1,0,left,-0.498100332494317,-89.0419921875,12,0.000139667030184808,67.6713256835938,856.314158281624,-0.483394980430603,0.445106536149979,0.0841822773218155,-6.19471661750803,-33381.2199113086,-15379.0359138039,-33383.6821580796,-15379.0770873687,-33386.1444048505,-15379.1182609335,0,1,0,1
20130619102815.daq,21,7,405.066666666667,1,0,left,-0.538478793477665,-88.9757232666016,12,0.000143842137340825,67.7552261352539,866.245464583124,-0.483394980430603,0.444984704256058,0.0841822773218155,-6.2538084383345,-33381.0791264549,-15388.9619483982,-33383.5413239571,-15389.0059697962,-33386.0035214593,-15389.0499911942,0,1,0,1
20130619102815.daq,21,7,405.166666666667,1,0,left,-0.575537900053831,-88.914306640625,12,0.000147989265770279,67.8388519287109,876.18905579752,-0.0439449958503246,0.444605976343155,0.0746903866529465,-6.32311547675996,-33380.9230160841,-15398.9007985672,-33383.3851649843,-15398.9474592238,-33385.8473138844,-15398.9941198805,0,1,0,1
20130619102815.daq,21,7,405.266666666667,1,0,left,-0.587122346410595,-88.8794708251953,12,0.000152104010715525,67.9222412109375,886.144894159239,1.49412989616394,0.444597452878952,0.093673937022686,-6.39462554446,-33380.7607241413,-15408.8520492996,-33383.2228442167,-15408.9002069333,-33385.6849642921,-15408.948364567,0,1,0,1
20130619102815.daq,21,7,405.366666666667,1,0,left,-0.572316498814288,-88.8721313476563,12,0.000156184290392054,68.0054702758789,896.112951134273,2.02146983146667,0.445159912109375,0.0651987195014954,-6.47267529694151,-33380.5883992467,-15418.8157271861,-33383.0505131331,-15418.8642002122,-33385.5126270194,-15418.9126732383,0,1,0,1
20130619102815.daq,21,7,405.466666666667,1,0,left,-0.539359993558804,-88.8837127685547,12,0.000160230809561595,68.0885009765625,906.093200519819,1.93357992172241,0.444849282503128,0.0746903866529465,-6.55247957861648,-33380.4094216746,-15428.7935649322,-33382.8715453086,-15428.8415402806,-33385.3336689427,-15428.8895156289,0,1,0,1
20130619102815.daq,21,7,405.566666666667,1,0,left,-0.478569381173529,-88.9015350341797,12,0.000164246821782194,68.1713180541992,916.085612662915,1.80174493789673,0.44505849480629,0.0651987195014954,-6.63669549993563,-33380.2230142769,-15438.7842586612,-33382.685152715,-15438.831468146,-33385.147291153,-15438.8786776307,0,1,0,1
20130619102815.daq,21,7,405.666666666667,1,0,left,-0.160006016611462,-88.9151763916016,12,0.000168235429198589,68.2538757324219,926.090153248151,1.62596487998962,0.445415705442429,0.0557070598006248,-6.68341195358291,-33380.0402569133,-15448.7855865887,-33382.5024065214,-15448.8322098699,-33384.9645561296,-15448.8788331511,0,1,0,1
20130619102815.daq,21,7,405.766666666667,1,0,left,0.113844497872577,-88.922119140625,12,0.000172199037134482,68.3361892700195,936.106783857205,1.40623998641968,0.445172518491745,0.0177401825785637,-6.68428358138344,-33379.853182623,-15458.8004137764,-33382.3153378626,-15458.8467387092,-33384.7774931022,-15458.8930636419,0,1,1,1
20130619102815.daq,21,7,405.866666666667,1,0,left,0.33532413544728,-88.9200286865234,12,0.000176140491383961,68.4182434082031,946.135467750217,1.09862494468689,0.445237845182419,0.036723505705595,-6.63911909333267,-33379.66946069,-15468.8257505853,-33382.1316142378,-15468.8721653506,-33384.5937677856,-15468.9185801158,0,1,1,1
20130619102815.daq,21,7,405.966666666667,1,0,left,0.501040313906032,-88.9054870605469,12,0.000180061595266175,68.5000305175781,956.176167348087,0.74706494808197,0.445351213216782,0.0841822773218155,-6.5592494218005,-33379.4849753271,-15478.8634620379,-33381.9471170156,-15478.9105016943,-33384.4092587041,-15478.9575413508,0,1,1,1
20130619102815.daq,21,7,406.066666666667,1,0,left,0.610724970955388,-88.8782043457031,12,0.000183962309956199,68.5815505981445,966.228842554032,0.131834998726845,0.444655150175095,0.0746903866529465,-6.45210420860525,-33379.299709007,-15488.911586951,-33381.7618280174,-15488.959799008,-33384.2239470277,-15489.008011065,0,1,1,1
20130619102815.daq,21,7,406.166666666667,1,0,left,0.65163698405398,-88.8254241943359,12,0.000187840039601733,68.6628036499023,976.293454763225,-0.834954977035522,0.444839835166931,0.0746903866529465,-6.32583345333313,-33379.112880515,-15498.97174772,-33381.5749540683,-15499.0222278292,-33384.0370276216,-15499.0727079385,0,1,1,1
20130619102815.daq,21,7,406.266666666667,1,0,left,0.613589744959484,-88.7369537353516,12,0.000191689263366841,68.7437362670898,986.369960988159,-2.02146983146667,0.445114523172379,0.093673937022686,-6.19647964995594,-33378.9160549876,-15509.0417225488,-33381.3780476595,-15509.0960042861,-33383.8400403314,-15509.1502860234,0,1,1,1
20130619102815.daq,21,7,406.366666666667,1,0,left,0.520467500876038,-88.6249847412109,12,0.000195502267340472,68.8242721557617,996.458308636764,-2.32908487319946,0.444626182317734,0.112657263875008,-6.06691219905175,-33378.7138888845,-15519.1227956796,-33381.1757707764,-15519.1818886042,-33383.6376526684,-15519.2409815289,0,1,1,1
20130619102815.daq,21,7,406.466666666667,1,0,left,0.627162936768443,-88.4967193603516,12,0.000199270087949302,68.9044876098633,1006.55844493047,-2.2411949634552,0.444229006767273,0.0651987195014954,-5.93043235546578,-33378.4951072916,-15529.2131942701,-33380.9568507261,-15529.2777983419,-33383.4185941606,-15529.3424024137,0,1,1,1
20130619102815.daq,21,7,406.566666666667,1,0,left,0.706637837464882,-88.3641815185547,12,0.000202983596828813,68.984245300293,1016.67031410674,-2.2411949634552,0.443832606077194,0.0841822773218155,-5.76616065507837,-33378.2643535682,-15539.316158101,-33380.725940973,-15539.3864565532,-33383.1875283777,-15539.4567550055,0,1,1,1
20130619102815.daq,21,7,406.666666666667,1,0,left,0.764251895167064,-88.2298431396484,12,0.000206636418649101,69.0634841918945,1026.79384305886,-2.2411949634552,0.444903969764709,0.0746903866529465,-5.58984137439803,-33378.0100605807,-15549.429797718,-33380.4714763944,-15549.5058675253,-33382.9328922081,-15549.5819373327,0,0,1,0
20130619102815.daq,21,7,406.766666666667,1,0,left,0.796193189206122,-88.0959625244141,12,0.000210228627598157,69.1422500610352,1036.92895737463,-2.2411949634552,0.443811893463135,0.0841822773218155,-5.40005671981146,-33377.7362725808,-15559.5541724957,-33380.1975039259,-15559.6359935759,-33382.6587352711,-15559.7178146562,0,0,1,0
20130619102815.daq,21,7,406.866666666667,1,0,left,0.805896341800704,-87.9627227783203,12,0.000213763127735881,69.2206726074219,1047.07559877383,-2.2411949634552,0.444430440664291,0.0557070598006248,-5.20648876794433,-33377.4390944253,-15569.68928755,-33379.900128843,-15569.776831929,-33382.3611632607,-15569.8643763081,0,0,1,0
20130619102815.daq,21,7,406.966666666667,1,0,left,0.793036131531579,-87.8280334472656,12,0.000217244459742055,69.298713684082,1057.23371419812,-2.32908487319946,0.444554179906845,0.0746903866529465,-5.00800946329614,-33377.1223051544,-15579.8350869233,-33379.5831269754,-15579.9284163866,-33382.0439487964,-15580.02174585,0,0,1,0
20130619102815.daq,21,7,407.066666666667,1,0,left,0.749544614363259,-87.6876831054688,12,0.000220678728292708,69.3764419555664,1067.40325226765,-2.46091985702515,0.443759322166443,0.036723505705595,-4.81813078590752,-33376.7778367401,-15589.9914560717,-33379.2384225608,-15590.090813218,-33381.6990083814,-15590.1901703644,0,0,1,0
20130619102815.daq,21,7,407.166666666667,1,0,left,0.836999713222639,-87.5474700927734,12,0.000224072963961626,69.4538879394531,1077.58416971519,-2.46091985702515,0.444194585084915,0.141132473945618,-4.6293536586881,-33376.4060422117,-15600.1585502581,-33378.8663775201,-15600.2639285942,-33381.3267128285,-15600.3693069303,0,0,1,0
20130619102815.daq,21,7,407.266666666667,1,0,left,0.964460746352202,-87.4053649902344,12,0.00022743441329109,69.5310516357422,1087.77642476548,-2.46091985702515,0.444094568490982,0.0462154000997543,-4.41126149337918,-33376.014611077,-15610.335337488,-33378.4746774588,-15610.4468176221,-33380.9347438407,-15610.5582977562,0,0,1,0
20130619102815.daq,21,7,407.366666666667,1,0,left,1.04666189438109,-87.2612915039063,12,0.00023077037142312,69.6079788208008,1097.97997974616,-2.46091985702515,0.444153636693954,0.0651987195014954,-4.17645174332081,-33375.5957266537,-15620.5227913953,-33378.0555049352,-15620.6404571468,-33380.5152832168,-15620.7581228984,0,0,1,0
20130619102815.daq,21,7,407.466666666667,1,0,left,1.08419782766178,-87.1183624267578,12,0.000234088461138586,69.6846618652344,1108.19479931612,-2.54880976676941,0.444317132234573,0.0841822773218155,-3.93149885703028,-33375.1495776577,-15630.7209972101,-33377.609054759,-15630.8447987102,-33380.0685318604,-15630.9686002103,0,0,1,0
20130619102815.daq,21,7,407.566666666667,1,0,left,1.07064277484309,-86.9642944335938,12,0.000237396841467116,69.7610931396484,1118.42084776122,-3.20798492431641,0.444131284952164,0.0841822773218155,-3.68097699493697,-33374.6793281645,-15640.9276606774,-33377.1384634729,-15641.0580752405,-33379.5975987814,-15641.1884898037,0,0,1,0
20130619102815.daq,21,7,407.666666666667,1,0,left,1.03628813654822,-86.7763519287109,12,0.000240699274077894,69.8370895385742,1128.65807771128,-4.57027959823608,0.444167345762253,0.0651987195014954,-3.43240679113164,-33374.1836093819,-15651.144092733,-33376.6423036733,-15651.2825730738,-33379.1009979647,-15651.4210534147,0,0,1,0
20130619102815.daq,21,7,407.766666666667,1,0,left,1.0421548268248,-86.5503845214844,12,0.000243992796596775,69.9125137329102,1138.90641158368,-5.58101463317871,0.443792372941971,0.093673937022686,-3.17917706213537,-33373.6543683838,-15661.368202918,-33376.112497406,-15661.5163789403,-33378.5706264282,-15661.6645549627,0,0,1,0
20130619102815.daq,21,9,418.9,1,0,right,0.649705853749438,-64.9041900634766,12,0.000311797778455853,73.6268081665039,0,-2.02146983146667,0.568377673625946,0.0746903866529465,2.84344233351883,-33076.5469857233,-16765.8392499881,-33078.7771076841,-16766.8837165809,-33081.0072296448,-16767.9281831738,1,0,0,0
20130619102815.daq,21,9,419,1,0,right,0.708134286707619,-64.7810211181641,12,0.000311473520168229,73.7228317260742,10.8056720904424,-2.02146983146667,0.565926969051361,0.0462154000997543,3.01391079885176,-33072.0101340383,-16775.6360081118,-33074.2380055542,-16776.685266389,-33076.4658770701,-16777.7345246661,1,0,0,0
20130619102815.daq,21,9,419.1,1,0,right,0.778402162557583,-64.6560821533203,12,0.000311210306363037,73.8183288574219,21.6253880377262,-2.02146983146667,0.564615964889526,0.0272318441420794,3.21042707991809,-33067.441964992,-16785.4385274394,-33069.6675432043,-16786.4926413064,-33071.8931214165,-16787.5467551735,1,0,0,0
20130619102815.daq,21,9,419.2,1,0,right,0.854800141004247,-64.533203125,12,0.000311008333089739,73.9132766723633,32.4590694199942,-2.02146983146667,0.564073741436005,0.0841822773218155,3.42014024882909,-33062.8465585975,-16795.2430880004,-33065.0698709946,-16796.3019725117,-33067.2931833917,-16797.360857023,1,0,0,0
20130619102815.daq,21,9,419.3,1,0,right,0.936126240293206,-64.4095611572266,12,0.000310868014904961,74.0077362060547,43.3065441007566,-2.02146983146667,0.563039660453796,0.093673937022686,3.64818835191078,-33058.2276931365,-16805.0495524908,-33060.4487153289,-16806.1132323509,-33062.6697375212,-16807.1769122109,1,0,0,0
20130619102815.daq,21,9,419.4,1,0,right,1.01322781243887,-64.2849426269531,12,0.000310789456618704,74.1017150878906,54.1679341421186,-2.0654149055481,0.561757445335388,0.093673937022686,3.89105123349241,-33053.5814530121,-16814.8579102566,-33055.8001564452,-16815.9264183283,-33058.0188598783,-16816.9949264,1,0,0,0
20130619102815.daq,21,9,419.5,1,0,right,1.08756339841216,-64.1607666015625,12,0.000310771934153824,74.1952743530273,65.0430763594486,-2.10935974121094,0.561809062957764,0.0651987195014954,4.14590647855532,-33048.9039960263,-16824.6701837827,-33051.1203784938,-16825.7434978938,-33053.3367609613,-16826.816812005,1,0,0,0
20130619102815.daq,21,9,419.6,1,0,right,1.14499610498446,-64.0228576660156,12,0.000310813515449376,74.2883911132813,75.9319085560783,-2.8564248085022,0.561867952346802,0.103165604174137,4.41781468840592,-33044.2024996908,-16834.4837232252,-33046.416292311,-16835.5623689771,-33048.6300849313,-16836.641014729,1,0,0,0
20130619102815.daq,21,9,419.7,1,0,right,1.1764748382767,-63.8516235351563,12,0.000310912494443315,74.3809432983398,86.8343589307697,-4.26266479492188,0.561724007129669,0.0746903866529465,4.701321383262,-33039.4721880205,-16844.2975584257,-33041.682747119,-16845.3828154899,-33043.8933062175,-16846.4680725541,1,0,0,0
20130619102815.daq,21,9,419.8,1,0,right,1.16869628453217,-63.6392517089844,12,0.000311068455778827,74.4727630615234,97.7503314377027,-5.44917964935303,0.561976194381714,0.0841822773218155,4.99305090654501,-33034.7088222504,-16854.1093365576,-33036.9153435726,-16855.202779779,-33039.1218648947,-16856.2962230004,1,0,0,0
20130619102815.daq,21,9,419.9,1,0,right,1.10779981724242,-63.3770599365234,12,0.000311279755493233,74.5636978149414,108.679708956915,-6.5478048324585,0.561186194419861,0.103165604174137,5.29238942722481,-33029.9120411122,-16863.9146999463,-33032.1135356326,-16865.0182289673,-33034.315030153,-16866.1217579883,1,0,0,0
20130619102815.daq,21,9,420,1,0,right,0.99370486180085,-63.0615997314453,12,0.000311540983678189,74.6534423828125,119.622340985559,-7.77826452255249,0.561321020126343,0.0841822773218155,5.58987413726425,-33025.0739146978,-16873.7153995672,-33027.2693000496,-16874.8310328317,-33029.4646854013,-16875.9466660961,1,0,0,0
20130619102815.daq,21,9,420.1,1,0,right,0.826002285116843,-62.6958618164063,12,0.000311841455478932,74.7416305541992,130.578024242197,-8.74505424499512,0.560689210891724,0.0841822773218155,5.88062318858403,-33020.1907114863,-16883.5037347358,-33022.3789307028,-16884.6333590469,-33024.5671499193,-16885.7629833579,0,1,0,1
20130619102815.daq,21,9,420.2,1,0,right,0.616724268132351,-62.2884674072266,12,0.00031217059817531,74.8280868530273,141.546516747301,-9.53606414794922,0.560888171195984,0.122149154543877,6.15589937762213,-33015.2550408647,-16893.2781463263,-33017.4351727826,-16894.4233010075,-33019.6153047006,-16895.5684556886,0,1,0,1
20130619102815.daq,21,9,420.3,1,0,right,0.368663509970574,-61.8342895507813,12,0.000312517871130978,74.9124526977539,152.527543324948,-10.7665243148804,0.560395896434784,0.0841822773218155,6.40355978413829,-33010.2550099195,-16903.0324767591,-33012.4259959123,-16904.1948769667,-33014.596981905,-16905.3572771743,0,1,0,1
20130619102815.daq,21,9,420.4,1,0,right,0.065244222822713,-61.3266906738281,12,0.00031287263632249,74.9942092895508,163.52075709121,-12.3045997619629,0.560530662536621,0.198082908987999,6.61957028400924,-33005.1864884453,-16912.7643865101,-33007.3470913574,-16913.9459742046,-33009.5076942694,-16915.1275618991,0,1,0,1
20130619102815.daq,21,9,420.5,1,0,right,-0.285771441397955,-60.7733917236328,12,0.000313224353106684,75.0732116699219,174.525756798357,-12.9198293685913,0.56005597114563,0.093673937022686,6.79238385058108,-33000.0420617708,-16922.4644500962,-33002.1911536564,-16923.6668470733,-33004.340245542,-16924.8692440505,0,1,0,1
20130619102815.daq,21,9,420.6,1,0,right,-0.66284321903138,-60.1958923339844,12,0.000313563038593795,75.1499252319336,185.542170665161,-12.7879943847656,0.559992611408234,0.103165604174137,6.91518864633715,-32994.8148775369,-16932.1317803725,-32996.9517411851,-16933.355777175,-32999.0886048333,-16934.5797739775,0,1,0,1
20130619102815.daq,21,9,420.7,1,0,right,-1.03216633760961,-59.6211700439453,12,0.000313879724072865,75.224723815918,196.569687521805,-12.0409297943115,0.559748709201813,0.093673937022686,6.98108888812652,-32989.4982660076,-16941.7638591088,-32991.6227446978,-16943.0092284188,-32993.747223388,-16944.2545977289,0,1,0,1
20130619102815.daq,21,9,420.8,1,0,right,-1.37018940438254,-59.0752716064453,12,0.000314167154200945,75.2984771728516,207.608087302149,-10.6786346435547,0.548694491386414,0.141132473945618,6.98789133434436,-32984.0893702357,-16951.3581632041,-32986.2018871422,-16952.6237171315,-32988.3144040487,-16953.8892710589,0,1,1,1
20130619102815.daq,21,9,420.9,1,0,right,-1.66875325690414,-58.5718841552734,12,0.000314420398117261,75.3719177246094,218.657274892859,-9.44817447662354,0.542637348175049,0.122149154543877,6.93437345348683,-32978.588695002,-16960.9115506913,-32980.690011656,-16962.1956156207,-32982.79132831,-16963.4796805501,0,1,1,1
20130619102815.daq,21,9,421,1,0,right,-1.91460228423485,-58.1242218017578,12,0.000314637197337551,75.4457473754883,229.717253277879,-7.86615467071533,0.541574835777283,0.141132473945618,6.81865617584887,-32972.9927979811,-16970.4267288774,-32975.0840179662,-16971.7271724161,-32977.1752379513,-16973.0276159548,0,1,1,1
20130619102815.daq,21,9,421.1,1,0,right,-2.10124819882021,-57.7354431152344,12,0.000314818107770977,75.5206909179688,240.788133889015,-6.5478048324585,0.54051661491394,0.0462154000997543,6.64629180644279,-32967.3095466766,-16979.9039209633,-32969.3918944688,-16981.2185243619,-32971.4742422611,-16982.5331277605,0,1,1,1
20130619102815.daq,21,9,421.2,1,0,right,-2.23449902569084,-57.3975677490234,12,0.000314966420541089,75.5971374511719,251.870113014076,-5.53706979751587,0.539727032184601,0.0841822773218155,6.42322688103376,-32961.5424740281,-16989.3466503544,-32963.6170333929,-16990.6735105074,-32965.6915927576,-16992.0003706604,0,1,1,1
20130619102815.daq,21,9,421.3,1,0,right,-2.31865688937805,-57.1069488525391,12,0.00031508765160812,75.6753158569336,262.963430114869,-4.70211458206177,0.539999961853027,0.0841822773218155,6.15974035060227,-32955.699203943,-16998.7586613893,-32957.7670064745,-17000.0960271261,-32959.8348090061,-17001.4333928629,0,1,1,1
20130619102815.daq,21,9,421.4,1,0,right,-2.36731602992067,-56.8511047363281,12,0.000315188991593268,75.7550659179688,274.06833220632,-4.13082981109619,0.522229492664337,0.093673937022686,5.85807503873809,-32949.7831260398,-17008.1412568142,-32951.8449362072,-17009.4878425919,-32953.9067463747,-17010.8344283697,0,1,1,1
20130619102815.daq,21,9,421.5,1,0,right,-2.39667300898794,-56.6205902099609,12,0.000315278371169172,75.8359832763672,285.185025460567,-3.91110491752625,0.439494162797928,0.0651987195014954,5.53534272357267,-32943.8094805789,-17017.5017523288,-32945.86585644,-17018.8566223379,-32947.9222323011,-17020.211492347,0,0,1,0
20130619102815.daq,21,9,421.6,1,0,right,-2.4033378291875,-56.4120483398438,12,0.00031536326765943,75.9167861938477,296.313600142035,-3.25192975997925,0.360443979501724,0.103165604174137,5.19090944558434,-32937.7781239114,-17026.8399763126,-32939.8295547846,-17028.2023220089,-32941.8809856578,-17029.5646677051,0,0,1,0
20130619102815.daq,21,9,421.7,1,0,right,-2.38125990870275,-56.2296600341797,12,0.00031545129141246,75.9942321777344,307.453857165463,-2.54880976676941,0.355161100625992,0.093673937022686,4.83497520273007,-32931.6970131587,-17036.1620264598,-32933.7440969224,-17037.5308955141,-32935.7911806861,-17038.8997645684,0,0,1,0
20130619102815.daq,21,9,421.8,1,0,right,-2.34181933629134,-56.0605010986328,12,0.000315551794441208,76.0570220947266,318.604528446289,-2.54880976676941,0.237500950694084,0.093673937022686,4.47162688340053,-32925.5695557401,-17045.4691560105,-32927.6125891658,-17046.84406286,-32929.6556225915,-17048.2189697096,0,0,1,0
20130619102815.daq,21,9,421.9,1,0,right,-2.2951541084853,-55.9002990722656,12,0.000315672817419409,76.0990676879883,329.762957711529,-2.50486493110657,0.123653881251812,0.122149154543877,4.1117389295161,-32919.4073043017,-17054.7611344731,-32921.4464854341,-17056.1417483702,-32923.4856665665,-17057.5223622672,0,0,1,0
20130619102815.daq,21,9,422,1,0,right,-2.2582737406682,-55.7353515625,12,0.000315819178373733,76.0998001098633,340.924924167091,-2.50486493110657,0.0815784335136414,0.122149154543877,3.75210356256809,-32913.2097445819,-17064.0352565592,-32915.2449426517,-17065.4217352788,-32917.2801407215,-17066.8082139985,0,0,1,0
20130619102815.daq,21,9,422.1,1,0,right,-2.22808605172376,-55.5619812011719,12,0.000315990936632215,76.0461883544922,352.08286145395,-2.37302994728088,0.0226706583052874,0.122149154543877,3.39609074388293,-32906.9845551005,-17073.2874115045,-32909.0155485364,-17074.68004214,-32911.0465419722,-17076.0726727755,0,0,1,0
20130619102815.daq,21,9,422.2,1,0,right,-2.19050564629403,-55.3889312744141,12,0.000316186914096448,75.9432678222656,363.229510000201,-1.84568989276886,0,0.122149154543877,3.04980808383654,-32900.7398751591,-17082.5122209887,-32902.7666531881,-17083.9109794542,-32904.7934312171,-17085.3097379197,0,0,1,0
20130619102815.daq,21,9,422.3,1,0,right,-2.1463213022253,-55.2273254394531,12,0.000316405969023914,75.7962188720703,374.357300369651,-1.23045992851257,0,0.122149154543877,2.70996655227977,-32894.4761132374,-17091.7024893937,-32896.4989379359,-17093.1069589244,-32898.5217626344,-17094.5114284551,0,0,1,0
20130619102815.daq,21,9,422.4,1,0,right,-2.09429846678464,-55.072509765625,12,0.000316647862513702,75.6419525146484,385.462813517646,-1.14256989955902,0,0.0651987195014954,2.3795463199282,-32888.200906239,-17100.8560087833,-32890.2199286204,-17102.26593894,-32892.2389510017,-17103.6758690968,0,0,1,0
20130619102815.daq,21,9,422.5,1,0,right,-2.03855264292904,-54.9271087646484,12,0.000316913538967183,75.4870452880859,396.545628521082,-1.14256989955902,0,0.103165604174137,2.05959587793598,-32881.9143467993,-17109.9729272351,-32883.9297846665,-17111.3879765724,-32885.9452225337,-17112.8030259096,0,0,1,0
20130619102815.daq,21,9,422.6,1,0,right,-1.97506225078018,-54.7915954589844,12,0.000317205486101655,75.3325881958008,407.605752560055,-0.74706494808197,0,0.112657263875008,1.75007602402217,-32875.6164481461,-17119.0532737726,-32877.6285335705,-17120.4730859673,-32879.640618995,-17121.8928981619,0,0,1,0
20130619102815.daq,21,9,422.7,1,0,right,-1.86347415039283,-54.6962127685547,12,0.000317528253063387,75.1789703369141,418.643280654665,0.92284494638443,0,0.0841822773218155,1.45318288209889,-32869.3083013796,-17128.1006911682,-32871.3180203961,-17129.5238509969,-32873.3277394125,-17130.9470108257,0,0,1,0
20130619102815.daq,21,9,422.8,1,0,right,-1.71551196400954,-54.6393280029297,12,0.000317888625429708,75.0256805419922,429.658333002058,1.58201992511749,0,8.12366962432861,1.16936046866508,-32862.9898362916,-17137.1170487148,-32864.9981413671,-17138.5422031441,-32867.0064464426,-17139.9673575733,0,0,1,0
20130619102815.daq,21,9,422.9,1,0,right,-1.53395732650711,-54.6181182861328,12,0.00031829549909805,74.8537902832031,440.649960800081,1.62596487998962,0,10.9047431945801,0.905095331110191,-32856.6687569521,-17146.1041461137,-32858.6765343271,-17147.5300438784,-32860.6843117022,-17148.9559416431,0,0,1,0
20130619102815.daq,21,9,423,1,0,right,-1.32894719405001,-54.6224060058594,12,0.000318757966278247,74.6332855224609,451.613095440502,1.97752487659454,0,10.8003339767456,0.667994047155518,-32850.3525056897,-17155.0614167119,-32852.3603897659,-17156.4871642209,-32854.3682738422,-17157.91291173,0,0,1,0
20130619102815.daq,21,9,423.1,1,0,right,-1.0917915407828,-54.6636047363281,12,0.000319282586979469,74.3466796875,462.539140915818,3.12009477615356,0,11.9962902069092,0.461582479728701,-32844.0454020573,-17163.9855909074,-32846.0543108031,-17165.409894272,-32848.063219549,-17166.8341976366,0,0,1,0
20130619102815.daq,21,9,423.2,1,0,right,-0.818411394148363,-54.7321472167969,12,0.000319875498727477,73.9913864135742,473.418063048957,3.42770981788635,0,10.3257474899292,0.293471562879476,-32837.7627285834,-17172.8683199616,-32839.7733397741,-17174.2902190661,-32841.7839509647,-17175.7121181707,0,0,1,0
20130619102815.daq,21,9,423.3,1,0,right,-0.543795283337289,-54.8095245361328,12,0.000320541963001766,73.5840759277344,484.240717998284,2.68064475059509,0,9.67081928253174,0.172566457481169,-32831.5116306221,-17181.7085694365,-32833.5241602378,-17183.127751937,-32835.5366898534,-17184.5469344375,0,0,1,0
20130619102815.daq,21,9,423.4,1,0,right,-0.270515081556795,-54.8829040527344,12,0.000321285227459101,73.1662445068359,495.002230086422,2.15330481529236,0,8.27553653717041,0.0585999110378172,-32825.3033616943,-17190.4997644953,-32827.3177072261,-17191.9163683574,-32829.3320527578,-17193.3329722195,0,0,1,0
20130619102815.daq,21,9,423.5,1,0,right,-0.0264168139429728,-54.9463500976563,12,0.000322105867921228,72.7794494628906,505.704441248345,2.02146983146667,0,7.60162448883057,0.0655984222351142,-32819.1337982351,-17199.2474349628,-32821.149711197,-17200.6618073866,-32823.165624159,-17202.0761798105,0,0,1,0
20130619102815.daq,21,10,440.766666666667,1,0,left,-0.161939534511568,-29.5486373901367,12,0.0001,62.3983535766602,0,1.62596487998962,0.479632258415222,0.141132473945618,-3.22105961230986,-31522.7507756718,-18285.9600727438,-31523.9652324966,-18288.1023726864,-31525.1796893214,-18290.244672629,1,0,0,0
20130619102815.daq,21,10,440.866666666667,1,0,left,-0.139502698815264,-29.5679702758789,12,0.0001,62.5290451049805,9.16137411478849,2.02146983146667,0.478725284337997,0.141132473945618,-3.2385615106857,-31514.7841546805,-18290.4828307291,-31515.9993342963,-18292.6247207647,-31517.2145139122,-18294.7666108003,1,0,0,0
20130619102815.daq,21,10,440.966666666667,1,0,left,-0.107946573848022,-29.5962829589844,12,0.0001,62.6586151123047,18.3418385948098,2.50486493110657,0.478661388158798,-0.00124337221495807,-3.25647939894496,-31506.8019911596,-18295.0159458027,-31508.018229041,-18297.1572350963,-31509.2344669225,-18299.29852439,1,0,0,0
20130619102815.daq,21,10,441.066666666667,1,0,left,-0.0742788450226755,-29.6269226074219,12,0.0001,62.7869338989258,27.5412135639854,2.15330481529236,0.478973895311356,0.122149154543877,-3.27081507648721,-31498.8022717856,-18299.5628858939,-31500.0196545749,-18301.7035244828,-31501.2370373641,-18303.8441630716,1,0,0,0
20130619102815.daq,21,10,441.166666666667,1,0,left,-0.054864559394165,-29.6435241699219,12,0.0001,62.9141464233398,36.7593256736072,1.23045992851257,0.477774769067764,0.0272318441420794,-3.28120875601633,-31490.7907055388,-18304.1206199917,-31492.0087085311,-18306.2609057516,-31493.2267115234,-18308.4011915116,1,0,0,0
20130619102815.daq,21,10,441.266666666667,1,0,left,-0.0543500197709115,-29.6414413452148,12,0.0001,63.0404281616211,45.99602553976,0.878899991512299,0.477614045143127,0.150624141097069,-3.28984010807727,-31482.7633426385,-18308.6888421825,-31483.9812678259,-18310.8291722181,-31485.1991930134,-18312.9695022536,1,0,0,0
20130619102815.daq,21,10,441.366666666667,1,0,left,-0.0627788658217305,-29.6306304931641,12,0.0001,63.1658668518066,55.2511846195775,0.834954977035522,0.477473348379135,0.18859101831913,-3.29548660100055,-31474.7222276941,-18313.2682082451,-31475.9397490118,-18315.4087680467,-31477.1572703295,-18317.5493278483,1,0,0,0
20130619102815.daq,21,10,441.466666666667,1,0,left,-0.0775425901544402,-29.6136627197266,12,0.0001,63.2904891967773,64.5246805245843,0.703119993209839,0.477568298578262,0.122149154543877,-3.29836573439848,-31466.6654314569,-18317.8588874911,-31467.8823188084,-18319.9998077599,-31469.0992061598,-18322.1407280287,1,0,0,0
20130619102815.daq,21,10,441.566666666667,1,0,left,-0.102145508090157,-29.5871124267578,12,0.0001,63.4143562316895,73.8163985593055,0.395504981279373,0.495620578527451,0.122149154543877,-3.30425922983126,-31458.5929230023,-18322.4547948408,-31459.808818142,-18324.5962787732,-31461.0247132817,-18326.7377627055,1,0,0,0
20130619102815.daq,21,10,441.666666666667,1,0,left,-0.128933185452858,-29.5585632324219,12,0.0001,63.5380096435547,83.1262513499896,0.395504981279373,0.535835683345795,0.093673937022686,-3.31079966007889,-31450.5047721699,-18327.0583828951,-31451.7196001056,-18329.2004724147,-31452.9344280412,-18331.3425619343,1,0,0,0
20130619102815.daq,21,10,441.766666666667,1,0,left,-0.156969085186088,-29.5290145874023,12,0.0001,63.6630363464355,92.4543313990362,0.395504981279373,0.570253968238831,0.0651987195014954,-3.32099691216573,-31442.3970819651,-18331.6697174736,-31443.6108050184,-18333.8124332208,-31444.8245280717,-18335.955148968,1,0,0,0
20130619102815.daq,21,10,441.866666666667,1,0,left,-0.187792738917441,-29.4968719482422,12,0.0001,63.7896423339844,101.800861849784,0.351559996604919,0.610592186450958,0.0462154000997543,-3.33386528577879,-31434.2737443444,-18336.2847872524,-31435.4862651542,-18338.4281835548,-31436.698785964,-18340.5715798572,1,0,0,0
20130619102815.daq,21,10,441.966666666667,1,0,left,-0.220632561401761,-29.4629364013672,12,0.0001,63.9185562133789,111.166117924789,0.307614982128143,0.633747577667236,0.0841822773218155,-3.3517522472006,-31426.1308605453,-18340.9055981037,-31427.3421116367,-18343.0497121905,-31428.5533627281,-18345.1938262772,1,0,0,0
20130619102815.daq,21,10,442.066666666667,1,0,left,-0.252635154837829,-29.430061340332,12,0.0001,64.0505981445313,120.550503809092,0.307614982128143,0.633335709571838,0.0746903866529465,-3.37421771003287,-31417.9684563115,-18345.5323380334,-31419.178476958,-18347.6771467565,-31420.3884976044,-18349.8219554796,1,0,0,0
20130619102815.daq,21,10,442.166666666667,1,0,left,-0.28428117280253,-29.3977661132813,12,0.0001,64.1856994628906,129.954487702766,0.26366999745369,0.632969617843628,0.0746903866529465,-3.40306122279049,-31409.7865272386,-18350.1630222572,-31410.9953387543,-18352.3085126774,-31412.2041502699,-18354.4540030976,1,0,0,0
20130619102815.daq,21,10,442.266666666667,1,0,left,-0.318967747606496,-29.3626480102539,12,0.0001,64.311393737793,139.378314755741,0.0439449995756149,0.621272563934326,0.122149154543877,-3.43652591812896,-31401.5850430645,-18354.7993796426,-31402.7925393252,-18356.9456105724,-31404.0000355858,-18359.0918415021,1,0,0,0
20130619102815.daq,21,10,442.366666666667,1,0,left,-0.365315978568379,-29.3161010742188,12,0.0001,64.4608383178711,148.82233073299,-0.175779983401299,0.603390216827393,0.103165604174137,-3.47694575990211,-31393.3619750672,-18359.4388897564,-31394.5677273374,-18361.5861009445,-31395.7734796075,-18363.7333121327,1,0,0,0
20130619102815.daq,21,10,442.466666666667,1,0,left,-0.413626969770842,-29.2678146362305,12,0.0001,64.5987396240234,158.286725861159,-0.219724982976913,0.586435079574585,0.112657263875008,-3.52352679370704,-31385.1193630665,-18364.0841442384,-31386.3233053307,-18366.2323708205,-31387.527247595,-18368.3805974025,1,0,0,0
20130619102815.daq,21,10,442.566666666667,1,0,left,-0.464540416577407,-29.217155456543,12,0.0001,64.7360076904297,167.77130581066,-0.219724982976913,0.574460804462433,0.0651987195014954,-3.57594565043368,-31376.855248715,-18368.7331481772,-31378.0572911125,-18370.8824384084,-31379.25933351,-18373.0317286397,1,0,0,0
20130619102815.daq,21,10,442.666666666667,1,0,left,-0.516295516368711,-29.165885925293,12,0.0001,64.8722305297852,177.275944882698,-0.175779983401299,0.566195666790009,0.112657263875008,-3.63568284107067,-31368.5716007891,-18373.3860177303,-31369.7717194732,-18375.5363827151,-31370.9718381573,-18377.6867476998,1,0,0,0
20130619102815.daq,21,10,442.766666666667,1,0,left,-0.566061765274881,-29.1168365478516,12,0.0001,65.0070877075195,186.800468329835,0,0.544252514839172,0.103165604174137,-3.70544396982212,-31360.2645374561,-18378.0409864226,-31361.462814831,-18380.1923780086,-31362.6610922058,-18382.3437695946,1,0,0,0
20130619102815.daq,21,10,442.866666666667,1,0,left,-0.608933463101703,-29.0749130249023,12,0.0001,65.1402053833008,196.344648346305,0.26366999745369,0.449000865221024,0.093673937022686,-3.78266294211994,-31351.9380064787,-18382.6983778496,-31353.1347093521,-18384.8506456434,-31354.3314122256,-18387.0029134372,1,0,0,0
20130619102815.daq,21,10,442.966666666667,1,0,left,-0.649297512835421,-29.0357284545898,12,0.0001,65.2705535888672,205.908172643329,0.219724997878075,0.349496096372604,0.093673937022686,-3.86680831671431,-31343.5900164163,-18387.3598559215,-31344.7852470746,-18389.5129416367,-31345.9804777328,-18391.6660273519,1,0,0,0
20130619102815.daq,21,10,443.066666666667,1,0,left,-0.685246565181334,-29.0011901855469,12,0.0001,65.3953628540039,215.490447508528,0.26366999745369,0.350514382123947,0.103165604174137,-3.95879159285764,-31335.2225361513,-18392.0235933775,-31336.4164686984,-18394.1773991943,-31337.6104012455,-18396.3312050111,1,0,0,0
20130619102815.daq,21,10,443.166666666667,1,0,left,-0.708807899719897,-28.9792709350586,12,0.0001,65.5062484741211,225.090167744544,1.18651497364044,0.351794928312302,0.0651987195014954,-4.05860366513318,-31326.8356323142,-18396.6901162266,-31328.0287408074,-18398.8443786403,-31329.2218493005,-18400.998641054,1,0,0,0
20130619102815.daq,21,10,443.266666666667,1,0,left,-0.705018597121931,-28.9847946166992,12,0.0001,65.5859222412109,234.704471185971,2.50486493110657,0.359641343355179,0.036723505705595,-4.15337234718714,-31319.1345070293,-18400.9717306023,-31320.3278232016,-18403.1258779827,-31321.521139374,-18405.280025363,1,0,0,0
20130619102815.daq,21,10,443.366666666667,1,0,left,-0.666934167273467,-29.0251617431641,12,0.0001,65.6702270507813,244.33071405509,3.0322048664093,0.394771188497543,0.141132473945618,-4.26715875665517,-31310.0176610764,-18406.0388464524,-31311.2124946338,-18408.1921525601,-31312.4073281913,-18410.3454586677,1,0,0,0
20130619102815.daq,21,10,443.466666666667,1,0,left,-0.61276064104792,-29.0817184448242,12,0.0001,65.7358169555664,253.967233920026,3.07614994049072,0.448855876922607,0.122149154543877,-4.37441495109128,-31301.592361509,-18410.7203110545,-31302.7893200139,-18412.8724366923,-31303.9862785188,-18415.0245623302,1,0,0,0
20130619102815.daq,21,10,443.566666666667,1,0,left,-0.558565735907809,-29.1384887695313,12,0.0001,65.8009796142578,263.613244790278,2.54880976676941,0.493012219667435,0.0651987195014954,-4.4747146175705,-31293.1631612138,-18415.4115548912,-31294.3622515195,-18417.5624934915,-31295.5613418251,-18419.7134320919,1,0,0,0
20130619102815.daq,21,10,443.666666666667,1,0,left,-0.530616272327439,-29.1692962646484,12,0.0001,65.8731307983398,273.26925058003,1.18651497364044,0.501911401748657,0.122149154543877,-4.57442241644695,-31284.7259271574,-18420.1088988528,-31285.9261738326,-18422.2591924006,-31287.1264205078,-18424.4094859485,1,0,0,0
20130619102815.daq,21,10,443.766666666667,1,0,left,-0.526038625266764,-29.1769714355469,12,0.0001,65.9566497802734,282.936643114401,0.791009962558746,0.50088632106781,0.103165604174137,-4.66932952139563,-31276.2826342077,-18424.8164361851,-31277.4831689191,-18426.9665689322,-31278.6837036304,-18429.1167016793,1,0,0,0
20130619102815.daq,21,10,443.866666666667,1,0,left,-0.536457193756579,-29.1698303222656,12,0.0001,66.0518264770508,292.617160915972,1.09862494468689,0.501324713230133,0.0841822773218155,-4.75946933425342,-31267.8333536522,-18429.5327621925,-31269.0336203704,-18431.6830445527,-31270.2338870886,-18433.8333269129,1,0,0,0
20130619102815.daq,21,10,443.966666666667,1,0,left,-0.54771237597604,-29.1621475219727,12,0.0001,66.1561889648438,302.312344634258,1.31834995746613,0.49992772936821,0.0746903866529465,-4.84677682842596,-31259.370396599,-18434.2607712239,-31260.5703749747,-18436.4112145087,-31261.7703533504,-18438.5616577935,1,0,0,0
20130619102815.daq,21,10,444.066666666667,1,0,left,-0.554942222236058,-29.1587295532227,12,0.0001,66.266731262207,312.023331712837,1.2744048833847,0.498420149087906,0.093673937022686,-4.93363310848544,-31250.8957576929,-18438.9968739697,-31252.0956077822,-18441.1473888352,-31253.2954578715,-18443.2979037007,1,0,0,0
20130619102815.daq,21,10,444.166666666667,1,0,left,-0.56073309516988,-29.1569900512695,12,0.0001,66.3796920776367,321.750745330544,1.2744048833847,0.497774988412857,0.0746903866529465,-5.02045717327575,-31242.4055082938,-18443.7428530171,-31243.6052930929,-18445.8934043091,-31244.8050778919,-18448.0439556011,1,0,0,0
20130619102815.daq,21,10,444.266666666667,1,0,left,-0.558958593684064,-29.1630554199219,12,0.0001,66.4932403564453,331.494780376488,1.93357992172241,0.496914058923721,0.036723505705595,-5.10773422847424,-31233.9016544455,-18448.4971592149,-31235.1016668966,-18450.6475834849,-31236.3016793476,-18452.7980077548,1,0,0,0
20130619102815.daq,21,10,444.366666666667,1,0,left,-0.52916822832627,-29.1974563598633,12,0.0001,66.6067733764648,341.255471818797,3.20798492431641,0.496201545000076,0.0651987195014954,-5.19265090469801,-31225.382421203,-18453.2630993681,-31226.5837245732,-18455.4128027514,-31227.7850279434,-18457.5625061347,1,0,0,0
20130619102815.daq,21,10,444.466666666667,1,0,left,-0.470358844092967,-29.2610397338867,12,0.0001,66.7200317382813,351.032796904867,3.99899482727051,0.495234280824661,0.0557070598006248,-5.27935857979822,-31216.8478193459,-18458.0368226117,-31218.051507586,-18460.1851915381,-31219.2551958262,-18462.3335604645,1,0,0,0
20130619102815.daq,21,10,444.566666666667,1,0,left,-0.388180596838854,-29.3483200073242,12,0.0001,66.832878112793,360.826704721083,4.17477464675903,0.495240598917007,0.0651987195014954,-5.35731111467488,-31208.3036660556,-18462.827732163,-31209.5106255688,-18464.9742649852,-31210.7175850819,-18467.1207978075,1,0,0,0
20130619102815.daq,21,10,444.666666666667,1,0,left,-0.306088773276855,-29.4356689453125,12,0.0001,66.9452590942383,370.637130273339,3.42770981788635,0.494688898324966,0.0746903866529465,-5.43030181181071,-31199.7458502686,-18467.6323169366,-31200.9560808242,-18469.7770072233,-31202.1663113798,-18471.9216975099,1,0,0,0
20130619102815.daq,21,10,444.766666666667,1,0,left,-0.243246588061087,-29.5041046142578,12,0.0001,67.0571517944336,380.464001667147,2.41697478294373,0.494485706090927,-0.0487019121646881,-5.49333102798196,-31191.1820127887,-18472.4532325416,-31192.394804158,-18474.5964757658,-31193.6075955273,-18476.73971899,1,0,0,0
20130619102815.daq,21,10,444.866666666667,1,0,left,-0.201434700938126,-29.5517578125,12,0.0001,67.1685562133789,390.30724896623,2.10935997962952,0.494577765464783,0.036723505705595,-5.5468196018217,-31182.6082259062,-18477.2923095647,-31183.8227994024,-18479.4345433628,-31185.0373728986,-18481.576777161,1,0,0,0
20130619102815.daq,21,10,444.966666666667,1,0,left,-0.17977573371655,-29.5795059204102,12,0.0001,67.2794952392578,400.16680064908,1.7577999830246,0.494415730237961,0.0651987195014954,-5.59288209051399,-31174.0264473323,-18482.1457000202,-31175.2420581609,-18484.2873453542,-31176.4576689896,-18486.4289906882,1,0,0,0
20130619102815.daq,21,10,445.066666666667,1,0,left,-0.176931885845534,-29.5885772705078,12,0.0001,67.3899612426758,410.042588551165,1.01073491573334,0.494382411241531,0.0651987195014954,-5.63045480358008,-31165.4347332536,-18487.0154382098,-31166.6506831429,-18489.1568910554,-31167.8666330321,-18491.2983439011,1,0,0,0
20130619102815.daq,21,10,445.166666666667,1,0,left,-0.191102965021624,-29.5811004638672,12,0.0001,67.5,419.934547212099,0.791009962558746,0.494286924600601,0.0177401825785637,-5.66312574112208,-31156.8331025042,-18491.8977581848,-31158.0487729345,-18494.0393696875,-31159.2644433647,-18496.1809811902,1,0,0,0
20130619102815.daq,21,10,445.266666666667,1,0,left,-0.213034172273417,-29.5660018920898,12,0.0001,67.6095962524414,429.842612477027,0.878899991512299,0.491358071565628,0.0462154000997543,-5.69282205025313,-31148.2196836282,-18496.7912948088,-31149.4347896592,-18498.9332265904,-31150.6498956902,-18501.0751583719,1,0,0,0
20130619102815.daq,21,10,445.366666666667,1,0,left,-0.23561756965718,-29.5504989624023,12,0.0001,67.7187347412109,439.766719072089,0.92284494638443,0.4685398042202,0.093673937022686,-5.72381680071743,-31139.592589464,-18501.6926172579,-31140.8071158927,-18503.8348777409,-31142.0216423214,-18505.977138224,0,1,0,1
20130619102815.daq,21,10,445.466666666667,1,0,left,-0.25810547788279,-29.5353393554688,12,0.0001,67.8271636962891,449.706785964452,0.878899991512299,0.439353585243225,0.036723505705595,-5.75475865085075,-31130.9518268155,-18506.6037279124,-31132.1657863916,-18508.7463096661,-31133.3797459677,-18510.8888914197,0,1,0,1
20130619102815.daq,21,10,445.566666666667,1,0,left,-0.280376672087019,-29.5207748413086,12,0.0001,67.9332962036133,459.662632065782,0.92284494638443,0.389603704214096,0.036723505705595,-5.79121158591635,-31122.2954448193,-18511.5187839876,-31123.5088597147,-18513.661674259,-31124.72227461,-18515.8045645304,0,1,0,1
20130619102815.daq,21,10,445.666666666667,1,0,left,-0.295727424853066,-29.5132522583008,12,0.0001,68.0313034057617,469.633527987353,1.23045992851257,0.301994979381561,0.23604978621006,-5.8301716875692,-31113.6254548637,-18516.4401633663,-31114.8385884003,-18518.5832129331,-31116.0517219369,-18520.7262624999,0,1,0,1
20130619102815.daq,21,10,445.766666666667,1,0,left,-0.306986574107924,-29.5102081298828,12,0.0001,68.1136169433594,479.617751431819,1.31834995746613,0.208904072642326,0.0462154000997543,-5.87102049146855,-31104.9437867074,-18521.367697178,-31106.1568063819,-18523.5108111956,-31107.3698260564,-18525.6539252133,0,1,0,1
20130619102815.daq,21,10,445.866666666667,1,0,left,-0.304975116889114,-29.5206909179688,12,0.0001,68.1709747314453,489.612357056263,1.93357992172241,0.142642915248871,0.0462154000997543,-5.91548018361906,-31096.2505221845,-18526.3000284584,-31097.463933941,-18528.4429205072,-31098.6773456975,-18530.5858125559,0,1,0,1
20130619102815.daq,21,10,445.966666666667,1,0,left,-0.28346486254727,-29.55078125,12,0.0001,68.1848220825195,499.612406427135,2.59275484085083,0.128411203622818,0.093673937022686,-5.96049535910609,-31087.5515764047,-18531.2356046047,-31088.766113388,-18533.377859104,-31089.9806503712,-18535.5201136033,0,1,0,1
20130619102815.daq,21,10,446.066666666667,1,0,left,-0.247438740856392,-29.5957870483398,12,0.0001,68.1520004272461,509.610938553837,2.59275484085083,0.141189843416214,0.0841822773218155,-6.00549150498786,-31078.8547210014,-18536.1721631361,-31080.0709403494,-18538.3134629566,-31081.2871596974,-18540.454762777,0,1,0,1
20130619102815.daq,21,10,446.166666666667,1,0,left,-0.200919109471428,-29.6515426635742,12,0.0001,68.0875625610352,519.602163178984,2.50486493110657,0.161161452531815,0.093673937022686,-6.0479795250598,-31070.1657793108,-18541.1094293692,-31071.3840818222,-18543.2495446497,-31072.6023843337,-18545.3896599302,0,1,0,1
20130619102815.daq,21,10,446.266666666667,1,0,left,-0.155243166325544,-29.7065505981445,12,0.0001,67.9997024536133,529.582154919284,2.15330481529236,0.165591031312943,0.160116031765938,-6.08738506683317,-31061.4885530137,-18546.0446927399,-31062.708909623,-18548.1836373792,-31063.9292662322,-18550.3225820184,0,1,0,1
20130619102815.daq,21,10,446.366666666667,1,0,left,-0.118425302739524,-29.7531127929688,12,0.0001,67.8984146118164,539.548137397898,1.66990995407104,0.169864431023598,0.150624141097069,-6.12055980319789,-31052.828829551,-18550.9793995037,-31054.0509239995,-18553.1173516974,-31055.273018448,-18555.255303891,0,1,0,1
20130619102815.daq,21,10,446.466666666667,1,0,left,-0.0927270791346828,-29.7886428833008,12,0.0001,67.7915344238281,549.498797211534,1.31834995746613,0.171682938933372,0.0746903866529465,-6.14883495327169,-31044.1865833478,-18555.911426437,-31045.4100033419,-18558.048620378,-31046.633423336,-18560.185814319,0,1,0,1
20130619102815.daq,21,10,446.566666666667,1,0,left,-0.0772330526128862,-29.8142166137695,12,0.0001,67.6824722290039,559.433595104907,1.2744048833847,0.17093001306057,0.103165604174137,-6.17195806128651,-31035.5637762803,-18560.8408445538,-31036.78815008,-18562.9774922136,-31038.0125238797,-18565.1141398733,0,1,0,1
20130619102815.daq,21,10,446.666666666667,1,0,left,-0.0692441231687617,-29.8327102661133,12,0.0001,67.5724182128906,569.352318658217,1.23045992851257,0.171103432774544,0.122149154543877,-6.19065017088107,-31026.9565282903,-18565.7678433356,-31028.181591683,-18567.9040956866,-31029.4066550756,-18570.0403480377,0,1,0,1
20130619102815.daq,21,10,446.766666666667,1,0,left,-0.0680057733265329,-29.8445281982422,12,0.0001,67.461669921875,579.254848606819,1.05467998981476,0.17022830247879,0.0746903866529465,-6.20620026708387,-31018.3667958633,-18570.6904963411,-31019.5922998572,-18572.8264959629,-31020.8178038511,-18574.9624955847,0,1,0,1
20130619102815.daq,21,10,446.866666666667,1,0,left,-0.079802128531778,-29.8435592651367,12,0.0001,67.3504638671875,589.141098695967,0.57128494977951,0.171565413475037,0.122149154543877,-6.21841615084204,-31009.7925679801,-18575.6103544295,-31011.0180358517,-18577.7463747756,-31012.2435037234,-18579.8823951217,0,1,0,1
20130619102815.daq,21,10,446.966666666667,1,0,left,-0.103921135358469,-29.8286209106445,12,0.0001,67.2389450073242,599.011013629373,0.0878899991512299,0.170758530497551,0.112657263875008,-6.23077573393984,-31001.2338335566,-18580.5234334922,-31002.458744476,-18582.6597732739,-31003.6836553954,-18584.7961130557,0,1,0,1
20130619102815.daq,21,10,447.066666666667,1,0,left,-0.116049280429944,-29.7961349487305,12,0.0001,67.1273727416992,608.864565805525,-0.0878899917006493,0.171262562274933,0.0841822773218155,-6.24163159109576,-30992.6925128988,-18585.4275447161,-30993.9162123445,-18587.564578663,-30995.1399117902,-18589.7016126098,0,1,0,1
20130619102815.daq,21,10,447.166666666667,1,0,left,-0.138976722504278,-29.7529830932617,12,0.0001,67.0158615112305,618.701756250157,-0.219724982976913,0.17158417403698,0.122149154543877,-6.2511798237259,-30984.162812717,-18590.3211878384,-30985.3849023258,-18592.4591427985,-30986.6069919347,-18594.5970977586,0,1,0,1
20130619102815.daq,21,10,447.266666666667,1,0,left,-0.17529639702018,-29.7002258300781,12,0.0001,66.9046325683594,628.522610233566,-0.395504981279373,0.170882225036621,0.0462154000997543,-6.26281116963328,-30975.6447444184,-18595.2024793494,-30976.8648649063,-18597.3415586884,-30978.0849853942,-18599.4806380273,0,1,0,1
20130619102815.daq,21,10,447.366666666667,1,0,left,-0.226129818261995,-29.6372985839844,12,0.0001,66.7937088012695,638.327175405677,-0.483394980430603,0.170954272150993,0.112657263875008,-6.2762989108748,-30967.140257688,-18600.0713818196,-30968.3580281161,-18602.2117999114,-30969.5757985442,-18604.3522180032,0,1,0,1
20130619102815.daq,21,10,447.466666666667,1,0,left,-0.284994358960127,-29.5702667236328,12,0.0001,66.6830291748047,648.115489065844,-0.527339935302734,0.174190267920494,0.131640821695328,-6.29658615937663,-30958.6455037263,-18604.9243882604,-30959.8607691894,-18607.0662295892,-30961.0760346524,-18609.208070918,0,1,0,1
20130619102815.daq,21,10,447.566666666667,1,0,left,-0.350038106402135,-29.5012588500977,12,0.0001,66.5727691650391,657.887593642059,-0.307614982128143,0.180815875530243,0.093673937022686,-6.32473037926852,-30950.160502706,-18609.7616387935,-30951.3731876233,-18611.9049422519,-30952.5858725406,-18614.0482457103,0,1,0,1
20130619102815.daq,21,10,447.666666666667,1,0,left,-0.400656246297832,-29.4507064819336,12,0.0001,66.463996887207,667.643618563066,0.878899991512299,0.182316616177559,0.093673937022686,-6.36305734226102,-30941.6834850841,-18614.5825266012,-30942.8942784817,-18616.7268991835,-30944.1050718792,-18618.8712717658,0,1,0,1
20130619102815.daq,21,10,447.766666666667,1,0,left,-0.422040055969873,-29.4334182739258,12,0.0001,66.357795715332,677.38387359996,1.97752487659454,0.182714655995369,0.0841822773218155,-6.40840727304606,-30933.2165332381,-18619.3899811232,-30934.4266795458,-18621.534718948,-30935.6368258536,-18623.6794567728,0,1,0,1
20130619102815.daq,21,10,447.866666666667,1,0,left,-0.416798768302268,-29.4467849731445,12,0.0001,66.2539825439453,687.108734543617,2.28513979911804,0.18306140601635,0.0651987195014954,-6.46246167546869,-30924.7576686516,-18624.1838306926,-30925.9683152786,-18626.3282861405,-30927.1789619055,-18628.4727415884,0,1,0,1
20130619102815.daq,21,10,447.966666666667,1,0,left,-0.395705118675377,-29.4800338745117,12,0.0001,66.1520462036133,696.818512190875,2.28513979911804,0.182922005653381,0.0841822773218155,-6.51948099108953,-30916.3107018851,-18628.9692246841,-30917.5225927416,-18631.1129772294,-30918.7344835981,-18633.2567297747,0,1,0,1
20130619102815.daq,21,10,448.066666666667,1,0,left,-0.368952055195575,-29.5229721069336,12,-0.000102046695156267,66.0515365600586,706.513449267222,2.28513979911804,0.183085799217224,0.0651987195014954,-6.58179961544936,-30907.8735897172,-18633.7454912516,-30909.0870867905,-18635.8883349876,-30910.3005838637,-18638.0311787235,0,1,0,1
20130619102815.daq,21,10,448.166666666667,1,0,left,-0.338775116333725,-29.5733642578125,12,-0.000104752603044569,65.9520645141602,716.193724902783,2.28513979911804,0.185375809669495,0.0651987195014954,-6.64233697605635,-30899.4521725796,-18638.5183423129,-30900.6675538335,-18640.6601179386,-30901.8829350874,-18642.8018935644,0,1,0,1
20130619102815.daq,21,10,448.266666666667,1,0,left,-0.312811497517632,-29.6235733032227,12,-0.000107493588314158,65.8575973510742,725.859523542829,2.28513979911804,0.248931810259819,0.0746903866529465,-6.70343285115956,-30891.0444285571,-18643.2872746595,-30892.2616862103,-18645.4279844084,-30893.4789438634,-18647.5686941574,0,1,0,1
20130619102815.daq,21,10,448.366666666667,1,0,left,-0.290005687994142,-29.6741333007813,12,-0.000110263130361303,65.7604370117188,735.51115076225,2.02146983146667,0.333192139863968,0.0557070598006248,-6.76309623693657,-30882.6523156721,-18648.054276591,-30883.8714618957,-18650.1939113517,-30885.0906081192,-18652.3335461124,0,1,0,1
20130619102815.daq,21,10,448.466666666667,1,0,left,-0.278182959978619,-29.7181930541992,12,-0.000113054881557588,65.6852188110352,745.15025472593,1.97752487659454,0.403393775224686,0.093673937022686,-6.82065987585923,-30874.2738172446,-18652.8208500582,-30875.4946084605,-18654.9595466778,-30876.7153996763,-18657.0982432974,0,1,0,1
20130619102815.daq,21,10,448.566666666667,1,0,left,-0.276224334009889,-29.7557601928711,12,-0.000115861910974756,65.6394577026367,754.780270796989,1.93357992172241,0.458284705877304,0.0557070598006248,-6.8766632737096,-30865.9089323579,-18657.5889488255,-30867.131125591,-18659.7268445489,-30868.3533188241,-18661.8647402724,0,1,0,1
20130619102815.daq,21,10,448.666666666667,1,0,left,-0.287645465821075,-29.7845687866211,12,-0.000118677747070437,65.6383056640625,764.40681159465,1.7577999830246,0.501728773117065,0.0746903866529465,-6.92970607792879,-30857.551779589,-18662.3623300687,-30858.7750476118,-18664.4996109973,-30859.9983156346,-18666.6368919259,0,1,0,1
20130619102815.daq,21,10,448.766666666667,1,0,left,-0.312486142954789,-29.8031921386719,12,-0.000121498247177989,65.6763687133789,774.036174833876,1.58201992511749,0.538270235061646,0.103165604174137,-6.98441658449617,-30849.1945321855,-18667.1428531045,-30850.4184948429,-18669.2797363107,-30851.6424575004,-18671.4166195168,0,1,0,1
20130619102815.daq,21,10,448.866666666667,1,0,left,-0.349036903226096,-29.8148651123047,12,-0.000124321751488556,65.741569519043,783.673241973469,1.40623998641968,0.57360166311264,0.0177401825785637,-7.04084352953567,-30840.8352667461,-18671.9307309987,-30842.0596647292,-18674.0673648004,-30843.2840627124,-18676.203998602,0,1,0,1
20130619102815.daq,21,10,448.966666666667,1,0,left,-0.396249897482626,-29.8199081420898,12,-0.000127147047844348,65.8294296264648,793.321525399675,1.31834995746613,0.601761341094971,0.0272318441420794,-7.10331664989642,-30832.4661735025,-18676.7279380122,-30833.690759542,-18678.8644640372,-30834.9153455816,-18681.0009900621,0,1,0,1
20130619102815.daq,21,10,449.066666666667,1,0,left,-0.449962266717659,-29.8214797973633,12,-0.000129971527570324,65.9367523193359,802.984241341939,1.31834995746613,0.608700752258301,0.036723505705595,-7.17069516589984,-30824.0872820249,-18681.534682108,-30825.31192667,-18683.6711745411,-30826.5365713152,-18685.8076669742,0,1,0,1
20130619102815.daq,21,10,449.166666666667,1,0,left,-0.508680924500773,-29.8230133056641,12,-0.000132791153728094,66.0537414550781,812.663485464051,1.40623998641968,0.607717096805573,0.0272318441420794,-7.24597109295481,-30815.6927651914,-18686.353142442,-30816.9174670189,-18688.489602097,-30818.1421688463,-18690.626061752,0,1,0,1
20130619102815.daq,21,10,449.266666666667,1,0,left,-0.563574674644563,-29.832405090332,12,-0.000135601386815703,66.1707077026367,822.360237992878,1.97752487659454,0.603777289390564,0.0177401825785637,-7.33153240274376,-30807.2846504177,-18691.1799326197,-30808.509702432,-18693.3161914959,-30809.7347544463,-18695.452450372,0,1,0,1
20130619102815.daq,21,10,449.366666666667,1,0,left,-0.605343609012092,-29.8589553833008,12,-0.000138397156511148,66.3007965087891,832.075129007608,2.59275484085083,0.591017007827759,0.036723505705595,-7.42599997113534,-30798.8591194825,-18696.0195710894,-30800.0851612863,-18698.1552620593,-30801.31120309,-18700.2909530292,0,1,0,1
20130619102815.daq,21,10,449.466666666667,1,0,left,-0.625954274429677,-29.9106979370117,12,-0.000141172645840976,66.4270706176758,841.808519379425,3.64743494987488,0.575172781944275,0.0651987195014954,-7.52935205980156,-30790.4201565107,-18700.8706332934,-30791.6481265096,-18703.0052161812,-30792.8760965085,-18705.1397990691,0,1,0,1
20130619102815.daq,21,10,449.566666666667,1,0,left,-0.611658761233667,-30.0013809204102,12,-0.000143920050245026,66.5535202026367,851.560456198757,5.09761953353882,0.564032912254333,0.0177401825785637,-7.6382676200742,-30781.9678979619,-18705.7379295536,-30783.1992448613,-18707.8705662402,-30784.4305917606,-18710.0032029268,0,1,0,1
20130619102815.daq,21,10,449.666666666667,1,0,left,-0.56293319530953,-30.131950378418,12,-0.000146629851209505,66.6792068481445,861.330891815698,6.10835456848145,0.565727651119232,-0.0107350340113044,-7.75193552875294,-30773.5023652318,-18710.6234734438,-30774.7385689249,-18712.7532985194,-30775.9747726179,-18714.883123595,0,1,0,1
20130619102815.daq,21,10,449.766666666667,1,0,left,-0.471090383432244,-30.3073577880859,12,-0.00014929260967551,66.8036117553711,871.119670318978,7.38275957107544,0.587998986244202,0.036723505705595,-7.86545389337624,-30765.0255786724,-18715.5314941013,-30766.2682968871,-18717.6575246425,-30767.5110151018,-18719.7835551838,0,1,0,1
20130619102815.daq,21,10,449.866666666667,1,0,left,-0.336508668734176,-30.5282287597656,12,-0.000151900143048433,66.9267196655273,880.926596446508,8.56927490234375,0.62897264957428,0.0651987195014954,-7.97088062610572,-30756.5434311127,-18720.4698409597,-30757.7943357632,-18722.5910651296,-30759.0452404136,-18724.7122892995,0,1,0,1
20130619102815.daq,21,10,449.966666666667,1,0,left,-0.16104326186386,-30.7897796630859,12,-0.000154447202888961,67.0492248535156,890.751521840146,9.27239418029785,0.66798323392868,0.0272318441420794,-8.06501224779148,-30748.0578599083,-18725.4401474868,-30749.3184347197,-18727.5556392898,-30750.579009531,-18729.6711310928,0,1,0,1
20130619102815.daq,21,10,450.066666666667,1,0,left,0.0327718527403675,-31.0724487304688,12,-0.000156927242386233,67.1721343994141,900.594436988533,9.27239418029785,0.704132735729218,0.0272318441420794,-8.13941964802726,-30739.572595672,-18730.4508896644,-30740.8435918915,-18732.5601366943,-30742.1145881111,-18734.6693837243,0,1,0,1
20130619102815.daq,21,10,450.166666666667,1,0,left,0.238494374730401,-31.3683242797852,12,-0.00015932755883919,67.2957000732422,910.455425721979,9.18450450897217,0.730066955089569,0.036723505705595,-8.18694957929131,-30731.0934297813,-18735.5074044103,-30732.3753011626,-18737.6100599183,-30733.657172544,-18739.7127154262,0,1,0,1
20130619102815.daq,21,10,450.266666666667,1,0,left,0.431974452212227,-31.6501388549805,12,-0.000161639957228153,67.4149398803711,920.334533825422,9.00872421264648,0.748051166534424,0.036723505705595,-8.20961684876789,-30722.9716241702,-18740.3950123323,-30724.263822109,-18742.4913374288,-30725.5560200478,-18744.5876625254,0,1,0,1
20130619102815.daq,21,10,450.366666666667,1,0,left,0.640105755594131,-31.9541549682617,12,-0.000163861805666513,67.5456390380859,930.231969708962,8.70110988616943,0.758726835250854,0.0746903866529465,-8.19917589705405,-30714.1548595179,-18745.7606197392,-30715.4581624872,-18747.8500588491,-30716.7614654564,-18749.939497959,0,1,1,1
20130619102815.daq,21,10,450.466666666667,1,0,left,0.802088966462868,-32.2102127075195,12,-0.000165994577312556,67.6726684570313,940.147980014532,7.11908960342407,0.758829116821289,0.0651987195014954,-8.1597638606236,-30705.6989452217,-18750.9609630823,-30707.011572954,-18753.0445568191,-30708.3242006863,-18755.1281505558,0,1,1,1
20130619102815.daq,21,10,450.566666666667,1,0,left,0.927635427238062,-32.4327774047852,12,-0.000168042469669607,67.8013763427734,950.082747975175,6.15229988098145,0.756666839122772,0.0462154000997543,-8.08895670933583,-30697.2544088864,-18756.2098855138,-30698.5751203874,-18758.2883646584,-30699.8958318883,-18760.366843803,0,1,1,1
20130619102815.daq,21,10,450.666666666667,1,0,left,1.02657409968909,-32.6284484863281,12,-0.000170011029830227,67.9313278198242,960.036490766324,6.10835456848145,0.75895231962204,0.0272318441420794,-7.99115376371697,-30688.8174019209,-18761.5058693897,-30690.1452039301,-18763.5798260545,-30691.4730059393,-18765.6537827194,0,1,1,1
20130619102815.daq,21,10,450.766666666667,1,0,left,1.11426755976548,-32.8158721923828,12,-0.000171907063264643,68.0620498657227,970.00935460144,6.32807970046997,0.759894907474518,0.0272318441420794,-7.86957525255274,-30680.3861921405,-18766.8462285413,-30681.7207712792,-18768.9158306639,-30683.055350418,-18770.9854327865,0,1,1,1
20130619102815.daq,21,10,450.866666666667,1,0,left,1.19971940321478,-33.015869140625,12,-0.000173737588135303,68.1930999755859,980.001419860608,7.07514476776123,0.760419607162476,0.0272318441420794,-7.72620184950084,-30671.9610457849,-18772.23036849,-30673.3028409425,-18774.2952995248,-30674.6446361002,-18776.3602305596,0,1,1,1
20130619102815.daq,21,10,450.966666666667,1,0,left,1.29154681375309,-33.2308807373047,12,-0.000175507986549552,68.3241119384766,990.012706498972,7.3388147354126,0.760384559631348,-0.00124337221495807,-7.56678948844032,-30663.5380976254,-18777.6564933295,-30664.8876323017,-18779.716374535,-30666.237166978,-18781.7762557406,0,1,1,1
20130619102815.daq,21,10,451.066666666667,1,0,left,1.39452708821729,-33.453125,12,-0.000177222283640407,68.4549179077148,1000.04319549388,6.85541963577271,0.759413778781891,0.036723505705595,-7.39243240282264,-30655.1172531492,-18783.1240939729,-30656.4747677141,-18785.1787249932,-30657.832282279,-18787.2333560135,0,1,1,1
20130619102815.daq,21,10,451.166666666667,1,0,left,1.4748548150458,-33.6488037109375,12,-0.000178884219875596,68.5854721069336,1010.09284991897,5.18550968170166,0.758762419223785,0.0841822773218155,-7.20248072898483,-30646.7019578689,-18788.6309702587,-30648.0664815567,-18790.6809530705,-30649.4310052446,-18792.7309358823,0,1,1,1
20130619102815.daq,21,10,451.266666666667,1,0,left,1.49724282380081,-33.7734985351563,12,-0.000180498513182654,68.7104721069336,1020.16157419466,2.2411949634552,0.759631931781769,-0.00124337221495807,-7.01703691076857,-30638.9907935764,-18793.7113467977,-30640.3597754791,-18795.7583550961,-30641.7287573818,-18797.8053633944,0,1,1,1
20130619102815.daq,21,10,451.366666666667,1,0,left,1.43061892855737,-33.8253173828125,12,-0.000182071930676728,68.8463134765625,1030.24942697418,-0.0439449958503246,0.760488748550415,0.036723505705595,-6.78836443356077,-30629.8801880467,-18799.749872554,-30631.251020723,-18801.7956418951,-30632.6218533993,-18803.8414112362,0,1,1,1
20130619102815.daq,21,10,451.466666666667,1,0,left,1.30019164047273,-33.7984771728516,12,-0.000183613517844035,68.9766387939453,1040.35646644451,-1.31834995746613,0.755851328372955,0.0462154000997543,-6.57586471840667,-30621.4677040141,-18805.3496898583,-30622.8375781994,-18807.3961011415,-30624.2074523846,-18809.4425124248,0,1,1,1
20130619102815.daq,21,10,451.566666666667,1,0,left,1.12609012190566,-33.7240753173828,12,-0.00018513315338488,69.1068115234375,1050.48261175931,-1.75779986381531,0.754491567611694,0.0651987195014954,-6.3682803468689,-30613.048700977,-18810.9698512089,-30614.4159166256,-18813.0180396265,-30615.7831322741,-18815.066228044,0,1,1,1
20130619102815.daq,21,10,451.666666666667,1,0,left,0.946204350185205,-33.6625213623047,12,-0.000186639341899266,69.2366333007813,1060.62782561925,0.395504981279373,0.747370183467865,0.0272318441420794,-6.17069463099973,-30604.6181625432,-18816.6064720973,-30605.9831769951,-18818.6561281586,-30607.3481914469,-18820.7057842198,0,1,1,1
20130619102815.daq,21,10,451.766666666667,1,0,left,0.751435035641258,-33.6394805908203,12,-0.000188140712432571,69.3659286499023,1070.79204433567,1.62596487998962,0.717986345291138,0.0557070598006248,-6.00141042513809,-30596.1705795046,-18822.2534105502,-30597.5347696029,-18824.303615369,-30598.8989597013,-18826.3538201878,0,1,1,1
20130619102815.daq,21,10,451.866666666667,1,0,left,0.587254799421849,-33.6504592895508,12,-0.000189646092008496,69.4943161010742,1080.97516626786,1.40623998641968,0.70432710647583,0.0557070598006248,-5.86408524998842,-30587.7039337988,-18827.9103748472,-30589.068516721,-18829.9603182298,-30590.4330996431,-18832.0102616125,0,1,1,1
20130619102815.daq,21,10,451.966666666667,1,0,left,0.44790714962312,-33.6868743896484,12,-0.000191159513443356,69.6212463378906,1091.1770166684,2.10935997962952,0.704293668270111,0.036723505705595,-5.7585575480413,-30579.2220143148,-18833.5768063816,-30580.5878998303,-18835.6258820713,-30581.9537853457,-18837.6749577611,0,1,1,1
20130619102815.daq,21,10,452.066666666667,1,0,left,0.365601053929346,-33.7697525024414,12,-0.000192680428503305,69.7465438842773,1101.39736325558,4.17477464675903,0.70433497428894,0.0177401825785637,-5.68564981562678,-30570.7212102075,-18839.2540719376,-30572.0900582726,-18841.3011697365,-30573.4589063377,-18843.3482675353,0,0,1,0
20130619102815.daq,21,10,452.166666666667,1,0,left,0.381590330289058,-33.8977661132813,12,-0.000194204900752239,69.8703689575195,1111.63597785064,5.31734466552734,0.70458847284317,0.0177401825785637,-5.62835939948584,-30562.2073753014,-18844.9498949142,-30563.5807936928,-18846.993929245,-30564.9542120842,-18849.0379635758,0,0,1,0
20130619102815.daq,21,10,452.266666666667,1,0,left,0.430677505742629,-34.0632019042969,12,-0.000195727044609074,69.9928436279297,1121.89265232327,5.62495994567871,0.700756847858429,0.0272318441420794,-5.58287488116259,-30554.0397943543,-18850.425488733,-30555.4191089556,-18852.4655489414,-30556.7984235568,-18854.5056091499,0,0,1,0
20130619102815.daq,21,10,452.366666666667,1,0,left,0.472980635529481,-34.2406158447266,12,-0.000197240440726941,70.1140823364258,1132.16719728598,5.2294545173645,0.700491487979889,0.0746903866529465,-5.53697540494578,-30545.1556205047,-18856.4057595824,-30546.5412454429,-18858.4415390287,-30547.9268703811,-18860.477318475,0,0,1,0
20130619102815.daq,21,10,452.466666666667,1,0,left,0.516412697774847,-34.4237823486328,12,-0.000198739345000088,70.2341766357422,1142.45943966983,5.18550968170166,0.700020790100098,0.0746903866529465,-5.49356412950382,-30536.6250822117,-18862.1774112882,-30538.0172081574,-18864.2087506924,-30539.409334103,-18866.2400900965,0,0,1,0
20130619102815.daq,21,10,452.566666666667,1,0,left,0.548966838996343,-34.6023254394531,12,-0.000200219353150166,70.3531951904297,1152.76921489146,5.05367469787598,0.700167417526245,0.0272318441420794,-5.44816670698396,-30528.0964663377,-18867.9800047138,-30529.4949155024,-18870.0069961685,-30530.893364667,-18872.0339876231,0,0,1,0
20130619102815.daq,21,10,452.666666666667,1,0,left,0.564797860168994,-34.7751998901367,12,-0.000201677545985842,70.4713516235352,1163.09638102684,4.79000473022461,0.700696051120758,-0.00124337221495807,-5.4018124612868,-30519.5678011981,-18873.8173789268,-30520.9723598841,-18875.8401417209,-30522.37691857,-18877.862904515,0,0,1,0
20130619102815.daq,21,10,452.766666666667,1,0,left,0.56168100147184,-34.9314575195313,12,-0.000203112406424113,70.5888671875,1173.44082645767,4.04293966293335,0.700345814228058,0.036723505705595,-5.35479490872281,-30511.0447760481,-18879.6868727361,-30512.454846003,-18881.7057974859,-30513.864915958,-18883.7247222358,0,0,1,0
20130619102815.daq,21,10,452.866666666667,1,0,left,0.552600193473921,-35.0729598999023,12,-0.000204523848246398,70.705924987793,1183.80247341483,3.77926993370056,0.677650630474091,0.0177401825785637,-5.3046035449315,-30502.5235044569,-18885.5925148149,-30503.9385562095,-18887.6079509863,-30505.3536079622,-18889.6233871576,0,0,1,0
20130619102815.daq,21,10,452.966666666667,1,0,left,0.54616315691915,-35.2089614868164,12,-0.000205913144450614,70.8224639892578,1194.18125345399,4.08688449859619,0.635697603225708,0.0272318441420794,-5.25463907085036,-30494.3595918515,-18891.2829520783,-30495.7794236047,-18893.2950237014,-30497.1992553578,-18895.3070953244,0,0,1,0
20130619102815.daq,21,10,453.066666666667,1,0,left,0.533051779936635,-35.3518218994141,12,-0.000207280052132674,70.9379806518555,1204.57705989903,4.4384446144104,0.625099062919617,0.00824852101504803,-5.20047371791935,-30485.4887765354,-18897.50117132,-30486.9136207381,-18899.5096965056,-30488.3384649409,-18901.5182216913,0,0,1,0
20130619102815.daq,21,10,453.166666666667,1,0,left,0.537749849309279,-35.5043792724609,12,-0.000208621050270497,71.051887512207,1214.98969441068,4.70211458206177,0.625688016414642,0.0272318441420794,-5.14840006469724,-30476.9736068567,-18903.5032143467,-30478.4037939586,-18905.5079385863,-30479.8339810606,-18907.5126628259,0,0,1,0
20130619102815.daq,21,10,453.266666666667,1,0,left,0.558443154814057,-35.6673278808594,12,-0.000209932630097741,71.1641311645508,1225.41891146597,4.96578454971313,0.625876069068909,0.00824852101504803,-5.09651567086972,-30468.8160520747,-18909.2871715458,-30470.2519348002,-18911.287820246,-30471.6878175257,-18913.2884689463,0,0,1,0
20130619102815.daq,21,10,453.366666666667,1,0,left,0.592559574253045,-35.8546447753906,12,-0.000211211271423343,71.2749176025391,1235.8644817672,5.97651958465576,0.632482469081879,0.0272318441420794,-5.04008591155425,-30459.9518920306,-18915.6058958484,-30461.3943077848,-18917.6018395388,-30462.836723539,-18919.5977832292,0,0,1,0
20130619102815.daq,21,10,453.466666666667,1,0,left,0.662681726870055,-36.0734634399414,12,-0.000212453368678259,71.3843765258789,1246.32620100718,6.85541963577271,0.658337116241455,0.036723505705595,-4.98023578077862,-30451.4457130064,-18921.7098428071,-30452.8957409437,-18923.700263216,-30454.345768881,-18925.690683625,0,0,1,0
20130619102815.daq,21,10,453.566666666667,1,0,left,0.748887762079399,-36.3119430541992,12,-0.000213655631446627,71.4928665161133,1256.80389695617,6.63569450378418,0.69101744890213,0.0462154000997543,-4.9146166502655,-30442.9438237963,-18927.852150597,-30444.4021237855,-18929.8365183967,-30445.8604237748,-18931.8208861965,0,0,1,0
20130619102815.daq,21,10,453.666666666667,1,0,left,0.815817047804153,-36.5304565429688,12,-0.000214815916348866,71.601188659668,1267.29748112146,4.79000473022461,0.70442533493042,0.036723505705595,-4.84144246451654,-30434.4533770231,-18934.0302676122,-30435.9192343305,-18936.0090593591,-30437.3850916379,-18937.9878511061,0,0,1,0
20130619102815.daq,21,10,453.766666666667,1,0,left,0.833463852970269,-36.6966247558594,12,-0.000215934046207118,71.710205078125,1277.80699667706,2.90036988258362,0.705036342144012,0.0557070598006248,-4.76033267096248,-30425.9698937448,-18940.2460239823,-30427.4414837366,-18942.2205561598,-30428.9130737283,-18944.1950883372,0,0,1,0
20130619102815.daq,21,10,453.866666666667,1,0,left,0.791870812517196,-36.8052978515625,12,-0.000217012255124613,71.8201293945313,1288.33256838928,1.62596487998962,0.704937994480133,0.0557070598006248,-4.67320083240987,-30417.4952085035,-18946.4971436398,-30418.9705409477,-18948.4688810976,-30420.4458733919,-18950.4406185554,0,0,1,0
20130619102815.daq,21,10,453.966666666667,1,0,left,0.696824818138381,-36.8598785400391,12,-0.000218055016818884,71.9308776855469,1298.87432428815,0.615229964256287,0.706056356430054,0.0462154000997543,-4.58565077432044,-30409.027406343,-18952.7779912385,-30410.5046164197,-18954.7483223814,-30411.9818264964,-18956.7186535243,0,0,1,0
20130619102815.daq,21,10,454.066666666667,1,0,left,0.562904387003961,-36.8749618530273,12,-0.000219068240377487,72.0422592163086,1309.43237244849,0.0878899991512299,0.705549776554108,0.036723505705595,-4.50180458996862,-30400.5608719911,-18959.0875531138,-30402.0386007131,-18961.0574953078,-30403.5163294351,-18963.0274375017,0,0,1,0
20130619102815.daq,21,10,454.166666666667,1,0,left,0.404662410011696,-36.8697204589844,12,-0.000220058188439145,72.1539916992188,1320.00678532431,0.0878899991512299,0.700295686721802,0.036723505705595,-4.42845862936378,-30392.0939838614,-18965.4192479518,-30393.5715323678,-18967.3893253195,-30395.0490808741,-18969.3594026872,0,0,1,0
20130619102815.daq,21,10,454.266666666667,1,0,left,0.248015981195238,-36.8677597045898,12,-0.00022103034800835,72.2658309936523,1330.59759667151,0.615229964256287,0.686559975147247,0.036723505705595,-4.37210783409465,-30383.6212934818,-18971.7687314761,-30385.0987745681,-18973.7388594068,-30386.5762556543,-18975.7089873375,0,0,1,0
20130619102815.daq,21,10,454.366666666667,1,0,left,0.112031138820441,-36.8832702636719,12,-0.000221988465856944,72.37744140625,1341.20479884371,1.36229491233826,0.670852363109589,0.0651987195014954,-4.33548242510995,-30375.1371885817,-18978.1369144862,-30376.6152029478,-18980.1066423753,-30378.0932173138,-18982.0763702644,0,0,1,0
20130619102815.daq,21,10,454.466666666667,1,0,left,-0.00276426806621544,-36.9192199707031,12,-0.000222934302678661,72.4884185791016,1351.82832908477,1.84568989276886,0.654580354690552,0.0272318441420794,-4.32385916537584,-30366.6436750186,-18984.5161746802,-30368.1229249812,-18986.4849748152,-30369.6021749438,-18988.4537749502,0,0,1,0
20130619102815.daq,21,10,454.566666666667,1,0,left,-0.0868826795191637,-36.9803619384766,12,-0.000223867929328328,72.5984497070313,1362.46807036799,2.46091985702515,0.636618733406067,0.122149154543877,-4.33364578237366,-30358.494354202,-18990.6450975549,-30359.975704285,-18992.6123180192,-30361.457054368,-18994.5795384835,0,0,1,0
20130619102815.daq,21,10,454.666666666667,1,0,left,-0.161588062354738,-37.0644302368164,12,-0.000224788500476427,72.7073059082031,1373.12386547663,3.0322048664093,0.583905100822449,0.0557070598006248,-4.36741792253248,-30349.624738239,-18997.3223645168,-30351.1089731672,-18999.2874093258,-30352.5932080954,-19001.2524541348,0,0,1,0
20130619102815.daq,21,10,454.766666666667,1,0,left,-0.216804809108901,-37.1596832275391,12,-0.000225693766064988,72.8146209716797,1383.79551896209,2.81247997283936,0.443215489387512,0.0462154000997543,-4.41883842058462,-30341.1029846934,-19003.7503462132,-30342.5904844134,-19005.7129207994,-30344.0779841333,-19007.6754953856,0,0,1,0
20130619102815.daq,21,10,454.866666666667,1,0,left,-0.281967523547166,-37.2494659423828,12,-0.000226582172181644,72.9194107055664,1394.48274576414,2.2411949634552,0.261709541082382,0.0272318441420794,-4.48677591579652,-30332.5752843575,-19010.1975058882,-30334.0658576121,-19012.1577471478,-30335.5564308668,-19014.1179884075,0,0,1,0
20130619102815.daq,21,10,454.966666666667,1,0,left,-0.353655428368938,-37.3319244384766,12,-0.000227455129308795,73.0180816650391,1405.18496149525,2.2411949634552,0.149966970086098,0.0272318441420794,-4.56988295422517,-30324.0455085963,-19016.6637252553,-30325.5389014311,-19018.6218192939,-30327.0322942659,-19020.5799133326,0,0,1,0
20130619102815.daq,21,10,455.066666666667,1,0,left,-0.416757103380277,-37.4221878051758,12,-0.000228314796180723,73.0928039550781,1415.90028225866,2.90036988258362,0.113411121070385,-0.00124337221495807,-4.66829696743786,-30315.5119748378,-19023.1499733731,-30317.0084505857,-19025.1057123024,-30318.5049263336,-19027.0614512317,0,0,1,0
20130619102815.daq,21,10,455.166666666667,1,0,left,-0.46218058280072,-37.5293655395508,12,-0.000229161566544508,73.1123352050781,1426.62282921103,3.29587483406067,0.102974109351635,0.0746903866529465,-4.77810081602387,-30306.9826631874,-19029.6548792765,-30308.4827947287,-19031.6078154716,-30309.98292627,-19033.5607516667,0,0,1,0
20130619102815.daq,21,10,455.266666666667,1,0,left,-0.486334558786062,-37.6570663452148,12,-0.000229997358269369,73.07177734375,1437.34357889438,3.33981990814209,0.106475181877613,0.0746903866529465,-4.89840148914394,-30298.4635050754,-19036.1747657135,-30299.9679855904,-19038.1243535683,-30301.4724661054,-19040.073941423,0,0,1,0
20130619102815.daq,21,10,455.366666666667,1,0,left,-0.488549662538666,-37.8059768676758,12,-0.000230825251565672,72.9915008544922,1448.05537356402,3.42770981788635,0.126644402742386,0.0557070598006248,-5.02591357385196,-30289.9642875629,-19042.7057677631,-30291.4738299287,-19044.6514389248,-30292.9833722946,-19046.5971100864,0,0,1,0
20130619102815.daq,21,10,455.466666666667,1,0,left,-0.474194807831687,-37.9739456176758,12,-0.000231648822597125,72.8754196166992,1458.75262008965,3.69137978553772,0.129640579223633,0.103165604174137,-5.16138804002759,-30281.4888873417,-19049.2438387271,-30283.0041271572,-19051.1850761482,-30284.5193669728,-19053.1263135692,0,0,1,0
20130619102815.daq,21,10,455.566666666667,1,0,left,-0.43972058094154,-38.1621856689453,12,-0.000232471731282854,72.7414169311523,1469.43135112621,4.17477464675903,0.113755501806736,0.122149154543877,-5.29864338409883,-30273.0451504556,-19055.7910058923,-30274.5667598402,-19057.7272546635,-30276.0883692249,-19059.6635034347,0,0,1,0
20130619102815.daq,21,10,455.666666666667,1,0,left,-0.374881617351548,-38.3804931640625,12,-0.000233297152868823,72.5987930297852,1480.08971746532,5.09761953353882,0.110445074737072,0.0651987195014954,-5.43571008307527,-30264.6332766045,-19062.3498425683,-30266.1622523915,-19064.2802796862,-30267.6912281785,-19066.2107168041,0,0,1,0
20130619102815.daq,21,10,455.766666666667,1,0,left,-0.274290359719693,-38.6318817138672,12,-0.000234124646415401,72.4535751342773,1490.72692817435,5.71284961700439,0.146869421005249,0.0557070598006248,-5.56828277835808,-30256.2592053854,-19068.9205337509,-30257.796636333,-19070.8442438395,-30259.3340672806,-19072.767953928,0,0,1,0
20130619102815.daq,21,10,455.866666666667,1,0,left,-0.161214460792372,-38.8978881835938,12,-0.000234952020460592,72.307746887207,1501.34278593976,5.36128950119019,0.174035385251045,0.093673937022686,-5.68956852415038,-30247.9245542245,-19075.5097103777,-30249.4708997579,-19077.4262619462,-30251.0172452912,-19079.3428135148,0,0,1,0
20130619102815.daq,21,10,455.966666666667,1,0,left,-0.0498431494274243,-39.1595611572266,12,-0.000235778198726582,72.1617126464844,1511.93723938167,4.74605989456177,0.187518537044525,0.112657263875008,-5.79843508683239,-30239.6328637716,-19082.1161659358,-30241.1879461441,-19084.0256352962,-30242.7430285165,-19085.9351046566,0,1,1,1
20130619102815.daq,21,10,456.066666666667,1,0,left,0.0451278445724199,-39.4055328369141,12,-0.000236602201573147,72.0163803100586,1522.51029325578,3.91110491752625,0.192449197173119,0.0272318441420794,-5.89108586455496,-30231.3839001053,-19088.7450404861,-30232.9471655045,-19090.6478162783,-30234.5104309036,-19092.5505920705,0,1,1,1
20130619102815.daq,21,10,456.166666666667,1,0,left,0.114654908649314,-39.6228637695313,12,-0.000237422858015462,71.8778839111328,1533.06243972696,3.16403985023499,0.193206772208214,0.0462154000997543,-5.96493045030292,-30223.5211353475,-19095.1162222233,-30225.0916069789,-19097.0130546562,-30226.6620786102,-19098.9098870891,0,1,1,1
20130619102815.daq,21,10,456.266666666667,1,0,left,0.147523178943338,-39.8124694824219,12,-0.000238241359285502,71.7493133544922,1543.59501942699,2.72458982467651,0.193901166319847,0.0746903866529465,-6.03292753849722,-30215.0172239805,-19102.0598535688,-30216.5939640825,-19103.9514785512,-30218.1707041845,-19105.8431035336,0,1,1,1
20130619102815.daq,21,10,456.366666666667,1,0,left,0.156860529019639,-39.9729919433594,12,-0.000239061555539063,71.6282043457031,1554.10932132805,1.88963496685028,0.193609774112701,0.093673937022686,-6.08149843276171,-30206.8975108535,-19108.7477292935,-30208.4795444231,-19110.634929391,-30210.0615779926,-19112.5221294886,0,1,1,1
20130619102815.daq,21,10,456.466666666667,1,0,left,0.129744012957318,-40.0963592529297,12,-0.000239889734726164,71.5123443603516,1564.60626728348,1.18651497364044,0.193960055708885,0.0462154000997543,-6.1244442342167,-30198.8141547606,-19115.4488762918,-30200.4002481144,-19117.3326656369,-30201.9863414682,-19119.2164549819,0,1,1,1
20130619102815.daq,21,10,456.566666666667,1,0,left,0.0811027141951186,-40.1951446533203,12,-0.000240733998343916,71.4001159667969,1575.08650163953,1.14256989955902,0.194279536604881,0.0651987195014954,-6.16006570185011,-30190.7654526375,-19122.1660456513,-30192.3547915309,-19124.0470975659,-30193.9441304243,-19125.9281494805,0,1,1,1
20130619102815.daq,21,10,456.666666666667,1,0,left,0.0148773675323781,-40.2780609130859,12,-0.000241603070746721,71.2905197143555,1585.55047916847,1.18651497364044,0.194167271256447,0.0841822773218155,-6.19600089255121,-30182.74767481,-19128.8919767602,-30184.3397342246,-19130.7707266755,-30185.9317936391,-19132.6494765907,0,1,1,1
20130619102815.daq,21,10,456.766666666667,1,0,left,-0.0465398374186634,-40.3645782470703,12,-0.000242503460557257,71.1827621459961,1595.99852605308,1.80174493789673,0.19403050839901,0.093673937022686,-6.23522387381469,-30174.7573249479,-19135.6259447107,-30176.3522194819,-19137.5022884556,-30177.9471140158,-19139.3786322005,0,1,1,1
20130619102815.daq,21,10,456.866666666667,1,0,left,-0.0896258401650272,-40.4701843261719,12,-0.000243438955007343,71.0761566162109,1606.43085956208,2.81247997283936,0.193113848567009,0.093673937022686,-6.28003478270147,-30166.7927823128,-19142.3669712392,-30168.3911325633,-19144.2403721307,-30169.9894828137,-19146.1137730222,0,1,1,1
20130619102815.daq,21,10,456.966666666667,1,0,left,-0.111835061055601,-40.5989074707031,12,-0.000244410631303538,70.9703369140625,1616.84761882201,3.20798492431641,0.193863213062286,0.0841822773218155,-6.33009733982491,-30158.8521872019,-19149.1153075193,-30160.4547422774,-19150.985112764,-30162.057297353,-19152.8549180087,0,1,1,1
20130619102815.daq,21,10,457.066666666667,1,0,left,-0.116845527327705,-40.7422943115234,12,-0.000245416702153264,70.8651123046875,1627.24890239641,3.16403985023499,0.193754300475121,0.122149154543877,-6.38698534138973,-30150.9373190329,-19155.8684656528,-30152.5445484084,-19157.7342545363,-30154.151777784,-19159.6000434198,0,1,1,1
20130619102815.daq,21,10,457.166666666667,1,0,left,-0.113936567730995,-40.8934783935547,12,-0.000246454491504137,70.7603302001953,1637.63478805441,3.12009477615356,0.194077610969543,0.0557070598006248,-6.45066456864241,-30143.0460814008,-19162.6279650893,-30144.658228358,-19164.4895065506,-30146.2703753151,-19166.3510480119,0,1,1,1
20130619102815.daq,21,10,457.266666666667,1,0,left,-0.113988338665827,-41.0415954589844,12,-0.000247520691342921,70.655891418457,1648.00533015982,2.8564248085022,0.186694249510765,0.0746903866529465,-6.51485736304529,-30135.1840981245,-19169.3970289796,-30136.8010520169,-19171.254396615,-30138.4180059093,-19173.1117642505,0,1,1,1
20130619102815.daq,21,10,457.366666666667,1,0,left,-0.113140999701599,-41.1905212402344,12,-0.000248611980506203,70.5513916015625,1658.3605668512,2.81247997283936,0.142911180853844,0.093673937022686,-6.58476633684234,-30127.3475474475,-19176.1719945083,-30128.9693236263,-19178.0251530145,-30130.5910998051,-19179.8783115208,0,1,1,1
20130619102815.daq,21,10,457.466666666667,1,0,left,-0.117359592279229,-41.3335418701172,12,-0.000249726067877348,70.4422607421875,1668.7002296665,2.72458982467651,0.11595893651247,0.036723505705595,-6.65347447402577,-30119.5401859129,-19182.9583003337,-30121.1665828532,-19184.807404824,-30122.7929797935,-19186.6565093143,0,1,1,1
20130619102815.daq,21,10,457.566666666667,1,0,left,-0.12239669086027,-41.4778289794922,12,-0.000250862372557527,70.3214416503906,1679.02308838005,2.72458982467651,0.106902785599232,0.0746903866529465,-6.72342061302469,-30111.7621721191,-19189.7524899347,-30113.3932204697,-19191.5974928348,-30115.0242688203,-19193.4424957349,0,1,1,1
20130619102815.daq,21,10,457.666666666667,1,0,left,-0.127358291546741,-41.6217041015625,12,-0.000252021968141697,70.1881408691406,1689.32724967696,2.76853489875793,0.119487352669239,0.103165604174137,-6.79415192373676,-30104.0154217259,-19196.5544580992,-30105.651097906,-19198.39535947,-30107.2867740862,-19200.2362608408,0,1,1,1
20130619102815.daq,21,10,457.766666666667,1,0,left,-0.120154135823036,-41.7677154541016,12,-0.000253205682100546,70.0506973266602,1699.61147139574,2.81247997283936,0.155584737658501,0.103165604174137,-6.86123833581471,-30096.6222583007,-19203.0792077633,-30098.2626204787,-19204.9159348384,-30099.9029826567,-19206.7526619135,0,1,1,1
20130619102815.daq,21,10,457.866666666667,1,0,left,-0.126525700972408,-41.9140472412109,12,-0.000254414189803491,69.9125518798828,1709.87546884913,2.76853489875793,0.168537378311157,0.0651987195014954,-6.93532743984272,-30088.6197504826,-19210.1762345566,-30090.2647982542,-19212.0087662077,-30091.9098460258,-19213.8412978589,0,1,1,1
20130619102815.daq,21,10,457.966666666667,1,0,left,-0.123883346234301,-42.0617980957031,12,-0.000255648200927713,69.7744522094727,1720.11920324581,2.72458982467651,0.175464048981667,0.0746903866529465,-7.00622818804974,-30080.9708144543,-19216.9959974837,-30082.6205823716,-19218.8242808978,-30084.2703502889,-19220.652564312,0,1,1,1
20130619102815.daq,21,10,458.066666666667,1,0,left,-0.124946247287902,-42.2055969238281,12,-0.000256907627993552,69.6374053955078,1730.34273165378,2.72458982467651,0.175893798470497,0.103165604174137,-7.07508135107391,-30073.3550132116,-19223.8233179336,-30075.0093644863,-19225.6474550675,-30076.663715761,-19227.4715922014,0,1,1,1
20130619102815.daq,21,10,458.166666666667,1,0,left,-0.126803533454769,-42.3498687744141,12,-0.000258191162852764,69.5052490234375,1740.54647098648,2.72458982467651,0.175821781158447,0.0462154000997543,-7.14569221777386,-30065.7704955444,-19230.6545656598,-30067.4294347813,-19232.4745313276,-30069.0883740181,-19234.2944969954,0,1,1,1
20130619102815.daq,21,10,458.266666666667,1,0,left,-0.127044120706017,-42.4956512451172,12,-0.000259495906858876,69.3793334960938,1750.73129899081,2.98825979232788,0.176657870411873,0.0557070598006248,-7.21660362332907,-30058.2172861569,-19237.4917581533,-30059.8808507106,-19239.3074969559,-30061.5444152642,-19241.1232357585,0,1,1,1
20130619102815.daq,21,10,458.366666666667,1,0,left,-0.109264706042907,-42.6593627929688,12,-0.000260817333911229,69.2578048706055,1760.89862828627,3.8232147693634,0.177116170525551,0.112657263875008,-7.28403063742018,-30050.695776248,-19244.339820994,-30052.3645221243,-19246.1507990788,-30054.0332680006,-19247.9617771637,0,1,1,1
20130619102815.daq,21,10,458.466666666667,1,0,left,-0.0662630187325135,-42.8482208251953,12,-0.000262149134756457,69.13916015625,1771.04773405331,4.52633476257324,0.177676543593407,0.264524757862091,-7.35059546567126,-30043.2061485094,-19251.1952918554,-30044.8808546455,-19253.0007596012,-30046.5555607816,-19254.806227347,0,1,1,1
20130619102815.daq,21,10,458.566666666667,1,0,left,-0.00646771958970049,-43.0514221191406,12,-0.000263482773281,69.0225677490234,1781.17959586602,4.4823899269104,0.177729561924934,0.0746903866529465,-7.41122871844009,-30035.7481566304,-19258.0633549473,-30037.4292553694,-19259.8628719528,-30039.1103541084,-19261.6623889583,0,1,1,1
20130619102815.daq,21,10,458.666666666667,1,0,left,0.0603146406496791,-43.2615661621094,12,-0.000264807609417645,68.9075241088867,1791.2944766848,4.30660963058472,0.178497120738029,0.0557070598006248,-7.46653034738358,-30028.3235821994,-19264.943548739,-30030.0112697148,-19266.7368878797,-30031.6989572302,-19268.5302270205,0,1,1,1
20130619102815.daq,21,10,458.766666666667,1,0,left,0.125947143271716,-43.4730377197266,12,-0.000266113130127032,68.7936782836914,1801.39257456919,4.26266479492188,0.178550958633423,0.0746903866529465,-7.5138693736109,-30020.9342444397,-19271.8355244236,-30022.6285394353,-19273.62262232,-30024.3228344309,-19275.4097202164,0,1,1,1
20130619102815.daq,21,10,458.866666666667,1,0,left,0.196122102139874,-43.6870269775391,12,-0.000267390565526637,68.6808395385742,1811.47405186459,4.26266479492188,0.178438067436218,0.0841822773218155,-7.55119080346819,-30013.5801738278,-19278.7432611045,-30015.281131475,-19280.5240186697,-30016.9820891222,-19282.3047762348,0,1,1,1
20130619102815.daq,21,10,458.966666666667,1,0,left,0.265791630389153,-43.9004364013672,12,-0.000268630812814947,68.5687713623047,1821.53903865249,4.26266479492188,0.178472325205803,0.0841822773218155,-7.57855035366073,-30006.2632473007,-19285.6646140564,-30007.9708259161,-19287.4390237317,-30009.6784045315,-19289.2134334069,0,1,1,1
20130619102815.daq,21,10,459.066666666667,1,0,left,0.330088971673248,-44.1084136962891,12,-0.000269824615587018,68.4573516845703,1831.58763638707,3.99899482727051,0.179185152053833,0.103165604174137,-7.59456036661808,-29998.9833413368,-19292.6012380724,-30000.6973495979,-19294.3694377513,-30002.4113578589,-19296.1376374302,0,1,1,1
20130619102815.daq,21,10,459.166666666667,1,0,left,0.386253091547374,-44.3082122802734,12,-0.000270963924659417,68.3465881347656,1841.61994027495,3.69137978553772,0.179248288273811,0.217066243290901,-7.5979443989824,-29991.7423351173,-19299.5529658639,-29993.4624989099,-19301.315177812,-29995.1826627025,-19303.0773897601,0,1,1,1
20130619102815.daq,21,10,459.266666666667,1,0,left,0.435597068448473,-44.5011596679688,12,-0.000272041629945757,68.2365188598633,1851.63604962563,3.64743494987488,0.179137721657753,0.0651987195014954,-7.5925527454083,-29984.536351292,-19306.5179277178,-29986.2624396868,-19308.2743369175,-29987.9885280816,-19310.0307461172,0,1,1,1
20130619102815.daq,21,10,459.366666666667,1,0,left,0.478487927185668,-44.6876373291016,12,-0.000273051197352568,68.1270523071289,1861.63606048493,3.60348987579346,0.179073318839073,0.0841822773218155,-7.57582798756525,-29977.3673485926,-19313.4981017552,-29979.099144331,-19315.24888385,-29980.8309400695,-19316.9996659449,0,1,1,1
20130619102815.daq,21,10,459.466666666667,1,0,left,0.520922887991681,-44.8713226318359,12,-0.0002739865000403,68.0181274414063,1871.62005640338,3.51559996604919,0.178889438509941,0.0272318441420794,-7.54925411880773,-29970.2334662116,-19320.4917611888,-29971.9708658965,-19322.236982309,-29973.7082655814,-19323.9822034292,0,1,1,1
20130619102815.daq,21,10,459.566666666667,1,0,left,0.55635546952368,-45.0505523681641,12,-0.000274841409786594,67.9096908569336,1881.58811356491,3.55954480171204,0.179064944386482,0.0557070598006248,-7.51384052655691,-29963.1346586072,-19327.4988050581,-29964.8775090944,-19329.2385828033,-29966.6203595817,-19330.9783605484,0,1,1,1
20130619102815.daq,21,10,459.666666666667,1,0,left,0.593760769951309,-45.2293090820313,12,-0.00027560924745874,67.8016891479492,1891.54029864209,3.51559996604919,0.179702162742615,0.0841822773218155,-7.47143272408402,-29956.0690757976,-19334.5175240555,-29957.8173457146,-19336.2518558348,-29959.5656156316,-19337.9861876141,0,1,1,1
20130619102815.daq,21,10,459.766666666667,1,0,left,0.624319229461129,-45.4011840820313,12,-0.000276286244793388,67.6941909790039,1901.47667756153,3.20798492431641,0.179835498332977,0.122149154543877,-7.42299246770621,-29949.0384992222,-19341.5455748396,-29950.7919638871,-19343.2746543902,-29952.5454285521,-19345.0037339407,0,1,1,1
20130619102815.daq,21,10,459.866666666667,1,0,left,0.645958051846421,-45.5665130615234,12,-0.00027687381927623,67.5873184204102,1911.39733723069,2.98825979232788,0.192325696349144,0.0746903866529465,-7.36437878187262,-29942.0429341003,-19348.5868856312,-29943.801380778,-19350.3108983066,-29945.5598274558,-19352.0349109821,0,1,1,1
20130619102815.daq,21,10,459.966666666667,1,0,left,0.670563570207968,-45.7324066162109,12,-0.000277373204428407,67.4814834594727,1921.3023792903,3.47165489196777,0.226702436804771,0.103165604174137,-7.30423495310676,-29935.0767101589,-19355.6360303742,-29936.8401411458,-19357.3549444436,-29938.6035721327,-19359.073858513,0,1,1,1
20130619102815.daq,21,10,460.066666666667,1,0,left,0.702288332634389,-45.9054260253906,12,-0.000277785174891586,67.3813934326172,1931.19223426806,3.95504975318909,0.239183738827705,0.112657263875008,-7.23641026043585,-29928.1439128223,-19362.6973130809,-29929.9125264661,-19364.4108941856,-29931.6811401099,-19366.1244752903,0,1,1,1
20130619102815.daq,21,10,460.166666666667,1,0,left,0.742956426471608,-46.08740234375,12,-0.00027811358819949,67.2921371459961,1941.06818442229,3.95504975318909,0.239377126097679,0.093673937022686,-7.16338315570851,-29921.2426431272,-19369.7688896783,-29923.0166903222,-19371.4768448807,-29924.7907375172,-19373.184800083,0,1,1,1
20130619102815.daq,21,10,460.266666666667,1,0,left,0.788149092476182,-46.2738647460938,12,-0.000278364057771253,67.2125701904297,1950.93178774671,3.95504975318909,0.239259541034698,0.103165604174137,-7.08396702434569,-29914.3727825174,-19376.8524404644,-29916.1523786482,-19378.5546132037,-29917.9319747791,-19380.2567859431,0,1,1,1
20130619102815.daq,21,10,460.366666666667,1,0,left,0.829934754648086,-46.4568939208984,12,-0.000278541892124074,67.1399993896484,1960.78426085276,3.73532485961914,0.239241078495979,0.103165604174137,-6.99866306359614,-29907.5302067209,-19383.9513921394,-29909.3152312881,-19385.6478713517,-29911.1002558554,-19387.344350564,0,1,1,1
20130619102815.daq,21,10,460.466666666667,1,0,left,0.866680338317515,-46.6324768066406,12,-0.000278652264663397,67.0725555419922,1970.62648409827,3.55954480171204,0.239497482776642,0.0841822773218155,-6.90753456783474,-29900.7187074164,-19391.0615972569,-29902.5089224534,-19392.752598305,-29904.2991374905,-19394.4435993531,0,1,1,1
20130619102815.daq,21,10,460.566666666667,1,0,left,0.896056736140039,-46.8030853271484,12,-0.000278700594258361,67.0089111328125,1980.45910705137,3.55954480171204,0.239060819149017,0.112657263875008,-6.8070621791005,-29893.9363970524,-19398.1890658648,-29895.7316394062,-19399.8747287358,-29897.52688176,-19401.5603916068,0,1,1,1
20130619102815.daq,21,10,460.666666666667,1,0,left,0.922473455262683,-46.9707489013672,12,-0.000278692658484768,66.948112487793,1990.28261469683,3.55954480171204,0.239221915602684,0.103165604174137,-6.70342149166271,-29887.1813774059,-19405.3280617902,-29888.9815447901,-19407.0084640671,-29890.7817121743,-19408.688866344,0,1,1,1
20130619102815.daq,21,10,460.766666666667,1,0,left,0.945976982499687,-47.1331329345703,12,-0.000278630244970295,66.8894805908203,2000.09737228847,3.42770981788635,0.239249750971794,0.112657263875008,-6.59404231435159,-29880.45358019,-19412.4823517236,-29882.2585028268,-19414.1576453393,-29884.0634254635,-19415.8329389551,0,1,1,1
20130619102815.daq,21,10,460.866666666667,1,0,left,0.960886032806393,-47.2893218994141,12,-0.000278512866086235,66.832405090332,2009.9036508061,3.16403985023499,0.238935515284538,0.0841822773218155,-6.47904026469449,-29873.7529763678,-19419.6499288287,-29875.5624591625,-19421.3202959857,-29877.3719419573,-19422.9906631426,0,1,1,1
20130619102815.daq,21,10,460.966666666667,1,0,left,0.96694031960962,-47.4362640380859,12,-0.00027834246967255,66.776496887207,2019.70164840246,2.94431495666504,0.238907352089882,0.103165604174137,-6.36021443691035,-29867.0794747188,-19426.8306116771,-29868.893235422,-19428.4963327026,-29870.7069961252,-19430.1620537282,0,1,1,1
20130619102815.daq,21,10,461.066666666667,1,0,left,0.968220008665554,-47.5761108398438,12,-0.000278123042742256,66.7213668823242,2029.49150578936,2.76853489875793,0.240417137742043,0.0651987195014954,-6.23696955792776,-29860.4331334023,-19434.0225778666,-29862.2509543692,-19435.683866931,-29864.0687753362,-19437.3451559954,0,1,1,1
20130619102815.daq,21,10,461.166666666667,1,0,left,0.957686003855905,-47.7042236328125,12,-0.000277860109904767,66.6668930053711,2039.27332572647,2.59275484085083,0.238911926746368,0.0651987195014954,-6.11551772392459,-29853.8079546241,-19441.2255516118,-29855.6294856696,-19442.8827718971,-29857.451016715,-19444.5399921823,0,1,1,1
20130619102815.daq,21,10,461.266666666667,1,0,left,0.940744860155746,-47.8284149169922,12,-0.000277560135181525,66.6129608154297,2049.04719875797,2.59275484085083,0.239266917109489,0.093673937022686,-5.99080064969473,-29847.208068717,-19448.440001624,-29849.0331875831,-19450.0932697655,-29850.8583064493,-19451.746537907,0,1,1,1
20130619102815.daq,21,10,461.366666666667,1,0,left,0.921511390992542,-47.9480285644531,12,-0.000277229452099495,66.5593490600586,2058.81324209707,2.59275484085083,0.23923759162426,0.093673937022686,-5.86805303991705,-29840.6315017145,-19455.6619832298,-29842.4600680495,-19457.3114375584,-29844.2886343844,-19458.960891887,0,1,1,1
20130619102815.daq,21,10,461.466666666667,1,0,left,0.902738804249388,-48.0682220458984,12,-0.000276873855977628,66.505989074707,2068.57138608721,2.59275484085083,0.239887773990631,0.122149154543877,-5.7472122069078,-29834.0744979845,-19462.8957107877,-29835.9065204726,-19464.5413255745,-29837.7385429607,-19466.1869403614,0,1,1,1
20130619102815.daq,21,10,461.566666666667,1,0,left,0.880244552150941,-48.1872253417969,12,-0.000276499983272063,66.4529037475586,2078.32172276457,2.59275484085083,0.239454507827759,0.093673937022686,-5.62853842892352,-29827.54091147,-19470.1352194323,-29829.3763479448,-19471.7770255629,-29831.2117844196,-19473.4188316934,0,0,1,0
20130619102815.daq,21,10,461.666666666667,1,0,left,0.858587233531715,-48.3037109375,12,-0.000276112291075082,66.4001235961914,2088.06429726134,2.59275484085083,0.239139437675476,0.103165604174137,-5.5125918948268,-29821.0267959219,-19477.3843366693,-29822.865566487,-19479.0224078621,-29824.704337052,-19480.6604790548,0,0,1,0
20130619102815.daq,21,10,461.766666666667,1,0,left,0.837315455806412,-48.4207000732422,12,-0.000275711579086412,66.3475799560547,2097.79914846207,2.59275484085083,0.257308512926102,0.122149154543877,-5.40068402788912,-29814.5322407646,-19484.6412892621,-29816.3743521827,-19486.2756025572,-29818.2164636009,-19487.9099158523,0,0,1,0
20130619102815.daq,21,10,461.866666666667,1,0,left,0.815896539083226,-48.5377655029297,12,-0.000275296346765028,66.2957458496094,2107.52632261799,2.59275484085083,0.344246178865433,0.103165604174137,-5.291278284658,-29808.0591864621,-19491.906051738,-29809.9046332245,-19493.5365978644,-29811.750079987,-19495.1671439908,0,0,1,0
20130619102815.daq,21,10,461.966666666667,1,0,left,0.790334956217976,-48.6509246826172,12,-0.000274862751172747,66.2525863647461,2117.24635273674,2.59275484085083,0.413483023643494,0.0651987195014954,-5.18597680589933,-29801.6055598381,-19499.1783879799,-29803.4542233283,-19500.8052861708,-29805.3028868185,-19502.4321843616,0,0,1,0
20130619102815.daq,21,10,462.066666666667,1,0,left,0.761395893175759,-48.7609558105469,12,-0.000274407853898409,66.2347640991211,2126.96173526362,2.59275484085083,0.451561897993088,0.0651987195014954,-5.08484422507238,-29795.1694299292,-19506.4602978682,-29797.0212143127,-19508.0836428778,-29798.8729986963,-19509.7069878874,0,0,1,0
20130619102815.daq,21,10,462.166666666667,1,0,left,0.724702282783326,-48.8634948730469,12,-0.000273929281502638,66.250358581543,2136.67693875363,2.54880976676941,0.453197985887527,0.0746903866529465,-4.98832198932936,-29788.7487100058,-19513.7534768518,-29790.6033966324,-19515.3735052283,-29792.4580832589,-19516.9935336048,0,0,1,0
20130619102815.daq,21,10,462.266666666667,1,0,left,0.678837229780207,-48.9571380615234,12,-0.000273424949139423,66.2946853637695,2146.39666795989,2.46091985702515,0.452877789735794,0.093673937022686,-4.89689521376232,-29782.339448663,-19521.0617493932,-29784.1967805564,-19522.678744341,-29786.0541124499,-19524.2957392887,0,0,1,0
20130619102815.daq,21,10,462.366666666667,1,0,left,0.627142021350167,-49.0438385009766,12,-0.000272893435042163,66.355224609375,2156.12420886163,2.46091985702515,0.45256769657135,0.0272318441420794,-4.81213521739578,-29775.9377967323,-19528.3871853012,-29777.7975733483,-19530.001367869,-29779.6573499643,-19531.6155504368,0,0,1,0
20130619102815.daq,21,10,462.466666666667,1,0,left,0.570416190071157,-49.1276397705078,12,-0.000272333465885418,66.4253463745117,2165.86138064124,2.41697478294373,0.453213602304459,-0.00124337221495807,-4.73374781418404,-29769.541923098,-19535.7319773286,-29771.4040586403,-19537.3434380466,-29773.2661941827,-19538.9548987645,0,0,1,0
20130619102815.daq,21,10,462.566666666667,1,0,left,0.514116639219289,-49.2097930908203,12,-0.00027174553378562,66.5018692016602,2175.60933519581,2.41697478294373,0.453315764665604,0.0462154000997543,-4.66104270068389,-29763.151865443,-19543.0961996533,-29765.0163096567,-19544.7049887001,-29766.8807538705,-19546.313777747,0,0,1,0
20130619102815.daq,21,10,462.666666666667,1,0,left,0.455378093043365,-49.2898254394531,12,-0.000271132391786834,66.5830001831055,2185.36886728117,2.32908487319946,0.452419966459274,0.093673937022686,-4.59667338693235,-29756.7656556474,-19550.4798246034,-29758.6323452431,-19552.0860077738,-29760.4990348388,-19553.6921909441,0,0,1,0
20130619102815.daq,21,10,462.766666666667,1,0,left,0.39467579039686,-49.3682250976563,12,-0.000270497135452898,66.6674194335938,2195.14055550344,2.28513979911804,0.453076928853989,0.0557070598006248,-4.54393130817142,-29750.3813551381,-19557.8809280763,-29752.2502407777,-19559.4845554924,-29754.1191264173,-19561.0881829085,0,0,1,0
20130619102815.daq,21,10,462.866666666667,1,0,left,0.330565868251512,-49.4459686279297,12,-0.000269843026436662,66.7540283203125,2204.92479598168,2.28513979911804,0.452733874320984,0.0272318441420794,-4.49822687336129,-29744.0009468796,-19565.3015208701,-29745.872006729,-19566.9026109561,-29747.7430665784,-19568.5037010421,0,0,1,0
20130619102815.daq,21,10,462.966666666667,1,0,left,0.266455043554828,-49.5216674804688,12,-0.000269173065342485,66.8420944213867,2214.72185298175,2.28513979911804,0.451171427965164,0.0651987195014954,-4.46759559318684,-29737.6204813546,-19572.7376151444,-29739.4936549213,-19574.3362318003,-29741.366828488,-19575.9348484561,0,0,1,0
20130619102815.daq,21,10,463.066666666667,1,0,left,0.200776557205273,-49.5973510742188,12,-0.00026848901532814,66.931022644043,2224.53189733467,2.2411949634552,0.427493810653687,0.0651987195014954,-4.44450936644354,-29731.2419743618,-19580.1951897922,-29733.117257951,-19581.7913307268,-29734.9925415402,-19583.3874716615,0,0,1,0
20130619102815.daq,21,10,463.166666666667,1,0,left,0.132131052920997,-49.6693420410156,12,-0.000267792134623765,67.0195388793945,2234.35498284476,2.10935997962952,0.364941000938416,0.0746903866529465,-4.43310523729658,-29724.8672642981,-19587.6701225781,-29726.7445519247,-19589.2639059982,-29728.6218395514,-19590.8576894184,0,0,1,0
20130619102815.daq,21,10,463.266666666667,1,0,left,0.0667095751932791,-49.7424011230469,12,-0.000267084157869989,67.1030578613281,2244.19076738376,2.28513979911804,0.282683551311493,0.0557070598006248,-4.43198100581998,-29718.4925929458,-19595.1626933588,-29720.3719113133,-19596.754081714,-29722.2512296807,-19598.3454700693,0,0,1,0
20130619102815.daq,21,10,463.366666666667,1,0,left,0.00625420519629216,-49.8230590820313,12,-0.000266367449112662,67.1733856201172,2254.03778079789,2.59275484085083,0.246192514896393,0.0746903866529465,-4.44252331972827,-29712.1201183961,-19602.6732850351,-29714.0016751727,-19604.2620262097,-29715.8832319494,-19605.8507673842,0,0,1,0
20130619102815.daq,21,10,463.466666666667,1,0,left,-0.0479770797664827,-49.9102020263672,12,-0.000265644538705223,67.2209014892578,2263.89374195236,2.63669991493225,0.248912587761879,0.093673937022686,-4.46373110925448,-29705.7517606291,-19610.1998781925,-29707.6357315947,-19611.785755812,-29709.5197025604,-19613.3716334315,0,0,1,0
20130619102815.daq,21,10,463.566666666667,1,0,left,-0.0966999384932592,-50.0031280517578,12,-0.000264917340509431,67.2390518188477,2273.75447434603,2.63669991493225,0.306575775146484,0.0651987195014954,-4.49697414017671,-29699.3894523626,-19617.7385245434,-29701.2759929289,-19619.3213445317,-29703.1625334951,-19620.90416452,0,0,1,0
20130619102815.daq,21,10,463.666666666667,1,0,left,-0.140248592872986,-50.1015167236328,12,-0.000264189528739237,67.2385330200195,2283.6162957874,2.59275484085083,0.402938574552536,0.131640821695328,-4.53904387877387,-29693.0390444746,-19625.2872513182,-29694.9283002864,-19626.8668293951,-29696.8175560983,-19628.446407472,0,0,1,0
20130619102815.daq,21,10,463.766666666667,1,0,left,-0.181695702152886,-50.2011260986328,12,-0.000263463763835115,67.2409973144531,2293.47796924361,2.68064475059509,0.485112339258194,0.150624141097069,-4.59045651093679,-29686.698450837,-19632.8477628375,-29688.5904499071,-19634.4240540359,-29690.4824489772,-19636.0003452343,0,0,1,0
20130619102815.daq,21,10,463.866666666667,1,0,left,-0.204439764977394,-50.3184204101563,12,-0.000262740767488109,67.2676162719727,2303.34158953922,3.8232147693634,0.539983987808228,0.103165604174137,-4.64940591776998,-29680.3721024383,-19640.4171138221,-29682.2673244807,-19641.9895284728,-29684.162546523,-19643.5619431235,0,0,1,0
20130619102815.daq,21,10,463.966666666667,1,0,left,-0.195779523354688,-50.4675445556641,12,-0.000262020694679211,67.3219375610352,2313.21122966969,5.18550968170166,0.558989346027374,0.036723505705595,-4.71179993477397,-29674.0565520274,-19648.0058910156,-29675.955860181,-19649.5733676377,-29677.8551683347,-19651.1408442598,0,0,1,0
20130619102815.daq,21,10,464.066666666667,1,0,left,-0.166470772193506,-50.6377563476563,12,-0.00026130025068574,67.3991317749023,2323.09052977152,5.18550968170166,0.574896574020386,0.0841822773218155,-4.77990924509484,-29667.7495151719,-19655.6134612828,-29669.6534715285,-19657.1752886149,-29671.5574278852,-19658.7371159471,0,0,1,0
20130619102815.daq,21,10,464.166666666667,1,0,left,-0.129909141300146,-50.815673828125,12,-0.000260571557548997,67.4963607788086,2332.98270859185,4.96578454971313,0.618993818759918,0.0651987195014954,-4.84580594954585,-29661.4525227201,-19663.2507598477,-29663.3613197473,-19664.8066674068,-29665.2701167745,-19666.3625749659,0,0,1,0
20130619102815.daq,21,10,464.266666666667,1,0,left,-0.0978576326563143,-50.9895477294922,12,-0.000259828993649425,67.6040267944336,2342.89000875392,4.83394956588745,0.670358419418335,0.0462154000997543,-4.91029648281277,-29655.167149532,-19670.9151497646,-29657.0806594318,-19672.4652575952,-29658.9941693317,-19674.0153654259,0,0,1,0
20130619102815.daq,21,10,464.366666666667,1,0,left,-0.0725273186342221,-51.1571807861328,12,-0.000259068958766514,67.7176895141602,2352.81356173343,4.57027959823608,0.697965383529663,0.0841822773218155,-4.97311721367938,-29648.8913684209,-19678.6104111577,-29650.8094053505,-19680.1549139126,-29652.7274422802,-19681.6994166675,0,0,1,0
20130619102815.daq,21,10,464.466666666667,1,0,left,-0.0551552847165198,-51.3184051513672,12,-0.000258289667387953,67.8361968994141,2362.75415482632,4.52633476257324,0.701156556606293,0.0177401825785637,-5.0312023738838,-29642.6271237731,-19686.3365360271,-29644.5494991737,-19687.875635518,-29646.4718745742,-19689.4147350089,0,0,1,0
20130619102815.daq,21,10,464.566666666667,1,0,left,-0.0326867760299052,-51.4806976318359,12,-0.00025749073823337,67.9576721191406,2372.71236859693,4.79000473022461,0.701156079769135,0.0557070598006248,-5.08498575802811,-29636.3746593874,-19694.0959107582,-29638.3013866283,-19695.6295588805,-29640.2281138691,-19697.1632070027,0,0,1,0
20130619102815.daq,21,10,464.666666666667,1,0,left,-0.00924008123254794,-51.6468811035156,12,-0.000256673287414468,68.0808029174805,2382.68853146604,4.87789487838745,0.700466632843018,0.0557070598006248,-5.13634240222679,-29630.1321163429,-19701.8847913877,-29632.0632837409,-19703.4128446932,-29633.9944511389,-19704.9408979987,0,0,1,0
20130619102815.daq,21,10,464.766666666667,1,0,left,0.0183141066854375,-51.8177337646484,12,-0.000255840575342372,68.2048873901367,2392.68282881139,5.00972986221313,0.701195418834686,0.0651987195014954,-5.18183894921081,-29623.9014756424,-19709.7090808526,-29625.8371910132,-19711.2313687448,-29627.772906384,-19712.753656637,0,0,1,0
20130619102815.daq,21,10,464.866666666667,1,0,left,0.0459483270978325,-51.9892425537109,12,-0.000254996104639448,68.3295211791992,2402.69537038629,4.92183971405029,0.700680077075958,0.0651987195014954,-5.22358482732328,-29617.6845581334,-19717.5626878657,-29619.624821631,-19719.0791745894,-29621.5650851287,-19720.5956613131,0,0,1,0
20130619102815.daq,21,10,464.966666666667,1,0,left,0.073114050796363,-52.1608734130859,12,-0.000254144253234846,68.4544219970703,2412.72621465747,4.87789487838745,0.699978530406952,0.0651987195014954,-5.26092431363983,-29611.4774398455,-19725.4514409036,-29613.422237303,-19726.9621087271,-29615.3670347604,-19728.4727765505,0,0,1,0
20130619102815.daq,21,10,465.066666666667,1,0,left,0.107410839335166,-52.3402404785156,12,-0.000253288388947097,68.5792770385742,2422.77537775691,5.49312448501587,0.700619697570801,0.0651987195014954,-5.29444043804837,-29605.2823319859,-19733.3718692559,-29607.2318491207,-19734.8764414092,-29609.1813662555,-19736.3810135624,0,0,1,0
20130619102815.daq,21,10,465.166666666667,1,0,left,0.160875169712966,-52.5378570556641,12,-0.0002524280786053,68.7037353515625,2432.84282760716,6.10835456848145,0.700490176677704,0.0651987195014954,-5.32254929957575,-29599.0995970477,-19741.326523816,-29601.054291936,-19742.824363032,-29603.0089868244,-19744.3222022479,0,0,1,0
20130619102815.daq,21,10,465.266666666667,1,0,left,0.223544226205874,-52.7429046630859,12,-0.000251563230750476,68.8276977539063,2442.9284947382,5.93257474899292,0.707364976406097,0.0651987195014954,-5.34169916904449,-29592.9327808746,-19749.3167347945,-29594.8928236351,-19750.8075690578,-29596.8528663955,-19752.2984033211,0,0,1,0
20130619102815.daq,21,10,465.366666666667,1,0,left,0.297605540437686,-52.9597930908203,12,-0.000250692963985714,68.9511642456055,2453.03230678929,6.37202453613281,0.710690557956696,0.0841822773218155,-5.35490488282255,-29586.7800869928,-19757.3407968718,-29588.7457591263,-19758.8242008919,-29590.7114312598,-19760.3076049121,0,0,1,0
20130619102815.daq,21,10,465.466666666667,1,0,left,0.398139207331177,-53.2060089111328,12,-0.000249814507903768,69.0739593505859,2463.15418142213,7.82220983505249,0.709993362426758,0.00824852101504803,-5.35607433252249,-29580.6440837215,-19765.4036030212,-29582.6161122834,-19766.8785463336,-29584.5881408453,-19768.3534896459,0,0,1,0
20130619102815.daq,21,10,465.566666666667,1,0,left,0.528472784203075,-53.4801177978516,12,-0.000248923305993292,69.1959762573242,2473.29400841712,8.17376899719238,0.710393905639648,0.0177401825785637,-5.34409005078804,-29574.5286483702,-19773.5050588022,-29576.5077106178,-19774.9705508846,-29578.4867728653,-19776.4360429671,0,0,1,0
20130619102815.daq,21,10,465.666666666667,1,0,left,0.663077346595166,-53.7613983154297,12,-0.000248013047651439,69.3173751831055,2483.45168398885,7.42670488357544,0.709140539169312,0.036723505705595,-5.31564777768425,-29568.4350247019,-19781.6459353373,-29570.42125757,-19783.1016940458,-29572.4074904381,-19784.5574527542,0,0,1,0
20130619102815.daq,21,10,465.766666666667,1,0,left,0.782341883309229,-54.0278625488281,12,-0.000247075968717861,69.4382705688477,2493.62712673151,6.45991468429565,0.709535896778107,0.036723505705595,-5.26799954802298,-29562.3682955164,-19789.8269462476,-29564.3612771455,-19791.2734519163,-29566.3542587746,-19792.719957585,0,0,1,0
20130619102815.daq,21,10,465.866666666667,1,0,left,0.871810379067881,-54.2628631591797,12,-0.000246105268129243,69.5587463378906,2503.82026848051,5.49312448501587,0.710062682628632,0.036723505705595,-5.20359451439701,-29556.3258997741,-19798.0471655995,-29558.3247975158,-19799.4854848414,-29560.3236952575,-19800.9238040833,0,0,1,0
20130619102815.daq,21,10,465.966666666667,1,0,left,0.929974338823179,-54.4650421142578,12,-0.00024509732457482,69.6789932250977,2514.03106102647,4.79000473022461,0.712004721164703,0.0462154000997543,-5.12205597430591,-29550.3077667201,-19806.3065310396,-29552.3117273869,-19807.7377878541,-29554.3156880538,-19809.1690446686,0,0,1,0
20130619102815.daq,21,10,466.066666666667,1,0,left,0.959867455514875,-54.6397247314453,12,-0.000244051199487964,69.7991104125977,2524.25947984506,4.4384446144104,0.71041464805603,0.0462154000997543,-5.02442824416278,-29544.3140693895,-19814.6033989811,-29546.322384333,-19816.0285395044,-29548.3306992766,-19817.4536800276,0,0,1,0
20130619102815.daq,21,10,466.166666666667,1,0,left,0.973788607608988,-54.7992248535156,12,-0.000242967030258274,69.9191589355469,2534.50551132202,4.35055494308472,0.710026025772095,0.0462154000997543,-4.91314037159024,-29538.3432877253,-19822.9365113141,-29540.3555621914,-19824.3560555708,-29542.3678366575,-19825.7755998274,0,0,1,0
20130619102815.daq,21,10,466.266666666667,1,0,left,0.976792992291223,-54.9510192871094,12,-0.000241848214044944,70.0390396118164,2544.7691380199,4.35055494308472,0.711349785327911,0.0177401825785637,-4.79336119676766,-29532.3898278779,-19831.3043352586,-29534.4058560942,-19832.7185433955,-29536.4218843105,-19834.1327515324,0,0,1,0
20130619102815.daq,21,10,466.366666666667,1,0,left,0.977326979701829,-55.0987701416016,12,-0.000240702809397851,70.1587066650391,2555.05033271018,4.08688449859619,0.710838079452515,0.0462154000997543,-4.66899434782351,-29526.4518673443,-19839.7031700512,-29528.4715357269,-19841.1121746814,-29530.4912041095,-19842.5211793115,0,0,1,0
20130619102815.daq,21,10,466.466666666667,1,0,left,0.95853922185966,-55.23046875,12,-0.00023954061223988,70.2781295776367,2565.34906051799,3.47165489196777,0.711548149585724,0.036723505705595,-4.5409336348756,-29520.5289630907,-19848.1343042671,-29522.5518648369,-19849.5386628213,-29524.5747665831,-19850.9430213754,0,0,1,0
20130619102815.daq,21,10,466.566666666667,1,0,left,0.931312943320727,-55.3484039306641,12,-0.000238371290621555,70.3973083496094,2575.66528638191,3.07614994049072,0.708948314189911,0.0651987195014954,-4.41327783659101,-29514.6172870481,-19856.5939623825,-29516.6430751784,-19857.9941541102,-29518.6688633088,-19859.3943458378,0,0,1,0
20130619102815.daq,21,10,466.666666666667,1,0,left,0.885494169863392,-55.4491729736328,12,-0.000237202207184264,70.5161590576172,2585.99896843344,2.76853489875793,0.709737539291382,0.0557070598006248,-4.28631333614432,-29508.7167087518,-19865.081959354,-29510.7449563373,-19866.4785860599,-29512.7732039227,-19867.8752127658,0,0,1,0
20130619102815.daq,21,10,466.766666666667,1,0,left,0.830353081489392,-55.5414733886719,12,-0.000236039158095699,70.6346588134766,2596.3500564117,2.63669991493225,0.708800733089447,0.0841822773218155,-4.16554753978758,-29502.8236390454,-19873.5948726737,-29504.8541338884,-19874.9882301711,-29506.8846287315,-19876.3815876686,0,0,1,0
20130619102815.daq,21,10,466.866666666667,1,0,left,0.768544177643783,-55.6279754638672,12,-0.000234897127458839,70.7527694702148,2606.7184959529,2.63669991493225,0.707387685775757,-0.0202266946434975,-4.05124936430239,-29496.9362216586,-19882.1348043092,-29498.9688178027,-19883.5250946884,-29501.0014139468,-19884.9153850675,0,0,1,0
20130619102815.daq,21,10,466.966666666667,1,0,left,0.703179585989105,-55.7118072509766,12,-0.00023379074693247,70.8704452514648,2617.10422737811,2.63669991493225,0.688769638538361,0.0272318441420794,-3.94407860476784,-29491.0565246297,-19890.6980214045,-29493.0911527879,-19892.0853363224,-29495.1257809461,-19893.4726512403,0,0,1,0
20130619102815.daq,21,10,467.066666666667,1,0,left,0.639339672643729,-55.7980651855469,12,-0.000232731197205454,70.9875717163086,2627.50718103077,2.63669991493225,0.676210701465607,0.0272318441420794,-3.84728615248981,-29485.1808310722,-19899.284805039,-29487.2175455056,-19900.6690552838,-29489.254259939,-19902.0533055286,0,0,1,0
20130619102815.daq,21,10,467.166666666667,1,0,left,0.574673625070481,-55.8844146728516,12,-0.000231728342250185,71.1038284301758,2637.9272526592,2.63669991493225,0.675089359283447,0.0177401825785637,-3.76059801343728,-29479.309054337,-19907.8969794929,-29481.3478526364,-19909.2781586694,-29483.3866509359,-19910.6593378459,0,0,1,0
20130619102815.daq,21,10,467.266666666667,1,0,left,0.512117594973446,-55.9707336425781,12,-0.000230790638497441,71.2190704345703,2648.36430080564,2.63669991493225,0.675014674663544,0.0177401825785637,-3.6856061634181,-29473.4411898677,-19916.5306317815,-29475.4820666684,-19917.9087378397,-29477.5229434692,-19919.2868438979,0,0,1,0
20130619102815.daq,21,10,467.366666666667,1,0,left,0.451676485570118,-56.0571899414063,12,-0.000229924504550826,71.333381652832,2658.81818177435,2.63669991493225,0.674904108047485,0.0272318441420794,-3.62038418326198,-29467.5772439495,-19925.1877242388,-29469.6201979151,-19926.5627491542,-29471.6631518807,-19927.9377740696,0,0,1,0
20130619102815.daq,21,10,467.466666666667,1,0,left,0.388341299111815,-56.1439361572266,12,-0.000229135082251898,71.4468841552734,2669.28876706908,2.72458982467651,0.667055189609528,0.036723505705595,-3.56818734464914,-29461.7152692244,-19933.8682651986,-29463.7603026452,-19935.2401954925,-29465.805336066,-19936.6121257864,0,0,1,0
20130619102815.daq,21,10,467.566666666667,1,0,left,0.328691542647903,-56.2328033447266,12,-0.000228427090109456,71.5596618652344,2679.77594675001,2.72458982467651,0.507868409156799,0.036723505705595,-3.52766736588997,-29455.8572879175,-19942.5704017865,-29457.9044467758,-19943.9391585334,-29459.9516056341,-19945.3079152803,0,0,1,0
20130619102815.daq,21,10,467.666666666667,1,0,left,0.26326590147611,-56.3191375732422,12,-0.000227805419592359,71.6711044311523,2690.27958803147,2.59275484085083,0.315338253974915,0.036723505705595,-3.49745841105854,-29450.0050778233,-19951.2938789369,-29452.0542968221,-19952.6595494382,-29454.1035158209,-19954.0252199396,0,0,1,0
20130619102815.daq,21,10,467.766666666667,1,0,left,0.193337610047536,-56.4018402099609,12,-0.000227274376350849,71.7781829833984,2700.79930962089,2.28513979911804,0.304259479045868,0.0462154000997543,-3.481010874817,-29444.1546904573,-19960.0405901332,-29446.205878575,-19961.4033013019,-29448.2570666926,-19962.7660124707,0,0,1,0
20130619102815.daq,21,10,467.866666666667,1,0,left,0.114556830841963,-56.4748840332031,12,-0.000226837221502032,71.8752365112305,2711.33408895664,1.97752487659454,0.308128148317337,0.036723505705595,-3.47645087450291,-29438.3098025458,-19968.8082536247,-29440.3627262556,-19970.1683487189,-29442.4156499654,-19971.5284438131,0,0,1,0
20130619102815.daq,21,10,467.966666666667,1,0,left,0.0267619395764527,-56.5352020263672,12,-0.000226496080864812,71.9497680664063,2721.8815871832,1.40623998641968,0.30767685174942,0.093673937022686,-3.48442813976063,-29432.4702955389,-19977.5947502767,-29434.5246499476,-19978.9526834072,-29436.5790043564,-19980.3106165377,0,0,1,0
20130619102815.daq,21,10,468.066666666667,1,0,left,-0.0756292783964767,-56.5819396972656,12,-0.000226251064807942,72.0017852783203,2732.43828258949,1.14256989955902,0.308471411466599,0.0651987195014954,-3.508230003975,-29426.636134737,-19986.3941756224,-29428.6915961638,-19987.7504325105,-29430.7470575906,-19989.1066893985,0,0,1,0
20130619102815.daq,21,10,468.166666666667,1,0,left,-0.186544990434172,-56.6211853027344,12,-0.000226102700969479,72.0361480712891,2743.00130042157,1.09862494468689,0.308726668357849,0.103165604174137,-3.54616532959345,-29420.8095032363,-19995.2068629018,-29422.8658931693,-19996.5617115526,-29424.9222831024,-19997.9165602034,0,0,1,0
20130619102815.daq,21,10,468.266666666667,1,0,left,-0.299379478500583,-56.6595611572266,12,-0.000226050749739157,72.0543441772461,2753.56812511825,1.18651497364044,0.300970822572708,0.122149154543877,-3.60295495435744,-29414.9886994293,-20004.0273142563,-29417.0459963584,-20005.3807852641,-29419.1032932875,-20006.734256272,0,0,1,0
20130619102815.daq,21,10,468.366666666667,1,0,left,-0.400126680898957,-56.7110900878906,12,-0.000226092296959401,72.060791015625,2764.13671593901,2.0654149055481,0.239953100681305,0.0651987195014954,-3.67904265095644,-29409.1742582293,-20012.8543404574,-29411.2327715697,-20014.2059606892,-29413.2912849101,-20015.5575809209,0,0,1,0
20130619102815.daq,21,10,468.466666666667,1,0,left,-0.469594413997868,-56.7974243164063,12,-0.000226222577302339,72.053825378418,2774.70535375694,3.47165489196777,0.202230557799339,0.0557070598006248,-3.77210534494407,-29403.3689624819,-20021.6871652412,-29405.4295101283,-20023.0356821377,-29407.4900577747,-20024.3841990343,0,0,1,0
20130619102815.daq,21,10,468.566666666667,1,0,left,-0.499821440949781,-56.9169921875,12,-0.000226436017496116,72.0261917114258,2785.27151499149,3.73532485961914,0.175063446164131,0.0272318441420794,-3.88066099685026,-29397.5747135857,-20030.5256971994,-29399.6380708999,-20031.8699111026,-29401.701428214,-20033.2141250058,0,0,1,0
20130619102815.daq,21,10,468.666666666667,1,0,left,-0.508024885302504,-57.05712890625,12,-0.00022672708416091,71.9768676757813,2795.83200644556,3.47165489196777,0.168375447392464,0.0746903866529465,-4.00083782793384,-29391.7949415667,-20039.3711946434,-29393.8615804476,-20040.7103578744,-29395.9282193285,-20042.0495211054,0,0,1,0
20130619102815.daq,21,10,468.766666666667,1,0,left,-0.504741497394697,-57.2098388671875,12,-0.000227090317881317,71.9081344604492,2806.38382002006,3.47165489196777,0.169038474559784,0.0841822773218155,-4.13031670436946,-29386.035205042,-20048.2193126841,-29388.1054058388,-20049.5529629697,-29390.1756066355,-20050.8866132554,0,0,1,0
20130619102815.daq,21,10,468.866666666667,1,0,left,-0.4799779805697,-57.3851318359375,12,-0.000227521127267974,71.8206481933594,2816.92417169175,4.39449977874756,0.169712945818901,0.0746903866529465,-4.26627585255335,-29380.2998039732,-20057.0686349535,-29382.3740752972,-20058.3959453535,-29384.4483466212,-20059.7232557535,0,0,1,0
20130619102815.daq,21,10,468.966666666667,1,0,left,-0.415455699808497,-57.6013031005859,12,-0.000228017004447793,71.7178649902344,2827.45049349384,5.75679492950439,0.169942006468773,0.0746903866529465,-4.40231116832743,-29374.5933691298,-20065.9240452019,-29376.6726334884,-20067.2435201545,-29378.751897847,-20068.5629951071,0,0,1,0
20130619102815.daq,21,10,469.066666666667,1,0,left,-0.310337000466859,-57.8592071533203,12,-0.000228574987089295,71.6059494018555,2837.9610114694,6.37202453613281,0.178878352046013,0.0841822773218155,-4.53468473421087,-29368.9218182507,-20074.7836180093,-29371.0070008442,-20076.0937202859,-29373.0921834377,-20077.4038225625,0,0,1,0
20130619102815.daq,21,10,469.166666666667,1,0,left,-0.166626111880973,-58.1543884277344,12,-0.000229184521414709,71.4890747070313,2848.4547070665,6.81147480010986,0.191671773791313,0.036723505705595,-4.65713318536115,-29363.2908647155,-20083.6490458515,-29365.3827691033,-20084.9483881682,-29367.4746734911,-20086.2477304848,0,0,1,0
20130619102815.daq,21,10,469.266666666667,1,0,left,-0.00299237978023115,-58.4651947021484,12,-0.000229835707819353,71.3711700439453,2858.93113595667,6.45991468429565,0.199252530932426,0.0841822773218155,-4.76233624718288,-29357.7055362933,-20092.5250116845,-29359.8044582712,-20093.81298721,-29361.9033802491,-20095.1009627354,0,0,1,0
20130619102815.daq,21,10,469.366666666667,1,0,left,0.153796806218104,-58.7704010009766,12,-0.000230520984551634,71.2557144165039,2869.39054058567,5.62495994567871,0.204645812511444,0.0272318441420794,-4.85067499752857,-29352.1669481595,-20101.4103789046,-29354.2727011848,-20102.6871555569,-29356.37845421,-20103.9639322093,0,0,1,0
20130619102815.daq,21,10,469.466666666667,1,0,left,0.298099914473049,-59.06201171875,12,-0.000231234090962539,71.1441345214844,2879.83317132536,5.44917964935303,0.206610456109047,0.0462154000997543,-4.91333395654201,-29346.6806318414,-20110.3086342933,-29348.7928558058,-20111.5746770839,-29350.9050797702,-20112.8407198744,0,0,1,0
20130619102815.daq,21,10,469.566666666667,1,0,left,0.431019009618609,-59.3434906005859,12,-0.000231969253156364,71.0365524291992,2890.25973331992,5.36128950119019,0.208263754844666,0.103165604174137,-4.95340510378655,-29341.246716735,-20119.2180150652,-29343.3651349158,-20120.4736658267,-29345.4835530966,-20121.7293165881,0,0,1,0
20130619102815.daq,21,10,469.666666666667,1,0,left,0.548310549311417,-59.613037109375,12,-0.00023272041639231,70.9325790405273,2900.67078596626,5.00972986221313,0.209088250994682,0.0177401825785637,-4.96853676111946,-29335.8651211015,-20128.1423386951,-29337.9894229945,-20129.3880095549,-29340.1137248875,-20130.6336804147,0,0,1,0
20130619102815.daq,21,10,469.766666666667,1,0,left,0.656546416463968,-59.8724060058594,12,-0.00023348175525298,70.831657409668,2911.06682003057,4.83394956588745,0.209440350532532,0.036723505705595,-4.95860094274702,-29330.5359079737,-20137.0797503427,-29332.6658270357,-20138.3157920946,-29334.7957460977,-20139.5518338465,0,0,1,0
20130619102815.daq,21,10,469.866666666667,1,0,left,0.756109704084857,-60.1217346191406,12,-0.000234252077783919,70.7332229614258,2921.44824021075,4.74605989456177,0.210265398025513,0.0557070598006248,-4.92740087834382,-29325.2571224456,-20146.0283094235,-29327.3924000899,-20147.2550709347,-29329.5276777341,-20148.4818324459,0,0,1,0
20130619102815.daq,21,10,469.966666666667,1,0,left,0.856302075006319,-60.3670043945313,12,-0.000235032194756354,70.6368103027344,2931.81537725877,4.74605989456177,0.210116788744926,0.0272318441420794,-4.87247649511653,-29320.0290060227,-20154.9902847988,-29322.1695155645,-20156.2078944756,-29324.3100251062,-20157.4255041525,0,0,1,0
20130619102815.daq,21,10,470.066666666667,1,0,left,0.955271540347958,-60.6123504638672,12,-0.000235821926596142,70.5419845581055,2942.16849590674,5.05367469787598,0.210273608565331,0.0557070598006248,-4.79773090652553,-29314.847822302,-20163.9639392418,-29316.9935261256,-20165.1723719145,-29319.1392299493,-20166.3808045873,0,0,1,0
20130619102815.daq,21,10,470.166666666667,1,0,left,1.07054711221765,-60.8729248046875,12,-0.000236618185725917,70.4482269287109,2952.50779160324,5.88862991333008,0.210156753659248,-0.00124337221495807,-4.70167629434742,-29309.7142076016,-20172.9500536904,-29311.8653850233,-20174.1487154957,-29314.0165624451,-20175.3473773011,0,0,1,0
20130619102815.daq,21,10,470.266666666667,1,0,left,1.20607731909413,-61.1574554443359,12,-0.000237417267064182,70.355094909668,2962.83338687661,6.5478048324585,0.210084930062294,0.0557070598006248,-4.58518231978427,-29304.6285412992,-20181.9471141919,-29306.7856447217,-20183.1350785215,-29308.9427481441,-20184.3230428511,0,0,1,0
20130619102815.daq,21,10,470.366666666667,1,0,left,1.35553518594001,-61.4572601318359,12,-0.000238213898094706,70.2624053955078,2973.14545050641,6.5038595199585,0.211004436016083,0.0746903866529465,-4.44868327534842,-29299.5904721237,-20190.9566146435,-29301.7537621043,-20192.1332755476,-29303.9170520849,-20193.3099364516,0,0,1,0
20130619102815.daq,21,10,470.466666666667,1,0,left,1.5043182248177,-61.7552947998047,12,-0.000239003657403886,70.1700439453125,2983.44384905422,5.84468460083008,0.211272537708282,0.036723505705595,-4.28828488763435,-29294.6031886361,-20199.9796301507,-29296.7725699434,-20201.145022431,-29298.9419512506,-20202.3104147114,0,0,1,0
20130619102815.daq,21,10,470.566666666667,1,0,left,1.63834427648523,-62.0374145507813,12,-0.000239781991623988,70.0782775878906,2993.72874113553,5.05367469787598,0.211048528552055,0.036723505705595,-4.10567420524695,-29289.6660800491,-20209.0134914483,-29291.8411733315,-20210.1681877876,-29294.016266614,-20211.3228841269,0,0,1,0
20130619102815.daq,21,10,470.666666666667,1,0,left,1.74986530719875,-62.2917633056641,12,-0.000240544463242613,69.9872131347656,3004.00022428812,4.21871995925903,0.210951268672943,0.036723505705595,-3.90084609564307,-29284.7786209905,-20218.0576096377,-29286.958818779,-20219.2026389065,-29289.1390165675,-20220.3476681753,0,0,1,0
20130619102815.daq,21,10,470.766666666667,1,0,left,1.81474935248151,-62.5032043457031,12,-0.000241287226135675,69.8970336914063,3014.25841376695,2.8564248085022,0.211187109351158,0.0746903866529465,-3.67440595728532,-29279.9401345679,-20227.1131917026,-29282.1245430511,-20228.2501675166,-29284.3089515344,-20229.3871433307,0,0,1,0
20130619102815.daq,21,10,470.866666666667,1,0,left,1.83302451163652,-62.6670532226563,12,-0.000242006384430938,69.8078536987305,3024.50345009733,1.80174493789673,0.203842401504517,0.0557070598006248,-3.43088635383374,-29275.1464861741,-20236.1741635067,-29277.3341371335,-20237.3048879221,-29279.5217880928,-20238.4356123374,0,0,1,0
20130619102815.daq,21,10,470.966666666667,1,0,left,1.80470336456433,-62.7856903076172,12,-0.000242701273711822,69.7193145751953,3034.7354721261,0.791009962558746,0.117057651281357,0.0462154000997543,-3.17377559901944,-29270.3958061324,-20245.2406620594,-29272.5857936871,-20246.366854287,-29274.7757812419,-20247.4930465146,0,0,1,0
20130619102815.daq,21,13,482.583333333333,1,0,left,-0.73137535492512,-75.8867645263672,12,-0.000227653353215805,61.2598457336426,0,4.26266479492188,0,49.7353706359863,-3.31528511743786,-28876.1807878409,-21261.1467343661,-28878.5690472872,-21261.7472102113,-28880.9573067335,-21262.3476860564,1,0,0,0
20130619102815.daq,21,13,482.683333333333,1,0,left,-0.686192172905223,-76.0469055175781,12,-0.000229619785844377,60.7369575500488,8.9493725529901,4.96578454971313,0,43.8220252990723,-3.44108091141521,-28873.9824020611,-21269.8345939701,-28876.3723304992,-21270.4283923231,-28878.7622589374,-21271.022190676,1,0,0,0
20130619102815.daq,21,13,482.783333333333,1,0,left,-0.622901998590081,-76.2309875488281,12,-0.000231691668564575,59.991512298584,17.8049443353302,4.92183971405029,0,37.073413848877,-3.56800927485804,-28871.9161895802,-21278.0819471743,-28874.3080134579,-21278.668064024,-28876.6998373356,-21279.2541808737,1,0,0,0
20130619102815.daq,21,13,482.883333333333,1,0,left,-0.562290826921142,-76.4254150390625,12,-0.000233866416049351,59.1041870117188,26.539981552989,3.86715984344482,0,35.1940574645996,-3.70371380363856,-28869.7216553478,-21286.9292750464,-28872.1154543795,-21287.5072721222,-28874.5092534111,-21288.085269198,1,0,0,0
20130619102815.daq,21,13,482.983333333333,1,0,left,-0.508110331569469,-76.6088104248047,12,-0.000236141299539517,58.1325340270996,35.1380921221134,2.68064475059509,0,36.8645973205566,-3.82925240691038,-28867.6710773117,-21295.2878641784,-28870.0667141612,-21295.8581961068,-28872.4623510108,-21296.4285280352,1,0,0,0
20130619102815.daq,21,13,483.083333333333,1,0,left,-0.466187038283437,-76.7810363769531,12,-0.000238513441966119,57.1091499328613,43.5896876394327,2.50486493110657,0,38.9148063659668,-3.94874368943189,-28865.6785063213,-21303.507324404,-28868.0758467118,-21304.0704526981,-28870.4731871023,-21304.6335809922,1,0,0,0
20130619102815.daq,21,13,483.183333333333,1,0,left,-0.438883744824082,-76.9293823242188,12,-0.000240980290398679,56.0470771789551,51.8882476662766,1.7577999830246,0,40.1392402648926,-4.06232288850894,-28863.7451971246,-21311.5774135921,-28866.1439874877,-21312.1343329912,-28868.5427778509,-21312.6912523903,1,0,0,0
20130619102815.daq,21,13,483.283333333333,1,0,left,-0.421667110740344,-77.0530090332031,12,-0.00024354004319929,54.951961517334,60.0285493615738,1.18651497364044,0,39.0002326965332,-4.16772820387865,-28861.8691435759,-21319.5000632264,-28864.2691300153,-21320.0518054797,-28866.6691164547,-21320.6035477329,1,0,0,0
20130619102815.daq,21,13,483.383333333333,1,0,left,-0.419623899711553,-77.1609649658203,12,-0.000246191935116308,53.8337936401367,68.0086389388962,1.18651497364044,0,37.6334266662598,-4.26173534317937,-28860.0547415193,-21327.2697638312,-28862.4557632833,-21327.8169830858,-28864.8567850472,-21328.3642023403,1,0,0,0
20130619102815.daq,21,13,483.483333333333,1,0,left,-0.431194666827253,-77.2582550048828,12,-0.000248936269711867,52.7147445678711,75.8220610002827,1.18651497364044,0,34.4726829528809,-4.34886659297482,-28858.2964027146,-21334.8847553509,-28860.6983502122,-21335.4278968079,-28863.1002977097,-21335.9710382649,1,0,0,0
20130619102815.daq,21,13,483.583333333333,1,0,left,-0.450186632653796,-77.3453216552734,12,-0.000251773415986689,51.6179428100586,83.4727489017459,1.18651497364044,0,26.8982925415039,-4.43274148206097,-28856.5902431458,-21342.3431042329,-28858.9930132274,-21342.8825950654,-28861.395783309,-21343.422085898,1,0,0,0
20130619102815.daq,21,13,483.683333333333,1,0,left,-0.48049818189574,-77.4237365722656,12,-0.000254702344456314,50.5663566589355,90.9656253644644,1.18651497364044,0,25.4840240478516,-4.51367472442914,-28854.934394298,-21349.6487781355,-28857.3379004754,-21350.1849800363,-28859.7414066529,-21350.7211819372,1,0,0,0
20130619102815.daq,21,13,483.783333333333,1,0,left,-0.522197898114968,-77.4914245605469,12,-0.000257720031267275,49.5735702514648,98.3085263751127,1.18651497364044,0,25.6169090270996,-4.59600628327992,-28853.3228813175,-21356.8095139269,-28855.7270192748,-21357.3428760042,-28858.1311572321,-21357.8762380816,1,0,0,0
20130619102815.daq,21,13,483.883333333333,1,0,left,-0.571734808008657,-77.5497436523438,12,-0.000260821355152703,48.6359405517578,105.509982154457,1.31834995746613,0,25.3891067504883,-4.67734214029153,-28851.7557775202,-21363.8331768873,-28854.1604571201,-21364.3640916125,-28856.5651367199,-21364.8950063377,1,0,0,0
20130619102815.daq,21,13,483.983333333333,1,0,left,-0.625173472179881,-77.6065673828125,12,-0.000263999439172037,47.7433891296387,112.577312139831,1.7577999830246,0,24.126708984375,-4.75985706270572,-28850.2276560799,-21370.729827719,-28852.6328610377,-21371.2583573156,-28855.0380659955,-21371.7868869122,1,0,0,0
20130619102815.daq,21,13,484.083333333333,1,0,left,-0.667833615737919,-77.6732635498047,12,-0.000267244995947243,46.8910675048828,119.516733433025,2.41697478294373,0,22.683967590332,-4.8464436439321,-28848.7352371186,-21377.5037959678,-28851.1410556909,-21378.0295253855,-28853.5468742631,-21378.5552548032,1,0,0,0
20130619102815.daq,21,13,484.183333333333,1,0,left,-0.66951238889348,-77.7567443847656,12,-0.000270543890342488,46.075870513916,126.333902573235,3.20798492431641,0,22.1524314880371,-4.93180955269891,-28847.2789032699,-21384.1631488991,-28849.6854852841,-21384.6853724452,-28852.0920672984,-21385.2075959914,1,0,0,0
20130619102815.daq,21,13,484.283333333333,1,0,left,-0.653024232556049,-77.8607635498047,12,-0.000273878944551152,45.2932281494141,133.033970973265,4.13082981109619,0,21.8771724700928,-5.01653724349353,-28845.8569114755,-21390.7099745863,-28848.264437608,-21391.2278281801,-28850.6719637406,-21391.745681774,1,0,0,0
20130619102815.daq,21,13,484.383333333333,1,0,left,-0.619908371903691,-77.9819641113281,12,-0.00027723059542143,44.5360794067383,139.621207030512,4.35055494308472,0,21.4025840759277,-5.09932782040742,-28844.4690801579,-21397.1500023095,-28846.8776963442,-21397.6627619909,-28849.2863125304,-21398.1755216723,1,0,0,0
20130619102815.daq,21,13,484.483333333333,1,0,left,-0.582708760997448,-78.107666015625,12,-0.000280577311810306,43.7998237609863,146.098955657166,4.13082981109619,0,20.719181060791,-5.17614652054,-28843.1186170452,-21403.4866658419,-28845.5283523835,-21403.9941400013,-28847.9380877219,-21404.5016141606,1,0,0,0
20130619102815.daq,21,13,484.583333333333,1,0,left,-0.549856654964458,-78.2312164306641,12,-0.000283896514440269,43.0827713012695,152.470125316402,4.08688449859619,0,19.53271484375,-5.25028701503308,-28841.8012478398,-21409.7216727011,-28844.2120718726,-21410.223949424,-28846.6228959054,-21410.726226147,1,0,0,0
20130619102815.daq,21,13,484.683333333333,1,0,left,-0.518615988306436,-78.3514404296875,12,-0.000287165429901535,42.3882331848145,158.737710213318,4.08688449859619,0,18.6025276184082,-5.31760289401011,-28840.5208129746,-21415.8569338144,-28842.9326856289,-21416.3541507921,-28845.3445582832,-21416.8513677698,1,0,0,0
20130619102815.daq,21,13,484.783333333333,1,0,left,-0.493778254153838,-78.46728515625,12,-0.000290362421257102,41.7203636169434,164.905370486187,4.04293966293335,0,18.4886283874512,-5.38227844414585,-28839.2713937081,-21421.8982713321,-28841.6842667409,-21422.3906107993,-28844.0971397737,-21422.8829502665,1,0,0,0
20130619102815.daq,21,13,484.883333333333,1,0,left,-0.470068039451789,-78.5819854736328,12,-0.000293468944033514,41.0754623413086,170.976864323959,4.04293966293335,0,18.4126930236816,-5.44010486679092,-28838.0570754806,-21427.8477573685,-28840.4709292913,-21428.3352655262,-28842.884783102,-21428.8227736839,1,0,0,0
20130619102815.daq,21,13,484.983333333333,1,0,left,-0.451246160108298,-78.6937408447266,12,-0.000296472209511778,40.4453735351563,176.954892012873,4.04293966293335,0,13.6003923416138,-5.49332033871259,-28836.8738513438,-21433.709233322,-28839.2886514465,-21434.1920323355,-28841.7034515492,-21434.674831349,1,0,0,0
20130619102815.daq,21,13,485.083333333333,1,0,left,-0.435552689438097,-78.8021850585938,12,-0.000299364575371571,39.848934173584,182.842536157441,4.04293966293335,0,11.2179698944092,-5.54443846476989,-28835.7197470741,-21439.4826869116,-28838.1354566488,-21439.9609145501,-28840.5511662235,-21440.4391421886,1,0,0,0
20130619102815.daq,21,13,485.183333333333,1,0,left,-0.421765327191679,-78.9084167480469,12,-0.000302128640156285,39.3134460449219,188.646904847577,4.04293966293335,0,2.0584602355957,-5.59259623468108,-28834.5928702672,-21445.1779243627,-28837.0094623676,-21445.6516722322,-28839.426054468,-21446.1254201017,1,0,0,0
20130619102815.daq,21,13,485.283333333333,1,0,left,-0.393210963441561,-79.0110778808594,12,-0.00030474810502819,38.8800354003906,194.379671893032,4.04293966293335,0,0.0841822773218155,-5.6379624765107,-28833.4911913204,-21450.8027100805,-28835.9086283906,-21451.272127203,-28838.3260654608,-21451.7415443256,1,0,0,0
20130619102815.daq,21,13,485.383333333333,1,0,left,-0.364238846391899,-79.1121978759766,12,-0.000307215768348911,38.5632514953613,200.05755262309,4.13082981109619,0,-0.0202266946434975,-5.67857700415031,-28832.4109169943,-21456.3746959346,-28834.8291787626,-21456.8398458496,-28837.2474405309,-21457.3049957645,1,0,0,0
20130619102815.daq,21,13,485.483333333333,1,0,left,-0.335437328751851,-79.2149810791016,12,-0.000309530538211683,38.3429870605469,205.69657787749,4.35055494308472,0.208686783909798,0.122149154543877,-5.71421056461012,-28831.3502736153,-21461.9096218129,-28833.769365927,-21462.3704328492,-28836.1884582386,-21462.8312438854,0,1,0,1
20130619102815.daq,21,13,485.583333333333,1,0,left,-0.305958669055343,-79.3184509277344,12,-0.000311693096026386,38.1935844421387,211.308571455949,4.39449977874756,0.332095175981522,0.122149154543877,-5.74795270768945,-28830.3033472613,-21467.4211243002,-28832.7232678017,-21467.8775659739,-28835.1431883421,-21468.3340076476,0,1,0,1
20130619102815.daq,21,13,485.683333333333,1,0,left,-0.277461341369218,-79.424560546875,12,-0.000313701522692467,38.0854797363281,216.902036863539,4.4823899269104,0.500713229179382,-0.0297183580696583,-5.777625464312,-28829.2702478701,-21472.9190381534,-28831.6910095729,-21473.3709974455,-28834.1117712757,-21473.8229567376,0,1,0,1
20130619102815.daq,21,13,485.783333333333,1,0,left,-0.250697930033468,-79.5307769775391,12,-0.00031555460874373,38.0252990722656,222.482564666301,4.74605989456177,0.576042413711548,0.0746903866529465,-5.80530027352793,-28828.2488802196,-21478.4091322381,-28830.6704756163,-21478.8566030841,-28833.092071013,-21479.3040739301,0,1,0,1
20130619102815.daq,21,13,485.883333333333,1,0,left,-0.221486089516361,-79.6393280029297,12,-0.000317272533163924,38.053638458252,228.060542918822,5.18550968170166,0.587111115455627,0.0272318441420794,-5.82878843267007,-28827.2393698739,-21483.8973445187,-28829.6618086902,-21484.3402266756,-28832.0842475064,-21484.7831088326,0,1,0,1
20130619102815.daq,21,13,485.983333333333,1,0,left,-0.19839828135774,-79.7455139160156,12,-0.000318876938157564,38.1635208129883,233.649357937094,5.31734466552734,0.584123492240906,-0.0107350340113044,-5.85106293465148,-28826.2375458257,-21489.3971807273,-28828.660801272,-21489.8355726353,-28831.0840567184,-21490.2739645434,0,1,0,1
20130619102815.daq,21,13,486.083333333333,1,0,left,-0.16653944218524,-79.8602752685547,12,-0.000320383427337886,38.3427848815918,239.259663813347,5.31734466552734,0.591340661048889,-0.0202266946434975,-5.86904829443553,-28825.2440256837,-21494.9207441854,-28827.6681543515,-21495.3542815252,-28830.0922830194,-21495.787818865,0,1,0,1
20130619102815.daq,21,13,486.183333333333,1,0,left,-0.142865242508023,-79.970703125,12,-0.000321803254059772,38.5550689697266,244.898476368209,5.31734466552734,0.624330282211304,-0.0392102487385273,-5.88474072652862,-28824.2561278439,-21500.4734399981,-28826.6810875783,-21500.9023044405,-28829.1060473127,-21501.3311688828,0,1,0,1
20130619102815.daq,21,13,486.283333333333,1,0,left,-0.125450919086234,-80.078857421875,12,-0.000323144246109032,38.7930603027344,250.570441002252,5.31734466552734,0.63421630859375,-0.0297183580696583,-5.89951955738974,-28823.2720149382,-21506.0612007607,-28825.6977798971,-21506.4854869699,-28828.1235448561,-21506.9097731791,0,1,0,1
20130619102815.daq,21,13,486.383333333333,1,0,left,-0.107362927374965,-80.1874542236328,12,-0.00032441106517825,39.0479431152344,256.278636450174,5.31734466552734,0.631555795669556,-0.0107350340113044,-5.91009986578824,-28822.2937936143,-21511.689980966,-28824.7203583957,-21512.1096686895,-28827.1469231771,-21512.529356413,0,1,0,1
20130619102815.daq,21,13,486.483333333333,1,0,left,-0.0803479655822201,-80.2969665527344,12,-0.000325608226860636,39.313289642334,262.025042887675,5.36128950119019,0.63415002822876,0.0272318441420794,-5.91914832126698,-28821.3195376636,-21517.3597968471,-28823.7469001825,-21517.7748457905,-28826.1742627014,-21518.1898947339,0,1,0,1
20130619102815.daq,21,13,486.583333333333,1,0,left,-0.0437836539468037,-80.4057159423828,12,-0.000326741462553293,39.5907707214355,267.81083309948,5.31734466552734,0.631451427936554,0.0177401825785637,-5.92719664687351,-28820.3471987319,-21523.0686369952,-28822.7753446554,-21523.4790779749,-28825.2034905788,-21523.8895189546,0,1,0,1
20130619102815.daq,21,13,486.683333333333,1,0,left,-0.00993153247480905,-80.5138397216797,12,-0.000327812372389429,39.8818550109863,273.638758611778,5.31734466552734,0.631741583347321,0.0462154000997543,-5.93195769995829,-28819.3787375851,-21528.8204126219,-28821.8076537343,-21529.2262706806,-28824.2365698834,-21529.6321287393,0,1,0,1
20130619102815.daq,21,13,486.783333333333,1,0,left,0.0188255531086554,-80.6207580566406,12,-0.00032881873347096,40.1765289306641,279.509704677956,5.2733998298645,0.632932126522064,0.093673937022686,-5.93251063543175,-28818.4141210519,-21534.615104012,-28820.843790334,-21535.0164288222,-28823.273459616,-21535.4177536324,0,1,0,1
20130619102815.daq,21,13,486.883333333333,1,0,left,0.0459726875808997,-80.7282562255859,12,-0.000329763077791795,40.4715576171875,285.423915701984,5.2294545173645,0.631380200386047,0.0557070598006248,-5.93092873039767,-28817.4534506817,-21540.4566788794,-28819.8838686513,-21540.8534444477,-28822.314286621,-21541.250210016,0,1,0,1
20130619102815.daq,21,13,486.983333333333,1,0,left,0.0702406778229374,-80.8350677490234,12,-0.000330649322553872,40.7658424377441,291.381350934316,5.18550968170166,0.641866683959961,0.0841822773218155,-5.9275481716091,-28816.4966542639,-21546.3411875726,-28818.9278076654,-21546.7334216379,-28821.3589610668,-21547.1256557032,0,1,0,1
20130619102815.daq,21,13,487.083333333333,1,0,left,0.0896447427438289,-80.941162109375,12,-0.000331484340489191,41.0589141845703,297.381563295676,5.05367469787598,0.670407295227051,0.131640821695328,-5.91902537363063,-28815.5456830272,-21552.2705823852,-28817.9775585586,-21552.6583140239,-28820.4094340899,-21553.0460456625,0,1,0,1
20130619102815.daq,21,13,487.183333333333,1,0,left,0.0963734030779619,-81.0368804931641,12,-0.000332273527711936,41.3509216308594,303.424974408532,4.4823899269104,0.696248292922974,0.093673937022686,-5.91152780268691,-28814.5960779825,-21558.2445360344,-28817.0285978648,-21558.6282044403,-28819.4611177471,-21559.0118728462,0,1,0,1
20130619102815.daq,21,13,487.283333333333,1,0,left,0.096175926656727,-81.1279754638672,12,-0.000333018446639247,41.6424980163574,309.511174353065,4.35055494308472,0.705801010131836,0.093673937022686,-5.9034902345222,-28813.6501198621,-21564.2612929304,-28816.0832466668,-21564.6410933722,-28818.5163734715,-21565.020893814,0,1,0,1
20130619102815.daq,21,13,487.383333333333,1,0,left,0.0861492708463771,-81.2136535644531,12,-0.000333715790655692,41.9339561462402,315.640129559884,4.35055494308472,0.706170618534088,0.122149154543877,-5.89476019485061,-28812.7077624313,-21570.3208275606,-28815.1414544557,-21570.6969891666,-28817.5751464801,-21571.0731507726,0,1,0,1
20130619102815.daq,21,13,487.483333333333,1,0,left,0.0738158982336472,-81.2994384765625,12,-0.000334356937815475,42.2251358032227,321.811815318149,4.35055494308472,0.70586484670639,0.112657263875008,-5.887754169341,-28811.7673685745,-21576.4252803172,-28814.201621071,-21576.7977977083,-28816.6358735675,-21577.1703150993,0,1,0,1
20130619102815.daq,21,13,487.583333333333,1,0,left,0.0565779359929337,-81.3827362060547,12,-0.000334932343685129,42.503604888916,328.026018974953,4.35055494308472,0.707066833972931,0.122149154543877,-5.88184940421594,-28810.8307424962,-21582.5726109757,-28813.2655339931,-21582.9415890102,-28815.70032549,-21583.3105670447,0,1,0,1
20130619102815.daq,21,13,487.683333333333,1,0,left,0.0634947570643334,-81.4701232910156,12,-0.000335431061900981,42.805290222168,334.282770463047,4.13082981109619,0.711120665073395,0.141132473945618,-5.87619584825438,-28809.8963085858,-21588.7630403433,-28812.331660013,-21589.1283044247,-28814.7670114403,-21589.4935685061,0,1,0,1
20130619102815.daq,21,13,487.783333333333,1,0,left,0.0652861798400579,-81.5499572753906,12,-0.000335839620625136,43.0937004089355,340.582058685861,3.95504975318909,0.715078592300415,0.198082908987999,-5.87167435793119,-28808.9633978766,-21594.9961785736,-28811.3992558862,-21595.358048966,-28813.8351138957,-21595.7199193583,0,1,0,1
20130619102815.daq,21,13,487.883333333333,1,0,left,0.0602866997047045,-81.6259613037109,12,-0.000336144105199765,43.3808135986328,346.923552891443,3.86715984344482,0.716784298419952,0.141132473945618,-5.86555838400369,-28808.034176703,-21601.2741046692,-28810.4705125978,-21601.6327435284,-28812.9068484925,-21601.9913823876,0,1,0,1
20130619102815.daq,21,13,487.983333333333,1,0,left,0.0513772279174987,-81.7010192871094,12,-0.000336331832807131,43.6665954589844,353.307059636056,3.86715984344482,0.717022180557251,0.093673937022686,-5.86133537396111,-28807.1068575247,-21607.5930091353,-28809.5436611489,-21607.9484560659,-28811.9804647731,-21608.3039029965,0,1,0,1
20130619102815.daq,21,13,488.083333333333,1,0,left,0.0361996022187867,-81.774658203125,12,-0.000336393604459982,43.9509963989258,359.732381000023,3.8232147693634,0.717437267303467,0.112657263875008,-5.85755518330012,-28806.1814129458,-21613.9548296158,-28808.6186713924,-21614.3071443725,-28811.0559298391,-21614.6594591292,0,1,0,1
20130619102815.daq,21,13,488.183333333333,1,0,left,0.0190832758496384,-81.8494567871094,12,-0.0003363238113634,44.2339286804199,366.199308246883,3.8232147693634,0.716568946838379,0.122149154543877,-5.85661623165469,-28805.2579915236,-21620.3596517731,-28807.6957078336,-21620.7087844345,-28810.1334241437,-21621.0579170958,0,1,0,1
20130619102815.daq,21,13,488.283333333333,1,0,left,-0.003407166622722,-81.9239959716797,12,-0.000336120010108066,44.5153160095215,372.707619352273,3.8232147693634,0.716043293476105,0.112657263875008,-5.85623785435317,-28804.3384646092,-21626.805475357,-28806.7766330618,-21627.1514363666,-28809.2148015145,-21627.4973973761,0,1,0,1
20130619102815.daq,21,13,488.383333333333,1,0,left,-0.0292414639396839,-81.9984283447266,12,-0.000335779409968802,44.7950973510742,379.256513499218,3.86715984344482,0.717600643634796,0.160116031765938,-5.85982483133293,-28803.4208878517,-21633.2942585741,-28805.8595036813,-21633.6370518924,-28808.2981195109,-21633.9798452107,0,1,0,1
20130619102815.daq,21,13,488.483333333333,1,0,left,-0.0546704067115229,-82.0765075683594,12,-0.000335296415155831,45.0732803344727,385.846895383387,4.04293966293335,0.71860283613205,0.160116031765938,-5.86629089293914,-28802.5054782373,-21639.8241717014,-28804.9445589404,-21640.1636415043,-28807.3836396436,-21640.5031113071,0,1,0,1
20130619102815.daq,21,13,488.583333333333,1,0,left,-0.0782185380885636,-82.1597137451172,12,-0.000334662007142621,45.3498764038086,392.477960877462,4.21871995925903,0.724713325500488,0.103165604174137,-5.87717026207415,-28801.5923218876,-21646.3952623973,-28804.031893004,-21646.7311897574,-28806.4714641205,-21647.0671171175,0,1,0,1
20130619102815.daq,21,13,488.683333333333,1,0,left,-0.103792710189879,-82.2456512451172,12,-0.000333866597601574,45.6249008178711,399.149477513281,4.26266479492188,0.732909142971039,0.169607698917389,-5.88951018154797,-28800.6851870431,-21653.0094041618,-28803.1252592701,-21653.3416720514,-28805.5653314971,-21653.6739399411,0,1,0,1
20130619102815.daq,21,13,488.783333333333,1,0,left,-0.0934969879153158,-82.3346710205078,12,-0.000332896786814264,45.8985137939453,405.861225877423,4.26266479492188,0.736330211162567,0.093673937022686,-5.9050663599848,-28799.7801881863,-21659.6646545958,-28802.2207737087,-21659.9931309745,-28804.661359231,-21660.3216073532,0,1,0,1
20130619102815.daq,21,13,488.883333333333,1,0,left,-0.0865048778115636,-82.4241943359375,12,-0.000331737910636223,46.1708831787109,412.613011920053,4.30660963058472,0.737572252750397,0.093673937022686,-5.91885286626573,-28798.8810824254,-21666.3589758867,-28801.3221782051,-21666.6836385082,-28803.7632739848,-21667.0083011298,0,1,0,1
20130619102815.daq,21,13,488.983333333333,1,0,left,-0.0825450440606232,-82.5144958496094,12,-0.00033037224430798,46.4420433044434,419.404657023922,4.30660963058472,0.738162279129028,0.0651987195014954,-5.93356644936446,-28797.9859326471,-21673.0962830465,-28800.4275370822,-21673.4170979561,-28802.8691415172,-21673.7379128657,0,1,0,1
20130619102815.daq,21,13,489.083333333333,1,0,left,-0.0822882435529664,-82.6067504882813,12,-0.000328779002882372,46.7118873596191,426.235976836986,4.39449977874756,0.738478183746338,0.103165604174137,-5.94768266792896,-28797.0967603631,-21679.8727075922,-28799.5388781922,-21680.1895907451,-28801.9809960212,-21680.5064738979,0,1,0,1
20130619102815.daq,21,13,489.183333333333,1,0,left,-0.0846763073198673,-82.7003326416016,12,-0.000326945430387892,46.9803085327148,433.106771061772,4.4823899269104,0.738542497158051,0.093673937022686,-5.96194934823995,-28796.2135294747,-21686.6921350507,-28798.6561616166,-21687.0050290308,-28801.0987937585,-21687.3179230109,0,1,0,1
20130619102815.daq,21,13,489.283333333333,1,0,left,-0.0896075126865554,-82.7973480224609,12,-0.000324867335853894,47.2472152709961,440.016824014798,4.65816974639893,0.74123477935791,0.093673937022686,-5.97691090232176,-28795.3363627751,-21693.5507264613,-28797.7795212191,-21693.8594840377,-28800.2226796631,-21694.1682416142,0,1,0,1
20130619102815.daq,21,13,489.383333333333,1,0,left,-0.0920365163426311,-82.89892578125,12,-0.000322541613454388,47.5125427246094,446.965907843689,4.70211458206177,0.751534163951874,0.093673937022686,-5.99577693674096,-28794.4633734899,-21700.4485169729,-28796.9070754801,-21700.752942673,-28799.3507774702,-21701.0573683731,0,1,0,1
20130619102815.daq,21,13,489.483333333333,1,0,left,-0.101898815145944,-83.0013732910156,12,-0.000319966594646242,47.7763710021973,453.953793856803,4.70211458206177,0.765027701854706,0.0746903866529465,-6.01270155877528,-28793.6002063365,-21707.3873403863,-28796.0444487472,-21707.6873961497,-28798.4886911579,-21707.9874519131,0,1,0,1
20130619102815.daq,21,13,489.583333333333,1,0,left,-0.111879082305649,-83.1057739257813,12,-0.000317142354493928,48.0389976501465,460.980282222918,4.70211458206177,0.78723019361496,0.0746903866529465,-6.03248930227344,-28792.7430184573,-21714.3652777721,-28795.1878035521,-21714.6608793006,-28797.6325886469,-21714.9564808291,0,1,0,1
20130619102815.daq,21,13,489.683333333333,1,0,left,-0.125878147288503,-83.2103118896484,12,-0.000314073004416378,48.3008422851563,468.045225982583,4.70211458206177,0.828341662883759,0.0746903866529465,-6.05461300393692,-28791.8936571594,-21721.3842240301,-28794.338977519,-21721.6753644813,-28796.7842978786,-21721.9665049325,0,1,0,1
20130619102815.daq,21,13,489.783333333333,1,0,left,-0.10808983142951,-83.3146667480469,12,-0.00031076779375349,48.5626411437988,475.148557857116,4.74605989456177,0.855967044830322,-0.105652116239071,-6.07715630713064,-28791.0521036975,-21728.4422158513,-28793.4979502654,-21728.7289020724,-28795.9437968334,-21729.0155882934,0,1,0,1
20130619102815.daq,21,13,489.883333333333,1,0,left,-0.0879191838356093,-83.4198455810547,12,-0.000307239635398232,48.8256149291992,482.29035990507,4.70211458206177,0.875323951244354,0.103165604174137,-6.09608516188612,-28790.220370127,-21735.5392850102,-28792.6667388483,-21735.8214808688,-28795.1131075697,-21736.1036767274,0,1,0,1
20130619102815.daq,21,13,489.983333333333,1,0,left,-0.0756111572660103,-83.5238189697266,12,-0.000303502582739016,49.0903549194336,489.470860911308,4.70211458206177,0.894276440143585,0.0746903866529465,-6.1132713112731,-28789.3963844696,-21742.6773206391,-28791.8432612573,-21742.9550766641,-28794.290138045,-21743.232832689,0,1,0,1
20130619102815.daq,21,13,490.083333333333,1,0,left,-0.0671720576216757,-83.6290283203125,12,-0.00029956882863851,49.3561973571777,496.690282806965,4.70211458206177,0.915434539318085,0.0651987195014954,-6.13048520805102,-28788.5802897652,-21749.8544463802,-28791.0276724567,-21750.1277088629,-28793.4750551483,-21750.4009713457,0,1,0,1
20130619102815.daq,21,13,490.183333333333,1,0,left,-0.0640411162863614,-83.7340393066406,12,-0.000295443756958362,49.6225929260254,503.948736650826,4.70211458206177,0.925095558166504,-0.0107350340113044,-6.14774102219911,-28787.7720019537,-21757.072570224,-28790.2198813665,-21757.341346718,-28792.6677607793,-21757.610123212,0,1,0,1
20130619102815.daq,21,13,490.283333333333,1,0,left,-0.0660558044613708,-83.8390197753906,12,-0.000291136247473132,49.889705657959,511.24631312694,4.70211458206177,0.927269697189331,0.0651987195014954,-6.1640105136127,-28786.9734839742,-21764.3316974393,-28789.4218517448,-21764.5959883458,-28791.8702195154,-21764.8602792522,0,1,0,1
20130619102815.daq,21,13,490.383333333333,1,0,left,-0.0741104353769373,-83.9452056884766,12,-0.000286657418222069,50.157356262207,518.583109912965,4.70211458206177,0.934201180934906,0.0177401825785637,-6.18094816292829,-28786.184808542,-21771.6299131726,-28788.6336619164,-21771.8896660829,-28791.0825152907,-21772.1494189933,0,1,0,1
20130619102815.daq,21,13,490.483333333333,1,0,left,-0.0863000551154443,-84.0503540039063,12,-0.000282019294379896,50.4251480102539,525.959177269782,4.70211458206177,0.938331305980682,0.0177401825785637,-6.20057479732434,-28785.4038905774,-21778.969100932,-28787.8532165222,-21779.2243593101,-28790.302542467,-21779.4796176883,0,1,0,1
20130619102815.daq,21,13,490.583333333333,1,0,left,-0.106564121160559,-84.1571960449219,12,-0.000277235021819677,50.6927680969238,533.374511374182,4.74605989456177,0.936892926692963,0.0177401825785637,-6.22186240654225,-28784.6328440678,-21786.3493450273,-28787.0826417457,-21786.6000355951,-28789.5324394236,-21786.8507261628,0,1,0,1
20130619102815.daq,21,13,490.683333333333,1,0,left,-0.113447900946795,-84.2653961181641,12,-0.000272318944830675,50.9599494934082,540.829067746723,4.74605989456177,0.936403930187225,0.0272318441420794,-6.24774957904994,-28783.8696963432,-21793.7686814797,-28786.3199630685,-21794.0147452888,-28788.7702297939,-21794.2608090979,0,1,0,1
20130619102815.daq,21,13,490.783333333333,1,0,left,-0.0847296297039577,-84.3725738525391,12,-0.000267290803006843,51.226390838623,548.322489572507,4.70211458206177,0.938749015331268,-0.0107350340113044,-6.26981130843376,-28783.1182132248,-21801.2309434144,-28785.5689359509,-21801.4724233161,-28788.0196586771,-21801.7139032178,0,1,0,1
20130619102815.daq,21,13,490.883333333333,1,0,left,-0.0651939221057631,-84.4789428710938,12,-0.000262178954464367,51.4916725158691,555.855180150742,4.70211458206177,0.939458906650543,-0.00124337221495807,-6.289463297972,-28782.3764540235,-21808.7302782814,-28784.827620831,-21808.9672080283,-28787.2787876386,-21809.2041377752,0,1,0,1
20130619102815.daq,21,13,490.983333333333,1,0,left,-0.0529377446072914,-84.5864105224609,12,-0.000257012410270809,51.7556228637695,563.426681958306,4.70211458206177,0.940393388271332,-0.0107350340113044,-6.30763869444461,-28781.644531489,-21816.2706503891,-28784.0961383853,-21816.5029821557,-28786.5477452815,-21816.7353139223,0,1,0,1
20130619102815.daq,21,13,491.083333333333,1,0,left,-0.0516624587489076,-84.6932067871094,12,-0.000251817642196112,52.0182113647461,571.036796749177,4.70211458206177,0.924897611141205,-0.0107350340113044,-6.3253114547479,-28780.9223409061,-21823.8520059174,-28783.3743765972,-21824.0797676191,-28785.8264122884,-21824.3075293208,0,1,0,1
20130619102815.daq,21,13,491.183333333333,1,0,left,-0.0573700508831649,-84.8017120361328,12,-0.000246619108724547,52.279483795166,578.68532720978,4.70211458206177,0.908968389034271,0.00824852101504803,-6.34238798532778,-28780.2119764437,-21831.4724635618,-28782.6644390668,-21831.6955812568,-28785.1169016899,-21831.9186989518,0,1,0,1
20130619102815.daq,21,13,491.283333333333,1,0,left,-0.0780481035653082,-84.9039459228516,12,-0.000241439640303496,52.5286903381348,586.371953871239,4.65816974639893,0.892315804958344,-0.0202266946434975,-6.36250577959918,-28779.5110114834,-21839.1317835481,-28781.9638683151,-21839.3505249172,-28784.4167251468,-21839.5692662863,0,1,0,1
20130619102815.daq,21,13,491.383333333333,1,0,left,-0.0999934711114605,-85.0160064697266,12,-0.000236298287516646,52.7978172302246,594.096601342244,4.70211458206177,0.87373560667038,-0.0107350340113044,-6.38440518400068,-28778.8223546423,-21846.8304486789,-28781.2756346023,-21847.0443922728,-28783.7289145623,-21847.2583358666,0,1,0,1
20130619102815.daq,21,13,491.483333333333,1,0,left,-0.132265936416189,-85.1242218017578,12,-0.00023120828401015,53.0537300109863,601.859097113316,4.70211458206177,0.854460656642914,-0.0202266946434975,-6.41179904608009,-28778.1432412575,-21854.5680489076,-28780.5969209198,-21854.7773585788,-28783.050600582,-21854.98666825,0,1,0,1
20130619102815.daq,21,13,491.583333333333,1,0,left,-0.166534672244069,-85.2339935302734,12,-0.000226177712005032,53.3070220947266,609.658935172178,4.70211458206177,0.832382023334503,0.0177401825785637,-6.44440932855432,-28777.4759453635,-21862.3427924775,-28779.9300215341,-21862.5474008163,-28782.3840977047,-21862.7520091551,0,1,0,1
20130619102815.daq,21,13,491.683333333333,1,0,left,-0.131259099093754,-85.34326171875,12,-0.000221210679889981,53.5576248168945,617.495726206915,4.70211458206177,0.816013157367706,0.00824852101504803,-6.47819792302799,-28776.8183913195,-21870.156571162,-28779.2728532336,-21870.3564989883,-28781.7273151477,-21870.5564268146,0,1,0,1
20130619102815.daq,21,13,491.783333333333,1,0,left,-0.101737505350854,-85.4540100097656,12,-0.000216309914804021,53.8054389953613,625.369068130538,4.74605989456177,0.808381974697113,0.0177401825785637,-6.50601568178652,-28776.1746035885,-21878.0094434517,-28778.6294473621,-21878.2046266232,-28781.0842911358,-21878.3998097948,0,1,0,1
20130619102815.daq,21,13,491.883333333333,1,0,left,-0.0811254174469838,-85.5658874511719,12,-0.000211481912442082,54.0506172180176,633.278059511103,4.87789487838745,0.806340456008911,-0.0202266946434975,-6.5311326922752,-28775.5426083193,-21885.897492294,-28777.9978285333,-21886.0878816956,-28780.4530487473,-21886.2782710972,0,1,0,1
20130619102815.daq,21,13,491.983333333333,1,0,left,-0.0598763298087164,-85.6871185302734,12,-0.000206731977155895,54.2934989929199,641.223337747819,5.36128950119019,0.805842638015747,-0.0202266946434975,-6.55447702260585,-28774.9228972273,-21893.8248634084,-28777.3785147864,-21894.0100574327,-28779.8341323456,-21894.195251457,0,1,0,1
20130619102815.daq,21,13,492.083333333333,1,0,left,-0.0419580873651029,-85.8156585693359,12,-0.000202062897805956,54.5344734191895,649.204094377339,5.44917964935303,0.804254770278931,-0.00124337221495807,-6.5755769989598,-28774.3173027984,-21901.787587632,-28776.7733296506,-21901.9672721472,-28779.2293565027,-21902.1469566625,0,1,0,1
20130619102815.daq,21,13,492.183333333333,1,0,left,-0.0275349246480801,-85.9476623535156,12,-0.00019747558864014,54.7739219665527,657.220078468315,5.40523481369019,0.800041496753693,-0.0202266946434975,-6.59818392232412,-28773.7236429668,-21909.7875040493,-28776.1800772756,-21909.9615296508,-28778.6365115844,-21910.1355552523,0,1,0,1
20130619102815.daq,21,13,492.283333333333,1,0,left,-0.0211950618148791,-86.0825347900391,12,-0.000192969672281757,55.0119934082031,665.271080538281,5.40523481369019,0.797634780406952,-0.0202266946434975,-6.61779143301548,-28773.147742072,-21917.8226409739,-28775.6045792253,-21917.9908837307,-28778.0614163787,-21918.1591264874,0,1,0,1
20130619102815.daq,21,13,492.383333333333,1,0,left,-0.0263542918211215,-86.2149505615234,12,-0.000188544004891446,55.2487564086914,673.356179293376,5.36128950119019,0.796649277210236,-0.0297183580696583,-6.64043292467626,-28772.5853746934,-21925.8947979524,-28775.0425941096,-21926.0573622902,-28777.4998135259,-21926.2199266279,0,1,0,1
20130619102815.daq,21,13,492.483333333333,1,0,left,-0.0412846550593571,-86.3491668701172,12,-0.00018419673099496,55.4843330383301,681.476637875974,5.36128950119019,0.795915842056274,-0.0202266946434975,-6.66287380637957,-28772.040702409,-21934.0021440706,-28774.4982958927,-21934.1589518906,-28776.9558893764,-21934.3157597106,0,1,0,1
20130619102815.daq,21,13,492.583333333333,1,0,left,-0.0335509435518162,-86.4817962646484,12,-0.000179925076676463,55.7188720703125,689.63157010021,5.31734466552734,0.795158803462982,-0.0107350340113044,-6.68876884738607,-28771.511568595,-21942.1465357116,-28773.9695184758,-21942.297654231,-28776.4274683566,-21942.4487727503,0,1,0,1
20130619102815.daq,21,13,492.683333333333,1,0,left,0.0202493640223622,-86.6134338378906,12,-0.000175725212787128,55.9524879455566,697.82083189737,5.2733998298645,0.795167446136475,-0.0107350340113044,-6.70791931919153,-28770.999961864,-21950.3240840448,-28773.4582524535,-21950.4695550082,-28775.916543043,-21950.6150259715,0,1,0,1
20130619102815.daq,21,13,492.783333333333,1,0,left,0.0654940193246887,-86.7457733154297,12,-0.000171592766624994,56.1852684020996,706.044295563828,5.2733998298645,0.794606029987335,-0.0107350340113044,-6.7208048035795,-28770.504030982,-21958.5387432271,-28772.9626510166,-21958.6785357471,-28775.4212710513,-21958.8183282671,0,1,0,1
20130619102815.daq,21,13,492.883333333333,1,0,left,0.0894375988417693,-86.8660736083984,12,-0.000167524020658766,56.3979797363281,714.301607408495,5.31734466552734,0.793991804122925,-0.0581935755908489,-6.7284123679382,-28770.0249601313,-21966.7862509738,-28772.4838682597,-21966.9208809818,-28774.9427763882,-21967.0555109899,0,1,0,1
20130619102815.daq,21,13,492.983333333333,1,0,left,0.12581891948733,-87.0098876953125,12,-0.000163515154685764,56.6485824584961,722.59289536818,5.31734466552734,0.794362723827362,-0.0107350340113044,-6.73141066335607,-28769.5629420351,-21975.0715062231,-28772.0221803426,-21975.199963882,-28774.4814186502,-21975.3284215409,0,1,0,1
20130619102815.daq,21,13,493.083333333333,1,0,left,0.140779153114849,-87.1418609619141,12,-0.000159561824433776,56.8792037963867,730.918292927869,5.2733998298645,0.793722867965698,-0.0107350340113044,-6.73244366535682,-28769.1177958119,-21983.3896156365,-28771.5773234807,-21983.5124084288,-28774.0368511495,-21983.635201221,0,1,0,1
20130619102815.daq,21,13,493.183333333333,1,0,left,0.14589211323451,-87.2735748291016,12,-0.000155659091927705,57.1092071533203,739.277469615357,5.2733998298645,0.793642520904541,-0.0392102487385273,-6.73115431075763,-28768.6902204069,-21991.7448089048,-28771.1500238576,-21991.8619473154,-28773.6098273083,-21991.979085726,0,1,0,1
20130619102815.daq,21,13,493.283333333333,1,0,left,0.13971317349953,-87.4058685302734,12,-0.000151801520157841,57.3385772705078,747.670333208029,5.2733998298645,0.793297350406647,-0.0297183580696583,-6.73097514636518,-28768.2802665996,-22000.1332028256,-28770.7403339611,-22000.2446613395,-28773.2004013226,-22000.3561198535,0,1,0,1
20130619102815.daq,21,13,493.383333333333,1,0,left,0.126827342007616,-87.5389404296875,12,-0.000147983605136518,57.5673522949219,756.095628769348,5.31734466552734,0.792720794677734,-0.0487019121646881,-6.73174442344619,-28767.887946494,-22008.5548025347,-28770.3482660874,-22008.6605471414,-28772.8085856808,-22008.7662917482,0,1,0,1
20130619102815.daq,21,13,493.483333333333,1,0,left,0.13571009953111,-87.6729888916016,12,-0.000144200561007016,57.7955360412598,764.555599621912,5.40523481369019,0.792760610580444,-0.0771771296858788,-6.735063421131,-28767.5132722438,-22017.011566179,-28769.9738325022,-22017.1115543699,-28772.4343927606,-22017.2115425607,0,1,1,1
20130619102815.daq,21,13,493.583333333333,1,0,left,0.2374273818143,-87.8180694580078,12,-0.000140448915190593,58.023120880127,773.048994652374,6.0644097328186,0.792749464511871,-0.0297183580696583,-6.72797488839522,-28767.1588085826,-22025.5037640647,-28769.619614136,-22025.5975214744,-28772.0804196894,-22025.6912788841,0,1,1,1
20130619102815.daq,21,13,493.683333333333,1,0,left,0.34397476588812,-87.9805908203125,12,-0.000136726663427822,58.2500534057617,781.575721917841,6.63569450378418,0.79214471578598,-0.0297183580696583,-6.70939582582642,-28766.8210416652,-22034.0296093811,-28769.2821032645,-22034.1163862671,-28771.7431648637,-22034.2031631532,0,1,1,1
20130619102815.daq,21,13,493.783333333333,1,0,left,0.44576801125713,-88.1503753662109,12,-0.000133032786348404,58.4763298034668,790.135683181164,6.45991468429565,0.791640102863312,-0.0581935755908489,-6.67707087983642,-28766.5052142511,-22042.5907758616,-28768.9665221904,-22042.6702595151,-28771.4278301297,-22042.7497431686,0,1,1,1
20130619102815.daq,21,13,493.883333333333,1,0,left,0.534321053247481,-88.3189392089844,12,-0.000129366612448567,58.7019996643066,798.728787665052,6.0644097328186,0.782799065113068,0.0462154000997543,-6.63090315981685,-28766.2127631856,-22051.187035709,-28768.6742943134,-22051.2592778757,-28771.1358254411,-22051.3315200423,0,1,1,1
20130619102815.daq,21,13,493.983333333333,1,0,left,0.604045971765501,-88.4806976318359,12,-0.000125727753220253,58.9269676208496,807.354940955534,5.93257474899292,0.776325166225433,-0.0487019121646881,-6.57523230212722,-28765.9413936325,-22059.8143369095,-28768.4031189054,-22059.8796293608,-28770.8648441783,-22059.944921812,0,1,1,1
20130619102815.daq,21,13,494.083333333333,1,0,left,0.652161526368317,-88.6328735351563,12,-0.000122114304154234,59.1510276794434,816.014025093435,5.58101463317871,0.774875700473785,-0.0392102487385273,-6.50853414639769,-28765.6948403199,-22068.4765168553,-28768.1567303247,-22068.5352708141,-28770.6186203295,-22068.594024773,0,1,1,1
20130619102815.daq,21,13,494.183333333333,1,0,left,0.675288494763549,-88.7740020751953,12,-0.000118526627309217,59.374137878418,824.705900998808,5.2294545173645,0.774310171604156,-0.0392102487385273,-6.43663966868266,-28765.4691052113,-22077.1715891226,-28767.9311324679,-22077.2242788861,-28770.3931597245,-22077.2769686495,0,1,1,1
20130619102815.daq,21,13,494.283333333333,1,0,left,0.681619595588643,-88.9107513427734,12,-0.00011497115463883,59.5964088439941,833.430437704323,5.2294545173645,0.773817777633667,-0.0202266946434975,-6.359424675804,-28765.2665480931,-22085.8997304456,-28767.7286940931,-22085.9465438826,-28770.1908400932,-22085.9933573196,0,1,1,1
20130619102815.daq,21,13,494.383333333333,1,0,left,0.670354938741625,-89.0423278808594,12,-0.000111452401095609,59.8179054260254,842.187515898688,5.05367469787598,0.77391391992569,-0.00124337221495807,-6.2828168605623,-28765.083213161,-22094.6609224024,-28767.5454601731,-22094.7020815409,-28770.0077071852,-22094.7432406795,0,1,1,1
20130619102815.daq,21,13,494.483333333333,1,0,left,0.644096991823019,-89.1713409423828,12,-0.000107972922331818,60.0387382507324,850.97703072412,5.05367469787598,0.774047136306763,-0.0202266946434975,-6.20532171413474,-28764.9231659921,-22103.4532805123,-28767.3854994403,-22103.4888953029,-28769.8478328885,-22103.5245100936,0,1,1,1
20130619102815.daq,21,13,494.583333333333,1,0,left,0.693234137339957,-89.2988586425781,12,-0.000104534405267917,60.2589340209961,859.798887393648,5.00972986221313,0.773789882659912,-0.0107350340113044,-6.12989184753148,-28764.7806124037,-22112.2787860122,-28767.2430190179,-22112.3089205407,-28769.7054256321,-22112.3390550693,0,1,1,1
20130619102815.daq,21,13,494.683333333333,1,0,left,0.80455561272673,-89.4255065917969,12,-0.000101138520476721,60.4785346984863,868.652995409742,4.96578454971313,0.773873805999756,-0.0487019121646881,-6.03647789189769,-28764.6594968546,-22121.1374552672,-28767.1219640632,-22121.1621467646,-28769.5844312718,-22121.186838262,0,1,1,1
20130619102815.daq,21,13,494.783333333333,1,0,left,0.907098893102258,-89.5522155761719,12,0.0001,60.6975440979004,877.539268004788,4.92183971405029,0.773317754268646,-0.00124337221495807,-5.92781018513447,-28764.5559702457,-22130.0293119486,-28767.0184860376,-22130.048557671,-28769.4810018296,-22130.0678033934,0,1,1,1
20130619102815.daq,21,13,494.883333333333,1,0,left,0.993735057051111,-89.6724243164063,12,0.0001,60.9160003662109,886.457620975511,4.52633476257324,0.772916495800018,-0.00124337221495807,-5.80213417649053,-28764.4735342828,-22138.9502861676,-28766.9360850333,-22138.964365399,-28769.3986357838,-22138.9784446303,0,1,1,1
20130619102815.daq,21,13,494.983333333333,1,0,left,1.05490716037305,-89.7755737304688,12,0.0001,61.1339492797852,895.407976552764,3.73532485961914,0.773285567760468,-0.0392102487385273,-5.6643688760911,-28764.4076301899,-22147.9059777232,-28766.8702022965,-22147.9156236117,-28769.3327744031,-22147.9252695001,0,0,1,0
20130619102815.daq,21,13,495.083333333333,1,0,left,1.08519232404242,-89.8575134277344,12,0.0001,61.3514289855957,904.390263121822,2.94431495666504,0.773127615451813,-0.0202266946434975,-5.51736706737899,-28764.3579994423,-22156.8904302504,-28766.8205828254,-22156.8965543627,-28769.2831662085,-22156.902678475,0,0,1,0
20130619102815.daq,21,13,495.183333333333,1,0,left,1.07113491584109,-89.9042205810547,12,0.0001,61.5684661865234,913.404414056713,1.36229491233826,0.760638415813446,0.0746903866529465,-5.36312366917991,-28764.3237738081,-22165.9072095233,-28766.7863613653,-22165.9113261516,-28769.2489489225,-22165.9154427798,0,0,1,0
20130619102815.daq,21,13,495.283333333333,1,0,left,1.00130489790241,-89.9042663574219,12,0.0001,61.7850341796875,922.450365808683,-0.131834983825684,0.695919752120972,-0.00124337221495807,-5.20797934895829,-28764.3003391348,-22174.9540856534,-28766.7629266953,-22174.9582003142,-28769.2255142558,-22174.962314975,0,0,1,0
20130619102815.daq,21,13,495.383333333333,1,0,left,0.882494175496049,-89.8656921386719,12,0.0001,62.0002517700195,931.52800065167,-1.01073491573334,0.617326438426971,-0.0297183580696583,-5.05846717488472,-28764.2823324601,-22184.0293044155,-28766.7449166923,-22184.0350770052,-28769.2075009245,-22184.0408495949,0,0,1,0
20130619102815.daq,21,13,495.483333333333,1,0,left,0.721412098322048,-89.7942352294922,12,0.0001,62.2120590209961,940.636977016889,-1.71385490894318,0.533210039138794,-0.0107350340113044,-4.92231033216603,-28764.2642503433,-22193.1349564586,-28766.726825461,-22193.1438002755,-28769.1894005787,-22193.1526440924,0,0,1,0
20130619102815.daq,21,13,495.583333333333,1,0,left,0.531026568682179,-89.7028656005859,12,0.0001,62.4189605712891,949.776667529324,-2.19724988937378,0.433633804321289,0.00824852101504803,-4.803565933936,-28764.2429893319,-22202.2713572964,-28766.7055472151,-22202.2841281711,-28769.1681050983,-22202.2968990457,0,0,1,0
20130619102815.daq,21,13,495.683333333333,1,0,left,0.321619807214603,-89.6018676757813,12,0.0001,62.6218376159668,958.946320374023,-2.15330481529236,0.342119187116623,-0.0107350340113044,-4.7090466768976,-28764.2133261353,-22211.4368052385,-28766.6758576807,-22211.4539169559,-28769.1383892262,-22211.4710286733,0,0,1,0
20130619102815.daq,21,13,495.783333333333,1,0,left,0.10544235653181,-89.5034942626953,12,0.0001,62.8363914489746,968.146717438547,-1.75779986381531,0.327629506587982,-0.0487019121646881,-4.64601612780294,-28764.1701571243,-22220.6316050142,-28766.6326556604,-22220.6529447232,-28769.0951541965,-22220.6742844321,0,0,1,0
20130619102815.daq,21,13,495.883333333333,1,0,left,-0.109194854581446,-89.4179992675781,12,0.0001,63.0281829833984,977.377224074517,-1.2744048833847,0.330700039863586,-0.0297183580696583,-4.61364159966023,-28764.1160660973,-22229.8579691557,-28766.5785300495,-22229.8829833039,-28769.0409940017,-22229.9079974521,0,0,1,0
20130619102815.daq,21,13,495.983333333333,1,0,left,-0.315457029741907,-89.346923828125,12,0.0001,63.1812591552734,986.633051698496,-0.74706494808197,0.33134251832962,-0.0107350340113044,-4.61742043766335,-28764.0472401573,-22239.1100808142,-28766.5096711848,-22239.13814963,-28768.9721022123,-22239.1662184457,0,0,1,0
20130619102815.daq,21,13,496.083333333333,1,0,left,-0.366925922089166,-89.3053588867188,12,0.0001,63.3018760681152,995.908821744692,0.483394980430603,0.331388235092163,-0.00124337221495807,-4.64620221677553,-28763.9646058414,-22248.3844194483,-28766.4270158585,-22248.414274615,-28768.8894258756,-22248.4441297816,0,0,1,0
20130619102815.daq,21,13,496.183333333333,1,0,left,-0.3988144559126,-89.283935546875,12,0.0001,63.3993148803711,1005.20052196896,0.74706494808197,0.358130842447281,-0.00124337221495807,-4.68492728118382,-28763.8734448815,-22257.6748921336,-28766.3358435634,-22257.7056680125,-28768.7982422453,-22257.7364438914,0,0,1,0
20130619102815.daq,21,13,496.283333333333,1,0,left,-0.419469200294799,-89.2743072509766,12,0.0001,63.4682922363281,1014.50444355737,0.57128494977951,0.443157076835632,-0.00124337221495807,-4.73439993701742,-28763.7732435787,-22266.9773823347,-28766.2356370541,-22267.0085720081,-28768.6980305295,-22267.0397616815,0,0,1,0
20130619102815.daq,21,13,496.383333333333,1,0,left,-0.442653598577209,-89.2627105712891,12,0.0001,63.5281753540039,1023.81749984909,0.351559996604919,0.54615592956543,0.0272318441420794,-4.7918624247231,-28763.6670619433,-22276.2895881104,-28766.1294490554,-22276.3212761722,-28768.5918361676,-22276.352964234,0,0,1,0
20130619102815.daq,21,13,496.483333333333,1,0,left,-0.470470475314229,-89.2472229003906,12,0.0001,63.5985069274902,1033.13993771916,0.219724997878075,0.617915272712708,0.0272318441420794,-4.85550526062375,-28763.5567349589,-22285.6095074412,-28766.0191134154,-22285.6418611118,-28768.481491872,-22285.6742147823,0,0,1,0
20130619102815.daq,21,13,496.583333333333,1,0,left,-0.504413905113722,-89.2259979248047,12,0.0001,63.6916885375977,1042.47424274946,0.131834998726845,0.642827272415161,-0.00124337221495807,-4.92285325861841,-28763.4441023659,-22294.940999457,-28765.9064686682,-22294.9742653029,-28768.3688349706,-22295.0075311488,0,0,1,0
20130619102815.daq,21,13,496.683333333333,1,0,left,-0.544593164839341,-89.1992950439453,12,0.0001,63.8077926635742,1051.82403479498,-0.0439449958503246,0.642115890979767,-0.0392102487385273,-4.99728661495291,-28763.3272271397,-22304.2860234919,-28765.7895776709,-22304.3204369278,-28768.2519282022,-22304.3548503637,0,0,1,0
20130619102815.daq,21,13,496.783333333333,1,0,left,-0.590165481719083,-89.1675720214844,12,0.0001,63.9357643127441,1061.19181589589,-0.0878899917006493,0.641523778438568,-0.0392102487385273,-5.07727594940627,-28763.206137595,-22313.648496989,-28765.6684686951,-22313.6842737521,-28768.1307997953,-22313.7200505152,0,0,1,0
20130619102815.daq,21,13,496.883333333333,1,0,left,-0.636466402252438,-89.1358947753906,12,0.0001,64.0701675415039,1070.57888318363,-0.0439449958503246,0.642017185688019,-0.0202266946434975,-5.16375351126367,-28763.0811450592,-22323.0324549501,-28765.543456003,-22323.0695930621,-28768.0057669469,-22323.1067311742,0,0,1,0
20130619102815.daq,21,13,496.983333333333,1,0,left,-0.680842704890466,-89.1067199707031,12,0.0001,64.2078247070313,1079.98593392284,0.219724997878075,0.639789640903473,-0.0676852315664291,-5.25640025758085,-28762.9524003721,-22332.4360070136,-28765.4146920861,-22332.4743989206,-28767.8769838001,-22332.5127908277,0,0,1,0
20130619102815.daq,21,13,497.083333333333,1,0,left,-0.713071046451574,-89.0902709960938,12,0.0001,64.3466567993164,1089.41327718526,0.878899991512299,0.639918565750122,-0.0581935755908489,-5.35657629566669,-28762.8185779432,-22341.8613679311,-28765.2808585338,-22341.9004667329,-28767.7431391245,-22341.9395655346,0,0,1,0
20130619102815.daq,21,13,497.183333333333,1,0,left,-0.721982032444828,-89.0977172851563,12,0.0001,64.4857330322266,1098.86100715173,1.88963496685028,0.638698697090149,-0.0107350340113044,-5.46193599150775,-28762.6823163631,-22351.3068707474,-28765.1446020144,-22351.3456495453,-28767.6068876656,-22351.3844283432,0,0,1,0
20130619102815.daq,21,13,497.283333333333,1,0,left,-0.706082331088524,-89.1307983398438,12,0.0001,64.6247024536133,1108.32912979012,2.63669991493225,0.638027191162109,-0.0107350340113044,-5.57212564414486,-28762.5437226957,-22360.7745124075,-28765.0060303264,-22360.811869541,-28767.468337957,-22360.8492266745,0,0,1,0
20130619102815.daq,21,13,497.383333333333,1,0,left,-0.669114695180923,-89.1852874755859,12,0.0001,64.7633895874023,1117.81761535424,2.98825979232788,0.637730538845062,-0.0297183580696583,-5.6839006758789,-28762.4064446476,-22370.2622294548,-28764.868786692,-22370.2972448807,-28767.3311287363,-22370.3322603065,0,0,1,0
20130619102815.daq,21,13,497.483333333333,1,0,left,-0.616783041954818,-89.2559814453125,12,0.0001,64.9016952514648,1127.32641470218,3.33981990814209,0.637806355953217,0.0651987195014954,-5.79350192949657,-28762.2740701844,-22379.7718391918,-28764.736453558,-22379.8038164494,-28767.1988369315,-22379.835793707,0,1,1,1
20130619102815.daq,21,13,497.583333333333,1,0,left,-0.547483278997319,-89.34423828125,12,0.0001,65.0395278930664,1136.85546591703,3.91110491752625,0.638007521629333,-0.0392102487385273,-5.89935694573142,-28762.1486374766,-22389.3033722752,-28764.6110671857,-22389.3315565091,-28767.0734968948,-22389.359740743,0,1,1,1
20130619102815.daq,21,13,497.683333333333,1,0,left,-0.46849390546042,-89.4427795410156,12,0.0001,65.1767807006836,1146.40469122966,4.04293966293335,0.637730181217194,-0.0297183580696583,-5.99797822457391,-28762.0336068162,-22398.8546873101,-28764.4960813566,-22398.8786364468,-28766.9585558971,-22398.9025855835,0,1,1,1
20130619102815.daq,21,13,497.783333333333,1,0,left,-0.384896167471098,-89.5465240478516,12,0.0001,65.3133850097656,1155.97400009589,3.99899482727051,0.637156188488007,-0.0676852315664291,-6.08791529586099,-28761.9306196653,-22408.4276067633,-28764.3931335333,-22408.4470971018,-28766.8556474014,-22408.4665874403,0,1,1,1
20130619102815.daq,21,13,497.883333333333,1,0,left,-0.300435007402356,-89.6520233154297,12,0.0001,65.4493103027344,1165.56329441844,3.95504975318909,0.637377738952637,-0.00124337221495807,-6.16760373307577,-28761.8414172651,-22418.0200896952,-28764.3039628464,-22418.0350457529,-28766.7665084276,-22418.0500018105,0,1,1,1
20130619102815.daq,21,13,497.983333333333,1,0,left,-0.22154514655206,-89.7522583007813,12,0.0001,65.5845336914063,1175.17247246335,3.69137978553772,0.637191474437714,-0.0107350340113044,-6.23311203975141,-28761.7694731038,-22427.6319610924,-28764.2320410813,-22427.642609077,-28766.6946090588,-22427.6532570616,0,1,1,1
20130619102815.daq,21,13,498.083333333333,1,0,left,-0.153405571297412,-89.8426513671875,12,0.0001,65.7191162109375,1184.80143631984,3.29587483406067,0.638006627559662,0.00824852101504803,-6.28762137904592,-28761.712550793,-22437.2631093466,-28764.1751325047,-22437.2698722329,-28766.6377142164,-22437.2766351192,0,1,1,1
20130619102815.daq,21,13,498.183333333333,1,0,left,-0.07672119140625,-89.9232788085938,12,0.0001,65.8531188964844,1194.45009516399,2.94431495666504,0.637427806854248,0.141132473945618,-6.32967864316474,-28761.670653875,-22446.9154923335,-28764.1332426653,-22446.918789834,-28766.5958314555,-22446.9220873344,0,1,1,1
20130619102815.daq,21,13,498.283333333333,1,0,left,-0.01007080078125,-89.9899291992188,12,0.0001,65.9865493774414,1204.11836591149,2.59275484085083,0.637363731861115,-0.00124337221495807,-6.354810157399,-28761.6454742275,-22456.5851027722,-28764.1080651874,-22456.5855356184,-28766.5706561474,-22456.5859684647,0,1,1,1
20130619102815.daq,21,13,498.383333333333,1,0,left,0.0486602783203125,-90.0486602783203,12,0.0001,66.1194610595703,1213.8057630181,2.54880976676941,0.636945366859436,-0.0107350340113044,-6.36819171092253,-28761.6315257071,-22466.2759985521,-28764.094115817,-22466.273907118,-28766.5567059269,-22466.2718156839,0,1,1,1
20130619102815.daq,21,13,498.483333333333,1,0,left,0.103805541992188,-90.1038055419922,12,0.0001,66.2518310546875,1223.51301988224,2.54880976676941,0.637381315231323,-0.00124337221495807,-6.36905730727144,-28761.6310288013,-22475.9843809886,-28764.0936157577,-22475.9799193955,-28766.5562027141,-22475.9754578024,0,1,1,1
20130619102815.daq,21,13,498.583333333333,1,0,left,0.157760620117188,-90.1577606201172,12,0.0001,66.3836212158203,1233.23964853519,2.54880976676941,0.637006342411041,-0.0107350340113044,-6.35784111422012,-28761.6421783198,-22485.7122623363,-28764.1047599828,-22485.7054817428,-28766.5673416458,-22485.6987011492,0,1,1,1
20130619102815.daq,21,13,498.683333333333,1,0,left,0.212295532226563,-90.2122955322266,12,0.0001,66.5148315429688,1242.98556430746,2.54880976676941,0.636627912521362,-0.00124337221495807,-6.33511622095125,-28761.6650837104,-22495.4596859132,-28764.127657804,-22495.450561404,-28766.5902318977,-22495.4414368947,0,1,1,1
20130619102815.daq,21,13,498.783333333333,1,0,left,0.267776489257813,-90.2677764892578,12,0.0001,66.6454391479492,1252.75068038479,2.54880976676941,0.636419177055359,0.0272318441420794,-6.30423936060286,-28761.6958614312,-22505.2247073881,-28764.1584255348,-22505.2131983106,-28766.6209896385,-22505.201689233,0,1,1,1
20130619102815.daq,21,13,498.883333333333,1,0,left,0.323135375976563,-90.3231353759766,12,0.0001,66.7754287719727,1262.53490706227,2.54880976676941,0.6361243724823,-0.0107350340113044,-6.26360748406475,-28761.7363985224,-22515.0112069537,-28764.1989503566,-22514.9973185652,-28766.6615021908,-22514.9834301766,0,1,1,1
20130619102815.daq,21,13,498.983333333333,1,0,left,0.378326416015625,-90.3783264160156,12,0.0001,66.9048156738281,1272.33815538094,2.54880976676941,0.636596322059631,-0.00124337221495807,-6.21330790642862,-28761.7866921363,-22524.815277274,-28764.2492294499,-22524.7990168014,-28766.7117667634,-22524.7827563287,0,1,1,1
20130619102815.daq,21,13,499.083333333333,1,0,left,0.43280029296875,-90.4328002929688,12,0.0001,67.0335922241211,1282.16033479665,2.54880976676941,0.635893225669861,-0.0107350340113044,-6.15525205571904,-28761.8447550885,-22534.6388582551,-28764.3072758294,-22534.6202565364,-28766.7697965704,-22534.6016548178,0,1,1,1
20130619102815.daq,21,13,499.183333333333,1,0,left,0.489410400390625,-90.4894104003906,12,0.0001,67.1617736816406,1292.00135765594,2.54880976676941,0.636098027229309,0.00824852101504803,-6.08544267748298,-28761.9146704848,-22544.4800655426,-28764.3771716446,-22544.4590307823,-28766.8396728045,-22544.4379960219,0,1,1,1
20130619102815.daq,21,13,499.283333333333,1,0,left,0.545761108398438,-90.5457611083984,12,0.0001,67.2893676757813,1301.86113826354,2.54880976676941,0.635021209716797,-0.00124337221495807,-6.00585594414082,-28761.9943367626,-22554.3427475131,-28764.4568160437,-22554.3192908802,-28766.9192953248,-22554.2958342472,0,1,1,1
20130619102815.daq,21,13,499.383333333333,1,0,left,0.600448608398438,-90.6004486083984,12,0.0001,67.4163665771484,1311.73958887275,2.46091985702515,0.635772585868835,-0.00124337221495807,-5.91830982758231,-28762.0817136738,-22564.2210112377,-28764.5441694443,-22564.1952042362,-28767.0066252149,-22564.1693972346,0,1,1,1
20130619102815.daq,21,13,499.483333333333,1,0,left,0.646987915039063,-90.6469879150391,12,0.0001,67.5427932739258,1321.6366237883,2.02146983146667,0.636161327362061,0.036723505705595,-5.819792316187,-28762.1803048463,-22574.1186083881,-28764.6427388424,-22574.0908012308,-28767.1051728386,-22574.0629940734,0,1,1,1
20130619102815.daq,21,13,499.583333333333,1,0,left,0.680038452148438,-90.6800384521484,12,0.0001,67.6686325073242,1331.55215759472,1.45018494129181,0.635682582855225,0.0177401825785637,-5.71449461010087,-28762.2858720069,-22584.0354128413,-28764.748289553,-22584.0061852566,-28767.2107070992,-22583.9769576718,0,1,1,1
20130619102815.daq,21,13,499.683333333333,1,0,left,0.702804565429688,-90.7028045654297,12,0.0001,67.7939224243164,1341.48610814018,1.40623998641968,0.636243879795074,-0.00124337221495807,-5.60164654255749,-28762.3986135502,-22593.9675961444,-28764.8610192886,-22593.937390136,-28767.323425027,-22593.9071841276,0,0,1,0
20130619102815.daq,21,13,499.783333333333,1,0,left,0.719375610351563,-90.7193756103516,12,0.0001,67.9186630249023,1351.4383933661,1.40623998641968,0.636255204677582,0.0272318441420794,-5.48151996330637,-28762.5187831125,-22603.9191626718,-28764.9811800117,-22603.8882444894,-28767.443576911,-22603.8573263071,0,0,1,0
20130619102815.daq,21,13,499.883333333333,1,0,left,0.735488891601563,-90.7354888916016,12,0.0001,68.0428619384766,1361.40893373164,1.40623998641968,0.636906862258911,-0.0581935755908489,-5.35550448396661,-28762.6447837356,-22613.8882961368,-28765.1071718423,-22613.8566854563,-28767.5695599491,-22613.8250747758,0,0,1,0
20130619102815.daq,21,13,499.983333333333,1,0,left,0.7509765625,-90.7509765625,12,0.0001,68.1665191650391,1371.39765053519,1.36229491233826,0.637201905250549,-0.0107350340113044,-5.22341602862918,-28762.7766049853,-22623.8769456983,-28765.2389844574,-22623.8446694087,-28767.7013639295,-22623.8123931191,0,0,1,0
20130619102815.daq,21,13,500.083333333333,1,0,left,0.764007568359375,-90.7640075683594,12,0.0001,68.2896347045898,1381.40446358315,1.23045992851257,0.635542750358582,0.036723505705595,-5.08994227593436,-28762.9102268639,-22633.8811616365,-28765.3725989316,-22633.848325319,-28767.8349709992,-22633.8154890016,0,0,1,0
20130619102815.daq,21,13,500.183333333333,1,0,left,0.774810791015625,-90.7748107910156,12,0.0001,68.4122009277344,1391.42929352113,1.14256989955902,0.635629832744598,-0.00124337221495807,-4.95241301178733,-28763.0476166743,-22643.9048557408,-28765.5099825069,-22643.8715551392,-28767.9723483395,-22643.8382545377,0,0,1,0
20130619102815.daq,21,13,500.283333333333,1,0,left,0.78173828125,-90.78173828125,12,0.0001,68.5342102050781,1401.47205950285,1.01073491573334,0.636168479919434,0.00824852101504803,-4.81363421501265,-28763.1867188876,-22653.9460358449,-28765.6490806758,-22653.9124375251,-28768.1114424641,-22653.8788392052,0,0,1,0
20130619102815.daq,21,13,500.383333333333,1,0,left,0.781570434570313,-90.7815704345703,12,0.0001,68.6556777954102,1411.53268114816,0.74706494808197,0.636061608791351,-0.00124337221495807,-4.67296013262912,-28763.3273334606,-22664.0046256104,-28765.7896953473,-22663.9710345039,-28768.252057234,-22663.9374433975,0,0,1,0
20130619102815.daq,21,13,500.483333333333,1,0,left,0.77630615234375,-90.7763061523438,12,0.0001,68.776611328125,1421.61107910272,0.659174978733063,0.635844945907593,-0.00124337221495807,-4.52869687512718,-28763.47153769,-22674.0806724995,-28765.9339026527,-22674.0473076327,-28768.3962676153,-22674.0139427659,0,0,1,0
20130619102815.daq,21,13,500.583333333333,1,0,left,0.767868041992188,-90.7678680419922,12,0.0001,68.8970184326172,1431.70717419868,0.659174978733063,0.635453104972839,-0.00124337221495807,-4.38678265830913,-28763.6135916582,-22684.1742220972,-28766.0759615078,-22684.1412198702,-28768.5383313575,-22684.1082176432,0,0,1,0
20130619102815.daq,21,13,500.683333333333,1,0,left,0.756393432617188,-90.7563934326172,12,0.0001,69.0168914794922,1441.82088987911,0.57128494977951,0.635164618492126,0.0177401825785637,-4.24286595786107,-28763.757410178,-22694.2852775802,-28766.2197865876,-22694.2527684919,-28768.6821629972,-22694.2202594037,0,0,1,0
20130619102815.daq,21,13,500.783333333333,1,0,left,0.743026733398438,-90.7430267333984,12,0.0001,69.1362457275391,1451.95214968036,0.483394980430603,0.634625315666199,0.036723505705595,-4.10084244839839,-28763.8991581171,-22704.4138660513,-28766.3615420438,-22704.3819314189,-28768.8239259706,-22704.3499967865,0,0,1,0
20130619102815.daq,21,13,500.883333333333,1,0,left,0.72723388671875,-90.7272338867188,12,0.0001,69.2550888061523,1462.10087760501,0.395504981279373,0.635152101516724,0.0177401825785637,-3.95972400205322,-28764.0407554673,-22714.5599747188,-28766.5031481029,-22714.5287188121,-28768.9655407384,-22714.4974629054,0,0,1,0
20130619102815.daq,21,13,500.983333333333,1,0,left,0.706497192382813,-90.7064971923828,12,0.0001,69.3734130859375,1472.26699746915,0.26366999745369,0.635484337806702,0.0462154000997543,-3.81991645641803,-28764.1800928247,-22724.723543488,-28766.6424966112,-22724.6931787813,-28769.1049003978,-22724.6628140746,0,0,1,0
20130619102815.daq,21,13,501.083333333333,1,0,left,0.683120727539063,-90.6831207275391,12,0.0001,69.4912109375,1482.45043271586,0.131834998726845,0.635244250297546,0.036723505705595,-3.68278755902463,-28764.3173133552,-22734.9046269717,-28766.7797293255,-22734.8752669191,-28769.2421452957,-22734.8459068665,0,0,1,0
20130619102815.daq,21,13,501.183333333333,1,0,left,0.64959716796875,-90.6495971679688,12,0.0001,69.6084976196289,1492.65110744097,-0.395504981279373,0.636092305183411,0.0272318441420794,-3.55032059164512,-28764.4499980431,-22745.101092582,-28766.9124307703,-22745.0731732853,-28769.3748634976,-22745.0452539887,0,0,1,0
20130619102815.daq,21,13,501.283333333333,1,0,left,0.60186767578125,-90.6018676757813,12,0.0001,69.7252426147461,1502.86894462134,-0.703119933605194,0.524808526039124,0.0651987195014954,-3.42052612231284,-28764.5798485972,-22755.3147952029,-28767.0423037278,-22755.2889272128,-28769.5047588585,-22755.2630592226,0,0,1,0
20130619102815.daq,21,13,501.383333333333,1,0,left,0.548049926757813,-90.5480499267578,12,0.0001,69.8411636352539,1513.10385501828,-0.74706494808197,0.14868575334549,0.0177401825785637,-3.2986893693298,-28764.7015099743,-22765.5459274301,-28767.1639883164,-22765.5223724275,-28769.6264666585,-22765.4988174249,0,0,1,0
20130619102815.daq,21,13,501.483333333333,1,0,left,0.478103637695313,-90.4781036376953,12,0.0001,69.9517669677734,1523.35549221408,-1.45018494129181,0.0842241570353508,0.0272318441420794,-3.18369024389622,-28764.8163132437,-22775.7942466047,-28767.2788185066,-22775.7736977954,-28769.7413237695,-22775.753148986,0,0,1,0
20130619102815.daq,21,15,502.883333333333,1,0,left,-1.04190063476563,-88.9580993652344,12,0.0001,69.069953918457,0,-1.09862494468689,0.468076348304749,0.0746903866529465,-3.29553262432199,-28764.7167173003,-22918.5318080581,-28767.1789011453,-22918.5765868139,-28769.6410849903,-22918.6213655697,1,0,0,0
20130619102815.daq,21,15,502.983333333333,1,0,left,-1.12089538574219,-88.8791046142578,12,0.0001,69.0807266235352,10.1306507029149,-0.57128494977951,0.478810429573059,0.036723505705595,-3.43525536623589,-28764.5653891928,-22928.6567273556,-28767.0275089603,-22928.7049007262,-28769.4896287279,-22928.7530740967,1,0,0,0
20130619102815.daq,21,15,503.083333333333,1,0,left,-1.17886352539063,-88.8211364746094,12,0.0001,69.1221618652344,20.2652841368399,0,0.478182584047318,0.0272318441420794,-3.60035288337788,-28764.3997271632,-22938.7821837645,-28766.861796932,-22938.8328481225,-28769.3238667008,-22938.8835124805,1,0,0,0
20130619102815.daq,21,15,503.183333333333,1,0,left,-1.22210693359375,-88.7778930664063,12,0.0001,69.1808624267578,30.4073670896032,0,0.47698712348938,0.036723505705595,-3.78113823397992,-28764.2193435456,-22948.9177836452,-28766.6813743747,-22948.9703062108,-28769.1434052038,-22949.0228287763,1,0,0,0
20130619102815.daq,21,15,503.283333333333,1,0,left,-1.25743103027344,-88.7425689697266,12,0.0001,69.2511978149414,40.5589571796445,0,0.476618647575378,0.0462154000997543,-3.97228582146585,-28764.0277269699,-22959.0633525697,-28766.4897249498,-22959.1173930208,-28768.9517229297,-22959.1714334719,1,0,0,0
20130619102815.daq,21,15,503.383333333333,1,0,left,-1.28913879394531,-88.7108612060547,12,0.0001,69.3297576904297,50.7213396492225,0.131834998726845,0.477098226547241,0.0651987195014954,-4.17595166991374,-28763.8246136101,-22969.2207328283,-28766.2865813068,-22969.2761357527,-28768.7485490035,-22969.3315386772,1,0,0,0
20130619102815.daq,21,15,503.483333333333,1,0,left,-1.31364440917969,-88.6863555908203,12,0.0001,69.4139785766602,60.8958492554666,0.527339994907379,0.477705508470535,0.0177401825785637,-4.38617091130007,-28763.6141290543,-22979.391971133,-28766.0760728297,-22979.448427045,-28768.5380166052,-22979.504882957,1,0,0,0
20130619102815.daq,21,15,503.583333333333,1,0,left,-1.3262939453125,-88.6737060546875,12,0.0001,69.5018844604492,71.0830010091086,1.01073491573334,0.477455705404282,-0.134127333760262,-4.60347947873782,-28763.3965579086,-22989.5752359766,-28765.8584891599,-22989.6322354255,-28768.3204204113,-22989.6892348743,1,0,0,0
20130619102815.daq,21,15,503.683333333333,1,0,left,-1.32518005371094,-88.6748199462891,12,0.0001,69.592155456543,81.2832327112192,1.49412989616394,0.476919323205948,0.0272318441420794,-4.82407750152093,-28763.1759229613,-22999.7705774463,-28765.6378553203,-22999.8275290325,-28768.0997876793,-22999.8844806188,1,0,0,0
20130619102815.daq,21,15,503.783333333333,1,0,left,-1.30787658691406,-88.6921234130859,12,0.0001,69.6839294433594,91.4968208432329,1.88963496685028,0.467013448476791,0.036723505705595,-5.04958486645646,-28762.9504196234,-23009.981964798,-28765.4123690697,-23010.038172872,-28767.8743185159,-23010.094380946,1,0,0,0
20130619102815.daq,21,15,503.883333333333,1,0,left,-1.28172302246094,-88.7182769775391,12,0.0001,69.776496887207,101.723943043275,1.88963496685028,0.371867090463638,0.0272318441420794,-5.27454176711364,-28762.7254582663,-23020.2053003755,-28765.1874331131,-23020.2603846479,-28767.64940796,-23020.3154689203,1,0,0,0
20130619102815.daq,21,15,503.983333333333,1,0,left,-1.25030517578125,-88.7496948242188,12,0.0001,69.8652801513672,111.964471374587,1.88963496685028,0.213073745369911,0.0557070598006248,-5.49727021716113,-28762.5027727277,-23030.442443599,-28764.9647774096,-23030.4961778519,-28767.4267820914,-23030.5499121048,1,0,0,0
20130619102815.daq,21,15,504.083333333333,1,0,left,-1.21926879882813,-88.7807312011719,12,0.0001,69.9360961914063,122.216921229927,1.88963496685028,0.126038685441017,0.036723505705595,-5.72021502156603,-28762.2800642688,-23040.6932477647,-28764.7420976966,-23040.745648374,-28767.2041311244,-23040.7980489833,0,1,0,1
20130619102815.daq,21,15,504.183333333333,1,0,left,-1.1856689453125,-88.8143310546875,12,0.0001,69.964111328125,132.476996004261,1.88963496685028,0.101451046764851,0.0462154000997543,-5.93698946961793,-28762.0633726834,-23050.9519296903,-28764.525436417,-23051.0028864852,-28766.9875001507,-23051.05384328,0,1,0,1
20130619102815.daq,21,15,504.283333333333,1,0,left,-1.14976501464844,-88.8502349853516,12,0.0001,69.9350128173828,142.736883722362,1.97752487659454,0.0922768339514732,0.0557070598006248,-6.15125953019062,-28761.8487759399,-23061.2126230267,-28764.3108711218,-23061.2620369796,-28766.7729663037,-23061.3114509324,0,1,0,1
20130619102815.daq,21,15,504.383333333333,1,0,left,-1.09637451171875,-88.9036254882813,12,0.0001,69.8653335571289,152.989359593987,2.81247997283936,0.0880122184753418,0.0557070598006248,-6.35695692176391,-28761.6430643176,-23071.4659531437,-28764.1052044764,-23071.5130727965,-28766.5673446352,-23071.5601924493,0,1,0,1
20130619102815.daq,21,15,504.483333333333,1,0,left,-0.999191284179688,-89.0008087158203,12,0.0001,69.7556610107422,163.228690429765,4.4823899269104,0.087513379752636,0.093673937022686,-6.55422974037905,-28761.4458997823,-23081.7067330117,-28763.9081163221,-23081.7496763971,-28766.3703328619,-23081.7926197825,0,1,0,1
20130619102815.daq,21,15,504.583333333333,1,0,left,-0.851486206054688,-89.1485137939453,12,0.0001,69.623420715332,173.449950104958,5.36128950119019,0.0958636179566383,0.112657263875008,-6.73857553711985,-28761.2616075835,-23091.9312143218,-28763.723926647,-23091.9678101252,-28766.1862457105,-23092.0044059286,0,1,0,1
20130619102815.daq,21,15,504.683333333333,1,0,left,-0.673538208007813,-89.3264617919922,12,0.0001,69.4871826171875,183.651432547435,5.09761953353882,0.106337137520313,0.103165604174137,-6.90726122065157,-28761.0928566728,-23102.1369069106,-28763.555277519,-23102.1658551323,-28766.0176983652,-23102.1948033539,0,1,0,1
20130619102815.daq,21,15,504.783333333333,-2,0,left,-0.621356040764894,-89.5322723388672,12,-0.000100790812618148,69.3503341674805,193.832876848253,5.88862991333008,0.123386688530445,0.103165604174137,-7.06455895484026,-28760.9473199919,-23112.3237336983,-28763.4098289357,-23112.34383656,-28765.8723378795,-23112.3639394218,0,1,0,1
20130619102815.daq,21,15,504.883333333333,-2,0,left,-0.531452968175273,-89.7726135253906,12,-0.000104032364000482,69.213264465332,203.994233306046,7.07514476776123,0.138584837317467,0.122149154543877,-7.22421909795441,-28760.8293225609,-23122.4898886023,-28763.2918941659,-23122.4996617203,-28765.7544657708,-23122.5094348383,0,1,0,1
20130619102815.daq,21,15,504.983333333333,-2,0,left,-0.366103377101012,-90.0481414794922,12,-0.000107264026211694,69.0759124755859,214.135465926927,7.51459455490112,0.146025627851486,0.093673937022686,-7.37266877243069,-28760.7447748887,-23132.6392670748,-28763.2073650174,-23132.6371979388,-28765.6699551461,-23132.6351288028,0,1,0,1
20130619102815.daq,21,15,505.083333333333,-2,0,left,-0.146197596661125,-90.3415832519531,12,-0.000110474780531455,68.9382553100586,224.25653209642,7.16303491592407,0.152310162782669,0.131640821695328,-7.49783014983593,-28760.7004316927,-23142.7714194914,-28763.1629789275,-23142.7567382205,-28765.6255261623,-23142.7420569497,0,1,0,1
20130619102815.daq,21,15,505.183333333333,-2,0,left,0.103199255123158,-90.6255035400391,12,-0.000113653259861936,68.800407409668,234.35739162445,5.97651958465576,0.176374778151512,0.0462154000997543,-7.58904786880145,-28760.6985027476,-23152.8817668537,-28763.1609469976,-23152.8548830448,-28765.6233912475,-23152.8279992358,0,1,0,1
20130619102815.daq,21,15,505.283333333333,-2,0,left,0.200906016888581,-90.8866577148438,12,-0.000116789304030565,68.6626129150391,244.438033880731,5.2294545173645,0.22076253592968,0.141132473945618,-7.64639275524637,-28760.7420670737,-23162.9739112046,-28763.2043632087,-23162.9358038923,-28765.6666593436,-23162.8976965801,0,1,0,1
20130619102815.daq,21,15,505.383333333333,-2,0,left,0.208265396706892,-91.1300201416016,12,-0.00011987560523347,68.5283737182617,254.498609274859,5.14156484603882,0.242870822548866,0.093673937022686,-7.70135642607848,-28760.8294735302,-23173.0421285941,-28763.2915855946,-23172.9935631143,-28765.753697659,-23172.9449976345,0,1,0,1
20130619102815.daq,21,15,505.483333333333,-2,0,left,0.247325736120914,-91.3494873046875,12,-0.000122907774214983,68.4126052856445,264.540694170464,4.70211458206177,0.249305069446564,0.0746903866529465,-7.74709611954764,-28760.9622890544,-23183.090198165,-28763.4241970306,-23183.0322021299,-28765.8861050068,-23182.9742060948,0,1,0,1
20130619102815.daq,21,15,505.583333333333,-2,0,left,0.32867424520397,-91.5556640625,12,-0.000125884311538238,68.3169860839844,274.56735793085,4.70211458206177,0.25128436088562,0.0651987195014954,-7.77716524000609,-28761.1372629211,-23193.1222860912,-28763.5989462617,-23193.0554313653,-28766.0606296022,-23192.9885766394,0,1,0,1
20130619102815.daq,21,15,505.683333333333,-2,0,left,0.452987295477811,-91.7485504150391,12,-0.000128805996942346,68.2348251342773,284.581050283858,4.52633476257324,0.251528859138489,0.103165604174137,-7.78055930245225,-28761.3543916614,-23203.138401263,-28763.8158359862,-23203.0632596699,-28766.2772803111,-23202.9881180767,0,1,1,1
20130619102815.daq,21,15,505.783333333333,-2,0,left,0.548852459150737,-91.9160308837891,12,-0.000131675265704956,68.1621398925781,294.583418555121,3.8232147693634,0.251526564359665,0.112657263875008,-7.75421464690586,-28761.6109607429,-23213.1421856898,-28764.072174907,-23213.0598494154,-28766.533389071,-23212.9775131411,0,1,1,1
20130619102815.daq,21,15,505.883333333333,-2,0,left,0.507216610794231,-92.0716400146484,12,-0.000134495165603503,68.0967636108398,304.575684111784,3.8232147693634,0.251757085323334,0.112657263875008,-7.7219276920441,-28761.9000003134,-23223.1359087888,-28764.3609817843,-23223.0468884352,-28766.8219632552,-23222.9578680816,0,1,1,1
20130619102815.daq,21,15,505.983333333333,-2,0,left,0.493363217482823,-92.2211608886719,12,-0.000137269074606025,68.0370407104492,314.558795755976,4.21871995925903,0.22785085439682,0.0841822773218155,-7.68707239927108,-28762.221870716,-23233.117751701,-28764.682611497,-23233.022309403,-28767.143352278,-23232.926867105,0,1,1,1
20130619102815.daq,21,15,506.083333333333,-2,0,left,0.519309020221556,-92.3801116943359,12,-0.000140000484455851,67.9803619384766,324.533420027015,4.83394956588745,0.181112214922905,0.0746903866529465,-7.6488936726513,-28762.5736384482,-23243.0919651294,-28765.0341049829,-23242.9896965836,-28767.4945715175,-23242.8874280379,0,1,1,1
20130619102815.daq,21,15,506.183333333333,-2,0,left,0.587403679398335,-92.5523071289063,12,-0.000142690867519485,67.9202346801758,334.499579770767,5.05367469787598,0.130790054798126,0.0841822773218155,-7.60010173894705,-28762.9555448241,-23253.0566741993,-28765.4156928918,-23252.9470114962,-28767.8758409595,-23252.8373487932,0,1,1,1
20130619102815.daq,21,15,506.283333333333,-2,0,left,0.706637946600495,-92.7433319091797,12,-0.000145339502955755,67.8468627929688,344.456082527104,5.44917964935303,0.0937816798686981,0.150624141097069,-7.53815320501625,-28763.365990497,-23263.0100388936,-28765.8257592756,-23262.8921746537,-28768.2855280543,-23262.7743104137,0,1,1,1
20130619102815.daq,21,15,506.383333333333,-2,0,left,0.743533466602926,-92.95068359375,12,-0.00014794417233996,67.7480010986328,354.400086365531,5.53706979751587,0.0785525590181351,0.131640821695328,-7.46540706819741,-28763.8067749499,-23272.9519938504,-28766.2661010747,-23272.8252285733,-28768.7254271994,-23272.6984632961,0,1,1,1
20130619102815.daq,21,15,506.483333333333,-2,0,left,0.794126114468995,-93.1605224609375,12,-0.000150501398552111,67.6241302490234,364.327584123974,5.05367469787598,0.0821980237960815,0.0746903866529465,-7.38975089543115,-28764.2789822643,-23282.8763760086,-28766.7378276341,-23282.740604617,-28769.1966730039,-23282.6048332255,0,1,1,1
20130619102815.daq,21,15,506.583333333333,-2,0,left,0.855327689967368,-93.3600616455078,12,-0.000153007432954241,67.4929962158203,374.236223332613,4.35055494308472,0.11378950625658,0.112657263875008,-7.30865702045263,-28764.7818056196,-23292.7809630422,-28767.2401632396,-23292.6366292777,-28769.6985208596,-23292.4922955132,0,1,1,1
20130619102815.daq,21,15,506.683333333333,-2,0,left,0.912279536320767,-93.5344543457031,12,-0.000155458713636624,67.3608169555664,384.125527026044,3.33981990814209,0.133954912424088,0.112657263875008,-7.21709347013808,-28765.3162575121,-23302.6615478107,-28767.7741644328,-23302.5097321573,-28770.2320713535,-23302.357916504,0,1,1,1
20130619102815.daq,21,15,506.783333333333,-2,0,left,0.953009600550047,-93.6717376708984,12,-0.000157851912495181,67.228874206543,393.995453242511,2.41697478294373,0.139533638954163,0.093673937022686,-7.11415044163147,-28765.8796233748,-23312.5198518262,-28768.337159483,-23312.3621473562,-28770.7946955913,-23312.2044428861,0,1,1,1
20130619102815.daq,21,15,506.883333333333,-2,0,left,0.938846970545882,-93.7840881347656,12,-0.000160186923862346,67.097526550293,403.846070892549,2.28513979911804,0.142987489700317,0.122149154543877,-6.99969538713704,-28766.4707150205,-23322.3561410596,-28768.9279371639,-23322.1936179489,-28771.3851593073,-23322.0310948381,0,1,1,1
20130619102815.daq,21,15,506.983333333333,-2,0,left,0.885129503846784,-93.8895721435547,12,-0.000162465858522843,66.9667739868164,413.677469867573,3.07614994049072,0.144912570714951,0.103165604174137,-6.88342588546396,-28767.0887201473,-23332.1688392396,-28769.5456389145,-23332.0017925546,-28772.0025576817,-23331.8347458695,0,1,1,1
20130619102815.daq,21,15,507.083333333333,-2,0,left,0.862448283839527,-94.0073547363281,12,-0.000164690404299023,66.8364715576172,423.489726351516,3.73532485961914,0.109458290040493,0.0746903866529465,-6.77038422983114,-28767.7289927994,-23341.9641955887,-28770.1855629787,-23341.7920985869,-28772.6421331579,-23341.6200015851,0,1,1,1
20130619102815.daq,21,15,507.183333333333,-2,0,left,0.873811691997417,-94.1452178955078,12,-0.000166860118375296,66.7064971923828,433.282897039389,4.39449977874756,0.0589586235582829,0.0841822773218155,-6.65747499476613,-28768.3900747834,-23351.738455133,-28770.8462237577,-23351.5604477194,-28773.302372732,-23351.3824403058,0,1,1,1
20130619102815.daq,21,15,507.283333333333,-2,0,left,0.94433095453509,-94.3240661621094,12,-0.000168971941955898,66.5766296386719,443.057015780345,5.75679492950439,0,-0.504304468631744,-6.5377375553856,-28769.0772019474,-23361.4939771078,-28771.5327833081,-23361.3083037266,-28773.9883646687,-23361.1226303455,0,1,1,1
20130619102815.daq,21,15,507.383333333333,-2,0,left,1.05186801195478,-94.5300445556641,12,-0.000171020858882503,66.4468460083008,452.81209124648,5.97651958465576,0,-0.105652116239071,-6.41292762859536,-28769.7855951909,-23371.2285121731,-28772.240493189,-23371.034012193,-28774.6953911872,-23370.8395122128,0,1,1,1
20130619102815.daq,21,15,507.483333333333,-2,0,left,1.12120878860676,-94.7551422119141,14,-0.00017300014501627,66.3171615600586,462.548139103521,5.84468460083008,0,0.0462154000997543,-6.28054681142698,-28770.5225629753,-23380.9438396236,-28772.976677899,-23380.7396966232,-28775.4307928227,-23380.5355536228,0,0,1,0
20130619102815.daq,21,15,507.583333333333,-2,0,left,1.21571618291648,-94.9928436279297,14,-0.000174902035052855,66.1875457763672,472.265173525222,6.24018955230713,0,0.122149154543877,-6.14003919425521,-28771.2916006948,-23390.6378674289,-28773.7448475791,-23390.4235448958,-28776.1980944634,-23390.2092223627,0,0,1,0
20130619102815.daq,21,15,507.683333333333,-2,0,left,1.34027637147886,-95.248046875,14,-0.000176718682807592,66.0579071044922,481.963196190045,6.85541963577271,0,2.34321141242981,-5.9910146083596,-28772.0910703858,-23400.312630891,-28774.543338316,-23400.0873834224,-28776.9956062461,-23399.8621359539,0,0,1,0
20130619102815.daq,21,15,507.783333333333,-2,0,left,1.48665432701166,-95.5125274658203,14,-0.000178443145102305,65.9276123046875,491.642193390508,6.41596984863281,0,9.98404598236084,-5.82197341017475,-28772.9302164922,-23409.9640563542,-28775.3814185445,-23409.7274915168,-28777.8326205968,-23409.4909266795,0,0,1,0
20130619102815.daq,21,15,507.883333333333,-2,0,left,1.63174578139403,-95.7615051269531,14,-0.000180070407397349,65.7748031616211,501.300892566098,5.31734466552734,0,12.3379917144775,-5.63413785523269,-28773.8055031829,-23419.5916834382,-28776.2556541074,-23419.3444692185,-28778.705805032,-23419.0972549988,0,0,1,0
20130619102815.daq,21,15,507.983333333333,-2,0,left,1.72480205133175,-95.9849548339844,14,-0.000181598366041973,65.5660400390625,510.933462803172,4.57027959823608,0,14.4166784286499,-5.42277161276086,-28774.7201908829,-23429.1894851258,-28777.1693590582,-23428.9327173857,-28779.6185272335,-23428.6759496455,0,0,1,0
20130619102815.daq,21,15,508.083333333333,-2,0,left,1.77342275834732,-96.1773834228516,14,-0.000183028035284698,65.2763824462891,520.529593909523,3.73532485961914,0,15.5177202224731,-5.19984253655653,-28775.6680625798,-23438.7476171189,-28778.1163545863,-23438.4826252805,-28780.5646465928,-23438.2176334421,0,0,1,0
20130619102815.daq,21,15,508.183333333333,-2,0,left,1.79352311190556,-96.3310546875,14,-0.000184361683595654,64.9034957885742,530.077100374991,2.54880976676941,0,14.1319274902344,-4.96349834654644,-28776.6486164311,-23448.2522912374,-28779.096188906,-23447.9807338706,-28781.543761381,-23447.7091765038,0,0,1,0
20130619102815.daq,21,15,508.283333333333,-2,0,left,1.78116637490098,-96.4400024414063,14,-0.000185603022026606,64.4605941772461,539.564515634353,1.31834995746613,0,13.4959831237793,-4.72159023927558,-28777.6516984182,-23457.693657445,-28780.0987501031,-23457.4174465202,-28782.545801788,-23457.1412355954,0,0,1,0
20130619102815.daq,21,15,508.383333333333,-2,0,left,1.73230055533628,-96.5044403076172,14,-0.000186757876860138,63.9706840515137,548.983744936697,0.527339994907379,0,12.6037616729736,-4.4734402622655,-28778.6734114898,-23467.0600170702,-28781.1201509857,-23466.7810542368,-28783.5668904817,-23466.5020914034,0,0,1,0
20130619102815.daq,21,15,508.483333333333,-2,0,left,1.66207087057664,-96.5339202880859,14,-0.000187833861205702,63.4624633789063,558.328856613538,0,0,11.047119140625,-4.22466650565372,-28779.7065536272,-23476.3476396906,-28782.1531492666,-23476.0674179911,-28784.5997449059,-23475.7871962916,0,0,1,0
20130619102815.daq,21,15,508.583333333333,-2,0,left,1.51770325586097,-96.5268859863281,14,-0.000188840072116675,62.9733200073242,567.600473144339,-0.834954977035522,0,9.68980312347412,-3.98391185333331,-28780.7451646149,-23485.5584548121,-28783.1917946392,-23485.2785334875,-28785.6384246634,-23484.9986121629,0,0,1,0
20130619102815.daq,21,15,508.683333333333,-2,0,left,1.34013316004017,-96.4822845458984,14,-0.000189786613124319,62.522834777832,576.802963354967,-1.62596487998962,0,6.55753564834595,-3.75812773969613,-28781.7833177476,-23494.6963494484,-28784.230164933,-23494.418332768,-28786.6770121185,-23494.1403160876,0,0,1,0
20130619102815.daq,21,15,508.783333333333,-2,0,left,1.14217066996312,-96.4111938476563,14,-0.000190683831945136,62.1368675231934,585.943722074066,-1.66990995407104,0,3.93782043457031,-3.5557824068673,-28782.8139126947,-23503.769324744,-28785.2611029504,-23503.4943442434,-28787.7082932061,-23503.2193637428,0,0,1,0
20130619102815.daq,21,15,508.883333333333,-2,0,left,0.936666945216047,-96.3243713378906,14,-0.000191541463328749,61.8360061645508,595.034100658537,-1.66990995407104,0,3.03610706329346,-3.37438871469349,-28783.8376409845,-23512.7931890727,-28786.285245119,-23512.5219172084,-28788.7328492535,-23512.2506453441,0,0,1,0
20130619102815.daq,21,15,508.983333333333,-2,0,left,0.729808798299672,-96.2283325195313,14,-0.000192367856426277,61.6100082397461,604.086048933255,-1.66990995407104,0,0.909961938858032,-3.22063298530766,-28784.8490621148,-23521.779772181,-28787.2971175148,-23521.5126033542,-28789.7451729148,-23521.2454345275,0,0,1,0
20130619102815.daq,21,15,509.083333333333,-2,0,left,0.513238404717669,-96.1274261474609,14,-0.000193169468437649,61.4375381469727,613.109115297928,-1.66990995407104,0,0.093673937022686,-3.09403512931597,-28785.8465023901,-23530.7369612316,-28788.2950245173,-23530.4741042059,-28790.7435466445,-23530.2112471801,0,0,1,0
