daqname,subject,instance,time,road_type,oncoming,direction,heading_local,heading,width,curvature,speed,distance,steer,throttle,brake,lat_dist,front_left_x,front_left_y,front_center_x,front_center_y,front_right_x,front_right_y,pre_phase,ld_phase,post_phase,exceed
20140118093043.daq,129,1,110.766666666667,1,0,right,2.61129389334654,92.6080679893494,12,-0.000633337909551073,26.7700252532959,0,6.89936447143555,0.161721765995026,0.253607153892517,2.91490892811619,4960.19055468101,-11506.2089754011,4962.65059485876,-11506.0969185082,4965.11063503652,-11505.9848616153,1,0,0,0
20140118093043.daq,129,1,110.866666666667,1,0,right,2.58026799265201,92.4745242595673,12,-0.000623798366667212,26.7341175079346,3.9236454936904,6.10835456848145,0.1619031727314,0.272590696811676,3.08416345130546,4960.0233599756,-11502.2834546313,4962.48365465073,-11502.1771318445,4964.94394932585,-11502.0708090578,1,0,0,0
20140118093043.daq,129,1,110.966666666667,1,0,right,2.55335243014152,92.3505237102509,12,-0.000614035841853122,26.6982269287109,7.84202616125094,6.0644097328186,0.16197557747364,0.291574031114578,3.26618401240518,4959.86584805528,-11498.3640706757,4962.32636707409,-11498.2630727475,4964.7868860929,-11498.1620748193,1,0,0,0
20140118093043.daq,129,1,111.066666666667,1,0,right,2.55547520364425,92.2328636646271,12,-0.000604062143860674,26.6623706817627,11.7551450099409,5.66890478134155,0.161877408623695,0.291574031114578,3.44743765653133,4959.7162587563,-11494.4487802718,4962.17697999167,-11494.3528353646,4964.63770122705,-11494.2568904574,1,0,0,0
20140118093043.daq,129,1,111.166666666667,1,0,right,2.53052780309305,92.1271193027496,12,-0.000593890426425889,26.6265659332275,15.6630085904585,4.57027959823608,0.16164156794548,0.272590696811676,3.62688784639828,4959.57376352624,-11490.5396839237,4962.03465764536,-11490.4482806532,4964.49555176449,-11490.3568773826,1,0,0,0
20140118093043.daq,129,1,111.266666666667,1,0,right,2.46806127764508,92.0437264442444,12,-0.000583536057863105,26.5908050537109,19.5656242227988,3.55954480171204,0.161598488688469,0.272590696811676,3.80301058556159,4959.43772524958,-11486.6360804026,4961.89874979768,-11486.5482590096,4964.35977434579,-11486.4604376167,1,0,0,0
20140118093043.daq,129,1,111.366666666667,1,0,right,2.3703573793255,91.9803874492645,12,-0.000573017719049461,26.5550765991211,23.4629977349869,2.68064475059509,0.161481767892838,0.253607153892517,3.97292402001523,4959.30632811021,-11482.7388789749,4961.76744823879,-11482.6537782338,4964.22856836736,-11482.5686774926,1,0,0,0
20140118093043.daq,129,1,111.466666666667,1,0,right,2.23896000090609,91.9355400800705,12,-0.000562358015423996,26.5193614959717,27.3551318312248,1.7577999830246,0.161940604448318,0.272590696811676,4.13482612407914,4959.17868894304,-11478.8470573842,4961.63987492895,-11478.7638830719,4964.10106091485,-11478.6807087597,1,0,0,0
20140118093043.daq,129,1,111.566666666667,1,0,right,2.06571465892539,91.9173183441162,12,-0.000551583019797667,26.48366355896,31.2420284697278,0.131834998726845,0.162124484777451,0.310557574033737,4.28521634141989,4959.05235780123,-11474.9618061887,4961.51357011453,-11474.8794146099,4963.97478242784,-11474.797023031,1,0,0,0
20140118093043.daq,129,1,111.666666666667,1,0,right,1.93558387116281,91.9299850463867,12,-0.0005407210231602,26.4480152130127,35.1236929423412,-1.40623986721039,0.162215203046799,0.263098806142807,4.42354909571293,4958.92560943042,-11471.083237442,4961.38680346881,-11471.000301751,4963.84799750719,-11470.91736606,1,0,0,0
20140118093043.daq,129,1,111.766666666667,1,0,right,1.78251190412931,91.9705368280411,12,-0.000529800301655271,26.4124317169189,39.0001332684242,-2.2411949634552,0.161648586392403,0.282082378864288,4.55283066514505,4958.7971624663,-11467.2112722133,4961.25829718952,-11467.1265946034,4963.71943191273,-11467.0419169934,1,0,0,0
20140118093043.daq,129,1,111.866666666667,1,0,right,1.605349611348,92.0178945064545,12,-0.000518845782020583,26.3769607543945,42.871362572685,-2.0654149055481,0.161766096949577,0.253607153892517,4.66970476395462,4958.6648838903,-11463.3443735451,4961.12594778276,-11463.2576617198,4963.58701167522,-11463.1709498945,1,0,0,0
20140118093043.daq,129,1,111.966666666667,1,0,right,1.41484213076841,92.0570437908173,12,-0.000507874987909564,26.3415641784668,46.7373955417411,-1.45018494129181,0.161454528570175,0.301065683364868,4.77286220652852,4958.52871145803,-11459.4831167237,4960.9897155272,-11459.3947233134,4963.45071959636,-11459.3063299031,1,0,0,0
20140118093043.daq,129,1,112.066666666667,1,0,right,1.22611060354592,92.0777297019958,12,-0.000496894934118622,26.306224822998,50.5982417568621,0.219724997878075,0.16154083609581,0.291574031114578,4.86302959454282,4958.39073365945,-11455.6272257459,4960.85170565491,-11455.5379438272,4963.31267765037,-11455.4486619085,1,0,0,0
20140118093043.daq,129,1,112.166666666667,1,0,right,1.07759532017657,92.0359826087952,12,-0.00048590121187255,26.2708950042725,54.4539056706576,4.08688449859619,0.161789745092392,0.263098806142807,4.94187974714712,4958.25362636551,-11451.7735684247,4960.71466276068,-11451.6860796534,4963.17569915584,-11451.598590882,1,0,0,0
20140118093043.daq,129,1,112.266666666667,1,0,right,0.971747646747076,91.9419918060303,12,-0.000474879941265746,26.2355194091797,58.304386140835,5.58101463317871,0.161824882030487,0.244115486741066,5.01214242924974,4958.12165524643,-11447.9234012686,4960.58283185098,-11447.8399498178,4963.04400845553,-11447.756498367,1,0,0,0
20140118093043.daq,129,1,112.366666666667,1,0,right,1.00924127397032,91.827742934227,12,-0.000463813198988776,26.2001285552979,62.1496751480358,5.53706979751587,0.161784365773201,0.291574031114578,5.08135080177224,4957.99775934883,-11444.0766118302,4960.4590974641,-11443.9980681749,4962.92043557936,-11443.9195245196,1,0,0,0
20140118093043.daq,129,1,112.466666666667,1,0,right,1.02304492998248,91.7102108001709,12,-0.000452686267073057,26.1647472381592,65.989774673787,5.71284961700439,0.161933809518814,0.263098806142807,5.15428214294042,4957.88383550105,-11440.233655791,4960.34532955602,-11440.1601612962,4962.80682361099,-11440.0866668014,1,0,0,0
20140118093043.daq,129,1,112.566666666667,1,0,right,1.01809698254704,91.5868097543716,12,-0.00044149261527791,26.1293811798096,69.824685907005,6.32807970046997,0.162322461605072,0.225131943821907,5.22971655460148,4957.78053043889,-11436.3954429886,4960.24217707383,-11436.3272501142,4962.70382370877,-11436.2590572398,1,0,0,0
20140118093043.daq,129,1,112.666666666667,1,0,right,0.993125783667708,91.4545202255249,12,-0.000430234715335656,26.0940723419189,73.6544129972426,6.67963981628418,0.163152992725372,0.244115486741066,5.3050633475674,4957.68705320329,-11432.5618968016,4960.14885072632,-11432.4993877699,4962.61064824935,-11432.4368787382,1,0,0,0
20140118093043.daq,129,1,112.766666666667,1,0,right,0.943221653962411,91.3201521635056,12,-0.000418921792369582,26.0589580535889,77.4789737549381,6.59174966812134,0.163904249668121,0.272590696811676,5.37772511842591,4957.60250024064,-11428.7331980567,4960.06443758784,-11428.6764625133,4962.52637493504,-11428.6197269698,1,0,0,0
20140118093043.daq,129,1,112.866666666667,1,0,right,0.86483565435185,91.18723320961,12,-0.000407566792194473,26.0242176055908,81.2984095823663,6.59174966812134,0.164250105619431,0.234623834490776,5.44523520700194,4957.52616746618,-11424.9094388846,4959.9882298077,-11424.8584148716,4962.45029214922,-11424.8073908586,1,0,0,0
20140118093043.daq,129,1,112.966666666667,1,0,right,0.816366509904128,91.0575443506241,12,-0.000396184471762512,25.9899997711182,85.1127870588607,6.37202453613281,0.164161056280136,0.263098806142807,5.50624366950055,4957.45794534973,-11421.0916410553,4959.9201168768,-11421.0461900404,4962.38228840386,-11421.0007390256,1,0,0,0
20140118093043.daq,129,1,113.066666666667,1,0,right,0.902950136839905,90.9353867769241,12,-0.000384791306267197,25.9563636779785,88.9221886392907,5.88862991333008,0.164373010396957,0.253607153892517,5.57046773737819,4957.39854582515,-11417.2779601742,4959.86080865999,-11417.2377587361,4962.32307149482,-11417.1975572979,1,0,0,0
20140118093043.daq,129,1,113.166666666667,1,0,right,0.923386419987239,90.8319818377495,12,-0.000373406853623366,25.9232807159424,92.7266979907549,4.52633476257324,0.164780855178833,0.253607153892517,5.63774050372094,4957.34630171954,-11413.4696557061,4959.80863309818,-11413.4338981163,4962.27096447681,-11413.3981405264,1,0,0,0
20140118093043.daq,129,1,113.266666666667,1,0,right,0.865177168118109,90.7572501897812,12,-0.000362054681025009,25.890739440918,96.5263950737262,2.94431495666504,0.164211630821228,0.263098806142807,5.70382758522738,4957.3001123739,-11409.6669733479,4959.76248829712,-11409.6344274391,4962.22486422034,-11409.6018815304,0,1,0,1
20140118093043.daq,129,1,113.366666666667,1,0,right,0.732646422621102,90.7112125754356,12,-0.00035076138869289,25.8586578369141,100.32135492983,1.84568989276886,0.164479300379753,0.244115486741066,5.76339696914259,4957.2580205242,-11405.8708832978,4959.72042180342,-11405.840315938,4962.18282308265,-11405.8097485782,0,1,0,1
20140118093043.daq,129,1,113.466666666667,1,0,right,0.534348125849149,90.6793403625488,12,-0.000339553178117386,25.8268947601318,104.111633974328,1.49412989616394,0.164461612701416,0.253607153892517,5.81151195060261,4957.21798813554,-11402.0800368306,4959.68040603764,-11402.0508392478,4962.14282393974,-11402.021641665,0,1,0,1
20140118093043.daq,129,1,113.566666666667,1,0,right,0.285977539963511,90.6534587144852,12,-0.000328451773184903,25.795389175415,107.897273795992,1.40623998641968,0.164619356393814,0.291574031114578,5.84281945863016,4957.17807600297,-11398.2942257343,4959.64050684297,-11398.2661404778,4962.10293768298,-11398.2380552214,0,1,0,1
20140118093043.daq,129,1,113.666666666667,1,0,right,0.118885289188185,90.628698527813,12,-0.0003174722706919,25.7641258239746,111.678310901558,1.31834995746613,0.16411766409874,0.253607153892517,5.85699388236004,4957.13907173747,-11394.5123499358,4959.6015144845,-11394.4853288135,4962.06395723152,-11394.4583076912,0,1,0,1
20140118093043.daq,129,1,113.766666666667,1,0,right,0.11383551665358,90.6056537032127,12,-0.000306624227426556,25.7330684661865,115.454778510756,1.18651497364044,0.164464205503464,0.301065683364868,5.86780234918822,4957.10142704117,-11390.7363774584,4959.56388045714,-11390.7103467526,4962.0263338731,-11390.6843160468,0,1,0,1
20140118093043.daq,129,1,113.866666666667,1,0,right,0.0760564215115096,90.5835497379303,12,-0.000295914532840454,25.7021522521973,119.226701707396,1.14256989955902,0.164316058158875,0.272590696811676,5.87657860286881,4957.06470124198,-11386.9643355224,4959.52716451701,-11386.939254801,4961.98962779203,-11386.9141740795,0,1,0,1
20140118093043.daq,129,1,113.966666666667,1,0,right,0.00538878722417735,90.5627583861351,12,-0.000285350182368281,25.6711826324463,122.994096343704,1.05467998981476,0.163853079080582,0.291574031114578,5.88272638079334,4957.03033627533,-11383.1972099879,4959.49280848946,-11383.1730228407,4961.95528070359,-11383.1488356934,0,1,0,1
20140118093043.daq,129,1,114.066666666667,1,0,right,-0.100862089021675,90.5459700226784,12,-0.000274939800321404,25.6364994049072,126.756730953918,0.57128494977951,0.163933157920837,0.291574031114578,5.88304611615978,4956.99718993475,-11379.4340919232,4959.4596691303,-11379.4106263115,4961.92214832584,-11379.3871606998,0,1,1,1
20140118093043.daq,129,1,114.166666666667,1,0,right,-0.249806420139947,90.5431235432625,12,-0.000264693778294127,25.596981048584,130.513907993625,-0.219724982976913,0.164604932069778,0.272590696811676,5.87480251081926,4956.96465030801,-11375.6771843378,4959.4271306663,-11375.6538410632,4961.88961102459,-11375.6304977885,0,1,1,1
20140118093043.daq,129,1,114.266666666667,1,0,right,-0.44524527663269,90.5528655052185,12,-0.000254623647624231,25.5548820495605,134.265069884214,-0.703119933605194,0.16453891992569,0.282082378864288,5.85505667128214,4956.93182408705,-11371.927429586,4959.39430044071,-11371.9036676179,4961.85677679436,-11371.8799056497,0,1,1,1
20140118093043.daq,129,1,114.366666666667,1,0,right,-0.571470141410828,90.5714701414108,12,-0.000244740875710449,25.5120658874512,138.009990288586,-0.92284494638443,0.16457761824131,0.272590696811676,5.82291984669726,4956.89796416611,-11368.1837576051,4959.36043267415,-11368.1591960422,4961.82290118218,-11368.1346344793,0,1,1,1
20140118093043.daq,129,1,114.466666666667,1,0,right,-0.591768085956573,90.5917680859566,12,-0.000235055278108046,25.4694023132324,141.748624494148,-0.966789960861206,0.164894789457321,0.291574031114578,5.78697841401828,4956.86204707417,-11364.4469646397,4959.32450672636,-11364.4215307096,4961.78696637854,-11364.3960967795,0,1,1,1
20140118093043.daq,129,1,114.566666666667,1,0,right,-0.612582862377167,90.6125828623772,12,-0.000225573751473163,25.4326190948486,145.481362908503,-1.01073491573334,0.166196778416634,0.291574031114578,5.74955279207582,4956.82463352131,-11360.7160445384,4959.2870837712,-11360.6897160319,4961.74953402109,-11360.6633875254,0,1,1,1
20140118093043.daq,129,1,114.666666666667,1,0,right,-0.633859694004059,90.6338596940041,12,-0.000216299732966556,25.4013595581055,149.209148575701,-1.01073491573334,0.175265744328499,0.291574031114578,5.71016330173879,4956.78523861033,-11356.9900193893,4959.24767891332,-11356.9627764519,4961.71011921631,-11356.9355335144,0,1,1,1
20140118093043.daq,129,1,114.766666666667,1,0,right,-0.655249834060669,90.6552498340607,12,-0.000207232874951273,25.373779296875,152.932620083873,-1.01073491573334,0.18023294210434,0.263098806142807,5.66979068177675,4956.74486036722,-11353.2688804043,4959.20729032805,-11353.2407181699,4961.66972028888,-11353.2125559356,0,0,1,0
20140118093043.daq,129,1,114.866666666667,1,0,right,-0.67595112323761,90.6759511232376,12,-0.000198368475234191,25.3513374328613,156.652397697846,-1.01073491573334,0.180991098284721,0.282082378864288,5.62791121140966,4956.70305984502,-11349.5516307241,4959.16547946995,-11349.5225788017,4961.62789909488,-11349.4935268794,0,0,1,0
20140118093043.daq,129,1,114.966666666667,1,0,right,-0.695975542068481,90.6959755420685,12,-0.000189696983325806,25.3350219726563,160.369337111264,-1.01073491573334,0.181471645832062,0.272590696811676,5.58514746491742,4956.66032456959,-11345.8363174812,4959.12273389072,-11345.8064049646,4961.58514321185,-11345.776492448,0,0,1,0
20140118093043.daq,129,1,115.066666666667,1,0,right,-0.717129170894623,90.7171291708946,12,-0.00018120520930253,25.3238067626953,164.084274295738,-1.05467987060547,0.181532576680183,0.282082378864288,5.54092383105045,4956.61605520405,-11342.1239629878,4959.07845331364,-11342.0931413506,4961.54085142323,-11342.0623197133,0,0,1,0
20140118093043.daq,129,1,115.166666666667,1,0,right,-0.738917648792267,90.7389176487923,12,-0.000172879233713219,25.3164157867432,167.797860381308,-1.05467987060547,0.181634604930878,0.310557574033737,5.49555967645403,4956.57077044981,-11338.4116250864,4959.03315666048,-11338.379867049,4961.49554287114,-11338.3481090116,0,0,1,0
20140118093043.daq,129,1,115.266666666667,1,0,right,-0.760274589061737,90.7602745890617,12,-0.000164707447648433,25.3117904663086,171.510576366361,-1.05467987060547,0.181552529335022,0.310557574033737,5.44831649997396,4956.52355930332,-11334.7012298572,4958.98593350515,-11334.6685539702,4961.44830770698,-11334.6358780832,0,0,1,0
20140118093043.daq,129,1,115.366666666667,1,0,right,-0.781486570835114,90.7814865708351,12,-0.000156682436660696,25.3091068267822,175.222764985273,-1.05467987060547,0.181704208254814,0.310557574033737,5.40018866946559,4956.47538070441,-11330.9908314316,4958.93774264026,-11330.9572439293,4961.40010457611,-11330.9236564271,0,0,1,0
20140118093043.daq,129,1,115.466666666667,1,0,right,-0.803510725498199,90.8035107254982,12,-0.000148801733640392,25.3077526092529,178.93466334533,-1.05467987060547,0.182292357087135,0.206148609519005,5.35038840899425,4956.42568756031,-11327.2814307195,4958.8880364034,-11327.2468967026,4961.3503852465,-11327.2123626856,0,0,1,0
20140118093043.daq,129,1,115.566666666667,1,0,right,-0.825533270835876,90.8255332708359,12,-0.000141068026730264,25.3073768615723,182.646437754995,-1.05467987060547,0.182868465781212,0.272590696811676,5.29922964988359,4956.37452988677,-11323.5710539241,4958.83686527427,-11323.5355734667,4961.29920066178,-11323.5000930093,0,0,1,0
20140118093043.daq,129,1,115.666666666667,1,0,right,-0.846674621105194,90.8466746211052,12,-0.00013348904808535,25.3078708648682,186.358220557012,-1.05467987060547,0.184089481830597,0.253607153892517,5.24664965178189,4956.32196170978,-11319.8616317447,4958.78428383786,-11319.8252427221,4961.24660596595,-11319.7888536994,0,0,1,0
20140118093043.daq,129,1,115.766666666667,1,0,right,-0.868742108345032,90.868742108345,12,-0.000126076131542828,25.3093357086182,190.070144606994,-1.05467987060547,0.184869989752769,0.339032560586929,5.19248823297321,4956.26787201154,-11316.1512571152,4958.73017994175,-11316.1139197312,4961.19248787197,-11316.0765823471,0,0,1,0
20140118093043.daq,129,1,115.866666666667,1,0,right,-0.890223562717438,90.8902235627174,12,-0.000118841009486306,25.3119869232178,193.782368450477,-1.05467987060547,0.185683354735374,0.320049256086349,5.13749186559745,4956.21284195163,-11312.4408680393,4958.67513571017,-11312.4026074842,4961.13742946871,-11312.3643469291,0,0,1,0
20140118093043.daq,129,1,115.966666666667,1,0,right,-0.912039756774902,90.9120397567749,12,-0.000111792290091227,25.3159141540527,197.495074411332,-1.05467987060547,0.186353906989098,0.272590696811676,5.08041750801627,4956.15583842173,-11308.7304880155,4958.61811743353,-11308.6912899093,4961.08039644532,-11308.6520918032,0,0,1,0
20140118093043.daq,129,1,116.066666666667,1,0,right,-0.933581411838531,90.9335814118385,12,-0.000104933283549308,25.3211421966553,201.208451247565,-1.05467987060547,0.190846025943756,0.187165051698685,5.02240961847499,4956.09787539381,-11305.0191249141,4958.56013949415,-11304.9790010609,4961.02240359449,-11304.9388772076,0,0,1,0
20140118093043.daq,129,1,116.166666666667,1,0,right,-0.951164841651917,90.9511648416519,12,0.0001,25.3279666900635,204.922703243037,-0.395504981279373,0.19762547314167,0.282082378864288,4.96279311233255,4956.03820238273,-11301.3066843811,4958.50045405356,-11301.2658048886,4960.9627057244,-11301.2249253961,0,0,1,0
20140118093043.daq,129,1,116.266666666667,1,0,right,-0.929589509963989,90.929589509964,12,0.0001,25.3379383087158,208.638160753402,2.72458982467651,0.19963139295578,0.282082378864288,4.90450205086442,4955.97995637125,-11297.592264965,4958.44222326112,-11297.5523126623,4960.90449015099,-11297.5123603596,0,0,1,0
20140118093043.daq,129,1,116.366666666667,1,0,right,-0.871456682682037,90.871456682682,12,0.0001,25.3524131774902,212.355409821335,3.69137978553772,0.200446471571922,0.301065683364868,4.84858134861352,4955.92395530497,-11293.8739826413,4958.38626146344,-11293.8365285975,4960.84856762191,-11293.7990745536,0,0,1,0
20140118093043.daq,129,1,116.466666666667,1,0,right,-0.806799054145813,90.8067990541458,12,0.0001,25.3709316253662,216.075086330766,2.94431495666504,0.20136284828186,0.272590696811676,4.79657074423254,4955.87177458603,-11290.1526081589,4958.33412144309,-11290.1179328225,4960.79646830015,-11290.0832574861,0,0,1,0
20140118093043.daq,129,1,116.566666666667,1,0,right,-0.764721214771271,90.7647212147713,12,0.0001,25.392749786377,219.797729723501,1.40623998641968,0.202291175723076,0.253607153892517,4.74883906216364,4955.82406726593,-11286.4288818848,4958.28643892443,-11286.3960148973,4960.74881058293,-11286.3631479098,0,0,1,0
20140118093043.daq,129,1,116.666666666667,1,0,right,-0.74814909696579,90.7481490969658,12,0.0001,25.4172515869141,223.523775725846,0.527339994907379,0.202955260872841,0.244115486741066,4.70492916916604,4955.78016394953,-11282.7028750456,4958.24254501141,-11282.670720271,4960.70492607329,-11282.6385654964,0,0,1,0
20140118093043.daq,129,1,116.766666666667,1,0,right,-0.742233097553253,90.7422330975533,12,0.0001,25.4439678192139,227.253583204144,0.219724997878075,0.202707007527351,0.301065683364868,4.66183942590057,4955.73707055803,-11278.9732326739,4958.19945492688,-11278.9413321493,4960.66183929573,-11278.9094316247,0,0,1,0
20140118093043.daq,129,1,116.866666666667,1,0,right,-0.742467880249023,90.742467880249,12,0.0001,25.4724407196045,230.987443699414,0,0.203162029385567,0.291574031114578,4.61836876702472,4955.69359909505,-11275.2398401959,4958.15598333316,-11275.2079295811,4960.61836757127,-11275.1760189664,0,0,1,0
20140118093043.daq,129,1,116.966666666667,1,0,right,-0.747723639011383,90.7477236390114,12,0.0001,25.5021877288818,234.725578606594,-0.307614982128143,0.203818425536156,0.282082378864288,4.57262867833726,4955.64786588196,-11271.5026689312,4958.11024718254,-11271.4705324413,4960.57262848312,-11271.4383959515,0,0,1,0
20140118093043.daq,129,1,117.066666666667,1,0,right,-0.760661482810974,90.760661482811,12,0.0001,25.5329093933105,238.468150667396,-0.703119933605194,0.204483851790428,0.272590696811676,4.52494642899696,4955.60019568093,-11267.7617865602,4958.06256966206,-11267.7290940459,4960.52494364318,-11267.6964015315,0,0,1,0
20140118093043.daq,129,1,117.166666666667,1,0,right,-0.78172779083252,90.7817277908325,12,0.0001,25.5644378662109,242.215288751064,-1.05467987060547,0.204758569598198,0.282082378864288,4.47580441194102,4955.55104947494,-11264.0162281897,4958.01341126936,-11263.9826303207,4960.47577306379,-11263.9490324516,0,0,1,0
20140118093043.daq,129,1,117.266666666667,1,0,right,-0.806224048137665,90.8062240481377,12,0.0001,25.5968132019043,245.967110979966,-1.14256989955902,0.207018792629242,0.253607153892517,4.42502226979488,4955.50022788313,-11260.2658747739,4957.96257508806,-11260.231224149,4960.42492229298,-11260.1965735241,0,0,1,0
20140118093043.daq,129,1,117.366666666667,1,0,right,-0.831309974193573,90.8313099741936,12,0.0001,25.6303119659424,249.723758928438,-1.14256989955902,0.212576627731323,0.244115486741066,4.37355488198268,4955.44888205381,-11256.5116307753,4957.91121385158,-11256.4759020593,4960.37354564934,-11256.4401733433,0,0,1,0
20140118093043.daq,129,1,117.466666666667,1,0,right,-0.85534793138504,90.855347931385,12,0.0001,25.6657848358154,253.485448746193,-1.14256989955902,0.215238213539124,0.291574031114578,4.31982836087374,4955.39515946225,-11252.7515013481,4957.85747605364,-11252.714739585,4960.31979264502,-11252.6779778218,0,0,1,0
20140118093043.daq,129,1,117.566666666667,1,0,right,-0.880262970924377,90.8802629709244,12,0.0001,25.7048282623291,257.252584175351,-1.23045992851257,0.216000482439995,0.225131943821907,4.26454302275109,4955.33991842486,-11248.9865121202,4957.8022187976,-11248.9486796235,4960.26451917035,-11248.9108471267,0,0,1,0
20140118093043.daq,129,1,117.666666666667,1,0,right,-0.905243039131165,90.9052430391312,12,0.0001,25.7484550476074,261.025777741125,-1.18651497364044,0.216695010662079,0.263098806142807,4.20735116571383,4955.28272054656,-11245.2156658446,4957.74500419091,-11245.1767598268,4960.20728783526,-11245.1378538091,0,0,1,0
20140118093043.daq,129,1,117.766666666667,1,0,right,-0.930510401725769,90.9305104017258,12,0.0001,25.7965393066406,264.805702836599,-1.18651497364044,0.21670138835907,0.272590696811676,4.14808657859786,4955.22355218611,-11241.4379916504,4957.68581843352,-11241.3979997727,4960.14808468094,-11241.3580078949,0,0,1,0
20140118093043.daq,129,1,117.866666666667,1,0,right,-0.955693900585175,90.9556939005852,12,0.0001,25.8483791351318,268.592966089025,-1.14256989955902,0.217179179191589,0.433949887752533,4.08742787459998,4955.162924414,-11237.6525034924,4957.62517284574,-11237.6114293664,4960.08742127748,-11237.5703552404,0,0,1,0
20140118093043.daq,129,1,117.966666666667,1,0,right,-0.980456352233887,90.9804563522339,12,0.0001,25.9031543731689,272.388056306347,-1.14256989955902,0.217333197593689,0.272590696811676,4.02484797196614,4955.10036963683,-11233.8601692811,4957.56260008694,-11233.8180310089,4960.02483053705,-11233.7758927368,0,0,1,0
20140118093043.daq,129,1,118.066666666667,1,0,right,-1.00548255443573,91.0054825544357,12,0.0001,25.9600257873535,276.191346761777,-1.14256989955902,0.217242434620857,0.253607153892517,3.96076491801648,4955.03633410885,-11230.0590534332,4957.49854591852,-11230.0158396884,4959.9607577282,-11229.9726259435,0,0,1,0
20140118093043.daq,129,1,118.166666666667,1,0,right,-1.02977335453033,91.0297733545303,12,0.0001,26.0180339813232,280.003070366427,-1.14256989955902,0.217227399349213,0.272590696811676,3.89478125916343,4954.97039084611,-11226.2491302999,4957.43258411384,-11226.2048726933,4959.89477738158,-11226.1606150868,0,0,1,0
20140118093043.daq,129,1,118.266666666667,1,0,right,-1.05439329147339,91.0543932914734,12,0.0001,26.0765857696533,283.823347340752,-1.18651497364044,0.217542231082916,0.225131943821907,3.82740855261458,4954.90296281843,-11222.4304272003,4957.36513684141,-11222.3851115959,4959.82731086439,-11222.3397959916,0,0,1,0
20140118093043.daq,129,1,118.366666666667,1,0,right,-1.08514678478241,91.0851467847824,12,0.0001,26.1353511810303,287.652230113648,-1.66990995407104,0.217254772782326,0.253607153892517,3.75702095437203,4954.83271756627,-11218.6040701707,4957.29486691144,-11218.5574330017,4959.7570162566,-11218.5107958328,0,0,1,0
20140118093043.daq,129,1,118.466666666667,1,0,right,-1.12788188457489,91.1278818845749,12,0.0001,26.194128036499,291.489734770458,-2.59275484085083,0.217872962355614,0.282082378864288,3.68462105342488,4954.76027343567,-11214.7692340927,4957.22238731079,-11214.720760498,4959.6845011859,-11214.6722869033,0,0,1,0
20140118093043.daq,129,1,118.566666666667,1,0,right,-1.1893390417099,91.1893390417099,12,0.0001,26.2528209686279,295.335854084433,-3.33981990814209,0.218203291296959,0.282082378864288,3.60792294005445,4954.68375328768,-11210.9270714679,4957.14581375221,-11210.875956965,4959.60787421675,-11210.8248424621,0,0,1,0
20140118093043.daq,129,1,118.666666666667,1,0,right,-1.25581502914429,91.2558150291443,12,0.0001,26.3114833831787,299.190578171247,-3.25192975997925,0.217744752764702,0.253607153892517,3.5275324485533,4954.60350952448,-11207.0762539588,4957.0655090276,-11207.0222829472,4959.52750853071,-11206.9683119357,0,0,1,0
20140118093043.daq,129,1,118.766666666667,1,0,right,-1.32337653636932,91.3233765363693,12,0.0001,26.3701667785645,303.053908452937,-3.29587483406067,0.217987313866615,0.320049256086349,3.4412478026945,4954.5173419438,-11203.2166803388,4956.97927609425,-11203.1598062476,4959.44121024471,-11203.1029321565,0,0,1,0
20140118093043.daq,129,1,118.866666666667,1,0,right,-1.39116823673248,91.3911682367325,12,0.0001,26.4287490844727,306.925839707595,-3.29587483406067,0.218096613883972,0.253607153892517,3.3496302283038,4954.42579125855,-11199.3493050979,4956.88765639298,-11199.2895181153,4959.34952152742,-11199.2297311328,0,0,1,0
20140118093043.daq,129,1,118.966666666667,1,0,right,-1.45885479450226,91.4588547945023,12,0.0001,26.4871788024902,310.806351910133,-3.29587483406067,0.217784345149994,0.263098806142807,3.25299445106285,4954.32936628155,-11195.473142952,4956.79115906857,-11195.4104476793,4959.25295185559,-11195.3477524067,0,0,1,0
20140118093043.daq,129,1,119.066666666667,1,0,right,-1.52615678310394,91.5261567831039,12,0.0001,26.5454006195068,314.695419627061,-3.29587483406067,0.218258067965508,0.291574031114578,3.15202582751397,4954.22857236737,-11191.5891631114,4956.69028981158,-11191.5235761592,4959.1520072558,-11191.457989207,0,0,1,0
20140118093043.daq,129,1,119.166666666667,1,0,right,-1.59419417381287,91.5941941738129,12,0.0001,26.6033554077148,318.593007493933,-3.29587483406067,0.217952415347099,0.291574031114578,3.04567821973649,4954.12236451078,-11187.6954418138,4956.58400233641,-11187.6269316769,4959.04564016204,-11187.5584215401,0,0,1,0
20140118093043.daq,129,1,119.266666666667,1,0,right,-1.66119241714478,91.6611924171448,12,0.0001,26.660982131958,322.49907159077,-3.25192975997925,0.218211844563484,0.272590696811676,2.93556943381187,4954.01231597188,-11183.7948621156,4956.47387200292,-11183.7234735348,4958.93542803396,-11183.6520849541,0,0,1,0
20140118093043.daq,129,1,119.366666666667,1,0,right,-1.72726190090179,91.7272619009018,12,0.0001,26.7183456420898,326.413566925233,-3.12009477615356,0.218873277306557,0.272590696811676,2.82044663151431,4953.89744336158,-11179.885473585,4956.35891543575,-11179.8112465581,4958.82038750992,-11179.7370195313,0,0,1,0
20140118093043.daq,129,1,119.466666666667,1,0,right,-1.79086399078369,91.7908639907837,12,0.0001,26.7755737304688,330.336464706891,-2.90036988258362,0.161967515945435,0.291574031114578,2.70017797394474,4953.77735216554,-11175.9672352429,4956.23874032627,-11175.8902758662,4958.700128487,-11175.8133164895,0,0,1,0
20140118093043.daq,129,1,119.566666666667,1,0,right,-1.83854734897614,91.8385473489761,12,0.0001,26.8297748565674,334.267634574524,-1.18651497364044,0.0997625589370728,0.215640276670456,2.57706163049449,4953.65432712212,-11172.0407658602,4956.11565038244,-11171.9617580653,4958.57697364275,-11171.8827502705,0,0,1,0
20140118093043.daq,129,3,289.833333333333,1,0,left,-2.85161540724934,92.9119765758514,12,0.00109557458661642,33.4910316467285,0,-7.47064971923828,0.264290630817413,0.244115486741066,-3.40771534250945,4952.54178600456,-5757.6675377629,4955.00119720628,-5757.54243394898,4957.46060840801,-5757.41733013505,1,0,0,0
20140118093043.daq,129,3,289.933333333333,1,0,left,-3.04462901042402,93.1076533794403,12,0.00111150464024062,33.5745429992676,4.91815630224846,-7.86615467071533,0.264545530080795,0.225131943821907,-3.63525827959985,4952.28875305629,-5752.76428522184,4954.74772266094,-5752.63078276164,4957.20669226558,-5752.49728030144,1,0,0,0
20140118093043.daq,129,3,290.033333333333,1,0,left,-1.78111570995627,93.3070344924927,12,0.00112730015497074,33.657787322998,9.84854119538613,-7.86615467071533,0.2648024559021,0.225131943821907,-3.83494105829684,4952.01842564209,-5747.84994666903,4954.4769157899,-5747.7078881721,4956.93540593771,-5747.56582967517,1,0,0,0
20140118093043.daq,129,3,290.133333333333,1,0,left,-1.07509182050433,93.5097899436951,12,0.00114300558488013,33.7407760620117,14.7911169604467,-8.0419340133667,0.264475256204605,0.263098806142807,-3.94828862918486,4951.72984828282,-5742.92402674295,4954.18782032863,-5742.77326917115,4956.64579237444,-5742.62251159936,1,0,0,0
20140118093043.daq,129,3,290.233333333333,1,0,left,-0.972479119010956,93.728034734726,12,0.00115866043618015,33.8234481811523,19.7458425681525,-9.09661483764648,0.265008419752121,0.244115486741066,-4.02663819319057,4951.42278272502,-5737.98833818281,4953.88016269149,-5737.82821909016,4956.33754265796,-5737.66809999751,1,0,0,0
20140118093043.daq,129,3,290.333333333333,1,0,left,-0.884011575299652,93.9711775779724,12,0.00117427328540432,33.9056739807129,24.7126616032383,-10.2831296920776,0.264416575431824,0.272590696811676,-4.1121165720168,4951.09569363957,-5733.04218594699,4953.55237199295,-5732.87164008369,4956.00905034632,-5732.70109422038,1,0,0,0
20140118093043.daq,129,3,290.433333333333,1,0,left,-0.332596841792551,94.238573551178,12,0.00118977507479948,33.9874458312988,29.6915074863718,-11.0741395950317,0.265147864818573,0.253607153892517,-4.15648930098433,4950.74618754732,-5728.08654673216,4953.20204322266,-5727.90453759693,4955.65789889801,-5727.7225284617,1,0,0,0
20140118093043.daq,129,3,290.533333333333,1,0,left,-0.0643015013381643,94.534782409668,12,0.00120495050030416,34.0687294006348,34.6823114468789,-12.2167091369629,0.264935940504074,0.263098806142807,-4.16441581285041,4950.3720494875,-5723.12206299443,4952.8269313938,-5722.9273600166,4955.28181330009,-5722.73265703877,1,0,0,0
20140118093043.daq,129,3,290.633333333333,1,0,left,-0.0754948007494818,94.860378742218,12,0.00121936085003876,34.1494483947754,39.6849959021201,-13.403223991394,0.264581441879272,0.263098806142807,-4.16127446470578,4949.97081741874,-5718.14926655532,4952.42455324879,-5717.94061637014,4954.87828907884,-5717.73196618496,1,0,0,0
20140118093043.daq,129,3,290.733333333333,1,0,left,0.298274207197665,95.2132873535156,12,0.00123229469239868,34.229606628418,44.6994775346793,-14.4139595031738,0.2647545337677,0.282082378864288,-4.14486146869673,4949.53970016182,-5713.16812448475,4951.99210429116,-5712.94436477031,4954.44450842051,-5712.72060505588,1,0,0,0
20140118093043.daq,129,3,290.833333333333,1,0,left,0.557592081131347,95.6050391197205,12,0.0012428209053012,34.3091201782227,49.7256717682867,-16.3914833068848,0.265022277832031,0.272590696811676,-4.0969592341528,4949.07559075168,-5708.17950628447,4951.52640764356,-5707.93898396557,4953.97722453545,-5707.69846164668,1,0,0,0
20140118093043.daq,129,3,290.933333333333,1,0,left,0.59153855765652,96.0554828643799,12,0.0012500838117649,34.3876266479492,54.7634583591735,-19.1160736083984,0.26452448964119,0.310557574033737,-4.03612678956713,4948.57441645539,-5703.18504955509,4951.02326670796,-5702.92526721563,4953.47211696054,-5702.66548487617,1,0,0,0
20140118093043.daq,129,3,291.033333333333,1,0,left,0.597594892645603,96.5670924186707,12,0.00125401395612097,34.4650077819824,59.8126761275362,-21.049654006958,0.264884352684021,0.272590696811676,-3.97750128580963,4948.03168206229,-5698.18637779633,4950.47811505365,-5697.90473965579,4952.92454804501,-5697.62310151525,1,0,0,0
20140118093043.daq,129,3,291.133333333333,1,0,left,0.716602533373276,97.135064125061,12,0.00125623365141338,34.5413932800293,64.8731702810855,-23.3347930908203,0.264989763498306,0.301065683364868,-3.90660973536058,4947.44234994579,-5693.18392012825,4949.8858709097,-5692.87804479031,4952.32939187361,-5692.57216945238,1,0,0,0
20140118093043.daq,129,3,291.233333333333,1,0,left,0.642510037266405,97.7737898826599,12,0.00125863022363747,34.6163215637207,69.9447675177307,-26.4548892974854,0.265081703662872,0.291574031114578,-3.83319447626295,4946.7997839717,-5688.17921997924,4949.23974331585,-5687.84612416372,4951.67970266,-5687.51302834821,1,0,0,0
20140118093043.daq,129,3,291.333333333333,1,0,left,0.381430758244107,98.4780597686768,12,0.00126186158183655,34.6896705627441,75.0272336908201,-28.2126884460449,0.265889793634415,0.282082378864288,-3.77265632543329,4946.09948219376,-5683.17467940404,4948.53516296119,-5682.8116179456,4950.97084372862,-5682.44855648716,1,0,0,0
20140118093043.daq,129,3,291.433333333333,1,0,left,0.337448529429309,99.2103128433228,12,0.00126579812433328,34.7623481750488,80.1203959178838,-28.2126884460449,0.265858948230743,0.244115486741066,-3.72486958305545,4945.3368376484,-5678.17012713583,4947.76767962196,-5677.77596762118,4950.19852159553,-5677.38180810652,1,0,0,0
20140118093043.daq,129,3,291.533333333333,1,0,left,0.205751944746297,99.9521236419678,12,0.00126999435102914,34.8347625732422,85.224198762764,-28.2566337585449,0.26597535610199,0.282082378864288,-3.68403406651101,4944.50805366865,-5673.16644231381,4946.93358885229,-5672.74084450325,4949.35912403593,-5672.31524669268,1,0,0,0
20140118093043.daq,129,3,291.633333333333,1,0,left,-0.0144455611699925,100.694293022156,12,0.0012739762846894,34.9069671630859,90.338605672101,-28.3005790710449,0.267337918281555,0.282082378864288,-3.65897178685539,4943.61269014562,-5668.16331398868,4946.03250910265,-5667.70633407814,4948.45232805968,-5667.2493541676,1,0,0,0
20140118093043.daq,129,3,291.733333333333,1,0,left,-0.191373203453992,101.429977416992,12,0.00127737611373032,34.9791297912598,95.4635937067997,-27.2458992004395,0.269922971725464,0.272590696811676,-3.65479150549684,4942.65064744654,-5663.16195466516,4945.06439941693,-5662.67394252511,4947.47815138733,-5662.18593038507,1,0,0,0
20140118093043.daq,129,3,291.833333333333,1,0,left,-0.240605855426239,102.128342628479,12,0.00127996617525869,35.0522918701172,100.599226881859,-25.3562641143799,0.270813405513763,0.272590696811676,-3.65677988040955,4941.62411485751,-5658.16120411509,4944.0317394076,-5657.64380828092,4946.43936395769,-5657.12641244675,1,0,0,0
20140118093043.daq,129,3,291.933333333333,1,0,left,-0.347516468601171,102.803809165955,12,0.00128163981878456,35.1265068054199,105.745675562053,-25.0486488342285,0.270918846130371,0.263098806142807,-3.66711549162875,4940.5342108116,-5653.16201418402,4942.93556855617,-5652.61627119872,4945.33692630075,-5652.07052821342,1,0,0,0
20140118093043.daq,129,3,292.033333333333,1,0,left,-0.512122395283598,103.466866493225,12,0.00128237268047748,35.2013778686523,110.903057706559,-25.0925941467285,0.271378099918365,0.272590696811676,-3.69012559383055,4939.38326960344,-5648.1642501987,4941.77815106264,-5647.59075458426,4944.17303252185,-5647.01725896982,1,0,0,0
20140118093043.daq,129,3,292.133333333333,1,0,left,-0.506629467405986,104.129564285278,12,0.00128218449541922,35.2768211364746,116.071465071775,-25.0047035217285,0.271312803030014,0.263098806142807,-3.71965193711455,4938.17209478092,-5643.16933079797,4940.5601829997,-5642.56817434352,4942.94827121849,-5641.96701788907,1,0,0,0
20140118093043.daq,129,3,292.233333333333,1,0,left,-0.571127002976411,104.793439865112,12,0.00128111086367643,35.3526077270508,121.250965729008,-25.0047035217285,0.271250754594803,0.272590696811676,-3.75074542939153,4936.90158502879,-5638.17780096045,4939.28254761126,-5637.54901514294,4941.66351019373,-5636.92022932542,1,0,0,0
20140118093043.daq,129,3,292.333333333333,1,0,left,-0.696822875225877,105.459439277649,12,0.00127918659132294,35.428524017334,126.44159334092,-25.1365394592285,0.271612107753754,0.310557574033737,-3.79042106225788,4935.57023175145,-5633.19018566703,4937.94372471636,-5632.53376692191,4940.31721768127,-5631.87734817679,1,0,0,0
20140118093043.daq,129,3,292.433333333333,1,0,left,-0.773114940572469,106.136489868164,12,0.00127643864432069,35.5042991638184,131.643350098844,-25.7078247070313,0.271768808364868,0.282082378864288,-3.84088741040321,4934.1785503167,-5628.20831422412,4936.5441210076,-5627.5238949595,4938.9096916985,-5626.83947569488,1,0,0,0
20140118093043.daq,129,3,292.533333333333,1,0,left,-0.828962447585965,106.822601318359,12,0.00127288518113207,35.579761505127,136.856195672863,-25.8396587371826,0.271503984928131,0.263098806142807,-3.89473794207852,4932.72471200758,-5623.23260932299,4935.08191743207,-5622.51991232553,4937.43912285656,-5621.80721532807,1,0,0,0
20140118093043.daq,129,3,292.633333333333,1,0,left,-0.947979944711861,107.512285232544,12,0.00126853766690405,35.6550445556641,142.080095514457,-25.7517681121826,0.272223919630051,0.282082378864288,-3.95637001909526,4931.20901815642,-5618.26480631997,4933.55747410034,-5617.52378735737,4935.90593004425,-5616.78276839478,1,0,0,0
20140118093043.daq,129,3,292.733333333333,1,0,left,-1.07743517228543,108.202411651611,12,0.00126340383244767,35.730110168457,147.315021555867,-25.7517681121826,0.272739857435226,0.253607153892517,-4.03069302221082,4929.63066244663,-5613.30477420714,4931.97002269237,-5612.53552258114,4934.30938293811,-5611.76627095515,1,0,0,0
20140118093043.daq,129,3,292.833333333333,1,0,left,-1.12394786941819,108.892641067505,12,0.00125749016412953,35.8049964904785,152.560943118382,-25.6638793945313,0.272304713726044,0.348524451255798,-4.11150766347288,4927.98917955407,-5608.35347143686,4930.31910327445,-5607.55609456195,4932.64902699483,-5606.75871768703,1,0,0,0
20140118093043.daq,129,3,292.933333333333,1,0,left,-1.22079171371708,109.582092285156,12,0.00125080353287309,35.8797378540039,157.817837029783,-25.6199340820313,0.272543013095856,0.263098806142807,-4.19845069978759,4926.28510704521,-5603.41183179631,4928.60526732487,-5602.58647690287,4930.92542760453,-5601.76112200942,1,0,0,0
20140118093043.daq,129,3,293.033333333333,1,0,left,-1.36742975773377,110.271249771118,12,0.00124335224079884,35.9543609619141,163.085684593771,-25.5759887695313,0.272744059562683,0.282082378864288,-4.29627928731878,4924.51842475606,-5598.48084763141,4926.82849001909,-5597.62764607026,4929.13855528213,-5596.77444450912,1,0,0,0
20140118093043.daq,129,3,293.133333333333,1,0,left,-1.40770238355968,110.961263656616,12,0.00123514722360487,36.0287780761719,168.364463477363,-25.5759887695313,0.272841334342957,0.272590696811676,-4.40315897248009,4922.68908092375,-5593.56105412015,4924.98870379945,-5592.6800949537,4927.28832667516,-5591.79913578724,1,0,0,0
20140118093043.daq,129,3,293.233333333333,1,0,left,-1.48619765824179,111.647964477539,12,0.00122620356363845,36.1029815673828,173.654139551656,-25.1365394592285,0.271712988615036,0.263098806142807,-4.51482350056974,4920.79679522074,-5588.65274625922,4923.08569472352,-5587.74428960666,4925.3745942263,-5586.83583295409,1,0,0,0
20140118093043.daq,129,3,293.333333333333,1,0,left,-1.58198246454717,112.316373825073,12,0.00121654153841502,36.1772193908691,178.954697197543,-23.950023651123,0.272238969802856,0.310557574033737,-4.63448812103228,4918.84277163109,-5583.75717470606,4921.12091761868,-5582.8220783032,4923.39906360628,-5581.88698190035,1,0,0,0
20140118093043.daq,129,3,293.433333333333,1,0,left,-1.61067410626848,112.954959869385,12,0.0012061867143606,36.2516822814941,184.266159633877,-22.5437831878662,0.27346459031105,0.282082378864288,-4.76185637981437,4916.82850722352,-5578.87278890758,4919.09608988144,-5577.91236019448,4921.36367253936,-5576.95193148139,1,0,0,0
20140118093043.daq,129,3,293.533333333333,1,0,left,-1.59485600977104,113.567811965942,12,0.00119516852004073,36.3263282775879,189.588557399491,-21.9285545349121,0.273278295993805,0.263098806142807,-4.88979697396115,4914.75523286599,-5574.00021918875,4917.01241298227,-5573.01559116452,4919.26959309855,-5572.03096314028,1,0,0,0
20140118093043.daq,129,3,293.633333333333,1,0,left,-1.60570624180487,114.168083190918,12,0.00118351759450119,36.4010238647461,194.921908724446,-21.8846092224121,0.272901892662048,0.291574031114578,-5.01821966578424,4912.62523355357,-5569.1390745283,4914.87197432246,-5568.13085315339,4917.11871509135,-5567.12263177848,1,0,0,0
20140118093043.daq,129,3,293.733333333333,1,0,left,-1.61766420374353,114.764942169189,12,0.00117126309070284,36.4756660461426,200.266212816128,-21.8846092224121,0.273566335439682,0.282082378864288,-5.14893597094434,4910.44002664623,-5564.29026363543,4912.67614290361,-5563.25869274261,4914.91225916098,-5562.22712184978,1,0,0,0
20140118093043.daq,129,3,293.833333333333,1,0,left,-1.56380114864255,115.358688354492,12,0.00115843132281885,36.5501594543457,205.621453122954,-21.4891033172607,0.273296505212784,0.282082378864288,-5.27624598939697,4908.20057300691,-5559.45428135014,4910.42587940096,-5558.39959377744,4912.65118579502,-5557.34490620474,1,0,0,0
20140118093043.daq,129,3,293.933333333333,1,0,left,-1.54275849111957,115.938863754272,12,0.00114504614769203,36.6246376037598,210.987617382758,-20.6541481018066,0.273314476013184,0.291574031114578,-5.40026141925457,4905.90685118597,-5554.63109454344,4908.12136394155,-5553.55392803877,4910.33587669714,-5552.4767615341,1,0,0,0
20140118093043.daq,129,3,294.033333333333,1,0,left,-1.52992063567237,116.502815246582,12,0.00113113018898002,36.6990776062012,216.364702984591,-20.1707534790039,0.273576349020004,0.234623834490776,-5.52288853710922,4903.55993787093,-5549.82055019542,4905.76374118093,-5548.72163919161,4907.96754449092,-5547.62272818781,1,0,0,0
20140118093043.daq,129,3,294.133333333333,1,0,left,-1.43684721022464,117.06109046936,12,0.00111670551128691,36.7733421325684,221.752696593934,-20.1707534790039,0.27315279841423,0.291574031114578,-5.64117286027514,4901.16081421355,-5545.02315164432,4903.35380557478,-5543.90281985729,4905.546796936,-5542.78248807026,1,0,0,0
20140118093043.daq,129,3,294.233333333333,1,0,left,-1.37399017706259,117.618118286133,12,0.00110179361148453,36.847282409668,227.151558720107,-20.3025894165039,0.273289799690247,0.282082378864288,-5.75235699341098,4898.71025883218,-5540.23960055163,4900.89225489727,-5539.0980018501,4903.07425096236,-5537.95640314856,0,1,0,1
20140118093043.daq,129,3,294.333333333333,1,0,left,-1.34435936922004,118.177982330322,12,0.00108641511293273,36.9209365844727,232.561244137651,-20.2586441040039,0.272480070590973,0.253607153892517,-5.8594385724927,4896.20809716453,-5535.47058861474,4898.37883413915,-5534.3077234418,4900.54957111377,-5533.14485826886,0,1,0,1
20140118093043.daq,129,3,294.433333333333,1,0,left,-1.27126807435025,118.735683441162,12,0.00107058968229936,36.9943084716797,237.98171111792,-20.0828647613525,0.273443579673767,0.291574031114578,-5.96185471653881,4893.65503577342,-5530.71634870214,4895.81435108929,-5529.53240960316,4897.97366640516,-5528.34847050419,0,1,0,1
20140118093043.daq,129,3,294.533333333333,1,0,left,-1.18331748658228,119.284158706665,12,0.00105433637169868,37.0674438476563,243.412919750614,-19.4676342010498,0.273612916469574,0.282082378864288,-6.05590744302911,4891.05136938782,-5525.97748704349,4893.19925244849,-5524.77293202975,4895.34713550916,-5523.56837701601,0,1,0,1
20140118093043.daq,129,3,294.633333333333,1,0,left,-1.12145490752555,119.821695327759,12,0.00103767429129322,37.140453338623,248.854845744529,-18.9402942657471,0.272910177707672,0.282082378864288,-6.1430982262435,4888.39715737007,-5521.25341244469,4890.53364519635,-5520.02875976266,4892.67013302263,-5518.80410708063,0,1,0,1
20140118093043.daq,129,3,294.733333333333,1,0,left,-1.02151401627805,120.348861694336,12,0.0010206232368636,37.2133255004883,254.307470776366,-18.6766242980957,0.273007154464722,0.263098806142807,-6.22425143601837,4885.69333903767,-5516.54511600202,4887.81846882121,-5515.30085805989,4889.94359860475,-5514.05660011776,0,1,0,1
20140118093043.daq,129,3,294.833333333333,1,0,left,-0.900839231042013,120.868564605713,12,0.00100320399866838,37.2859840393066,259.77076845683,-18.5887336730957,0.273302495479584,0.282082378864288,-6.2946933004321,4882.94076032244,-5511.85224881731,4885.05451676421,-5510.58876627753,4887.16827320597,-5509.32528373775,0,1,0,1
20140118093043.daq,129,3,294.933333333333,1,0,left,-0.801649919563332,121.385143280029,12,0.000985438834684213,37.3583793640137,265.244704144159,-18.4568996429443,0.272994339466095,0.291574031114578,-6.35426407654768,4880.14070376999,-5507.17454280166,4882.24298289796,-5505.8920542475,4884.34526202592,-5504.60956569334,0,1,0,1
20140118093043.daq,129,3,295.033333333333,1,0,left,-0.624612504690873,121.89368057251,12,0.00096735260814204,37.4305191040039,270.729237461806,-17.6219444274902,0.273037612438202,0.263098806142807,-6.40370445768795,4877.29336067973,-5502.5131940011,4879.3841742322,-5501.212097113,4881.47498778467,-5499.9110002249,0,1,0,1
20140118093043.daq,129,3,295.133333333333,1,0,left,-0.392196374061015,122.3571434021,12,0.000948974512586455,37.5028610229492,276.2243584322,-14.7655191421509,0.273394405841827,0.272590696811676,-6.42867983320775,4874.4001663501,-5497.86570923542,4876.48038710484,-5496.54774260648,4878.56060785957,-5495.22977597754,0,1,0,1
20140118093043.daq,129,3,295.233333333333,1,0,left,-0.333059274781462,122.740036010742,12,0.000930339845904067,37.5758247375488,281.73013391442,-10.9862489700317,0.273397386074066,0.253607153892517,-6.4411686311422,4871.46438875852,-5493.22914668396,4873.53575550476,-5491.89730802031,4875.607122251,-5490.56546935666,0,1,0,1
20140118093043.daq,129,3,295.333333333333,1,0,left,-0.428267168193869,123.027381896973,12,0.000911490786960432,37.6493263244629,287.24665221467,-7.69037485122681,0.273638099431992,0.234623834490776,-6.45914418262075,4868.49091107717,-5488.5996997401,4870.55557245599,-5487.25748969161,4872.6202338348,-5485.91527964312,0,1,0,1
20140118093043.daq,129,3,295.433333333333,1,0,left,-0.53952009983567,123.229438781738,12,0.000892475420590007,37.7231864929199,292.773979306166,-4.96578454971313,0.27337634563446,0.282082378864288,-6.49280128921707,4865.4865878855,-5483.97249969996,4867.54650305397,-5482.62301686489,4869.60641822244,-5481.27353402983,0,1,0,1
20140118093043.daq,129,3,295.533333333333,1,0,left,-0.589174117877022,123.36837387085,12,0.000873344852096802,37.7972030639648,298.312153560615,-3.16403985023499,0.272962152957916,0.272590696811676,-6.5379151046767,4862.45785002958,-5479.3448139352,4864.51448681824,-5477.99034003625,4866.5711236069,-5476.63586613729,0,1,0,1
20140118093043.daq,129,3,295.633333333333,1,0,left,-0.584590437342555,123.450035095215,12,0.000854149687336725,37.8711204528809,303.861178568077,-0.703119933605194,0.273626089096069,0.244115486741066,-6.58713413873816,4859.41128620157,-5474.71254946592,4861.46599042827,-5473.35514570719,4863.52069465498,-5471.99774194847,0,1,0,1
20140118093043.daq,129,3,295.733333333333,1,0,left,-0.520413358602312,123.469066619873,12,0.000834936954175105,37.9449272155762,309.421035539008,1.62596487998962,0.272405713796616,0.253607153892517,-6.63492095905583,4856.35196931067,-5470.07296319248,4858.40622254504,-5468.71487701241,4860.46047577942,-5467.35679083234,0,1,0,1
20140118093043.daq,129,3,295.833333333333,1,0,left,-0.416977358655927,123.447071075439,12,0.000815748008925675,38.0185317993164,314.991705357488,2.28513979911804,0.273412346839905,0.225131943821907,-6.67703278333006,4853.28346916899,-5465.42332521353,4855.33824361402,-5464.06602775038,4857.39301805906,-5462.70873028724,0,1,0,1
20140118093043.daq,129,3,295.933333333333,1,0,left,-0.295708638918981,123.402889251709,12,0.000796616968208963,38.0918159484863,320.573147413857,2.54880976676941,0.272767722606659,0.244115486741066,-6.70921871131054,4850.20995408802,-5460.76222340938,4852.26577455895,-5459.40651082378,4854.32159502987,-5458.05079823819,0,1,0,1
20140118093043.daq,129,3,296.033333333333,1,0,left,-0.171330755388198,123.352561950684,12,0.000777569760184887,38.1647605895996,326.165313079093,2.50486493110657,0.272502362728119,0.272590696811676,-6.73043988042802,4847.13374529542,-5456.09004572255,4849.19075580002,-5454.73613944536,4851.24776630461,-5453.38223316817,0,1,0,1
20140118093043.daq,129,3,296.133333333333,1,0,left,-0.0478004504262941,123.301166534424,12,0.000758624104227677,38.2373504638672,331.76815171933,2.50486493110657,0.273100316524506,0.234623834490776,-6.73940664957809,4844.05562653307,-5451.40609278503,4846.11385068989,-5450.05403223028,4848.17207484671,-5448.70197167554,0,1,0,1
20140118093043.daq,129,3,296.233333333333,1,0,left,0.0741095061286643,123.24825668335,12,0.000739790414182386,38.3096313476563,337.381612887202,2.50486493110657,0.273713350296021,0.225131943821907,-6.73606271904261,4840.97610328569,-5446.70985213025,4843.03557512656,-5445.3596928211,4845.09504696744,-5444.00953351195,0,1,1,1
20140118093043.daq,129,3,296.333333333333,1,0,left,0.191828205547935,123.196403503418,12,0.000721073043343062,38.3816146850586,343.005653921578,2.54880976676941,0.269880652427673,0.225131943821907,-6.72126981701496,4837.8950774391,-5442.00244036,4839.95577034235,-5440.65414544349,4842.01646324561,-5439.30585052697,0,1,1,1
20140118093043.daq,129,3,296.433333333333,1,0,left,0.307961313731695,123.143001556396,12,0.000702471372639121,38.4532051086426,348.640228058408,2.50486493110657,0.23598575592041,0.253607153892517,-6.69441147980571,4834.81313689655,-5437.28322742966,4836.87508556909,-5435.9368537463,4838.93703424163,-5434.59048006295,0,1,1,1
20140118093043.daq,129,3,296.533333333333,1,0,left,0.417782680708683,123.092777252197,12,0.000683981002015669,38.5222053527832,354.28516539916,2.28513979911804,0.190691590309143,0.234623834490776,-6.65686322239744,4831.72912408164,-5432.55247030907,4833.79225216537,-5431.20790460464,4835.8553802491,-5429.8633389002,0,1,1,1
20140118093043.daq,129,3,296.633333333333,1,0,left,0.515471358024115,123.051551818848,12,0.000665595841515876,38.5814666748047,359.939627827514,1.80174493789673,0.140361785888672,0.244115486741066,-6.60930221275157,4828.6437916391,-5427.81194964773,4830.70788663,-5426.4688687522,4832.77198162091,-5425.12578785667,0,1,1,1
20140118093043.daq,129,3,296.733333333333,1,0,left,0.60219112381381,123.018161773682,12,0.000647311713010727,38.6192398071289,365.601355562534,1.49412989616394,0.122216798365116,0.253607153892517,-6.55173509548517,4825.55815977148,-5423.06257810412,4827.62303711402,-5421.72070032144,4829.68791445657,-5420.37882253875,0,1,1,1
20140118093043.daq,129,3,296.833333333333,1,0,left,0.680689812036093,122.990631103516,12,0.000629132196216324,38.6274566650391,371.266479962582,1.2744048833847,0.117318004369736,0.253607153892517,-6.4856850773685,4822.47376853915,-5418.30913073283,4824.5392904167,-5416.96824528031,4826.60481229425,-5415.62735982779,0,1,1,1
20140118093043.daq,129,3,296.933333333333,1,0,left,0.747513418376073,122.970821380615,12,0.000611073624682399,38.6054344177246,376.930597979625,0.834954977035522,0.114702112972736,0.263098806142807,-6.41222105588362,4819.39201072727,-5413.55512617342,4821.45799608565,-5412.21495494466,4823.52398144403,-5410.8747837159,0,1,1,1
20140118093043.daq,129,3,297.033333333333,1,0,left,0.801824110225382,122.960391998291,12,0.000593150158360964,38.5571250915527,382.5894239187,0.351559996604919,0.114021845161915,0.253607153892517,-6.33275981520786,4816.31477518629,-5408.80504866415,4818.38100445787,-5407.46525352283,4820.44723372945,-5406.12545838151,0,1,1,1
20140118093043.daq,129,3,297.133333333333,1,0,left,0.842111582008371,122.96085357666,12,0.000575363372372543,38.4975700378418,388.240196835532,0.131834998726845,0.118733622133732,0.253607153892517,-6.24873939927779,4813.24298008524,-5404.06239792182,4815.30919856328,-5402.72258613488,4817.37541704132,-5401.38277434793,0,1,1,1
20140118093043.daq,129,3,297.233333333333,1,0,left,0.87313307402502,122.967449188232,12,0.000557708518843075,38.4326400756836,393.881800780275,0,0.12189868837595,0.272590696811676,-6.16027800962915,4810.17729668113,-5399.32789244386,4812.24336091286,-5397.98784281277,4814.30942514459,-5396.64779318168,0,1,1,1
20140118093043.daq,129,3,297.333333333333,1,0,left,0.898097046509463,122.976970672607,12,0.00054017923667867,38.3656387329102,399.513698455841,0.0439449995756149,0.126519724726677,0.263098806142807,-6.06953158728222,4807.11638361119,-5394.60282308593,4809.18222512327,-5393.2624301322,4811.24806663534,-5391.92203717847,0,1,1,1
20140118093043.daq,129,3,297.433333333333,1,0,left,0.923942723734356,122.982479095459,12,0.000522769980104586,38.2982215881348,405.135728822299,0.395504981279373,0.130628421902657,0.244115486741066,-5.97576866659746,4804.06099601598,-5389.88632509324,4806.12670865298,-5388.54573353546,4808.19242128997,-5387.20514197769,0,1,1,1
20140118093043.daq,129,3,297.533333333333,1,0,left,0.958692685088991,122.975952148438,12,0.000505476493751401,38.2308387756348,410.747871551504,1.01073491573334,0.132074430584908,0.253607153892517,-5.87972695155838,4801.01046574813,-5385.17796313641,4803.07633108751,-5383.83760690653,4805.1421964269,-5382.49725067665,0,1,1,1
20140118093043.daq,129,3,297.633333333333,1,0,left,0.999989706351286,122.959373474121,12,0.000488296640795147,38.1635360717773,416.350137367017,1.23045992851257,0.133001118898392,0.234623834490776,-5.78061111301475,4797.96520499548,-5380.47686841346,4800.03145808373,-5379.13711000289,4802.09771117199,-5377.79735159231,0,1,1,1
20140118093043.daq,129,3,297.733333333333,1,0,left,1.04643793468655,122.934936523438,12,0.000471231442833934,38.0962791442871,421.94253638629,1.31834995746613,0.133521646261215,0.244115486741066,-5.67796585492453,4794.92659463555,-5375.78316020731,4796.99341894985,-5374.44428318636,4799.06024326415,-5373.1054061654,0,0,1,0
20140118093043.daq,129,3,297.833333333333,1,0,left,1.09681237111801,122.903167724609,12,0.000454284299662875,38.029052734375,427.52507336499,1.71385490894318,0.133637592196465,0.253607153892517,-5.57101147304431,4791.89461493261,-5371.09540259782,4793.96218129649,-5369.75767177498,4796.02974766037,-5368.41994095213,0,0,1,0
20140118093043.daq,129,3,297.933333333333,1,0,left,1.1586090708002,122.856945037842,12,0.000437459817630564,37.9618644714355,433.097752965532,2.37302994728088,0.133755967020988,0.291574031114578,-5.45923740634246,4788.8710060567,-5366.4141867526,4790.93965094603,-5365.0781243494,4793.00829583537,-5363.7420619462,0,0,1,0
20140118093043.daq,129,3,298.033333333333,1,0,left,1.23320910303421,122.794887542725,12,0.000420762698650216,37.8947486877441,438.660582787661,2.94431495666504,0.120250791311264,0.234623834490776,-5.3415297025044,4785.85631152416,-5361.73797442171,4787.92640229919,-5360.40415336679,4789.99649307422,-5359.07033231186,0,0,1,0
20140118093043.daq,129,3,298.133333333333,1,0,left,1.31244532717321,122.725162506104,12,0.000404197463576984,37.8277359008789,444.213576725382,2.8564248085022,0.111509710550308,0.253607153892517,-5.21714426375411,4782.85168291104,-5357.06672104089,4784.92339532165,-5355.73542013157,4786.99510773226,-5354.40411922226,0,0,1,0
20140118093043.daq,129,3,298.233333333333,1,0,left,1.38883721718672,122.655250549316,12,0.000387770866310832,37.7608451843262,449.756750304547,2.72458982467651,0.108253918588161,0.244115486741066,-5.08615109653392,4779.85732003844,-5352.40034365445,4781.93065535155,-5351.07157162628,4784.00399066466,-5349.74279959812,0,0,1,0
20140118093043.daq,129,3,298.333333333333,1,0,left,1.46219410707909,122.585342407227,12,0.000371488280731872,37.6940689086914,455.290121801838,2.72458982467651,0.125609144568443,0.253607153892517,-4.94781440536996,4776.87419209648,-5347.73836431165,4778.94914713685,-5346.41212300485,4781.02410217723,-5345.08588169805,0,0,1,0
20140118093043.daq,129,3,298.433333333333,1,0,left,1.53158525018067,122.516368865967,12,0.00035535183440069,37.6274032592773,460.813707489095,2.72458982467651,0.142925202846527,0.234623834490776,-4.80259054230124,4773.90226288141,-5343.08083322982,4775.97881296762,-5341.75709074621,4778.05536305382,-5340.4333482626,0,0,1,0
20140118093043.daq,129,3,298.533333333333,1,0,left,1.59706160077917,122.448345184326,12,0.000339360672413961,37.5608367919922,466.327523265163,2.72458982467651,0.147966831922531,0.244115486741066,-4.65117313818303,4770.94104333155,-5338.42775110567,4773.01916355024,-5337.10647491195,4775.09728376893,-5335.78519871823,0,0,1,0
20140118093043.daq,129,3,298.633333333333,1,0,left,1.66020664626188,122.3796043396,12,0.000323510891801531,37.4943618774414,471.831582651059,2.68064475059509,0.149804413318634,0.253607153892517,-4.49371146325545,4767.99059830488,-5333.77951631812,4770.07030223405,-5332.46073430792,4772.15000616322,-5331.14195229772,0,0,1,0
20140118093043.daq,129,3,298.733333333333,1,0,left,1.70279874752467,122.328548431396,12,0.000307795043281793,37.4279861450195,477.325898888046,1.31834995746613,0.150698006153107,0.225131943821907,-4.33161202739906,4765.05069714567,-5329.13711923341,4767.13157540734,-5327.82019095762,4769.212453669,-5326.50326268184,0,0,1,0
20140118093043.daq,129,3,298.833333333333,1,0,left,1.70421041087882,122.315738677979,12,0.000292201490421942,37.3617172241211,482.810489227073,-0.439449965953827,0.151562929153442,0.244115486741066,-4.16722606153064,4762.11955703521,-5324.50166426101,4764.20072967365,-5323.18520124503,4766.28190231209,-5321.86873822904,0,0,1,0
20140118093043.daq,129,3,298.933333333333,1,0,left,1.66628402979315,122.339073181152,12,0.000276714571502221,37.2955284118652,488.28536546406,-1.31834995746613,0.151898071169853,0.253607153892517,-4.00294603391478,4759.19579384075,-5319.8754786675,4761.27643015873,-5318.55816817421,4763.35706647671,-5317.24085768092,0,0,1,0
20140118093043.daq,129,3,299.033333333333,1,0,left,1.60467267854689,122.383369445801,12,0.000261317720214935,37.2294387817383,493.750540980147,-1.62596487998962,0.151543334126472,0.244115486741066,-3.84240486080155,4756.27609593235,-5315.25921127428,4758.35571319525,-5313.94029260231,4760.43533045815,-5312.62137393034,0,0,1,0
20140118093043.daq,129,3,299.133333333333,1,0,left,1.52576519059664,122.4423828125,12,0.000245993838356694,37.1634407043457,499.206030322084,-2.02146983146667,0.151568010449409,0.234623834490776,-3.68763943171035,4753.35875607703,-5310.65350396352,4755.43701378046,-5309.33244403241,4757.51527148389,-5308.01138410131,0,0,1,0
20140118093043.daq,129,3,299.233333333333,1,0,left,1.42705957819253,122.517951965332,12,0.000230726048208157,37.0975036621094,504.651844213426,-2.98825979232788,0.151275977492332,0.253607153892517,-3.54107059308834,4750.44224037792,-5306.06041082069,4752.51875388793,-5304.73661096189,4754.59526739795,-5303.41281110309,0,0,1,0
20140118093043.daq,129,3,299.333333333333,1,0,left,1.3152146321485,122.60372543335,12,0.000215500290176831,37.0316848754883,510.087993704106,-2.90036988258362,0.15126621723175,0.253607153892517,-3.40426061825606,4747.52484571656,-5301.47910307792,4749.59937513314,-5300.15219610183,4751.67390454971,-5298.82528912574,0,0,1,0
20140118093043.daq,129,3,299.433333333333,1,0,left,1.20334071556633,122.687091827393,12,0.000200307283200556,36.9663162231445,515.514520243025,-2.15330481529236,0.151393041014671,0.225131943821907,-3.27876191224841,4744.60608636777,-5296.91085377875,4746.67868291544,-5295.58092973054,4748.75127946312,-5294.25100568233,0,0,1,0
20140118093043.daq,129,3,299.533333333333,1,0,left,1.10823974291512,122.75301361084,12,0.000185143616423591,36.9014663696289,520.931496936904,-1.31834995746613,0.151227802038193,0.272590696811676,-3.1724746897789,4741.68556655987,-5292.35387223802,4743.75663158906,-5291.02156444014,4745.82769661825,-5289.68925664226,0,0,1,0
20140118093043.daq,129,5,410.666666666667,1,0,right,0.441023859664767,213.452346801758,12,-0.000263513156674282,29.3015918731689,0,2.32908487319946,0.202759340405464,0.253607153892517,3.02627712070427,3202.46707015559,-3250.54925087351,3201.10958349704,-3248.4946014155,3199.7520968385,-3246.43995195749,1,0,0,0
20140118093043.daq,129,5,410.766666666667,1,0,right,0.430862849633627,213.440696716309,12,-0.000266989551010232,29.3234367370605,4.2991786055245,2.02146983146667,0.202632114291191,0.244115486741066,3.0589895017503,3198.87805549695,-3252.91648384185,3197.52098664317,-3250.86155840536,3196.16391778939,-3248.80663296887,1,0,0,0
20140118093043.daq,129,5,410.866666666667,1,0,right,0.412218223383832,213.433280944824,12,-0.000270342124411526,29.3452663421631,8.60156001272117,1.80174493789673,0.202128946781158,0.263098806142807,3.09405594792641,3195.28609812623,-3255.28436596789,3193.92929525205,-3253.2292649037,3192.57249237787,-3251.17416383951,1,0,0,0
20140118093043.daq,129,5,410.966666666667,1,0,right,0.386818678691043,213.429405212402,12,-0.00027358879090577,29.3669986724854,12.9071378573899,1.80174493789673,0.203085198998451,0.244115486741066,3.12709943237788,3191.69140424227,-3257.65360336318,3190.33474038705,-3255.59841052372,3188.97807653183,-3253.54321768426,1,0,0,0
20140118093043.daq,129,5,411.066666666667,1,0,right,0.358988148473372,213.425178527832,12,-0.00027674787115333,29.3885650634766,17.2158905525321,1.80174493789673,0.203309997916222,0.215640276670456,3.15845227463052,3188.09376153403,-3260.02429224135,3186.73724929318,-3257.96899932698,3185.38073705233,-3255.91370641261,1,0,0,0
20140118093043.daq,129,5,411.166666666667,1,0,right,0.328016802626735,213.421310424805,12,-0.000279837256781775,29.4101085662842,21.527802735478,1.80174493789673,0.203083500266075,0.244115486741066,3.18744294068998,3184.49345285275,-3262.39670372502,3183.13707937014,-3260.34131923566,3181.78070588754,-3258.2859347463,1,0,0,0
20140118093043.daq,129,5,411.266666666667,1,0,right,0.295644670074751,213.416732788086,12,-0.000282873729741542,29.4317016601563,25.8428782760384,1.80174493789673,0.202257081866264,0.244115486741066,3.21403895615369,3180.89041992869,-3264.77055304936,3179.53421066502,-3262.71506019932,3178.17800140134,-3260.65956734929,1,0,0,0
20140118093043.daq,129,5,411.366666666667,1,0,right,0.258919365700308,213.413101196289,12,-0.000285872590931034,29.4532718658447,30.1611208108952,1.80174493789673,0.202066257596016,0.244115486741066,3.23752895998607,3177.28475307665,-3267.14614732726,3175.92867409948,-3265.09056852043,3174.57259512231,-3263.03498971359,1,0,0,0
20140118093043.daq,129,5,411.466666666667,1,0,right,0.219708393757287,213.409172058105,12,-0.000288847394519664,29.4746494293213,34.4825143712696,1.80174493789673,0.202702403068542,0.253607153892517,3.25854882067402,3173.67614031592,-3269.52295097563,3172.32020230613,-3267.46727917862,3170.96426429633,-3265.41160738161,1,0,0,0
20140118093043.daq,129,5,411.566666666667,1,0,right,0.17833946950293,213.40461730957,12,-0.000291809612880884,29.495792388916,38.8070253877486,1.80174493789673,0.202859625220299,0.253607153892517,3.27647805055826,3170.06456375526,-3271.90143978982,3168.70878916612,-3269.84566020853,3167.35301457698,-3267.78988062723,1,0,0,0
20140118093043.daq,129,5,411.666666666667,1,0,right,0.133255840247671,213.400993347168,12,-0.000294768264212838,29.5168514251709,43.1346293593233,1.80174493789673,0.203505083918571,0.234623834490776,3.2911302149958,3166.45059656729,-3274.28118470678,3165.09495200908,-3272.22531937676,3163.73930745087,-3270.16945404673,1,0,0,0
20140118093043.daq,129,5,411.766666666667,1,0,right,0.0860516932996234,213.396705627441,12,-0.000297730127779437,29.5379371643066,47.4653229756768,1.80174493789673,0.202536359429359,0.253607153892517,3.30246119591679,3162.8336635007,-3276.66236919469,3161.47817279661,-3274.606402421,3160.12268209252,-3272.5504356473,1,0,0,0
20140118093043.daq,129,5,411.866666666667,1,0,right,0.0356596373842422,213.391860961914,12,-0.000300700836482031,29.5590667724609,51.7991134402419,1.80174493789673,0.202341184020042,0.225131943821907,3.31024657621981,3159.21377038605,-3279.04499731083,3157.85845352982,-3276.98891593048,3156.5031366736,-3274.93283455012,1,0,0,0
20140118093043.daq,129,5,411.966666666667,1,0,right,-0.0175817615681808,213.387992858887,12,-0.000303685971440203,29.5800952911377,56.1359969298392,1.80174493789673,0.202415347099304,0.244115486741066,3.31366973973537,3155.5914891341,-3281.42912742183,3154.23631108935,-3279.37295454718,3152.88113304459,-3277.31678167253,1,0,0,0
20140118093043.daq,129,5,412.066666666667,1,0,right,-0.0731659875483501,213.383682250977,12,-0.00030669110830292,29.6009502410889,60.4759522304648,1.80174493789673,0.202583014965057,0.244115486741066,3.31331012120418,3151.96625407522,-3283.81446137597,3150.61123072903,-3281.75818655127,3149.25620738284,-3279.70191172656,1,0,0,0
20140118093043.daq,129,5,412.166666666667,1,0,right,-0.131963121912861,213.37979888916,12,-0.000309720681649053,29.6216583251953,64.8189546779267,1.88963496685028,0.202692642807961,0.234623834490776,3.30840476943695,3148.33835677791,-3286.20152056341,3146.98347280389,-3284.1451539034,3145.62858882988,-3282.08878724339,1,0,0,0
20140118093043.daq,129,5,412.266666666667,1,0,right,-0.18706237452227,213.368278503418,12,-0.000312776315957008,29.6422710418701,69.1649872777052,2.54880976676941,0.203088358044624,0.244115486741066,3.29969291735302,3144.70735756402,-3288.58950961971,3143.35288708829,-3286.53287057656,3141.99841661255,-3284.47623153342,1,0,0,0
20140118093043.daq,129,5,412.366666666667,1,0,right,-0.219955136383419,213.332870483398,12,-0.00031585579080645,29.6628150939941,73.5140372547812,4.17477464675903,0.202524229884148,0.215640276670456,3.28757406085175,3141.07212680165,-3290.97780898532,3139.7189275597,-3288.92033329044,3138.36572831775,-3286.86285759556,1,0,0,0
20140118093043.daq,129,5,412.466666666667,1,0,right,-0.22831357579696,213.270141601563,12,-0.000318952837154821,29.6833190917969,77.8660980118275,5.31734466552734,0.202725812792778,0.215640276670456,3.27355894761179,3137.4315026622,-3293.36579690044,3136.08055680771,-3291.30684092188,3134.72961095322,-3289.24788494331,1,0,0,0
20140118093043.daq,129,5,412.566666666667,1,0,right,-0.214771201061581,213.181427001953,12,-0.00032205774794027,29.7037258148193,82.2211591516498,6.32807970046997,0.203705191612244,0.234623834490776,3.25987312141127,3133.78434049442,-3295.75107815971,3132.43658426696,-3293.69003289705,3131.08882803949,-3291.62898763438,1,0,0,0
20140118093043.daq,129,5,412.666666666667,1,0,right,-0.17887808646492,213.068824768066,12,-0.00032515881823898,29.7241058349609,86.5792095077613,7.3388147354126,0.203558146953583,0.234623834490776,3.24818323917427,3130.129294045,-3298.1320177207,3128.78559094813,-3296.06832772196,3127.44188785127,-3294.00463772322,1,0,0,0
20140118093043.daq,129,5,412.766666666667,1,0,right,-0.128154720072132,212.937210083008,12,-0.000328244042666192,29.7445793151855,90.9402548382459,7.91009950637817,0.22899816930294,0.244115486741066,3.24054096820844,3126.46565654894,-3300.50684249238,3125.12669751518,-3298.44007130782,3123.78773848141,-3296.37330012327,1,0,0,0
20140118093043.daq,129,5,412.866666666667,1,0,right,-0.0703648105923094,212.797088623047,12,-0.000331302456795674,29.7663440704346,95.3043549619324,7.95404481887817,0.254391849040985,0.263098806142807,3.23738352849799,3122.79326935967,-3302.87424224596,3121.45936878091,-3300.80420271266,3120.12546820216,-3298.73416317936,1,0,0,0
20140118093043.daq,129,5,412.966666666667,1,0,right,-0.016404077005518,212.656517028809,12,-0.000334327787143332,29.7965431213379,99.6721590972647,7.95404481887817,0.254014492034912,0.196656957268715,3.23926619144438,3119.11134959619,-3305.23428178316,3117.78253173886,-3303.16097584205,3116.45371388152,-3301.08766990094,1,0,0,0
20140118093043.daq,129,5,413.066666666667,1,0,right,0.0351909706820948,212.516967773438,12,-0.000337317734050718,29.8406620025635,104.04539550948,7.91009950637817,0.25351893901825,0.206148609519005,3.2456001274606,3115.41900030447,-3307.58775064447,3114.09523611495,-3305.51121439534,3112.77147192543,-3303.43467814621,1,0,0,0
20140118093043.daq,129,5,413.166666666667,1,0,right,0.0811837984256272,212.382171630859,12,-0.000340270006588061,29.8983764648438,108.426113751073,7.73431968688965,0.254166156053543,0.234623834490776,3.25537148633216,3111.71495731215,-3309.9362596775,3110.39608211655,-3307.85661484198,3109.07720692096,-3305.77697000647,1,0,0,0
20140118093043.daq,129,5,413.266666666667,1,0,right,0.139715502586796,212.250587463379,12,-0.00034318177996854,29.9675846099854,112.816179348878,7.55853986740112,0.253687590360641,0.225131943821907,3.26928580702021,3107.99767164828,-3312.28121524414,3106.68357599096,-3310.19854699719,3105.36948033364,-3308.11587875024,1,0,0,0
20140118093043.daq,129,5,413.366666666667,1,0,right,0.189189105178002,212.122482299805,12,-0.000346049327939372,30.0447578430176,117.217018583297,7.51459455490112,0.253878057003021,0.225131943821907,3.2871580647563,3104.26618025644,-3314.62360560849,3102.95674442801,-3312.53800443984,3101.64730859959,-3310.45240327119,1,0,0,0
20140118093043.daq,129,5,413.466666666667,1,0,right,0.233285756497253,211.994171142578,12,-0.000348867652066794,30.1270694732666,121.629581795065,7.60248470306396,0.253387689590454,0.234623834490776,3.30878526269512,3100.51906407054,-3316.96401936112,3099.21430212576,-3314.87549100582,3097.90954018098,-3312.78696265052,1,0,0,0
20140118093043.daq,129,5,413.566666666667,1,0,right,0.280661583227527,211.855422973633,12,-0.000351630328135586,30.2124710083008,126.054464141887,8.48138427734375,0.253588676452637,0.215640276670456,3.33401590991511,3096.75577584332,-3319.30254055585,3095.45607532541,-3317.21085869974,3094.1563748075,-3315.11917684363,1,0,0,0
20140118093043.daq,129,5,413.666666666667,1,0,right,0.343214568736073,211.697380065918,12,-0.000354329713039728,30.2996044158936,130.492011342085,9.49211978912354,0.254298746585846,0.196656957268715,3.36290445086264,3092.97486915007,-3321.63881392755,3091.68094319989,-3319.54355497961,3090.38701724971,-3317.44829603168,1,0,0,0
20140118093043.daq,129,5,413.766666666667,1,0,right,0.416183127006661,211.521560668945,12,-0.000356957821390532,30.3877601623535,134.942418564489,9.97551441192627,0.25552624464035,0.215640276670456,3.39697514205749,3089.17594296121,-3323.97142660795,3087.88845266199,-3321.87220695464,3086.60096236278,-3319.77298730133,1,0,0,0
20140118093043.daq,129,5,413.866666666667,1,0,right,0.490288903904457,211.338806152344,12,-0.000359507953134731,30.4765548706055,139.405805609942,9.93156909942627,0.253350973129272,0.177673399448395,3.43701317575191,3085.35811504948,-3326.29909456173,3084.07732710218,-3324.19577892743,3082.79653915489,-3322.09246329312,1,0,0,0
20140118093043.daq,129,5,413.966666666667,1,0,right,0.559450927864475,211.15518951416,12,-0.000361976580702611,30.5654392242432,143.882237565802,9.93156909942627,0.161927253007889,0.177673399448395,3.48274857389979,3081.52146592219,-3328.62132582439,3080.24742506728,-3326.51391643763,3078.97338421236,-3324.40650705086,1,0,0,0
20140118093043.daq,129,5,414.066666666667,1,0,right,0.624591304112755,210.969779968262,12,-0.000364364631636996,30.6470794677734,148.371366172734,9.93156909942627,0.132715091109276,0.177673399448395,3.53433619279765,3077.66643507528,-3330.93710592898,3076.39922047078,-3328.82558477834,3075.13200586628,-3326.71406362771,1,0,0,0
20140118093043.daq,129,5,414.166666666667,1,0,right,0.684541013894659,210.783737182617,12,-0.000366677537527388,30.7009792327881,152.870664912843,9.84367942810059,0.140203803777695,0.187165051698685,3.59142408882922,3073.79454932302,-3333.24550444098,3072.53419762093,-3331.12987970808,3071.27384591884,-3329.01425497517,1,0,0,0
20140118093043.daq,129,5,414.266666666667,1,0,right,0.733867974165037,210.600234985352,12,-0.000368924313090915,30.7251987457275,157.375557645819,9.27239418029785,0.154049545526505,0.225131943821907,3.65227284498523,3069.91037053977,-3335.54494122111,3068.65680103846,-3333.42529079502,3067.40323153716,-3331.30564036892,1,0,0,0
20140118093043.daq,129,5,414.366666666667,1,0,right,0.764379762461886,210.431854248047,12,-0.000371116145058078,30.7269515991211,161.882279888456,8.26165962219238,0.161262139678001,0.282082378864288,3.71588536132662,3066.0182203339,-3337.83348993433,3064.77088546187,-3335.71016467888,3063.52355058983,-3333.58683942343,1,0,0,0
20140118093043.daq,129,5,414.466666666667,1,0,right,0.765266487178906,210.284797668457,12,-0.000373264552350301,30.7157344818115,166.388192222392,7.38275957107544,0.163583099842072,0.149198174476624,3.78034427569823,3062.12183627175,-3340.1104351733,3060.87995527442,-3337.98391547861,3059.63807427709,-3335.85739578392,1,0,0,0
20140118093043.daq,129,5,414.566666666667,1,0,right,0.75191361890586,210.148460388184,12,-0.000375379540123588,30.6976108551025,170.8919109118,7.3388147354126,0.164724618196487,0.215640276670456,3.84490662100746,3058.22261021022,-3342.37559407132,3056.98579285083,-3340.24612530119,3055.74897549145,-3338.11665653107,1,0,0,0
20140118093043.daq,129,5,414.666666666667,1,0,right,0.726978794987645,210.015182495117,12,-0.000377467990735569,30.6752376556396,175.392636981356,7.3388147354126,0.165335595607758,0.196656957268715,3.90733376115734,3054.32160404277,-3344.62987575001,3053.08974346341,-3342.49753573574,3051.85788288406,-3340.36519572146,1,0,0,0
20140118093043.daq,129,5,414.766666666667,1,0,right,0.723030221462295,209.880729675293,12,-0.000379532590335881,30.6468181610107,179.889674332,7.3388147354126,0.165394335985184,0.215640276670456,3.96816257500267,3050.41884045084,-3346.87335049979,3049.1919871024,-3344.73812562056,3047.96513375396,-3342.60290074134,1,0,0,0
20140118093043.daq,129,5,414.866666666667,1,0,right,0.734725525411136,209.745147705078,12,-0.000381572040365196,30.6138896942139,184.382170580404,7.3388147354126,0.168053030967712,0.253607153892517,4.02946508691614,3046.51481047616,-3349.10528739557,3045.29301325117,-3346.96716533066,3044.07121602618,-3344.82904326576,1,0,0,0
20140118093043.daq,129,5,414.966666666667,1,0,right,0.747214588332895,209.609832763672,12,-0.000383582464434752,30.5791549682617,188.869679556439,7.3388147354126,0.185310140252113,0.234623834490776,4.0914565952967,3042.60958695801,-3351.32598824017,3041.39284271984,-3349.1849866329,3040.17609848168,-3347.04398502564,1,0,0,0
20140118093043.daq,129,5,415.066666666667,1,0,right,0.758899672222469,209.474349975586,12,-0.000385559113917881,30.545352935791,193.352119248171,7.3388147354126,0.190496802330017,0.234623834490776,4.15444281204467,3038.70339146822,-3353.53494674848,3037.4917132838,-3351.39107399087,3036.28003509937,-3349.24720123326,1,0,0,0
20140118093043.daq,129,5,415.166666666667,1,0,right,0.768428237436694,209.340042114258,12,-0.00038749748030305,30.5161933898926,197.829905240264,7.47064971923828,0.190324351191521,0.215640276670456,4.21823973345602,3034.79629352801,-3355.73221904541,3033.58964415097,-3353.58551186829,3032.38299477393,-3351.43880469116,1,0,0,0
20140118093043.daq,129,5,415.266666666667,1,0,right,0.791339105306065,209.191360473633,12,-0.000389393456952163,30.4932613372803,202.303870077447,8.61321926116943,0.190375789999962,0.244115486741066,4.28378141489214,3030.88651386691,-3357.91764165398,3029.6854392175,-3355.76781047224,3028.4843645681,-3353.6179792905,1,0,0,0
20140118093043.daq,129,5,415.366666666667,1,0,right,0.830017900916516,209.025909423828,12,-0.000391243081133505,30.4756946563721,206.774880689796,9.18450450897217,0.190427243709564,0.215640276670456,4.35130230843944,3026.97320147677,-3360.0913521178,3025.77833981987,-3357.93806160227,3024.58347816297,-3355.78477108673,1,0,0,0
20140118093043.daq,129,5,415.466666666667,1,0,right,0.874940643863852,208.853202819824,12,-0.000393042636013486,30.4623851776123,211.243637722226,9.09661483764648,0.189876541495323,0.225131943821907,4.42165800233874,3023.05514206791,-3362.25301265887,3021.86677649062,-3360.09613026102,3020.67841091332,-3357.93924786318,1,0,0,0
20140118093043.daq,129,5,415.566666666667,1,0,right,0.919024638229587,208.680313110352,12,-0.000394789622116878,30.4526348114014,215.710711155381,8.9647798538208,0.189602270722389,0.225131943821907,4.49569072597428,3019.13172418472,-3364.40194338854,3017.94987238889,-3362.24148492883,3016.76802059306,-3360.08102646912,1,0,0,0
20140118093043.daq,129,5,415.666666666667,1,0,right,0.95625518012406,208.513244628906,12,-0.000396485057063177,30.4457263946533,220.176572406388,8.70110988616943,0.189727410674095,0.215640276670456,4.57333491685534,3015.20252236324,-3366.5383998576,3014.02697525298,-3364.37450443152,3012.85142814272,-3362.21060900544,1,0,0,0
20140118093043.daq,129,5,415.766666666667,1,0,right,0.984134590847418,208.354484558105,12,-0.000398132319221749,30.4408378601074,224.641577567449,8.26165962219238,0.190368130803108,0.234623834490776,4.65379134289935,3011.26839373309,-3368.66273508499,3010.09884703542,-3366.49559066308,3008.92930033775,-3364.32844624118,1,0,0,0
20140118093043.daq,129,5,415.866666666667,1,0,right,1.00169094679637,208.20499420166,12,-0.000399735537813836,30.4373435974121,229.105973700111,7.86615467071533,0.189633741974831,0.234623834490776,4.73641289384274,3007.32914017302,-3370.77572624845,3006.16525174389,-3368.60553774328,3005.00136331475,-3366.43534923812,1,0,0,0
20140118093043.daq,129,5,415.966666666667,1,0,right,1.01204155279447,208.061645507813,12,-0.000401298915440979,30.4348964691162,233.569937370154,7.82220983505249,0.189406558871269,0.320049256086349,4.81979378508895,3003.38508812095,-3372.87870754476,3002.22663293798,-3370.70561389457,3001.06817775501,-3368.53252024438,1,0,0,0
20140118093043.daq,129,5,416.066666666667,1,0,right,1.01975316884693,207.919860839844,12,-0.000402826630815276,30.4331722259521,238.033599544913,7.69037485122681,0.189980402588844,0.263098806142807,4.90367681112182,2999.43649203226,-3374.97172826203,2998.28341794853,-3372.79577454449,2997.13034386481,-3370.61982082695,1,0,0,0
20140118093043.daq,129,5,416.166666666667,1,0,right,1.01667422706726,207.787780761719,12,-0.000404323516363228,30.4318981170654,242.49704337862,7.03119993209839,0.189924538135529,0.234623834490776,4.98739470598481,2995.48351884699,-3377.05538490954,2994.33546390126,-3374.87677887241,2993.18740895552,-3372.69817283528,1,0,0,0
20140118093043.daq,129,5,416.266666666667,1,0,right,0.996531968600664,207.671676635742,12,-0.000405796185169974,30.4309673309326,246.960326731889,6.19624471664429,0.189169242978096,0.272590696811676,5.06982090492323,2991.52697048214,-3379.13044080909,2990.3833326162,-3376.94951282884,2989.23969475026,-3374.7685848486,1,0,0,0
20140118093043.daq,129,5,416.366666666667,1,0,right,0.97820085459648,207.56982421875,12,-0.000407253756362235,30.4302616119385,251.423492032722,5.84468460083008,0.18975168466568,0.253607153892517,5.15121438599907,2987.566755872,-3381.19731434327,2986.4269967595,-3379.01435681073,2985.287237647,-3376.83139927818,1,0,0,0
20140118093043.daq,129,5,416.466666666667,1,0,right,0.95180360564143,207.474990844727,12,-0.000408707382765609,30.4296398162842,255.886560774872,5.66890478134155,0.190143570303917,0.215640276670456,5.23084672430695,2983.60348433163,-3383.25715974705,2982.46733991093,-3381.07231872795,2981.33119549022,-3378.88747770886,1,0,0,0
20140118093043.daq,129,5,416.566666666667,1,0,right,0.918564877904714,207.385864257813,12,-0.000410169196641411,30.4290828704834,260.349543355529,5.36128950119019,0.189869821071625,0.253607153892517,5.30795273350715,2979.63733255606,-3385.31065404945,2978.50458814325,-3383.12404834227,2977.37184373044,-3380.93744263509,1,0,0,0
20140118093043.daq,129,5,416.666666666667,1,0,right,0.872180833081757,207.308738708496,12,-0.000411651689370566,30.4285945892334,264.812448866414,4.65816974639893,0.190266504883766,0.234623834490776,5.38173383409243,2975.66885945539,-3387.35831735138,2974.53905944645,-3385.17018884436,2973.40925943752,-3382.98206033734,1,0,0,0
20140118093043.daq,129,5,416.766666666667,1,0,right,0.812695146734427,207.243560791016,12,-0.0004131675314546,30.4281959533691,269.275289313253,4.08688449859619,0.189799591898918,0.263098806142807,5.45112964628565,2971.69830438688,-3389.40112632271,2970.57099425614,-3387.211714006,2969.44368412541,-3385.02230168928,1,0,0,0
20140118093043.daq,129,5,416.866666666667,1,0,right,0.741890858190459,207.188537597656,12,-0.000414728814072701,30.4279003143311,273.738078706607,3.95504975318909,0.189674571156502,0.282082378864288,5.51549638518113,2967.72606402638,-3391.43949288915,2966.60085698638,-3389.24899898582,2965.47564994638,-3387.05850508248,1,0,0,0
20140118093043.daq,129,5,416.966666666667,1,0,right,0.668341023867015,207.13508605957,12,-0.000416345043324352,30.4276580810547,278.200829588386,3.95504975318909,0.190265893936157,0.253607153892517,5.57438800723471,2963.75219567062,-3393.47377522275,2962.6290326434,-3391.28223256113,2961.50586961618,-3389.0906898995,1,0,0,0
20140118093043.daq,129,5,417.066666666667,1,0,right,0.593591886646095,207.081649780273,12,-0.000418020525090978,30.4273567199707,282.663541702157,3.95504975318909,0.190308853983879,0.234623834490776,5.62716276810643,2959.77662127674,-3395.50463775998,2958.65550265589,-3393.31204854597,2957.53438403503,-3391.11945933196,1,0,0,0
20140118093043.daq,129,5,417.166666666667,1,0,right,0.517419526607341,207.028442382813,12,-0.000419752618284545,30.4270076751709,287.126205303466,3.99899482727051,0.190075948834419,0.215640276670456,5.67371521548062,2955.79935152203,-3397.53208987696,2954.68026951971,-3395.33846048814,2953.56118751739,-3393.14483109931,1,0,0,0
20140118093043.daq,129,5,417.266666666667,1,0,right,0.439015376122597,206.974075317383,12,-0.000421531882390879,30.4266262054443,291.588815916388,3.99899482727051,0.190182864665985,0.234623834490776,5.7143339986757,2951.82007289782,-3399.55582648457,2950.70307289946,-3397.36113620411,2949.58607290111,-3395.16644592366,0,1,0,1
20140118093043.daq,129,5,417.366666666667,1,0,right,0.365254815308958,206.916015625,12,-0.000423343984281145,30.4262065887451,296.051366850355,4.4384446144104,0.189281702041626,0.234623834490776,5.74920807814851,2947.83890331107,-3401.57549190995,2946.72412783746,-3399.37967086376,2945.60935236386,-3397.18384981758,0,1,0,1
20140118093043.daq,129,5,417.466666666667,1,0,right,0.303718598099181,206.844505310059,12,-0.000425172297450586,30.4258060455322,300.513858012118,5.36128950119019,0.189078167080879,0.234623834490776,5.77907073295529,2943.85486861419,-3403.59065597802,2942.7428345914,-3401.39344530183,2941.63080056861,-3399.19623462563,0,1,0,1
20140118093043.daq,129,5,417.566666666667,1,0,right,0.258950594414728,206.754989624023,12,-0.000427000209153835,30.425350189209,304.976287373525,6.0644097328186,0.190173909068108,0.253607153892517,5.80432454562291,2939.86774433178,-3405.60087114428,2938.7591444625,-3403.40192577132,2937.65054459322,-3401.20298039836,0,1,0,1
20140118093043.daq,129,5,417.666666666667,1,0,right,0.220548540961317,206.657859802246,12,-0.00042881297738387,30.4248352050781,309.438644537386,5.97651958465576,0.189766302704811,0.253607153892517,5.8265230047303,2935.87682984248,-3407.6046393636,2934.77195929395,-3405.40381781372,2933.66708874542,-3403.20299626383,0,1,0,1
20140118093043.daq,129,5,417.766666666667,1,0,right,0.18179502752912,206.55982208252,12,-0.000430599440467121,30.4243946075439,313.900930436183,5.84468460083008,0.189650788903236,0.253607153892517,5.84558837588431,2931.88245961163,-3409.60176740332,2930.78135646262,-3407.39905855314,2929.68025331361,-3405.19634970295,0,1,0,1
20140118093043.daq,129,5,417.866666666667,1,0,right,0.147964884651628,206.464363098145,12,-0.000432353221884954,30.4239540100098,318.363154091692,5.75679492950439,0.190802827477455,0.225131943821907,5.86212856004021,2927.88456246129,-3411.59167729918,2926.78713071382,-3409.38713698813,2925.68969896635,-3407.18259667707,0,1,0,1
20140118093043.daq,129,5,417.966666666667,1,0,right,0.120788802199172,206.372222900391,12,-0.000434072921043576,30.4234313964844,322.825306062521,5.53706979751587,0.189898267388344,0.263098806142807,5.87695375294307,2923.88366272777,-3413.57440259071,2922.78977762895,-3411.36810029637,2921.69589253012,-3409.16179800204,0,1,0,1
20140118093043.daq,129,5,418.066666666667,1,0,right,0.087675689430796,206.284698486328,12,-0.000435761214376807,30.4229755401611,327.287384996565,5.36128950119019,0.190223798155785,0.253607153892517,5.88935433652669,2919.87957965032,-3415.55097838195,2918.78906615005,-3413.34300765544,2917.69855264978,-3411.13503692892,0,1,0,1
20140118093043.daq,129,5,418.166666666667,1,0,right,0.0497148070036246,206.200691223145,12,-0.000437423719642022,30.4226093292236,331.749403901973,5.14156484603882,0.190487429499626,0.234623834490776,5.89918992649046,2915.87299051218,-3417.52111260114,2914.78571551697,-3415.31154533395,2913.69844052176,-3413.10197806677,0,1,0,1
20140118093043.daq,129,5,418.266666666667,1,0,right,0.00254786303980836,206.124549865723,12,-0.000439068390019542,30.4222774505615,336.211372406638,4.74605989456177,0.190095886588097,0.225131943821907,5.90510065905966,2911.86386479831,-3419.48622092169,2910.77952709466,-3417.27521070736,2909.69518939102,-3415.06420049303,0,1,0,1
20140118093043.daq,129,5,418.366666666667,1,0,right,-0.0573367379861338,206.059776306152,12,-0.000440705260952172,30.4219093322754,340.673290673745,3.99899482727051,0.190471664071083,0.234623834490776,5.90690073101964,2907.85286179429,-3421.44597318937,2906.77102435635,-3419.23373853154,2905.68918691842,-3417.02150387371,0,1,1,1
20140118093043.daq,129,5,418.466666666667,1,0,right,-0.13579298195458,206.012214660645,12,-0.000442345646495592,30.4214992523193,345.135150007885,3.20798492431641,0.189321890473366,0.272590696811676,5.90307360742667,2903.84075554436,-3423.4018535535,2902.76075487111,-3421.18872161681,2901.68075419786,-3418.97558968012,0,1,1,1
20140118093043.daq,129,5,418.566666666667,1,0,right,-0.228627107500188,205.977661132813,12,-0.000444000263815912,30.4211444854736,349.596954069057,2.98825979232788,0.189477562904358,0.234623834490776,5.89296388187131,2899.82758157931,-3425.35416416632,2898.74891578211,-3423.14038131306,2897.67024998492,-3420.9265984598,0,1,1,1
20140118093043.daq,129,5,418.666666666667,1,0,right,-0.325618300038855,205.94588470459,12,-0.000445676995047046,30.420726776123,354.05870299713,3.0322048664093,0.190371572971344,0.234623834490776,5.87522293044512,2895.81381259485,-3427.30415678704,2894.73637473475,-3425.08977604266,2893.65893687465,-3422.87539529829,0,1,1,1
20140118093043.daq,129,5,418.766666666667,1,0,right,-0.421833081043474,205.91194152832,12,-0.000447379229609168,30.4202480316162,358.520384693129,3.16403985023499,0.190513357520103,0.234623834490776,5.84971630604628,2891.79896141484,-3429.2520982687,2890.72283558758,-3427.03707961701,2889.64670976033,-3424.82206096532,0,1,1,1
20140118093043.daq,129,5,418.866666666667,1,0,right,-0.518029667218514,205.876579284668,12,-0.000449105215909782,30.4198551177979,362.982001091957,3.33981990814209,0.190049543976784,0.234623834490776,5.81640459327958,2887.78330905487,-3431.19777782853,2886.70855051449,-3428.98209542726,2885.63379197411,-3426.76641302599,0,1,1,1
20140118093043.daq,129,5,418.966666666667,1,0,right,-0.606452038156021,205.83203125,12,-0.000450848512813441,30.4195098876953,367.443564968644,4.13082981109619,0.189669713377953,0.272590696811676,5.77575674153467,2883.7657422076,-3433.14109073797,2882.69270670686,-3430.92457337111,2881.61967120613,-3428.70805600425,0,1,1,1
20140118093043.daq,129,5,419.066666666667,1,0,right,-0.667114422977079,205.75830078125,12,-0.000452598942388034,30.4191513061523,371.905076836056,5.93257474899292,0.189466372132301,0.244115486741066,5.72968843371407,2879.74552608283,-3435.0801603398,2878.67534377172,-3432.86226398415,2877.60516146061,-3430.64436762849,0,1,1,1
20140118093043.daq,129,5,419.166666666667,1,0,right,-0.705704127379931,205.661064147949,12,-0.000454343883190708,30.418737411499,376.366532917631,6.41596984863281,0.189986303448677,0.253607153892517,5.67914056265505,2875.72172271039,-3437.014260293,2874.65530592919,-3434.79455092639,2873.588889148,-3432.57484155977,0,0,1,0
20140118093043.daq,129,5,419.266666666667,1,0,right,-0.733729855139018,205.551818847656,12,-0.000456069903217282,30.4183292388916,380.827927385348,6.45991468429565,0.189186200499535,0.225131943821907,5.62623117523164,2871.69367819049,-3438.9412183117,2870.63149564325,-3436.71947965475,2869.56931309601,-3434.4977409978,0,0,1,0
20140118093043.daq,129,5,419.366666666667,1,0,right,-0.752576270687541,205.431938171387,12,-0.00045776427833349,30.4179382324219,385.289264295508,7.3388147354126,0.189676746726036,0.234623834490776,5.5721901252284,2867.66121843097,-3440.85962835075,2866.60368677693,-3438.63567214073,2865.54615512288,-3436.4117159307,0,0,1,0
20140118093043.daq,129,5,419.466666666667,1,0,right,-0.7379603405534,205.297088623047,12,-0.000459415808562683,30.4174175262451,389.750536025062,7.82220983505249,0.190380647778511,0.320049256086349,5.51817418704309,2863.62389158237,-3442.76904647187,2862.57159708601,-3440.54260745039,2861.51930258965,-3438.31616842891,0,0,1,0
20140118093043.daq,129,5,419.566666666667,1,0,right,-0.714855221952632,205.155410766602,12,-0.000461015277011713,30.4168167114258,394.211723411465,7.86615467071533,0.190296113491058,0.215640276670456,5.4660847102194,2859.58136499537,-3444.66861713296,2858.53457912663,-3442.43958286484,2857.48779325788,-3440.21054859673,0,0,1,0
20140118093043.daq,129,5,419.666666666667,1,0,right,-0.689141716286429,205.009590148926,12,-0.000462556291987785,30.4162731170654,398.672826081727,7.95404481887817,0.189421400427818,0.244115486741066,5.41599457455311,2855.53401514003,-3446.55797210836,2854.49290565876,-3444.32628093989,2853.45179617748,-3442.09458977142,0,0,1,0
20140118093043.daq,129,5,419.766666666667,1,0,right,-0.664437830564111,204.863235473633,12,-0.000464035936718378,30.4157047271729,403.133849234444,7.95404481887817,0.190206691622734,0.234623834490776,5.36810676989556,2851.48177360908,-3448.43678665206,2850.44636808523,-3446.20244338733,2849.41096256139,-3443.96810012261,0,0,1,0
20140118093043.daq,129,5,419.866666666667,1,0,right,-0.642904549529817,204.71849822998,12,-0.000465454668021137,30.4150257110596,407.594780117903,7.91009950637817,0.189840480685234,0.187165051698685,5.32184548084167,2847.42498841366,-3450.30540339824,2846.39523045461,-3448.06845168458,2845.36547249557,-3445.83149997093,0,0,1,0
20140118093043.daq,129,5,419.966666666667,1,0,right,-0.626512319679819,204.577339172363,12,-0.000466815698050004,30.414363861084,412.055611435417,7.64642953872681,0.189977958798409,0.225131943821907,5.27719176680082,2843.3637532652,-3452.16366897444,2842.33950958207,-3449.92418704752,2841.31526589893,-3447.6847051206,0,0,1,0
20140118093043.daq,129,5,420.066666666667,1,0,right,-0.617330961600601,204.441818237305,12,-0.000468124391843382,30.4137840270996,416.516351579339,7.3388147354126,0.189945414662361,0.234623834490776,5.23367263255532,2839.298165761,-3454.01192376113,2838.27922195445,-3451.77002547117,2837.2602781479,-3449.52812718121,0,0,1,0
20140118093043.daq,129,5,420.166666666667,1,0,right,-0.616896432462568,204.313461303711,12,-0.000469387943503447,30.4132461547852,420.977010410686,7.07514476776123,0.190164759755135,0.234623834490776,5.1904263212562,2835.22878538318,-3455.85072847547,2834.21486654446,-3453.60655312316,2833.20094770573,-3451.36237777085,0,0,1,0
20140118093043.daq,129,5,420.266666666667,1,0,right,-0.621854439763865,204.188903808594,12,-0.000470615065891597,30.4127330780029,425.437592242193,6.94330978393555,0.19029974937439,0.225131943821907,5.14709215648137,2831.15544929538,-3457.68041798261,2830.14641154768,-3455.43404373794,2829.13737379998,-3453.18766949326,0,0,1,0
20140118093043.daq,129,5,420.366666666667,1,0,right,-0.632413809085733,204.068344116211,12,-0.000471815594984549,30.4122638702393,429.898101363286,6.85541963577271,0.190046966075897,0.225131943821907,5.10289032360726,2827.07865411277,-3459.50149097826,2826.07434533421,-3457.25299852759,2825.07003655564,-3455.00450607692,0,0,1,0
20140118093043.daq,129,5,420.466666666667,1,0,right,-0.646159047200001,203.949356079102,12,-0.000473000251982099,30.4118385314941,434.358545327084,6.81147480010986,0.190185055136681,0.272590696811676,5.05784753081887,2822.99828332283,-3461.31383589557,2821.99864622512,-3459.06326261386,2820.99900912742,-3456.81268933216,0,0,1,0
20140118093043.daq,129,5,420.566666666667,1,0,right,-0.662521165356793,203.831359863281,12,-0.000474180589754558,30.411449432373,438.818929122368,6.81147480010986,0.18974743783474,0.234623834490776,5.01119855592784,2818.91430897889,-3463.11815863178,2817.91930887894,-3460.86553144902,2816.92430877899,-3458.61290426626,0,0,1,0
20140118093043.daq,129,5,420.666666666667,1,0,right,-0.679313931986826,203.712158203125,12,-0.000475368849212684,30.4111480712891,443.2792619108,6.81147480010986,0.189985990524292,0.234623834490776,4.96349564944929,2814.82638261825,-3464.91386863391,2813.83607117225,-3462.65917626834,2812.84575972626,-3460.40448390277,0,0,1,0
20140118093043.daq,129,5,420.766666666667,1,0,right,-0.698265185823345,203.593467712402,12,-0.000476577791661924,30.4108352661133,447.739551944855,6.85541963577271,0.190115049481392,0.244115486741066,4.91431177880218,2810.73507402596,-3466.70104588577,2809.74943538657,-3464.44430688979,2808.76379674718,-3462.18756789381,0,0,1,0
20140118093043.daq,129,5,420.866666666667,1,0,right,-0.718013047727254,203.473915100098,12,-0.000477820374029392,30.4104614257813,452.199790972052,6.94330978393555,0.190139278769493,0.225131943821907,4.86369676318744,2806.64007416674,-3468.47962617478,2805.6591465512,-3466.22083547255,2804.67821893565,-3463.96204477032,0,0,1,0
20140118093043.daq,129,5,420.966666666667,1,0,right,-0.720427140160609,203.34300994873,12,-0.000479109250320242,30.4100551605225,456.659972395069,7.77826452255249,0.189379155635834,0.206148609519005,4.81236793005107,2802.54064549003,-3470.24911633803,2801.56488114782,-3467.98809038243,2800.58911680561,-3465.72706442683,0,0,1,0
20140118093043.daq,129,5,421.066666666667,1,0,right,-0.689995396038967,203.198455810547,12,-0.000480455967335532,30.4095783233643,461.120090712251,8.26165962219238,0.18954436480999,0.244115486741066,4.76171766903441,2798.43692802916,-3472.00940455479,2797.46687123201,-3469.74592399739,2796.49681443486,-3467.48244343998,0,0,1,0
20140118093043.daq,129,5,421.166666666667,1,0,right,-0.655857233499717,203.046508789063,12,-0.000481869566727167,30.4089698791504,465.58012918552,8.30560398101807,0.19008706510067,0.234623834490776,4.71360447057984,2794.32824297503,-3473.75907255888,2793.36419227773,-3471.49302739683,2792.40014158043,-3469.22698223478,0,0,1,0
20140118093043.daq,129,5,421.266666666667,1,0,right,-0.62108404827012,202.892150878906,12,-0.000483356431228368,30.4083442687988,470.040074993225,8.30560398101807,0.189434483647346,0.253607153892517,4.66811300594966,2790.21482572792,-3475.49786532979,2789.25688336922,-3473.22923118987,2788.29894101052,-3470.96059704994,0,0,1,0
20140118093043.daq,129,5,421.366666666667,1,0,right,-0.587928118380887,202.73762512207,12,-0.000484923231419597,30.4077663421631,474.499933030902,8.30560398101807,0.189934983849525,0.339032560586929,4.62573858842502,2786.0965375492,-3477.22515610671,2785.14471713522,-3474.95394666613,2784.19289672125,-3472.68273722555,0,0,1,0
20140118093043.daq,129,5,421.466666666667,1,0,right,-0.557848488606624,202.584381103516,12,-0.00048657128885049,30.4071502685547,478.959703974606,8.30560398101807,0.190112888813019,0.253607153892517,4.58593564516036,2781.97368999988,-3478.94125803883,2781.02794758868,-3476.66751097393,2780.08220517749,-3474.39376390904,0,0,1,0
20140118093043.daq,129,5,421.566666666667,1,0,right,-0.531366015687183,202.432929992676,12,-0.000488295793238731,30.4065494537354,483.419384514016,8.0858793258667,0.189960047602654,0.244115486741066,4.54876068340999,2777.84630631107,-3480.6459519164,2776.90657743921,-3478.36971289757,2775.96684856735,-3476.09347387875,0,0,1,0
20140118093043.daq,129,5,421.666666666667,1,0,right,-0.515532543725556,202.290313720703,12,-0.000490087881457402,30.4060573577881,487.878984183782,7.51459455490112,0.18985515832901,0.253607153892517,4.51277342151881,2773.71519934746,-3482.34030784551,2772.78113922097,-3480.06173677935,2771.84707909448,-3477.78316571319,0,0,1,0
20140118093043.daq,129,5,421.766666666667,1,0,right,-0.513997425908997,202.160171508789,12,-0.000491936916745192,30.4056854248047,492.338521027465,7.03119993209839,0.190280571579933,0.244115486741066,4.47769396138078,2769.58028953312,-3484.02450344194,2768.65140738105,-3481.74381662192,2767.72252522898,-3479.46312980191,0,0,1,0
20140118093043.daq,129,5,421.866666666667,1,0,right,-0.521361778688174,202.037094116211,12,-0.000493832226463214,30.4053764343262,496.798008752565,6.85541963577271,0.189758345484734,0.206148609519005,4.44244987352877,2765.44230069753,-3485.69925930138,2764.51831984123,-3483.41658240777,2763.59433898492,-3481.13390551416,0,0,1,0
20140118093043.daq,129,5,421.966666666667,1,0,right,-0.534531014377819,201.917976379395,12,-0.000495763973014457,30.4050254821777,501.257449340617,6.85541963577271,0.189680561423302,0.253607153892517,4.40627001812636,2761.3008440928,-3487.36540460294,2760.38161090764,-3485.08081169068,2759.46237772248,-3482.79621877842,0,0,1,0
20140118093043.daq,129,5,422.066666666667,1,0,right,-0.548228756314188,201.79753112793,12,-0.0004977234346009,30.4045753479004,505.716831461945,6.89936447143555,0.189966425299644,0.234623834490776,4.36870729510139,2757.15616482011,-3489.02317371747,2756.24173625652,-3486.73665347362,2755.32730769293,-3484.45013322977,0,0,1,0
20140118093043.daq,129,5,422.166666666667,1,0,right,-0.560969648786795,201.676544189453,12,-0.000499703293930274,30.4040393829346,510.176140779608,7.03119993209839,0.189897537231445,0.272590696811676,4.33001192888381,2753.00829919582,-3490.67211599426,2752.09870093019,-3488.38366992354,2751.18910266457,-3486.09522385282,0,0,1,0
20140118093043.daq,129,5,422.266666666667,1,0,right,-0.572384578732454,201.550102233887,12,-0.000501698374755359,30.4034595489502,514.635368015397,7.29486989974976,0.190316021442413,0.234623834490776,4.29023460205502,2748.85653525199,-3492.31223743923,2747.95198940504,-3490.02178961529,2747.04744355809,-3487.73134179135,0,0,1,0
20140118093043.daq,129,5,422.366666666667,1,0,right,-0.581340257884847,201.419311523438,12,-0.00050370665730999,30.402868270874,519.094508716698,7.38275957107544,0.189974367618561,0.215640276670456,4.24936909932405,2744.70116918689,-3493.94334599959,2743.80185416272,-3491.65083931242,2742.90253913855,-3489.35833262525,0,0,1,0
20140118093043.daq,129,5,422.466666666667,1,0,right,-0.591319709213053,201.287643432617,12,-0.000505730439375244,30.4023246765137,523.553566030649,7.38275957107544,0.189804300665855,0.225131943821907,4.20804964861071,2740.54211572493,-3495.56463267991,2739.64807134674,-3493.27006538448,2738.75402696854,-3490.97549808905,0,0,1,0
20140118093043.daq,129,5,422.566666666667,1,0,right,-0.582055545569517,201.155609130859,12,-0.000507776316221813,30.4018154144287,528.012546507944,7.38275957107544,0.189741566777229,0.253607153892517,4.16650554004566,2736.37915417036,-3497.17636630215,2735.49039983862,-3494.87974483546,2734.60164550688,-3492.58312336878,0,0,1,0
20140118093043.daq,129,5,422.666666666667,1,0,right,-0.56504376697302,201.023635864258,12,-0.000509846000023361,30.4013080596924,532.471452456481,7.3388147354126,0.189532577991486,0.253607153892517,4.12641691741115,2732.21254809446,-3498.77832352008,2731.32908608014,-3496.47966101926,2730.44562406583,-3494.18099851844,0,0,1,0
20140118093043.daq,129,5,422.766666666667,1,0,right,-0.551594480010863,200.893173217773,12,-0.000511938348448832,30.4007930755615,536.930283340082,7.29486989974976,0.1901545971632,0.234623834490776,4.08757848046435,2728.04260688625,-3500.37057536177,2727.16438121846,-3498.06990717625,2726.28615555067,-3495.76923899073,0,0,1,0
20140118093043.daq,129,5,422.866666666667,1,0,right,-0.540877352068037,200.763381958008,12,-0.000514054410465381,30.4002361297607,541.389036034929,7.25092458724976,0.190268144011497,0.225131943821907,4.0497450289327,2723.86904825424,-3501.95332529051,2722.99603650403,-3499.65067357837,2722.12302475382,-3497.34802186623,0,0,1,0
20140118093043.daq,129,5,422.966666666667,1,0,right,-0.532565856772692,200.633926391602,12,-0.000516195823914931,30.3996486663818,545.847704386626,7.29486989974976,0.190244376659393,0.244115486741066,4.01277933724045,2719.69185697142,-3503.52655703981,2718.824050116,-3501.22193870154,2717.95624326057,-3498.91732036326,0,0,1,0
20140118093043.daq,129,5,423.066666666667,1,0,right,-0.52708904610796,200.505226135254,12,-0.000518363416015854,30.3991241455078,550.306289770588,7.25092458724976,0.189663991332054,0.253607153892517,3.97610077423411,2715.51153998206,-3505.09053555735,2714.64891204491,-3502.78397372954,2713.78628410776,-3500.47741190174,0,0,1,0
20140118093043.daq,129,5,423.166666666667,1,0,right,-0.523495313036676,200.376319885254,12,-0.000520556667440876,30.3987121582031,554.764806826808,7.25092458724976,0.190103307366371,0.215640276670456,3.9397736965612,2711.32756594614,-3506.64521364777,2710.4701295794,-3504.33671688572,2709.61269321266,-3502.02822012366,0,0,1,0
20140118093043.daq,129,5,423.266666666667,1,0,right,-0.520050562108452,200.247604370117,12,-0.000522773886656548,30.3983345031738,559.223267281272,7.20697975158691,0.189622864127159,0.253607153892517,3.90385124609274,2707.14019673659,-3508.19012262445,2706.28794858913,-3505.8797054503,2705.43570044168,-3503.56928827615,0,0,1,0
20140118093043.daq,129,5,423.366666666667,1,0,right,-0.527236917549942,200.125305175781,12,-0.000525012475046068,30.3979454040527,563.681671553592,6.72358465194702,0.189627900719643,0.272590696811676,3.86742052644787,2702.94970837295,-3509.72605941508,2702.10239380327,-3507.41382836187,2701.25507923359,-3505.10159730865,0,0,1,0
20140118093043.daq,129,5,423.466666666667,1,0,right,-0.540098106621372,200.006561279297,12,-0.000527268895580793,30.3975219726563,568.140016519952,6.76752948760986,0.189777448773384,0.253607153892517,3.83044971393572,2698.7562164061,-3511.2528838188,2697.91369568668,-3508.93890169684,2697.07117496726,-3506.62491957487,0,0,1,0
20140118093043.daq,129,5,423.566666666667,1,0,right,-0.550084667631893,199.8828125,12,-0.000529538171446462,30.397045135498,572.5982951401,7.29486989974976,0.190177366137505,0.253607153892517,3.79253395264344,2694.55958607234,-3512.77090344192,2693.72206510744,-3510.45510702237,2692.88454414254,-3508.13931060282,0,0,1,0
20140118093043.daq,129,5,423.666666666667,1,0,right,-0.552233201008221,199.749084472656,12,-0.000531813274997087,30.3966026306152,577.056505595689,7.95404481887817,0.19013749063015,0.234623834490776,3.75444013417736,2690.35911175439,-3514.27938063413,2689.52699812162,-3511.96163575482,2688.69488448885,-3509.6438908755,0,0,1,0
20140118093043.daq,129,5,423.766666666667,1,0,right,-0.541122790788108,199.599945068359,12,-0.000534085040605635,30.3961868286133,581.514653901244,8.48138427734375,0.189981892704964,0.253607153892517,3.71633849210775,2686.15455854465,-3515.77804094798,2685.3284807529,-3513.45813795315,2684.50240296114,-3511.13823495833,0,0,1,0
20140118093043.daq,129,5,423.866666666667,1,0,right,-0.524607911356611,199.443237304688,12,-0.000536342858452981,30.3957805633545,585.97274185179,8.56927490234375,0.189374879002571,0.348524451255798,3.67911115047244,2681.94578732976,-3517.26580714008,2681.12605770869,-3514.94365344754,2680.30632808762,-3512.621499755,0,0,1,0
20140118093043.daq,129,5,423.966666666667,1,0,right,-0.506911683156773,199.283172607422,12,-0.000538576052967437,30.3952980041504,590.430766113703,8.56927490234375,0.189708814024925,0.234623834490776,3.64332179693377,2677.73274078543,-3518.74191143427,2676.91950165328,-3516.41747676378,2676.10626252112,-3514.09304209329,0,0,1,0
20140118093043.daq,129,5,424.066666666667,1,0,right,-0.488933095966502,199.123718261719,12,-0.000540775340460678,30.3946781158447,594.888708969791,8.56927490234375,0.190595388412476,0.234623834490776,3.60933063250665,2673.51534869329,-3520.20581991357,2672.70858161155,-3517.87913100028,2671.9018145298,-3515.55244208699,0,0,1,0
20140118093043.daq,129,5,424.166666666667,1,0,right,-0.438503635956295,198.96369934082,12,-0.000542933622190945,30.3940773010254,599.346559649866,8.52532958984375,0.190260544419289,0.215640276670456,3.57839706622726,2669.29404822115,-3521.65747358845,2668.49378238687,-3519.3285405671,2667.69351655258,-3516.99960754576,0,0,1,0
20140118093043.daq,129,5,424.266666666667,1,0,right,-0.394110624978794,198.805503845215,12,-0.000545045992255474,30.3936061859131,603.804332094564,8.48138427734375,0.189857661724091,0.225131943821907,3.55096967752853,2665.06869865921,-3523.09748135766,2664.27486612629,-3520.76634765641,2663.48103359337,-3518.43521395516,0,0,1,0
20140118093043.daq,129,5,424.366666666667,1,0,right,-0.353695954430975,198.648902893066,12,-0.000547109175069049,30.3931941986084,608.262040827314,8.34954929351807,0.189686298370361,0.225131943821907,3.52689910166879,2660.83953358336,-3524.52583233435,2660.05207546745,-3522.19253763819,2659.26461735154,-3519.85924294204,0,0,1,0
20140118093043.daq,129,5,424.466666666667,1,0,right,-0.320335432570687,198.496963500977,12,-0.00054912087450176,30.3927555084229,612.719687783021,7.99798965454102,0.190107241272926,0.272590696811676,3.50573867840296,2656.60692814986,-3525.94268295083,2655.82566032591,-3523.60730824627,2655.04439250196,-3521.27193354171,0,0,1,0
20140118093043.daq,129,5,424.566666666667,1,0,right,-0.302331316513119,198.357978820801,12,-0.000551079239562563,30.3922958374023,617.177268509076,7.29486989974976,0.18958292901516,0.272590696811676,3.48632423380458,2652.37123539775,-3527.34894532024,2651.59563487931,-3525.01168233563,2650.82003436086,-3522.67441935102,0,0,1,0
20140118093043.daq,129,5,424.666666666667,1,0,right,-0.302775297833989,198.23503112793,12,-0.000552982664081497,30.3918857574463,621.634784847131,6.63569450378418,0.1895921677351,0.177673399448395,3.46742546147323,2648.13307041445,-3528.74551313442,2647.36248707503,-3526.406591216,2646.5919037356,-3524.06766929759,0,0,1,0
20140118093043.daq,129,5,424.766666666667,1,0,right,-0.310313507369585,198.118873596191,12,-0.000554829740625053,30.3914813995361,626.092242741775,6.59174966812134,0.189990416169167,0.234623834490776,3.4488144558958,2643.89227831715,-3530.13240679713,2643.12643832785,-3527.79192745857,2642.36059833855,-3525.45144812001,0,0,1,0
20140118093043.daq,129,5,424.866666666667,1,0,right,-0.326142922017993,198.006500244141,12,-0.000556619338397549,30.3910312652588,630.549637507273,6.59174966812134,0.190089702606201,0.234623834490776,3.42871188888227,2639.64897345521,-3531.51118327738,2638.88772528291,-3529.1692064108,2638.12647711061,-3526.82722954422,0,0,1,0
20140118093043.daq,129,5,424.966666666667,1,0,right,-0.343284190763768,197.892997741699,12,-0.000558350775529064,30.3905715942383,635.00696553025,6.59174966812134,0.204900488257408,0.253607153892517,3.40707931050649,2635.4031906093,-3532.88183588566,2634.64658336597,-3530.53835558859,2633.88997612265,-3528.19487529151,0,0,1,0
20140118093043.daq,129,5,425.066666666667,1,0,right,-0.363128843389859,197.779747009277,12,-0.000560023884529413,30.3906726837158,639.464244784331,6.59174966812134,0.246897399425507,0.253607153892517,3.38364109036206,2631.15498852515,-3534.24443524848,2630.40301487566,-3531.89946402181,2629.65104122618,-3529.55449279514,0,0,1,0
20140118093043.daq,129,5,425.166666666667,1,0,right,-0.385039278516047,197.66609954834,12,-0.000561638670525674,30.397253036499,643.921893465133,6.63569450378418,0.257776260375977,0.215640276670456,3.35869403519317,2626.90360737101,-3535.59870396712,2626.15628650065,-3533.25224579784,2625.40896563029,-3530.90578762857,0,0,1,0
20140118093043.daq,129,5,425.266666666667,1,0,right,-0.411368902796994,197.554397583008,12,-0.000563194423486987,30.4193248748779,648.381579156519,6.63569450378418,0.257733106613159,0.234623834490776,3.33200919236665,2622.64792513492,-3536.94500673102,2621.90518025946,-3534.59709606973,2621.16243538401,-3532.24918540843,0,0,1,0
20140118093043.daq,129,5,425.366666666667,1,0,right,-0.440549889783256,197.443061828613,12,-0.00056468824801157,30.4582977294922,652.845752262394,6.67963981628418,0.257487952709198,0.215640276670456,3.30323228019833,2618.38543354868,-3538.28423914336,2617.64725247508,-3535.93488963211,2616.90907140148,-3533.58554012086,0,0,1,0
20140118093043.daq,129,5,425.466666666667,1,0,right,-0.467451762170526,197.326950073242,12,-0.00056611359687732,30.5125007629395,657.316797330013,7.20697975158691,0.257054209709167,0.234623834490776,3.2723813051196,2614.11371992717,-3539.61686806856,2613.38030139908,-3537.26602743464,2612.64688287099,-3534.91518680072,0,0,1,0
20140118093043.daq,129,5,425.566666666667,1,0,right,-0.475126376545063,197.189102172852,12,-0.000567459525064353,30.5776958465576,661.796649076496,8.61321926116943,0.257811486721039,0.206148609519005,3.24031143043126,2609.82963620661,-3540.9427468686,2609.10187568255,-3538.59014850869,2608.37411515849,-3536.23755014878,0,0,1,0
20140118093043.daq,129,5,425.666666666667,1,0,right,-0.441043568724581,197.026611328125,12,-0.000568711429213602,30.650260925293,666.286638692225,9.58000946044922,0.257173329591751,0.206148609519005,3.20869396669369,2605.53111648143,-3542.26098578893,2604.8100308446,-3539.90633296361,2604.08894520778,-3537.55168013829,0,0,1,0
20140118093043.daq,129,5,425.766666666667,1,0,right,-0.37581821639003,196.849800109863,12,-0.000569853803000518,30.7276859283447,670.787652875923,9.6678991317749,0.257589131593704,0.225131943821907,3.18069712902807,2601.21713455307,-3543.57040412521,2600.50331865059,-3541.2135372896,2599.78950274811,-3538.85667045399,0,0,1,0
20140118093043.daq,129,5,425.866666666667,1,0,right,-0.311200795291143,196.67261505127,12,-0.000570874462455792,30.8081455230713,675.300262843779,9.27239418029785,0.257160931825638,0.234623834490776,3.1579681010572,2596.88729643195,-3544.87001473309,2596.18077245375,-3542.51095172171,2595.47424847555,-3540.15188871033,0,0,1,0
20140118093043.daq,129,5,425.966666666667,1,0,right,-0.26190035122147,196.506004333496,12,-0.000571768339567118,30.8905429840088,679.82482520086,8.61321926116943,0.256730318069458,0.234623834490776,3.13967189412943,2592.54254086714,-3546.15965733943,2591.84287979895,-3543.79854979993,2591.14321873077,-3541.43744226043,0,0,1,0
20140118093043.daq,129,5,426.066666666667,1,0,right,-0.229491496866103,196.353385925293,12,-0.00057253889486478,30.9741287231445,684.361567636368,8.0419340133667,0.257418990135193,0.253607153892517,3.12545021990142,2588.18275905205,-3547.43975896359,2587.48938972589,-3545.07679611983,2586.79602039974,-3542.71383327607,0,0,1,0
20140118093043.daq,129,5,426.166666666667,1,0,right,-0.207437739763236,196.208213806152,12,-0.000573196221193039,31.058406829834,688.91062442795,7.91009950637817,0.256728559732437,0.225131943821907,3.11346737286719,2583.80841014428,-3548.71168975837,2583.12103015067,-3546.34697768968,2582.43365015705,-3543.98226562099,0,0,1,0
20140118093043.daq,129,5,426.266666666667,1,0,right,-0.19126291359737,196.06600189209,12,-0.00057375275917245,31.1430568695068,693.47207297175,7.91009950637817,0.25674968957901,0.272590696811676,3.10281290284131,2579.41930851003,-3549.9761928023,2578.73779999948,-3547.60978189684,2578.05629148894,-3545.24337099138,0,0,1,0
20140118093043.daq,129,5,426.366666666667,1,0,right,-0.179133435667495,195.92276763916,12,-0.000574219179411234,31.2277908325195,698.045945694888,7.95404481887817,0.257856965065002,0.215640276670456,3.09256658859077,2575.01529135484,-3551.23379168053,2574.33970078036,-3548.86568446187,2573.66411020588,-3546.4975772432,0,0,1,0
20140118093043.daq,129,5,426.466666666667,1,0,right,-0.166312147045971,195.777992248535,12,-0.00057460240646429,31.3125076293945,702.632244205903,7.95404481887817,0.257783532142639,0.206148609519005,3.08280294354977,2570.59609398715,-3552.48421460613,2569.92648931351,-3550.11440786201,2569.25688463988,-3547.74460111789,0,0,1,0
20140118093043.daq,129,5,426.566666666667,1,0,right,-0.158220234931775,195.632759094238,12,-0.000574906045125377,31.3972873687744,707.230972421223,7.95404481887817,0.257241308689117,0.215640276670456,3.07378287255975,2566.16176074835,-3553.72678602342,2565.49816519782,-3551.35528958261,2564.83456964729,-3548.98379314181,0,0,1,0
20140118093043.daq,129,5,426.666666666667,1,0,right,-0.15427216310195,195.488609313965,12,-0.000575132122958669,31.4819374084473,711.842129571549,7.91009950637817,0.257234662771225,0.320049256086349,3.06497060095966,2561.71235380205,-3554.96183163641,2561.05472676551,-3552.58867317051,2560.39709972897,-3550.21551470462,0,0,1,0
20140118093043.daq,129,5,426.766666666667,1,0,right,-0.151581122326888,195.342643737793,12,-0.000575282867076135,31.5662803649902,716.465679593077,7.91009950637817,0.257272064685822,0.215640276670456,3.05678143628779,2557.24800075393,-3556.18846550104,2556.5964216557,-3553.81363938063,2555.94484255748,-3551.43881326021,0,0,1,0
20140118093043.daq,129,5,426.866666666667,1,0,right,-0.153341300295665,195.198043823242,12,-0.000575361618511701,31.6503009796143,721.101576654235,7.77826452255249,0.257883310317993,0.253607153892517,3.04867155391355,2552.76834110826,-3557.40710046384,2552.12275753334,-3555.03063748891,2551.47717395841,-3552.65417451397,0,0,1,0
20140118093043.daq,129,5,426.966666666667,1,0,right,-0.164977337409596,195.05778503418,12,-0.000575372711002121,31.7340469360352,725.749775506245,7.47064971923828,0.256587445735931,0.263098806142807,3.03961401068474,2548.27422517463,-3558.61789553363,2547.63446105657,-3556.23985930669,2546.9946969385,-3553.86182307974,0,0,1,0
20140118093043.daq,129,5,427.066666666667,1,0,right,-0.187036630796285,194.927223205566,12,-0.000575320852805622,31.8175086975098,730.41023766085,6.85541963577271,0.257802814245224,0.244115486741066,3.02920933087791,2543.76561961251,-3559.82138203941,2543.13127606227,-3557.44189413574,2542.49693251204,-3555.06240623207,0,0,1,0
20140118093043.daq,129,5,427.166666666667,1,0,right,-0.209704517721093,194.806198120117,12,-0.000575210437437611,31.900634765625,735.082915677942,6.5038595199585,0.256638526916504,0.130214855074883,3.0163554309786,2539.24300285701,-3561.0177982273,2538.61368687769,-3558.63697571783,2537.98437089836,-3556.25615320836,0,0,1,0
20140118093043.daq,129,5,427.266666666667,1,0,right,-0.206011555496957,194.691215515137,12,-0.00057504490293834,31.9834957122803,739.767766033843,6.5038595199585,0.25627726316452,0.244115486741066,3.00347177647749,2534.70647798135,-3562.20769187401,2534.08194116028,-3559.82561123252,2533.45740433921,-3557.44353059103,0,0,1,0
20140118093043.daq,129,5,427.366666666667,1,0,right,-0.206248097686625,194.576538085938,12,-0.000574826072826933,32.065975189209,744.464742873672,6.5478048324585,0.258238226175308,0.225131943821907,2.99028968733333,2530.15606145072,-3563.39197754514,2529.53629360877,-3561.00865166615,2528.91652576681,-3558.62532578715,0,0,1,0
20140118093043.daq,129,5,427.466666666667,1,0,right,-0.206478863478651,194.458221435547,12,-0.000574553646556814,32.1480903625488,749.173788033757,6.67963981628418,0.25705674290657,0.215640276670456,2.97703633467008,2525.59135428328,-3564.57019939972,2524.97650936321,-3562.18559877326,2524.36166444314,-3559.80099814681,0,0,1,0
20140118093043.daq,129,5,427.566666666667,1,0,right,-0.20926231845192,194.336845397949,12,-0.000574225300819966,32.2299880981445,753.894860974378,6.81147480010986,0.25755587220192,0.225131943821907,2.96301275032039,2521.01262453214,-3565.74214362205,2520.40283255326,-3563.35624585267,2519.79304057439,-3560.97034808329,0,0,1,0
20140118093043.daq,129,5,427.666666666667,1,0,right,-0.212025830920481,194.213706970215,12,-0.000573837528637149,32.3115692138672,758.627923650192,6.81147480010986,0.256745755672455,0.225131943821907,2.94894385216046,2516.4196797106,-3566.90739106048,2515.81501683836,-3564.52018825502,2515.21035396613,-3562.13298544957,0,0,1,0
20140118093043.daq,129,5,427.766666666667,1,0,right,-0.219341994150227,194.089370727539,12,-0.000573386767014744,32.3927192687988,763.372920858172,6.76752948760986,0.257647663354874,0.263098806142807,2.93400769519785,2511.81278654776,-3568.06572761924,2511.21330550867,-3565.67721827088,2510.61382446957,-3563.28870892252,0,0,1,0
20140118093043.daq,129,5,427.866666666667,1,0,right,-0.232511423809569,193.967094421387,12,-0.000572870328057028,32.4734382629395,768.129787604197,6.59174966812134,0.257964432239532,0.234623834490776,2.91859169127448,2507.19158351052,-3569.21684076935,2506.59720120817,-3566.82705749422,2506.00281890583,-3564.43727421909,0,0,1,0
20140118093043.daq,129,5,427.966666666667,1,0,right,-0.253621678236755,193.84895324707,12,-0.000572286981336501,32.553882598877,772.898470969825,6.37202453613281,0.256430268287659,0.234623834490776,2.90163421634624,2502.55688255667,-3570.36108748641,2501.96742913392,-3567.97008370435,2501.37797571118,-3565.57907992228,0,0,1,0
20140118093043.daq,129,5,428.066666666667,1,0,right,-0.280923253826643,193.733184814453,12,-0.000571636983165803,32.6341400146484,777.678939856725,6.37202453613281,0.256618052721024,0.263098806142807,2.88270073645097,2497.9083702382,-3571.49861742708,2497.32374913496,-3569.10642751216,2496.73912803171,-3566.71423759723,0,0,1,0
20140118093043.daq,129,5,428.166666666667,1,0,right,-0.314611507663926,193.617645263672,12,-0.000570921497799664,32.7140045166016,782.47115351536,6.28413486480713,0.256877988576889,0.215640276670456,2.86117773406193,2493.24645165963,-3572.6295589739,2492.66665570178,-3570.23619500854,2492.08685974393,-3567.84283104318,0,0,1,0
20140118093043.daq,129,5,428.266666666667,1,0,right,-0.363193299631234,193.515419006348,12,-0.000570141807829441,32.7934341430664,787.275047930725,5.14156484603882,0.257501780986786,0.263098806142807,2.83558442749448,2488.57138426377,-3573.75462320896,2487.99585943003,-3571.36022859044,2487.42033459629,-3568.96583397193,0,0,1,0
20140118093043.daq,129,5,428.366666666667,1,0,right,-0.440284489843521,193.435394287109,12,-0.000569298793809714,32.8725776672363,792.090568599153,4.26266479492188,0.25713711977005,0.263098806142807,2.80501154072546,2483.88374844184,-3574.87454047472,2483.31156840696,-3572.47934435934,2482.73938837209,-3570.08414824396,0,0,1,0
20140118093043.daq,129,5,428.466666666667,1,0,right,-0.53235958855322,193.366355895996,12,-0.000568392537198193,32.9515228271484,796.917683303333,4.30660963058472,0.257049411535263,0.215640276670456,2.7677557617528,2479.18408718591,-3575.99041287142,2478.61479365064,-3573.59452904825,2478.04550011538,-3571.19864522508,0,0,1,0
20140118093043.daq,129,5,428.566666666667,1,0,right,-0.627502236864245,193.296371459961,12,-0.000567421613922941,33.0301742553711,801.756356282509,4.70211458206177,0.258206903934479,0.272590696811676,2.72261395321444,2474.47194320669,-3577.10305672025,2473.90557656884,-3574.70647931592,2473.33920993099,-3572.30990191158,0,0,1,0
20140118093043.daq,129,5,428.666666666667,1,0,right,-0.675127743830672,193.217338562012,12,-0.00056638252496988,33.108512878418,806.606540865878,5.05367469787598,0.25576376914978,0.272590696811676,2.67027601618599,2469.74700827321,-3578.21276248023,2469.18394797434,-3575.81540611889,2468.62088767547,-3573.41804975755,0,0,1,0
20140118093043.daq,129,6,433.633333333333,1,0,right,0.595809759332951,184.709579467773,12,-0.000423782988320955,36.607780456543,0,11.4256992340088,0.237342372536659,0.196656957268715,2.76185002403078,2218.33327141435,-3617.70672954146,2218.13108003931,-3615.25245305514,2217.92888866427,-3612.79817656882,1,0,0,0
20140118093043.daq,129,6,433.733333333333,1,0,right,0.666348018568385,184.455978393555,12,-0.000419867385397911,36.6700401306152,5.37374847588944,10.502854347229,0.152921229600906,0.225131943821907,2.81270637656301,2212.96618547746,-3618.14131427878,2212.77485910163,-3615.68616690207,2212.5835327258,-3613.23101952537,1,0,0,0
20140118093043.daq,129,6,433.833333333333,1,0,right,0.680406284139167,184.228622436523,12,-0.000415859532798156,36.7229080200195,10.7561288598918,8.9208345413208,0.120520770549774,0.206148609519005,2.87201502544313,2207.58943119034,-3618.55351025899,2207.40784859016,-3616.09762300939,2207.22626598999,-3613.64173575979,1,0,0,0
20140118093043.daq,129,6,433.933333333333,1,0,right,0.652270681078505,184.030395507813,12,-0.00041175939374028,36.7494926452637,16.1444898211794,7.91009950637817,0.112470917403698,0.253607153892517,2.93213167672766,2202.20624706414,-3618.94472030518,2202.03316219774,-3616.48821953122,2201.86007733134,-3614.03171875727,1,0,0,0
20140118093043.daq,129,6,434.033333333333,1,0,right,0.624948094636011,183.848823547363,12,-0.000407571759135273,36.7439575195313,21.534398332371,7.73431968688965,0.124730966985226,0.253607153892517,2.98949229563233,2196.82065180484,-3619.31713457368,2196.65535251559,-3616.86009762475,2196.49005322634,-3614.40306067582,1,0,0,0
20140118093043.daq,129,6,434.133333333333,1,0,right,0.759620690449083,183.669158935547,12,-0.000403304016559837,36.7083549499512,26.9212474578781,7.64642953872681,0.133451133966446,0.253607153892517,3.05298924542554,2191.4373426727,-3619.67231297462,2191.27974881016,-3617.21476977095,2191.12215494761,-3614.75722656727,1,0,0,0
20140118093043.daq,129,6,434.233333333333,1,0,right,0.867172399964829,183.495086669922,12,-0.000398963991989153,36.6543045043945,32.3012918770291,7.29486989974976,0.139769181609154,0.225131943821907,3.12767734201368,2186.06032919069,-3620.01072202839,2185.91020238996,-3617.55271137602,2185.76007558923,-3615.09470072366,1,0,0,0
20140118093043.daq,129,6,434.333333333333,1,0,right,0.948074184273651,183.328094482422,12,-0.000394558734859074,36.5942306518555,37.6729157354912,6.85541963577271,0.142471119761467,0.244115486741066,3.21024633687913,2180.6916033136,-3620.33318535337,2180.54864116849,-3617.87474758753,2180.40567902338,-3615.4163098217,1,0,0,0
20140118093043.daq,129,6,434.433333333333,1,0,right,1.00100835026819,183.168670654297,12,-0.000390094058413003,36.5308723449707,43.0354605132961,6.81147480010986,0.143572732806206,0.272590696811676,3.29965634179568,2175.33215156959,-3620.63924596318,2175.19603050014,-3618.18041992665,2175.05990943069,-3615.72159389013,1,0,0,0
20140118093043.daq,129,6,434.533333333333,1,0,right,1.0290980617599,183.01163482666,12,-0.000385574300698926,36.4662780761719,48.3886038974633,6.85541963577271,0.144299268722534,0.234623834490776,3.39257228038066,2169.98207031154,-3620.92981344181,2169.85268887622,-3618.47062356146,2169.72330744091,-3616.01143368111,1,0,0,0
20140118093043.daq,129,6,434.633333333333,1,0,right,1.03827378905299,182.854835510254,12,-0.000381002128719969,36.401439666748,53.7322491894247,6.85541963577271,0.144281893968582,0.253607153892517,3.48758284215514,2164.64081065396,-3621.20475826334,2164.51815967198,-3618.7452235187,2164.39550869,-3616.28568877407,1,0,0,0
20140118093043.daq,129,6,434.733333333333,1,0,right,1.02649921426774,182.698547363281,12,-0.00037637857998536,36.3366203308105,59.0663851527661,6.81147480010986,0.144610971212387,0.272590696811676,3.58240947225878,2159.30789177465,-3621.46458546881,2159.1919502187,-3619.00472531444,2159.07600866276,-3616.54486516008,1,0,0,0
20140118093043.daq,129,6,434.833333333333,1,0,right,0.994004651434011,182.542518615723,12,-0.000371703355774325,36.2718467712402,64.3910176155023,6.81147480010986,0.144491046667099,0.253607153892517,3.67515763299376,2153.98379485997,-3621.70927997636,2153.87455245463,-3619.24911320959,2153.7653100493,-3616.78894644282,1,0,0,0
20140118093043.daq,129,6,434.933333333333,1,0,right,0.940010227420998,182.387504577637,12,-0.000366975131828144,36.2070846557617,69.706151100183,6.81147480010986,0.144524559378624,0.263098806142807,3.7637303752089,2148.66805202871,-3621.93913191307,2148.56546600942,-3619.47867859465,2148.46287999014,-3617.01822527624,1,0,0,0
20140118093043.daq,129,6,435.033333333333,1,0,right,0.865694434388729,182.232299804688,12,-0.000362191730069202,36.1423568725586,75.0117883110106,6.81147480010986,0.14490082859993,0.244115486741066,3.84635325860574,2143.36136271897,-3622.15406829618,2143.26544202826,-3619.69334611671,2143.16952133755,-3617.23262393724,1,0,0,0
20140118093043.daq,129,6,435.133333333333,1,0,right,0.76990720014544,182.078025817871,12,-0.000357350172953777,36.0776863098145,80.3079357753704,6.81147480010986,0.144364729523659,0.234623834490776,3.92068953501907,2138.06400126253,-3622.35464569032,2137.97470662505,-3619.89367415632,2137.88541198757,-3617.43270262232,1,0,0,0
20140118093043.daq,129,6,435.233333333333,1,0,right,0.653359303932689,181.923942565918,12,-0.000352446810060107,36.0131187438965,85.5946055222994,6.81147480010986,0.144642412662506,0.253607153892517,3.98579663474023,2132.77545923178,-3622.54008685121,2132.6927831017,-3620.07888408001,2132.61010697161,-3617.61768130882,1,0,0,0
20140118093043.daq,129,6,435.333333333333,1,0,right,0.547107808048622,181.77074432373,12,-0.000347477686657767,35.948673248291,90.8718140101373,6.81147480010986,0.144484996795654,0.263098806142807,4.03871179153895,2127.4959990891,-3622.71141080327,2127.41990404448,-3620.24999576967,2127.34380899987,-3617.78858073607,1,0,0,0
20140118093043.daq,129,6,435.433333333333,1,0,right,0.67709861404785,181.616676330566,12,-0.00034243910357718,35.8843574523926,96.1395801682993,6.81147480010986,0.144711822271347,0.253607153892517,4.09451281483419,2122.22533010658,-3622.86777821052,2122.15585405874,-3620.40616745692,2122.0863780109,-3617.94455670333,1,0,0,0
20140118093043.daq,129,6,435.533333333333,1,0,right,0.786937224693133,181.464256286621,12,-0.000337328421851353,35.8201522827148,101.397921480857,6.67963981628418,0.144839107990265,0.282082378864288,4.1611148994832,2116.96376273087,-3623.00983118004,2116.90083537589,-3620.54804431448,2116.8379080209,-3618.08625744892,1,0,0,0
20140118093043.daq,129,6,435.633333333333,1,0,right,0.871584835953342,181.31852722168,12,-0.000332144716257935,35.7560615539551,106.646854499397,6.37202453613281,0.144891917705536,0.149198174476624,4.23655444737451,2111.71167143198,-3623.13787881278,2111.65500571052,-3620.67593985752,2111.59833998905,-3618.21400090225,1,0,0,0
20140118093043.daq,129,6,435.733333333333,1,0,right,0.930203030436246,181.180328369141,12,-0.000326889201801998,35.692081451416,111.886395309259,6.10835456848145,0.144518256187439,0.234623834490776,4.31846273631217,2106.46858652564,-3623.25270634204,2106.41785922156,-3620.79063786938,2106.36713191748,-3618.32856939672,1,0,0,0
20140118093043.daq,129,6,435.833333333333,1,0,right,0.964086408619664,181.048362731934,12,-0.000321565377358194,35.6281929016113,117.1165592498,5.93257474899292,0.145024657249451,0.234623834490776,4.40532167650629,2101.23520376965,-3623.35423568292,2101.19014731707,-3620.89205690397,2101.14509086448,-3618.42987812502,1,0,0,0
20140118093043.daq,129,6,435.933333333333,1,0,right,0.974241587923245,180.923522949219,12,-0.00031617871393549,35.5644226074219,122.337361287384,5.53706979751587,0.145062386989594,0.263098806142807,4.49360888359083,2096.01105509151,-3623.44398763004,2095.9713634974,-3620.98171652377,2095.93167190329,-3618.51944541749,1,0,0,0
20140118093043.daq,129,6,436.033333333333,1,0,right,0.949632213967504,180.81330871582,12,-0.000310736042576351,35.5007781982422,127.548819698692,4.87789487838745,0.144993558526039,0.253607153892517,4.58144726553593,2090.79681683558,-3623.52266832587,2090.76186173977,-3621.06032542434,2090.72690664397,-3618.59798252281,1,0,0,0
20140118093043.daq,129,6,436.133333333333,1,0,right,0.8952799431637,180.716773986816,12,-0.000305245005877443,35.4372634887695,132.750952807028,4.35055494308472,0.144787311553955,0.234623834490776,4.66609679731568,2085.59221570058,-3623.59119834997,2085.56140932807,-3621.12880004936,2085.53060295556,-3618.66640174875,1,0,0,0
20140118093043.daq,129,6,436.233333333333,1,0,right,0.803379158976838,180.637069702148,12,-0.000299713762260041,35.3738822937012,137.943780334421,3.69137978553772,0.145049154758453,0.282082378864288,4.74441178828528,2080.39757120406,-3623.65123815236,2080.37019030793,-3621.18879937953,2080.3428094118,-3618.72636060669,1,0,0,0
20140118093043.daq,129,6,436.333333333333,1,0,right,0.674691854648188,180.578620910645,12,-0.000294150904821273,35.310619354248,143.1273204643,2.72458982467651,0.144845351576805,0.225131943821907,4.81291450434534,2075.21274642313,-3623.70452668982,2075.18787753335,-3621.24206126635,2075.16300864357,-3618.77959584289,1,0,0,0
20140118093043.daq,129,6,436.433333333333,1,0,right,0.502523460103419,180.54564666748,12,-0.000288565598195591,35.2474899291992,148.30159259233,1.7577999830246,0.145098075270653,0.225131943821907,4.8683326821133,2070.03833183059,-3623.7530343017,2070.01488011613,-3621.29055497376,2069.99142840168,-3618.82807564582,1,0,0,0
20140118093043.daq,129,6,436.533333333333,1,0,right,0.287787168099896,180.533645629883,12,-0.000282968100217892,35.1844444274902,153.466611778122,1.23045992851257,0.146680667996407,0.215640276670456,4.90711831735478,2064.87421145973,-3623.79843812181,2064.85127553085,-3621.33595393575,2064.82833960196,-3618.87346974969,1,0,0,0
20140118093043.daq,129,6,436.633333333333,1,0,right,0.047792200040135,180.532165527344,12,-0.000277370227868635,35.1214981079102,158.622391635932,1.01073491573334,0.148304671049118,0.272590696811676,4.9257910787838,2059.71987734801,-3623.84278059925,2059.69700503166,-3621.38029582152,2059.6741327153,-3618.91781104378,1,0,0,0
20140118093043.daq,129,6,436.733333333333,1,0,right,-0.0499254595330285,180.553802490234,12,-0.000271785440471109,35.0586280822754,163.768945407035,-0.263669967651367,0.149034455418587,0.282082378864288,4.92716596500944,2054.5754023982,-3623.88830194546,2054.55160016,-3621.42582598073,2054.5277979218,-3618.963350016,1,0,0,0
20140118093043.daq,129,6,436.833333333333,1,0,right,-0.161771952699041,180.606857299805,12,-0.000266228654234758,34.9957962036133,168.906281763526,-1.97752487659454,0.149246856570244,0.272590696811676,4.92198185677297,2049.4414859586,-3623.93624467063,2049.4154035247,-3621.47379180203,2049.3893210908,-3619.01133893343,1,0,0,0
20140118093043.daq,129,6,436.933333333333,1,0,right,-0.365210187414164,180.703071594238,12,-0.0002607158346739,34.9329528808594,174.034401591261,-3.42770981788635,0.149212315678596,0.225131943821907,4.90320970519306,2044.31867500914,-3623.99025823247,2044.28845752465,-3621.52785263488,2044.25824004016,-3619.06544703728,1,0,0,0
20140118093043.daq,129,6,437.033333333333,1,0,right,-0.638519551206457,180.824012756348,12,-0.000255262989368131,34.8701324462891,179.153305403115,-3.69137978553772,0.149279549717903,0.263098806142807,4.86465477065566,2039.20639117089,-3624.05237865834,2039.17097605895,-3621.59004233012,2039.13556094701,-3619.1277060019,1,0,0,0
20140118093043.daq,129,6,437.133333333333,1,0,right,-0.955078125,180.955078125,12,-0.000249884355040389,34.8073921203613,184.263001265061,-3.64743494987488,0.14925691485405,0.234623834490776,4.79937419352183,2034.10426994802,-3624.12512373112,2034.06322228459,-3621.66287485808,2034.02217462116,-3619.20062598505,1,0,0,0
20140118093043.daq,129,6,437.233333333333,1,0,right,-1.08526611328125,181.085266113281,12,-0.000244590368904324,34.7447319030762,189.363500926404,-3.51559972763062,0.15113839507103,0.310557574033737,4.71477246523083,2029.01142187626,-3624.20952607853,2028.96477957945,-3621.7473768305,2028.91813728265,-3619.28522758247,1,0,0,0
20140118093043.daq,129,6,437.333333333333,1,0,right,-1.20469665527344,181.204696655273,12,-0.000239386297976227,34.6821975708008,194.454819027127,-2.94431495666504,0.164371982216835,0.244115486741066,4.61887995042617,2023.92783498101,-3624.30522470696,2023.87606054702,-3621.84317803165,2023.82428611303,-3619.38113135633,1,0,0,0
20140118093043.daq,129,6,437.433333333333,1,0,right,-1.31510925292969,181.31510925293,12,-0.000234271948623902,34.6205673217773,199.537006387598,-2.54880976676941,0.169806063175201,0.234623834490776,4.51214146587984,2018.85318413382,-3624.4118395179,2018.79666527896,-3621.94989718664,2018.74014642409,-3619.48795485537,1,0,0,0
20140118093043.daq,129,6,437.533333333333,1,0,right,-1.41422271728516,181.414222717285,12,-0.000229242173611503,34.5622825622559,204.610379586022,-2.32908487319946,0.171581670641899,0.253607153892517,4.3959669458516,2013.78704037386,-3624.5277674632,2013.72626279926,-3622.06592658494,2013.66548522467,-3619.60408570668,1,0,0,0
20140118093043.daq,129,6,437.633333333333,1,0,right,-1.50348663330078,181.503486633301,12,-0.000224287603440576,34.5083847045898,209.675513918199,-1.53807497024536,0.171496570110321,0.234623834490776,4.27139522157362,2008.72907186852,-3624.65212209684,2008.66445894612,-3622.19037889462,2008.59984602371,-3619.72863569239,1,0,0,0
20140118093043.daq,129,6,437.733333333333,1,0,right,-1.53066253662109,181.530662536621,12,-0.000219394988687681,34.46044921875,214.733164929028,2.46091985702515,0.171709954738617,0.244115486741066,4.14271437999759,2003.67680568416,-3624.78073620225,2003.61102514214,-3622.31902392342,2003.54524460011,-3619.8573116446,1,0,0,0
20140118093043.daq,129,6,437.833333333333,1,0,right,-1.48978424072266,181.489784240723,12,-0.000214547283676743,34.4174461364746,219.784178287953,4.83394956588745,0.17100864648819,0.253607153892517,4.01287212725317,1998.62837120508,-3624.91080596835,1998.564347015,-3622.44904738422,1998.50032282491,-3619.9872888001,1,0,0,0
20140118093043.daq,129,6,437.933333333333,1,0,right,-1.39321136474609,181.393211364746,12,-0.000209724589048788,34.3772506713867,224.829110268107,6.24018955230713,0.171418651938438,0.225131943821907,3.88735485958654,1993.58324509852,-3625.03649193618,1993.52337032758,-3622.57462893527,1993.46349555665,-3620.11276593437,1,0,0,0
20140118093043.daq,129,6,438.033333333333,1,0,right,-1.26177215576172,181.261772155762,12,-0.000204905176452557,34.3385772705078,229.868268822218,6.98725461959839,0.170829609036446,0.253607153892517,3.7708618870801,1988.54174049463,-3625.15320292917,1988.48751350563,-3622.69120905081,1988.43328651663,-3620.22921517245,1,0,0,0
20140118093043.daq,129,6,438.133333333333,1,0,right,-1.12223815917969,181.12223815918,12,-0.000200069301991874,34.3008766174316,234.901830469453,6.5478048324585,0.170312404632568,0.225131943821907,3.66588331222656,1983.50456215643,-3625.25842358676,1983.4563310841,-3622.79630494886,1983.40810001177,-3620.33418631096,1,0,0,0
20140118093043.daq,129,6,438.233333333333,1,0,right,-0.99322509765625,180.993225097656,12,-0.00019520414633184,34.2638664245605,239.929916246194,5.71284961700439,0.170484080910683,0.253607153892517,3.57392448643345,1978.47280142483,-3625.35060916022,1978.43011442927,-3622.88838816204,1978.38742743371,-3620.42616716387,1,0,0,0
20140118093043.daq,129,6,438.333333333333,1,0,right,-0.884140014648438,180.884140014648,12,-0.000190304964333534,34.2273139953613,244.952610309088,4.83394956588745,0.170850560069084,0.263098806142807,3.49343255112248,1973.44681619102,-3625.43131574376,1973.40881707745,-3622.96901793667,1973.37081796387,-3620.50672012958,1,0,0,0
20140118093043.daq,129,6,438.433333333333,1,0,right,-0.793792724609375,180.793792724609,12,-0.000185373723533741,34.1910705566406,249.969966322573,4.30660963058472,0.170423209667206,0.253607153892517,3.42295562380328,1968.42693541306,-3625.50193798838,1968.39281903832,-3623.03958332335,1968.35870266359,-3620.57722865831,1,0,0,0
20140118093043.daq,129,6,438.533333333333,1,0,right,-0.718460083007813,180.718460083008,12,-0.00018041598777405,34.1551246643066,254.982028626242,3.8232147693634,0.170251086354256,0.272590696811676,3.3596716207319,1963.41293716508,-3625.56517896325,1963.38205832929,-3623.10278157027,1963.35117949351,-3620.6403841773,1,0,0,0
20140118093043.daq,129,6,438.633333333333,1,0,right,-0.656448364257813,180.656448364258,12,-0.000175437359233172,34.1194114685059,259.988837643265,3.33981990814209,0.170507028698921,0.215640276670456,3.30221408523448,1958.4047749732,-3625.62264499102,1958.37656122902,-3623.16021561984,1958.34834748484,-3620.69778624865,1,0,0,0
20140118093043.daq,129,6,438.733333333333,1,0,right,-0.604080200195313,180.604080200195,12,-0.000170440704519031,34.0838050842285,264.99041729185,3.16403985023499,0.170631170272827,0.253607153892517,3.25017811150548,1953.40223130499,-3625.67484333001,1953.37626822506,-3623.2123892001,1953.35030514513,-3620.74993507019,1,0,0,0
20140118093043.daq,129,6,438.833333333333,1,0,right,-0.556816101074219,180.556816101074,12,-0.000165424822560058,34.0482368469238,269.986777922568,3.07614994049072,0.170728966593742,0.234623834490776,3.20230844057279,1948.40519020183,-3625.72271595174,1948.38125844376,-3623.26024124235,1948.35732668568,-3620.79776653296,1,0,0,0
20140118093043.daq,129,6,438.933333333333,1,0,right,-0.509986877441406,180.509986877441,12,-0.000160384929921346,34.0126953125,274.977923778217,3.07614994049072,0.170545622706413,0.253607153892517,3.15830988489123,1943.41341145177,-3625.76670811728,1943.39149234148,-3623.30421467038,1943.36957323119,-3620.84172122348,1,0,0,0
20140118093043.daq,129,6,439.033333333333,1,0,right,-0.465682983398438,180.465682983398,12,-0.000155316016505786,33.9772109985352,279.963861199682,2.98825979232788,0.170998990535736,0.253607153892517,3.11865772523227,1938.42682535832,-3625.80646032675,1938.40681037455,-3623.3439506671,1938.38679539079,-3620.88144100746,1,0,0,0
20140118093043.daq,129,6,439.133333333333,1,0,right,-0.421775817871094,180.421775817871,12,-0.000150219803810188,33.9417533874512,284.944596154864,2.98825979232788,0.170915201306343,0.244115486741066,3.0827915631746,1933.44537826146,-3625.8423298691,1933.42725036512,-3623.37980559454,1933.40912246879,-3620.91728131998,1,0,0,0
20140118093043.daq,129,6,439.233333333333,1,0,right,-0.376724243164063,180.376724243164,12,-0.000145109190274664,33.9063529968262,289.920134331911,3.0322048664093,0.170862272381783,0.253607153892517,3.05086225648066,1928.46915366118,-3625.87422179028,1928.45296204893,-3623.41168402303,1928.43677043668,-3620.94914625579,1,0,0,0
20140118093043.daq,129,6,439.333333333333,1,0,right,-0.329010009765625,180.329010009766,12,-0.000140003533289782,33.8709945678711,294.890484216425,3.33981990814209,0.170699313282967,0.244115486741066,3.02320918297579,1923.4981138597,-3625.90204242499,1923.48397298157,-3623.43949202774,1923.46983210343,-3620.97694163049,1,0,0,0
20140118093043.daq,129,6,439.433333333333,1,0,right,-0.269462585449219,180.269462585449,12,-0.00013492074273422,33.8356971740723,299.855651822929,3.99899482727051,0.170726791024208,0.225131943821907,3.00007522562104,1918.53178696605,-3625.92522602727,1918.52020542031,-3623.46266226338,1918.50862387457,-3621.00009849948,1,0,0,0
20140118093043.daq,129,6,439.533333333333,1,0,right,-0.204498291015625,180.204498291016,12,-0.000129868870088779,33.8005142211914,304.815650485933,3.95504975318909,0.170169696211815,0.234623834490776,2.98178500806004,1913.57033439123,-3625.94343518205,1913.56154500769,-3623.48085986946,1913.55275562415,-3621.01828455687,1,0,0,0
20140118093043.daq,129,6,439.633333333333,1,0,right,-0.137115478515625,180.137115478516,12,-0.000124846248457911,33.7654037475586,309.770495451548,3.8232147693634,0.169952034950256,0.263098806142807,2.96907641078465,1908.61370935518,-3625.95612211456,1908.60781609352,-3623.49353816819,1908.60192283186,-3621.03095422183,1,0,0,0
20140118093043.daq,129,6,439.733333333333,1,0,right,-0.0759201049804688,180.07592010498,12,-0.000119849719718105,33.7303276062012,314.720193433657,3.51559996604919,0.170587375760078,0.244115486741066,2.96235835215861,1903.66249083591,-3625.96284157229,1903.65922776638,-3623.50025273616,1903.65596469685,-3621.03766390004,1,0,0,0
20140118093043.daq,129,6,439.833333333333,1,0,right,-0.02105712890625,180.021057128906,12,-0.00011488108729532,33.6953239440918,319.664751519136,3.25192975997925,0.1697718501091,0.253607153892517,2.96085940838054,1898.7165591077,-3625.96457956779,1898.71565406556,-3623.5019887361,1898.71474902342,-3621.03939790441,1,0,0,0
20140118093043.daq,129,6,439.933333333333,1,0,right,0.0279617309570313,179.972038269043,12,-0.000109947320943148,33.6603775024414,324.604180804541,3.12009477615356,0.17039680480957,0.282082378864288,2.96395650537224,1893.77614519923,-3625.96130637465,1893.77734700336,-3623.49871566991,1893.77854880748,-3621.03612496516,1,0,0,0
20140118093043.daq,129,6,440.033333333333,1,0,right,0.0748138427734375,179.925186157227,12,-0.000105055950118538,33.6254501342773,329.538485019808,3.07614994049072,0.170660600066185,0.244115486741066,2.97160916049068,1888.84091392692,-3625.95377157894,1888.84412944899,-3623.49118268027,1888.84734497106,-3621.0285937816,1,0,0,0
20140118093043.daq,129,6,440.133333333333,1,0,right,0.119369506835938,179.880630493164,12,-0.000100210098674909,33.5906944274902,334.467677779196,3.0322048664093,0.170572265982628,0.253607153892517,2.98282435466957,1883.91086813488,-3625.94247161528,1883.9159986709,-3623.47988596174,1883.92112920691,-3621.0173003082,1,0,0,0
20140118093043.daq,129,6,440.233333333333,1,0,right,0.163703918457031,179.836296081543,12,0.0001,33.5561256408691,339.391787896451,2.94431495666504,0.170637130737305,0.253607153892517,2.99764258030504,1878.98607890933,-3625.92752238206,1878.99311494673,-3623.46494143565,1879.00015098413,-3621.00236048924,1,0,0,0
20140118093043.daq,129,6,440.333333333333,1,0,right,0.20660400390625,179.793395996094,12,0.0001,33.5216331481934,344.310834347616,2.90036988258362,0.170666828751564,0.263098806142807,3.01648756029082,1874.06633163011,-3625.9087548186,1874.07521151728,-3623.4461798307,1874.08409140446,-3620.9836048428,1,0,0,0
20140118093043.daq,129,6,440.433333333333,1,0,right,0.247230529785156,179.752769470215,12,0.0001,33.4871559143066,349.224823380331,2.90036988258362,0.170105263590813,0.225131943821907,3.03875992611662,1869.15176857662,-3625.88646509232,1869.16239459119,-3623.42389701991,1869.17302060576,-3620.9613289475,1,0,0,0
20140118093043.daq,129,6,440.533333333333,1,0,right,0.287857055664063,179.712142944336,12,0.0001,33.4527359008789,354.133759050903,2.8564248085022,0.170378908514977,0.272590696811676,3.06439878134258,1864.24233425934,-3625.86075669677,1864.25470639596,-3623.39819677797,1864.26707853258,-3620.93563685917,1,0,0,0
20140118093043.daq,129,6,440.633333333333,1,0,right,0.326004028320313,179.67399597168,12,0.0001,33.4184074401855,359.037652595753,2.76853489875793,0.170319750905037,0.225131943821907,3.09339792960474,1859.33796669107,-3625.83178319576,1859.35197837326,-3623.36923206001,1859.36599005546,-3620.90668092426,1,0,0,0
20140118093043.daq,129,6,440.733333333333,1,0,right,0.3631591796875,179.636840820313,12,0.0001,33.3842163085938,363.936521172587,2.68064475059509,0.171417653560638,0.263098806142807,3.12598158382786,1854.43875164284,-3625.79920841021,1854.45436023646,-3623.33666687853,1854.46996883008,-3620.87412534686,1,0,0,0
20140118093043.daq,129,6,440.833333333333,1,0,right,0.398796081542969,179.601203918457,12,0.0001,33.3502197265625,368.830388140123,2.63669991493225,0.170763850212097,0.234623834490776,3.1612654336047,1849.54457964034,-3625.76379742814,1849.56171988556,-3623.30126608105,1849.57886013078,-3620.83873473395,1,0,0,0
20140118093043.daq,129,6,440.933333333333,1,0,right,0.43218994140625,179.567810058594,12,0.0001,33.3164749145508,373.719287300886,2.59275484085083,0.171274319291115,0.253607153892517,3.1997737719563,1844.65546798847,-3625.725351098,1844.67404347474,-3623.26283015905,1844.69261896102,-3620.80030922011,1,0,0,0
20140118093043.daq,129,6,441.033333333333,1,0,right,0.464492797851563,179.535507202148,12,0.0001,33.2829551696777,378.603254042639,2.46091985702515,0.171433433890343,0.253607153892517,3.24122005536076,1839.77138869942,-3625.68404224185,1839.79135253032,-3623.22153216697,1839.81131636121,-3620.75902209209,1,0,0,0
20140118093043.daq,129,6,441.133333333333,1,0,right,0.494789123535156,179.505210876465,12,0.0001,33.2496337890625,383.482319277209,2.46091985702515,0.170434758067131,0.272590696811676,3.28494101851372,1834.89236367708,-3625.64017181026,1834.91362960814,-3623.17767263592,1834.93489553919,-3620.71517346159,1,0,0,0
20140118093043.daq,129,6,441.233333333333,1,0,right,0.518562316894531,179.481437683105,12,0.0001,33.216480255127,388.356510419622,1.93357992172241,0.17153312265873,0.282082378864288,3.33077449239024,1830.01837915112,-3625.59426410924,1830.0406668217,-3623.13177397054,1830.06295449228,-3620.66928383185,1,0,0,0
20140118093043.daq,129,6,441.333333333333,1,0,right,0.518722534179688,179.48127746582,12,0.0001,33.1834335327148,393.225847238527,0.26366999745369,0.171207413077354,0.301065683364868,3.37763673335017,1825.1499670989,-3625.54737917382,1825.17226165539,-3623.08488909746,1825.19455621188,-3620.6223990211,1,0,0,0
20140118093043.daq,129,6,441.433333333333,1,0,right,0.484481811523438,179.515518188477,12,0.0001,33.1505012512207,398.090345586152,-0.878899931907654,0.170954763889313,0.301065683364868,3.4236305420604,1820.28775322721,-3625.50140656641,1820.30857616286,-3623.03890360626,1820.32939909852,-3620.5764006461,1,0,0,0
20140118093043.daq,129,6,441.533333333333,1,0,right,0.434577941894531,179.565422058105,12,0.0001,33.1176834106445,402.950022340448,-0.92284494638443,0.17115718126297,0.244115486741066,3.46721840349823,1815.4312893046,-3625.45786911413,1815.44996742497,-3622.99534895152,1815.46864554534,-3620.53282878892,1,0,0,0
20140118093043.daq,129,6,441.633333333333,1,0,right,0.379112243652344,179.620887756348,12,0.0001,33.0849723815918,407.80489372663,-0.92284494638443,0.171498253941536,0.263098806142807,3.50610258334922,1810.5799674,-3625.41906972592,1810.59626164705,-3622.95653263566,1810.61255589409,-3620.49399554539,1,0,0,0
20140118093043.daq,129,6,441.733333333333,1,0,right,0.328559875488281,179.671440124512,12,0.0001,33.0523567199707,412.654974338073,-0.483394980430603,0.171532854437828,0.234623834490776,3.54023038257985,1805.73341257236,-3625.38509170505,1805.74753410389,-3622.92254119678,1805.76165563543,-3620.45999068851,1,0,0,0
20140118093043.daq,129,6,441.833333333333,1,0,right,0.289314270019531,179.71068572998,12,0.0001,33.0198631286621,417.500279607375,0,0.171206369996071,0.291574031114578,3.56964447802468,1800.89122466962,-3625.35553951996,1800.90365943698,-3622.89297991662,1800.91609420435,-3620.43042031328,1,0,0,0
20140118093043.daq,129,6,441.933333333333,1,0,right,0.2557373046875,179.744262695313,12,0.0001,32.9874649047852,422.340827111855,0.131834998726845,0.171022117137909,0.263098806142807,3.59534732584222,1796.05341721934,-3625.32978618391,1796.06440885431,-3622.8672197163,1796.07540048927,-3620.40465324869,1,0,0,0
20140118093043.daq,129,6,442.033333333333,1,0,right,0.226127624511719,179.773872375488,12,0.0001,32.9551315307617,427.176628134566,0.17577999830246,0.171243980526924,0.244115486741066,3.61855426518676,1791.22003101452,-3625.30671653035,1791.22975002719,-3622.84414471125,1791.23946903985,-3620.38157289215,1,0,0,0
20140118093043.daq,129,6,442.133333333333,1,0,right,0.199272155761719,179.800727844238,12,0.0001,32.9228477478027,432.007690228629,0.219724997878075,0.171095430850983,0.272590696811676,3.6395147863413,1786.39133937606,-3625.28567334849,1786.39990414003,-3622.82309724444,1786.40846890399,-3620.36052114039,1,0,0,0
20140118093043.daq,129,6,442.233333333333,1,0,right,0.172615051269531,179.82738494873,12,0.0001,32.8906288146973,436.834021879642,0.26366999745369,0.171221658587456,0.253607153892517,3.65840997054924,1781.56740441891,-3625.26681485353,1781.57482345801,-3622.80423503121,1781.58224249711,-3620.3416552089,1,0,0,0
20140118093043.daq,129,6,442.333333333333,1,0,right,0.147384643554688,179.852615356445,12,0.0001,32.8584747314453,441.655632971931,0.26366999745369,0.171181321144104,0.263098806142807,3.67513242666646,1776.7479519817,-3625.25006507346,1776.75428661401,-3622.78748222291,1776.76062124632,-3620.32489937235,1,0,0,0
20140118093043.daq,129,6,442.433333333333,1,0,right,0.122848510742188,179.877151489258,12,0.0001,32.8263816833496,446.472532410718,0.26366999745369,0.170885145664215,0.244115486741066,3.69008642876964,1771.93336606754,-3625.2352252099,1771.93864613193,-3622.77263987242,1771.94392619631,-3620.31005453494,1,0,0,0
20140118093043.daq,129,6,442.533333333333,1,0,right,0.0976333618164063,179.902366638184,12,0.0001,32.7943725585938,451.284730733065,0.26366999745369,0.171029150485992,0.263098806142807,3.70255327607534,1767.1233140263,-3625.22262434137,1767.12751033751,-3622.76003691868,1767.13170664871,-3620.29744949598,1,0,0,0
20140118093043.daq,129,6,442.633333333333,1,0,right,0.0722427368164063,179.927757263184,12,0.0001,32.7624549865723,456.092241553237,0.26366999745369,0.171194508671761,0.263098806142807,3.71299256159244,1762.31802771372,-3625.2122313153,1762.32113272892,-3622.74964227482,1762.32423774412,-3620.28705323433,1,0,0,0
20140118093043.daq,129,6,442.733333333333,1,0,right,0.0465469360351563,179.953453063965,12,0.0001,32.7306137084961,460.895076900269,0.26366999745369,0.171064853668213,0.282082378864288,3.72130810929039,1757.51738825588,-3625.20405414269,1757.51938885791,-3622.74146395733,1757.52138945994,-3620.27887377197,1,0,0,0
20140118093043.daq,129,6,442.833333333333,1,0,right,0.0217056274414063,179.978294372559,12,0.0001,32.6988525390625,465.693247637601,0.26366999745369,0.170703947544098,0.253607153892517,3.72727655898607,1752.72148926484,-3625.19802114427,1752.72242217966,-3622.73543032298,1752.72335509447,-3620.27283950169,1,0,0,0
20140118093043.daq,129,6,442.933333333333,1,0,right,-0.00286102294921875,180.002861022949,12,0.0001,32.6671600341797,470.486765654403,0.26366999745369,0.171565786004066,0.291574031114578,3.73131378897795,1747.93010078775,-3625.19392403496,1747.92997782007,-3622.73133304003,1747.92985485238,-3620.2687420451,1,0,0,0
20140118093043.daq,129,6,443.033333333333,1,0,right,-0.0283889770507813,180.028388977051,12,0.0001,32.6355247497559,475.275638643656,0.26366999745369,0.170890882611275,0.244115486741066,3.73309958960837,1743.14337529556,-3625.19208332177,1743.14215512826,-3622.72949262606,1743.14093496096,-3620.26690193034,1,0,0,0
20140118093043.daq,129,6,443.133333333333,1,0,right,-0.0536117553710938,180.053611755371,12,0.0001,32.6040115356445,480.059880732493,0.26366999745369,0.171132251620293,0.253607153892517,3.73279491406517,1738.36140372793,-3625.19242074383,1738.35909947781,-3622.72983082387,1738.35679522769,-3620.26724090392,1,0,0,0
20140118093043.daq,129,6,443.233333333333,1,0,right,-0.0783615112304688,180.07836151123,12,0.0001,32.5725631713867,484.839506980523,0.26366999745369,0.171631917357445,0.215640276670456,3.73055616307528,1733.58393777859,-3625.19468180417,1733.58056977673,-3622.73209310932,1733.57720177487,-3620.26950441448,1,0,0,0
20140118093043.daq,129,6,443.333333333333,1,0,right,-0.103630065917969,180.103630065918,12,0.0001,32.5411643981934,489.614523355642,0.26366999745369,0.171120330691338,0.272590696811676,3.72612913011181,1728.81112397364,-3625.19917190103,1728.80666992257,-3622.73658493102,1728.80221587149,-3620.27399796101,1,0,0,0
20140118093043.daq,129,6,443.433333333333,1,0,right,-0.119964599609375,180.119964599609,12,0.0001,32.5098876953125,494.384943238989,1.05467998981476,0.170410439372063,0.196656957268715,3.72026684648828,1724.04260662108,-3625.20506327375,1724.03745050784,-3622.74247767362,1724.0322943946,-3620.2798920735,1,0,0,0
20140118093043.daq,129,6,443.533333333333,1,0,right,-0.11407470703125,180.114074707031,12,0.0001,32.4786987304688,499.150783461899,2.19724988937378,0.17193877696991,0.244115486741066,3.71366325239008,1719.27793471051,-3625.21153555871,1719.27303174621,-3622.74894944156,1719.26812878192,-3620.28636332441,1,0,0,0
20140118093043.daq,129,6,443.633333333333,1,0,right,-0.09344482421875,180.093444824219,12,0.0001,32.4475708007813,503.912052556598,2.32908487319946,0.171679779887199,0.282082378864288,3.70760723297553,1714.51717132016,-3625.21758593352,1714.51315503339,-3622.75499821064,1714.50913874663,-3620.29241048776,1,0,0,0
20140118093043.daq,129,6,443.733333333333,1,0,right,-0.0676116943359375,180.067611694336,12,0.0001,32.4165992736816,508.668767074665,2.32908487319946,0.17237289249897,0.272590696811676,3.70352538661852,1709.76055253603,-3625.22184991848,1709.75764656438,-3622.75926063507,1709.75474059273,-3620.29667135166,1,0,0,0
20140118093043.daq,129,6,443.833333333333,1,0,right,-0.0413665771484375,180.041366577148,12,0.0001,32.3857650756836,513.420949628833,2.32908487319946,0.17250756919384,0.253607153892517,3.7013206320004,1705.00831885555,-3625.2238909004,1705.00654090694,-3622.76130054422,1705.00476295833,-3620.29871018805,1,0,0,0
20140118093043.daq,129,6,443.933333333333,1,0,right,-0.0160369873046875,180.016036987305,12,0.0001,32.3551445007324,518.168624090684,2.32908487319946,0.172188833355904,0.263098806142807,3.7020478855223,1700.26062504249,-3625.22330260562,1700.25993576764,-3622.76071170408,1700.25924649279,-3620.29812080255,1,0,0,0
20140118093043.daq,129,6,444.033333333333,1,0,right,0.0105667114257813,179.989433288574,12,0.0001,32.324821472168,522.911828785296,2.32908487319946,0.172014594078064,0.272590696811676,3.70498810865026,1695.51741721311,-3625.22019389377,1695.51787137375,-3622.75760293765,1695.5183255344,-3620.29501198152,1,0,0,0
20140118093043.daq,129,6,444.133333333333,1,0,right,0.0369873046875,179.963012695313,12,0.0001,32.2947311401367,527.650604508832,2.37302994728088,0.172109082341194,0.253607153892517,3.71042517539614,1690.77860917257,-3625.21489893013,1690.78019889869,-3622.75230844526,1690.78178862481,-3620.28971796038,1,0,0,0
20140118093043.daq,129,6,444.233333333333,1,0,right,0.0666046142578125,179.933395385742,12,0.0001,32.2647743225098,532.384977837071,2.76853489875793,0.172497525811195,0.253607153892517,3.71802286191418,1686.04399598032,-3625.20720878088,1686.04685866738,-3622.74461944677,1686.04972135444,-3620.28203011266,1,0,0,0
20140118093043.daq,129,6,444.333333333333,1,0,right,0.101150512695313,179.898849487305,12,0.0001,32.2349433898926,537.11496602097,2.81247997283936,0.171801283955574,0.215640276670456,3.72791487717181,1681.31377969368,-3625.19726037506,1681.31812717293,-3622.7346732146,1681.32247465218,-3620.27208605415,1,0,0,0
20140118093043.daq,129,6,444.433333333333,1,0,right,0.138870239257813,179.861129760742,12,0.0001,32.2052383422852,541.840588735926,2.81247997283936,0.172238573431969,0.253607153892517,3.74079558333105,1676.58763752863,-3625.18442960856,1676.59360621026,-3622.72184584384,1676.59957489188,-3620.25926207912,1,0,0,0
20140118093043.daq,129,6,444.533333333333,1,0,right,0.177299499511719,179.822700500488,12,0.0001,32.1756172180176,546.561860855056,3.0322048664093,0.171797707676888,0.253607153892517,3.75669298854127,1671.86575205235,-3625.16862465053,1671.8733724296,-3622.70604544302,1671.88099280685,-3620.24346623551,1,0,0,0
20140118093043.daq,129,6,444.633333333333,1,0,right,0.231315612792969,179.768684387207,12,0.0001,32.1460800170898,551.278795153388,4.17477464675903,0.172111809253693,0.244115486741066,3.77688365014965,1667.14788326652,-3625.14843646251,1667.15782525881,-3622.68586553353,1667.16776725111,-3620.22329460456,1,0,0,0
20140118093043.daq,129,6,444.733333333333,1,0,right,0.29986572265625,179.700134277344,12,0.0001,32.1166000366211,555.991402028114,4.4384446144104,0.173659607768059,0.263098806142807,3.80133003143595,1662.43369323197,-3625.12392916681,1662.44658149816,-3622.66137189519,1662.45946976435,-3620.19881462356,1,0,0,0
20140118093043.daq,129,6,444.833333333333,1,0,right,0.372604370117188,179.627395629883,12,0.0001,32.0872917175293,560.69969416101,4.17477464675903,0.180845856666565,0.253607153892517,3.83168393280246,1657.72355736892,-3625.09354516784,1657.73957191149,-3622.63100624269,1657.75558645406,-3620.16846731755,1,0,0,0
20140118093043.daq,129,6,444.933333333333,1,0,right,0.436370849609375,179.563629150391,12,0.0001,32.0587158203125,565.403730065431,3.51559996604919,0.185137584805489,0.272590696811676,3.86761956156027,1653.01779392164,-3625.05761151035,1653.03654909953,-3622.59509193343,1653.05530427742,-3620.13257235651,1,0,0,0
20140118093043.daq,129,6,445.033333333333,1,0,right,0.485771179199219,179.514228820801,12,0.0001,32.0321578979492,570.103706821797,2.8564248085022,0.185988172888756,0.272590696811676,3.90843970305369,1648.31665286847,-3625.01670748747,1648.33753121957,-3622.55420499653,1648.35840957068,-3620.09170250559,1,0,0,0
20140118093043.daq,129,6,445.133333333333,1,0,right,0.515205383300781,179.484794616699,12,0.0001,32.0083847045898,574.799990569825,1.88963496685028,0.186514616012573,0.263098806142807,3.95288939045484,1643.62014437549,-3624.97215782428,1643.64228776986,-3622.50966638398,1643.66443116423,-3620.04717494369,1,0,0,0
20140118093043.daq,129,6,445.233333333333,1,0,right,0.515640258789063,179.484359741211,12,0.0001,31.9873313903809,579.492988991376,0.439449995756149,0.18694019317627,0.272590696811676,3.99876237198916,1638.92799525456,-3624.9262324198,1638.95015733926,-3622.46374114765,1638.97231942396,-3620.0012498755,1,0,0,0
20140118093043.daq,129,6,445.333333333333,1,0,right,0.485366821289063,179.514633178711,12,0.0001,31.9688472747803,584.183090209466,-0.878899931907654,0.186940908432007,0.282082378864288,4.04352888602176,1634.24000244107,-3624.88147865071,1634.26086341336,-3622.41897601249,1634.28172438566,-3619.95647337426,1,0,0,0
20140118093043.daq,129,6,445.433333333333,1,0,right,0.433998107910156,179.56600189209,12,0.0001,31.9526405334473,588.870652227888,-1.14256989955902,0.186357378959656,0.263098806142807,4.08534963457524,1629.5555708657,-3624.83974098783,1629.57422406534,-3622.37722063633,1629.59287726497,-3619.91470028482,1,0,0,0
20140118093043.daq,129,6,445.533333333333,1,0,right,0.380134582519531,179.61986541748,12,0.0001,31.9383068084717,593.555979502566,-0.74706494808197,0.186584129929543,0.291574031114578,4.1227011884748,1624.87364385724,-3624.80255131016,1624.88998204378,-3622.34001451102,1624.90632023031,-3619.87747771189,1,0,0,0
20140118093043.daq,129,6,445.633333333333,1,0,right,0.332305908203125,179.667694091797,12,0.0001,31.9253807067871,598.239312847405,-0.527339935302734,0.187183275818825,0.244115486741066,4.15503759009232,1620.19352689243,-3624.77011360867,1620.20780942697,-3622.30756402894,1620.22209196152,-3619.8450144492,1,0,0,0
20140118093043.daq,129,6,445.733333333333,1,0,right,0.290214538574219,179.709785461426,12,0.0001,31.9134578704834,602.920828035582,-0.263669967651367,0.187304377555847,0.291574031114578,4.18291667765228,1615.51498211541,-3624.74220252922,1615.52745557612,-3622.27964312157,1615.53992903682,-3619.81708371392,1,0,0,0
20140118093043.daq,129,6,445.833333333333,1,0,right,0.252777099609375,179.747222900391,12,0.0001,31.902364730835,607.600656477352,-0.131834983825684,0.187795981764793,0.291574031114578,4.20755070999802,1610.83779094004,-3624.71766473495,1610.84865534569,-3622.25509770274,1610.85951975134,-3619.79253067053,1,0,0,0
20140118093043.daq,129,6,445.933333333333,1,0,right,0.219024658203125,179.780975341797,12,0.0001,31.8920001983643,612.278912285408,-0.0878899917006493,0.187563896179199,0.253607153892517,4.22940755794165,1606.16197639236,-3624.69582798784,1606.17139011956,-3622.2332549828,1606.18080384676,-3619.77068197775,1,0,0,0
20140118093043.daq,129,6,446.033333333333,1,0,right,0.185920715332031,179.814079284668,12,0.0001,31.882251739502,616.955694932445,-0.0439449958503246,0.18740676343441,0.225131943821907,4.24876402751847,1601.48749003545,-3624.67639203932,1601.49548095346,-3622.21381400631,1601.50347187147,-3619.7512359733,1,0,0,0
20140118093043.daq,129,6,446.133333333333,1,0,right,0.154022216796875,179.845977783203,12,0.0001,31.8729991912842,621.631085847597,-0.0439449958503246,0.187466859817505,0.244115486741066,4.26569545190932,1596.81444026994,-3624.65956660522,1596.82106018629,-3622.19698450504,1596.82768010264,-3619.73440240486,1,0,0,0
20140118093043.daq,129,6,446.233333333333,1,0,right,0.122077941894531,179.877922058105,12,0.0001,31.8641223907471,626.305148276573,-0.0439449958503246,0.187624081969261,0.244115486741066,4.2800356669572,1592.14261342544,-3624.64518497475,1592.14786037061,-3622.18259956648,1592.15310731577,-3619.72001415822,1,0,0,0
20140118093043.daq,129,6,446.333333333333,1,0,right,0.0905303955078125,179.909469604492,12,0.0001,31.8555068969727,630.977929449671,-0.0439449958503246,0.187679409980774,0.234623834490776,4.29196993589735,1587.4721207411,-3624.63321978497,1587.47601176494,-3622.17063186098,1587.47990278879,-3619.70804393699,1,0,0,0
20140118093043.daq,129,6,446.433333333333,1,0,right,0.059173583984375,179.940826416016,12,0.0001,31.8470554351807,635.6494594628,-0.0439449958503246,0.187240839004517,0.253607153892517,4.30115822347275,1582.80284515693,-3624.6241720666,1582.80538845612,-3622.16158238192,1582.8079317553,-3619.69899269725,1,0,0,0
20140118093043.daq,129,6,446.533333333333,1,0,right,0.026763916015625,179.973236083984,12,0.0001,31.8387298583984,640.319759763086,-0.0439449958503246,0.187315002083778,0.282082378864288,4.30755161515954,1578.13469511943,-3624.61763040425,1578.13584544109,-3622.15503967492,1578.13699576275,-3619.69244894559,1,0,0,0
20140118093043.daq,129,6,446.633333333333,1,0,right,-0.00527191162109375,180.005271911621,12,0.0001,31.8304805755615,644.988844804026,-0.0439449958503246,0.187476813793182,0.272590696811676,4.31155754344395,1573.4678797955,-3624.61375073909,1573.46765320705,-3622.15115975151,1573.4674266186,-3619.68856876393,1,0,0,0
20140118093043.daq,129,6,446.733333333333,1,0,right,-0.0361251831054688,180.036125183105,12,0.0001,31.822286605835,649.656724027014,0.0439449995756149,0.187223181128502,0.253607153892517,4.31262039022276,1568.80213509175,-3624.61248312631,1568.80058241988,-3622.14989261779,1568.79902974802,-3619.68730210927,1,0,0,0
20140118093043.daq,129,6,446.833333333333,1,0,right,-0.0617828369140625,180.061782836914,12,0.0001,31.8141441345215,654.323405637906,0.57128494977951,0.18716287612915,0.225131943821907,4.31193151124968,1564.13748402489,-3624.6133356061,1564.13482857924,-3622.1507460398,1564.13217313359,-3619.68815647351,1,0,0,0
20140118093043.daq,129,6,446.933333333333,1,0,right,-0.076324462890625,180.076324462891,12,0.0001,31.806022644043,658.988895418108,1.01073491573334,0.187195435166359,0.282082378864288,4.30925304687025,1559.47365803661,-3624.61594271707,1559.47037758767,-3622.15335390404,1559.46709713872,-3619.690765091,1,0,0,0
20140118093043.daq,129,6,447.033333333333,1,0,right,-0.0852279663085938,180.085227966309,12,0.0001,31.797924041748,663.653194603154,1.01073491573334,0.187280133366585,0.234623834490776,4.30536042019274,1554.81066969285,-3624.61991054317,1554.80700656884,-3622.15732226963,1554.80334344484,-3619.6947339961,1,0,0,0
20140118093043.daq,129,6,447.133333333333,1,0,right,-0.0916824340820313,180.091682434082,12,0.0001,31.7898864746094,668.316310746164,1.01073491573334,0.187789335846901,0.234623834490776,4.30096964981581,1550.14871961358,-3624.62421538306,1550.14477907481,-3622.16162753781,1550.14083853604,-3619.69903969256,1,0,0,0
20140118093043.daq,129,6,447.233333333333,1,0,right,-0.0990982055664063,180.099098205566,12,0.0001,31.7818145751953,672.978246970961,1.01073491573334,0.187384471297264,0.272590696811676,4.29600086766575,1545.48801401777,-3624.62931198712,1545.4837547472,-3622.16672467252,1545.47949547664,-3619.70413735792,1,0,0,0
20140118093043.daq,129,6,447.333333333333,1,0,right,-0.105819702148438,180.105819702148,12,0.0001,31.773738861084,677.638997449516,1.01073491573334,0.187180459499359,0.168181732296944,4.29080795669431,1540.82838996614,-3624.63436569846,1540.82384180395,-3622.17177890047,1540.81929364177,-3619.70919210247,1,0,0,0
20140118093043.daq,129,6,447.433333333333,1,0,right,-0.113265991210938,180.113265991211,12,0.0001,31.765718460083,682.298567939921,1.01073491573334,0.187302008271217,0.263098806142807,4.28511738441328,1536.16988250293,-3624.64019656347,1536.16501429743,-3622.17761037736,1536.16014609194,-3619.71502419126,1,0,0,0
20140118093043.daq,129,6,447.533333333333,1,0,right,-0.1197509765625,180.119750976563,12,0.0001,31.7577362060547,686.956964759749,1.01073491573334,0.186681732535362,0.272590696811676,4.27873227056424,1531.51269411508,-3624.64645633454,1531.50754718341,-3622.18387071521,1531.50240025174,-3619.72128509588,1,0,0,0
20140118093043.daq,129,6,447.633333333333,1,0,right,-0.127647399902344,180.127647399902,12,0.0001,31.7497825622559,691.614193527217,0.966789960861206,0.187067613005638,0.272590696811676,4.27192284324146,1526.85663929809,-3624.65329150739,1526.8511529764,-3622.19070662079,1526.84566665471,-3619.72812173419,1,0,0,0
20140118093043.daq,129,6,447.733333333333,1,0,right,-0.1356201171875,180.135620117188,12,0.0001,31.7418174743652,696.270255011623,0.966789960861206,0.187212109565735,0.253607153892517,4.26416310530624,1522.20168506789,-3624.66110792575,1522.19585607716,-3622.19852382641,1522.19002708642,-3619.73593972708,1,0,0,0
20140118093043.daq,129,6,447.833333333333,1,0,right,-0.143562316894531,180.143562316895,12,0.0001,31.7338581085205,700.925148163922,1.01073491573334,0.187412664294243,0.358016133308411,4.25599997598036,1517.54807292464,-3624.66916657344,1517.54190257662,-3622.20658330576,1517.53573222861,-3619.74400003809,1,0,0,0
20140118093043.daq,129,6,447.933333333333,1,0,right,-0.150527954101563,180.150527954102,12,0.0001,31.7259273529053,705.578876014688,1.01073491573334,0.187227353453636,0.272590696811676,4.24711506812638,1512.89541324453,-3624.678141476,1512.88894351217,-3622.21555897667,1512.88247377982,-3619.75297647734,1,0,0,0
20140118093043.daq,129,6,448.033333333333,1,0,right,-0.156486511230469,180.15648651123,12,0.0001,31.7180366516113,710.231443506083,1.23045992851257,0.187377870082855,0.282082378864288,4.23769506496267,1508.2440714611,-3624.68754247729,1508.23734562897,-3622.22496066411,1508.23061979684,-3619.76237885093,1,0,0,0
20140118093043.daq,129,6,448.133333333333,1,0,right,-0.146102905273438,180.146102905273,12,0.0001,31.7102069854736,714.882858028042,2.41697478294373,0.186983093619347,0.263098806142807,4.22849883365149,1503.59330179612,-3624.69666715343,1503.58702225315,-3622.23408416178,1503.58074271018,-3619.77150117013,1,0,0,0
20140118093043.daq,129,6,448.233333333333,1,0,right,-0.117347717285156,180.117347717285,12,0.0001,31.7024173736572,719.533127856355,2.94431495666504,0.186949476599693,0.263098806142807,4.22081924241454,1498.94293257646,-3624.70441342333,1498.93788893742,-3622.24182759028,1498.93284529839,-3619.77924175723,1,0,0,0
20140118093043.daq,129,6,448.333333333333,1,0,right,-0.0843429565429688,180.084342956543,12,0.0001,31.6945762634277,724.182252058541,2.63669991493225,0.187178745865822,0.272590696811676,4.21513650677109,1494.29331387,-3624.71018792003,1494.28968878396,-3622.24759959021,1494.28606369792,-3619.78501126039,1,0,0,0
20140118093043.daq,129,6,448.433333333333,1,0,right,-0.0548019409179688,180.054801940918,12,0.0001,31.6866855621338,728.830222358802,2.32908487319946,0.187236294150352,0.272590696811676,4.21220195855941,1489.64475825298,-3624.71300207272,1489.64240284833,-3622.25041220116,1489.64004744367,-3619.7878223296,1,0,0,0
20140118093043.daq,129,6,448.533333333333,1,0,right,-0.0331954956054688,180.033195495605,12,0.0001,31.6788005828857,733.477034770774,2.10935997962952,0.188958331942558,0.244115486741066,4.21170673686013,1484.99774166813,-3624.71362049764,1484.99631491515,-3622.25102991295,1484.99488816218,-3619.78843932826,1,0,0,0
20140118093043.daq,129,6,448.633333333333,1,0,right,-0.0139083862304688,180.01390838623,12,0.0001,31.6710720062256,738.122698968979,2.0654149055481,0.188389658927917,0.263098806142807,4.21331471328485,1480.35200334149,-3624.71194061974,1480.35140555459,-3622.2493496943,1480.35080776769,-3619.78675876885,1,0,0,0
20140118093043.daq,129,6,448.733333333333,1,0,right,0.00305938720703125,179.996940612793,12,0.0001,31.6636943817139,742.767254583969,2.0654149055481,0.188389346003532,0.234623834490776,4.21664837129473,1475.70754312839,-3624.70869491868,1475.70767462183,-3622.24610392419,1475.70780611528,-3619.7835129297,1,0,0,0
20140118093043.daq,129,6,448.833333333333,1,0,right,0.0202560424804688,179.97974395752,12,0.0001,31.6566734313965,747.410755023744,1.97752487659454,0.188596352934837,0.272590696811676,4.22077077412316,1471.06417623662,-3624.70445838651,1471.06504684781,-3622.24186754241,1471.065917459,-3619.7792766983,1,0,0,0
20140118093043.daq,129,6,448.933333333333,1,0,right,0.0337905883789063,179.966209411621,12,0.0001,31.6499156951904,752.05324632969,1.84568989276886,0.188336059451103,0.272590696811676,4.22595557534903,1466.42187611694,-3624.69922736994,1466.4233284472,-3622.2366368002,1466.42478077745,-3619.77404623046,1,0,0,0
20140118093043.daq,129,6,449.033333333333,1,0,right,0.0439224243164063,179.956077575684,12,0.0001,31.6433372497559,756.694760392744,1.71385490894318,0.188098981976509,0.225131943821907,4.23220977662056,1461.78075831432,-3624.69298589901,1461.78264611404,-3622.23039562459,1461.78453391375,-3619.76780535018,1,0,0,0
20140118093043.daq,129,6,449.133333333333,1,0,right,0.052825927734375,179.947174072266,12,0.0001,31.6369075775146,761.335320618251,1.71385490894318,0.187637194991112,0.263098806142807,4.23917027161991,1457.14052524183,-3624.68608789167,1457.14279571684,-3622.22349794034,1457.14506619186,-3619.76090798901,1,0,0,0
20140118093043.daq,129,6,449.233333333333,1,0,right,0.06158447265625,179.938415527344,12,0.0001,31.6305694580078,765.974945609256,1.66990995407104,0.188233137130737,0.253607153892517,4.24713700284011,1452.50139444178,-3624.67822224901,1452.50404136167,-3622.21563267354,1452.50668828157,-3619.75304309806,1,0,0,0
20140118093043.daq,129,6,449.333333333333,1,0,right,0.0684967041015625,179.931503295898,12,0.0001,31.6242542266846,770.613642965503,1.58201992511749,0.187983945012093,0.253607153892517,4.25553240521452,1447.8631634692,-3624.66973829422,1447.86610747883,-3622.20714905599,1447.86905148846,-3619.74455981776,1,0,0,0
20140118093043.daq,129,6,449.433333333333,1,0,right,0.07342529296875,179.926574707031,12,0.0001,31.6179733276367,775.251416463552,1.49412989616394,0.187991455197334,0.225131943821907,4.26432026803157,1443.2259577184,-3624.66088867448,1443.2291135602,-3622.19829969861,1443.232269402,-3619.73571072274,1,0,0,0
20140118093043.daq,129,6,449.533333333333,1,0,right,0.0764389038085938,179.923561096191,12,0.0001,31.6117153167725,779.888270672571,1.45018494129181,0.188277021050453,0.282082378864288,4.27351181396424,1438.58977547529,-3624.65166915718,1438.59306084294,-3622.1890803507,1438.59634621059,-3619.72649154422,1,0,0,0
20140118093043.daq,129,6,449.633333333333,1,0,right,0.0800933837890625,179.919906616211,12,0.0001,31.6055107116699,784.524210627973,1.45018494129181,0.188236281275749,0.244115486741066,4.28301370350223,1433.95455410416,-3624.64216587279,1433.95799654238,-3622.17957728087,1433.96143898061,-3619.71698868895,1,0,0,0
20140118093043.daq,129,6,449.733333333333,1,0,right,0.0834579467773438,179.916542053223,12,0.0001,31.5993461608887,789.159243579819,1.45018494129181,0.188495516777039,0.244115486741066,4.29276186873859,1429.32019434095,-3624.63243636704,1429.32378138903,-3622.16984798152,1429.32736843711,-3619.70725959599,1,0,0,0
20140118093043.daq,129,6,449.833333333333,1,0,right,0.08648681640625,179.913513183594,12,0.0001,31.5932025909424,793.793374190527,1.45018494129181,0.188426733016968,0.263098806142807,4.30274808759899,1424.68669730364,-3624.62248347149,1424.69041453336,-3622.15989527904,1424.69413176309,-3619.69730708658,1,0,0,0
20140118093043.daq,129,6,449.933333333333,1,0,right,0.0897140502929688,179.910285949707,12,0.0001,31.5870532989502,798.426604045317,1.45018494129181,0.188223004341125,0.291574031114578,4.31299939778548,1420.05417198121,-3624.61227416644,1420.05802791832,-3622.14968618726,1420.06188385543,-3619.68709820809,1,0,0,0
20140118093043.daq,129,6,450.033333333333,1,0,right,0.0921401977539063,179.907859802246,12,0.0001,31.5808925628662,803.058930463301,1.45018494129181,0.18833339214325,0.263098806142807,4.32344961644037,1415.42264284689,-3624.60187024889,1415.42660306047,-3622.1392824352,1415.43056327404,-3619.67669462151,1,0,0,0
20140118093043.daq,129,6,450.133333333333,1,0,right,0.096099853515625,179.903900146484,12,0.0001,31.5747566223145,807.69035468002,1.49412989616394,0.188601478934288,0.263098806142807,4.33422274654823,1410.79180859791,-3624.59112736685,1410.79593899853,-3622.12853983272,1410.80006939915,-3619.6659522986,1,0,0,0
20140118093043.daq,129,6,450.233333333333,1,0,right,0.100418090820313,179.89958190918,12,0.0001,31.5686683654785,812.320882476872,1.49412989616394,0.188053742051125,0.244115486741066,4.34519305701823,1406.16194215155,-3624.58011816458,1406.16625815113,-3622.11753094875,1406.1705741507,-3619.65494373291,1,0,0,0
20140118093043.daq,129,6,450.333333333333,1,0,right,0.105133056640625,179.894866943359,12,0.0001,31.5625972747803,816.950519215638,1.49412989616394,0.188119232654572,0.244115486741066,4.35644288031174,1401.53292050904,-3624.56884028119,1401.53743915903,-3622.10625342887,1401.54195780902,-3619.64366657655,1,0,0,0
20140118093043.daq,129,6,450.433333333333,1,0,right,0.111610412597656,179.888389587402,12,0.0001,31.556510925293,821.579264453387,1.49412989616394,0.187960967421532,0.253607153892517,4.36829965295588,1396.90483233598,-3624.55696512168,1396.90962938432,-3622.09437879593,1396.91442643265,-3619.63179247019,1,0,0,0
20140118093043.daq,129,6,450.533333333333,1,0,right,0.119277954101563,179.880722045898,12,0.0001,31.5504360198975,826.207117257638,1.49412989616394,0.18776535987854,0.282082378864288,4.38072440587311,1392.27744752232,-3624.54452805845,1392.28257412337,-3622.08194239671,1392.28770072443,-3619.61935673497,1,0,0,0
20140118093043.daq,129,6,450.633333333333,1,0,right,0.127265930175781,179.872734069824,12,0.0001,31.5443649291992,830.834079773103,1.49412989616394,0.188696980476379,0.253607153892517,4.39390775626066,1387.65103150081,-3624.53133873048,1387.65650142685,-3622.06875380741,1387.66197135289,-3619.60616888434,1,0,0,0
20140118093043.daq,129,6,450.733333333333,1,0,right,0.13702392578125,179.862976074219,12,0.0001,31.5383167266846,835.460153072136,1.49412989616394,0.188215211033821,0.263098806142807,4.40744932525582,1383.02530471492,-3624.51779575829,1383.03119404163,-3622.05521180251,1383.03708336834,-3619.59262784673,1,0,0,0
20140118093043.daq,129,6,450.833333333333,1,0,right,0.147422790527344,179.852577209473,12,0.0001,31.5323295593262,840.085343262508,1.49412989616394,0.188279211521149,0.263098806142807,4.42201297326881,1378.40053894057,-3624.503236542,1378.40687521244,-3622.04065369566,1378.41321148431,-3619.57807084932,1,0,0,0
20140118093043.daq,129,6,450.933333333333,1,0,right,0.160408020019531,179.83959197998,12,0.0001,31.5263824462891,844.709659552491,1.49412989616394,0.187789812684059,0.253607153892517,4.43771926604259,1373.77656463459,-3624.48754072415,1373.78345901378,-3622.02495937707,1373.79035339298,-3619.56237803,1,0,0,0
20140118093043.daq,129,6,451.033333333333,1,0,right,0.174591064453125,179.825408935547,12,0.0001,31.5204238891602,849.333102338393,1.49412989616394,0.188371643424034,0.272590696811676,4.45423919045912,1369.15341578001,-3624.47103830795,1369.1609197484,-3622.00845874297,1369.16842371679,-3619.54587917798,1,0,0,0
20140118093043.daq,129,6,451.133333333333,1,0,right,0.189308166503906,179.810691833496,12,0.0001,31.5144271850586,853.955668962637,1.49412989616394,0.188639059662819,0.253607153892517,4.47202057781233,1364.5309865439,-3624.45328205928,1364.53912305487,-3621.99070450302,1364.54725956584,-3619.52812694675,1,0,0,0
20140118093043.daq,129,6,451.233333333333,1,0,right,0.206367492675781,179.793632507324,12,0.0001,31.5084609985352,858.577357420383,1.49412989616394,0.187811478972435,0.244115486741066,4.4911545243938,1359.90947704037,-3624.434160079,1359.91834676228,-3621.97158505446,1359.92721648419,-3619.50901002993,1,0,0,0
20140118093043.daq,129,6,451.333333333333,1,0,right,0.224510192871094,179.775489807129,12,0.0001,31.5025081634521,863.198172677106,1.49412989616394,0.188230633735657,0.291574031114578,4.51175553586684,1355.28879597094,-3624.41350608363,1355.29844546642,-3621.95093399114,1355.30809496189,-3619.48836189866,1,0,0,0
20140118093043.daq,129,6,451.433333333333,1,0,right,0.24481201171875,179.755187988281,12,0.0001,31.4965343475342,867.818112867841,1.49412989616394,0.188162207603455,0.234623834490776,4.53371281040304,1350.668795166,-3624.39149760414,1350.67931723284,-3621.92892908539,1350.68983929968,-3619.46636056664,1,0,0,0
20140118093043.daq,129,6,451.533333333333,1,0,right,0.266563415527344,179.733436584473,12,0.0001,31.4905166625977,872.437174402517,1.49412989616394,0.188752934336662,0.253607153892517,4.55747389344103,1346.04973614739,-3624.367690228,1346.06119308724,-3621.90512588123,1346.07265002709,-3619.44256153447,1,0,0,0
20140118093043.daq,129,6,451.633333333333,1,0,right,0.289306640625,179.710693359375,12,0.0001,31.4845371246338,877.055354227256,1.49412989616394,0.187817737460136,0.253607153892517,4.58277210718591,1341.43150805792,-3624.34235639859,1341.44394249738,-3621.87979679359,1341.45637693684,-3619.4172371886,1,0,0,0
20140118093043.daq,129,6,451.733333333333,1,0,right,0.3145751953125,179.685424804688,12,0.0001,31.4786548614502,881.672664953903,1.53807497024536,0.188421621918678,0.282082378864288,4.61043907873235,1336.81395171943,-3624.31466870176,1336.82747219439,-3621.85211482007,1336.84099266935,-3619.38956093839,1,0,0,0
20140118093043.daq,129,6,451.833333333333,1,0,right,0.341049194335938,179.658950805664,12,0.0001,31.4727973937988,886.289114741685,1.58201992511749,0.188245296478271,0.272590696811676,4.63991087472239,1332.19734344135,-3624.28519708861,1332.21200175865,-3621.82264971706,1332.22666007595,-3619.3601023455,1,0,0,0
20140118093043.daq,129,6,451.933333333333,1,0,right,0.371009826660156,179.62899017334,12,0.0001,31.4669761657715,890.904708392889,1.66990995407104,0.188499078154564,0.272590696811676,4.67182198338736,1327.58138401578,-3624.25331191914,1327.59733002581,-3621.79077254926,1327.61327603583,-3619.32823317939,1,0,0,0
20140118093043.daq,129,6,452.033333333333,1,0,right,0.403450012207031,179.596549987793,12,0.0001,31.4611759185791,895.519449730707,1.66990995407104,0.188203811645508,0.253607153892517,4.70636123700198,1322.96622017132,-3624.2188313235,1322.98356043907,-3621.75630137677,1323.00090070682,-3619.29377143004,1,0,0,0
20140118093043.daq,129,6,452.133333333333,1,0,right,0.43670654296875,179.563293457031,12,0.0001,31.455415725708,900.133343277685,1.71385490894318,0.188621699810028,0.253607153892517,4.74303693006352,1318.35189227236,-3624.18210242362,1318.37066187804,-3621.71958295662,1318.38943148373,-3619.25706348963,1,0,0,0
20140118093043.daq,129,6,452.233333333333,1,0,right,0.472297668457031,179.527702331543,12,0.0001,31.4496631622314,904.746392926936,1.7577999830246,0.187884330749512,0.225131943821907,4.78274387786766,1313.73836385515,-3624.14229864412,1313.75866313067,-3621.67979131157,1313.7789624062,-3619.21728397903,1,0,0,0
20140118093043.daq,129,6,452.333333333333,1,0,right,0.513748168945313,179.486251831055,12,0.0001,31.4439220428467,909.358599377827,2.0654149055481,0.188252076506615,0.206148609519005,4.82578274253204,1309.12542841392,-3624.09920131171,1309.14750917927,-3621.63670930904,1309.16958994462,-3619.17421730636,1,0,0,0
20140118093043.daq,129,6,452.433333333333,1,0,right,0.559295654296875,179.440704345703,12,0.0001,31.4381732940674,913.969963982459,2.15330481529236,0.187695935368538,0.225131943821907,4.87205437052421,1304.51325106878,-3624.05291944217,1304.5372893938,-3621.59044577076,1304.56132771881,-3619.12797209936,1,0,0,0
20140118093043.daq,129,6,452.533333333333,1,0,right,0.607147216796875,179.392852783203,12,0.0001,31.4324111938477,918.580484339687,2.10935997962952,0.188062503933907,0.263098806142807,4.92218891582877,1299.90175325575,-3624.00283162999,1299.92784814967,-3621.5403788934,1299.9539430436,-3619.07792615681,1,0,0,0
20140118093043.daq,129,6,452.633333333333,1,0,right,0.654869079589844,179.34513092041,12,0.0001,31.4266052246094,923.190156020211,2.0654149055481,0.187944874167442,0.282082378864288,4.97610115152156,1295.29111551143,-3623.94884466188,1295.3192613819,-3621.48641451395,1295.34740725236,-3619.02398436603,1,0,0,0
20140118093043.daq,129,6,452.733333333333,-1,0,right,0.702507019042969,179.297492980957,12,0.0001,31.4208145141602,927.798976669512,2.02146983146667,0.187961935997009,0.253607153892517,5.03386880370939,1290.6814587962,-3623.89095570543,1290.71165201689,-3621.42854981021,1290.74184523759,-3618.96614391498,1,0,0,0
20140118093043.daq,129,6,452.833333333333,-1,0,right,0.749465942382813,179.250534057617,12,0.0001,31.415075302124,932.406951952424,1.88963496685028,0.18788368999958,0.253607153892517,5.09556422639361,1286.07267517518,-3623.82920172804,1286.1048865434,-3621.36682140583,1286.13709791162,-3618.90444108363,1,0,0,0
20140118093043.daq,129,6,452.933333333333,-1,0,right,0.785560607910156,179.21443939209,12,0.0001,31.4093132019043,937.014085389075,0.878899991512299,0.188857316970825,0.234623834490776,5.16057010377807,1281.46500623652,-3623.76421553458,1281.49876882583,-3621.3018559932,1281.53253141515,-3618.83949645183,1,0,0,0
20140118093043.daq,129,6,453.033333333333,-1,0,right,0.792930603027344,179.207069396973,12,0.0001,31.4034824371338,941.620368074247,-0.615229964256287,0.188134968280792,0.282082378864288,5.22723342932722,1276.85924051839,-3623.6975955649,1276.89331984241,-3621.2352403868,1276.92739916643,-3618.7728852087,1,0,0,0
20140118093043.daq,129,6,453.133333333333,-1,0,right,0.78521728515625,179.214782714844,12,0.0001,31.3977222442627,946.225798539281,-0.57128494977951,0.188007891178131,0.272590696811676,5.2945416196164,1272.25517551818,-3623.6302036598,1272.28892335276,-3621.16784391616,1272.32267118734,-3618.70548417252,1,0,0,0
20140118093043.daq,129,6,453.233333333333,-1,0,right,0.781356811523438,179.218643188477,12,0.0001,31.3920440673828,950.830391703907,0.0878899991512299,0.189007684588432,0.272590696811676,5.36142035867357,1267.6521177422,-3623.56330480998,1267.68569966789,-3621.10094279807,1267.71928159358,-3618.63858078616,1,0,0,0
20140118093043.daq,129,6,453.333333333333,-1,0,right,0.785118103027344,179.214881896973,12,0.0001,31.3863525390625,955.434150925077,0.219724997878075,0.188650608062744,0.329540908336639,5.42786694708598,1263.04961146606,-3623.49690904006,1263.08335503817,-3621.03454923801,1263.11709861027,-3618.57218943595,1,0,0,0
20140118093043.daq,129,6,453.433333333333,-1,0,right,0.794265747070313,179.20573425293,12,0.0001,31.3807601928711,960.037080981765,0.26366999745369,0.187513992190361,0.263098806142807,5.49389557743572,1258.44758774655,-3623.43091105429,1258.48172444999,-3620.968556671,1258.51586115342,-3618.50620228771,1,0,0,0
20140118093043.daq,129,6,453.533333333333,-1,0,right,0.803916931152344,179.196083068848,12,0.0001,31.3752784729004,964.639200803389,0.26366999745369,0.188140213489532,0.291574031114578,5.5605563722648,1253.8464066683,-3623.3641493266,1253.88095814238,-3620.9018007284,1253.91550961646,-3618.43945213019,1,0,0,0
20140118093043.daq,129,6,453.633333333333,-1,0,right,0.813713073730469,179.18628692627,12,0.0001,31.3697643280029,969.240514889187,0.26366999745369,0.188105657696724,0.282082378864288,5.62805680403897,1249.24595467674,-3623.29664613148,1249.28092715022,-3620.83430347671,1249.31589962371,-3618.37196082193,1,0,0,0
20140118093043.daq,129,6,453.733333333333,-1,0,right,0.823570251464844,179.176429748535,12,0.0001,31.3642406463623,973.841019089603,0.26366999745369,0.187878951430321,0.253607153892517,5.6971307494164,1244.64635583528,-3623.22767426025,1244.68175193018,-3620.76533765858,1244.71714802508,-3618.30300105692,1,0,0,0
20140118093043.daq,129,6,453.833333333333,-1,0,right,0.834564208984375,179.165435791016,12,0.0001,31.358699798584,978.440712285656,0.26366999745369,0.187991812825203,0.244115486741066,5.76678104819495,1240.04746259924,-3623.15789928356,1240.0833311685,-3620.69556951906,1240.11919973776,-3618.23323975455,0,1,0,1
20140118093043.daq,129,6,453.933333333333,-1,0,right,0.84417724609375,179.155822753906,12,0.0001,31.3531112670898,983.039589581802,0.17577999830246,0.188136175274849,0.253607153892517,5.83742403270909,1235.44957874421,-3623.08723351575,1235.48586044056,-3620.6249098039,1235.5221421369,-3618.16258609205,0,1,0,1
20140118093043.daq,129,6,454.033333333333,-1,0,right,0.845252990722656,179.154747009277,12,0.0001,31.3475036621094,987.637645266585,-0.57128494977951,0.188565075397491,0.263098806142807,5.90839877346305,1230.85262945224,-3623.01636587928,1230.8889573794,-3620.55404284906,1230.92528530657,-3618.09171981884,0,1,0,1
20140118093043.daq,129,6,454.133333333333,-1,0,right,0.833549499511719,179.166450500488,12,0.0001,31.3419361114502,992.234880715418,-0.966789960861206,0.187815248966217,0.272590696811676,5.97887652961198,1226.25708135663,-3622.94580413799,1226.29290631797,-3620.48347373863,1226.32873127931,-3618.02114333928,0,1,0,1
20140118093043.daq,129,6,454.233333333333,-1,0,right,0.819114685058594,179.180885314941,12,0.0001,31.3364238739014,996.83130418078,-0.703119933605194,0.188147738575935,0.234623834490776,6.04854663462472,1221.66257469677,-3622.87614448048,1221.69777930968,-3620.41380513371,1221.73298392258,-3617.95146578694,0,1,0,1
20140118093043.daq,129,6,454.333333333333,-1,0,right,0.80963134765625,179.190368652344,12,0.0001,31.3308696746826,1001.42691657184,-0.439449965953827,0.188247039914131,0.263098806142807,6.1171710361282,1217.06868327711,-3622.80764193375,1217.1034803343,-3620.3452967938,1217.13827739149,-3617.88295165385,0,1,0,1
20140118093043.daq,129,6,454.433333333333,-1,0,right,0.804206848144531,179.195793151855,12,0.0001,31.3253307342529,1006.0217142053,-0.351559966802597,0.18804819881916,0.263098806142807,6.18483954751095,1212.47555018354,-3622.73986373563,1212.51011411712,-3620.27751531229,1212.54467805071,-3617.81516688895,0,1,0,1
20140118093043.daq,129,6,454.533333333333,-1,0,right,0.801429748535156,179.198570251465,12,0.0001,31.3197956085205,1010.61570123069,-0.307614982128143,0.188467815518379,0.272590696811676,6.25184014965246,1207.88296467901,-3622.67289760643,1207.91740926367,-3620.21054751068,1207.95185384834,-3617.74819741494,0,1,0,1
20140118093043.daq,129,6,454.633333333333,-1,0,right,0.799514770507813,179.200485229492,12,0.0001,31.314208984375,1015.20887184332,-0.307614982128143,0.189095497131348,0.282082378864288,6.31888030843284,1203.29121322516,-3622.6058779113,1203.32557551149,-3620.1435266657,1203.35993779782,-3617.6811754201,0,1,0,1
20140118093043.daq,129,6,454.733333333333,-1,0,right,0.797195434570313,179.20280456543,12,0.0001,31.3086967468262,1019.80122674254,-0.263669967651367,0.187999472022057,0.244115486741066,6.38558031122364,1198.70020378943,-3622.53912747734,1198.73446639963,-3620.07677484277,1198.76872900983,-3617.6144222082,0,1,0,1
20140118093043.daq,129,6,454.833333333333,-1,0,right,0.796028137207031,179.203971862793,12,0.0001,31.3033599853516,1024.39278641969,-0.219724982976913,0.187434256076813,0.263098806142807,6.45251790819093,1194.11002152038,-3622.4723054679,1194.14423396461,-3620.0099521358,1194.17844640885,-3617.5475988037,0,1,0,1
20140118093043.daq,129,6,454.933333333333,-1,0,right,0.795112609863281,179.204887390137,12,0.0001,31.2980461120605,1028.98356756622,-0.219724982976913,0.188509479165077,0.272590696811676,6.51924372036283,1189.52056570147,-3622.4054678161,1189.55473879984,-3619.94311393764,1189.58891189821,-3617.48076005918,0,1,0,1
20140118093043.daq,129,6,455.033333333333,-1,0,right,0.796005249023438,179.203994750977,12,0.0001,31.2926406860352,1033.57356258239,-0.175779983401299,0.187944903969765,0.291574031114578,6.58624767040984,1184.93192147743,-3622.33851782739,1184.96613293802,-3619.87616448162,1185.00034439861,-3617.41381113586,0,1,0,1
20140118093043.daq,129,6,455.133333333333,-1,0,right,0.797256469726563,179.202743530273,12,0.0001,31.2872505187988,1038.16276438132,-0.175779983401299,0.18792462348938,0.244115486741066,6.65317984249373,1180.34387909934,-3622.27154556033,1180.3781443326,-3619.80919296226,1180.41240956586,-3617.34684036419,0,1,0,1
20140118093043.daq,129,6,455.233333333333,-1,0,right,0.79736328125,179.20263671875,12,0.0001,31.2818603515625,1042.75117683282,-0.175779983401299,0.188438951969147,0.244115486741066,6.71984591295857,1175.7567183624,-3622.2048885337,1175.79098818601,-3619.74253599951,1175.82525800962,-3617.28018346532,0,1,0,1
20140118093043.daq,129,6,455.333333333333,-1,0,right,0.797805786132813,179.202194213867,12,0.0001,31.2764186859131,1047.33879497142,-0.131834983825684,0.188542827963829,0.272590696811676,6.78677599280969,1171.17040415435,-3622.13796651034,1171.20469299512,-3619.6756142409,1171.23898183589,-3617.21326197146,0,1,0,1
20140118093043.daq,129,6,455.433333333333,-1,0,right,0.798744201660156,179.20125579834,12,0.0001,31.2710075378418,1051.92561583648,-0.131834983825684,0.188620194792747,0.272590696811676,6.85370660723636,1166.58481060488,-3622.0710136766,1166.61913977513,-3619.60866196908,1166.65346894539,-3617.14631026157,0,1,0,1
20140118093043.daq,129,6,455.533333333333,-1,0,right,0.799575805664063,179.200424194336,12,0.0001,31.2656993865967,1056.51165005831,-0.219724982976913,0.188186690211296,0.263098806142807,6.92092699609518,1162.0000740821,-3622.00382333798,1162.03443899148,-3619.54147212899,1162.06880390087,-3617.07912092,0,1,0,1
20140118093043.daq,129,6,455.633333333333,-1,0,right,0.796348571777344,179.203651428223,12,0.0001,31.2604885101318,1061.09691379219,-0.57128494977951,0.1879593282938,0.291574031114578,6.98758997517358,1157.41616626229,-3621.93712931001,1157.45039247757,-3619.47477616929,1157.48461869286,-3617.01242302856,0,1,0,1
20140118093043.daq,129,6,455.733333333333,-1,0,right,0.610458374023438,179.389541625977,12,0.0001,31.2223453521729,1065.67900815394,-1.71385490894318,0.188241168856621,0.282082378864288,7.03441334501518,1152.83917403103,-3621.89056562624,1152.86541123152,-3619.4281144018,1152.89164843201,-3616.96566317737,0,1,0,1
20140118093043.daq,129,6,455.833333333333,1,0,right,1.19691467285156,178.803085327148,12,0.0001,31.2043476104736,1070.25707194826,-3.16403985023499,0.188279166817665,0.263098806142807,7.07978273322252,1148.25721442494,-3621.84433888905,1148.30865446028,-3619.38228520438,1148.36009449562,-3616.92023151971,0,1,0,1
20140118093043.daq,129,6,455.933333333333,1,0,right,1.1337890625,178.8662109375,12,0.0001,31.1630268096924,1074.83079918064,-3.0322048664093,0.187347128987312,0.291574031114578,7.07695680595246,1143.70521989071,-3621.84729374836,1143.75394732836,-3619.38518488394,1143.80267476601,-3616.92307601952,0,1,1,1
20140118093043.daq,129,6,456.033333333333,1,0,right,0.517417907714844,179.482582092285,12,0.0001,31.1599731445313,1079.40117229255,-3.25192975997925,0.189203977584839,0.253607153892517,7.01716960595015,1139.14889980951,-3621.90781163869,1139.17113829503,-3619.44532105532,1139.19337678055,-3616.98283047195,0,1,1,1
20140118093043.daq,129,6,456.133333333333,1,0,right,0.180267333984375,179.819732666016,12,0.0001,31.1583080291748,1083.9712022971,-3.42770981788635,0.194381535053253,0.225131943821907,6.99318454419615,1134.58357516988,-3621.93211290993,1134.59132310499,-3619.46953410044,1134.59907104009,-3617.00695529096,0,1,1,1
20140118093043.daq,129,6,456.233333333333,1,0,right,0.152458190917969,179.847541809082,12,0.0001,31.1625061035156,1088.54140266641,-2.63669991493225,0.193700805306435,0.158690065145493,7.00778545212471,1130.00844818876,-3621.91601100847,1130.01500088301,-3619.45342872849,1130.02155357727,-3616.99084644852,0,1,1,1
20140118093043.daq,129,6,456.333333333333,1,0,right,0.441802978515625,179.558197021484,12,0.0001,31.1599941253662,1093.11191662998,-2.76853489875793,0.193862840533257,0.424458235502243,7.03768362944789,1125.42342467019,-3621.88735295894,1125.44241331587,-3619.42483517124,1125.46140196156,-3616.96231738353,0,1,1,1
20140118093043.daq,129,6,456.433333333333,1,0,right,0.4219970703125,179.578002929688,12,0.0001,31.1518955230713,1097.68134240843,-4.30660963058472,0.195478811860085,0.215640276670456,7.03506636016885,1120.8494394597,-3621.89004528767,1120.86757686528,-3619.42752108313,1120.88571427086,-3616.96499687859,0,1,1,1
20140118093043.daq,129,6,456.533333333333,1,0,right,0.266059875488281,179.733940124512,12,0.0001,31.1406669616699,1102.2493948016,-5.88862991333008,0.193055406212807,0.225131943821907,7.01108225301866,1116.29266830382,-3621.91410811876,1116.30410360159,-3619.45154367141,1116.31553889936,-3616.98897922405,0,1,1,1
20140118093043.daq,129,6,456.633333333333,1,0,right,0.672904968261719,179.327095031738,12,0.0001,31.1364612579346,1106.81613836069,-7.11908960342407,0.193956211209297,0.234623834490776,7.02141797547337,1111.71915184702,-3621.90353566989,1111.74807285372,-3619.44111450388,1111.77699386043,-3616.97869333787,0,1,1,1
20140118093043.daq,129,6,456.733333333333,1,0,right,0.502182006835938,179.497817993164,12,0.0001,31.1317367553711,1111.38252090873,-6.0644097328186,0.206299260258675,0.244115486741066,6.99846453926359,1107.15817711858,-3621.91998686176,1107.17976078611,-3619.45749045186,1107.20134445364,-3616.99499404197,0,1,1,1
20140118093043.daq,129,6,456.833333333333,1,0,right,0.261131286621094,179.738868713379,12,0.0001,31.1328430175781,1115.94833578402,-4.4384446144104,0.208436548709869,0.244115486741066,7.00243053926639,1102.60174802951,-3621.92271400226,1102.61297149719,-3619.46014858035,1102.62419496487,-3616.99758315843,0,1,1,1
20140118093043.daq,129,6,456.933333333333,1,0,right,0.3521728515625,179.647827148438,12,0.0001,31.1379833221436,1120.51504521421,-5.05367469787598,0.210482522845268,0.282082378864288,7.01391710057628,1098.0333778453,-3621.91121707669,1098.04851425222,-3619.44867259737,1098.06365065913,-3616.98612811806,0,1,1,1
20140118093043.daq,129,6,457.033333333333,1,0,right,0.4151611328125,179.584838867188,12,0.0001,31.147632598877,1125.08242631239,-6.24018955230713,0.20894019305706,0.282082378864288,7.01784246525685,1093.4652050137,-3621.89950211445,1093.48304861633,-3619.43697576347,1093.50089221896,-3616.97444941249,0,1,1,1
20140118093043.daq,129,6,457.133333333333,1,0,right,0.139030456542969,179.860969543457,12,0.0001,31.1592998504639,1129.6518287088,-6.41596984863281,0.209325909614563,0.272590696811676,7.00320050676446,1088.90355158254,-3621.921968527,1088.90952715033,-3619.45938477898,1088.91550271812,-3616.99680103095,0,1,1,1
20140118093043.daq,129,6,457.233333333333,1,0,right,0.085052490234375,179.914947509766,12,0.0001,31.1710357666016,1134.22269123477,-6.72358465194702,0.208565697073936,0.253607153892517,6.99771085308827,1084.33150782381,-3621.92750379488,1084.33516340581,-3619.46491551014,1084.3388189878,-3617.0023272254,0,1,1,1
20140118093043.daq,129,6,457.333333333333,1,0,right,0.201347351074219,179.798652648926,12,0.0001,31.1851558685303,1138.79575442222,-7.51459455490112,0.208933964371681,0.282082378864288,6.99811623193185,1079.75627904131,-3621.92714650267,1079.76493299729,-3619.46457071044,1079.77358695326,-3617.00199491821,0,1,1,1
20140118093043.daq,129,6,457.433333333333,1,0,right,0.110633850097656,179.889366149902,12,0.0001,31.1979732513428,1143.37060753538,-9.09661483764648,0.208953931927681,0.272590696811676,6.99608171518682,1075.18305446944,-3621.92909582451,1075.18780954488,-3619.46650941736,1075.19256462032,-3617.00392301021,0,1,1,1
20140118093043.daq,129,6,457.533333333333,1,0,right,0.116180419921875,179.883819580078,12,0.0001,31.2166728973389,1147.94794385256,-9.97551441192627,0.207966879010201,0.282082378864288,6.99669030251652,1070.60625863192,-3621.92850868027,1070.61125210024,-3619.46592274497,1070.61624556857,-3617.00333680968,0,1,1,1
20140118093043.daq,129,6,457.633333333333,1,0,right,0.2796630859375,179.720336914063,12,0.0001,31.2354583740234,1152.52765518235,-11.8651494979858,0.209900304675102,0.253607153892517,7.01415850435445,1066.02488182717,-3621.9110686986,1066.03690178866,-3619.44850703563,1066.04892175015,-3616.98594537265,0,1,1,1
20140118093043.daq,129,6,457.733333333333,1,0,right,-0.0081787109375,180.008178710938,12,0.0001,31.2560005187988,1157.1104295112,-13.3153343200684,0.207906126976013,0.263098806142807,7.00725965894028,1061.44695518519,-3621.92838347303,1061.44660366157,-3619.46579250012,1061.44625213795,-3617.00320152721,0,1,1,1
20140118093043.daq,129,6,457.833333333333,1,0,right,0.540267944335938,179.459732055664,12,0.0001,31.2743186950684,1161.69570126444,-14.2821245193481,0.210551306605339,0.263098806142807,7.03200410330088,1056.85330716246,-3621.89296682694,1056.87652770804,-3619.43048530829,1056.89974825363,-3616.96800378964,0,1,1,1
20140118093043.daq,129,6,457.933333333333,1,0,right,0.162521362304688,179.837478637695,12,0.0001,31.2977333068848,1166.28426235384,-16.039924621582,0.210640743374825,0.310557574033737,7.00001089036571,1052.27443785192,-3621.92515413094,1052.28142306288,-3619.46257303984,1052.28840827385,-3616.99999194874,0,1,1,1
20140118093043.daq,129,6,458.033333333333,1,0,right,-0.373252868652344,180.373252868652,12,0.0001,31.3181667327881,1170.87610119329,-19.1600189208984,0.209159716963768,0.111231304705143,6.97026658337191,1047.69843703414,-3621.96263089665,1047.68239461949,-3619.50009215292,1047.66635220483,-3617.03755340919,0,1,1,1
20140118093043.daq,129,6,458.133333333333,1,0,right,-0.68353271484375,180.683532714844,12,0.0001,31.3442516326904,1175.47133653458,-22.5877285003662,0.208972454071045,0.272590696811676,6.94274802196738,1043.11224746349,-3621.98759194039,1043.08286970483,-3619.52517618127,1043.05349194616,-3617.06276042216,0,1,1,1
20140118093043.daq,129,6,458.233333333333,1,0,right,-0.892921447753906,180.892921447754,12,0.0001,31.3706951141357,1180.07039039651,-23.7302989959717,0.210722267627716,0.320049256086349,6.91857921061886,1038.52370062345,-3622.00607370421,1038.48532412645,-3619.54378174997,1038.44694762944,-3617.08148979573,0,1,1,1
20140118093043.daq,129,6,458.333333333333,1,0,right,-1.38086700439453,181.380867004395,12,0.0001,31.4019203186035,1184.67365444554,-24.2576389312744,0.207686439156532,0.272590696811676,6.87806307783163,1033.94046718821,-3622.04574648699,1033.88112282639,-3619.58387064322,1033.82177846456,-3617.12199479945,0,1,1,1
20140118093043.daq,129,6,458.433333333333,1,0,right,-1.84651184082031,181.84651184082,12,0.0001,31.4398365020752,1189.28198099505,-23.4666290283203,0.209552422165871,0.348524451255798,6.82361006478872,1029.34920492514,-3622.09908815828,1029.26985499089,-3619.63777590435,1029.19050505663,-3617.17646365041,0,1,1,1
20140118093043.daq,129,6,458.533333333333,1,0,right,-2.2525634765625,182.252563476563,12,0.0001,31.4838256835938,1193.89633017686,-21.8846092224121,0.210607662796974,0.320049256086349,6.75373812773109,1024.74740755096,-3622.16775115229,1024.65061658808,-3619.70706305077,1024.55382562521,-3617.24637494926,0,1,1,1
20140118093043.daq,129,6,458.633333333333,1,0,right,-2.58208465576172,182.582084655762,12,0.0001,31.5327072143555,1198.51749956757,-17.9295597076416,0.207560852169991,0.263098806142807,6.67388550433317,1020.13508341989,-3622.24634688494,1020.02414215371,-3619.78625614294,1019.91320088753,-3617.32616540093,0,1,1,1
20140118093043.daq,129,6,458.733333333333,1,0,right,-3.22792816162109,183.227928161621,12,0.0001,31.5535774230957,1203.14392858581,-11.0301942825317,0.20888364315033,0.291574031114578,6.54969516677195,1015.53260191369,-3622.36767414455,1015.39393790467,-3619.90899020471,1015.25527389565,-3617.45030626487,0,1,1,1
20140118093043.daq,129,6,458.833333333333,1,0,right,-3.83736419677734,183.837364196777,12,0.0001,31.5743350982666,1207.77320547912,-6.89936447143555,0.210542023181915,0.282082378864288,6.36016834224896,1010.94422462274,-3622.55399577865,1010.77941675254,-3620.09692581844,1010.61460888233,-3617.63985585823,0,1,1,1
20140118093043.daq,129,6,458.933333333333,1,0,right,-4.41260528564453,184.412605285645,12,0.0001,31.6025676727295,1212.40612486347,-5.36128950119019,0.207473769783974,0.310557574033737,6.11002334142584,1006.36451231365,-3622.80058986123,1006.17504454772,-3620.34529835326,1005.98557678179,-3617.89000684529,0,1,1,1
20140118093043.daq,129,6,459.033333333333,1,0,right,-4.12331390380859,184.123313903809,12,0.0001,31.6187191009521,1217.0422065797,-2.68064475059509,0.210716724395752,0.234623834490776,5.8523276282906,1001.75385571359,-3623.06014827794,1001.57678729076,-3620.60393143143,1001.39971886794,-3618.14771458492,0,1,1,1
20140118093043.daq,129,6,459.133333333333,1,0,right,-4.21267700195313,184.212677001953,12,0.0001,31.6446666717529,1221.68147440615,3.0322048664093,0.209210693836212,0.206148609519005,5.49095748922361,997.134744093387,-3623.4209646829,996.953844974475,-3620.96502699391,996.772945855562,-3618.50908930492,0,0,1,0
20140118093043.daq,129,6,459.233333333333,1,0,right,-4.13568878173828,184.135688781738,12,0.0001,31.6705379486084,1226.32462924416,7.3388147354126,0.209163889288902,0.149198174476624,5.11004842845407,992.497378281739,-3623.80234413301,992.319779363526,-3621.34616558745,992.142180445313,-3618.88998704188,0,0,1,0
20140118093043.daq,129,6,459.333333333333,1,0,right,-3.97252655029297,183.972526550293,12,0.0001,31.6931896209717,1230.97136104292,9.88762474060059,0.209343373775482,0.225131943821907,4.75214357864223,987.850391308886,-3624.16122315646,987.679787605571,-3621.7045488191,987.509183902256,-3619.24787448174,0,0,1,0
20140118093043.daq,129,6,459.433333333333,1,0,right,-3.73237609863281,183.732376098633,12,0.0001,31.7125778198242,1235.62115779896,11.4696445465088,0.210587322711945,0.206148609519005,4.43394395694847,983.197385479728,-3624.48079833758,983.037080189166,-3622.02343051057,982.876774898605,-3619.56606268355,0,0,1,0
20140118093043.daq,129,6,459.533333333333,1,0,right,-3.43210601806641,183.432106018066,12,0.0001,31.7301044464111,1240.27364313854,12.8319396972656,0.210117056965828,0.158690065145493,4.15331563311721,978.540848357618,-3624.76303448654,978.393423540873,-3622.30486029685,978.245998724127,-3619.84668610717,0,0,1,0
20140118093043.daq,129,6,459.633333333333,1,0,right,-3.11048126220703,183.110481262207,12,0.0001,31.7477989196777,1244.92868572135,12.4803791046143,0.210877478122711,0.234623834490776,3.90157682723336,973.881734724602,-3625.01634929738,973.748110899992,-3622.55738628486,973.614487075381,-3620.09842327234,0,0,1,0
20140118093043.daq,129,6,459.733333333333,1,0,right,-2.83000946044922,182.830009460449,12,0.0001,31.7673816680908,1249.58644919827,10.107349395752,0.211035296320915,0.215640276670456,3.6705266930912,969.220325190229,-3625.24866651852,969.098739927054,-3622.78907886056,968.977154663879,-3620.32949120259,0,0,1,0
20140118093043.daq,129,6,459.833333333333,1,0,right,-2.57159423828125,182.571594238281,12,0.0001,31.7888736724854,1254.24723539095,10.502854347229,0.211044415831566,0.168181732296944,3.4585572217762,964.55526782621,-3625.46177536331,964.444776985618,-3623.00166435005,964.334286145025,-3620.54155333679,0,0,1,0
20140118093043.daq,129,6,459.933333333333,1,0,right,-2.31597137451172,182.315971374512,12,0.0001,31.8112468719482,1258.91124993535,11.2938642501831,0.210342690348625,0.168181732296944,3.26385940994151,959.885290766206,-3625.65744385987,959.785776677238,-3623.19686438147,959.68626258827,-3620.73628490307,0,0,1,0
20140118093043.daq,129,6,460.033333333333,1,0,right,-2.04232025146484,182.042320251465,12,0.0001,31.8336486816406,1263.57855700968,12.0848741531372,0.211449384689331,0.206148609519005,3.08936062982741,955.209651154713,-3625.83269695894,955.121890161961,-3623.3716702562,955.034129169209,-3620.91064355347,0,0,1,0
20140118093043.daq,129,6,460.133333333333,1,0,right,-1.75460052490234,181.754600524902,12,0.0001,31.8554935455322,1268.24911248412,12.1288194656372,0.211943909525871,0.282082378864288,2.93764564090445,950.529018969966,-3625.98532826737,950.453617462672,-3623.52389189075,950.378215955379,-3621.06245551414,0,0,1,0
20140118093043.daq,129,6,460.233333333333,1,0,right,-1.46808624267578,181.468086242676,12,0.0001,31.8767642974854,1272.92282695681,11.6014795303345,0.211401045322418,0.168181732296944,2.8090926766919,945.844478147547,-3626.11455754203,945.781386233719,-3623.65277488837,945.71829431989,-3621.19099223472,0,0,1,0
20140118093043.daq,129,6,460.333333333333,1,0,right,-1.19647979736328,181.196479797363,12,0.0001,31.8977794647217,1277.59963797466,10.6786346435547,0.211630523204803,0.177673399448395,2.70390612000975,941.157114566638,-3626.22024865759,941.105693218311,-3623.75819458256,941.054271869985,-3621.29614050753,0,0,1,0
20140118093043.daq,129,6,460.433333333333,1,0,right,-0.953010559082031,180.953010559082,12,0.0001,31.9189109802246,1282.27953637602,9.09661483764648,0.211334601044655,0.225131943821907,2.62063683273099,936.467559282792,-3626.30395191398,936.426600471692,-3623.84170156131,936.385641660591,-3621.37945120864,0,0,1,0
20140118093043.daq,129,9,665.883333333333,1,0,right,0.470481872558594,179.529518127441,12,0.0001,79.617317199707,0,1.05467998981476,0.365059942007065,0.215640276670456,2.76364144268346,-11952.8135943821,-9526.16853425637,-11952.7933731474,-9523.70602628174,-11952.7731519127,-9521.24351830712,1,0,0,0
20140118093043.daq,129,9,665.983333333333,1,0,right,0.494804382324219,179.505195617676,12,0.0001,79.6241226196289,11.6777308215096,0.703119993209839,0.365210622549057,0.168181732296944,2.84532024905981,-11964.4909374711,-9526.08011227043,-11964.4696708843,-9523.61761310176,-11964.4484042974,-9521.15511393309,1,0,0,0
20140118093043.daq,129,9,666.083333333333,1,0,right,0.508430480957031,179.491569519043,12,0.0001,79.6310119628906,23.3564667671744,0.26366999745369,0.365719646215439,0.215640276670456,2.94098715620123,-11976.1680228909,-9525.9845408217,-11976.1461706724,-9523.52204678029,-11976.1243184539,-9521.05955273889,1,0,0,0
20140118093043.daq,129,9,666.183333333333,1,0,right,0.509635925292969,179.490364074707,12,0.0001,79.6380233764648,35.0362213580011,-0.131834983825684,0.364852160215378,0.244115486741066,3.04179607526175,-11987.8457862383,-9525.88388013688,-11987.8238822115,-9523.42138655576,-11987.8019781846,-9520.95889297465,1,0,0,0
20140118093043.daq,129,9,666.283333333333,1,0,right,0.497459411621094,179.502540588379,12,0.0001,79.6451110839844,46.7170108192076,-0.307614982128143,0.365403324365616,0.253607153892517,3.14574609265624,-11999.5242044458,-9525.78014296395,-11999.5028237492,-9523.3176447834,-11999.4814430526,-9520.85514660284,1,0,0,0
20140118093043.daq,129,9,666.383333333333,1,0,right,0.477264404296875,179.522735595703,12,0.0001,79.6522216796875,58.3988408389487,-0.263669967651367,0.364845246076584,0.187165051698685,3.25216547277441,-12011.2024295306,-9525.67397315951,-12011.1819167905,-9523.21146759587,-12011.1614040504,-9520.74896203224,1,0,0,0
20140118093043.daq,129,9,666.483333333333,1,0,right,0.457969665527344,179.542030334473,12,0.0001,79.6593322753906,70.0817152403979,-0.175779983401299,0.36532187461853,0.234623834490776,3.35871368961207,-12022.8826289869,-9525.56774737926,-12022.8629455133,-9523.10523504745,-12022.8432620396,-9520.64272271565,1,0,0,0
20140118093043.daq,129,9,666.583333333333,1,0,right,0.439216613769531,179.56078338623,12,0.0001,79.6664276123047,81.7656308531223,-0.131834983825684,0.364468693733215,0.282082378864288,3.46366591514361,-12034.5628411008,-9525.46246443195,-12034.5439636146,-9522.99994578959,-12034.5250861284,-9520.53742714724,1,0,0,0
20140118093043.daq,129,9,666.683333333333,1,0,right,0.42236328125,179.57763671875,12,0.0001,79.6734924316406,93.450585066159,-0.175779983401299,0.365310698747635,0.225131943821907,3.56677079451798,-12046.2450517983,-9525.35901673361,-12046.2268986533,-9522.89649264505,-12046.2087455083,-9520.43396855649,1,0,0,0
20140118093043.daq,129,9,666.783333333333,1,0,right,0.405914306640625,179.594085693359,12,0.0001,79.6805191040039,105.136572377865,-0.175779983401299,0.365113109350204,0.215640276670456,3.6660557678654,-12057.9282485149,-9525.25945010976,-12057.9108023336,-9522.79692091111,-12057.8933561524,-9520.33439171247,1,0,0,0
20140118093043.daq,129,9,666.883333333333,1,0,right,0.391326904296875,179.608673095703,12,0.0001,79.6875534057617,116.823591855748,-0.175779983401299,0.365691274404526,0.329540908336639,3.76357011376341,-12069.6124664825,-9525.1617211572,-12069.5956472573,-9522.69918759659,-12069.5788280321,-9520.23665403599,1,0,0,0
20140118093043.daq,129,9,666.983333333333,1,0,right,0.3768310546875,179.623168945313,12,0.0001,79.6945266723633,128.51163855764,-0.175779983401299,0.365696787834167,0.244115486741066,3.8572568333748,-12081.297662996,-9525.06789269298,-12081.281466793,-9522.60535495592,-12081.2652705901,-9520.14281721886,1,0,0,0
20140118093043.daq,129,9,667.083333333333,1,0,right,0.361770629882813,179.638229370117,12,0.0001,79.7014465332031,140.200703997943,-0.175779983401299,0.365599483251572,0.234623834490776,3.94708259439566,-12092.9838221856,-9524.97800536341,-12092.9682732711,-9522.51546345418,-12092.9527243566,-9520.05292154496,1,0,0,0
20140118093043.daq,129,9,667.183333333333,1,0,right,0.346786499023438,179.653213500977,12,0.0001,79.7084121704102,151.89078565895,-0.175779983401299,0.365405917167664,0.206148609519005,4.03504782913637,-12104.6709595397,-9524.89006633743,-12104.6560546356,-9522.42752044602,-12104.6411497316,-9519.96497455462,1,0,0,0
20140118093043.daq,129,9,667.283333333333,1,0,right,0.33135986328125,179.668640136719,12,0.0001,79.7154235839844,163.581893238501,-0.219724982976913,0.365216046571732,0.272590696811676,4.11917580041576,-12116.3590624931,-9524.8060608724,-12116.3448206192,-9522.34351105717,-12116.3305787453,-9519.88096124195,1,0,0,0
20140118093043.daq,129,9,667.383333333333,1,0,right,0.313644409179688,179.68635559082,12,0.0001,79.7223968505859,175.274027016327,-0.351559966802597,0.364583373069763,0.244115486741066,4.20035285304703,-12128.0490628226,-9524.72512673223,-12128.0355823526,-9522.26257263123,-12128.0221018825,-9519.80001853022,1,0,0,0
20140118093043.daq,129,9,667.483333333333,1,0,right,0.2869873046875,179.713012695313,12,0.0001,79.7293167114258,186.96718009207,-0.791009962558746,0.365373969078064,0.263098806142807,4.27816763282594,-12139.7388458,-9524.6476757815,-12139.7265110451,-9522.18511567518,-12139.7141762901,-9519.72255556885,1,0,0,0
20140118093043.daq,129,9,667.583333333333,1,0,right,0.243003845214844,179.756996154785,12,0.0001,79.7361297607422,198.661340250168,-1.53807497024536,0.365122824907303,0.234623834490776,4.35095589417262,-12151.429183318,-9524.57520327283,-12151.418738966,-9522.11263442325,-12151.4082946141,-9519.65006557367,1,0,0,0
20140118093043.daq,129,9,667.683333333333,1,0,right,0.182601928710938,179.817398071289,12,0.0001,79.7428970336914,210.356496114342,-1.71385490894318,0.36468431353569,0.253607153892517,4.41704322084842,-12163.1200950492,-9524.50862862556,-12163.112246773,-9522.04605013382,-12163.1043984968,-9519.58347164208,1,0,0,0
20140118093043.daq,129,9,667.783333333333,1,0,right,0.113754272460938,179.886245727539,12,0.0001,79.7496185302734,222.052641343682,-1.58201992511749,0.365304797887802,0.244115486741066,4.47593251149089,-12174.8117728436,-9524.4494106696,-12174.8068836517,-9521.98682452507,-12174.8019944597,-9519.52423838054,1,0,0,0
20140118093043.daq,129,9,667.883333333333,1,0,right,0.0455398559570313,179.954460144043,12,0.0001,79.7562789916992,233.749767732341,-1.2744048833847,0.36507448554039,0.244115486741066,4.52527622422097,-12186.503461059,-9524.39991717344,-12186.5015037415,-9521.9373269533,-12186.4995464241,-9519.47473673316,1,0,0,0
20140118093043.daq,129,9,667.983333333333,1,0,right,-0.0133514404296875,180.01335144043,12,0.0001,79.7629165649414,245.447869592179,-1.01073491573334,0.36528280377388,0.234623834490776,4.5646328524717,-12198.1973267652,-9524.36058784876,-12198.1979006144,-9521.89799691762,-12198.1984744636,-9519.43540598648,1,0,0,0
20140118093043.daq,129,9,668.083333333333,1,0,right,-0.0650177001953125,180.065017700195,12,0.0001,79.7695236206055,257.146942727006,-0.878899931907654,0.365453213453293,0.206148609519005,4.59291086989112,-12209.8923434529,-9524.33252954771,-12209.8951379339,-9521.86994013526,-12209.8979324149,-9519.40735072281,1,0,0,0
20140118093043.daq,129,9,668.183333333333,1,0,right,-0.110328674316406,180.110328674316,12,0.0001,79.7760467529297,268.846978464731,-0.834954977035522,0.364962816238403,0.225131943821907,4.61104342069484,-12221.588490845,-9524.31481988914,-12221.5932328039,-9521.8522334567,-12221.5979747628,-9519.38964702425,1,0,0,0
20140118093043.daq,129,9,668.283333333333,1,0,right,-0.149703979492188,180.149703979492,12,0.0001,79.7825241088867,280.547967014274,-0.74706494808197,0.365034222602844,0.234623834490776,4.61653936661227,-12233.2857594896,-9524.30943827034,-12233.2921938074,-9521.84685567823,-12233.2986281252,-9519.38427308612,1,0,0,0
20140118093043.daq,129,9,668.383333333333,1,0,right,-0.184745788574219,180.184745788574,12,0.0001,79.7890396118164,292.249908095888,-0.483394980430603,0.364185065031052,0.253607153892517,4.61192439296746,-12244.9841104364,-9524.31355417993,-12244.992050856,-9521.85097598357,-12244.9999912755,-9519.38839778722,1,0,0,0
20140118093043.daq,129,9,668.483333333333,1,0,right,-0.203521728515625,180.203521728516,12,0.0001,79.7955780029297,303.952806931484,0.131834998726845,0.3644118309021,0.253607153892517,4.59975064853593,-12256.6838402225,-9524.32545500216,-12256.6925876333,-9521.86287954012,-12256.7013350441,-9519.40030407808,1,0,0,0
20140118093043.daq,129,9,668.583333333333,1,0,right,-0.208953857421875,180.208953857422,12,0.0001,79.8021240234375,315.656665013041,0.351559996604919,0.364154815673828,0.272590696811676,4.57984048400588,-12268.3858539061,-9524.34532143213,-12268.3948347901,-9521.88274681048,-12268.4038156741,-9519.42017218884,1,0,0,0
20140118093043.daq,129,9,668.683333333333,1,0,right,-0.203750610351563,180.203750610352,12,0.0001,79.8086929321289,327.361484578505,0.615229964256287,0.36511042714119,0.244115486741066,4.5549753981924,-12280.0891079828,-9524.37039100017,-12280.097865231,-9521.90781557309,-12280.1066224791,-9519.44524014602,1,0,0,0
20140118093043.daq,129,9,668.783333333333,1,0,right,-0.183753967285156,180.183753967285,12,0.0001,79.8152847290039,339.067267865845,1.09862494468689,0.363782644271851,0.291574031114578,4.52834978719726,-12291.7937053294,-9524.3974773469,-12291.8016031203,-9521.93489901346,-12291.8095009113,-9519.47232068002,1,0,0,0
20140118093043.daq,129,9,668.883333333333,1,0,right,-0.149223327636719,180.149223327637,12,0.0001,79.8219223022461,350.774023733655,1.45018494129181,0.364407032728195,0.253607153892517,4.50037072439076,-12303.4996385711,-9524.42561953827,-12303.5060522304,-9521.96303689226,-12303.5124658897,-9519.50045424626,1,0,0,0
20140118093043.daq,129,9,668.983333333333,1,0,right,-0.107200622558594,180.107200622559,12,0.0001,79.8284912109375,362.481748172257,1.45018494129181,0.36489737033844,0.282082378864288,4.4741295366204,-12315.206732176,-9524.45134549647,-12315.2113396905,-9521.98875880881,-12315.215947205,-9519.52617212115,1,0,0,0
20140118093043.daq,129,9,669.083333333333,1,0,right,-0.059600830078125,180.059600830078,12,0.0001,79.8350601196289,374.190434934011,1.36229491233826,0.36555889248848,0.234623834490776,4.45141202836525,-12326.9159144881,-9524.47379653527,-12326.9184761505,-9522.01120686963,-12326.9210378128,-9519.54861720399,1,0,0,0
20140118093043.daq,129,9,669.183333333333,1,0,right,-0.0159835815429688,180.015983581543,12,0.0001,79.8416595458984,385.900086816364,1.18651497364044,0.364461541175842,0.244115486741066,4.43459780231209,-12338.6259729511,-9524.4906332903,-12338.6266599305,-9522.02804238813,-12338.62734691,-9519.56545148595,1,0,0,0
20140118093043.daq,129,9,669.283333333333,1,0,right,0.0223617553710938,179.977638244629,12,0.0001,79.8482208251953,397.610706150532,1.01073491573334,0.36477318406105,0.225131943821907,4.42460622080516,-12350.3358998971,-9524.50095911015,-12350.3349387816,-9522.03836829971,-12350.3339776662,-9519.57577748926,1,0,0,0
20140118093043.daq,129,9,669.383333333333,1,0,right,0.052825927734375,179.947174072266,12,0.0001,79.8547134399414,409.322282306195,0.92284494638443,0.365360409021378,0.253607153892517,4.42315056177655,-12362.0475851097,-9524.50298242292,-12362.0453146347,-9522.04039247159,-12362.0430441597,-9519.57780252026,1,0,0,0
20140118093043.daq,129,9,669.483333333333,1,0,right,0.080291748046875,179.919708251953,12,0.0001,79.8611755371094,421.034806797754,0.791009962558746,0.364891648292542,0.272590696811676,4.42722539869785,-12373.7591958726,-9524.4983547805,-12373.7557449086,-9522.03576620052,-12373.7522939446,-9519.57317762053,1,0,0,0
20140118093043.daq,129,9,669.583333333333,1,0,right,0.0980148315429688,179.901985168457,12,0.0001,79.8676376342773,432.748280371197,0.57128494977951,0.365072220563889,0.206148609519005,4.43771869657672,-12385.4715439445,-9524.48749333169,-12385.4673312376,-9522.02490593699,-12385.4631185308,-9519.56231854229,1,0,0,0
20140118093043.daq,129,9,669.683333333333,1,0,right,0.110946655273438,179.889053344727,12,0.0001,79.8740463256836,444.46269808436,0.395504981279373,0.364932298660278,0.187165051698685,4.4551488320839,-12397.1847510349,-9524.47009210578,-12397.179982515,-9522.00750572462,-12397.1752139951,-9519.54491934347,1,0,0,0
20140118093043.daq,129,9,669.783333333333,1,0,right,0.117759704589844,179.88224029541,12,0.0001,79.8804244995117,456.178052943607,0.26366999745369,0.364865899085999,0.234623834490776,4.47751419965782,-12408.8987848776,-9524.44818640446,-12408.8937235312,-9521.98560060774,-12408.8886621849,-9519.52301481102,1,0,0,0
20140118093043.daq,129,9,669.883333333333,1,0,right,0.115966796875,179.884033203125,12,0.0001,79.8867721557617,467.894340286526,0.0878899991512299,0.364807367324829,0.253607153892517,4.50303528524983,-12420.6135847758,-9524.42290665673,-12420.6086004891,-9521.96032070283,-12420.6036162023,-9519.49773474894,1,0,0,0
20140118093043.daq,129,9,669.983333333333,1,0,right,0.111076354980469,179.88892364502,12,0.0001,79.8931427001953,479.611559833385,0,0.365027278661728,0.244115486741066,4.5304383220343,-12432.3283088955,-9524.39488877269,-12432.3235348011,-9521.93230240234,-12432.3187607067,-9519.46971603198,1,0,0,0
20140118093043.daq,129,9,670.083333333333,1,0,right,0.101676940917969,179.898323059082,12,0.0001,79.899528503418,491.329715593842,-0.0439449958503246,0.365021497011185,0.234623834490776,4.55901368213963,-12444.0448757689,-9524.36617313558,-12444.0405056636,-9521.90358601517,-12444.0361355583,-9519.44099889476,1,0,0,0
20140118093043.daq,129,9,670.183333333333,1,0,right,0.0918121337890625,179.908187866211,12,0.0001,79.9058990478516,503.048807008425,-0.0439449958503246,0.365053862333298,0.234623834490776,4.58806679192849,-12455.7614311516,-9524.33748623671,-12455.7574850383,-9521.87489840038,-12455.753538925,-9519.41231056405,1,0,0,0
20140118093043.daq,129,9,670.283333333333,1,0,right,0.0817947387695313,179.91820526123,12,0.0001,79.912239074707,514.76883109317,-0.0439449958503246,0.365135192871094,0.225131943821907,4.61724198342389,-12467.478959254,-9524.30880873032,-12467.4754436911,-9521.84622024171,-12467.4719281281,-9519.3836317531,1,0,0,0
20140118093043.daq,129,9,670.383333333333,1,0,right,0.0709152221679688,179.929084777832,12,0.0001,79.9185409545898,526.489782159937,-0.0439449958503246,0.365492820739746,0.215640276670456,4.64418661914614,-12479.1974426821,-9524.28116104222,-12479.1943947239,-9521.81857193046,-12479.1913467656,-9519.3559828187,1,0,0,0
20140118093043.daq,129,9,670.483333333333,1,0,right,0.0599441528320313,179.940055847168,12,0.0001,79.9248046875,538.211654986815,-0.0439449958503246,0.364834874868393,0.225131943821907,4.66972377596738,-12490.9178768627,-9524.25547208809,-12490.9153004442,-9521.79288243784,-12490.9127240257,-9519.3302927876,1,0,0,0
20140118093043.daq,129,9,670.583333333333,1,0,right,0.05078125,179.94921875,12,0.0001,79.9310302734375,549.934443232916,0,0.365183711051941,0.263098806142807,4.69399789480464,-12502.638355269,-9524.23162443832,-12502.6361726749,-9521.76903440753,-12502.6339900807,-9519.30644437675,1,0,0,0
20140118093043.daq,129,9,670.683333333333,1,0,right,0.0408782958984375,179.959121704102,12,0.0001,79.9372406005859,561.658143075059,0,0.364816576242447,0.244115486741066,4.71706573465168,-12514.3597919864,-9524.20879905753,-12514.3580350242,-9521.7462086863,-12514.3562780621,-9519.28361831506,1,0,0,0
20140118093043.daq,129,9,670.783333333333,1,0,right,0.0334854125976563,179.966514587402,12,0.0001,79.9434585571289,573.382754606486,0,0.364547491073608,0.272590696811676,4.73650703940168,-12526.0822667821,-9524.18874818493,-12526.0808275684,-9521.72615760749,-12526.0793883547,-9519.26356703005,1,0,0,0
20140118093043.daq,129,9,670.883333333333,1,0,right,0.0260238647460938,179.973976135254,12,0.0001,79.9496536254883,585.108276894716,0,0.364709049463272,0.272590696811676,4.75460553328732,-12537.8047398328,-9524.1706546576,-12537.8036213188,-9521.70806391361,-12537.8025028048,-9519.24547316963,1,0,0,0
20140118093043.daq,129,9,670.983333333333,1,0,right,0.0171356201171875,179.982864379883,12,0.0001,79.9558258056641,596.834705650326,0,0.365303963422775,0.244115486741066,4.77228199894522,-12549.5291309012,-9524.15362583847,-12549.5283944067,-9521.6910349506,-12549.5276579123,-9519.22844406274,1,0,0,0
20140118093043.daq,129,9,671.083333333333,1,0,right,0.0090179443359375,179.990982055664,12,0.0001,79.9619750976563,608.562038075863,0,0.365241020917892,0.225131943821907,4.78605101387285,-12561.2545173838,-9524.13947905502,-12561.2541297896,-9521.67688808752,-12561.2537421955,-9519.21429712003,1,0,0,0
20140118093043.daq,129,9,671.183333333333,1,0,right,-0.00020599365234375,180.000205993652,12,0.0001,79.9681701660156,620.290275197061,0,0.366233021020889,0.253607153892517,4.79880483356508,-12572.9808531612,-9524.12637716428,-12572.9808620149,-9521.66378616629,-12572.9808708686,-9519.20119516831,1,0,0,0
20140118093043.daq,129,9,671.283333333333,1,0,right,-0.0072174072265625,180.007217407227,12,0.0001,79.9744338989258,632.019424380531,0,0.365981191396713,0.253607153892517,4.8104382642206,-12584.7072432607,-9524.11509165332,-12584.7075534672,-9521.65250067486,-12584.7078636737,-9519.1899096964,1,0,0,0
20140118093043.daq,129,9,671.383333333333,1,0,right,-0.0148086547851563,180.014808654785,12,0.0001,79.9808807373047,643.749504742213,0,0.365802884101868,0.244115486741066,4.82103067354206,-12596.4355721681,-9524.10481850934,-12596.4362086489,-9521.64222759359,-12596.4368451296,-9519.17963667784,1,0,0,0
20140118093043.daq,129,9,671.483333333333,1,0,right,-0.0230178833007813,180.023017883301,12,0.0001,79.9874801635742,655.480543324105,0,0.365738600492477,0.234623834490776,4.8277117580002,-12608.1638858055,-9524.09751320844,-12608.1648751215,-9521.63492240917,-12608.1658644375,-9519.17233160989,1,0,0,0
20140118093043.daq,129,9,671.583333333333,1,0,right,-0.0315475463867188,180.031547546387,12,0.0001,79.9941329956055,667.212554952712,0,0.366168618202209,0.234623834490776,4.83415309643549,-12619.8941446066,-9524.09120423712,-12619.8955005302,-9521.62861361241,-12619.8968564538,-9519.16602298771,1,0,0,0
20140118093043.daq,129,9,671.683333333333,1,0,right,-0.0408172607421875,180.040817260742,12,0.0001,80.0008010864258,678.945543824215,0,0.366240650415421,0.244115486741066,4.83919542859476,-12631.6253616657,-9524.08689407603,-12631.6271160045,-9521.62430370293,-12631.6288703433,-9519.16171332982,1,0,0,0
20140118093043.daq,129,9,671.783333333333,1,0,right,-0.0482177734375,180.048217773438,12,0.0001,80.0075225830078,690.67951450777,0,0.365805715322495,0.272590696811676,4.84183546803388,-12643.3566246846,-9524.08344497801,-12643.3586970998,-9521.62085485204,-12643.3607695149,-9519.15826472607,1,0,0,0
20140118093043.daq,129,9,671.883333333333,1,0,right,-0.0568008422851563,180.056800842285,12,0.0001,80.0142517089844,702.414471665805,0,0.366029977798462,0.263098806142807,4.84327345857949,-12655.0898116253,-9524.08202202556,-12655.0922529433,-9521.61943223767,-12655.0946942614,-9519.15684244978,1,0,0,0
20140118093043.daq,129,9,671.983333333333,1,0,right,-0.0651397705078125,180.065139770508,12,0.0001,80.0209579467773,714.150413433345,0.0439449995756149,0.365955382585526,0.149198174476624,4.84334912402746,-12666.8230045058,-9524.08253708728,-12666.8258042334,-9521.61994768079,-12666.8286039611,-9519.1573582743,1,0,0,0
20140118093043.daq,129,9,672.083333333333,1,0,right,-0.0722198486328125,180.072219848633,12,0.0001,80.0276641845703,725.887338971173,0.0439449995756149,0.365622758865356,0.263098806142807,4.84049995341576,-12678.5581814834,-9524.08492749647,-12678.5612855149,-9521.62233845474,-12678.5643895463,-9519.15974941302,1,0,0,0
20140118093043.daq,129,9,672.183333333333,1,0,right,-0.0749053955078125,180.074905395508,12,0.0001,80.0343704223633,737.625247906275,0.483394980430603,0.366094797849655,0.225131943821907,4.83726818228657,-12690.29346681,-9524.08802304474,-12690.296686267,-9521.62543415121,-12690.299905724,-9519.16284525768,1,0,0,0
20140118093043.daq,129,9,672.283333333333,1,0,right,-0.0595474243164063,180.059547424316,12,0.0001,80.0410308837891,749.364137627701,1.18651497364044,0.366105109453201,0.234623834490776,4.83420661230309,-12702.0311501795,-9524.09195729908,-12702.0337095465,-9521.62936763105,-12702.0362689134,-9519.16677796302,1,0,0,0
20140118093043.daq,129,9,672.383333333333,1,0,right,-0.029876708984375,180.029876708984,12,0.0001,80.0476760864258,761.104003286542,1.40623998641968,0.365652233362198,0.234623834490776,4.83026953158526,-12713.7701623012,-9524.09500726455,-12713.7714464117,-9521.63241660134,-12713.7727305222,-9519.16982593814,1,0,0,0
20140118093043.daq,129,9,672.483333333333,1,0,right,0.0106658935546875,179.989334106445,12,0.0001,80.0543441772461,772.844844976047,1.36229491233826,0.365634053945541,0.244115486741066,4.82925574847717,-12725.5113938179,-9524.09640846776,-12725.5109353943,-9521.63381751243,-12725.5104769708,-9519.1712265571,1,0,0,0
20140118093043.daq,129,9,672.583333333333,1,0,right,0.0540390014648438,179.945960998535,12,0.0001,80.0609664916992,784.586661856978,1.31834995746613,0.366177529096603,0.225131943821907,4.83231602093775,-12737.2526929877,-9524.09372774922,-12737.2503703744,-9521.63113784652,-12737.2480477611,-9519.16854794381,1,0,0,0
20140118093043.daq,129,9,672.683333333333,1,0,right,0.0974884033203125,179.90251159668,12,0.0001,80.0675582885742,796.329447028947,1.2744048833847,0.365684032440186,0.225131943821907,4.84003883694682,-12748.9959451205,-9524.08518213284,-12748.9917550397,-9521.62259469954,-12748.9875649588,-9519.16000726624,1,0,0,0
20140118093043.daq,129,9,672.783333333333,1,0,right,0.138771057128906,179.861228942871,12,0.0001,80.074089050293,808.073195829551,1.23045992851257,0.365910291671753,0.244115486741066,4.85450707343088,-12760.7391422744,-9524.0709103525,-12760.7331778557,-9521.60832657745,-12760.7272134369,-9519.1457428024,1,0,0,0
20140118093043.daq,129,9,672.883333333333,1,0,right,0.174606323242188,179.825393676758,12,0.0001,80.0805435180664,819.817895949993,0.966789960861206,0.366140216588974,0.244115486741066,4.87561044721388,-12772.4841578344,-9524.05013892644,-12772.4766532102,-9521.58755936345,-12772.469148586,-9519.12497980046,1,0,0,0
20140118093043.daq,129,9,672.983333333333,1,0,right,0.19921875,179.80078125,12,0.0001,80.0869827270508,831.563541422387,0.527339994907379,0.365496665239334,0.272590696811676,4.90388050887016,-12784.2288985803,-9524.02127235622,-12784.2203361117,-9521.55869624418,-12784.2117736431,-9519.09612013215,1,0,0,0
20140118093043.daq,129,9,673.083333333333,1,0,right,0.213043212890625,179.786956787109,12,0.0001,80.0934295654297,843.310132153478,0.351559996604919,0.366160750389099,0.244115486741066,4.93944268261506,-12795.9743525605,-9523.98623720845,-12795.9651959159,-9521.52366323407,-12795.9560392713,-9519.06108925969,1,0,0,0
20140118093043.daq,129,9,673.183333333333,1,0,right,0.221000671386719,179.778999328613,12,0.0001,80.0998001098633,855.05766301461,0.351559996604919,0.365517139434814,0.244115486741066,4.97968035132407,-12807.7206400772,-9523.94570570013,-12807.7111414209,-9521.48313302121,-12807.7016427647,-9519.02056034229,1,0,0,0
20140118093043.daq,129,9,673.283333333333,1,0,right,0.224945068359375,179.775054931641,12,0.0001,80.1062088012695,866.806129623095,0.351559996604919,0.36615863442421,0.263098806142807,5.02468024323699,-12819.4668298492,-9523.90053971689,-12819.4571616628,-9521.43796769772,-12819.4474934763,-9518.97539567855,1,0,0,0
20140118093043.daq,129,9,673.383333333333,1,0,right,0.228233337402344,179.771766662598,12,0.0001,80.1126480102539,878.555538786095,0.351559996604919,0.365296483039856,0.215640276670456,5.07446141384031,-12831.2149567606,-9523.85150808461,-12831.2051472444,-9521.38893662436,-12831.1953377283,-9518.92636516412,1,0,0,0
20140118093043.daq,129,9,673.483333333333,1,0,right,0.230598449707031,179.769401550293,12,0.0001,80.1191253662109,890.305895259247,0.351559996604919,0.365692645311356,0.234623834490776,5.12457802349656,-12842.9630611952,-9523.80058045763,-12842.9531500265,-9521.33800940441,-12842.9432388579,-9518.87543835118,1,0,0,0
20140118093043.daq,129,9,673.583333333333,1,0,right,0.234474182128906,179.765525817871,12,0.0001,80.1255645751953,902.057199415562,0.351559996604919,0.36603245139122,0.234623834490776,5.17797501883614,-12854.7131555056,-9523.74760620811,-12854.7030777581,-9521.28503583096,-12854.6930000106,-9518.8224654538,1,0,0,0
20140118093043.daq,129,9,673.683333333333,1,0,right,0.237884521484375,179.762115478516,12,0.0001,80.1319732666016,913.809445566891,0.351559996604919,0.366381913423538,0.272590696811676,5.23266818907986,-12866.4632384779,-9523.69270763215,-12866.4530141541,-9521.2301378592,-12866.4427898304,-9518.76756808625,1,0,0,0
20140118093043.daq,129,9,673.783333333333,1,0,right,0.242935180664063,179.757064819336,12,0.0001,80.1383514404297,925.562629237305,0.351559996604919,0.365974932909012,0.282082378864288,5.28752505139351,-12878.2143378979,-9523.63770752288,-12878.2038964972,-9521.17513866078,-12878.1934550964,-9518.71256979868,1,0,0,0
20140118093043.daq,129,9,673.883333333333,1,0,right,0.248130798339844,179.75186920166,12,0.0001,80.1447219848633,937.316748655074,0.351559996604919,0.365725547075272,0.215640276670456,5.34405500663715,-12889.9673939404,-9523.58172186765,-12889.9567292324,-9521.11915396251,-12889.9460645243,-9518.65658605736,1,0,0,0
20140118093043.daq,129,9,673.983333333333,1,0,right,0.25238037109375,179.747619628906,12,0.0001,80.1510162353516,949.071796826582,0.351559996604919,0.365986615419388,0.253607153892517,5.40129261486916,-12901.7204269538,-9523.52384163616,-12901.7095795995,-9521.06127452878,-12901.6987322452,-9518.59870742141,1,0,0,0
20140118093043.daq,129,9,674.083333333333,1,0,right,0.257072448730469,179.74292755127,12,0.0001,80.1572647094727,960.827764799993,0.351559996604919,0.366561740636826,0.225131943821907,5.4598597009903,-12913.4744472663,-9523.4659340052,-12913.463398247,-9521.00336779439,-12913.4523492277,-9518.54080158359,1,0,0,0
20140118093043.daq,129,9,674.183333333333,1,0,right,0.261054992675781,179.738945007324,12,0.0001,80.1634826660156,972.584646234405,0.351559996604919,0.365676015615463,0.234623834490776,5.51810538291019,-12925.2294268741,-9523.40709372512,-12925.2182066856,-9520.94452828827,-12925.206986497,-9518.48196285141,1,0,0,0
20140118093043.daq,129,9,674.283333333333,1,0,right,0.266632080078125,179.733367919922,12,0.0001,80.1697387695313,984.342442342051,0.351559996604919,0.366198062896729,0.253607153892517,5.57826046584429,-12936.9854217709,-9523.34717816476,-12936.9739618799,-9520.88461383173,-12936.9625019889,-9518.42204949869,1,0,0,0
20140118093043.daq,129,9,674.383333333333,1,0,right,0.271858215332031,179.728141784668,12,0.0001,80.1759796142578,996.10115545414,0.351559996604919,0.36599326133728,0.244115486741066,5.63905611772652,-12948.7423846717,-9523.28630775551,-12948.7307001621,-9520.82374447801,-12948.7190156526,-9518.36118120052,1,0,0,0
20140118093043.daq,129,9,674.483333333333,1,0,right,0.276557922363281,179.723442077637,12,0.0001,80.1822128295898,1007.86078342597,0.351559996604919,0.365628510713577,0.244115486741066,5.70074823261295,-12960.5003113207,-9523.22449336345,-12960.4884248186,-9520.76193105266,-12960.4765383164,-9518.29936874188,0,1,0,1
20140118093043.daq,129,9,674.583333333333,1,0,right,0.281379699707031,179.718620300293,12,0.0001,80.1884384155273,1019.62132457905,0.351559996604919,0.366266280412674,0.263098806142807,5.7638780002693,-12972.2592174724,-9523.1616948419,-12972.2471237311,-9520.69913354015,-12972.2350299899,-9518.23657223841,0,1,0,1
20140118093043.daq,129,9,674.683333333333,1,0,right,0.286361694335938,179.713638305664,12,0.0001,80.1946334838867,1031.38277676868,0.351559996604919,0.366117477416992,0.263098806142807,5.8282154694537,-12984.0191040507,-9523.09693326577,-12984.0067961844,-9520.63437302491,-12983.9944883181,-9518.17181278405,0,1,0,1
20140118093043.daq,129,9,674.783333333333,1,0,right,0.290733337402344,179.709266662598,12,0.0001,80.2008438110352,1043.14513906238,0.351559996604919,0.36541959643364,0.244115486741066,5.89357262445037,-12995.7799523513,-9523.03220946978,-12995.7674565928,-9520.56965017518,-12995.7549608342,-9518.10709088057,0,1,0,1
20140118093043.daq,129,9,674.883333333333,1,0,right,0.296188354492188,179.703811645508,12,0.0001,80.2070007324219,1054.90840950193,0.351559996604919,0.366122364997864,0.367507785558701,5.95867477828834,-13007.5408269198,-9522.96644202267,-13007.5280967059,-9520.50388392892,-13007.515366492,-9518.04132583517,0,1,0,1
20140118093043.daq,129,9,674.983333333333,1,0,right,0.300277709960938,179.699722290039,12,0.0001,80.2130661010742,1066.67257456631,0.351559996604919,0.365956336259842,0.253607153892517,6.02609457580542,-13019.3036214506,-9522.89978256279,-13019.2907154773,-9520.4372253839,-13019.277809504,-9517.97466820502,0,1,0,1
20140118093043.daq,129,9,675.083333333333,1,0,right,0.305404663085938,179.694595336914,12,0.0001,80.2191696166992,1078.43763155134,0.351559996604919,0.365751624107361,0.225131943821907,6.09303609431672,-13031.0664411307,-9522.83208228312,-13031.0533148024,-9520.36952626895,-13031.0401884741,-9517.90697025478,0,1,0,1
20140118093043.daq,129,9,675.183333333333,1,0,right,0.30999755859375,179.690002441406,12,0.0001,80.2252731323242,1090.20358409367,0.351559996604919,0.365384936332703,0.234623834490776,6.16323860557431,-13042.8302243942,-9522.76246193851,-13042.8169006646,-9520.29990698447,-13042.803576935,-9517.83735203043,0,1,0,1
20140118093043.daq,129,9,675.283333333333,1,0,right,0.314407348632813,179.685592651367,12,0.0001,80.2313385009766,1101.97042967562,0.351559996604919,0.365836769342422,0.225131943821907,6.23227643511394,-13054.5959563205,-9522.69285292398,-13054.5824430595,-9520.2302990027,-13054.5689297986,-9517.76774508142,0,1,0,1
20140118093043.daq,129,9,675.383333333333,1,0,right,0.319000244140625,179.680999755859,12,0.0001,80.2373580932617,1113.73816074407,0.351559996604919,0.366156369447708,0.244115486741066,6.30335349754072,-13066.3616926643,-9522.62225599936,-13066.3479820022,-9520.15970316923,-13066.3342713402,-9517.6971503391,0,1,0,1
20140118093043.daq,129,9,675.483333333333,1,0,right,0.32305908203125,179.676940917969,12,0.0001,80.2433929443359,1125.50677580704,0.351559996604919,0.366058349609375,0.272590696811676,6.37442273887513,-13078.1283926047,-9522.55071557745,-13078.1145074952,-9520.08816372476,-13078.1006223857,-9517.62561187208,0,1,0,1
20140118093043.daq,129,9,675.583333333333,1,0,right,0.326065063476563,179.673934936523,12,0.0001,80.2494354248047,1137.27627644975,0.351559996604919,0.365940451622009,0.272590696811676,6.44827617322473,-13089.896043577,-9522.47728722829,-13089.8820292716,-9520.01473610747,-13089.8680149661,-9517.55218498665,0,1,0,1
20140118093043.daq,129,9,675.683333333333,1,0,right,0.32781982421875,179.672180175781,12,0.0001,80.2554244995117,1149.04666006125,0.351559996604919,0.366274029016495,0.244115486741066,6.52120042038965,-13101.6646407851,-9522.40393636598,-13101.6505510607,-9519.94138567552,-13101.6364613363,-9517.47883498506,0,1,0,1
20140118093043.daq,129,9,675.783333333333,1,0,right,0.331047058105469,179.668952941895,12,0.0001,80.2614059448242,1160.81792141964,0.351559996604919,0.365697115659714,0.196656957268715,6.59506200316406,-13113.4332736648,-9522.33049430793,-13113.4190452351,-9519.86794441499,-13113.4048168055,-9517.40539452205,0,1,0,1
20140118093043.daq,129,9,675.883333333333,1,0,right,0.333221435546875,179.666778564453,12,0.0001,80.2673950195313,1172.59006145738,0.351559996604919,0.365842550992966,0.244115486741066,6.66996166889099,-13125.2038341536,-9522.25516432839,-13125.1895122701,-9519.79261497719,-13125.1751903866,-9517.33006562599,0,1,0,1
20140118093043.daq,129,9,675.983333333333,1,0,right,0.334465026855469,179.665534973145,12,0.0001,80.2733383178711,1184.36307616481,0.351559996604919,0.36589577794075,0.234623834490776,6.7457054734895,-13136.974372091,-9522.17989199489,-13136.9599967584,-9519.71734295513,-13136.9456214258,-9517.25479391536,0,1,0,1
20140118093043.daq,129,9,676.083333333333,1,0,right,0.334480285644531,179.665519714355,12,0.0001,80.2792587280273,1196.13696041327,0.351559996604919,0.365602284669876,0.263098806142807,6.82139037297713,-13148.7468333981,-9522.10371917484,-13148.7324574097,-9519.64117013891,-13148.7180814213,-9517.17862110297,0,1,0,1
20140118093043.daq,129,9,676.183333333333,1,0,right,0.334457397460938,179.665542602539,12,0.0001,80.2851486206055,1207.91171131206,0.351559996604919,0.366023927927017,0.263098806142807,6.898145424273,-13160.5192937812,-9522.02754871741,-13160.5049187765,-9519.56499967573,-13160.4905437718,-9517.10245063406,0,1,0,1
20140118093043.daq,129,9,676.283333333333,1,0,right,0.332870483398438,179.667129516602,12,0.0001,80.2910079956055,1219.68732289327,0.351559996604919,0.365559369325638,0.206148609519005,6.97362432791314,-13172.2926928393,-9521.95147512675,-13172.2783860396,-9519.48892568788,-13172.2640792398,-9517.026376249,0,1,0,1
20140118093043.daq,129,9,676.383333333333,1,0,right,0.331588745117188,179.668411254883,12,0.0001,80.2968597412109,1231.46379375819,0.351559996604919,0.366165369749069,0.234623834490776,7.05133877628757,-13184.0670758507,-9521.87440607198,-13184.0528241395,-9519.41185631367,-13184.0385724283,-9516.94930655536,0,1,0,1
20140118093043.daq,129,9,676.483333333333,1,0,right,0.328742980957031,179.671257019043,12,0.0001,80.3026580810547,1243.2411184984,0.307614982128143,0.365601867437363,0.272590696811676,7.12669882026655,-13195.8423975283,-9521.79841044306,-13195.828268127,-9519.33585997993,-13195.8141387256,-9516.8733095168,0,1,0,1
20140118093043.daq,129,9,676.583333333333,1,0,right,0.323921203613281,179.676078796387,12,0.0001,80.3084716796875,1255.01929478271,0.26366999745369,0.365701764822006,0.234623834490776,7.20301553925496,-13207.617671311,-9521.7225371863,-13207.6037491478,-9519.25998554282,-13207.5898269846,-9516.79743389934,0,1,0,1
20140118093043.daq,129,9,676.683333333333,1,0,right,0.316146850585938,179.683853149414,12,0.0001,80.3142471313477,1266.79832177187,0.0878899991512299,0.366374760866165,0.244115486741066,7.2783144637671,-13219.3948266183,-9521.64684676525,-13219.3812385941,-9519.18429325537,-13219.3676505699,-9516.72173974549,0,1,0,1
20140118093043.daq,129,9,676.783333333333,1,0,right,0.301071166992188,179.698928833008,12,0.0001,80.3199920654297,1278.57819284526,-0.0878899917006493,0.365565270185471,0.206148609519005,7.35277946226526,-13231.1718047623,-9521.5725849942,-13231.1588646864,-9519.11002799427,-13231.1459246106,-9516.64747099435,0,1,0,1
20140118093043.daq,129,9,676.883333333333,1,0,right,0.280860900878906,179.719139099121,12,0.0001,80.3257446289063,1290.35890735012,-0.131834983825684,0.365873962640762,0.253607153892517,7.42469441691622,-13242.9496345629,-9521.50059414928,-13242.9375631195,-9519.03803273813,-13242.9254916762,-9516.57547132698,0,1,0,1
20140118093043.daq,129,9,676.983333333333,1,0,right,0.256965637207031,179.743034362793,12,0.0001,80.3314819335938,1302.14046444723,-0.131834983825684,0.365111708641052,0.244115486741066,7.49541437184148,-13254.72835092,-9521.42980780452,-13254.7173064915,-9518.96724157312,-13254.7062620629,-9516.50467534172,0,1,0,1
20140118093043.daq,129,9,677.083333333333,1,0,right,0.232856750488281,179.767143249512,12,0.0001,80.3371734619141,1313.92286059316,-0.131834983825684,0.366334557533264,0.263098806142807,7.56258069689514,-13266.5080380247,-9521.362940689,-13266.4980297943,-9518.90037002834,-13266.488021564,-9516.43779936768,0,1,0,1
20140118093043.daq,129,9,677.183333333333,1,0,right,0.208168029785156,179.791831970215,12,0.0001,80.3428039550781,1325.70608534408,-0.131834983825684,0.365403205156326,0.225131943821907,7.62513987551141,-13278.2877103769,-9521.30001545744,-13278.2787632679,-9518.83744071285,-13278.2698161588,-9516.37486596827,0,1,0,1
20140118093043.daq,129,9,677.283333333333,1,0,right,0.1815185546875,179.818481445313,12,0.0001,80.3484649658203,1337.49013869999,-0.131834983825684,0.365997642278671,0.339032560586929,7.68557448896906,-13290.0692873778,-9521.24014096635,-13290.0614856651,-9518.77756232665,-13290.0536839524,-9516.31498368695,0,1,0,1
20140118093043.daq,129,9,677.383333333333,1,0,right,0.156890869140625,179.843109130859,12,0.0001,80.3540725708008,1349.27501795669,-0.131834983825684,0.366056442260742,0.263098806142807,7.73919388827252,-13301.8509129765,-9521.1860004825,-13301.844169765,-9518.72341871685,-13301.8374265535,-9516.26083695119,0,1,0,1
20140118093043.daq,129,9,677.483333333333,1,0,right,0.131660461425781,179.868339538574,12,0.0001,80.3596954345703,1361.06072115595,-0.131834983825684,0.36610159277916,0.225131943821907,7.78960027908423,-13313.633499751,-9521.13580326771,-13313.6278409471,-9518.67321877142,-13313.6221821432,-9516.21063427513,0,1,0,1
20140118093043.daq,129,9,677.583333333333,1,0,right,0.105583190917969,179.894416809082,12,0.0001,80.3652801513672,1372.84724671258,-0.131834983825684,0.365953594446182,0.301065683364868,7.8338567368071,-13325.417041678,-9521.09151752426,-13325.4125036811,-9518.62893070751,-13325.4079656843,-9516.16634389076,0,1,0,1
20140118093043.daq,129,9,677.683333333333,1,0,right,0.0790557861328125,179.920944213867,12,0.0001,80.370849609375,1384.63458949789,-0.131834983825684,0.365640491247177,0.244115486741066,7.87307236921759,-13337.2015484057,-9521.05214213291,-13337.1981505637,-9518.58955347905,-13337.1947527217,-9516.12696482519,0,1,0,1
20140118093043.daq,129,9,677.783333333333,1,0,right,0.0520858764648438,179.947914123535,12,0.0001,80.3764114379883,1396.42274941865,-0.0878899917006493,0.366245031356812,0.263098806142807,7.90805427498021,-13348.9860435203,-9521.0176766064,-13348.9838048529,-9518.55508662595,-13348.9815661855,-9516.09249664551,0,1,0,1
20140118093043.daq,129,9,677.883333333333,1,0,right,0.0255126953125,179.974487304688,12,0.0001,80.3818588256836,1408.21171696352,-0.0878899917006493,0.365906089544296,0.263098806142807,7.93615012030095,-13360.7725007176,-9520.9890456245,-13360.7714041738,-9518.52645487063,-13360.77030763,-9516.06386411677,0,1,0,1
20140118093043.daq,129,9,677.983333333333,1,0,right,-0.00011444091796875,180.000114440918,12,0.0001,80.387336730957,1420.00148420638,-0.0439449958503246,0.365947991609573,0.301065683364868,7.95921875881732,-13372.558980412,-9520.96621525705,-13372.5589853307,-9518.50362425905,-13372.5589902494,-9516.04103326106,0,1,0,1
20140118093043.daq,129,9,678.083333333333,1,0,right,-0.02435302734375,180.024353027344,12,0.0001,80.3928070068359,1431.79205534342,-0.0439449958503246,0.366239160299301,0.263098806142807,7.97720332326885,-13384.346470135,-9520.94818163377,-13384.3475168359,-9518.48559085821,-13384.3485635368,-9516.02300008266,0,1,0,1
20140118093043.daq,129,9,678.183333333333,1,0,right,-0.049163818359375,180.049163818359,12,0.0001,80.3982620239258,1443.58342673794,-0.0878899917006493,0.365689039230347,0.282082378864288,7.99013806700319,-13396.1349216894,-9520.93506591636,-13396.1370347658,-9518.47247582495,-13396.1391478423,-9516.00988573353,0,1,0,1
20140118093043.daq,129,9,678.283333333333,1,0,right,-0.075103759765625,180.075103759766,12,0.0001,80.4037475585938,1455.3756013739,-0.0439449958503246,0.36591649055481,0.234623834490776,7.9978620724165,-13407.9243212922,-9520.9278790457,-13407.927549275,-9518.46529016333,-13407.9307772578,-9516.00270128096,0,1,0,1
20140118093043.daq,129,9,678.383333333333,1,0,right,-0.101043701171875,180.101043701172,12,0.0001,80.4091720581055,1467.16857608085,0,0.366249084472656,0.253607153892517,7.99965008894085,-13419.7146967323,-9520.92557469786,-13419.7190396207,-9518.4629875293,-13419.7233825092,-9516.00040036074,0,1,0,1
20140118093043.daq,129,9,678.483333333333,1,0,right,-0.122550964355469,180.122550964355,12,0.0001,80.4145584106445,1478.96234274619,0.131834998726845,0.365878731012344,0.263098806142807,7.99742560368572,-13431.5051810187,-9520.92787920582,-13431.5104482945,-9518.46529384096,-13431.5157155703,-9516.00270847609,0,1,0,1
20140118093043.daq,129,9,678.583333333333,1,0,right,-0.138168334960938,180.138168334961,12,0.0001,80.4199829101563,1490.7569021159,0.439449995756149,0.365622282028198,0.225131943821907,7.98986299512329,-13443.2967870655,-9520.93567929794,-13443.3027255792,-9518.47309546028,-13443.3086640928,-9516.01051162262,0,1,0,1
20140118093043.daq,129,9,678.683333333333,1,0,right,-0.1431884765625,180.143188476563,12,0.0001,80.4254302978516,1502.55225922539,0.92284494638443,0.365815967321396,0.234623834490776,7.97843653775671,-13455.0906081988,-9520.94673138674,-13455.0967624791,-9518.48414807886,-13455.1029167594,-9516.02156477097,0,1,0,1
20140118093043.daq,129,9,678.783333333333,1,0,right,-0.128158569335938,180.128158569336,12,0.0001,80.4308624267578,1514.3484147274,1.49412989616394,0.366338133811951,0.215640276670456,7.96502056087315,-13466.884925213,-9520.96045197176,-13466.8904335049,-9518.4978671342,-13466.8959417967,-9516.03528229665,0,1,0,1
20140118093043.daq,129,9,678.883333333333,1,0,right,-0.102096557617188,180.102096557617,12,0.0001,80.4362411499023,1526.14536293378,1.49412989616394,0.365806251764297,0.253607153892517,7.94991726724935,-13478.6804910455,-9520.97544439762,-13478.684879186,-9518.51285730928,-13478.6892673265,-9516.05027022094,0,1,0,1
20140118093043.daq,129,9,678.983333333333,1,0,right,-0.07183837890625,180.071838378906,12,0.0001,80.4416122436523,1537.9430995551,1.45018494129181,0.366250365972519,0.215640276670456,7.93501990248739,-13490.4781127663,-9520.99017737395,-13490.4812004021,-9518.52758831161,-13490.4842880379,-9516.06499924928,0,1,0,1
20140118093043.daq,129,9,679.083333333333,1,0,right,-0.0391159057617188,180.039115905762,12,0.0001,80.4469604492188,1549.74162067494,1.31834995746613,0.365712732076645,0.225131943821907,7.92385961558743,-13502.275794191,-9521.00182803738,-13502.2774754051,-9518.53923761326,-13502.2791566192,-9516.07664718915,0,1,0,1
20140118093043.daq,129,9,679.183333333333,1,0,right,-0.00960540771484375,180.009605407715,12,0.0001,80.4523010253906,1561.54092685279,1.2744048833847,0.366429775953293,0.206148609519005,7.91452676283069,-13514.0753485936,-9521.01074701685,-13514.0757614371,-9518.54815605346,-13514.0761742806,-9516.08556509006,0,1,0,1
20140118093043.daq,129,9,679.283333333333,1,0,right,0.0164260864257813,179.983573913574,12,0.0001,80.4575881958008,1573.34101212073,1.23045992851257,0.366358757019043,0.225131943821907,7.91025144160681,-13525.873840033,-9521.01499781218,-13525.8731340345,-9518.55240691538,-13525.872428036,-9516.08981601858,0,1,0,1
20140118093043.daq,129,9,679.383333333333,1,0,right,0.0394668579101563,179.96053314209,12,0.0001,80.4628601074219,1585.14187172314,1.23045992851257,0.365861564874649,0.301065683364868,7.91121845376083,-13537.674210473,-9521.01455036011,-13537.6725141749,-9518.55195994634,-13537.6708178768,-9516.08936953256,0,1,0,1
20140118093043.daq,129,9,679.483333333333,1,0,right,0.0612106323242188,179.938789367676,12,0.0001,80.468132019043,1596.94350510048,1.23045992851257,0.365515917539597,0.234623834490776,7.91690824810675,-13549.4755251032,-9521.00832348424,-13549.4728942511,-9518.54573389155,-13549.470263399,-9516.08314429885,0,1,0,1
20140118093043.daq,129,9,679.583333333333,1,0,right,0.0844192504882813,179.915580749512,12,0.0001,80.4733810424805,1608.74591029456,1.23045992851257,0.365741491317749,0.253607153892517,7.92814882951521,-13561.2768751037,-9520.99712302522,-13561.2732467385,-9518.53453470023,-13561.2696183733,-9516.07194637524,0,1,0,1
20140118093043.daq,129,9,679.683333333333,1,0,right,0.107345581054688,179.892654418945,12,0.0001,80.4785995483398,1620.54908292271,1.23045992851257,0.366120457649231,0.282082378864288,7.94562819393213,-13573.0791941782,-9520.98008041709,-13573.0745804333,-9518.51749374109,-13573.0699666885,-9516.0549070651,0,1,0,1
20140118093043.daq,129,9,679.783333333333,1,0,right,0.128890991210938,179.871109008789,12,0.0001,80.4838180541992,1632.35302037396,1.23045992851257,0.366221159696579,0.253607153892517,7.9659971451193,-13584.8824554916,-9520.95921674106,-13584.8769157201,-9518.49663197412,-13584.8713759486,-9516.03404720718,0,1,0,1
20140118093043.daq,129,9,679.883333333333,1,0,right,0.151687622070313,179.84831237793,12,0.0001,80.4890594482422,1644.15772479305,1.2744048833847,0.36627009510994,0.196656957268715,7.9918679169908,-13596.6857468608,-9520.93339265805,-13596.6792272857,-9518.47081029017,-13596.6727077106,-9516.0082279223,0,1,0,1
20140118093043.daq,129,9,679.983333333333,1,0,right,0.177024841308594,179.822975158691,12,0.0001,80.4942779541016,1655.96319692594,1.36229491233826,0.365806192159653,0.244115486741066,8.02317779879486,-13608.4900762087,-9520.9025283618,-13608.4824676363,-9518.43994911778,-13608.4748590639,-9515.97736987377,0,1,0,1
20140118093043.daq,129,9,680.083333333333,1,0,right,0.209640502929688,179.79035949707,12,0.0001,80.4994735717773,1667.76943192371,1.88963496685028,0.365865021944046,0.244115486741066,8.05887195519793,-13620.2955587451,-9520.86633058879,-13620.286548349,-9518.40375607496,-13620.277537953,-9515.94118156112,0,1,0,1
20140118093043.daq,129,9,680.183333333333,1,0,right,0.256752014160156,179.74324798584,12,0.0001,80.5046463012695,1679.57642754843,2.37302994728088,0.366790890693665,0.253607153892517,8.10085139305337,-13632.1033457274,-9520.82435227816,-13632.0923104803,-9518.3617860056,-13632.0812752333,-9515.89921973304,0,1,0,1
20140118093043.daq,129,9,680.283333333333,1,0,right,0.317390441894531,179.682609558105,12,0.0001,80.5098419189453,1691.38418286759,2.46091985702515,0.367299407720566,0.244115486741066,8.15099733441692,-13643.9114583286,-9520.77469944073,-13643.8978168553,-9518.31214622636,-13643.8841753819,-9515.84959301198,0,1,0,1
20140118093043.daq,129,9,680.383333333333,1,0,right,0.38592529296875,179.614074707031,12,0.0001,80.5151824951172,1703.19270963049,2.41697478294373,0.367171406745911,0.215640276670456,8.20840596048819,-13655.7207343908,-9520.71674332734,-13655.7041473232,-9518.25420819203,-13655.6875602556,-9515.79167305672,0,1,0,1
20140118093043.daq,129,9,680.483333333333,1,0,right,0.448516845703125,179.551483154297,12,0.0001,80.5205993652344,1715.00202639356,1.84568989276886,0.366758912801743,0.225131943821907,8.27666148185599,-13667.5308387215,-9520.64841143425,-13667.5115615203,-9518.18589588852,-13667.4922843192,-9515.7233803428,0,1,0,1
20140118093043.daq,129,9,680.583333333333,1,0,right,0.486061096191406,179.513938903809,12,0.0001,80.5260848999023,1726.81214294788,0.659174978733063,0.366830319166183,0.263098806142807,8.35359351421932,-13679.3403365287,-9520.57186529433,-13679.3194457173,-9518.10936290907,-13679.2985549059,-9515.6468605238,0,1,0,1
20140118093043.daq,129,9,680.683333333333,1,0,right,0.487266540527344,179.512733459473,12,0.0001,80.531623840332,1738.62306787229,-0.307614982128143,0.366041094064713,0.263098806142807,8.43931808796906,-13691.1499358428,-9520.48585305832,-13691.1289932229,-9518.02335111312,-13691.108050603,-9515.56084916793,0,1,0,1
20140118093043.daq,129,9,680.783333333333,1,0,right,0.444938659667969,179.555061340332,12,0.0001,80.5371856689453,1750.4348067617,-1.58201992511749,0.367068320512772,0.225131943821907,8.53030669819285,-13702.958486855,-9520.39472696715,-13702.9393634407,-9517.93221022235,-13702.9202400265,-9515.46969347754,0,1,0,1
20140118093043.daq,129,9,680.883333333333,1,0,right,0.372322082519531,179.62767791748,12,0.0001,80.5428161621094,1762.24736483802,-1.80174493789673,0.366784542798996,0.253607153892517,8.62368118389056,-13714.7663039688,-9520.30157046823,-13714.7503015588,-9517.83903146422,-13714.7342991487,-9515.3764924602,0,1,0,1
20140118093043.daq,129,9,680.983333333333,1,0,right,0.279800415039063,179.720199584961,12,0.0001,80.5485382080078,1774.06075655473,-1.80174493789673,0.367046326398849,0.253607153892517,8.71400413340954,-13726.5736322497,-9520.21159730574,-13726.5616063859,-9517.74903567158,-13726.549580522,-9515.28647403742,0,1,0,1
20140118093043.daq,129,9,681.083333333333,1,0,right,0.182708740234375,179.817291259766,12,0.0001,80.5542449951172,1785.87498806625,-1.80174493789673,0.366562813520432,0.253607153892517,8.79651220348069,-13738.3818164041,-9520.12873920461,-13738.3739635371,-9517.66616072751,-13738.3661106701,-9515.2035822504,0,1,0,1
20140118093043.daq,129,9,681.183333333333,1,0,right,0.0829925537109375,179.917007446289,12,0.0001,80.5598526000977,1797.69005032747,-1.80174493789673,0.366139054298401,0.253607153892517,8.86840048575954,-13750.1899260953,-9520.05678154751,-13750.1863590499,-9517.59419313293,-13750.1827920046,-9515.13160471835,0,1,0,1
20140118093043.daq,129,9,681.283333333333,1,0,right,-0.0156402587890625,180.015640258789,12,0.0001,80.5652389526367,1809.5059202128,-1.62596487998962,0.366684228181839,0.244115486741066,8.92596978467598,-13762.0000048349,-9519.99940114049,-13762.0006770582,-9517.53681023424,-13762.0013492815,-9515.07421932799,0,1,0,1
20140118093043.daq,129,9,681.383333333333,1,0,right,-0.106163024902344,180.106163024902,12,0.0001,80.5704803466797,1821.32256676379,-1.31834995746613,0.366022437810898,0.253607153892517,8.96653813327771,-13773.8102734292,-9519.95909392871,-13773.8148363475,-9517.49650715801,-13773.8193992658,-9515.03392038731,0,1,0,1
20140118093043.daq,129,9,681.483333333333,1,0,right,-0.186500549316406,180.186500549316,12,0.0001,80.5756759643555,1833.13997888387,-0.966789960861206,0.366603016853333,0.244115486741066,8.98757284242831,-13785.6227388204,-9519.93768590751,-13785.6307546597,-9517.4751079555,-13785.638770499,-9515.01253000348,0,1,0,1
20140118093043.daq,129,9,681.583333333333,1,0,right,-0.250473022460938,180.250473022461,12,0.0001,80.5807800292969,1844.95814538324,-0.615229964256287,0.366459012031555,0.253607153892517,8.99229292165487,-13797.4356041484,-9519.93284381444,-13797.446369525,-9517.47027634733,-13797.4571349017,-9515.00770888021,0,1,1,1
20140118093043.daq,129,9,681.683333333333,1,0,right,-0.305648803710938,180.305648803711,12,0.0001,80.5859146118164,1856.77706215897,-0.659174978733063,0.368314743041992,0.206148609519005,8.98023245410783,-13809.2506373965,-9519.94503568294,-13809.2637742179,-9517.48247972472,-13809.2769110393,-9515.0199237665,0,1,1,1
20140118093043.daq,129,9,681.783333333333,1,0,right,-0.359382629394531,180.359382629395,12,0.0001,80.5910797119141,1868.59673331399,-0.74706494808197,0.367502242326736,0.234623834490776,8.953829604057,-13821.0657033774,-9519.97178578821,-13821.0811496569,-9517.50924323307,-13821.0965959364,-9515.04670067793,0,1,1,1
20140118093043.daq,129,9,681.883333333333,1,0,right,-0.413871765136719,180.413871765137,12,0.0001,80.5963439941406,1880.41717031785,-1.01073491573334,0.36719822883606,0.187165051698685,8.91197038316075,-13832.8817239095,-9520.01322960957,-13832.8995120961,-9517.55070285767,-13832.9173002828,-9515.08817610576,0,1,1,1
20140118093043.daq,129,9,681.983333333333,1,0,right,-0.476585388183594,180.476585388184,12,0.0001,80.6016693115234,1892.2383846401,-1.2744048833847,0.366688400506973,0.215640276670456,8.85713982888333,-13844.6985114321,-9520.06787397039,-13844.7189949888,-9517.60536816384,-13844.7394785456,-9515.14286235728,0,1,1,1
20140118093043.daq,129,9,682.083333333333,1,0,right,-0.548912048339844,180.54891204834,12,0.0001,80.6069564819336,1904.06037823896,-1.36229491233826,0.366987228393555,0.225131943821907,8.78923059551891,-13856.5160293272,-9520.13580365994,-13856.5396213824,-9517.67332567255,-13856.5632134376,-9515.21084768516,0,1,1,1
20140118093043.daq,129,9,682.183333333333,1,0,right,-0.624641418457031,180.624641418457,12,0.0001,80.6122436523438,1915.88314579927,-1.36229491233826,0.367427200078964,0.234623834490776,8.70764649886637,-13868.3334556674,-9520.21761226473,-13868.3603024243,-9517.75516761052,-13868.3871491812,-9515.2927229563,0,1,1,1
20140118093043.daq,129,9,682.283333333333,1,0,right,-0.703659057617188,180.703659057617,12,0.0001,80.6175384521484,1927.70669021173,-1.36229491233826,0.366245537996292,0.253607153892517,8.61281823014745,-13880.1507925257,-9520.31231583743,-13880.1810352576,-9517.84991054979,-13880.2112779896,-9515.38750526215,0,1,1,1
20140118093043.daq,129,9,682.383333333333,1,0,right,-0.784591674804688,180.784591674805,12,0.0001,80.6228179931641,1939.5310108236,-1.36229491233826,0.366746872663498,0.234623834490776,8.50300075943265,-13891.9690505533,-9520.42178276168,-13892.0027715015,-9517.9594226497,-13892.0364924496,-9515.49706253772,0,1,1,1
20140118093043.daq,129,9,682.483333333333,1,0,right,-0.864334106445313,180.864334106445,12,0.0001,80.6279678344727,1951.35609709781,-1.31834995746613,0.366814374923706,0.282082378864288,8.37782685283491,-13903.7883084854,-9520.54679868491,-13903.8254564338,-9518.08448788946,-13903.8626043822,-9515.62217709402,0,1,1,1
20140118093043.daq,129,9,682.583333333333,1,0,right,-0.940711975097656,180.940711975098,12,0.0001,80.6330032348633,1963.18193001171,-1.01073491573334,0.366157531738281,0.253607153892517,8.23742955778126,-13915.6086222886,-9520.68723026157,-13915.6490525748,-9518.22497117378,-13915.689482861,-9515.76271208599,0,1,1,1
20140118093043.daq,129,9,682.683333333333,1,0,right,-0.993904113769531,180.99390411377,12,0.0001,80.6379852294922,1975.00849632399,0.0439449995756149,0.367030113935471,0.225131943821907,8.08307901134388,-13927.4295249068,-9520.8418617598,-13927.4722410823,-9518.37964126769,-13927.5149572578,-9515.91742077557,0,1,1,1
20140118093043.daq,129,9,682.783333333333,1,0,right,-1.018798828125,181.018798828125,12,0.0001,80.6430816650391,1986.83579920515,0.878899991512299,0.366532176733017,0.225131943821907,7.91429392426105,-13939.2521281459,-9521.01038125841,-13939.2959141391,-9518.54817955866,-13939.3397001324,-9516.08597785892,0,1,1,1
20140118093043.daq,129,9,682.883333333333,1,0,right,-1.01318359375,181.01318359375,12,0.0001,80.6483383178711,1998.66386178074,1.40623998641968,0.366756111383438,0.215640276670456,7.73569671495195,-13951.0764910746,-9521.18874772093,-13951.1200357612,-9518.72654174179,-13951.1635804479,-9516.26433576266,0,1,1,1
20140118093043.daq,129,9,682.983333333333,1,0,right,-0.982963562011719,180.982963562012,12,0.0001,80.653694152832,2010.49270344645,1.80174493789673,0.367205590009689,0.225131943821907,7.55009087861591,-13962.9034383099,-9521.37439358521,-13962.945684327,-9518.91216498139,-13962.987930344,-9516.44993637756,0,1,1,1
20140118093043.daq,129,9,683.083333333333,1,0,right,-0.93670654296875,180.936706542969,12,0.0001,80.6591110229492,2022.32233529882,2.02146983146667,0.366683036088943,0.234623834490776,7.36184069217477,-13974.7307951145,-9521.56296096633,-13974.771053269,-9519.10069905816,-13974.8113114236,-9516.63843714999,0,1,1,1
20140118093043.daq,129,9,683.183333333333,1,0,right,-0.881370544433594,180.881370544434,12,0.0001,80.6645736694336,2034.15276554371,2.0654149055481,0.367167443037033,0.253607153892517,7.17323712405672,-13986.5603346017,-9521.75194646281,-13986.5982146967,-9519.28964682185,-13986.6360947917,-9516.8273471809,0,1,1,1
20140118093043.daq,129,9,683.283333333333,1,0,right,-0.8248291015625,180.824829101563,12,0.0001,80.6699752807617,2045.98399362163,2.02146983146667,0.366739302873611,0.225131943821907,6.98790157008288,-13998.390878075,-9521.93695029244,-13998.4263282701,-9519.47461446906,-13998.4617784651,-9517.01227864568,0,1,1,1
20140118093043.daq,129,9,683.383333333333,1,0,right,-0.766677856445313,180.766677856445,12,0.0001,80.6753234863281,2057.81600992801,2.02146983146667,0.367532819509506,0.253607153892517,6.81070669890007,-14010.2224355881,-9522.11404126676,-14010.2553866652,-9519.6516707321,-14010.2883377422,-9517.18930019744,0,1,1,1
20140118093043.daq,129,9,683.483333333333,1,0,right,-0.709632873535156,180.709632873535,12,0.0001,80.6805801391602,2069.64880336628,2.02146983146667,0.366968154907227,0.225131943821907,6.64148911630733,-14022.0539614332,-9522.28338625793,-14022.0844609022,-9519.82098413687,-14022.1149603711,-9517.3585820158,0,1,1,1
20140118093043.daq,129,9,683.583333333333,1,0,right,-0.654853820800781,180.654853820801,12,0.0001,80.6857833862305,2081.48236414536,1.97752487659454,0.366457372903824,0.225131943821907,6.4831013822831,-14033.8873796107,-9522.44212699393,-14033.9155248253,-9519.97969683851,-14033.94367004,-9517.51726668309,0,1,1,1
20140118093043.daq,129,9,683.683333333333,1,0,right,-0.6029052734375,180.602905273438,12,0.0001,80.6909484863281,2093.31668517838,1.80174493789673,0.366648405790329,0.206148609519005,6.33527180496904,-14045.7216997103,-9522.59029838079,-14045.7476122943,-9520.12784371899,-14045.7735248783,-9517.66538905719,0,1,1,1
20140118093043.daq,129,9,683.783333333333,1,0,right,-0.562332153320313,180.56233215332,12,0.0001,80.6960678100586,2105.15176040419,1.2744048833847,0.366964310407639,0.272590696811676,6.19676226967413,-14057.5557304365,-9522.72842655348,-14057.5798992649,-9520.26595415949,-14057.6040680934,-9517.8034817655,0,1,1,1
20140118093043.daq,129,9,683.883333333333,1,0,right,-0.539070129394531,180.539070129395,12,0.0001,80.7012023925781,2116.98758646585,0.74706494808197,0.366751283407211,0.272590696811676,6.06909771342349,-14069.390300487,-9522.85590095639,-14069.4134695524,-9520.39341895284,-14069.4366386178,-9517.93093694928,0,1,1,1
20140118093043.daq,129,9,683.983333333333,1,0,right,-0.535285949707031,180.535285949707,12,0.0001,80.7063827514648,2128.82416933127,0.307614982128143,0.366843938827515,0.225131943821907,5.94821904419974,-14081.2243800825,-9522.97676175634,-14081.2473865098,-9520.51427822793,-14081.2703929371,-9518.05179469951,0,1,1,1
20140118093043.daq,129,9,684.083333333333,1,0,right,-0.543777465820313,180.54377746582,12,0.0001,80.7115707397461,2140.66151282362,0.17577999830246,0.367172509431839,0.253607153892517,5.83358657939203,-14093.0591273283,-9523.09154228871,-14093.0824987075,-9520.629062197,-14093.1058700867,-9518.16658210529,0,1,1,1
20140118093043.daq,129,9,684.183333333333,1,0,right,-0.560806274414063,180.560806274414,12,0.0001,80.7168045043945,2152.4996190876,0.131834998726845,0.367115348577499,0.234623834490776,5.72346477256007,-14104.8946360593,-9523.20196545086,-14104.9187393082,-9520.73949241409,-14104.942842557,-9518.27701937732,0,1,1,1
20140118093043.daq,129,9,684.283333333333,1,0,right,-0.581825256347656,180.581825256348,12,0.0001,80.7220687866211,2164.33849670208,0.131834998726845,0.366897940635681,0.215640276670456,5.61404927849769,-14116.7300438922,-9523.31165747903,-14116.7550504987,-9520.84919345024,-14116.7800571052,-9518.38672942146,0,0,1,0
20140118093043.daq,129,9,684.383333333333,1,0,right,-0.603706359863281,180.603706359863,12,0.0001,80.7272644042969,2176.17814240337,0.131834998726845,0.367457181215286,0.225131943821907,5.50388644827647,-14128.5664060584,-9523.42140235902,-14128.5923530714,-9520.95894805976,-14128.6183000844,-9518.4964937605,0,0,1,0
20140118093043.daq,129,9,684.483333333333,1,0,right,-0.610832214355469,180.610832214355,12,0.0001,80.7324142456055,2188.0185452814,1.14256989955902,0.366827577352524,0.225131943821907,5.39380619700523,-14140.4041168404,-9523.53121579931,-14140.4303701078,-9521.06876474612,-14140.4566233752,-9518.60631369292,0,0,1,0
20140118093043.daq,129,9,684.583333333333,1,0,right,-0.578994750976563,180.578994750977,12,0.0001,80.7377243041992,2199.85971382176,2.90036988258362,0.366593033075333,0.225131943821907,5.28239577668547,-14152.243787122,-9523.64253797744,-14152.2686720788,-9521.18007271629,-14152.2935570355,-9518.71760745514,0,0,1,0
20140118093043.daq,129,9,684.683333333333,1,0,right,-0.504669189453125,180.504669189453,12,0.0001,80.7429962158203,2211.70166163873,3.69137978553772,0.367221504449844,0.234623834490776,5.17381171250382,-14164.0855014824,-9523.75124397769,-14164.1071920458,-9521.28874850705,-14164.1288826091,-9518.82625303642,0,0,1,0
20140118093043.daq,129,9,684.783333333333,1,0,right,-0.400260925292969,180.400260925293,12,0.0001,80.7481918334961,2223.54437670327,3.73532485961914,0.366567045450211,0.244115486741066,5.07119994021932,-14175.9299160552,-9523.85418784026,-14175.9471192583,-9521.39165693218,-14175.9643224615,-9518.92912602411,0,0,1,0
20140118093043.daq,129,9,684.883333333333,1,0,right,-0.279075622558594,180.279075622559,12,0.0001,80.7532196044922,2235.38784372266,3.73532485961914,0.366821140050888,0.215640276670456,4.97860151762021,-14187.7766896813,-9523.94730327425,-14187.7886843937,-9521.48474148816,-14187.8006791062,-9519.02217970207,0,0,1,0
20140118093043.daq,129,9,684.983333333333,1,0,right,-0.151023864746094,180.151023864746,12,0.0001,80.7579574584961,2247.2320265165,3.69137978553772,0.36746147274971,0.225131943821907,4.89947650005074,-14199.6236174519,-9524.02631661843,-14199.6301084986,-9521.5637341752,-14199.6365995452,-9519.10115173196,0,0,1,0
20140118093043.daq,129,9,685.083333333333,1,0,right,-0.0209808349609375,180.020980834961,12,0.0001,80.7624893188477,2259.0768886247,3.69137978553772,0.367269277572632,0.225131943821907,4.83780949616666,-14211.4725296837,-9524.08762172912,-14211.4734314467,-9521.62503089622,-14211.4743332097,-9519.16244006333,0,0,1,0
20140118093043.daq,129,9,685.183333333333,1,0,right,0.111808776855469,179.888191223145,12,0.0001,80.7669067382813,2270.92240561619,3.69137978553772,0.367106467485428,0.187165051698685,4.79794742755255,-14223.3214908762,-9524.12726535484,-14223.3166853021,-9521.66467904572,-14223.311879728,-9519.2020927366,0,0,1,0
20140118093043.daq,129,9,685.283333333333,1,0,right,0.244361877441406,179.755638122559,12,0.0001,80.7711715698242,2282.76855949403,3.69137978553772,0.366997212171555,0.215640276670456,4.78264345999022,-14235.1714038474,-9524.14250202839,-14235.1609011273,-9521.67993342705,-14235.1503984072,-9519.21736482571,0,0,1,0
20140118093043.daq,129,9,685.383333333333,1,0,right,0.377235412597656,179.622764587402,12,0.0001,80.775276184082,2294.61532666636,3.69137978553772,0.367248505353928,0.215640276670456,4.79289345467344,-14247.0222821473,-9524.13232076696,-14247.0060685653,-9521.66978314427,-14246.9898549833,-9519.20724552157,0,0,1,0
20140118093043.daq,129,9,685.483333333333,1,0,right,0.511077880859375,179.488922119141,12,0.0001,80.779296875,2306.46268922953,3.60348987579346,0.367186158895493,0.215640276670456,4.82873117145887,-14258.8731646431,-9524.09668134814,-14258.851198643,-9521.63418831906,-14258.8292326429,-9519.17169528998,0,0,1,0
20140118093043.daq,129,9,685.583333333333,1,0,right,0.640716552734375,179.359283447266,12,0.0001,80.783317565918,2318.31064149539,3.51559996604919,0.367176622152328,0.196656957268715,4.89273852810977,-14270.7249038863,-9524.03297500765,-14270.6973662571,-9521.57053798258,-14270.6698286279,-9519.10810095752,0,0,1,0
20140118093043.daq,129,9,685.683333333333,1,0,right,0.762496948242188,179.237503051758,12,0.0001,80.7873382568359,2330.1591836504,3.12009477615356,0.367033213376999,0.253607153892517,4.98202449447097,-14282.5764382453,-9523.94338259199,-14282.543666849,-9521.48100965943,-14282.5108954528,-9519.01863672687,0,0,1,0
20140118093043.daq,129,9,685.783333333333,1,0,right,0.86474609375,179.13525390625,12,0.0001,80.7913970947266,2342.00831690682,2.28513979911804,0.366511672735214,0.263098806142807,5.09631294010794,-14294.4284713982,-9523.82863090438,-14294.3913057445,-9521.36632037611,-14294.3541400907,-9518.90400984785,0,0,1,0
20140118093043.daq,129,9,685.883333333333,1,0,right,0.938011169433594,179.061988830566,12,0.0001,80.7955780029297,2353.85805366669,1.62596487998962,0.366995185613632,0.234623834490776,5.23532450663199,-14306.2788339575,-9523.68931029929,-14306.2385197372,-9521.22704930844,-14306.1982055169,-9518.76478831759,0,0,1,0
20140118093043.daq,129,9,685.983333333333,1,0,right,0.983383178710938,179.016616821289,12,0.0001,80.7998504638672,2365.70841127417,1.01073491573334,0.367035984992981,0.263098806142807,5.39423418349846,-14318.1285350564,-9523.5302383579,-14318.0862710067,-9521.06801006354,-14318.0440069571,-9518.60578176918,0,0,1,0
20140118093043.daq,129,9,686.083333333333,1,0,right,0.997306823730469,179.00269317627,12,0.0001,80.8042907714844,2377.5594059545,0.17577999830246,0.366630434989929,0.253607153892517,5.57084837113538,-14329.9774952537,-9523.35359094827,-14329.9346328507,-9520.89137299735,-14329.8917704477,-9518.42915504643,0,0,1,0
20140118093043.daq,129,9,686.183333333333,1,0,right,0.975685119628906,179.024314880371,12,0.0001,80.8089370727539,2389.41106726741,-0.57128494977951,0.366725206375122,0.244115486741066,5.76000852335389,-14341.8256195876,-9523.16450626573,-14341.7836863546,-9520.70227231514,-14341.7417531217,-9518.24003836456,0,1,1,1
20140118093043.daq,129,9,686.283333333333,1,0,right,0.935684204101563,179.064315795898,12,0.0001,80.8137664794922,2401.26342495911,-0.659174978733063,0.367120057344437,0.206148609519005,5.95687868975375,-14353.6733103587,-9522.96777531609,-14353.6330961387,-9520.50551268998,-14353.5928819188,-9518.04325006386,0,1,1,1
20140118093043.daq,129,9,686.383333333333,1,0,right,0.884323120117188,179.115676879883,12,0.0001,80.8186798095703,2413.11649758606,-0.659174978733063,0.367104887962341,0.225131943821907,6.15601534783351,-14365.5207310459,-9522.76882024312,-14365.4827240633,-9520.30652255748,-14365.4447170807,-9517.84422487184,0,1,1,1
20140118093043.daq,129,9,686.483333333333,1,0,right,0.829933166503906,179.170066833496,12,0.0001,80.823600769043,2424.97029242161,-0.659174978733063,0.366430133581161,0.215640276670456,6.35401562511814,-14377.3680771312,-9522.57102886595,-14377.3324075847,-9520.10869621034,-14377.2967380381,-9517.64636355473,0,1,1,1
20140118093043.daq,129,9,686.583333333333,1,0,right,0.775794982910156,179.22420501709,12,0.0001,80.828483581543,2436.82480704132,-0.659174978733063,0.366738229990005,0.234623834490776,6.54714705490955,-14389.2173791116,-9522.37810343851,-14389.184036213,-9519.91573817833,-14389.1506933144,-9517.45337291815,0,1,1,1
20140118093043.daq,129,9,686.683333333333,1,0,right,0.723854064941406,179.276145935059,12,0.0001,80.8332672119141,2448.68003025536,-0.659174978733063,0.366545110940933,0.206148609519005,6.73261700937918,-14401.0667302161,-9522.19285285204,-14401.0356195636,-9519.730458377,-14401.0045089111,-9517.26806390195,0,1,1,1
20140118093043.daq,129,9,686.783333333333,1,0,right,0.67376708984375,179.326232910156,12,0.0001,80.8379898071289,2460.53594984821,-0.659174978733063,0.366714984178543,0.234623834490776,6.9091480557959,-14412.9170991891,-9522.01627512091,-14412.8881411307,-9519.55385439035,-14412.8591830723,-9517.09143365979,0,1,1,1
20140118093043.daq,129,9,686.883333333333,1,0,right,0.623527526855469,179.376472473145,12,0.0001,80.8426361083984,2472.39255649505,-0.615229964256287,0.3664730489254,0.37699943780899,7.0758517008037,-14424.7684383581,-9521.84947143923,-14424.7416394738,-9519.38702626355,-14424.7148405895,-9516.92458108787,0,1,1,1
20140118093043.daq,129,9,686.983333333333,1,0,right,0.573951721191406,179.426048278809,12,0.0001,80.8472595214844,2484.24984245623,-0.615229964256287,0.366078406572342,0.253607153892517,7.23188495951004,-14436.6207672626,-9521.69336771543,-14436.5960990459,-9519.23090027351,-14436.5714308292,-9516.76843283159,0,1,1,1
20140118093043.daq,129,9,687.083333333333,1,0,right,0.526237487792969,179.473762512207,12,0.0001,80.8518524169922,2496.10780540054,-0.615229964256287,0.366197317838669,0.272590696811676,7.37731406995861,-14448.4741147779,-9521.54788970588,-14448.4514972397,-9519.08540257486,-14448.4288797015,-9516.62291544385,0,1,1,1
20140118093043.daq,129,9,687.183333333333,1,0,right,0.477676391601563,179.522323608398,12,0.0001,80.8564300537109,2507.96643973311,-0.615229964256287,0.365478247404099,0.244115486741066,7.51392233127462,-14460.3284160091,-9521.41125230591,-14460.3078855623,-9518.94874688984,-14460.2873551155,-9516.48624147377,0,1,1,1
20140118093043.daq,129,9,687.283333333333,1,0,right,0.431694030761719,179.568305969238,12,0.0001,80.8609924316406,2519.82574489444,-0.615229964256287,0.366459488868713,0.310557574033737,7.63995525837827,-14472.1827768871,-9521.28519628554,-14472.1642227146,-9518.82267518591,-14472.1456685421,-9516.36015408628,0,1,1,1
20140118093043.daq,129,9,687.383333333333,1,0,right,0.385551452636719,179.614448547363,12,0.0001,80.8655166625977,2531.68571538285,-0.615229964256287,0.366253346204758,0.272590696811676,7.75524971838253,-14484.0381081683,-9521.16989148908,-14484.0215371682,-9518.7073562456,-14484.004966168,-9516.24482100212,0,1,1,1
20140118093043.daq,129,9,687.483333333333,1,0,right,0.337570190429688,179.66242980957,12,0.0001,80.8700866699219,2543.54635315659,-0.615229964256287,0.367108821868896,0.234623834490776,7.8616522771001,-14495.8943691785,-9521.06348873831,-14495.8798603873,-9518.60094048124,-14495.8653515961,-9516.13839222416,0,1,1,1
20140118093043.daq,129,9,687.583333333333,1,0,right,0.291030883789063,179.708969116211,12,0.0001,80.874626159668,2555.40765858864,-0.615229964256287,0.367740601301193,0.225131943821907,7.95838394132193,-14507.7516392604,-9520.96676135936,-14507.7391307134,-9518.50420212968,-14507.7266221664,-9516.0416429,0,1,1,1
20140118093043.daq,129,9,687.683333333333,1,0,right,0.243247985839844,179.75675201416,12,0.0001,80.8792724609375,2567.26963578194,-0.615229964256287,0.367691189050674,0.225131943821907,8.04430117463827,-14519.6098533185,-9520.88085222403,-14519.5993984734,-9518.41828341897,-14519.5889436283,-9515.95571461391,0,1,1,1
20140118093043.daq,129,9,687.783333333333,1,0,right,0.196983337402344,179.803016662598,12,0.0001,80.8841018676758,2579.13230860804,-0.615229964256287,0.367460250854492,0.253607153892517,8.12152324913971,-14531.4681019141,-9520.80363723883,-14531.4596355237,-9518.3410607946,-14531.4511691333,-9515.87848435037,0,1,1,1
20140118093043.daq,129,9,687.883333333333,1,0,right,0.148735046386719,179.851264953613,12,0.0001,80.8890609741211,2590.99569972633,-0.57128494977951,0.367868334054947,0.253607153892517,8.18788249507191,-14543.3272763141,-9520.73728623118,-14543.3208836412,-9518.27470353061,-14543.3144909684,-9515.81212083003,0,1,1,1
20140118093043.daq,129,9,687.983333333333,1,0,right,0.105316162109375,179.894683837891,12,0.0001,80.8940658569336,2602.85982097932,-0.439449965953827,0.367586970329285,0.225131943821907,8.24575014840298,-14555.1875429561,-9520.67942466159,-14555.1830164362,-9518.21683782372,-14555.1784899163,-9515.75425098585,0,1,1,1
20140118093043.daq,129,9,688.083333333333,1,0,right,0.0644378662109375,179.935562133789,12,0.0001,80.8991546630859,2614.72468309059,-0.351559966802597,0.367692112922668,0.206148609519005,8.29400828967102,-14567.0488464121,-9520.63117085469,-14567.0460768525,-9518.16858141409,-14567.0433072929,-9515.70599197349,0,1,1,1
20140118093043.daq,129,9,688.183333333333,1,0,right,0.027008056640625,179.972991943359,12,0.0001,80.9042663574219,2626.59029407951,-0.219724982976913,0.367605000734329,0.234623834490776,8.33271262549901,-14578.9102327506,-9520.59246883109,-14578.9090719357,-9518.12987810668,-14578.9079111208,-9515.66728738227,0,1,1,1
20140118093043.daq,129,9,688.283333333333,1,0,right,-0.0059051513671875,180.005905151367,12,0.0001,80.9094314575195,2638.45665804898,-0.175779983401299,0.366537541151047,0.310557574033737,8.36290585189107,-14590.7736817812,-9520.56227619493,-14590.7739355865,-9518.09968521001,-14590.7741893918,-9515.63709422509,0,1,1,1
20140118093043.daq,129,9,688.383333333333,1,0,right,-0.0364837646484375,180.036483764648,12,0.0001,80.9146194458008,2650.32378283188,-0.219724982976913,0.367373734712601,0.253607153892517,8.38542987703712,-14602.6371871333,-9520.53975137199,-14602.6387552171,-9518.07716087324,-14602.640323301,-9515.61457037448,0,1,1,1
20140118093043.daq,129,9,688.483333333333,1,0,right,-0.0664825439453125,180.066482543945,12,0.0001,80.9197540283203,2662.1916633928,-0.219724982976913,0.367536038160324,0.272590696811676,8.40017609175521,-14614.5016823365,-9520.52500283465,-14614.5045397769,-9518.06241349445,-14614.5073972174,-9515.59982415425,0,1,1,1
20140118093043.daq,129,9,688.583333333333,1,0,right,-0.0972976684570313,180.097297668457,12,0.0001,80.9249572753906,2674.06030196972,-0.263669967651367,0.367316365242004,0.263098806142807,8.40705813260495,-14626.3671329773,-9520.51811681975,-14626.3713148603,-9518.05552937251,-14626.3754967433,-9515.59294192527,0,1,1,1
20140118093043.daq,129,9,688.683333333333,1,0,right,-0.128593444824219,180.128593444824,12,0.0001,80.9301986694336,2685.92970732796,-0.263669967651367,0.367889553308487,0.215640276670456,8.40805021417282,-14638.2335472741,-9520.51711944462,-14638.239074257,-9518.05453464895,-14638.2446012399,-9515.59194985327,0,1,1,1
20140118093043.daq,129,9,688.783333333333,1,0,right,-0.161933898925781,180.161933898926,12,0.0001,80.9354095458984,2697.79987974726,-0.263669967651367,0.367682665586472,0.215640276670456,8.40110303338281,-14650.1008864559,-9520.5240603502,-14650.1078464176,-9518.06147918761,-14650.1148063793,-9515.59889802501,0,1,1,1
20140118093043.daq,129,9,688.883333333333,1,0,right,-0.194541931152344,180.194541931152,12,0.0001,80.9405975341797,2709.67081503144,-0.219724982976913,0.367158383131027,0.225131943821907,8.3883418480447,-14661.9682426004,-9520.53681495404,-14661.976604059,-9518.07423815129,-14661.9849655176,-9515.61166134854,0,1,1,1
20140118093043.daq,129,9,688.983333333333,1,0,right,-0.228179931640625,180.228179931641,12,0.0001,80.9457473754883,2721.54250795862,-0.219724982976913,0.367474406957626,0.253607153892517,8.36868221770421,-14673.8365485882,-9520.55646857807,-14673.846355809,-9518.09389710868,-14673.8561630298,-9515.6313256393,0,1,1,1
20140118093043.daq,129,9,689.083333333333,1,0,right,-0.260971069335938,180.260971069336,12,0.0001,80.9508514404297,2733.41495265412,-0.219724982976913,0.36772894859314,0.272590696811676,8.34224187940829,-14685.7058509785,-9520.58290541531,-14685.71706756,-9518.12033996202,-14685.7282841416,-9515.65777450873,0,1,1,1
20140118093043.daq,129,9,689.183333333333,1,0,right,-0.293930053710938,180.293930053711,12,0.0001,80.9559555053711,2745.28814594753,-0.219724982976913,0.368105381727219,0.187165051698685,8.30895722250373,-14697.5751480316,-9520.6161880737,-14697.5877811842,-9518.1536294801,-14697.6004143369,-9515.69107088651,0,1,1,1
20140118093043.daq,129,9,689.283333333333,1,0,right,-0.325553894042969,180.325553894043,12,0.0001,80.9610366821289,2757.16208662659,-0.219724982976913,0.367585331201553,0.225131943821907,8.26892793034235,-14709.4464303337,-9520.65622388429,-14709.4604226693,-9518.19367263854,-14709.4744150049,-9515.73112139278,0,1,1,1
20140118093043.daq,129,9,689.383333333333,1,0,right,-0.357284545898438,180.357284545898,12,0.0001,80.9660949707031,2769.03677021541,-0.219724982976913,0.368091970682144,0.282082378864288,8.2220611541767,-14721.3177088926,-9520.70310178077,-14721.3330649976,-9518.24055866167,-14721.3484211026,-9515.77801554256,0,1,1,1
20140118093043.daq,129,9,689.483333333333,1,0,right,-0.388671875,180.388671875,12,0.0001,80.9711761474609,2780.91219615447,-0.219724982976913,0.36825168132782,0.253607153892517,8.16936661254081,-14733.1899715152,-9520.7558174566,-14733.2066766291,-9518.29328311926,-14733.2233817429,-9515.83074878191,0,1,1,1
20140118093043.daq,129,9,689.583333333333,1,0,right,-0.419525146484375,180.419525146484,12,0.0001,80.9762802124023,2792.78837041168,-0.219724982976913,0.36779847741127,0.215640276670456,8.10889991224876,-14745.0622464492,-9520.81631229904,-14745.0802776136,-9518.35378731428,-14745.0983087779,-9515.89126232953,0,1,1,1
20140118093043.daq,129,9,689.683333333333,1,0,right,-0.451217651367188,180.451217651367,12,0.0001,80.9813232421875,2804.66528841786,-0.219724982976913,0.367207080125809,0.177673399448395,8.04254411745055,-14756.936452445,-9520.8827177946,-14756.9558457241,-9518.4202031603,-14756.9752390031,-9515.95768852599,0,1,1,1
20140118093043.daq,129,9,689.783333333333,1,0,right,-0.483741760253906,180.483741760254,12,0.0001,80.9863739013672,2816.54294560385,-0.175779983401299,0.367699027061462,0.263098806142807,7.96931362080015,-14768.8106364837,-9520.95601000047,-14768.8314276128,-9518.49350677156,-14768.852218742,-9516.03100354265,0,1,1,1
20140118093043.daq,129,9,689.883333333333,1,0,right,-0.503471374511719,180.503471374512,12,0.0001,80.9914245605469,2828.42134392788,0.57128494977951,0.367561459541321,0.234623834490776,7.89005002031547,-14780.6851409552,-9521.03534991158,-14780.706780038,-9518.57285398802,-14780.7284191209,-9516.11035806447,0,1,1,1
20140118093043.daq,129,9,689.983333333333,1,0,right,-0.503005981445313,180.503005981445,12,0.0001,80.9965362548828,2840.30048711985,1.40623998641968,0.367093682289124,0.253607153892517,7.80620676407001,-14792.5621057738,-9521.11930563055,-14792.5837248547,-9518.65680953131,-14792.6053439355,-9516.19431343207,0,1,1,1
20140118093043.daq,129,9,690.083333333333,1,0,right,-0.479255676269531,180.47925567627,12,0.0001,81.0016555786133,2852.18038124093,1.80174493789673,0.366379886865616,0.272590696811676,7.71990100295672,-14804.4406319102,-9521.20573373237,-14804.4612302328,-9518.74322888313,-14804.4818285554,-9516.28072403389,0,1,1,1
20140118093043.daq,129,9,690.183333333333,1,0,right,-0.439552307128906,180.439552307129,12,0.0001,81.0067443847656,2864.06102507887,1.80174493789673,0.366857141256332,0.282082378864288,7.63144511158944,-14816.3205338894,-9521.29410859415,-14816.3394258033,-9518.83159006244,-14816.3583177173,-9516.36907153073,0,1,1,1
20140118093043.daq,129,9,690.283333333333,1,0,right,-0.394302368164063,180.394302368164,12,0.0001,81.0117263793945,2875.9424066979,1.80174493789673,0.366995215415955,0.253607153892517,7.54528822051327,-14828.2015494681,-9521.38018786037,-14828.2184965767,-9518.91765517654,-14828.2354436853,-9516.45512249271,0,1,1,1
20140118093043.daq,129,9,690.383333333333,1,0,right,-0.346672058105469,180.346672058105,12,0.0001,81.0167388916016,2887.82452068962,1.71385490894318,0.366830676794052,0.310557574033737,7.46221025609475,-14840.0835988194,-9521.46318981514,-14840.0984988049,-9519.00064389397,-14840.1133987903,-9516.5380979728,0,1,1,1
20140118093043.daq,129,9,690.483333333333,1,0,right,-0.306922912597656,180.306922912598,12,0.0001,81.0217208862305,2899.70736910547,1.36229491233826,0.36790132522583,0.244115486741066,7.38450227341004,-14851.9664259652,-9521.54081736928,-14851.9796175474,-9519.0782617038,-14851.9928091296,-9516.61570603832,0,1,1,1
20140118093043.daq,129,9,690.583333333333,1,0,right,-0.277114868164063,180.277114868164,12,0.0001,81.0266418457031,2911.59094280712,1.01073491573334,0.367402791976929,0.244115486741066,7.31302649425998,-14863.8490040981,-9521.61222141295,-14863.8609145377,-9519.14965921782,-14863.8728249772,-9516.6870970227,0,1,1,1
20140118093043.daq,129,9,690.683333333333,1,0,right,-0.265518188476563,180.265518188477,12,0.0001,81.0316162109375,2923.47524207432,0.483394980430603,0.36701563000679,0.253607153892517,7.24824522349999,-14875.7321050873,-9521.67693587493,-14875.7435171035,-9519.21437131957,-14875.7549291196,-9516.75180676421,0,1,1,1
20140118093043.daq,129,9,690.783333333333,1,0,right,-0.271286010742188,180.271286010742,12,0.0001,81.0365676879883,2935.36027063699,0,0.367464989423752,0.282082378864288,7.18827380868125,-14887.61477412,-9521.73686192532,-14887.6264340363,-9519.27429853125,-14887.6380939525,-9516.81173513719,0,1,1,1
20140118093043.daq,129,9,690.883333333333,1,0,right,-0.294914245605469,180.294914245605,12,0.0001,81.0414352416992,2947.24601805134,-0.351559966802597,0.36816930770874,0.196656957268715,7.13211345439415,-14899.497975086,-9521.79300657638,-14899.510650539,-9519.33044820015,-14899.5233259919,-9516.86788982392,0,1,1,1
20140118093043.daq,129,9,690.983333333333,1,0,right,-0.331382751464844,180.331382751465,12,0.0001,81.0463714599609,2959.13248319836,-0.527339935302734,0.367785841226578,0.206148609519005,7.07715716318965,-14911.3808552838,-9521.84798948441,-14911.3950981415,-9519.38543967487,-14911.4093409991,-9516.92288986534,0,1,1,1
20140118093043.daq,129,9,691.083333333333,1,0,right,-0.376258850097656,180.376258850098,12,0.0001,81.0513305664063,2971.01967558941,-0.615229964256287,0.36708402633667,0.272590696811676,7.02076159138271,-14923.2645005471,-9521.90446654595,-14923.2806721571,-9519.44192864727,-14923.296843767,-9516.97939074858,0,1,1,1
20140118093043.daq,129,9,691.183333333333,1,0,right,-0.4244384765625,180.424438476563,12,0.0001,81.056282043457,2982.90759503796,-0.615229964256287,0.36760076880455,0.253607153892517,6.96031585729378,-14935.1480609244,-9521.96505250634,-14935.1663032596,-9519.50252907688,-14935.1845455947,-9517.04000564742,0,1,1,1
20140118093043.daq,129,9,691.283333333333,1,0,right,-0.473495483398438,180.473495483398,12,0.0001,81.0611343383789,2994.79623352468,-0.615229964256287,0.367083519697189,0.263098806142807,6.8940319849787,-14947.0325733514,-9522.03155086245,-14947.0529241076,-9519.56904395482,-14947.0732748639,-9517.10653704718,0,1,1,1
20140118093043.daq,129,9,691.383333333333,1,0,right,-0.522743225097656,180.522743225098,12,0.0001,81.0659255981445,3006.68557902053,-0.615229964256287,0.36764395236969,0.253607153892517,6.81965380870419,-14958.9180549575,-9522.10587240719,-14958.9405223175,-9519.64338390139,-14958.9629896774,-9517.1808953956,0,1,1,1
20140118093043.daq,129,9,691.483333333333,1,0,right,-0.57080078125,180.57080078125,12,0.0001,81.0706634521484,3018.57562322638,-0.527339935302734,0.36794576048851,0.215640276670456,6.73633254454473,-14970.8035639497,-9522.18890870128,-14970.8280967448,-9519.72643990647,-14970.8526295398,-9517.26397111167,0,1,1,1
20140118093043.daq,129,9,691.583333333333,1,0,right,-0.607612609863281,180.607612609863,12,0.0001,81.0753707885742,3030.46635970812,0.131834998726845,0.367556482553482,0.263098806142807,6.64401435913015,-14982.6903309163,-9522.28101770593,-14982.7164458119,-9519.81856518138,-14982.7425607074,-9517.35611265683,0,1,1,1
20140118093043.daq,129,9,691.683333333333,1,0,right,-0.623062133789063,180.623062133789,12,0.0001,81.0800704956055,3042.35778576153,0.878899991512299,0.369395643472672,0.263098806142807,6.54431596485223,-14994.5786127411,-9522.38060104339,-14994.6053916239,-9519.91815565011,-14994.6321705066,-9517.45571025683,0,1,1,1
20140118093043.daq,129,9,691.783333333333,1,0,right,-0.617240905761719,180.617240905762,12,0.0001,81.0850219726563,3054.2499138819,1.36229491233826,0.36855337023735,0.225131943821907,6.43820905528574,-15006.4684081758,-9522.48668821982,-15006.4949368749,-9520.02424011853,-15006.5214655741,-9517.56179201724,0,1,1,1
20140118093043.daq,129,9,691.883333333333,1,0,right,-0.590423583984375,180.590423583984,12,0.0001,81.0903091430664,3066.14279582207,1.62596487998962,0.368482440710068,0.225131943821907,6.32860623121198,-15018.3597098946,-9522.59636628535,-15018.3850860407,-9520.13390603701,-15018.4104621867,-9517.67144578867,0,1,1,1
20140118093043.daq,129,9,691.983333333333,1,0,right,-0.548820495605469,180.548820495605,12,0.0001,81.0956878662109,3078.03646216751,1.97752487659454,0.369151502847672,0.225131943821907,6.218051774961,-15030.2523597571,-9522.70708708702,-15030.2759478775,-9520.24460906194,-15030.2995359979,-9517.78213103685,0,1,1,1
20140118093043.daq,129,9,692.083333333333,1,0,right,-0.493865966796875,180.493865966797,12,0.0001,81.1010894775391,3089.93091823337,2.2411949634552,0.368909686803818,0.225131943821907,6.10841355950826,-15042.1463197566,-9522.81698501315,-15042.1675460116,-9520.35448549649,-15042.1887722666,-9517.89198597984,0,1,1,1
20140118093043.daq,129,9,692.183333333333,1,0,right,-0.432197570800781,180.432197570801,12,0.0001,81.1065673828125,3101.82617287825,2.2411949634552,0.368392139673233,0.253607153892517,6.00418609416909,-15054.0423978418,-9522.92158520546,-15054.060973656,-9520.45906426899,-15054.0795494702,-9517.99654333252,0,1,1,1
20140118093043.daq,129,9,692.283333333333,1,0,right,-0.36834716796875,180.368347167969,12,0.0001,81.1120452880859,3113.72223244304,2.19724988937378,0.368413120508194,0.244115486741066,5.90641699517407,-15065.9385263499,-9523.01921331541,-15065.9543579203,-9520.55667320715,-15065.9701894908,-9518.09413309889,0,1,1,1
20140118093043.daq,129,9,692.383333333333,1,0,right,-0.3079833984375,180.307983398438,12,0.0001,81.1174011230469,3125.61908648391,1.97752487659454,0.368854612112045,0.253607153892517,5.81710397195307,-15077.8365167298,-9523.10826557062,-15077.8497538914,-9520.64571014972,-15077.862991053,-9518.18315472883,0,1,1,1
20140118093043.daq,129,9,692.483333333333,1,0,right,-0.254173278808594,180.254173278809,12,0.0001,81.1226425170898,3137.51671756343,1.7577999830246,0.368361622095108,0.225131943821907,5.73920362716308,-15089.7343402982,-9523.18600174585,-15089.7452647115,-9520.72343497911,-15089.7561891248,-9518.26086821238,0,1,1,1
20140118093043.daq,129,9,692.583333333333,1,0,right,-0.209976196289063,180.209976196289,12,0.0001,81.1278533935547,3149.41511458503,1.58201992511749,0.368538945913315,0.253607153892517,5.67156137452698,-15101.6328988541,-9523.25358763732,-15101.6419236782,-9520.79101317632,-15101.6509485024,-9518.32843871531,0,0,1,0
20140118093043.daq,129,9,692.683333333333,1,0,right,-0.172554016113281,180.172554016113,12,0.0001,81.1330871582031,3161.31427689597,1.31834995746613,0.368675857782364,0.253607153892517,5.61535302371423,-15113.5312875132,-9523.30987207501,-15113.538703929,-9520.84729224479,-15113.5461203448,-9518.38471241457,0,0,1,0
20140118093043.daq,129,9,692.783333333333,1,0,right,-0.146415710449219,180.146415710449,12,0.0001,81.1383743286133,3173.21421102367,1.09862494468689,0.367861062288284,0.244115486741066,5.56836972179108,-15125.430372105,-9523.35708685326,-15125.4366650924,-9520.89450389593,-15125.4429580798,-9518.4319209386,0,0,1,0
20140118093043.daq,129,9,692.883333333333,1,0,right,-0.126014709472656,180.126014709473,12,0.0001,81.1436767578125,3185.11492284275,1.05467998981476,0.369026303291321,0.253607153892517,5.53098035023545,-15137.3302907125,-9523.39488992781,-15137.3357068608,-9520.93230488587,-15137.3411230091,-9518.46971984394,0,0,1,0
20140118093043.daq,129,9,692.983333333333,1,0,right,-0.111259460449219,180.111259460449,12,0.0001,81.14892578125,3197.01640778404,1.05467998981476,0.369096130132675,0.215640276670456,5.4995111344625,-15149.2310459758,-9523.42620548504,-15149.2358279401,-9520.96361912996,-15149.2406099045,-9518.50103277488,0,0,1,0
20140118093043.daq,129,9,693.083333333333,1,0,right,-0.0959701538085938,180.095970153809,12,0.0001,81.1541900634766,3208.91866258386,1.05467998981476,0.369471907615662,0.196656957268715,5.47373100641135,-15161.1318141895,-9523.45162859494,-15161.1359390156,-9520.98904105147,-15161.1400638416,-9518.52645350801,0,0,1,0
20140118093043.daq,129,9,693.183333333333,1,0,right,-0.082275390625,180.082275390625,12,0.0001,81.1594543457031,3220.82169078562,1.05467998981476,0.368502587080002,0.234623834490776,5.45389827304868,-15173.0335193724,-9523.47129070351,-15173.0370555939,-9521.00870224448,-15173.0405918154,-9518.54611378545,0,0,1,0
20140118093043.daq,129,9,693.283333333333,1,0,right,-0.0670700073242188,180.067070007324,12,0.0001,81.1647109985352,3232.72549061762,1.2744048833847,0.368626743555069,0.234623834490776,5.43827361332735,-15184.9362381642,-9523.48695318091,-15184.939120854,-9521.02436387014,-15184.9420035438,-9518.56177455936,0,0,1,0
20140118093043.daq,129,9,693.383333333333,1,0,right,-0.0364913940429688,180.036491394043,12,0.0001,81.1700057983398,3244.63006301237,1.93357992172241,0.368550896644592,0.225131943821907,5.42673688825007,-15196.839335383,-9523.4987362183,-15196.8409037947,-9521.03614571976,-15196.8424722064,-9518.57355522122,0,0,1,0
20140118093043.daq,129,9,693.483333333333,1,0,right,0.0075836181640625,179.992416381836,12,0.0001,81.1753463745117,3256.53541589593,2.19724988937378,0.368640929460526,0.263098806142807,5.42016468397415,-15208.7447165093,-9523.50577862771,-15208.744390563,-9521.04318765128,-15208.7440646166,-9518.58059667485,0,0,1,0
20140118093043.daq,129,9,693.583333333333,1,0,right,0.061676025390625,179.938323974609,12,0.0001,81.1806640625,3268.44155066706,2.02146983146667,0.368143767118454,0.244115486741066,5.42029288324181,-15220.6513177639,-9523.50536502686,-15220.648666909,-9521.04277545561,-15220.6460160541,-9518.58018588437,0,0,1,0
20140118093043.daq,129,9,693.683333333333,1,0,right,0.110511779785156,179.889488220215,12,0.0001,81.185920715332,3280.34846201058,1.53807497024536,0.367880374193192,0.244115486741066,5.42587536964519,-15232.5587638331,-9523.49941587328,-15232.5540140043,-9521.036829456,-15232.5492641755,-9518.57424303872,0,0,1,0
20140118093043.daq,129,9,693.783333333333,1,0,right,0.1473388671875,179.852661132813,12,0.0001,81.1910400390625,3292.25613444729,1.09862494468689,0.368971914052963,0.225131943821907,5.43974635211232,-15244.4659140877,-9523.48541946747,-15244.4595814229,-9521.02283661185,-15244.453248758,-9518.56025375623,0,0,1,0
20140118093043.daq,129,9,693.883333333333,1,0,right,0.170829772949219,179.829170227051,12,0.0001,81.1960754394531,3304.16454923424,0.966789960861206,0.368780583143234,0.206148609519005,5.46184670985451,-15256.373714131,-9523.46345850387,-15256.3663718234,-9521.00087845157,-15256.3590295158,-9518.53829839928,0,0,1,0
20140118093043.daq,129,9,693.983333333333,1,0,right,0.185531616210938,179.814468383789,12,0.0001,81.2011795043945,3316.07370786343,0.966789960861206,0.369325965642929,0.253607153892517,5.49053470057953,-15268.2822758673,-9523.43520517597,-15268.2743016728,-9520.97262708875,-15268.2663274783,-9518.51004900153,0,0,1,0
20140118093043.daq,129,9,694.083333333333,1,0,right,0.197059631347656,179.802940368652,12,0.0001,81.2062911987305,3327.98361574325,0.92284494638443,0.368702322244644,0.225131943821907,5.52440473352893,-15280.1907600235,-9523.40128876804,-15280.182290354,-9520.93871233509,-15280.1738206845,-9518.47613590213,0,0,1,0
20140118093043.daq,129,9,694.183333333333,1,0,right,0.202011108398438,179.797988891602,12,0.0001,81.2114562988281,3339.89427716312,0.57128494977951,0.369057685136795,0.234623834490776,5.56432107846589,-15292.1000603746,-9523.36094332113,-15292.0913778903,-9520.89836762931,-15292.082695406,-9518.4357919375,0,0,1,0
20140118093043.daq,129,9,694.283333333333,1,0,right,0.195556640625,179.804443359375,12,0.0001,81.2165374755859,3351.80569137706,0.0878899991512299,0.369035571813583,0.234623834490776,5.6077603607295,-15304.0090827666,-9523.3173973921,-15304.0006776957,-9520.85482073782,-15303.9922726248,-9518.39224408353,0,0,1,0
20140118093043.daq,129,9,694.383333333333,1,0,right,0.1732177734375,179.826782226563,12,0.0001,81.221565246582,3363.71784514379,-0.307614982128143,0.36919379234314,0.253607153892517,5.65251337355397,-15315.9186942706,-9523.27288108112,-15315.9112493265,-9520.81030133698,-15315.9038043823,-9518.34772159284,0,0,1,0
20140118093043.daq,129,9,694.483333333333,1,0,right,0.139549255371094,179.860450744629,12,0.0001,81.2266464233398,3375.63073958232,-0.483394980430603,0.368818253278732,0.234623834490776,5.69789945970259,-15327.8280284767,-9523.22808878215,-15327.8220306109,-9520.76550508833,-15327.816032745,-9518.30292139452,0,0,1,0
20140118093043.daq,129,9,694.583333333333,1,0,right,0.0992889404296875,179.90071105957,12,0.0001,81.2317581176758,3387.54438317822,-0.483394980430603,0.368043214082718,0.234623834490776,5.73880022989698,-15339.7381766948,-9523.18663329796,-15339.7339092264,-9520.72404599755,-15339.729641758,-9518.26145869714,0,1,1,1
20140118093043.daq,129,9,694.683333333333,1,0,right,0.0551071166992188,179.944892883301,12,0.0001,81.2367935180664,3399.45877164209,-0.527339935302734,0.368664979934692,0.244115486741066,5.77585786774635,-15351.6492035589,-9523.14932578562,-15351.6468350377,-9520.68673592664,-15351.6444665165,-9518.22414606767,0,1,1,1
20140118093043.daq,129,9,694.783333333333,1,0,right,0.010009765625,179.989990234375,12,0.0001,81.2417678833008,3411.37389247863,-0.527339935302734,0.368321627378464,0.130214855074883,5.80837038981831,-15363.5602058196,-9523.11695682672,-15363.5597755966,-9520.6543658663,-15363.5593453737,-9518.19177490588,0,1,1,1
20140118093043.daq,129,9,694.883333333333,1,0,right,-0.0358505249023438,180.035850524902,12,0.0001,81.2467422485352,3423.28974307689,-0.527339935302734,0.368832021951675,0.263098806142807,5.83342764529286,-15375.4721636634,-9523.09244662759,-15375.4737045304,-9520.62985611165,-15375.4752453974,-9518.16726559572,0,1,1,1
20140118093043.daq,129,9,694.983333333333,1,0,right,-0.0800628662109375,180.080062866211,12,0.0001,81.2517013549805,3435.20632231789,-0.527339935302734,0.368798166513443,0.234623834490776,5.8507963140579,-15387.38513646,-9523.0746696891,-15387.3885775866,-9520.61208109535,-15387.3920187131,-9518.1494925016,0,1,1,1
20140118093043.daq,129,9,695.083333333333,1,0,right,-0.124038696289063,180.124038696289,12,0.0001,81.2566757202148,3447.12363094762,-0.527339935302734,0.368584364652634,0.234623834490776,5.85853358752692,-15399.2981129958,-9523.06664293203,-15399.3034442146,-9520.60405770477,-15399.3087754334,-9518.14147247751,0,1,1,1
20140118093043.daq,129,9,695.183333333333,1,0,right,-0.168174743652344,180.168174743652,12,0.0001,81.2615661621094,3459.04166383742,-0.527339935302734,0.367986172437668,0.263098806142807,5.85790603742741,-15411.2130366048,-9523.06741429173,-15411.2202647989,-9520.60483390185,-15411.227492993,-9518.14225351197,0,1,1,1
20140118093043.daq,129,9,695.283333333333,1,0,right,-0.210990905761719,180.210990905762,12,0.0001,81.2663803100586,3470.96040783928,-0.439449965953827,0.368261456489563,0.282082378864288,5.84902473247872,-15423.1279908653,-9523.07689243382,-15423.1370593016,-9520.61431813303,-15423.146127738,-9518.15174383225,0,1,1,1
20140118093043.daq,129,9,695.383333333333,1,0,right,-0.247024536132813,180.247024536133,12,0.0001,81.2711029052734,3482.87985064439,-0.0439449958503246,0.368802428245544,0.253607153892517,5.82964935464124,-15435.0431117272,-9523.09571703268,-15435.0537288882,-9520.63314892209,-15435.0643460492,-9518.17058081149,0,1,1,1
20140118093043.daq,129,9,695.483333333333,1,0,right,-0.27227783203125,180.272277832031,12,0.0001,81.2758255004883,3494.79998404691,0.219724997878075,0.368709564208984,0.244115486741066,5.80343770004969,-15446.9604525711,-9523.12168872072,-15446.9721551157,-9520.65912552886,-15446.9838576602,-9518.19656233701,0,1,1,1
20140118093043.daq,129,9,695.583333333333,1,0,right,-0.286880493164063,180.286880493164,12,0.0001,81.280632019043,3506.72081690544,0.57128494977951,0.36837974190712,0.206148609519005,5.76957534126187,-15458.879034485,-9523.15579241282,-15458.8913646492,-9520.69323228351,-15458.9036948134,-9518.23067215419,0,1,1,1
20140118093043.daq,129,9,695.683333333333,1,0,right,-0.281463623046875,180.281463623047,12,0.0001,81.2854232788086,3518.64235528112,1.40623998641968,0.369000881910324,0.234623834490776,5.73135277391433,-15470.7981146273,-9523.19452085746,-15470.8102119755,-9520.73195957343,-15470.8223093238,-9518.2693982894,0,1,1,1
20140118093043.daq,129,9,695.783333333333,1,0,right,-0.249122619628906,180.249122619629,12,0.0001,81.2902603149414,3530.56459768197,2.2411949634552,0.368229866027832,0.253607153892517,5.68881110980063,-15482.7198173984,-9523.2364714532,-15482.7305247349,-9520.77390373304,-15482.7412320713,-9518.31133601288,0,0,1,0
20140118093043.daq,129,9,695.883333333333,1,0,right,-0.18780517578125,180.187805175781,12,0.0001,81.2951965332031,3542.487557256,2.90036988258362,0.368545860052109,0.253607153892517,5.64755283607668,-15494.6422377336,-9523.27761016797,-15494.6503096459,-9520.81503239911,-15494.6583815582,-9518.35245463026,0,0,1,0
20140118093043.daq,129,9,695.983333333333,1,0,right,-0.104660034179688,180.10466003418,12,0.0001,81.3001251220703,3554.41124202259,3.12009477615356,0.36793065071106,0.244115486741066,5.61004704877553,-15506.5671464878,-9523.31544643634,-15506.5716448072,-9520.85285954679,-15506.5761431266,-9518.39027265725,0,0,1,0
20140118093043.daq,129,9,696.083333333333,1,0,right,-0.00946807861328125,180.009468078613,12,0.0001,81.3049621582031,3566.33564424213,3.07614994049072,0.367853045463562,0.272590696811676,5.58112130440797,-15518.4942972837,-9523.34472290656,-15518.4947042248,-9520.88213194218,-15518.4951111658,-9518.4195409778,0,0,1,0
20140118093043.daq,129,9,696.183333333333,1,0,right,0.0857162475585938,179.914283752441,12,0.0001,81.3096237182617,3578.26074274721,2.72458982467651,0.368227511644363,0.253607153892517,5.56202707209854,-15530.4214381207,-9523.36325377125,-15530.4177540103,-9520.90066552902,-15530.4140698998,-9518.4380772868,0,0,1,0
20140118093043.daq,129,9,696.283333333333,1,0,right,0.168663024902344,179.831336975098,12,0.0001,81.3141021728516,3590.18651189456,2.28513979911804,0.368357062339783,0.187165051698685,5.55752597190215,-15542.3492471969,-9523.36788942408,-15542.3419980164,-9520.90530909588,-15542.3347488359,-9518.44272876769,0,0,1,0
20140118093043.daq,129,9,696.383333333333,1,0,right,0.239753723144531,179.760246276855,12,0.0001,81.3185195922852,3602.11293154251,1.84568989276886,0.368344336748123,0.272590696811676,5.5679983519085,-15554.276760512,-9523.35763100215,-15554.2664558501,-9520.89506156407,-15554.2561511882,-9518.43249212599,0,0,1,0
20140118093043.daq,129,9,696.483333333333,1,0,right,0.289237976074219,179.710762023926,12,0.0001,81.3229446411133,3614.03999954637,1.36229491233826,0.368961840867996,0.215640276670456,5.59341651257593,-15566.2047207442,-9523.33210674373,-15566.1922892559,-9520.86954712384,-15566.1798577676,-9518.40698750395,0,0,1,0
20140118093043.daq,129,9,696.583333333333,1,0,right,0.325889587402344,179.674110412598,12,0.0001,81.3274154663086,3625.96771916982,1.23045992851257,0.368376046419144,0.234623834490776,5.63238304239456,-15578.1323674498,-9523.2927277832,-15578.1183606862,-9520.83017661947,-15578.1043539227,-9518.36762545574,0,0,1,0
20140118093043.daq,129,9,696.683333333333,1,0,right,0.346260070800781,179.653739929199,12,0.0001,81.3319778442383,3637.89610011069,0.92284494638443,0.368353605270386,0.225131943821907,5.68461546771182,-15590.0596186696,-9523.24068488173,-15590.0447363912,-9520.77813885349,-15590.0298541128,-9518.31559282524,0,0,1,0
20140118093043.daq,129,9,696.783333333333,1,0,right,0.351852416992188,179.648147583008,12,0.0001,81.3365783691406,3649.82515421152,0.351559996604919,0.36769887804985,0.272590696811676,5.74695994374015,-15601.9874884222,-9523.17881505005,-15601.9723657874,-9520.71627048612,-15601.9572431526,-9518.25372592219,0,1,1,1
20140118093043.daq,129,9,696.883333333333,1,0,right,0.337348937988281,179.662651062012,12,0.0001,81.3412017822266,3661.75488464275,-0.219724982976913,0.368419408798218,0.253607153892517,5.81381094154508,-15613.9138950697,-9523.11135400427,-15613.8993957878,-9520.64880569119,-15613.884896506,-9518.18625737811,0,1,1,1
20140118093043.daq,129,9,696.983333333333,1,0,right,0.303802490234375,179.696197509766,12,0.0001,81.3458633422852,3673.68529625329,-0.615229964256287,0.369052082300186,0.215640276670456,5.88600733576621,-15625.8417928939,-9523.03921274281,-15625.8287354265,-9520.57665636255,-15625.8156779591,-9518.11409998228,0,1,1,1
20140118093043.daq,129,9,697.083333333333,1,0,right,0.258644104003906,179.741355895996,12,0.0001,81.3505554199219,3685.61639323935,-0.659174978733063,0.368072777986526,0.215640276670456,5.95816076493983,-15637.7684307798,-9522.96778984136,-15637.7573142109,-9520.50522393456,-15637.746197642,-9518.04265802776,0,1,1,1
20140118093043.daq,129,9,697.183333333333,1,0,right,0.208419799804688,179.791580200195,12,0.0001,81.3552551269531,3697.54818072957,-0.57128494977951,0.368254452943802,0.234623834490776,6.02563076627215,-15649.6968961975,-9522.89960925263,-15649.6879382674,-9520.43703454738,-15649.6789803372,-9517.97445984214,0,1,1,1
20140118093043.daq,129,9,697.283333333333,1,0,right,0.15936279296875,179.840637207031,12,0.0001,81.3598785400391,3709.48065191683,-0.439449965953827,0.368259102106094,0.244115486741066,6.08998347358786,-15661.6244108259,-9522.83526163241,-15661.6175613707,-9520.37268015998,-15661.6107119155,-9517.91009868754,0,1,1,1
20140118093043.daq,129,9,697.383333333333,1,0,right,0.115333557128906,179.884666442871,12,0.0001,81.3644332885742,3721.41379570455,-0.351559966802597,0.368596285581589,0.244115486741066,6.14753789113786,-15673.5539989744,-9522.77841456731,-15673.5490419045,-9520.31582855848,-15673.5440848345,-9517.85324254965,0,1,1,1
20140118093043.daq,129,9,697.483333333333,1,0,right,0.0748748779296875,179.92512512207,12,0.0001,81.369010925293,3733.34760780333,-0.351559966802597,0.368355989456177,0.253607153892517,6.19611117992003,-15685.4836725296,-9522.72915843049,-15685.4804543842,-9520.26656953525,-15685.4772362389,-9517.80398064,0,1,1,1
20140118093043.daq,129,9,697.583333333333,1,0,right,0.0355682373046875,179.964431762695,12,0.0001,81.3736267089844,3745.28209511354,-0.351559966802597,0.367691993713379,0.263098806142807,6.23665033908699,-15697.4143491599,-9522.68861945191,-15697.4128204257,-9520.22602892841,-15697.4112916916,-9517.76343840492,0,1,1,1
20140118093043.daq,129,9,697.683333333333,1,0,right,-0.0003662109375,180.000366210938,12,0.0001,81.3781814575195,3757.21725642294,-0.351559966802597,0.367816418409348,0.282082378864288,6.26926798060767,-15709.3460835973,-9522.65666050193,-15709.3460993372,-9520.19406950398,-15709.346115077,-9517.73147850603,0,1,1,1
20140118093043.daq,129,9,697.783333333333,1,0,right,-0.0363311767578125,180.036331176758,12,0.0001,81.3826446533203,3769.15307849028,-0.351559966802597,0.368674159049988,0.244115486741066,6.29272789960753,-15721.2787924531,-9522.63251538314,-15721.2803539787,-9520.16992488022,-15721.2819155042,-9517.7073343773,0,1,1,1
20140118093043.daq,129,9,697.883333333333,1,0,right,-0.0714187622070313,180.071418762207,12,0.0001,81.3871078491211,3781.08955348267,-0.263669967651367,0.368052870035172,0.291574031114578,6.3082048598134,-15733.2115215523,-9522.61710458285,-15733.2145911528,-9520.15451549797,-15733.2176607534,-9517.69192641309,0,1,1,1
20140118093043.daq,129,9,697.983333333333,1,0,right,-0.099853515625,180.099853515625,12,0.0001,81.3914947509766,3793.02667897568,0.0878899991512299,0.368965834379196,0.272590696811676,6.31669017951557,-15745.1453901838,-9522.60909495516,-15745.1496819178,-9520.14650769692,-15745.1539736518,-9517.68392043868,0,1,1,1
20140118093043.daq,129,9,698.083333333333,1,0,right,-0.122993469238281,180.122993469238,12,0.0001,81.395866394043,3804.96444527146,0.131834998726845,0.368444442749023,0.263098806142807,6.31760202908417,-15757.0803653939,-9522.60759402577,-15757.0856516886,-9520.14500870166,-15757.0909379833,-9517.68242337755,0,1,1,1
20140118093043.daq,129,9,698.183333333333,1,0,right,-0.142257690429688,180.14225769043,12,0.0001,81.4003829956055,3816.90286253411,0.0878899991512299,0.368273347616196,0.301065683364868,6.31269751758376,-15769.016412475,-9522.61268955366,-15769.0225267499,-9520.15010614612,-15769.0286410248,-9517.68752273858,0,1,1,1
20140118093043.daq,129,9,698.283333333333,1,0,right,-0.160392761230469,180.16039276123,12,0.0001,81.4049224853516,3828.84194586984,0.0439449995756149,0.368232876062393,0.253607153892517,6.30202811924753,-15780.9524871118,-9522.62357460196,-15780.9593808352,-9520.16099325305,-15780.9662745586,-9517.69841190414,0,1,1,1
20140118093043.daq,129,9,698.383333333333,1,0,right,-0.181053161621094,180.181053161621,12,0.0001,81.4093780517578,3840.78168987024,0.0439449995756149,0.368583589792252,0.253607153892517,6.285659841135,-15792.8894753834,-9522.63949817058,-15792.8972570935,-9520.17691946759,-15792.9050388036,-9517.7143407646,0,1,1,1
20140118093043.daq,129,9,698.483333333333,1,0,right,-0.20074462890625,180.200744628906,12,0.0001,81.4138259887695,3852.7220855835,0.0439449995756149,0.36835789680481,0.272590696811676,6.26432027327397,-15804.8274637887,-9522.66122114118,-15804.8360918396,-9520.19864525805,-15804.8447198906,-9517.73606937492,0,1,1,1
20140118093043.daq,129,9,698.583333333333,1,0,right,-0.221664428710938,180.221664428711,12,0.0001,81.4182510375977,3864.6631320771,0.0439449995756149,0.368642300367355,0.244115486741066,6.23944001720604,-15816.7654212857,-9522.68594941565,-15816.7749484703,-9520.22337684693,-15816.7844756548,-9517.76080427822,0,1,1,1
20140118093043.daq,129,9,698.683333333333,1,0,right,-0.243118286132813,180.243118286133,12,0.0001,81.4226760864258,3876.60482701985,0.0439449995756149,0.368600815534592,0.263098806142807,6.20859539535812,-15828.7043416047,-9522.71656982013,-15828.7147908753,-9520.25400099141,-15828.7252401459,-9517.79143216269,0,1,1,1
20140118093043.daq,129,9,698.783333333333,1,0,right,-0.265350341796875,180.265350341797,12,0.0001,81.427116394043,3888.5471728362,0.0439449995756149,0.368211627006531,0.263098806142807,6.17468882553296,-15840.6442186368,-9522.75114427255,-15840.6556234389,-9520.28857968377,-15840.667028241,-9517.82601509499,0,1,1,1
20140118093043.daq,129,9,698.883333333333,1,0,right,-0.286064147949219,180.286064147949,12,0.0001,81.431510925293,3900.4901672882,0.0439449995756149,0.368032455444336,0.253607153892517,6.13566237443328,-15852.5841329314,-9522.78953113258,-15852.5964280093,-9520.32697082784,-15852.6087230871,-9517.8644105231,0,1,1,1
20140118093043.daq,129,9,698.983333333333,1,0,right,-0.307174682617188,180.307174682617,12,0.0001,81.4358825683594,3912.4338045012,0.0439449995756149,0.368774652481079,0.234623834490776,6.09245778522121,-15864.5250134422,-9522.83282508079,-15864.5382158455,-9520.3702694733,-15864.5514182487,-9517.90771386581,0,1,1,1
20140118093043.daq,129,9,699.083333333333,1,0,right,-0.328468322753906,180.328468322754,12,0.0001,81.4401931762695,3924.37807766806,0.0439449995756149,0.368554264307022,0.244115486741066,6.0455474336304,-15876.4658889071,-9522.8800363737,-15876.4800065037,-9520.41748584287,-15876.4941241003,-9517.95493531204,0,1,1,1
20140118093043.daq,129,9,699.183333333333,1,0,right,-0.350547790527344,180.350547790527,12,0.0001,81.4444808959961,3936.32298054115,0.0439449995756149,0.368470460176468,0.263098806142807,5.99291110099738,-15888.4077208309,-9522.93217872075,-15888.4227873935,-9520.46963381311,-15888.4378539561,-9518.00708890548,0,1,1,1
20140118093043.daq,129,9,699.283333333333,1,0,right,-0.371757507324219,180.371757507324,12,0.0001,81.4487991333008,3948.26851451917,0.0439449995756149,0.368510961532593,0.282082378864288,5.93741559098881,-15900.3505505239,-9522.98817350167,-15900.3665286688,-9520.52563434009,-15900.3825068137,-9518.06309517851,0,1,1,1
20140118093043.daq,129,9,699.383333333333,1,0,right,-0.393913269042969,180.393913269043,12,0.0001,81.4531555175781,3960.21468529032,0.0439449995756149,0.36833718419075,0.253607153892517,5.87610828714063,-15912.2933560741,-9523.04910919597,-15912.3102864594,-9520.58657639711,-15912.3272168448,-9518.12404359824,0,1,1,1
20140118093043.daq,129,9,699.483333333333,1,0,right,-0.414932250976563,180.414932250977,12,0.0001,81.4574890136719,3972.16149378704,0.0439449995756149,0.36831983923912,0.282082378864288,5.81030888201897,-15924.2371661146,-9523.11485744898,-15924.2549998801,-9520.65233102674,-15924.2728336456,-9518.18980460449,0,1,1,1
20140118093043.daq,129,9,699.583333333333,1,0,right,-0.436965942382813,180.436965942383,12,0.0001,81.461784362793,3984.10893404145,0.0439449995756149,0.368700474500656,0.282082378864288,5.74104824479406,-15936.1819268195,-9523.18457426819,-15936.200707574,-9520.7220548862,-15936.2194883284,-9518.2595355042,0,1,1,1
20140118093043.daq,129,9,699.683333333333,1,0,right,-0.457450866699219,180.457450866699,12,0.0001,81.4660797119141,3996.05700372234,0.0439449995756149,0.368171066045761,0.272590696811676,5.66594721819349,-15948.1267258424,-9523.25907829354,-15948.1463870186,-9520.79656578361,-15948.1660481948,-9518.33405327368,0,0,1,0
20140118093043.daq,129,9,699.783333333333,1,0,right,-0.479934692382813,180.479934692383,12,0.0001,81.470344543457,4008.00570227022,0.0439449995756149,0.36865046620369,0.263098806142807,5.58794554302777,-15960.0724508038,-9523.33761148653,-15960.0930783097,-9520.87510688157,-15960.1137058156,-9518.41260227662,0,0,1,0
20140118093043.daq,129,9,699.883333333333,1,0,right,-0.500480651855469,180.500480651855,12,0.0001,81.4745407104492,4019.95502119949,0.0439449995756149,0.368407964706421,0.234623834490776,5.50421786394993,-15972.019200472,-9523.42090794719,-15972.0407110176,-9520.95841089747,-15972.0622215631,-9518.49591384776,0,0,1,0
20140118093043.daq,129,9,699.983333333333,1,0,right,-0.520675659179688,180.52067565918,12,0.0001,81.478759765625,4031.90495640721,0.0878899991512299,0.368649840354919,0.253607153892517,5.41706332506929,-15983.9659585114,-9523.508088866,-15983.9883370104,-9521.04559955106,-15984.0107155093,-9518.58311023611,0,0,1,0
20140118093043.daq,129,9,700.083333333333,1,0,right,-0.539016723632813,180.539016723633,12,0.0001,81.4829559326172,4043.85550975837,0.307614982128143,0.368185758590698,0.291574031114578,5.32541408285096,-15995.9137393309,-9523.60003829384,-15995.936906101,-9521.13755626868,-15995.9600728711,-9518.67507424353,0,0,1,0
20140118093043.daq,129,9,700.183333333333,1,0,right,-0.546401977539063,180.546401977539,12,0.0001,81.487174987793,4055.80668032046,0.791009962558746,0.36813223361969,0.215640276670456,5.22877067663454,-16007.8617956409,-9523.69619602922,-16007.8852798173,-9521.23371701065,-16007.9087639938,-9518.77123799208,0,0,1,0
20140118093043.daq,129,9,700.283333333333,1,0,right,-0.5401611328125,180.540161132813,12,0.0001,81.4914169311523,4067.75847070445,1.09862494468689,0.368952304124832,0.244115486741066,5.13133087830466,-16019.8111714689,-9523.79444467873,-16019.8343874239,-9521.33196311679,-16019.8576033789,-9518.86948155486,0,0,1,0
20140118093043.daq,129,9,700.383333333333,1,0,right,-0.526016235351563,180.526016235352,12,0.0001,81.4956359863281,4079.71088146983,1.09862494468689,0.368439316749573,0.206148609519005,5.02989621742476,-16031.7617226444,-9523.89513640858,-16031.7843306735,-9521.43264919025,-16031.8069387026,-9518.97016197192,0,0,1,0
20140118093043.daq,129,9,700.483333333333,1,0,right,-0.506256103515625,180.506256103516,12,0.0001,81.4998779296875,4091.66391280309,1.09862494468689,0.36825954914093,0.244115486741066,4.92985717825283,-16043.7133912928,-9523.99548231351,-16043.7351500596,-9521.53298744458,-16043.7569088263,-9519.07049257565,0,0,1,0
20140118093043.daq,129,9,700.583333333333,1,0,right,-0.484695434570313,180.48469543457,12,0.0001,81.5040969848633,4103.61756507723,1.09862494468689,0.367982178926468,0.234623834490776,4.82961622962377,-16055.6651047284,-9524.09571716729,-16055.6859368453,-9521.63321428479,-16055.7067689622,-9519.17071140229,0,0,1,0
20140118093043.daq,129,9,700.683333333333,1,0,right,-0.463546752929688,180.46354675293,12,0.0001,81.5082702636719,4115.5718335366,1.09862494468689,0.368076473474503,0.253607153892517,4.73205931123293,-16067.6187604552,-9524.19304750472,-16067.6386836261,-9521.73053710054,-16067.658606797,-9519.26802669636,0,0,1,0
20140118093043.daq,129,9,700.783333333333,1,0,right,-0.44140625,180.44140625,12,0.0001,81.5124053955078,4127.52670969556,1.09862494468689,0.368003398180008,0.253607153892517,4.63744287246332,-16079.5724405566,-9524.28836342446,-16079.5914121513,-9521.82584550533,-16079.610383746,-9519.36332758621,0,0,1,0
20140118093043.daq,129,9,700.883333333333,1,0,right,-0.4188232421875,180.418823242188,12,0.0001,81.5165405273438,4139.4821919689,1.09862494468689,0.368237495422363,0.263098806142807,4.54530479719397,-16091.5261312095,-9524.37974561678,-16091.5441322066,-9521.91722041131,-16091.5621332037,-9519.45469520585,0,0,1,0
20140118093043.daq,129,9,700.983333333333,1,0,right,-0.397727966308594,180.397727966309,12,0.0001,81.5206756591797,4151.43828166211,1.09862494468689,0.368548721075058,0.234623834490776,4.45857845123384,-16103.4807606653,-9524.46731301075,-16103.4978550037,-9522.00478134456,-16103.514949342,-9519.54224967836,0,0,1,0
20140118093043.daq,129,9,701.083333333333,1,0,right,-0.375831604003906,180.375831604004,12,0.0001,81.5247955322266,4163.39497691023,1.09862494468689,0.368782639503479,0.225131943821907,4.37520037935035,-16115.4363862238,-9524.54994802751,-16115.452539471,-9522.0874100083,-16115.4686927182,-9519.6248719891,0,0,1,0
20140118093043.daq,129,9,701.183333333333,1,0,right,-0.352645874023438,180.352645874023,12,0.0001,81.528923034668,4175.35227575503,1.09862494468689,0.368363112211227,0.244115486741066,4.29694504636444,-16127.3930200184,-9524.62859710934,-16127.4081767556,-9522.16605275507,-16127.4233334928,-9519.7035084008,0,0,1,0
20140118093043.daq,129,9,701.283333333333,1,0,right,-0.329643249511719,180.329643249512,12,0.0001,81.533073425293,4187.31018304542,1.05467998981476,0.368549317121506,0.253607153892517,4.22201965776693,-16139.349648668,-9524.70335099535,-16139.3638167626,-9522.24080075453,-16139.3779848571,-9519.77825051372,0,0,1,0
20140118093043.daq,129,9,701.383333333333,1,0,right,-0.308280944824219,180.308280944824,12,0.0001,81.5371627807617,4199.26869514472,1.05467998981476,0.368541479110718,0.358016133308411,4.1529658080994,-16151.307212441,-9524.77234641704,-16151.3204623911,-9522.30979106492,-16151.3337123411,-9519.8472357128,0,0,1,0
20140118093043.daq,129,9,701.483333333333,1,0,right,-0.284881591796875,180.284881591797,12,0.0001,81.5412368774414,4211.22780533905,1.05467998981476,0.367980241775513,0.263098806142807,4.08838227493818,-16163.2648264303,-9524.83730976817,-16163.2770706821,-9522.37474921019,-16163.2893149339,-9519.91218865221,0,0,1,0
20140118093043.daq,129,9,701.583333333333,1,0,right,-0.261238098144531,180.261238098145,12,0.0001,81.5452728271484,4223.18751111069,1.05467998981476,0.368554592132568,0.263098806142807,4.02781151948836,-16175.2234224636,-9524.8973750105,-16175.234650522,-9522.43480960951,-16175.2458785804,-9519.97224420853,0,0,1,0
20140118093043.daq,129,9,701.683333333333,1,0,right,-0.237411499023438,180.237411499023,12,0.0001,81.5492477416992,4235.14780322807,1.05467998981476,0.368786364793777,0.244115486741066,3.9735272044657,-16187.182999006,-9524.952545902,-16187.1932029992,-9522.48997604473,-16187.2034069925,-9520.02740618745,0,0,1,0
20140118093043.daq,129,9,701.783333333333,1,0,right,-0.21356201171875,180.213562011719,12,0.0001,81.5532684326172,4247.10868075871,1.05467998981476,0.367835998535156,0.253607153892517,3.92134131280825,-16199.1425755051,-9525.00380888517,-16199.1517544477,-9522.5412349938,-16199.1609333903,-9520.07866110243,0,0,1,0
20140118093043.daq,129,9,701.883333333333,1,0,right,-0.187782287597656,180.187782287598,12,0.0001,81.5573272705078,4259.07015181521,1.09862494468689,0.368083238601685,0.272590696811676,3.87724324200194,-16211.1031758009,-9525.04909313051,-16211.1112467294,-9522.58651535843,-16211.119317658,-9520.12393758635,0,0,1,0
20140118093043.daq,129,9,701.983333333333,1,0,right,-0.161369323730469,180.16136932373,12,0.0001,81.5613327026367,4271.03221471909,1.09862494468689,0.368840336799622,0.244115486741066,3.83571987367592,-16223.0647676216,-9525.08945519069,-16223.0717033178,-9522.62687395964,-16223.078639014,-9520.16429272858,0,0,1,0
20140118093043.daq,129,9,702.083333333333,1,0,right,-0.134353637695313,180.134353637695,12,0.0001,81.5653228759766,4282.99486303621,1.09862494468689,0.368834733963013,0.225131943821907,3.80116470807596,-16235.026373596,-9525.12489692835,-16235.0321481532,-9522.66231270077,-16235.0379227104,-9520.19972847319,0,0,1,0
20140118093043.daq,129,9,702.183333333333,1,0,right,-0.105934143066406,180.105934143066,12,0.0001,81.5693359375,4294.95809797883,1.09862494468689,0.368306875228882,0.225131943821907,3.77084701792078,-16246.9889900198,-9525.15439229605,-16246.9935431007,-9522.69180550714,-16246.9980961816,-9520.22921871824,0,0,1,0
20140118093043.daq,129,9,702.283333333333,1,0,right,-0.0774612426757813,180.077461242676,12,0.0001,81.5732879638672,4306.92191908067,1.09862494468689,0.368655771017075,0.215640276670456,3.74686481554751,-16258.9525834532,-9525.1790012048,-16258.9559127612,-9522.71641245734,-16258.9592420693,-9520.25382370988,0,0,1,0
20140118093043.daq,129,9,702.383333333333,1,0,right,-0.049163818359375,180.049163818359,12,0.0001,81.5771865844727,4318.8863146857,1.09862494468689,0.368519902229309,0.244115486741066,3.72755506377739,-16270.9161716894,-9525.19776122886,-16270.9182847658,-9522.73517113745,-16270.9203978423,-9520.27258104603,0,0,1,0
20140118093043.daq,129,9,702.483333333333,1,0,right,-0.0209121704101563,180.02091217041,12,0.0001,81.5811157226563,4330.8512835817,1.09862494468689,0.368488907814026,0.187165051698685,3.71406246113333,-16282.8797579359,-9525.2116409243,-16282.8806567477,-9522.74905009033,-16282.8815555594,-9520.28645925636,0,0,1,0
20140118093043.daq,129,9,702.583333333333,1,0,right,0.0090179443359375,179.990982055664,12,0.0001,81.5850601196289,4342.81683061757,1.09862494468689,0.368791222572327,0.234623834490776,3.70681263325146,-16294.8453376963,-9525.21858061752,-16294.8449501021,-9522.75598965002,-16294.844562508,-9520.29339868253,0,0,1,0
20140118093043.daq,129,9,702.683333333333,1,0,right,0.0368804931640625,179.963119506836,12,0.0001,81.588981628418,4354.7829543946,1.05467998981476,0.368624210357666,0.263098806142807,3.70582336317676,-16306.8108657448,-9525.21978834444,-16306.8092806095,-9522.7571978566,-16306.8076954742,-9520.29460736877,0,0,1,0
20140118093043.daq,129,9,702.783333333333,1,0,right,0.0662689208984375,179.933731079102,12,0.0001,81.5928649902344,4366.74965080985,1.05467998981476,0.36815333366394,0.244115486741066,3.710413196388,-16318.7764303612,-9525.21504203364,-16318.7735821023,-9522.75245268281,-16318.7707338435,-9520.28986333197,0,0,1,0
20140118093043.daq,129,9,702.883333333333,1,0,right,0.0952377319335938,179.904762268066,12,0.0001,81.5967102050781,4378.71691426841,1.05467998981476,0.368138343095779,0.225131943821907,3.72107227152699,-16330.7429603353,-9525.2044619245,-16330.7388669889,-9522.7418743285,-16330.7347736424,-9520.27928673251,0,0,1,0
20140118093043.daq,129,9,702.983333333333,1,0,right,0.123863220214844,179.876136779785,12,0.0001,81.6005096435547,4390.68473796318,1.01073491573334,0.368663340806961,0.244115486741066,3.73743686929619,-16342.7104575717,-9525.18804331464,-16342.7051338949,-9522.72545807107,-16342.6998102181,-9520.26287282748,0,0,1,0
20140118093043.daq,129,9,703.083333333333,1,0,right,0.151802062988281,179.848197937012,12,0.0001,81.6043014526367,4402.65311825745,1.01073491573334,0.368098855018616,0.225131943821907,3.76066505209088,-16354.6779371555,-9525.16483089157,-16354.6714126618,-9522.70224853673,-16354.664888168,-9520.23966618188,0,0,1,0
20140118093043.daq,129,9,703.183333333333,1,0,right,0.177101135253906,179.822898864746,12,0.0001,81.6080780029297,4414.62205319302,0.966789960861206,0.368035793304443,0.253607153892517,3.78857296105329,-16366.6463280698,-9525.13689864166,-16366.6387162183,-9522.67431940778,-16366.6311043668,-9520.2117401739,0,0,1,0
20140118093043.daq,129,9,703.283333333333,1,0,right,0.203834533691406,179.796165466309,12,0.0001,81.6118621826172,4426.59154230363,0.92284494638443,0.368463724851608,0.263098806142807,3.8224646600011,-16378.6147532408,-9525.10301798972,-16378.6059923856,-9522.64044257548,-16378.5972315304,-9520.17786716123,0,0,1,0
20140118093043.daq,129,9,703.383333333333,1,0,right,0.228569030761719,179.771430969238,12,0.0001,81.6156768798828,4438.56158866647,0.92284494638443,0.368366032838821,0.253607153892517,3.86301899359518,-16390.5831289932,-9525.06242480867,-16390.573305049,-9522.59985340594,-16390.5634811047,-9520.13728200321,0,0,1,0
20140118093043.daq,129,9,703.483333333333,1,0,right,0.251701354980469,179.74829864502,12,0.0001,81.6195068359375,4450.532196198,0.878899991512299,0.36860716342926,0.244115486741066,3.90845982011522,-16402.5543948202,-9525.01704772954,-16402.54357665,-9522.55448049379,-16402.5327584797,-9520.09191325803,0,0,1,0
20140118093043.daq,129,9,703.583333333333,1,0,right,0.273200988769531,179.72679901123,12,0.0001,81.6233215332031,4462.50336471169,0.878899991512299,0.368037492036819,0.244115486741066,3.95847536182806,-16414.5236672881,-9524.96688868909,-16414.5119250664,-9522.50432568611,-16414.5001828447,-9520.04176268312,0,0,1,0
20140118093043.daq,129,9,703.683333333333,1,0,right,0.296340942382813,179.703659057617,12,0.0001,81.6271438598633,4474.47509224935,0.878899991512299,0.369010001420975,0.263098806142807,4.01477838864345,-16426.4949321848,-9524.91076851217,-16426.4821954127,-9522.44821045233,-16426.4694586407,-9519.98565239249,0,0,1,0
20140118093043.daq,129,9,703.783333333333,1,0,right,0.3179931640625,179.682006835938,12,0.0001,81.6309280395508,4486.44737769199,0.878899991512299,0.369042605161667,0.187165051698685,4.07541359073735,-16438.4661604395,-9524.84985742816,-16438.4524930614,-9522.38730435742,-16438.4388256833,-9519.92475128668,0,0,1,0
20140118093043.daq,129,9,703.883333333333,1,0,right,0.339736938476563,179.660263061523,12,0.0001,81.6346969604492,4498.42021740292,0.878899991512299,0.368253320455551,0.234623834490776,4.14155809567447,-16450.4373904047,-9524.78405766281,-16450.4227884876,-9522.32150995617,-16450.4081865705,-9519.85896224954,0,0,1,0
20140118093043.daq,129,9,703.983333333333,1,0,right,0.360870361328125,179.639129638672,12,0.0001,81.6384048461914,4510.39360597375,0.834954977035522,0.36888125538826,0.253607153892517,4.21078706413379,-16462.4105582167,-9524.71438925639,-16462.3950479953,-9522.25184710315,-16462.3795377738,-9519.78930494992,0,0,1,0
20140118093043.daq,129,9,704.083333333333,1,0,right,0.38128662109375,179.618713378906,12,0.0001,81.6421203613281,4522.36753734332,0.791009962558746,0.368644326925278,0.225131943821907,4.28681553699101,-16474.3817550852,-9524.63890571786,-16474.3653673848,-9522.17636924774,-16474.3489796844,-9519.71383277761,0,0,1,0
20140118093043.daq,129,9,704.183333333333,1,0,right,0.401618957519531,179.59838104248,12,0.0001,81.6458892822266,4534.34201803902,0.791009962558746,0.368868231773376,0.234623834490776,4.364604342092,-16486.3549026012,-9524.56049751612,-16486.3376410308,-9522.09796701649,-16486.3203794605,-9519.63543651686,0,0,1,0
20140118093043.daq,129,9,704.283333333333,1,0,right,0.419013977050781,179.580986022949,12,0.0001,81.6496429443359,4546.31705113805,0.615229964256287,0.368455082178116,0.234623834490776,4.44950080866511,-16498.3299319165,-9524.47641179327,-16498.3119227218,-9522.01388664774,-16498.293913527,-9519.55136150222,0,0,1,0
20140118093043.daq,129,9,704.383333333333,1,0,right,0.429244995117188,179.570755004883,12,0.0001,81.6532821655273,4558.29262796831,0.26366999745369,0.368387937545776,0.225131943821907,4.53618309250238,-16510.3028350048,-9524.38886368976,-16510.2843860897,-9521.9263417993,-16510.2659371746,-9519.46381990885,0,0,1,0
20140118093043.daq,129,9,704.483333333333,1,0,right,0.428756713867188,179.571243286133,12,0.0001,81.6569213867188,4570.26873631427,0,0.3684923350811,0.206148609519005,4.62795416992877,-16522.2774326019,-9524.29807363823,-16522.2590046727,-9521.83555159064,-16522.2405767434,-9519.37302954306,0,0,1,0
20140118093043.daq,129,9,704.583333333333,1,0,right,0.419815063476563,179.580184936523,12,0.0001,81.6606369018555,4582.24538363579,-0.0878899917006493,0.368395805358887,0.253607153892517,4.71921252061138,-16534.2518262479,-9524.20585433709,-16534.2337826232,-9521.74332944361,-16534.2157389984,-9519.28080455012,0,0,1,0
20140118093043.daq,129,9,704.683333333333,1,0,right,0.405235290527344,179.594764709473,12,0.0001,81.6643447875977,4594.22257636701,-0.0878899917006493,0.368437260389328,0.225131943821907,4.81363760377403,-16546.2260836815,-9524.11203124723,-16546.2086666839,-9521.649501842,-16546.1912496862,-9519.18697243677,0,0,1,0
20140118093043.daq,129,9,704.783333333333,1,0,right,0.391304016113281,179.608695983887,12,0.0001,81.6680145263672,4606.200310778,-0.0878899917006493,0.368204921483994,0.244115486741066,4.90700218524206,-16558.2003565545,-9524.01816788782,-16558.183538313,-9521.5556343205,-16558.1667200715,-9519.09310075317,0,0,1,0
20140118093043.daq,129,9,704.883333333333,1,0,right,0.376533508300781,179.623466491699,12,0.0001,81.6716766357422,4618.17858276582,-0.0878899917006493,0.368955761194229,0.244115486741066,5.00005153881699,-16570.176562052,-9523.9253330017,-16570.1603786374,-9521.46279518056,-16570.1441952228,-9519.00025735943,0,0,1,0
20140118093043.daq,129,9,704.983333333333,1,0,right,0.361640930175781,179.638359069824,12,0.0001,81.6753921508789,4630.15739419545,-0.0878899917006493,0.368792533874512,0.253607153892517,5.09092068099519,-16582.1527643602,-9523.8344587103,-16582.1372210201,-9521.37191676588,-16582.12167768,-9518.90937482147,0,0,1,0
20140118093043.daq,129,9,705.083333333333,1,0,right,0.347404479980469,179.65259552002,12,0.0001,81.6792602539063,4642.13676063936,-0.0878899917006493,0.369749635457993,0.244115486741066,5.17969689042732,-16594.1289823134,-9523.74549680973,-16594.1140508488,-9521.28295107923,-16594.0991193842,-9518.82040534873,0,0,1,0
20140118093043.daq,129,9,705.183333333333,1,0,right,0.334251403808594,179.665748596191,12,0.0001,81.6833038330078,4654.11670718135,-0.0878899917006493,0.369071364402771,0.225131943821907,5.26627514980153,-16606.1052262913,-9523.65939741304,-16606.0908601402,-9521.19684831969,-16606.076493989,-9518.73429922635,0,0,1,0
20140118093043.daq,129,9,705.283333333333,1,0,right,0.319625854492188,179.680374145508,12,0.0001,81.6874389648438,4666.09725554833,-0.0878899917006493,0.369589298963547,0.244115486741066,5.3497685615833,-16618.0833875165,-9523.57534225645,-16618.0696499659,-9521.11278957617,-16618.0559124153,-9518.6502368959,0,0,1,0
20140118093043.daq,129,9,705.383333333333,1,0,right,0.306304931640625,179.693695068359,12,0.0001,81.6916122436523,4678.07841292038,-0.0878899917006493,0.369611233472824,0.215640276670456,5.43079790967178,-16630.0615801536,-9523.49511247375,-16630.048415132,-9521.03255666614,-16630.0352501104,-9518.57000085852,0,0,1,0
20140118093043.daq,129,9,705.483333333333,1,0,right,0.292106628417969,179.707893371582,12,0.0001,81.6958541870117,4690.06018694388,-0.0878899917006493,0.369279533624649,0.282082378864288,5.50729197512483,-16642.041704431,-9523.41786662808,-16642.0291496487,-9520.95530763369,-16642.0165948665,-9518.49274863929,0,0,1,0
20140118093043.daq,129,9,705.583333333333,1,0,right,0.279106140136719,179.720893859863,12,0.0001,81.7001342773438,4702.04258657069,-0.0878899917006493,0.368864744901657,0.320049256086349,5.5829949790576,-16654.0199044532,-9523.3424996642,-16654.0079084292,-9520.87993788451,-16653.9959124051,-9518.41737610481,0,0,1,0
20140118093043.daq,129,9,705.683333333333,1,0,right,0.265144348144531,179.734855651855,12,0.0001,81.7043838500977,4714.02561264002,-0.0878899917006493,0.370007753372192,0.234623834490776,5.65425113151609,-16666.0000340602,-9523.27109838863,-16665.9886381117,-9520.80853375886,-16665.9772421632,-9518.3459691291,0,0,1,0
20140118093043.daq,129,9,705.783333333333,1,0,right,0.251518249511719,179.748481750488,12,0.0001,81.7085647583008,4726.0092561068,-0.0878899917006493,0.369874358177185,0.253607153892517,5.72359277113738,-16677.9821247434,-9523.20162937618,-16677.971314443,-9520.73906210586,-16677.9605041426,-9518.27649483555,0,1,1,1
20140118093043.daq,129,9,705.883333333333,1,0,right,0.238670349121094,179.761329650879,12,0.0001,81.7128067016602,4737.99351613178,-0.0878899917006493,0.36919566988945,0.263098806142807,5.79071391593344,-16689.9642341575,-9523.13504180676,-16689.9539760589,-9520.67247217427,-16689.9437179603,-9518.20990254179,0,1,1,1
20140118093043.daq,129,9,705.983333333333,1,0,right,0.225082397460938,179.774917602539,12,0.0001,81.7170867919922,4749.97840157356,-0.0878899917006493,0.368600577116013,0.215640276670456,5.85371506246618,-16701.9463253795,-9523.07142965534,-16701.9366512907,-9520.60885765935,-16701.9269772018,-9518.14628566336,0,1,1,1
20140118093043.daq,129,9,706.083333333333,1,0,right,0.21051025390625,179.789489746094,12,0.0001,81.7213439941406,4761.96391467009,-0.0878899917006493,0.369359582662582,0.253607153892517,5.91486303378459,-16713.9283924303,-9523.01080801699,-16713.9193446524,-9520.54823364021,-16713.9102968744,-9518.08565926344,0,1,1,1
20140118093043.daq,129,9,706.183333333333,1,0,right,0.19720458984375,179.802795410156,12,0.0001,81.7255172729492,4773.95004553707,-0.0878899917006493,0.369421720504761,0.253607153892517,5.97224609636892,-16725.9124432439,-9522.95303761103,-16725.9039673441,-9520.49046119952,-16725.8954914442,-9518.027884788,0,1,1,1
20140118093043.daq,129,9,706.283333333333,1,0,right,0.182785034179688,179.81721496582,12,0.0001,81.7297210693359,4785.93678904582,-0.0878899917006493,0.369052171707153,0.272590696811676,6.02702417056881,-16737.8964667022,-9522.89826573429,-16737.8886105561,-9520.43568726764,-16737.8807544099,-9517.97310880099,0,1,1,1
20140118093043.daq,129,9,706.383333333333,1,0,right,0.168655395507813,179.831344604492,12,0.0001,81.7339324951172,4797.92415125748,-0.0878899917006493,0.36922213435173,0.263098806142807,6.07925755817387,-16749.8804970107,-9522.84640552107,-16749.8732481581,-9520.38382519191,-16749.8659993056,-9517.92124486275,0,1,1,1
20140118093043.daq,129,9,706.483333333333,1,0,right,0.155715942382813,179.844284057617,12,0.0001,81.7380981445313,4809.91212778938,-0.0878899917006493,0.369131803512573,0.310557574033737,6.1277625356379,-16761.8665092896,-9522.79740128726,-16761.8598165767,-9520.33481938385,-16761.8531238637,-9517.87223748043,0,1,1,1
20140118093043.daq,129,9,706.583333333333,1,0,right,0.141258239746094,179.858741760254,12,0.0001,81.7422714233398,4821.90071481834,-0.0878899917006493,0.369511097669601,0.282082378864288,6.17422880311744,-16773.852484295,-9522.75142057772,-16773.8464129766,-9520.2888370639,-16773.8403416583,-9517.82625355008,0,1,1,1
20140118093043.daq,129,9,706.683333333333,1,0,right,0.127273559570313,179.87272644043,12,0.0001,81.7464065551758,4833.88991197138,-0.0878899917006493,0.369269967079163,0.253607153892517,6.21697806207184,-16785.8384706388,-9522.70834021176,-16785.8330003849,-9520.24575528941,-16785.8275301309,-9517.78317036707,0,1,1,1
20140118093043.daq,129,9,706.783333333333,1,0,right,0.114151000976563,179.885848999023,12,0.0001,81.7505416870117,4845.8797156118,-0.0878899917006493,0.369358569383621,0.272590696811676,6.25712199869839,-16797.8264309857,-9522.66813613555,-16797.8215247423,-9520.20555002493,-16797.8166184989,-9517.74296391432,0,1,1,1
20140118093043.daq,129,9,706.883333333333,1,0,right,0.100265502929688,179.89973449707,12,0.0001,81.7546691894531,4857.87012583284,-0.0878899917006493,0.369259625673294,0.263098806142807,6.29587540876371,-16809.814372473,-9522.62993228736,-16809.8100630317,-9520.16734506005,-16809.8057535904,-9517.70475783273,0,1,1,1
20140118093043.daq,129,9,706.983333333333,1,0,right,0.0861358642578125,179.913864135742,12,0.0001,81.7587432861328,4869.86113703962,-0.0878899917006493,0.369459122419357,0.263098806142807,6.32954135125108,-16821.8023077729,-9522.5956497018,-16821.7986056272,-9520.13306148662,-16821.7949034815,-9517.67047327144,0,1,1,1
20140118093043.daq,129,9,707.083333333333,1,0,right,0.0705947875976563,179.929405212402,12,0.0001,81.7628021240234,4881.85274410347,-0.219724982976913,0.36878827214241,0.282082378864288,6.36107765600051,-16833.7921613913,-9522.56438397727,-16833.7891272055,-9520.1017948485,-16833.7860930196,-9517.63920571973,0,1,1,1
20140118093043.daq,129,9,707.183333333333,1,0,right,0.0457382202148438,179.954261779785,12,0.0001,81.7668762207031,4893.84494851636,-0.659174978733063,0.369371443986893,0.253607153892517,6.38986055091989,-16845.7817862384,-9522.53564709971,-16845.7798203952,-9520.07305688636,-16845.777854552,-9517.61046667301,0,1,1,1
20140118093043.daq,129,9,707.283333333333,1,0,right,0.0042877197265625,179.995712280273,12,0.0001,81.7709274291992,4905.83774832007,-1.49412989616394,0.369729310274124,0.253607153892517,6.41334456988558,-16857.7710026898,-9522.5118416717,-16857.7708184022,-9520.0492506806,-16857.7706341146,-9517.58665968949,0,1,1,1
20140118093043.daq,129,9,707.383333333333,1,0,right,-0.0608139038085938,180.060813903809,12,0.0001,81.77490234375,4917.83113689396,-1.88963496685028,0.369236081838608,0.244115486741066,6.43127297350628,-16869.7596345865,-9522.4943792748,-16869.7622483871,-9520.03178966395,-16869.7648621877,-9517.5692000531,0,1,1,1
20140118093043.daq,129,9,707.483333333333,1,0,right,-0.140602111816406,180.140602111816,12,0.0001,81.7788467407227,4929.82510603219,-1.88963496685028,0.369180947542191,0.244115486741066,6.43972758591311,-16881.7478987416,-9522.4856342277,-16881.7539418594,-9520.02305064452,-16881.7599849772,-9517.56046706134,0,1,1,1
20140118093043.daq,129,9,707.583333333333,1,0,right,-0.226219177246094,180.226219177246,12,0.0001,81.7826995849609,4941.81964846138,-1.75779986381531,0.369419246912003,0.301065683364868,6.43815529234694,-16893.7379644601,-9522.48701167347,-16893.7476874077,-9520.02443986991,-16893.7574103553,-9517.56186806634,0,1,1,1
20140118093043.daq,129,9,707.683333333333,1,0,right,-0.306396484375,180.306396484375,12,0.0001,81.7864303588867,4953.81474627786,-1.40623986721039,0.369347453117371,0.272590696811676,6.42593190474064,-16905.7262047061,-9522.49976928489,-16905.7393736626,-9520.03721349831,-16905.7525426191,-9517.57465771173,0,1,1,1
20140118093043.daq,129,9,707.783333333333,1,0,right,-0.375686645507813,180.375686645508,12,0.0001,81.7901611328125,4965.81038997026,-0.92284494638443,0.369291096925735,0.253607153892517,6.39871443566331,-16917.7166632837,-9522.52650159378,-16917.7328103007,-9520.06396353371,-16917.7489573176,-9517.60142547365,0,1,1,1
20140118093043.daq,129,9,707.883333333333,1,0,right,-0.426834106445313,180.426834106445,12,0.0001,81.7938995361328,4977.80658149684,-0.615229964256287,0.370005816221237,0.244115486741066,6.35930948704057,-16929.7095243684,-9522.56578603332,-16929.7278696657,-9520.10326336875,-16929.7462149629,-9517.64074070419,0,1,1,1
20140118093043.daq,129,9,707.983333333333,1,0,right,-0.46612548828125,180.466125488281,12,0.0001,81.7976303100586,4989.80332067107,-0.527339935302734,0.369390815496445,0.263098806142807,6.3067255934027,-16941.7026801425,-9522.61898758071,-16941.7227141446,-9520.15647807571,-16941.7427481468,-9517.69396857072,0,1,1,1
20140118093043.daq,129,9,708.083333333333,1,0,right,-0.498481750488281,180.498481750488,12,0.0001,81.8013763427734,5001.80060851869,-0.439449965953827,0.369766473770142,0.253607153892517,6.2406397547527,-16953.6960085015,-9522.6844567389,-16953.7174331369,-9520.22195894023,-16953.7388577723,-9517.75946114157,0,1,1,1
20140118093043.daq,129,9,708.183333333333,1,0,right,-0.525093078613281,180.525093078613,12,0.0001,81.8050994873047,5013.79844345448,-0.395504981279373,0.369939565658569,0.253607153892517,6.16377618581017,-16965.6894802371,-9522.76129051283,-16965.7120485903,-9520.29880293056,-16965.7346169435,-9517.83631534828,0,1,1,1
20140118093043.daq,129,9,708.283333333333,1,0,right,-0.549919128417969,180.549919128418,12,0.0001,81.8088302612305,5025.79682510546,-0.395504981279373,0.369498640298843,0.130214855074883,6.07892528659098,-16977.6849492856,-9522.84680314929,-16977.7085846234,-9520.38432557696,-16977.7322199612,-9517.92184800463,0,1,1,1
20140118093043.daq,129,9,708.383333333333,1,0,right,-0.574996948242188,180.574996948242,12,0.0001,81.8125686645508,5037.79575477708,-0.395504981279373,0.369974046945572,0.225131943821907,5.98486436069614,-16989.6804113264,-9522.94014350945,-16989.705124465,-9520.47767651795,-16989.7298376036,-9518.01520952646,0,1,1,1
20140118093043.daq,129,9,708.483333333333,1,0,right,-0.598594665527344,180.598594665527,12,0.0001,81.8163146972656,5049.79523302885,-0.395504981279373,0.370069652795792,0.215640276670456,5.88381599840103,-17001.6778631591,-9523.0412050199,-17001.703590482,-9520.57874841555,-17001.7293178049,-9518.1162918112,0,1,1,1
20140118093043.daq,129,9,708.583333333333,1,0,right,-0.622383117675781,180.622383117676,12,0.0001,81.8201293945313,5061.79526526916,-0.395504981279373,0.368261903524399,0.253607153892517,5.77850936474746,-17013.673356452,-9523.14716083194,-17013.7001061521,-9520.68471512147,-17013.7268558522,-9518.22226941101,0,1,1,1
20140118093043.daq,129,9,708.683333333333,1,0,right,-0.647331237792969,180.647331237793,12,0.0001,81.8239822387695,5073.79586063637,-0.395504981279373,0.369658857584,0.244115486741066,5.66589782707499,-17025.6707729452,-9523.25904710153,-17025.6985948577,-9520.79661327204,-17025.7264167702,-9518.33417944255,0,0,1,0
20140118093043.daq,129,9,708.783333333333,1,0,right,-0.669395446777344,180.669395446777,12,0.0001,81.8278350830078,5085.79702108869,-0.131834983825684,0.368946760892868,0.253607153892517,5.54932319250807,-17037.6682617515,-9523.37563854828,-17037.6970319282,-9520.9132156154,-17037.7258021049,-9518.45079268253,0,0,1,0
20140118093043.daq,129,9,708.883333333333,1,0,right,-0.679130554199219,180.679130554199,12,0.0001,81.8317337036133,5097.79875035604,0.439449995756149,0.368692398071289,0.329540908336639,5.42834907149612,-17049.6660622308,-9523.49733099326,-17049.6952507966,-9521.03491298426,-17049.7244393623,-9518.57249497526,0,0,1,0
20140118093043.daq,129,9,708.983333333333,1,0,right,-0.67584228515625,180.675842285156,12,0.0001,81.8356018066406,5109.80104993042,0.791009962558746,0.369796991348267,0.272590696811676,5.30182282737191,-17061.6661454683,-9523.62310533667,-17061.6951927131,-9521.16068565656,-17061.7242399579,-9518.69826597645,0,0,1,0
20140118093043.daq,129,9,709.083333333333,1,0,right,-0.659225463867188,180.659225463867,12,0.0001,81.8394622802734,5121.80391505614,0.966789960861206,0.369460821151733,0.244115486741066,5.17496237485772,-17073.6665659202,-9523.75001306439,-17073.6948990171,-9521.2875850636,-17073.7232321141,-9518.82515706282,0,0,1,0
20140118093043.daq,129,9,709.183333333333,1,0,right,-0.634422302246094,180.634422302246,12,0.0001,81.8433380126953,5133.80734787792,0.966789960861206,0.369226187467575,0.225131943821907,5.04746590193065,-17085.6691460828,-9523.87837021798,-17085.6964131999,-9521.41593018261,-17085.7236803169,-9518.95349014725,0,0,1,0
20140118093043.daq,129,9,709.283333333333,1,0,right,-0.607124328613281,180.607124328613,12,0.0001,81.8471527099609,5145.8113459713,0.966789960861206,0.369414091110229,0.244115486741066,4.91942385178771,-17097.6717885522,-9524.00559703793,-17097.6978824624,-9521.54314429092,-17097.7239763727,-9519.08069154391,0,0,1,0
20140118093043.daq,129,9,709.383333333333,1,0,right,-0.580406188964844,180.580406188965,12,0.0001,81.850944519043,5157.8158999182,0.92284494638443,0.369555950164795,0.263098806142807,4.79412222231906,-17109.6744156043,-9524.13090608767,-17109.699361222,-9521.66844144029,-17109.7243068397,-9519.20597679291,0,0,1,0
20140118093043.daq,129,9,709.483333333333,1,0,right,-0.557479858398438,180.557479858398,12,0.0001,81.8547897338867,5169.82101363505,0.834954977035522,0.369781374931335,0.225131943821907,4.67333505646511,-17121.6788995272,-9524.25254196236,-17121.7028598125,-9521.79006753038,-17121.7268200977,-9519.32759309839,0,0,1,0
20140118093043.daq,129,9,709.583333333333,1,0,right,-0.534507751464844,180.534507751465,12,0.0001,81.8586654663086,5181.82669411547,0.791009962558746,0.368996113538742,0.244115486741066,4.55489575610761,-17133.6833840372,-9524.37026853801,-17133.7063570188,-9521.90778469735,-17133.7293300003,-9519.44530085668,0,0,1,0
20140118093043.daq,129,9,709.683333333333,1,0,right,-0.514236450195313,180.514236450195,12,0.0001,81.8625106811523,5193.83294173247,0.791009962558746,0.368643075227737,0.263098806142807,4.44174959403122,-17145.6878000909,-9524.48327835694,-17145.7099018419,-9522.02078654253,-17145.7320035929,-9519.55829472812,0,0,1,0
20140118093043.daq,129,9,709.783333333333,1,0,right,-0.496391296386719,180.496391296387,12,0.0001,81.8662872314453,5205.83974874642,0.74706494808197,0.369574218988419,0.253607153892517,4.33421567507968,-17157.6921547639,-9524.59155457883,-17157.7134895543,-9522.12905600012,-17157.7348243447,-9519.66655742141,0,0,1,0
20140118093043.daq,129,9,709.883333333333,1,0,right,-0.478706359863281,180.478706359863,12,0.0001,81.870002746582,5217.84710406077,0.74706494808197,0.368995070457458,0.263098806142807,4.22944485924549,-17169.6984581982,-9524.69593427802,-17169.7190329118,-9522.23342923141,-17169.7396076255,-9519.7709241848,0,0,1,0
20140118093043.daq,129,9,709.983333333333,1,0,right,-0.461883544921875,180.461883544922,12,0.0001,81.8737487792969,5229.85500562406,0.703119993209839,0.369560956954956,0.206148609519005,4.12953990144483,-17181.704739673,-9524.79548412761,-17181.7245913611,-9522.33297314613,-17181.7444430491,-9519.87046216465,0,0,1,0
20140118093043.daq,129,9,710.083333333333,1,0,right,-0.447563171386719,180.447563171387,12,0.0001,81.8775024414063,5241.86345800545,0.703119993209839,0.369243055582047,0.244115486741066,4.0332809193343,-17193.7109581197,-9524.89225831309,-17193.7301943328,-9522.42974244684,-17193.749430546,-9519.96722658059,0,0,1,0
20140118093043.daq,129,9,710.183333333333,1,0,right,-0.431465148925781,180.431465148926,12,0.0001,81.8812026977539,5253.87245747502,0.703119993209839,0.369221478700638,0.272590696811676,3.94173112212532,-17205.7191740011,-9524.98404008454,-17205.7377183365,-9522.52151891081,-17205.7562626718,-9520.05899773709,0,0,1,0
20140118093043.daq,129,9,710.283333333333,1,0,right,-0.416145324707031,180.416145324707,12,0.0001,81.8848876953125,5265.88199778512,0.703119993209839,0.368806004524231,0.244115486741066,3.85215339885583,-17217.7273701239,-9525.07294000163,-17217.7452560263,-9522.61041395752,-17217.7631419287,-9520.14788791341,0,0,1,0
20140118093043.daq,129,9,710.383333333333,1,0,right,-0.4019775390625,180.401977539063,12,0.0001,81.888557434082,5277.89207818976,0.703119993209839,0.369762182235718,0.263098806142807,3.76726909771547,-17229.7355371739,-9525.15800455294,-17229.7528141559,-9522.69547416139,-17229.7700911378,-9520.23294376984,0,0,1,0
20140118093043.daq,129,9,710.483333333333,1,0,right,-0.385597229003906,180.385597229004,12,0.0001,81.8922119140625,5289.90269477251,0.659174978733063,0.3696548640728,0.244115486741066,3.68632078375766,-17241.7457124485,-9525.24000298273,-17241.7622854161,-9522.77746775249,-17241.7788583837,-9520.31493252225,0,0,1,0
20140118093043.daq,129,9,710.583333333333,1,0,right,-0.371246337890625,180.371246337891,12,0.0001,81.8958969116211,5301.91384939833,0.659174978733063,0.369213730096817,0.215640276670456,3.60614752617311,-17253.7538836078,-9525.31919668506,-17253.769839783,-9522.85665738103,-17253.7857959581,-9520.394118077,0,0,1,0
20140118093043.daq,129,9,710.683333333333,1,0,right,-0.358100891113281,180.358100891113,12,0.0001,81.8995971679688,5313.92554691616,0.659174978733063,0.369480162858963,0.253607153892517,3.53054820871763,-17265.7639775711,-9525.39455834821,-17265.7793687622,-9522.93201544815,-17265.7947599533,-9520.46947254808,0,0,1,0
20140118093043.daq,129,9,710.783333333333,1,0,right,-0.343605041503906,180.343605041504,12,0.0001,81.9032669067383,5325.93778434204,0.659174978733063,0.369340658187866,0.253607153892517,3.45784187785143,-17277.7760581734,-9525.46788356777,-17277.7908263399,-9523.00533685254,-17277.8055945064,-9520.54279013731,0,0,1,0
20140118093043.daq,129,9,710.883333333333,1,0,right,-0.330215454101563,180.330215454102,12,0.0001,81.9069519042969,5337.95056111647,0.659174978733063,0.369689375162125,0.225131943821907,3.38857715169493,-17289.7861578348,-9525.5373706465,-17289.8003505224,-9523.0748205473,-17289.8145432101,-9520.61227044811,0,0,1,0
20140118093043.daq,129,9,710.983333333333,1,0,right,-0.317062377929688,180.31706237793,12,0.0001,81.9105987548828,5349.96387565423,0.659174978733063,0.369309991598129,0.244115486741066,3.32123601885793,-17301.798204533,-9525.60394254183,-17301.8118319062,-9523.14138924939,-17301.8254592795,-9520.67883595694,0,0,1,0
20140118093043.daq,129,9,711.083333333333,1,0,right,-0.302833557128906,180.302833557129,12,0.0001,81.9142074584961,5361.97772310641,0.659174978733063,0.369649261236191,0.244115486741066,3.25775322415782,-17313.8102778433,-9525.66751834281,-17313.8232936662,-9523.20496174208,-17313.8363094891,-9520.74240514135,0,0,1,0
20140118093043.daq,129,9,711.183333333333,1,0,right,-0.288780212402344,180.288780212402,12,0.0001,81.9178085327148,5373.99209825111,0.659174978733063,0.369350284337997,0.234623834490776,3.19805142894648,-17325.8242996921,-9525.72817518943,-17325.8367115058,-9523.26561547029,-17325.8491233195,-9520.80305575115,0,0,1,0
20140118093043.daq,129,9,711.283333333333,1,0,right,-0.275032043457031,180.275032043457,12,0.0001,81.9214096069336,5386.00700118156,0.659174978733063,0.369466930627823,0.234623834490776,3.13977142855527,-17337.8363606104,-9525.78592108398,-17337.8481815306,-9523.32335845751,-17337.8600024507,-9520.86079583105,0,0,1,0
20140118093043.daq,129,9,711.383333333333,1,0,right,-0.262382507324219,180.262382507324,12,0.0001,81.9249877929688,5398.02243124502,0.659174978733063,0.369737654924393,0.263098806142807,3.08335853996919,-17349.8503471309,-9525.84178153419,-17349.8616243759,-9523.37921635796,-17349.8729016209,-9520.91665118173,0,0,1,0
20140118093043.daq,129,9,711.483333333333,1,0,right,-0.247207641601563,180.247207641602,12,0.0001,81.9285430908203,5410.03838452509,0.659174978733063,0.368590712547302,0.253607153892517,3.03185270987659,-17361.8663493644,-9525.89357989014,-17361.8769743952,-9523.43101181349,-17361.8875994261,-9520.96844373684,0,0,1,0
20140118093043.daq,129,9,711.583333333333,1,0,right,-0.232398986816406,180.232398986816,12,0.0001,81.9320831298828,5422.05485887703,0.659174978733063,0.369206517934799,0.234623834490776,2.98416603630951,-17373.8803891302,-9525.942471051,-17373.8903776858,-9523.47990031045,-17373.9003662415,-9521.01732956991,0,0,1,0
20140118093043.daq,129,9,711.683333333333,1,0,right,-0.218986511230469,180.21898651123,12,0.0001,81.9355697631836,5434.0718484262,0.659174978733063,0.368754655122757,0.263098806142807,2.93711083721651,-17385.8963471319,-9525.9885185708,-17385.9057592196,-9523.52594555949,-17385.9151713072,-9521.06337254817,0,0,1,0
20140118093043.daq,129,9,711.783333333333,1,0,right,-0.204696655273438,180.204696655273,12,0.0001,81.9390563964844,5446.08934897643,0.659174978733063,0.36956986784935,0.234623834490776,2.89259358300155,-17397.912326704,-9526.03255875003,-17397.9211246132,-9523.56998346789,-17397.9299225224,-9521.10740818575,0,0,1,0
20140118093043.daq,129,9,711.883333333333,1,0,right,-0.190673828125,180.190673828125,12,0.0001,81.9425811767578,5458.10736267244,0.659174978733063,0.369253545999527,0.234623834490776,2.85283071879007,-17409.9282994365,-9526.07270906922,-17409.9364946437,-9523.61013170759,-17409.9446898509,-9521.14755434596,0,0,1,0
20140118093043.daq,129,9,711.983333333333,1,0,right,-0.177085876464844,180.177085876465,12,0.0001,81.9461059570313,5470.12589352385,0.659174978733063,0.36975172162056,0.263098806142807,2.81680316850541,-17421.946214308,-9526.10995645459,-17421.9538255037,-9523.64737721868,-17421.9614366995,-9521.18479798277,0,0,1,0
20140118093043.daq,129,9,712.083333333333,1,0,right,-0.164634704589844,180.16463470459,12,0.0001,81.9496078491211,5482.14493919951,0.659174978733063,0.369644641876221,0.244115486741066,2.78135736336133,-17433.9641008325,-9526.14434423635,-17433.9711768752,-9523.68176340457,-17433.978252918,-9521.21918257279,0,0,1,0
20140118093043.daq,129,9,712.183333333333,1,0,right,-0.150199890136719,180.150199890137,12,0.0001,81.9531097412109,5494.16449923318,0.659174978733063,0.369084864854813,0.225131943821907,2.748516757528,-17445.9820362802,-9526.17665638171,-17445.9884919123,-9523.71407384538,-17445.9949475444,-9521.25149130905,0,0,1,0
20140118093043.daq,129,9,712.283333333333,1,0,right,-0.135948181152344,180.135948181152,12,0.0001,81.9566116333008,5506.18457325186,0.659174978733063,0.369049042463303,0.244115486741066,2.7204107847824,-17457.999966975,-9526.20507349085,-17458.005810066,-9523.74248942493,-17458.011653157,-9521.27990535901,0,0,1,0
20140118093043.daq,129,9,712.383333333333,1,0,right,-0.122146606445313,180.122146606445,12,0.0001,81.9600524902344,5518.2051567796,0.659174978733063,0.368673354387283,0.272590696811676,2.69600651091015,-17470.0198394505,-9526.23058861597,-17470.0250893469,-9523.76800321399,-17470.0303392433,-9521.30541781202,0,0,1,0
20140118093043.daq,129,14,724.733333333333,1,0,right,0.576904296875,179.423095703125,12,0.0001,83.1081466674805,0,-1.05467987060547,0.386391639709473,0.225131943821907,2.81497387887066,-18963.7028692644,-9526.12287204968,-18963.6780741514,-9523.66040588224,-18963.6532790385,-9521.19793971479,1,0,0,0
20140118093043.daq,129,14,724.833333333333,1,0,right,0.52392578125,179.47607421875,12,0.0001,83.1174240112305,12.1899032603469,-1.01073491573334,0.386692970991135,0.244115486741066,2.9558310547438,-18975.8871451946,-9525.97088462849,-18975.8646270101,-9523.50839658693,-18975.8421088257,-9521.04590854538,1,0,0,0
20140118093043.daq,129,14,724.933333333333,1,0,right,0.474449157714844,179.525550842285,12,0.0001,83.1266479492188,24.3811631912176,-0.92284494638443,0.387104421854019,0.234623834490776,3.09559721631666,-18988.0734555162,-9525.82942112592,-18988.0530637721,-9523.36691455736,-18988.0326720281,-9520.9044079888,1,0,0,0
20140118093043.daq,129,14,725.033333333333,1,0,right,0.428199768066406,179.571800231934,12,0.0001,83.1358642578125,36.5737749436594,-0.703119933605194,0.386171787977219,0.234623834490776,3.22791357759604,-19000.2617941674,-9525.69849877953,-19000.2433901752,-9523.23597655293,-19000.224986183,-9520.77345432633,1,0,0,0
20140118093043.daq,129,14,725.133333333333,1,0,right,0.388778686523438,179.611221313477,12,0.0001,83.1450500488281,48.7677365594573,-0.483394980430603,0.386173367500305,0.244115486741066,3.34621812600277,-19012.4502955341,-9525.57887122734,-19012.4335858295,-9523.11633692114,-19012.416876125,-9520.65380261494,1,0,0,0
20140118093043.daq,129,14,725.233333333333,1,0,right,0.361557006835938,179.638442993164,12,0.0001,83.1541748046875,60.9630411382459,-0.131834983825684,0.387130230665207,0.253607153892517,3.45899386763973,-19024.6429967047,-9525.46727640902,-19024.6274569716,-9523.00473444184,-19024.6119172386,-9520.54219247466,1,0,0,0
20140118093043.daq,129,14,725.333333333333,1,0,right,0.344482421875,179.655517578125,12,0.0001,83.1633148193359,73.1596849500929,0.131834998726845,0.386901348829269,0.244115486741066,3.56029697452162,-19036.8359428174,-9525.36481842539,-19036.8211369415,-9522.90227193659,-19036.8063310656,-9520.4397254478,1,0,0,0
20140118093043.daq,129,14,725.433333333333,1,0,right,0.345123291015625,179.654876708984,12,0.0001,83.1725082397461,85.3576721911595,0.791009962558746,0.38594976067543,0.263098806142807,3.65809999439328,-19049.0312708342,-9525.26809904312,-19049.0164374141,-9522.80555272008,-19049.001603994,-9520.34300639705,1,0,0,0
20140118093043.daq,129,14,725.533333333333,1,0,right,0.366592407226563,179.633407592773,12,0.0001,83.1817626953125,97.5570128390173,1.49412989616394,0.386665850877762,0.225131943821907,3.7491506844503,-19061.2290560182,-9525.17594885555,-19061.2132998663,-9522.71340826357,-19061.1975437145,-9520.2508676716,1,0,0,0
20140118093043.daq,129,14,725.633333333333,1,0,right,0.414321899414063,179.585678100586,12,0.0001,83.1909942626953,109.757709224905,2.15330481529236,0.386877298355103,0.225131943821907,3.84105089161165,-19073.4294280503,-9525.08510099546,-19073.4116205173,-9522.62257438338,-19073.3938129842,-9520.1600477713,1,0,0,0
20140118093043.daq,129,14,725.733333333333,1,0,right,0.478607177734375,179.521392822266,12,0.0001,83.2002258300781,121.959759950078,2.19724988937378,0.386506915092468,0.301065683364868,3.93277022629363,-19085.6321493488,-9524.99224928919,-19085.6115788979,-9522.52974420697,-19085.591008447,-9520.06723912475,1,0,0,0
20140118093043.daq,129,14,725.833333333333,1,0,right,0.540618896484375,179.459381103516,12,0.0001,83.2094039916992,134.163161750839,1.31834995746613,0.385957330465317,0.234623834490776,4.03243011017806,-19097.8348116122,-9524.89367748232,-19097.8115759832,-9522.43119610595,-19097.7883403543,-9519.96871472957,1,0,0,0
20140118093043.daq,129,14,725.933333333333,1,0,right,0.577262878417969,179.422737121582,12,0.0001,83.2184600830078,146.367900546698,0.219724997878075,0.385912984609604,0.253607153892517,4.13509022253692,-19110.0407684813,-9524.78984199199,-19110.0159579572,-9522.32737597978,-19109.9911474331,-9519.86490996756,1,0,0,0
20140118093043.daq,129,14,726.033333333333,1,0,right,0.57781982421875,179.422180175781,12,0.0001,83.2274169921875,158.573959646179,-0.527339935302734,0.385743141174316,0.253607153892517,4.24650052591884,-19122.243906826,-9524.67945587836,-19122.2190723654,-9522.21699010743,-19122.1942379048,-9519.7545243365,1,0,0,0
20140118093043.daq,129,14,726.133333333333,1,0,right,0.553298950195313,179.446701049805,12,0.0001,83.2363357543945,170.78132953796,-0.791009962558746,0.386888742446899,0.253607153892517,4.36121170518805,-19134.4483971018,-9524.5637894521,-19134.4246165049,-9522.10131327827,-19134.400835908,-9519.63883710445,1,0,0,0
20140118093043.daq,129,14,726.233333333333,1,0,right,0.509468078613281,179.490531921387,12,0.0001,83.2452545166016,182.990006771863,-0.878899931907654,0.386910319328308,0.244115486741066,4.4801078988783,-19146.6524228293,-9524.44541398227,-19146.6305260162,-9521.982920337,-19146.6086292032,-9519.52042669172,1,0,0,0
20140118093043.daq,129,14,726.333333333333,1,0,right,0.459312438964844,179.540687561035,12,0.0001,83.2542419433594,195.199996663025,-0.92284494638443,0.385831207036972,0.291574031114578,4.59882369005736,-19158.8582472707,-9524.32645320733,-19158.838506086,-9521.8639413375,-19158.8187649014,-9519.40142946767,1,0,0,0
20140118093043.daq,129,14,726.433333333333,1,0,right,0.406387329101563,179.593612670898,12,0.0001,83.2632522583008,207.411307603805,-0.92284494638443,0.385894387960434,0.234623834490776,4.71558813153715,-19171.065955249,-9524.2096161115,-19171.0484887376,-9521.74708705696,-19171.0310222261,-9519.28455800243,1,0,0,0
20140118093043.daq,129,14,726.533333333333,1,0,right,0.353973388671875,179.646026611328,12,0.0001,83.2721557617188,219.623933533068,-0.92284494638443,0.386383503675461,0.244115486741066,4.82620979138092,-19183.2736725696,-9524.0995821095,-19183.2584587765,-9521.63703810706,-19183.2432449834,-9519.17449410463,1,0,0,0
20140118093043.daq,129,14,726.633333333333,1,0,right,0.302459716796875,179.697540283203,12,0.0001,83.2809600830078,231.837857945844,-0.92284494638443,0.386314272880554,0.253607153892517,4.92780979074315,-19195.4833618843,-9523.99730370164,-19195.470362129,-9521.53474701604,-19195.4573623736,-9519.07219033044,1,0,0,0
20140118093043.daq,129,14,726.733333333333,1,0,right,0.250740051269531,179.74925994873,12,0.0001,83.2897186279297,244.053069932059,-0.92284494638443,0.3859723508358,0.253607153892517,5.02104506065448,-19207.6930433227,-9523.9048025461,-19207.6822664692,-9521.44223512919,-19207.6714896157,-9518.97966771227,1,0,0,0
20140118093043.daq,129,14,726.833333333333,1,0,right,0.198722839355469,179.801277160645,12,0.0001,83.2984085083008,256.269561192625,-0.92284494638443,0.386783480644226,0.253607153892517,5.10223920914662,-19219.904667745,-9523.82306085425,-19219.8961265907,-9521.3604846682,-19219.8875854364,-9518.89790848215,1,0,0,0
20140118093043.daq,129,14,726.933333333333,1,0,right,0.149787902832031,179.850212097168,12,0.0001,83.3070220947266,268.4873211905,-0.878899931907654,0.386259883642197,0.244115486741066,5.17443428091988,-19232.1183176535,-9523.75089298072,-19232.1118797287,-9521.28831039803,-19232.1054418039,-9518.82572781535,1,0,0,0
20140118093043.daq,129,14,727.033333333333,1,0,right,0.102546691894531,179.897453308105,12,0.0001,83.3156127929688,280.706342372534,-0.74706494808197,0.386565953493118,0.215640276670456,5.23651998229589,-19244.3339595555,-9523.68936154129,-19244.3295520681,-9521.2267744875,-19244.3251445807,-9518.76418743371,1,0,0,0
20140118093043.daq,129,14,727.133333333333,1,0,right,0.05877685546875,179.941223144531,12,0.0001,83.3241653442383,292.926620076316,-0.439449965953827,0.386576414108276,0.225131943821907,5.28682859488545,-19256.5496841774,-9523.63835674758,-19256.5471579297,-9521.17576704535,-19256.5446316821,-9518.71317734313,1,0,0,0
20140118093043.daq,129,14,727.233333333333,1,0,right,0.0441741943359375,179.955825805664,12,0.0001,83.3327178955078,305.148151597648,0.966789960861206,0.386511087417603,0.225131943821907,5.33032693902103,-19268.7680759884,-9523.59531408685,-19268.7661773675,-9521.13272382075,-19268.7642787466,-9518.67013355466,1,0,0,0
20140118093043.daq,129,14,727.333333333333,1,0,right,0.0574188232421875,179.942581176758,12,0.0001,83.3413543701172,317.370942997659,1.58201992511749,0.386934608221054,0.215640276670456,5.36516823135845,-19280.9891040009,-9523.5603156971,-19280.9866361219,-9521.09772593569,-19280.9841682428,-9518.63513617428,1,0,0,0
20140118093043.daq,129,14,727.433333333333,1,0,right,0.0883865356445313,179.911613464355,12,0.0001,83.3500213623047,329.59500462695,1.2744048833847,0.386714249849319,0.215640276670456,5.3961079125557,-19293.2125191428,-9523.5291042939,-19293.2087202626,-9521.06651622604,-19293.2049213824,-9518.60392815819,1,0,0,0
20140118093043.daq,129,14,727.533333333333,1,0,right,0.117172241210938,179.882827758789,12,0.0001,83.3587265014648,341.820340681661,0.703119993209839,0.386220484972,0.225131943821907,5.42601456824291,-19305.4378330095,-9523.49998054711,-19305.4327969125,-9521.03739469863,-19305.4277608155,-9518.57480885014,1,0,0,0
20140118093043.daq,129,14,727.633333333333,1,0,right,0.13323974609375,179.866760253906,12,0.0001,83.3674087524414,354.04695339976,0.307614982128143,0.386212468147278,0.187165051698685,5.45462374683303,-19317.6628352263,-9523.47066652835,-19317.6571085444,-9521.00808218897,-19317.6513818625,-9518.5454978496,1,0,0,0
20140118093043.daq,129,14,727.733333333333,1,0,right,0.139335632324219,179.860664367676,12,0.0001,83.3760223388672,366.274833456439,0.307614982128143,0.386445552110672,0.291574031114578,5.48428666209771,-19329.8895466946,-9523.44099262012,-19329.8835580102,-9520.97840890396,-19329.8775693259,-9518.5158251878,1,0,0,0
20140118093043.daq,129,14,727.833333333333,1,0,right,0.136962890625,179.863037109375,12,0.0001,83.3845596313477,378.50397068759,0.307614982128143,0.386480897665024,0.234623834490776,5.51616715589357,-19342.1160512155,-9523.40988937711,-19342.1101645121,-9520.94730541506,-19342.1042778086,-9518.48472145301,1,0,0,0
20140118093043.daq,129,14,727.933333333333,1,0,right,0.131729125976563,179.868270874023,12,0.0001,83.3930816650391,390.734358938847,0.307614982128143,0.386465758085251,0.263098806142807,5.54921782163718,-19354.3444389294,-9523.37603339592,-19354.3387771742,-9520.91344890641,-19354.3331154191,-9518.4508644169,1,0,0,0
20140118093043.daq,129,14,728.033333333333,1,0,right,0.123733520507813,179.876266479492,12,0.0001,83.4015884399414,402.965995599247,0.26366999745369,0.386704683303833,0.244115486741066,5.58391791613904,-19366.5747122129,-9523.34137164844,-19366.5693941106,-9520.87878639281,-19366.5640760083,-9518.41620113719,1,0,0,0
20140118093043.daq,129,14,728.133333333333,1,0,right,0.116096496582031,179.883903503418,12,0.0001,83.4100723266602,415.198878710573,0.26366999745369,0.386533945798874,0.244115486741066,5.61940637867492,-19378.8049941982,-9523.30668769836,-19378.8000043369,-9520.84410175576,-19378.7950144756,-9518.38151581315,1,0,0,0
20140118093043.daq,129,14,728.233333333333,1,0,right,0.105026245117188,179.894973754883,12,0.0001,83.4185409545898,427.433005568622,0.0878899991512299,0.387080162763596,0.253607153892517,5.65405708953222,-19391.0371452365,-9523.27123946423,-19391.0326311773,-9520.80865260349,-19391.0281171181,-9518.34606574275,1,0,0,0
20140118093043.daq,129,14,728.333333333333,1,0,right,0.09130859375,179.90869140625,12,0.0001,83.4269714355469,439.668371790722,-0.131834983825684,0.386029034852982,0.272590696811676,5.6873323132406,-19403.269231322,-9523.23790799626,-19403.265306851,-9520.77532012535,-19403.26138238,-9518.31273225444,1,0,0,0
20140118093043.daq,129,14,728.433333333333,1,0,right,0.0694046020507813,179.930595397949,12,0.0001,83.4353866577148,451.904972807693,-0.263669967651367,0.386768579483032,0.253607153892517,5.71883549464767,-19415.503069721,-9523.20703568207,-19415.5000866897,-9520.7444464908,-19415.4971036583,-9518.28185729953,0,1,0,1
20140118093043.daq,129,14,728.533333333333,1,0,right,0.0442657470703125,179.95573425293,12,0.0001,83.4437408447266,464.142803584131,-0.263669967651367,0.38672661781311,0.253607153892517,5.74713892459379,-19427.7387813598,-9523.17831624037,-19427.736878804,-9520.71572597732,-19427.7349762481,-9518.25313571426,0,1,0,1
20140118093043.daq,129,14,728.633333333333,1,0,right,0.0174179077148438,179.982582092285,12,0.0001,83.4520492553711,476.381856660177,-0.263669967651367,0.386359125375748,0.225131943821907,5.77157442036901,-19439.9744503358,-9523.15360839322,-19439.9737017086,-9520.69101750902,-19439.9729530813,-9518.22842662481,0,1,0,1
20140118093043.daq,129,14,728.733333333333,1,0,right,-0.0106735229492188,180.010673522949,12,0.0001,83.460319519043,488.622125788184,-0.263669967651367,0.386518567800522,0.244115486741066,5.79262086048207,-19452.2120410728,-9523.13288332582,-19452.2124998242,-9520.67029237056,-19452.2129585757,-9518.20770141529,0,1,0,1
20140118093043.daq,129,14,728.833333333333,1,0,right,-0.0377655029296875,180.03776550293,12,0.0001,83.4685440063477,500.863603788021,-0.263669967651367,0.386092901229858,0.263098806142807,5.80981750863164,-19464.4496555711,-9523.1160024279,-19464.4512787444,-9520.65341196484,-19464.4529019177,-9518.19082150178,0,1,0,1
20140118093043.daq,129,14,728.933333333333,1,0,right,-0.0640792846679688,180.064079284668,12,0.0001,83.4767532348633,513.106287675735,-0.263669967651367,0.386153906583786,0.282082378864288,5.82032567633519,-19476.6892415887,-9523.10493252454,-19476.6919957364,-9520.64234306665,-19476.694749884,-9518.17975360877,0,1,0,1
20140118093043.daq,129,14,729.033333333333,1,0,right,-0.091827392578125,180.091827392578,12,0.0001,83.4849395751953,525.350173814659,-0.263669967651367,0.38602539896965,0.244115486741066,5.82622356016423,-19488.9307445818,-9523.09883370964,-19488.9346913509,-9520.63624587436,-19488.93863812,-9518.17365803909,0,1,0,1
20140118093043.daq,129,14,729.133333333333,1,0,right,-0.117256164550781,180.117256164551,12,0.0001,83.4930877685547,537.595256982851,-0.263669967651367,0.386447787284851,0.244115486741066,5.82625661276013,-19501.1723040609,-9523.09942730196,-19501.177343765,-9520.63684146086,-19501.1823834691,-9518.17425561975,0,1,0,1
20140118093043.daq,129,14,729.233333333333,1,0,right,-0.143157958984375,180.143157958984,12,0.0001,83.5012054443359,549.841533170671,-0.263669967651367,0.386372804641724,0.225131943821907,5.82072751666695,-19513.4158042663,-9523.10493262788,-19513.4219572349,-9520.64234931671,-19513.4281102036,-9518.17976600555,0,1,0,1
20140118093043.daq,129,14,729.333333333333,1,0,right,-0.169868469238281,180.169868469238,12,0.0001,83.5093002319336,562.088998181942,-0.263669967651367,0.386633843183517,0.234623834490776,5.80984764706827,-19525.6612368443,-9523.11537038986,-19525.6685378349,-9520.65279021473,-19525.6758388256,-9518.19021003959,0,1,0,1
20140118093043.daq,129,14,729.433333333333,1,0,right,-0.196830749511719,180.196830749512,12,0.0001,83.5173721313477,574.337648286695,-0.263669967651367,0.386515378952026,0.244115486741066,5.79254334163998,-19537.9066624106,-9523.13265931701,-19537.9151222428,-9520.67008285024,-19537.923582075,-9518.20750638347,0,1,0,1
20140118093043.daq,129,14,729.533333333333,1,0,right,-0.222442626953125,180.222442626953,12,0.0001,83.5254516601563,586.587483111958,-0.263669967651367,0.386626452207565,0.272590696811676,5.77087161737902,-19550.1521207178,-9523.15474742767,-19550.1616813493,-9520.69217498858,-19550.1712419808,-9518.2296025495,0,1,0,1
20140118093043.daq,129,14,729.633333333333,1,0,right,-0.249557495117188,180.249557495117,12,0.0001,83.5335159301758,598.838502191487,-0.263669967651367,0.386502623558044,0.234623834490776,5.74200064617459,-19562.4014472154,-9523.1837639033,-19562.4121732427,-9520.72119626448,-19562.4228992701,-9518.25862862566,0,1,0,1
20140118093043.daq,129,14,729.733333333333,1,0,right,-0.275794982910156,180.27579498291,12,0.0001,83.5415191650391,611.090699743887,-0.263669967651367,0.385829299688339,0.272590696811676,5.70862578835607,-19574.6507947525,-9523.21663219944,-19574.6626484637,-9520.75406973059,-19574.6745021748,-9518.29150726175,0,1,0,1
20140118093043.daq,129,14,729.833333333333,1,0,right,-0.303153991699219,180.303153991699,12,0.0001,83.5494766235352,623.344067749786,-0.263669967651367,0.386305242776871,0.253607153892517,5.66871207568415,-19586.900113611,-9523.25640528871,-19586.9131432061,-9520.79384876081,-19586.9261728011,-9518.33129223292,0,0,0,0
20140118093043.daq,129,14,729.933333333333,1,0,right,-0.328399658203125,180.328399658203,12,0.0001,83.5574035644531,635.598600614299,-0.263669967651367,0.386214345693588,0.253607153892517,5.62342640449973,-19599.1514374945,-9523.30190714052,-19599.1655521399,-9520.83935659277,-19599.1796667854,-9518.37680604502,0,0,0,0
20140118093043.daq,129,14,730.033333333333,1,0,right,-0.354103088378906,180.354103088379,12,0.0001,83.565315246582,647.854295166966,-0.263669967651367,0.386181443929672,0.244115486741066,5.57354899687667,-19611.4047023888,-9523.35231974357,-19611.4199217563,-9520.88977577558,-19611.4351411238,-9518.42723180759,0,0,0,0
20140118093043.daq,129,14,730.133333333333,1,0,right,-0.381423950195313,180.381423950195,12,0.0001,83.5731887817383,660.111147584612,-0.263669967651367,0.386291593313217,0.244115486741066,5.51682089937375,-19623.6579261455,-9523.40869111194,-19623.6743197482,-9520.9461546811,-19623.690713351,-9518.48361825025,0,0,0,0
20140118093043.daq,129,14,730.233333333333,1,0,right,-0.407485961914063,180.407485961914,12,0.0001,83.5810394287109,672.369152458836,-0.263669967651367,0.386775225400925,0.263098806142807,5.45429282229834,-19635.9131337258,-9523.47084396506,-19635.9306474557,-9521.0083152459,-19635.9481611855,-9518.54578652673,0,0,0,0
20140118093043.daq,129,14,730.333333333333,1,0,right,-0.433929443359375,180.433929443359,12,0.0001,83.5888900756836,684.628308390907,-0.263669967651367,0.38702329993248,0.215640276670456,5.38714862673375,-19648.1683310193,-9523.53790283419,-19648.1869812678,-9521.07538246033,-19648.2056315163,-9518.61286208648,0,0,0,0
20140118093043.daq,129,14,730.433333333333,1,0,right,-0.459075927734375,180.459075927734,12,0.0001,83.5967025756836,696.8886132361,-0.175779983401299,0.386315912008286,0.253607153892517,5.31353271111262,-19660.4255132141,-9523.61171744929,-19660.4452442338,-9521.14920549799,-19660.4649752534,-9518.68669354669,0,0,0,0
20140118093043.daq,129,14,730.533333333333,1,0,right,-0.47308349609375,180.473083496094,12,0.0001,83.6045150756836,709.150064103735,0.483394980430603,0.386147260665894,0.253607153892517,5.23599264793618,-19672.6849274398,-9523.68972861441,-19672.7052604893,-9521.22722156051,-19672.7255935388,-9518.7647145066,0,0,0,0
20140118093043.daq,129,14,730.633333333333,1,0,right,-0.464759826660156,180.46475982666,12,0.0001,83.6123352050781,721.412661833041,1.53807497024536,0.386159747838974,0.244115486741066,5.15440192056647,-19684.9449019011,-9523.77124721908,-19684.9648772086,-9521.30873723727,-19684.9848525161,-9518.84622725546,0,0,0,0
20140118093043.daq,129,14,730.733333333333,1,0,right,-0.432106018066406,180.432106018066,12,0.0001,83.6201782226563,733.676407542989,1.93357992172241,0.386054903268814,0.225131943821907,5.07004783465647,-19697.2074391977,-9523.85517331536,-19697.226011077,-9521.39265234921,-19697.2445829563,-9518.93013138306,0,0,0,0
20140118093043.daq,129,14,730.833333333333,1,0,right,-0.382026672363281,180.382026672363,12,0.0001,83.6279907226563,745.94130188632,1.84568989276886,0.386255025863647,0.215640276670456,4.98607398446388,-19709.472364205,-9523.93900169338,-19709.4887837124,-9521.47646543513,-19709.5052032197,-9519.01392917688,0,0,0,0
20140118093043.daq,129,14,730.933333333333,1,0,right,-0.328849792480469,180.32884979248,12,0.0001,83.6357574462891,758.207339641136,1.66990995407104,0.386224061250687,0.244115486741066,4.90647081297876,-19721.7373637688,-9524.01873176635,-19721.7514977608,-9521.55618132956,-19721.7656317529,-9519.09363089278,0,0,0,0
20140118093043.daq,129,14,731.033333333333,1,0,right,-0.278564453125,180.278564453125,12,0.0001,83.6434555053711,770.474510643362,1.45018494129181,0.386640429496765,0.253607153892517,4.83085118789308,-19734.0042414643,-9524.09473268703,-19734.0162142067,-9521.63217079403,-19734.0281869492,-9519.16960890103,0,0,0,0
20140118093043.daq,129,14,731.133333333333,1,0,right,-0.236457824707031,180.236457824707,12,0.0001,83.6511001586914,782.742806873634,1.31834995746613,0.386352211236954,0.234623834490776,4.76275077049166,-19746.2728664451,-9524.16342456988,-19746.2830294495,-9521.70085454311,-19746.2931924539,-9519.23828451633,0,0,0,0
20140118093043.daq,129,14,731.233333333333,1,0,right,-0.198768615722656,180.198768615723,12,0.0001,83.6587066650391,795.012221431571,1.2744048833847,0.386644244194031,0.206148609519005,4.70117891268612,-19758.543333106,-9524.22457577171,-19758.5518762277,-9521.76199959249,-19758.5604193495,-9519.29942341326,0,0,0,0
20140118093043.daq,129,14,731.333333333333,1,0,right,-0.165908813476563,180.165908813477,12,0.0001,83.6662673950195,807.282747883051,1.23045992851257,0.386502236127853,0.253607153892517,4.64910311299595,-19770.8117255321,-9524.27625881307,-19770.8188563362,-9521.81367813926,-19770.8259871403,-9519.35109746544,0,0,0,0
20140118093043.daq,129,14,731.433333333333,1,0,right,-0.137008666992188,180.137008666992,12,0.0001,83.6737670898438,819.554378768182,1.18651497364044,0.385666877031326,0.263098806142807,4.60481988648997,-19783.0839251224,-9524.32037333325,-19783.0898137933,-9521.8577893759,-19783.0957024642,-9519.39520541855,0,0,0,0
20140118093043.daq,129,14,731.533333333333,1,0,right,-0.10845947265625,180.108459472656,12,0.0001,83.6812438964844,831.827107652847,1.14256989955902,0.386259883642197,0.253607153892517,4.56947053418039,-19795.3561151439,-9524.35572010013,-19795.3607767641,-9521.89313351429,-19795.3654383842,-9519.43054692846,0,0,0,0
20140118093043.daq,129,14,731.633333333333,1,0,right,-0.0815200805664063,180.081520080566,12,0.0001,83.688720703125,844.100932019326,1.14256989955902,0.386210590600967,0.263098806142807,4.54102703385384,-19807.6282645706,-9524.38432999538,-19807.6317683287,-9521.92174148995,-19807.6352720867,-9519.45915298451,0,0,0,0
20140118093043.daq,129,14,731.733333333333,1,0,right,-0.0555496215820313,180.055549621582,12,0.0001,83.6962509155273,856.375857928768,1.14256989955902,0.386257410049438,0.244115486741066,4.51950139453312,-19819.9023424618,-9524.40616349015,-19819.904730002,-9521.94357364954,-19819.9071175422,-9519.48098380893,0,0,0,0
20140118093043.daq,129,14,731.833333333333,1,0,right,-0.0294723510742188,180.029472351074,12,0.0001,83.7037506103516,868.651886966407,1.09862494468689,0.38640570640564,0.234623834490776,4.50395125767893,-19832.1783753801,-9524.42213072106,-19832.1796421112,-9521.95954004886,-19832.1809088422,-9519.49694937665,0,0,0,0
20140118093043.daq,129,14,731.933333333333,1,0,right,-0.00429534912109375,180.004295349121,12,0.0001,83.7111892700195,880.929011485852,1.09862494468689,0.386979252099991,0.244115486741066,4.49478802978638,-19844.4543854288,-9524.43131735033,-19844.4545700443,-9521.96872635925,-19844.4547546598,-9519.50613536817,0,0,0,0
20140118093043.daq,129,14,732.033333333333,1,0,right,0.0199661254882813,179.980033874512,12,0.0001,83.7185974121094,893.207224027254,1.09862494468689,0.386643648147583,0.215640276670456,4.49021851128678,-19856.7323254313,-9524.43567747548,-19856.7314672808,-9521.973086627,-19856.7306091303,-9519.51049577852,0,0,0,0
20140118093043.daq,129,14,732.133333333333,1,0,right,0.0441818237304688,179.95581817627,12,0.0001,83.7260055541992,905.48652347162,1.09862494468689,0.386637330055237,0.196656957268715,4.49222791843977,-19869.0102636756,-9524.43320424027,-19869.0083647268,-9521.97061397442,-19869.006465778,-9519.50802370858,0,0,0,0
20140118093043.daq,129,14,732.233333333333,1,0,right,0.0687637329101563,179.93123626709,12,0.0001,83.7334136962891,917.766909072969,1.09862494468689,0.386178761720657,0.272590696811676,4.49943840303409,-19881.2901633883,-9524.42582530171,-19881.2872079017,-9521.96323607723,-19881.2842524151,-9519.50064685275,0,0,0,0
20140118093043.daq,129,14,732.333333333333,1,0,right,0.0934906005859375,179.906509399414,12,0.0001,83.7407989501953,930.048379805572,1.09862494468689,0.38674259185791,0.244115486741066,4.51162792334171,-19893.5700659982,-9524.41355432907,-19893.5660477439,-9521.9509666094,-19893.5620294897,-9519.48837888973,0,0,0,0
20140118093043.daq,129,14,732.433333333333,1,0,right,0.117233276367188,179.882766723633,12,0.0001,83.7481384277344,942.330930354263,1.09862494468689,0.386420726776123,0.263098806142807,4.52969814835533,-19905.8518970023,-9524.39548458505,-19905.846858282,-9521.93289874194,-19905.8418195616,-9519.47031289882,0,0,0,0
20140118093043.daq,129,14,732.533333333333,1,0,right,0.142982482910156,179.85701751709,12,0.0001,83.7554626464844,954.614555870132,1.09862494468689,0.386502116918564,0.225131943821907,4.55284491532648,-19918.1337764203,-9524.37240767823,-19918.1276309936,-9521.90982434824,-19918.121485567,-9519.44724101824,0,0,0,0
20140118093043.daq,129,14,732.633333333333,1,0,right,0.168739318847656,179.831260681152,12,0.0001,83.7627563476563,966.899253182739,1.09862494468689,0.38591393828392,0.225131943821907,4.58190116649234,-19930.4176084337,-9524.34347064171,-19930.410355974,-9521.88089032317,-19930.4031035144,-9519.41831000463,0,0,0,0
20140118093043.daq,129,14,732.733333333333,1,0,right,0.193214416503906,179.806785583496,12,0.0001,83.7700271606445,979.185019401382,1.09862494468689,0.385820239782333,0.301065683364868,4.61578827678335,-19942.7033616129,-9524.30972981765,-19942.695057211,-9521.84715282183,-19942.6867528091,-9519.38457582601,0,0,0,0
20140118093043.daq,129,14,732.833333333333,1,0,right,0.218482971191406,179.781517028809,12,0.0001,83.7772750854492,991.471850236638,1.09862494468689,0.386420637369156,0.253607153892517,4.65562286284273,-19954.9891334653,-9524.27008026044,-19954.9797430198,-9521.80750716651,-19954.9703525743,-9519.34493407257,0,0,0,0
20140118093043.daq,129,14,732.933333333333,1,0,right,0.243888854980469,179.75611114502,12,0.0001,83.7845077514648,1003.75974223831,1.09862494468689,0.38640084862709,0.263098806142807,4.70035070727751,-19967.276861093,-9524.22553911924,-19967.2663787034,-9521.76297043127,-19967.2558963138,-9519.30040174331,0,0,0,0
20140118093043.daq,129,14,733.033333333333,1,0,right,0.268661499023438,179.731338500977,12,0.0001,83.7917251586914,1016.04869410092,1.09862494468689,0.386390775442123,0.234623834490776,4.7509234465302,-19979.5645726395,-9524.17517753094,-19979.5530255243,-9521.71261360536,-19979.5414784091,-9519.25004967978,0,0,0,0
20140118093043.daq,129,14,733.133333333333,1,0,right,0.293006896972656,179.706993103027,12,0.0001,83.7989044189453,1028.3387014418,1.09862494468689,0.386379331350327,0.225131943821907,4.80617250973568,-19991.8542262794,-9524.11995932378,-19991.8416328038,-9521.65740052696,-19991.8290393282,-9519.19484173013,0,0,0,0
20140118093043.daq,129,14,733.233333333333,1,0,right,0.318389892578125,179.681610107422,12,0.0001,83.8060607910156,1040.62976015802,1.09862494468689,0.385875374078751,0.263098806142807,4.86709511448311,-20004.1439044316,-9524.05881723467,-20004.1302200022,-9521.59626425862,-20004.1165355729,-9519.13371128258,0,0,0,0
20140118093043.daq,129,14,733.333333333333,1,0,right,0.341423034667969,179.658576965332,12,0.0001,83.8132095336914,1052.92186894412,1.05467998981476,0.386346340179443,0.234623834490776,4.93278320494899,-20016.4335249866,-9523.99293760577,-20016.4188506018,-9521.53039032991,-20016.404176217,-9519.06784305404,0,0,0,0
20140118093043.daq,129,14,733.433333333333,1,0,right,0.365348815917969,179.634651184082,12,0.0001,83.8203430175781,1065.21502434988,1.05467998981476,0.386394649744034,0.225131943821907,5.00348688264779,-20028.7270728115,-9523.92211964342,-20028.7113701085,-9521.45957871005,-20028.6956674055,-9518.99703777667,0,0,0,0
20140118093043.daq,129,14,733.533333333333,1,0,right,0.387100219726563,179.612899780273,12,0.0001,83.8274536132813,1077.50922423061,0.92284494638443,0.386610627174377,0.234623834490776,5.07990222508216,-20041.0186143479,-9523.8455767829,-20041.0019767828,-9521.38304198825,-20040.9853392176,-9518.9205071936,0,0,0,0
20140118093043.daq,129,14,733.633333333333,1,0,right,0.402420043945313,179.597579956055,12,0.0001,83.8345489501953,1089.8044653226,0.74706494808197,0.386181473731995,0.244115486741066,5.16086963083778,-20053.3139063228,-9523.76454944081,-20053.2966103223,-9521.30201918277,-20053.2793143218,-9518.83948892472,0,0,0,0
20140118093043.daq,129,14,733.733333333333,1,0,right,0.415451049804688,179.584548950195,12,0.0001,83.8416519165039,1102.1007480921,0.703119993209839,0.386113435029984,0.177673399448395,5.24656360308768,-20065.607189679,-9523.67878102367,-20065.589333616,-9521.21625476301,-20065.571477553,-9518.75372850234,0,0,0,0
20140118093043.daq,129,14,733.833333333333,1,0,right,0.424842834472656,179.575157165527,12,0.0001,83.8487014770508,1114.39806936867,0.703119993209839,0.386412769556046,0.225131943821907,5.33598825108395,-20077.9042913101,-9523.58933182023,-20077.886031596,-9521.12680851958,-20077.8677718819,-9518.66428521892,0,0,0,0
20140118093043.daq,129,14,733.933333333333,1,0,right,0.435066223144531,179.564933776855,12,0.0001,83.8556747436523,1126.69641805575,0.703119993209839,0.386391669511795,0.234623834490776,5.42935172969863,-20090.1994597749,-9523.49592478946,-20090.1807606687,-9521.03340478612,-20090.1620615624,-9518.57088478278,0,0,0,0
20140118093043.daq,129,14,734.033333333333,1,0,right,0.445114135742188,179.554885864258,12,0.0001,83.8625946044922,1138.99578604074,0.703119993209839,0.385958075523376,0.253607153892517,5.52567213345529,-20102.4985301471,-9523.39959890343,-20102.4793991911,-9520.9370822172,-20102.4602682351,-9518.47456553097,0,0,0,0
20140118093043.daq,129,14,734.133333333333,1,0,right,0.454200744628906,179.545799255371,12,0.0001,83.8695068359375,1151.29616810171,0.703119993209839,0.386609196662903,0.282082378864288,5.62484595347802,-20114.795624124,-9523.30040287411,-20114.7761026346,-9520.83788925285,-20114.7565811452,-9518.37537563159,0,0,0,0
20140118093043.daq,129,14,734.233333333333,1,0,right,0.460899353027344,179.539100646973,12,0.0001,83.8764572143555,1163.59756573068,0.57128494977951,0.386056870222092,0.234623834490776,5.72584545238565,-20127.0946136206,-9523.1994017134,-20127.074804232,-9520.73689039128,-20127.0549948435,-9518.27437906916,0,1,0,1
20140118093043.daq,129,14,734.333333333333,1,0,right,0.456298828125,179.543701171875,12,0.0001,83.883415222168,1175.899985082,-0.219724982976913,0.386068552732468,0.291574031114578,5.82910595027675,-20139.3952840477,-9523.09617126081,-20139.3756723849,-9520.63365835605,-20139.356060722,-9518.17114545129,0,1,0,1
20140118093043.daq,129,14,734.433333333333,1,0,right,0.431175231933594,179.568824768066,12,0.0001,83.8902969360352,1188.20341990803,-0.791009962558746,0.385931938886642,0.272590696811676,5.93209808201871,-20151.6954596869,-9522.99323625086,-20151.6769278119,-9520.53071498332,-20151.6583959369,-9518.06819371579,0,1,0,1
20140118093043.daq,129,14,734.533333333333,1,0,right,0.390060424804688,179.609939575195,12,0.0001,83.8971099853516,1200.50785799324,-0.92284494638443,0.385757595300674,0.291574031114578,6.03316575987053,-20163.997201506,-9522.89226837616,-20163.9804367132,-9520.42973444438,-20163.9636719204,-9517.9672005126,0,1,0,1
20140118093043.daq,129,14,734.633333333333,1,0,right,0.341148376464844,179.658851623535,12,0.0001,83.903923034668,1212.81329476846,-0.834954977035522,0.385584801435471,0.263098806142807,6.1317891809742,-20176.2967995855,-9522.7937358674,-20176.2821370054,-9520.33118852122,-20176.2674744253,-9517.86864117505,0,1,0,1
20140118093043.daq,129,14,734.733333333333,1,0,right,0.29107666015625,179.708923339844,12,0.0001,83.9106750488281,1225.11972780926,-0.703119933605194,0.386902242898941,0.263098806142807,6.22551198612052,-20188.600273184,-9522.70015696256,-20188.5877626695,-9520.23759774287,-20188.575252155,-9517.77503852319,0,1,0,1
20140118093043.daq,129,14,734.833333333333,1,0,right,0.244956970214844,179.755043029785,12,0.0001,83.9173889160156,1237.42714713802,-0.527339935302734,0.386349529027939,0.234623834490776,6.31262076445667,-20200.9018870704,-9522.6131683192,-20200.8913587732,-9520.15059982707,-20200.8808304761,-9517.68803133495,0,1,0,1
20140118093043.daq,129,14,734.933333333333,1,0,right,0.205024719238281,179.794975280762,12,0.0001,83.9241180419922,1249.73555172904,-0.395504981279373,0.386593729257584,0.253607153892517,6.3923590815065,-20213.2075556759,-9522.53360840419,-20213.1987436665,-9520.07103317246,-20213.189931657,-9517.60845794073,0,1,0,1
20140118093043.daq,129,14,735.033333333333,1,0,right,0.169891357421875,179.830108642578,12,0.0001,83.9307861328125,1262.04493971734,-0.351559966802597,0.3862085044384,0.234623834490776,6.46326936023208,-20225.5133396705,-9522.4625399964,-20225.5060376961,-9519.99995982419,-20225.4987357217,-9517.53737965197,0,1,0,1
20140118093043.daq,129,14,735.133333333333,1,0,right,0.139518737792969,179.860481262207,12,0.0001,83.9374160766602,1274.35530336329,-0.307614982128143,0.386223286390305,0.291574031114578,6.52570093822281,-20237.8192386686,-9522.39996566972,-20237.8132421144,-9519.93738197271,-20237.8072455601,-9517.4747982757,0,1,0,1
20140118093043.daq,129,14,735.233333333333,1,0,right,0.111663818359375,179.888336181641,12,0.0001,83.9440002441406,1286.66663548679,-0.307614982128143,0.386215478181839,0.225131943821907,6.57950018601011,-20250.1271513924,-9522.34602431907,-20250.1223520487,-9519.8834379978,-20250.117552705,-9517.42085167652,0,1,0,1
20140118093043.daq,129,14,735.333333333333,1,0,right,0.0837249755859375,179.916275024414,12,0.0001,83.9505844116211,1298.97893217142,-0.307614982128143,0.386613488197327,0.234623834490776,6.62646825916076,-20262.4370143482,-9522.29892376345,-20262.4334158231,-9519.83633539467,-20262.4298172981,-9517.37374702589,0,1,0,1
20140118093043.daq,129,14,735.433333333333,1,0,right,0.0567550659179688,179.943244934082,12,0.0001,83.9571990966797,1311.2921964011,-0.307614982128143,0.385492831468582,0.244115486741066,6.66571728894967,-20274.7469002236,-9522.25957547832,-20274.7444608731,-9519.79698568848,-20274.7420215225,-9517.33439589865,0,1,0,1
20140118093043.daq,129,14,735.533333333333,1,0,right,0.0310897827148438,179.968910217285,12,0.0001,83.9637985229492,1323.60643097328,-0.175779983401299,0.385610371828079,0.282082378864288,6.69921310738724,-20287.0587704701,-9522.22600562418,-20287.0574342213,-9519.76341498871,-20287.0560979725,-9517.30082435325,0,1,0,1
20140118093043.daq,129,14,735.633333333333,1,0,right,0.007415771484375,179.992584228516,12,0.0001,83.9703140258789,1335.92162758888,-0.131834983825684,0.385967016220093,0.301065683364868,6.72603633211367,-20299.3706889468,-9522.19914837485,-20299.3703702145,-9519.73655739748,-20299.3700514823,-9517.2739664201,0,1,0,1
20140118093043.daq,129,14,735.733333333333,1,0,right,-0.0140228271484375,180.014022827148,12,0.0001,83.9768142700195,1348.23777757579,-0.0878899917006493,0.386124461889267,0.263098806142807,6.74815702495547,-20311.6846149371,-9522.17703558123,-20311.6852176427,-9519.71444465699,-20311.6858203483,-9517.25185373274,0,1,0,1
20140118093043.daq,129,14,735.833333333333,1,0,right,-0.033843994140625,180.033843994141,12,0.0001,83.9833221435547,1360.55488214621,-0.0878899917006493,0.386092782020569,0.234623834490776,6.76358943490483,-20323.998580256,-9522.16165860729,-20324.0000348817,-9519.69906803891,-20324.0014895073,-9517.23647747052,0,1,0,1
20140118093043.daq,129,14,735.933333333333,1,0,right,-0.0533370971679688,180.053337097168,12,0.0001,83.9898376464844,1372.87294204617,-0.0878899917006493,0.386386275291443,0.253607153892517,6.77518313890146,-20336.3125532356,-9522.15016745029,-20336.3148456808,-9519.68757751932,-20336.317138126,-9517.22498758835,0,1,0,1
20140118093043.daq,129,14,736.033333333333,1,0,right,-0.0724563598632813,180.072456359863,12,0.0001,83.9963455200195,1385.19195671617,-0.0878899917006493,0.385907799005508,0.253607153892517,6.78183328738565,-20348.6304412755,-9522.14353585365,-20348.6335554722,-9519.68094682476,-20348.636669669,-9517.21835779587,0,1,0,1
20140118093043.daq,129,14,736.133333333333,1,0,right,-0.09112548828125,180.091125488281,12,0.0001,84.0028381347656,1397.51192494396,-0.0878899917006493,0.386348605155945,0.234623834490776,6.78303600150919,-20360.946386907,-9522.14273567758,-20360.9503035081,-9519.68014779414,-20360.9542201092,-9517.2175599107,0,1,1,1
20140118093043.daq,129,14,736.233333333333,1,0,right,-0.110610961914063,180.110610961914,12,0.0001,84.0093231201172,1409.83284495784,-0.0878899917006493,0.386492937803268,0.225131943821907,6.78089696372443,-20373.2642651214,-9522.14491544388,-20373.2690192131,-9519.68232903483,-20373.2737733048,-9517.21974262578,0,1,1,1
20140118093043.daq,129,14,736.333333333333,1,0,right,-0.130287170410156,180.13028717041,12,0.0001,84.0157699584961,1422.15471321437,-0.0878899917006493,0.386309266090393,0.272590696811676,6.7735336218729,-20385.5840913358,-9522.1519896342,-20385.5896911154,-9519.68940500299,-20385.595290895,-9517.22682037177,0,1,1,1
20140118093043.daq,129,14,736.433333333333,1,0,right,-0.148796081542969,180.148796081543,12,0.0001,84.0222015380859,1434.47752607687,-0.0878899917006493,0.386170238256454,0.253607153892517,6.76242019147059,-20397.9039460184,-9522.16289785272,-20397.9103413146,-9519.70031515896,-20397.9167366108,-9517.2377324652,0,1,1,1
20140118093043.daq,129,14,736.533333333333,1,0,right,-0.169075012207031,180.169075012207,12,0.0001,84.0286026000977,1446.80128037486,-0.0878899917006493,0.385919719934464,0.253607153892517,6.74639094467338,-20410.225709621,-9522.17879798087,-20410.2329765087,-9519.71621770486,-20410.2402433965,-9517.25363742886,0,1,1,1
20140118093043.daq,129,14,736.633333333333,1,0,right,-0.187835693359375,180.187835693359,12,0.0001,84.0349960327148,1459.12597228518,-0.0878899917006493,0.385911673307419,0.253607153892517,6.72664790916961,-20422.5475104146,-9522.19851048875,-20422.5555836386,-9519.73593272419,-20422.5636568625,-9517.27335495963,0,1,1,1
20140118093043.daq,129,14,736.733333333333,1,0,right,-0.206901550292969,180.206901550293,12,0.0001,84.0413589477539,1471.45160022264,-0.0878899917006493,0.386347621679306,0.263098806142807,6.7030783872842,-20434.8693032586,-9522.22214792462,-20434.8781959343,-9519.75957298287,-20434.88708861,-9517.29699804112,0,1,1,1
20140118093043.daq,129,14,736.833333333333,1,0,right,-0.226455688476563,180.226455688477,12,0.0001,84.0476913452148,1483.77815896529,-0.0878899917006493,0.386065393686295,0.234623834490776,6.67568969688835,-20447.1930367129,-9522.24972157742,-20447.2027698257,-9519.78714981401,-20447.2125029386,-9517.3245780506,0,1,1,1
20140118093043.daq,129,14,736.933333333333,1,0,right,-0.246559143066406,180.246559143066,12,0.0001,84.0539932250977,1496.10564441022,-0.0878899917006493,0.385940700769424,0.244115486741066,6.64352825924009,-20459.51870923,-9522.2822117621,-20459.5293063884,-9519.81964356535,-20459.5399035468,-9517.35707536859,0,1,1,1
20140118093043.daq,129,14,737.033333333333,1,0,right,-0.265472412109375,180.265472412109,12,0.0001,84.0602722167969,1508.43405142877,-0.0878899917006493,0.386151432991028,0.244115486741066,6.60812698616459,-20471.8444109133,-9522.31755805156,-20471.855820962,-9519.85499348708,-20471.8672310107,-9517.3924289226,0,1,1,1
20140118093043.daq,129,14,737.133333333333,1,0,right,-0.284332275390625,180.284332275391,12,0.0001,84.066535949707,1520.7633786222,-0.0878899917006493,0.386882752180099,0.263098806142807,6.5666000762849,-20484.1701135409,-9522.35876026724,-20484.1823341832,-9519.89619959198,-20484.1945548256,-9517.43363891672,0,1,1,1
20140118093043.daq,129,14,737.233333333333,1,0,right,-0.304656982421875,180.304656982422,12,0.0001,84.0728073120117,1533.09362552427,-0.0439449958503246,0.386855453252792,0.196656957268715,6.52217527216127,-20496.4977324185,-9522.40298233942,-20496.5108266117,-9519.94042615416,-20496.5239208049,-9517.47786996891,0,1,1,1
20140118093043.daq,129,14,737.333333333333,1,0,right,-0.322593688964844,180.322593688965,12,0.0001,84.0790557861328,1545.42478952404,0,0.386231541633606,0.253607153892517,6.47316821933193,-20508.8254103924,-9522.45193981895,-20508.8392754995,-9519.98938785357,-20508.8531406065,-9517.52683588818,0,1,1,1
20140118093043.daq,129,14,737.433333333333,1,0,right,-0.3375244140625,180.337524414063,12,0.0001,84.0852813720703,1557.75686912953,0.26366999745369,0.386392742395401,0.244115486741066,6.42060709580958,-20521.1551161436,-9522.50461810301,-20521.1696229674,-9520.04206983435,-20521.1841297912,-9517.57952156569,0,1,1,1
20140118093043.daq,129,14,737.533333333333,1,0,right,-0.340934753417969,180.340934753418,12,0.0001,84.0914840698242,1570.08985986481,0.659174978733063,0.387065917253494,0.225131943821907,6.36602374548003,-20533.4870623058,-9522.55951583507,-20533.5017157044,-9520.09696843424,-20533.5163691031,-9517.63442103341,0,1,1,1
20140118093043.daq,129,14,737.633333333333,1,0,right,-0.335258483886719,180.335258483887,12,0.0001,84.0976867675781,1582.42376033116,0.834954977035522,0.386499643325806,0.244115486741066,6.30711684777859,-20545.8172820466,-9522.61873622833,-20545.8316914816,-9520.15618738787,-20545.8461009167,-9517.69363854742,0,1,1,1
20140118093043.daq,129,14,737.733333333333,1,0,right,-0.325569152832031,180.325569152832,12,0.0001,84.1038970947266,1594.75857155432,0.703119993209839,0.386242896318436,0.282082378864288,6.2467229622244,-20558.1515080782,-9522.67868576252,-20558.1655010696,-9520.21613452049,-20558.179494061,-9517.75358327846,0,1,1,1
20140118093043.daq,129,14,737.833333333333,1,0,right,-0.314300537109375,180.314300537109,12,0.0001,84.110107421875,1607.09429381403,0.57128494977951,0.38672211766243,0.215640276670456,6.1856488999847,-20570.4857733708,-9522.73951444598,-20570.4992820411,-9520.27696049951,-20570.5127907113,-9517.81440655305,0,1,1,1
20140118093043.daq,129,14,737.933333333333,1,0,right,-0.307685852050781,180.307685852051,12,0.0001,84.1162643432617,1619.4309236601,0.527339994907379,0.386421769857407,0.225131943821907,6.12546527073718,-20582.8199225811,-9522.79965347416,-20582.8331469542,-9520.33709798455,-20582.8463713273,-9517.87454249495,0,1,1,1
20140118093043.daq,129,14,738.033333333333,1,0,right,-0.301132202148438,180.301132202148,12,0.0001,84.1223907470703,1631.7684540989,0.527339994907379,0.386233657598495,0.282082378864288,6.06452841353766,-20595.1560233489,-9522.86077280936,-20595.168966048,-9520.39821582323,-20595.1819087471,-9517.93565883709,0,1,1,1
20140118093043.daq,129,14,738.133333333333,1,0,right,-0.296592712402344,180.296592712402,12,0.0001,84.1284942626953,1644.10688112074,0.527339994907379,0.386767774820328,0.244115486741066,6.00566404319537,-20607.4920739118,-9522.92006320304,-20607.5048215049,-9520.4575051992,-20607.5175690979,-9517.99494719535,0,1,1,1
20140118093043.daq,129,14,738.233333333333,1,0,right,-0.293846130371094,180.293846130371,12,0.0001,84.1345748901367,1656.44620062272,0.527339994907379,0.385893702507019,0.253607153892517,5.94813337384714,-20619.8300329339,-9522.97751102354,-20619.8426624795,-9520.51495241145,-20619.8552920252,-9518.05239379935,0,1,1,1
20140118093043.daq,129,14,738.333333333333,1,0,right,-0.28997802734375,180.289978027344,12,0.0001,84.1406555175781,1668.78641251157,0.483394980430603,0.386283606290817,0.253607153892517,5.89035948134305,-20632.168019871,-9523.0348896803,-20632.1804831665,-9520.57233022118,-20632.192946462,-9518.10977076206,0,1,1,1
20140118093043.daq,129,14,738.433333333333,1,0,right,-0.291885375976563,180.291885375977,12,0.0001,84.1467132568359,1681.12751482907,0.26366999745369,0.386481046676636,0.263098806142807,5.83444757629465,-20644.5078161318,-9523.09067136232,-20644.5203614047,-9520.62811231946,-20644.5329066776,-9518.16555327661,0,1,1,1
20140118093043.daq,129,14,738.533333333333,1,0,right,-0.303703308105469,180.303703308105,12,0.0001,84.1527328491211,1693.46950216684,-0.307614982128143,0.386505603790283,0.225131943821907,5.77920896031349,-20656.8473655517,-9523.14608759765,-20656.8604187563,-9520.68353119479,-20656.8734719608,-9518.22097479192,0,1,1,1
20140118093043.daq,129,14,738.633333333333,1,0,right,-0.333328247070313,180.33332824707,12,0.0001,84.1587448120117,1705.8123722869,-0.791009962558746,0.38652315735817,0.234623834490776,5.7222298976878,-20669.1864708207,-9523.20357817127,-20669.2007972949,-9520.74102884678,-20669.2151237692,-9518.27847952228,0,1,1,1
20140118093043.daq,129,14,738.733333333333,1,0,right,-0.378890991210938,180.378890991211,12,0.0001,84.1647186279297,1718.15612127282,-1.09862494468689,0.386049538850784,0.253607153892517,5.66147794010801,-20681.5271300792,-9523.26400376161,-20681.543414817,-9520.80146660844,-20681.5596995547,-9518.33892945527,0,0,1,0
20140118093043.daq,129,14,738.833333333333,1,0,right,-0.438926696777344,180.438926696777,12,0.0001,84.1706390380859,1730.50074315671,-1.31834995746613,0.38632333278656,0.187165051698685,5.59682381478917,-20693.8674245656,-9523.3282497429,-20693.8862895914,-9520.86573100505,-20693.9051546172,-9518.40321226721,0,0,1,0
20140118093043.daq,129,14,738.933333333333,1,0,right,-0.505607604980469,180.50560760498,12,0.0001,84.1764526367188,1742.84622441752,-1.31834995746613,0.386130124330521,0.253607153892517,5.52532254593139,-20706.2075482141,-9523.39973925874,-20706.2292791092,-9520.93724414369,-20706.2510100044,-9518.47474902865,0,0,1,0
20140118093043.daq,129,14,739.033333333333,1,0,right,-0.574531555175781,180.574531555176,12,0.0001,84.1821975708008,1755.19255339927,-1.31834995746613,0.386673778295517,0.253607153892517,5.44531750450053,-20718.5476105558,-9523.48015393054,-20718.5723036927,-9521.01768673839,-20718.5969968296,-9518.55521954624,0,0,1,0
20140118093043.daq,129,14,739.133333333333,1,0,right,-0.646537780761719,180.646537780762,12,0.0001,84.187858581543,1767.5397200311,-1.36229491233826,0.386622458696365,0.244115486741066,5.3529618531834,-20730.8895430043,-9523.572474858,-20730.917330816,-9521.11004064346,-20730.9451186276,-9518.64760642892,0,0,1,0
20140118093043.daq,129,14,739.233333333333,1,0,right,-0.719192504882813,180.719192504883,12,0.0001,84.193473815918,1779.88771284347,-1.36229491233826,0.386183112859726,0.253607153892517,5.24830394517251,-20743.233406567,-9523.6765521167,-20743.26431688,-9521.21415511865,-20743.295227193,-9518.75175812061,0,0,1,0
20140118093043.daq,129,14,739.333333333333,1,0,right,-0.792350769042969,180.792350769043,12,0.0001,84.1990203857422,1792.23652446974,-1.36229491233826,0.387001663446426,0.234623834490776,5.13044220624985,-20755.5752985323,-9523.79432985482,-20755.6093529372,-9521.33197433197,-20755.6434073422,-9518.86961880911,0,0,1,0
20140118093043.daq,129,14,739.433333333333,1,0,right,-0.863945007324219,180.863945007324,12,0.0001,84.2044982910156,1804.58614372013,-1.31834995746613,0.38691183924675,0.253607153892517,4.99856407990685,-20767.9191777878,-9523.92665760115,-20767.9563090145,-9521.46434655348,-20767.9934402411,-9519.00203550582,0,0,1,0
20140118093043.daq,129,14,739.533333333333,1,0,right,-0.906661987304688,180.906661987305,12,0.0001,84.2099227905273,1816.93656220227,0.483394980430603,0.38641557097435,0.234623834490776,4.85328519711732,-20780.2657432018,-9524.07185875825,-20780.3047101987,-9521.60957607818,-20780.3436771957,-9519.14729339811,0,0,1,0
20140118093043.daq,129,14,739.633333333333,1,0,right,-0.910377502441406,180.910377502441,12,0.0001,84.2154846191406,1829.28778541782,1.7577999830246,0.387364596128464,0.244115486741066,4.69433524569855,-20792.6133044786,-9524.23028999565,-20792.6524311495,-9521.76800984768,-20792.6915578205,-9519.30572969972,0,0,1,0
20140118093043.daq,129,14,739.733333333333,1,0,right,-0.864906311035156,180.864906311035,12,0.0001,84.2211532592773,1841.63983145695,2.72458982467651,0.386804670095444,0.215640276670456,4.52921050272635,-20804.9621220111,-9524.39546663885,-20804.9992945502,-9521.93315621452,-20805.0364670893,-9519.47084579019,0,0,1,0
20140118093043.daq,129,14,739.833333333333,1,0,right,-0.777976989746094,180.777976989746,12,0.0001,84.2270202636719,1853.99272344528,3.51559996604919,0.386438101530075,0.244115486741066,4.36233205744142,-20817.3158984181,-9524.56297784407,-20817.3493350914,-9522.10061385548,-20817.3827717647,-9519.63824986689,0,0,1,0
20140118093043.daq,129,14,739.933333333333,1,0,right,-0.661300659179688,180.66130065918,12,0.0001,84.2329711914063,1866.34648478814,3.73532485961914,0.385361164808273,0.253607153892517,4.1980726913362,-20829.6704196781,-9524.72767976122,-20829.6988419617,-9522.26525278825,-20829.7272642453,-9519.80282581527,0,0,1,0
20140118093043.daq,129,14,740.033333333333,1,0,right,-0.530952453613281,180.530952453613,12,0.0001,84.23876953125,1878.70111054336,3.51559996604919,0.385781407356262,0.206148609519005,4.04143606520196,-20842.0272234815,-9524.88372154574,-20842.0500436618,-9522.4212362843,-20842.0728638421,-9519.95875102286,0,0,1,0
20140118093043.daq,129,14,740.133333333333,1,0,right,-0.410865783691406,180.410865783691,12,0.0001,84.2441787719727,1891.05655958843,2.72458982467651,0.387017339468002,0.272590696811676,3.8993330185421,-20854.3857053951,-9525.02573971275,-20854.403364387,-9522.56321203099,-20854.421023379,-9520.10068434923,0,0,1,0
20140118093043.daq,129,14,740.233333333333,1,0,right,-0.307289123535156,180.307289123535,12,0.0001,84.2493133544922,1903.41277923799,2.2411949634552,0.386187553405762,0.244115486741066,3.7754244784198,-20866.7437605909,-9525.15021494965,-20866.7569679127,-9522.68765936854,-20866.7701752346,-9520.22510378742,0,0,1,0
20140118093043.daq,129,14,740.333333333333,1,0,right,-0.226371765136719,180.226371765137,12,0.0001,84.2543640136719,1915.76974403527,1.7577999830246,0.386455655097961,0.263098806142807,3.67157432847381,-20879.1031950466,-9525.25459921232,-20879.1129245524,-9522.79202743465,-20879.1226540582,-9520.32945565699,0,0,1,0
20140118093043.daq,129,14,740.433333333333,1,0,right,-0.167121887207031,180.167121887207,12,0.0001,84.2593841552734,1928.12744624063,1.31834995746613,0.387089759111404,0.234623834490776,3.58548307330369,-20891.4620861165,-9525.339810247,-20891.4692690587,-9522.87722972471,-20891.4764520009,-9520.41464920242,0,0,1,0
20140118093043.daq,129,14,740.533333333333,1,0,right,-0.129722595214844,180.129722595215,12,0.0001,84.2644805908203,1940.48588977051,1.01073491573334,0.386589884757996,0.263098806142807,3.51940962058739,-20903.8204334197,-9525.40586102948,-20903.8260089338,-9522.9432763432,-20903.8315844478,-9520.48069165693,0,0,1,0
20140118093043.daq,129,14,740.633333333333,1,0,right,-0.105720520019531,180.10572052002,12,0.0001,84.2697448730469,1952.84509122313,0.74706494808197,0.385427981615067,0.291574031114578,3.46910202810249,-20916.178448421,-9525.45711348055,-20916.1829923203,-9522.99452667468,-20916.1875362196,-9520.53193986882,0,0,1,0
20140118093043.daq,129,14,740.733333333333,1,0,right,-0.0932388305664063,180.093238830566,12,0.0001,84.2751388549805,1965.20507698775,0.659174978733063,0.386178702116013,0.234623834490776,3.43128766053769,-20928.5361784914,-9525.49442868175,-20928.5401859245,-9523.03184094445,-20928.5441933576,-9520.56925320715,0,0,1,0
20140118093043.daq,129,14,740.833333333333,1,0,right,-0.0887908935546875,180.088790893555,12,0.0001,84.2805862426758,1977.56585788121,0.615229964256287,0.386961489915848,0.225131943821907,3.40172524250305,-20940.8956632784,-9525.52345088328,-20940.899479538,-9523.0608628423,-20940.9032957976,-9520.59827480131,0,0,1,0
20140118093043.daq,129,14,740.933333333333,1,0,right,-0.0891571044921875,180.089157104492,12,0.0001,84.2861022949219,1989.92744210934,0.439449995756149,0.386813908815384,0.253607153892517,3.37981599228429,-20953.2550292401,-9525.54593443573,-20953.2588612396,-9523.08334641919,-20953.262693239,-9520.62075840264,0,0,1,0
20140118093043.daq,129,14,741.033333333333,1,0,right,-0.0934829711914063,180.093482971191,12,0.0001,84.2916870117188,2002.28984104847,0.26366999745369,0.386835098266602,0.196656957268715,3.36329305879529,-20965.6162505897,-9525.56280313292,-20965.6202685161,-9523.10021541272,-20965.6242864424,-9520.63762769251,0,0,1,0
20140118093043.daq,129,14,741.133333333333,1,0,right,-0.103973388671875,180.103973388672,12,0.0001,84.2972564697266,2014.65305796228,0.131834998726845,0.387089520692825,0.234623834490776,3.34710532930701,-20977.9773196959,-9525.57809935035,-20977.9817885031,-9523.11551240708,-20977.9862573103,-9520.6529254638,0,0,1,0
20140118093043.daq,129,14,741.233333333333,1,0,right,-0.116874694824219,180.116874694824,12,0.0001,84.3027877807617,2027.01708884108,0.0878899991512299,0.387286782264709,0.111231304705143,3.33200444286631,-20990.3383291123,-9525.59354437434,-20990.3433524207,-9523.13095849974,-20990.3483757291,-9520.66837262513,0,0,1,0
20140118093043.daq,129,14,741.333333333333,1,0,right,-0.133071899414063,180.133071899414,12,0.0001,84.3083114624023,2039.38193088744,0.0439449995756149,0.386984705924988,0.225131943821907,3.31812480645461,-21002.7012099792,-9525.60821623826,-21002.706929447,-9523.14563188211,-21002.7126489148,-9520.68304752597,0,0,1,0
20140118093043.daq,129,14,741.433333333333,1,0,right,-0.147926330566406,180.147926330566,12,0.0001,84.3138122558594,2051.74758260937,0,0.387222856283188,0.234623834490776,3.30047829730814,-21015.06412379,-9525.624758227,-21015.0704817041,-9523.16217543644,-21015.0768396182,-9520.69959264588,0,0,1,0
20140118093043.daq,129,14,741.533333333333,1,0,right,-0.164436340332031,180.164436340332,12,0.0001,84.3192596435547,2064.114036174,0,0.386705636978149,0.234623834490776,3.2821150205123,-21027.4269963694,-9525.64335543055,-21027.4340638864,-9523.18077457429,-21027.4411314034,-9520.71819371802,0,0,1,0
20140118093043.daq,129,14,741.633333333333,1,0,right,-0.181182861328125,180.181182861328,12,0.0001,84.3246994018555,2076.48128766491,0,0.386806726455688,0.244115486741066,3.26153923582669,-21039.7918159195,-9525.66489679988,-21039.7996032041,-9523.20231811452,-21039.8073904886,-9520.73973942915,0,0,1,0
20140118093043.daq,129,14,741.733333333333,1,0,right,-0.198684692382813,180.198684692383,12,0.0001,84.3301315307617,2088.8493365226,0,0.385942071676254,0.253607153892517,3.23679384536098,-21052.1566164372,-9525.6884377806,-21052.1651559519,-9523.22586158886,-21052.1736954667,-9520.76328539712,0,0,1,0
20140118093043.daq,129,14,741.833333333333,1,0,right,-0.215065002441406,180.215065002441,12,0.0001,84.3355331420898,2101.2181800429,0.17577999830246,0.386176019906998,0.244115486741066,3.20871268439658,-21064.5233975826,-9525.71679224431,-21064.5326411238,-9523.25421859457,-21064.5418846649,-9520.79164494484,0,0,1,0
20140118093043.daq,129,14,741.933333333333,1,0,right,-0.220733642578125,180.220733642578,12,0.0001,84.3409118652344,2113.58781440258,0.527339994907379,0.386414170265198,0.263098806142807,3.17990120492987,-21076.8904443905,-9525.74643886416,-21076.8999315699,-9523.283866141,-21076.9094187493,-9520.82129341784,0,0,1,0
20140118093043.daq,129,14,742.033333333333,1,0,right,-0.219047546386719,180.219047546387,12,0.0001,84.3462829589844,2125.95823736372,0.703119993209839,0.386130571365356,0.253607153892517,3.1456474860484,-21089.259626867,-9525.77953796153,-21089.2690415779,-9523.31696496024,-21089.2784562889,-9520.85439195896,0,0,1,0
20140118093043.daq,129,14,742.133333333333,1,0,right,-0.209693908691406,180.209693908691,12,0.0001,84.3516616821289,2138.3294479938,0.74706494808197,0.3864366710186,0.234623834490776,3.11152125388275,-21101.6289996079,-9525.8141170947,-21101.6380122993,-9523.35154258926,-21101.6470249907,-9520.88896808383,0,0,1,0
20140118093043.daq,129,14,742.233333333333,1,0,right,-0.198410034179688,180.19841003418,12,0.0001,84.3570251464844,2150.70144619961,0.74706494808197,0.386173844337463,0.206148609519005,3.07661232580163,-21113.9984201233,-9525.84955364488,-21114.0069478332,-9523.38697741224,-21114.0154755431,-9520.92440117959,0,0,1,0
20140118093043.daq,129,14,742.333333333333,1,0,right,-0.185279846191406,180.185279846191,12,0.0001,84.3623809814453,2163.07423076889,0.703119993209839,0.386290341615677,0.253607153892517,3.04028658817013,-21126.3698393879,-9525.88487620042,-21126.3778027613,-9523.42229807819,-21126.3857661347,-9520.95971995595,0,0,1,0
20140118093043.daq,129,14,742.433333333333,1,0,right,-0.173629760742188,180.173629760742,12,0.0001,84.3677062988281,2175.44779881096,0.703119993209839,0.386311858892441,0.234623834490776,3.0066238572836,-21138.7431749283,-9525.91931346736,-21138.7506375798,-9523.45673377682,-21138.7581002312,-9520.99415408628,0,0,1,0
20140118093043.daq,129,14,742.533333333333,1,0,right,-0.161895751953125,180.161895751953,12,0.0001,84.3730163574219,2187.82214678236,0.703119993209839,0.38663375377655,0.225131943821907,2.97401370086656,-21151.1165124004,-9525.95179237068,-21151.1234707226,-9523.48921120345,-21151.1304290447,-9521.02663003622,0,0,1,0
20140118093043.daq,129,14,742.633333333333,1,0,right,-0.151443481445313,180.151443481445,12,0.0001,84.378303527832,2200.1972723519,0.703119993209839,0.386672228574753,0.158690065145493,2.94181929193553,-21163.4898180049,-9525.98337377013,-21163.4963270868,-9523.52079137449,-21163.5028361686,-9521.05820897886,0,0,1,0
20140118093043.daq,129,14,742.733333333333,1,0,right,-0.140632629394531,180.140632629395,12,0.0001,84.3835830688477,2212.57317197614,0.703119993209839,0.385830730199814,0.263098806142807,2.91448207034915,-21175.8631323617,-9526.0120032991,-21175.8691767912,-9523.54941971914,-21175.8752212206,-9521.08683613917,0,0,1,0
20140118093043.daq,129,14,742.833333333333,1,0,right,-0.129844665527344,180.129844665527,12,0.0001,84.3888244628906,2224.94984360363,0.703119993209839,0.386379450559616,0.272590696811676,2.88677391950665,-21188.2383991516,-9526.03868106565,-21188.2439799122,-9523.57609639126,-21188.2495606729,-9521.11351171687,0,0,1,0
20140118093043.daq,129,14,742.933333333333,1,0,right,-0.120796203613281,180.120796203613,12,0.0001,84.3940277099609,2237.32728107995,0.703119993209839,0.386537581682205,0.225131943821907,2.86288883252939,-21200.6155759514,-9526.06253649227,-21200.6207678072,-9523.59995096724,-21200.6259596629,-9521.13736544222,0,0,1,0
20140118093043.daq,129,14,743.033333333333,1,0,right,-0.110069274902344,180.110069274902,12,0.0001,84.3992462158203,2249.70548263339,0.703119993209839,0.386131882667542,0.234623834490776,2.84226612724841,-21212.990841003,-9526.08433512259,-21212.9955718129,-9523.6217486687,-21213.0003026227,-9521.15916221482,0,0,1,0
20140118093043.daq,129,14,743.133333333333,1,0,right,-0.100540161132813,180.100540161133,12,0.0001,84.4044418334961,2262.08444891668,0.659174978733063,0.386461734771729,0.272590696811676,2.82094275302971,-21225.3680294788,-9526.10425454237,-21225.372350725,-9523.64166733574,-21225.3766719712,-9521.17908012911,0,0,1,0
20140118093043.daq,129,14,743.233333333333,1,0,right,-0.0935440063476563,180.093544006348,12,0.0001,84.4095764160156,2274.46417181723,0.527339994907379,0.386244654655457,0.272590696811676,2.80463555266545,-21237.7471084581,-9526.12140065196,-21237.7511290077,-9523.65881293604,-21237.7551495573,-9521.19622522012,0,0,1,0
20140118093043.daq,129,14,743.333333333333,1,0,right,-0.0912933349609375,180.091293334961,12,0.0001,84.4147109985352,2286.84464835108,0.351559996604919,0.386229008436203,0.244115486741066,2.78784227881488,-21250.1260702641,-9526.1378632301,-21250.1299940792,-9523.67527535815,-21250.1339178944,-9521.21268748619,0,0,1,0
20140118093043.daq,129,14,743.433333333333,1,0,right,-0.0943145751953125,180.094314575195,12,0.0001,84.4198150634766,2299.22587646678,0.307614982128143,0.386266142129898,0.234623834490776,2.77260963136918,-21262.5049019359,-9526.15269823593,-21262.5089556048,-9523.69011057431,-21262.5130092737,-9521.22752291268,0,0,1,0
20140118093043.daq,129,14,743.533333333333,1,0,right,-0.0992889404296875,180.09928894043,12,0.0001,84.4249267578125,2311.60785290062,0.307614982128143,0.386608749628067,0.253607153892517,2.76010939922509,-21274.8856384993,-9526.16667728053,-21274.8899059677,-9523.70408998012,-21274.8941734361,-9521.24150267971,0,0,1,0
20140118093043.daq,129,14,743.633333333333,1,0,right,-0.106475830078125,180.106475830078,12,0.0001,84.4300155639648,2323.9905772796,0.26366999745369,0.386644393205643,0.234623834490776,2.74538607908588,-21287.2643672657,-9526.1798163683,-21287.2689436284,-9523.71722962255,-21287.2735199911,-9521.25464287681,0,0,1,0
20140118093043.daq,129,14,743.733333333333,1,0,right,-0.113327026367188,180.113327026367,12,0.0001,84.4351196289063,2336.37404857803,0.26366999745369,0.386651128530502,0.253607153892517,2.73321237697237,-21299.6470105203,-9526.19293470699,-21299.6518813491,-9523.73034852607,-21299.6567521779,-9521.26776234515,0,0,1,0
20140118093043.daq,129,14,743.833333333333,1,0,right,-0.1201171875,180.1201171875,12,0.0001,84.4402160644531,2348.7582676351,0.26366999745369,0.386268645524979,0.225131943821907,2.71857501629196,-21312.0277021079,-9526.2070258196,-21312.0328647794,-9523.74444023322,-21312.0380274509,-9521.28185464684,0,0,1,0
20140118093043.daq,129,14,743.933333333333,1,0,right,-0.128166198730469,180.12816619873,12,0.0001,84.4452972412109,2361.14323323861,0.26366999745369,0.386503577232361,0.253607153892517,2.70325636639084,-21324.4103156494,-9526.22217119277,-21324.4158242692,-9523.75958635595,-21324.4213328889,-9521.29700151913,0,0,1,0
20140118093043.daq,129,16,877.333333333333,1,0,right,0.176244765266858,255.940856933594,12,0.000221143119589717,65.6944427490234,0,-1.05467987060547,0.372049361467361,0.244115486741066,2.62776405776144,-33248.5014679045,-13013.8361266781,-33250.89029319,-13013.2379058336,-33253.2791184754,-13012.639684989,1,0,0,0
20140118093043.daq,129,16,877.433333333333,1,0,right,0.214553835193215,256.005004882813,12,0.000221772979479143,65.747688293457,9.63912149437965,-1.23045992851257,0.371923834085464,0.253607153892517,2.66787639603655,-33250.8488025169,-13023.1812605365,-33253.2382960689,-13022.5857145782,-33255.6277896209,-13021.9901686199,1,0,0,0
20140118093043.daq,129,16,877.533333333333,1,0,right,0.259264384947869,256.072113037109,12,0.000222417244061257,65.8009567260742,19.2860339830877,-1.31834995746613,0.372099488973618,0.244115486741066,2.71710318882855,-33253.1842239621,-13032.5371052469,-33255.5744134131,-13031.9443584105,-33257.964602864,-13031.351611574,1,0,0,0
20140118093043.daq,129,16,877.633333333333,1,0,right,0.307732707674177,256.138397216797,12,0.000223077878115732,65.8546295166016,28.9407939746452,-1.36229491233826,0.372031360864639,0.244115486741066,2.77567222488059,-33255.5118878993,-13041.9027178724,-33257.9027614858,-13041.3127365876,-33260.2936350724,-13040.7227553029,1,0,0,0
20140118093043.daq,129,16,877.733333333333,1,0,right,0.354519276257975,256.20930480957,12,0.000223756579161745,65.908576965332,38.6034485594864,-1.40623986721039,0.372264266014099,0.244115486741066,2.83986818373363,-33257.8275292299,-13051.2790253594,-33260.2191311291,-13050.6920034014,-33262.6107330283,-13050.1049814434,1,0,0,0
20140118093043.daq,129,16,877.833333333333,1,0,right,0.40485079279722,256.27961730957,12,0.00022445442050425,65.9624938964844,48.2740150817917,-1.45018494129181,0.372084736824036,0.225131943821907,2.91854448158626,-33260.139304306,-13060.6650981821,-33262.5316247885,-13060.0810116025,-33264.923945271,-13059.4969250228,1,0,0,0
20140118093043.daq,129,16,877.933333333333,1,0,right,0.45690589689093,256.353439331055,12,0.000225171563981883,66.0161361694336,57.9524737729225,-1.62596487998962,0.372038334608078,0.253607153892517,2.99864452467333,-33262.4352240822,-13070.0628513991,-33264.8282951377,-13069.4818476585,-33267.2213661932,-13068.9008439179,1,0,0,0
20140118093043.daq,129,16,878.033333333333,1,0,right,0.501498213795116,256.435470581055,12,0.000225907194744148,66.0693664550781,67.6387694298173,-2.15330481529236,0.372217059135437,0.215640276670456,3.09341121476018,-33264.7266980373,-13079.4702868003,-33267.1205984719,-13078.8927098507,-33269.5144989065,-13078.3151329011,1,0,0,0
20140118093043.daq,129,16,878.133333333333,1,0,right,0.536188548673579,256.530380249023,12,0.00022665936458001,66.1221389770508,77.3328397626028,-2.59275484085083,0.372362613677979,0.244115486741066,3.19631169586567,-33267.0056066897,-13088.8873576505,-33269.4004605878,-13088.3137469545,-33271.7953144858,-13087.7401362585,1,0,0,0
20140118093043.daq,129,16,878.233333333333,1,0,right,0.550962336469979,256.63752746582,12,0.000227425079830458,66.1739349365234,87.0346001017315,-2.72458982467651,0.3731669485569,0.253607153892517,3.30671550198373,-33269.2719928323,-13098.3150424789,-33271.6679152352,-13097.7459113319,-33274.0638376382,-13097.1767801848,1,0,0,0
20140118093043.daq,129,16,878.333333333333,1,0,right,0.547701303379256,256.750991821289,12,0.000228200605807894,66.2254257202148,96.7439055392606,-2.76853489875793,0.373004794120789,0.253607153892517,3.41682757488082,-33271.52234035,-13107.7533946244,-33273.9193851197,-13107.189009299,-33276.3164298894,-13106.6246239736,1,0,0,0
20140118093043.daq,129,16,878.433333333333,1,0,right,0.544794325090038,256.867172241211,12,0.000228981954450556,66.2774658203125,106.460801020898,-2.76853489875793,0.372937679290771,0.253607153892517,3.53367877596488,-33273.7607926985,-13117.2024472866,-33276.158976961,-13116.6429236798,-33278.5571612235,-13116.0834000731,1,0,0,0
20140118093043.daq,129,16,878.533333333333,1,0,right,0.548543490463089,256.981918334961,12,0.000229765236958041,66.3299102783203,116.185359933101,-2.76853489875793,0.372708350419998,0.234623834490776,3.64681522242904,-33275.9798104248,-13126.6641941615,-33278.3791104336,-13126.1094745104,-33280.7784104423,-13125.5547548592,1,0,0,0
20140118093043.daq,129,16,878.633333333333,1,0,right,0.552466657355808,257.09748840332,12,0.000230546766836714,66.3824768066406,125.91762433089,-2.72458982467651,0.373817890882492,0.234623834490776,3.7678853504095,-33278.1870575539,-13136.1366597401,-33280.5874715939,-13135.5867807899,-33282.987885634,-13135.0369018397,1,0,0,0
20140118093043.daq,129,16,878.733333333333,1,0,right,0.563389645852396,257.211410522461,12,0.000231323045506703,66.4349975585938,135.657598130696,-2.72458982467651,0.379752397537231,0.253607153892517,3.88651206033915,-33280.3748840748,-13145.6218222806,-33282.7763867024,-13145.0767171961,-33285.17788933,-13144.5316121115,1,0,0,0
20140118093043.daq,129,16,878.833333333333,1,0,right,0.578994491865899,257.323867797852,12,0.000232091054332121,66.4875335693359,145.405269023729,-2.72458982467651,0.381011515855789,0.215640276670456,4.01043188661276,-33282.5471841401,-13155.1177273997,-33284.9497520461,-13154.5773369107,-33287.3523199521,-13154.0369464217,1,0,0,0
20140118093043.daq,129,16,878.933333333333,1,0,right,0.594171315924996,257.437606811523,12,0.000232848114232566,66.5403671264648,155.160663399278,-2.72458982467651,0.381404519081116,0.272590696811676,4.1333679528767,-33284.6998710975,-13164.6262998048,-33287.103507009,-13164.0906797637,-33289.5071429204,-13163.5550597225,1,0,0,0
20140118093043.daq,129,16,879.033333333333,1,0,right,0.609944268500669,257.549331665039,12,0.000233591633210393,66.5934143066406,164.923841589043,-2.72458982467651,0.381416767835617,0.291574031114578,4.26129420268206,-33286.8370676459,-13174.1465976564,-33289.2417434282,-13173.6156656403,-33291.6464192104,-13173.0847336241,1,0,0,0
20140118093043.daq,129,16,879.133333333333,1,0,right,0.605988040954287,257.662353515625,12,0.000234319143485794,66.6460876464844,174.694755570104,-2.72458982467651,0.381212472915649,0.206148609519005,4.39153778831343,-33288.9585564154,-13183.6785859338,-33291.3642748368,-13183.1523984192,-33293.7699932581,-13182.6262109046,1,0,0,0
20140118093043.daq,129,16,879.233333333333,1,0,right,0.604933417476786,257.774337768555,12,0.000235028235435306,66.6997299194336,184.47346483494,-2.72458982467651,0.381331920623779,0.225131943821907,4.51922880675154,-33291.0605844087,-13193.2222896855,-33293.4673266647,-13192.700805135,-33295.8740689208,-13192.1793205845,1,0,0,0
20140118093043.daq,129,16,879.333333333333,1,0,right,0.608655175841704,257.887451171875,12,0.000235716389519339,66.754035949707,194.260090606411,-2.76853489875793,0.381266355514526,0.206148609519005,4.64790134370896,-33293.1469157526,-13202.7776853296,-33295.5546828333,-13202.260953186,-33297.9624499141,-13201.7442210423,1,0,0,0
20140118093043.daq,129,16,879.433333333333,1,0,right,0.616919196243828,257.999954223633,12,0.000236380914431238,66.8086471557617,204.054706643969,-2.8564248085022,0.380979865789413,0.225131943821907,4.77544566932787,-33295.2137583292,-13212.3457684788,-33297.6225353965,-13211.8337650961,-33300.0313124637,-13211.3217617134,1,0,0,0
20140118093043.daq,129,16,879.533333333333,1,0,right,0.614154981858348,258.127426147461,12,0.000237018945426415,66.8633575439453,213.85734605082,-3.55954480171204,0.381238013505936,0.244115486741066,4.9057188720293,-33297.263997475,-13221.9244096291,-33299.6739076874,-13221.4177665679,-33302.0838178999,-13220.9111235066,1,0,0,0
20140118093043.daq,129,16,879.633333333333,1,0,right,0.593459453236505,258.276779174805,12,0.000237627137785793,66.9177703857422,223.667987006796,-4.4823899269104,0.381883174180984,0.386491358280182,5.03855852074833,-33299.2971816136,-13231.515475787,-33301.7084043045,-13231.0151163579,-33304.1196269955,-13230.5147569288,1,0,0,0
20140118093043.daq,129,16,879.733333333333,1,0,right,0.554735372004757,258.448120117188,12,0.00023820155927407,66.9717330932617,233.486577852345,-4.79000473022461,0.382166415452957,0.263098806142807,5.17099979959459,-33301.3093995275,-13241.1179779408,-33303.7221077412,-13240.624831412,-33306.1348159549,-13240.1316848831,1,0,0,0
20140118093043.daq,129,16,879.833333333333,1,0,right,0.507638766405989,258.630889892578,12,0.000238737830451806,67.0254211425781,243.313059934218,-4.74605989456177,0.382319688796997,0.253607153892517,5.30057927953702,-33303.2974381868,-13250.7320291318,-33305.7117072274,-13250.2465814797,-33308.125976268,-13249.7611338277,1,0,0,0
20140118093043.daq,129,16,879.933333333333,1,0,right,0.425764610113674,258.820953369141,12,0.000239231541914318,67.0778045654297,253.14730895235,-4.74605989456177,0.382335931062698,0.253607153892517,5.42133865073109,-33305.2576631345,-13260.3586489891,-33307.673529232,-13259.8812126873,-33310.0893953295,-13259.4037763855,1,0,0,0
20140118093043.daq,129,16,880.033333333333,1,0,right,0.347880916599195,259.010986328125,12,0.00023967857802494,67.1305313110352,262.989262803341,-4.74605989456177,0.381962984800339,0.272590696811676,5.53561477850261,-33307.1944602292,-13269.9988998735,-33309.6118965494,-13269.5294788882,-33312.0293328695,-13269.0600579028,1,0,0,0
20140118093043.daq,129,16,880.133333333333,1,0,right,0.275403149017052,259.201690673828,12,0.000240075224284669,67.1838150024414,272.838998323808,-4.74605989456177,0.381858855485916,0.225131943821907,5.63629812462554,-33309.0999712668,-13279.6527730063,-33311.5189566231,-13279.1914008466,-33313.9379419793,-13278.7300286869,1,0,0,0
20140118093043.daq,129,16,880.233333333333,1,0,right,0.203626768849915,259.393630981445,12,0.00024041830074544,67.2373504638672,282.696572768284,-4.74605989456177,0.382275700569153,0.253607153892517,5.72719964008433,-33310.9780658738,-13289.3202607545,-33313.398583246,-13288.8669947461,-33315.8191006182,-13288.4137287377,0,1,0,1
20140118093043.daq,129,16,880.333333333333,1,0,right,0.134583892877743,259.586822509766,12,0.000240705262252721,67.2910079956055,292.562010101588,-4.74605989456177,0.382480174303055,0.234623834490776,5.80220354951789,-33312.8209308531,-13299.0023386986,-33315.2429627978,-13298.5572368202,-33317.6649947426,-13298.1121349418,0,1,0,1
20140118093043.daq,129,16,880.433333333333,1,0,right,0.0699926102976178,259.779556274414,12,0.00024093409839126,67.3444442749023,302.435300346144,-4.74605989456177,0.38222262263298,0.253607153892517,5.87419856780619,-33314.6403966421,-13308.697075528,-33317.0639121318,-13308.2601234775,-33319.4874276215,-13307.823171427,0,1,0,1
20140118093043.daq,129,16,880.533333333333,1,0,right,0.0118008738301114,259.972290039063,12,0.000241103170984263,67.3974990844727,312.316402752418,-4.74605989456177,0.382547348737717,0.253607153892517,5.93112005519439,-33316.4247147585,-13318.4064185412,-33318.8496863702,-13317.9776212628,-33321.2746579819,-13317.5488239844,0,1,0,1
20140118093043.daq,129,16,880.633333333333,1,0,right,-0.0436033752918661,260.163925170898,12,0.000241211239041475,67.4503021240234,322.205267992023,-4.74605989456177,0.382558673620224,0.206148609519005,5.97835066440017,-33318.1778630975,-13328.1284296581,-33320.6042553255,-13327.7077454783,-33323.0306475536,-13327.2870612985,0,1,0,1
20140118093043.daq,129,16,880.733333333333,1,0,right,-0.126371068045103,260.358383178711,12,0.000241257629747895,67.5019912719727,332.101796568953,-4.74605989456177,0.38208869099617,0.253607153892517,6.01436208382398,-33319.8995866046,-13337.8650082972,-33322.3273926291,-13337.4525615359,-33324.7551986536,-13337.0401147746,0,1,0,1
20140118093043.daq,129,16,880.833333333333,1,0,right,-0.210091282174119,260.551940917969,12,0.000241242122516891,67.5538101196289,342.005897193041,-4.74605989456177,0.382236033678055,0.225131943821907,6.03558121296783,-33321.5901277855,-13347.6132754647,-33324.0193132897,-13347.2090327038,-33326.4484987938,-13346.8047899428,0,1,0,1
20140118093043.daq,129,16,880.933333333333,1,0,right,-0.288281540197772,260.746627807617,12,0.000241164795850933,67.6062545776367,351.917653135104,-4.74605989456177,0.382443100214005,0.253607153892517,6.04390890666654,-33323.2493548625,-13357.3751558336,-33325.6798999279,-13356.979169586,-33328.1104449934,-13356.5831833385,0,1,0,1
20140118093043.daq,129,16,881.033333333333,1,0,right,-0.362778272383366,260.940200805664,12,0.00024102568761074,67.6590881347656,361.83713106771,-4.74605989456177,0.382312208414078,0.244115486741066,6.03910589429645,-33324.8774137012,-13367.1506813221,-33327.3092827268,-13366.7629088817,-33329.7411517525,-13366.3751364413,0,1,1,1
20140118093043.daq,129,16,881.133333333333,1,0,right,-0.431211978306806,261.134552001953,12,0.000240824566144691,67.712028503418,371.764368383469,-4.74605989456177,0.382165044546127,0.253607153892517,6.02270983539102,-33326.4741815932,-13376.9388481927,-33328.9073519763,-13376.5593270331,-33331.3405223593,-13376.1798058736,0,1,1,1
20140118093043.daq,129,16,881.233333333333,1,0,right,-0.496069794329969,261.330093383789,12,0.000240560749503757,67.7648391723633,381.699364616114,-4.70211458206177,0.382237643003464,0.244115486741066,5.99203891177209,-33328.0357258564,-13386.7406263516,-33330.4701773121,-13386.3694114097,-33332.9046287678,-13385.9981964677,0,1,1,1
20140118093043.daq,129,16,881.333333333333,1,0,right,-0.553091289137797,261.520156860352,12,0.000240233013524648,67.8173828125,391.642087501721,-4.4823899269104,0.383063077926636,0.225131943821907,5.95459008938594,-33329.5702910183,-13396.5551398862,-33332.005960484,-13396.1920026157,-33334.4416299497,-13395.8288653452,0,1,1,1
20140118093043.daq,129,16,881.433333333333,1,0,right,-0.597300945119628,261.704528808594,12,0.000239839566449003,67.8696975708008,401.592497409729,-4.26266479492188,0.382970780134201,0.310557574033737,5.90493903416512,-33331.0700777116,-13406.3823956511,-33333.5069031033,-13406.027097982,-33335.9437284951,-13405.6718003129,0,1,1,1
20140118093043.daq,129,16,881.533333333333,1,0,right,-0.661008892057396,261.881759643555,12,0.000239378184379032,67.9210815429688,411.550524030878,-4.08688449859619,0.382977217435837,0.234623834490776,5.84565534832076,-33332.5390851765,-13416.2224198638,-33334.976997937,-13415.8746616209,-33337.4149106975,-13415.5269033779,0,1,1,1
20140118093043.daq,129,16,881.633333333333,1,0,right,-0.722546601196996,262.052841186523,12,0.00023884652534374,67.9726104736328,421.516073650564,-4.04293966293335,0.382739931344986,0.234623834490776,5.77671538519906,-33333.9811546754,-13426.0742245983,-33336.4200949503,-13425.7337473468,-33338.8590352253,-13425.3932700953,0,1,1,1
20140118093043.daq,129,16,881.733333333333,1,0,right,-0.774567498453564,262.219909667969,12,0.000238242557745793,68.0248489379883,431.489235600719,-3.99899482727051,0.383151441812515,0.253607153892517,5.69086654131238,-33335.3883350445,-13435.9387558377,-33337.8282577455,-13435.6053917175,-33340.2681804465,-13435.2720275973,0,0,1,0
20140118093043.daq,129,16,881.833333333333,1,0,right,-0.819698949722635,262.383438110352,12,0.000237565008913715,68.0775451660156,441.470096322562,-3.73532485961914,0.38308522105217,0.244115486741066,5.59668046782835,-33336.768407805,-13445.8150316568,-33339.2092720248,-13445.4886326921,-33341.6501362445,-13445.1622337274,0,0,1,0
20140118093043.daq,129,16,881.933333333333,1,0,right,-0.844044864128591,262.533767700195,12,0.000236813722964719,68.1304931640625,451.458707009464,-3.20798492431641,0.383040994405746,0.244115486741066,5.49579434241214,-33338.1219951761,-13455.704188538,-33340.5637073815,-13455.3841948979,-33343.0054195868,-13455.0642012578,0,0,1,0
20140118093043.daq,129,16,882.033333333333,1,0,right,-0.846228287873032,262.667465209961,12,0.00023598976374253,68.1833877563477,461.455081835178,-2.59275484085083,0.382884353399277,0.215640276670456,5.38986674616274,-33339.4493167181,-13465.6043367175,-33341.8917689681,-13465.2900415855,-33344.334221218,-13464.9757464534,0,0,1,0
20140118093043.daq,129,16,882.133333333333,1,0,right,-0.822180212585295,262.780471801758,12,0.000235095548254615,68.2360763549805,471.459200844547,-2.10935974121094,0.382836222648621,0.263098806142807,5.27992550662738,-33340.7506319204,-13475.5175043198,-33343.1936993152,-13475.2080271352,-33345.6367667101,-13474.8985499505,0,0,1,0
20140118093043.daq,129,16,882.233333333333,1,0,right,-0.772817428609699,262.876266479492,12,0.000234135047770927,68.2885055541992,481.471028696433,-1.88963496685028,0.382467061281204,0.253607153892517,5.17454219370766,-33342.0335273613,-13485.4416879099,-33344.4771087662,-13485.1362957997,-33346.9206901711,-13484.8309036895,0,0,1,0
20140118093043.daq,129,16,882.333333333333,1,0,right,-0.747199325891529,262.965560913086,12,0.000233113261618464,68.3398971557617,491.490485197253,-1.88963496685028,0.383108228445053,0.272590696811676,5.06806830024368,-33343.293406187,-13495.3757362524,-33345.7374605722,-13495.0741527889,-33348.1815149574,-13494.7725693254,0,0,1,0
20140118093043.daq,129,16,882.433333333333,1,0,right,-0.724565560301471,263.050827026367,12,0.000232035525133208,68.3912048339844,501.517444927958,-1.88963496685028,0.383261114358902,0.244115486741066,4.95984541564791,-33344.5340151747,-13505.3205860287,-33346.9785156622,-13505.0226400771,-33349.4230161496,-13504.7246941254,0,0,1,0
20140118093043.daq,129,16,882.533333333333,1,0,right,-0.695466767186019,263.135665893555,12,0.000230906929752432,68.4430770874023,511.551975866591,-2.02146983146667,0.382615596055984,0.215640276670456,4.85474462029593,-33345.7590287769,-13515.27422398,-33348.2039677582,-13514.9798979684,-33350.6489067395,-13514.6855719568,0,0,1,0
20140118093043.daq,129,16,882.633333333333,1,0,right,-0.668287126361747,263.228469848633,12,0.000229731673424499,68.4952621459961,521.594140582805,-2.32908487319946,0.382697433233261,0.206148609519005,4.75716476490405,-33346.9718139227,-13525.2384596594,-33349.4172264266,-13524.9480941844,-33351.8626389305,-13524.6577287094,0,0,1,0
20140118093043.daq,129,16,882.733333333333,1,0,right,-0.648900636052872,263.337387084961,12,0.000228512653079299,68.5475616455078,531.643971527061,-3.0322048664093,0.383090376853943,0.234623834490776,4.65904029327561,-33348.1640354431,-13535.2111969457,-33350.6099955027,-13534.9254806346,-33353.0559555622,-13534.6397643235,0,0,1,0
20140118093043.daq,129,16,882.833333333333,1,0,right,-0.645490753444847,263.466186523438,12,0.000227251247192452,68.5995712280273,541.701455551316,-3.73532485961914,0.383189290761948,0.225131943821907,4.56961525146766,-33349.3432655211,-13545.1933409578,-33351.7898616829,-13544.9131238193,-33354.2364578447,-13544.6329066808,0,0,1,0
20140118093043.daq,129,16,882.933333333333,1,0,right,-0.65254654549426,263.611526489258,12,0.000225947227220638,68.6511688232422,551.766540436482,-3.8232147693634,0.383145570755005,0.234623834490776,4.48362129821617,-33350.501908369,-13555.1839652095,-33352.9492074744,-13554.9099551508,-33355.3965065798,-13554.6359450921,0,0,1,0
20140118093043.daq,129,16,883.033333333333,1,0,right,-0.659932114433445,263.765869140625,12,0.000224599074567792,68.7023239135742,561.839159043746,-3.77926993370056,0.383053034543991,0.206148609519005,4.39982014882095,-33351.6404493873,-13565.1851484365,-33354.0884777373,-13564.9177318676,-33356.5365060872,-13564.6503152987,0,0,1,0
20140118093043.daq,129,16,883.133333333333,1,0,right,-0.704254860759534,263.923446655273,12,0.000223204712524865,68.7522201538086,571.919202365738,-3.73532485961914,0.383134514093399,0.215640276670456,4.31679373698448,-33352.7553530905,-13575.1950361615,-33355.2041076428,-13574.9343532768,-33357.652862195,-13574.673670392,0,0,1,0
20140118093043.daq,129,16,883.233333333333,1,0,right,-0.749829190383991,264.075592041016,12,0.000221762247376567,68.802001953125,582.006526613506,-3.47165489196777,0.383982807397842,0.282082378864288,4.230391892254,-33353.8510809531,-13585.2147599587,-33356.3005190982,-13584.9605805011,-33358.7499572433,-13584.7064010435,0,0,1,0
20140118093043.daq,129,16,883.333333333333,1,0,right,-0.781660712016503,264.221450805664,12,0.000220270469692876,68.8523178100586,592.101193610717,-3.16403985023499,0.383842587471008,0.244115486741066,4.13275278607508,-33354.9159681627,-13595.2443382026,-33357.3660454388,-13594.996395135,-33359.8161227148,-13594.7484520674,0,0,1,0
20140118093043.daq,129,16,883.433333333333,1,0,right,-0.789325802611472,264.348449707031,12,0.000218729227951534,68.9031219482422,602.203277396562,-2.37302994728088,0.383884578943253,0.225131943821907,4.0354418220851,-33355.9625362245,-13605.2859582899,-33358.4131570593,-13605.0434465432,-33360.8637778942,-13604.8009347965,0,0,1,0
20140118093043.daq,129,16,883.533333333333,1,0,right,-0.764843970033894,264.45280456543,12,0.000217139592823793,68.9542083740234,612.312835318793,-1.75779986381531,0.384048938751221,0.225131943821907,3.93319221520858,-33356.9832121115,-13615.3377451263,-33359.4342705768,-13615.099697183,-33361.8853290421,-13614.8616492397,0,0,1,0
20140118093043.daq,129,16,883.633333333333,1,0,right,-0.713774280046721,264.538055419922,12,0.000215503919983576,69.0052642822266,622.429887985294,-1.40623986721039,0.383761316537857,0.215640276670456,3.83185687472531,-33357.981673777,-13625.3996408175,-33360.4330837224,-13625.1652400861,-33362.8844936679,-13624.9308393547,0,0,1,0
20140118093043.daq,129,16,883.733333333333,1,0,right,-0.644737122391405,264.610290527344,12,0.000213825487366333,69.0560913085938,632.554413016471,-1.2744048833847,0.383837252855301,0.215640276670456,3.73477112599393,-33358.9614372942,-13635.4725137181,-33361.4131408098,-13635.2412037639,-33363.8648443254,-13635.0098938097,0,0,1,0
20140118093043.daq,129,16,883.833333333333,1,0,right,-0.555159615880768,264.671905517578,12,0.000212108086935673,69.1065902709961,642.686368730298,-1.05467987060547,0.383922189474106,0.234623834490776,3.6474574097989,-33359.9262551423,-13645.5543689562,-33362.3782059873,-13645.3256956591,-33364.8301568324,-13645.097022362,0,0,1,0
20140118093043.daq,129,16,883.933333333333,1,0,right,-0.500596274457394,264.728500366211,12,0.000210355672403792,69.1559066772461,652.825658521455,-0.966789960861206,0.383738666772842,0.291574031114578,3.57239299608145,-33360.8796757102,-13655.6451034388,-33363.3318512349,-13655.4188522076,-33365.7840267596,-13655.1926009764,0,0,1,0
20140118093043.daq,129,16,884.033333333333,1,0,right,-0.450891046277491,264.782470703125,12,0.000208571894180312,69.2051696777344,662.972151096255,-0.92284494638443,0.383507609367371,0.263098806142807,3.49918147699285,-33361.817639698,-13665.7436963665,-33364.2700272543,-13665.5197550868,-33366.7224148107,-13665.2958138071,0,0,1,0
20140118093043.daq,129,16,884.133333333333,1,0,right,-0.39150403083795,264.835525512695,12,0.0002067600190685,69.2549133300781,673.125909117582,-0.966789960861206,0.383933544158936,0.244115486741066,3.4325549879684,-33362.7439442633,-13675.8520690019,-33365.1965381336,-13675.6303986824,-33367.649132004,-13675.4087283629,0,0,1,0
20140118093043.daq,129,16,884.233333333333,1,0,right,-0.322747516380957,264.887985229492,12,0.000204922950617214,69.3049545288086,683.28698816149,-0.966789960861206,0.383943229913712,0.272590696811676,3.37821299621031,-33363.6624751876,-13685.9672857382,-33366.1152709901,-13685.7478610934,-33368.5680667925,-13685.5284364487,0,0,1,0
20140118093043.daq,129,16,884.333333333333,1,0,right,-0.244978437739803,264.940216064453,12,0.000203063071671781,69.3550109863281,693.455410327821,-0.966789960861206,0.383979827165604,0.310557574033737,3.33737774582817,-33364.5732091078,-13696.0922693958,-33367.0262039186,-13695.8750808106,-33369.4791987294,-13695.6578922255,0,0,1,0
20140118093043.daq,129,16,884.433333333333,1,0,right,-0.162886182116665,264.996917724609,12,0.000201182057998189,69.4048385620117,703.63116069683,-1.18651497364044,0.384074598550797,0.225131943821907,3.30777774643056,-33365.4719403864,-13706.2240005662,-33367.9251489325,-13706.0092396459,-33370.3783574786,-13705.7944787256,0,0,1,0
20140118093043.daq,129,16,884.533333333333,1,0,right,-0.0823951300734507,265.064025878906,12,0.000199280741250666,69.454231262207,713.814187329204,-1.71385490894318,0.384071558713913,0.225131943821907,3.2947661934251,-33366.3621975511,-13716.3643177233,-33368.8156559549,-13716.1524302905,-33371.2691143587,-13715.9405428576,0,0,1,0
20140118093043.daq,129,16,884.633333333333,1,0,right,-0.0113514416773342,265.149398803711,12,0.000197358838017585,69.5031280517578,724.004422153608,-2.37302994728088,0.383523374795914,0.225131943821907,3.29572168610582,-33367.2395748707,-13726.5120905713,-33369.6933462713,-13726.30385912,-33372.1471176718,-13726.0956276688,0,0,1,0
20140118093043.daq,129,16,884.733333333333,1,0,right,-0.00680852201429616,265.255157470703,12,0.000195414990414228,69.5506744384766,734.201734249349,-2.90036988258362,0.384010523557663,0.234623834490776,3.30987599212831,-33368.1078452536,-13736.667272795,-33370.5619968351,-13736.4635709579,-33373.0161484166,-13736.2598691208,0,0,1,0
20140118093043.daq,129,16,884.833333333333,1,0,right,-0.0243998327756572,265.378463745117,12,0.000193446630224909,69.5981826782227,744.405995493158,-3.25192975997925,0.384283781051636,0.291574031114578,3.32697926970155,-33368.959378831,-13746.8289360777,-33371.4139631157,-13746.630516289,-33373.8685474004,-13746.4320965003,0,0,1,0
20140118093043.daq,129,16,884.933333333333,1,0,right,-0.0447818867262981,265.512496948242,12,0.000191450119186596,69.6462249755859,754.617270879171,-3.33981990814209,0.385221838951111,0.215640276670456,3.34936839941684,-33369.7985173786,-13756.9991605701,-33372.2535591141,-13756.8064833789,-33374.7086008497,-13756.6138061878,0,0,1,0
20140118093043.daq,129,16,885.033333333333,1,0,right,-0.0661387733977108,265.651596069336,12,0.000189421210753477,69.6945495605469,764.835612906201,-3.33981990814209,0.389227718114853,0.225131943821907,3.36806835405705,-33370.6139030148,-13767.1770772081,-33373.0694052847,-13766.9903607761,-33375.5249075546,-13766.8036443441,0,0,1,0
20140118093043.daq,129,16,885.133333333333,1,0,right,-0.0842834916933271,265.79345703125,12,0.000187355607879975,69.7431411743164,775.061062603527,-3.29587483406067,0.411798626184464,0.215640276670456,3.38904226119198,-33371.4095889149,-13777.3646828415,-33373.8655459567,-13777.184046654,-33376.3215029985,-13777.0034104666,0,0,1,0
20140118093043.daq,129,16,885.233333333333,1,0,right,-0.093180274550491,265.934341430664,12,0.000185249480530543,69.7925872802734,785.293681421826,-3.29587483406067,0.474198698997498,0.234623834490776,3.40793412686447,-33372.1819062288,-13787.5600983662,-33374.6383000113,-13787.3855016633,-33377.0946937938,-13787.2109049603,0,0,1,0
20140118093043.daq,129,16,885.333333333333,1,0,right,-0.0970955552490977,266.07405090332,12,0.000183099781361651,69.846549987793,795.533814939554,-3.29587483406067,0.513311743736267,0.177673399448395,3.4307877737535,-33372.9347736785,-13797.7652814072,-33375.391585893,-13797.5966748641,-33377.8483981074,-13797.428068321,0,0,1,0
20140118093043.daq,129,16,885.433333333333,1,0,right,-0.0928167280721937,266.214065551758,12,0.000180904407411756,69.9112854003906,805.782589223993,-3.29587483406067,0.524617671966553,0.215640276670456,3.45117468173879,-33373.6602849807,-13807.9811788201,-33376.1175018856,-13807.8185765274,-33378.5747187906,-13807.6559742346,0,0,1,0
20140118093043.daq,129,16,885.533333333333,1,0,right,-0.138543040481352,266.354446411133,12,0.000178662423840208,69.9888534545898,816.041794270794,-3.29587483406067,0.524533271789551,0.225131943821907,3.4678402129983,-33374.3623426246,-13818.2087657853,-33376.819950547,-13818.0521844218,-33379.2775584694,-13817.8956030583,0,0,1,0
20140118093043.daq,129,16,885.633333333333,1,0,right,-0.162848857480981,266.49299621582,12,0.000176373895650642,70.0787048339844,826.313304372154,-3.29587483406067,0.524439990520477,0.234623834490776,3.47920777791783,-33375.0410855418,-13828.4500408895,-33377.4990649157,-13828.2994028433,-33379.9570442896,-13828.1487647971,0,0,1,0
20140118093043.daq,129,16,885.733333333333,1,0,right,-0.166448841841088,266.630432128906,12,0.00017403963486243,70.1754608154297,836.59858641812,-3.29587483406067,0.524352669715881,0.225131943821907,3.48678652582205,-33375.6925619839,-13838.7069431185,-33378.150895623,-13838.5622014778,-33380.609229262,-13838.417459837,0,0,1,0
20140118093043.daq,129,16,885.833333333333,1,0,right,-0.151971096456521,266.766632080078,12,0.000171660976230463,70.2748641967773,846.898281211499,-3.20798492431641,0.524137437343597,0.225131943821907,3.49536628649163,-33376.3245920341,-13848.9804521284,-33378.7832627979,-13848.8415546884,-33381.2419335617,-13848.7026572483,0,0,1,0
20140118093043.daq,129,16,885.933333333333,1,0,right,-0.113027975669524,266.900421142578,12,0.000169239334588982,70.3753433227539,857.212646677246,-3.12009477615356,0.524410009384155,0.263098806142807,3.50753873165163,-33376.9294371127,-13859.2705934093,-33379.388425507,-13859.1374374856,-33381.8474139013,-13859.0042815619,0,0,1,0
20140118093043.daq,129,16,886.033333333333,1,0,right,-0.0519244927263003,267.031692504883,12,0.000166776062866088,70.4760894775391,867.541773639292,-2.98825979232788,0.52467679977417,0.234623834490776,3.53106690764875,-33377.514916136,-13869.5773703222,-33379.974203152,-13869.4498485744,-33382.433490168,-13869.3223268266,0,0,1,0
20140118093043.daq,129,16,886.133333333333,1,0,right,-0.111624271673179,267.158645629883,12,0.000164272412404154,70.5766372680664,877.885663682835,-2.94431495666504,0.523972749710083,0.291574031114578,3.55213606742431,-33378.073329595,-13879.8998461073,-33380.5328931301,-13879.7777738334,-33382.9924566653,-13879.6557015594,0,0,1,0
20140118093043.daq,129,16,886.233333333333,1,0,right,-0.162505208377354,267.283309936523,12,0.000161729400942785,70.6769409179688,888.244284170964,-2.94431495666504,0.523508727550507,0.244115486741066,3.56399122995471,-33378.6123617875,-13890.2379786948,-33381.0721851057,-13890.1212582303,-33383.5320084239,-13890.0045377659,0,0,1,0
20140118093043.daq,129,16,886.333333333333,1,0,right,-0.194232706078026,267.404891967773,12,0.000159147888472053,70.7770919799805,898.617606569685,-2.90036988258362,0.525073528289795,0.196656957268715,3.57160495458672,-33379.1320622908,-13900.592762867,-33381.5921277522,-13900.4812624231,-33384.0521932136,-13900.3697619792,0,0,1,0
20140118093043.daq,129,16,886.433333333333,1,0,right,-0.206317529649084,267.524841308594,12,0.000156528801317391,70.8770751953125,909.005605328945,-2.90036988258362,0.524976909160614,0.196656957268715,3.5722426804193,-33379.6284334347,-13910.9631915722,-33382.0887269324,-13910.8568415428,-33384.5490204301,-13910.7504915134,0,0,1,0
20140118093043.daq,129,16,886.533333333333,1,0,right,-0.20306558061128,267.64387512207,12,0.000153873468788957,70.9769134521484,919.408257975861,-2.8564248085022,0.523900389671326,0.196656957268715,3.56917799387431,-33380.1014300261,-13921.3492496718,-33382.5619391597,-13921.2480112067,-33385.0224482933,-13921.1467727415,0,0,1,0
20140118093043.daq,129,16,886.633333333333,1,0,right,-0.178598782608447,267.760269165039,12,0.000151183757578503,71.076545715332,929.825536908946,-2.81247973442078,0.525457918643951,0.244115486741066,3.57157835007445,-33380.555066341,-13931.7509757305,-33383.0157760593,-13931.654735895,-33385.4764857775,-13931.5584960594,0,0,1,0
20140118093043.daq,129,16,886.733333333333,1,0,right,-0.141661660072771,267.878082275391,12,0.000148461897862833,71.1758499145508,940.257407253303,-2.81247973442078,0.524545311927795,0.234623834490776,3.57852358261696,-33380.9890877244,-13942.1682803471,-33383.4499901314,-13942.0771004884,-33385.9108925384,-13941.9859206296,0,0,1,0
20140118093043.daq,129,16,886.833333333333,1,0,right,-0.0824961982062291,267.992813110352,12,0.000145710072456667,71.2748413085938,950.703821638745,-2.81247973442078,0.524344325065613,0.187165051698685,3.59348808443354,-33381.3998700008,-13952.6002872859,-33383.8609500552,-13952.5140353936,-33386.3220301097,-13952.4277835012,0,0,1,0
20140118093043.daq,129,16,886.933333333333,1,0,right,-0.106375924185841,268.108535766602,12,0.000142930290718169,71.372917175293,961.16470798431,-2.81247973442078,0.524422526359558,0.225131943821907,3.61585314591967,-33381.7910641161,-13963.0488590552,-33384.2523133572,-13962.9675780806,-33386.7135625982,-13962.8862971059,0,0,1,0
20140118093043.daq,129,16,887.033333333333,1,0,right,-0.217313101040986,268.223266601563,12,0.00014012442655047,71.4703598022461,971.639907301505,-2.81247973442078,0.523908495903015,0.253607153892517,3.62291239235335,-33382.1627942609,-13973.5111105471,-33384.6242013269,-13973.4347582135,-33387.0856083929,-13973.3584058799,0,0,1,0
20140118093043.daq,129,16,887.133333333333,1,0,right,-0.299822582451498,268.336578369141,12,0.000137294307313867,71.5680389404297,982.129411570997,-2.76853489875793,0.523095071315765,0.206148609519005,3.61214920978744,-33382.5150870235,-13983.9890050028,-33384.9766402751,-13983.91752065,-33387.4381935268,-13983.8460362972,0,0,1,0
20140118093043.daq,129,16,887.233333333333,1,0,right,-0.348825653465269,268.443389892578,12,0.000134441841884397,71.6658020019531,992.633248953767,-2.28513979911804,0.523991465568542,0.234623834490776,3.59059585861574,-33382.8482594893,-13994.4816827532,-33385.3099417256,-13994.414787381,-33387.771623962,-13994.3478920088,0,0,1,0
20140118093043.daq,129,16,887.333333333333,1,0,right,-0.357317045834805,268.536697387695,12,0.000131568987413422,71.7635192871094,1003.15142513798,-1.84568989276886,0.52373731136322,0.234623834490776,3.55913234018226,-33383.1588416263,-14004.9902837438,-33385.6206295389,-14004.9273973647,-33388.0824174516,-14004.8645109856,0,0,1,0
20140118093043.daq,129,16,887.433333333333,1,0,right,-0.329030183239468,268.620239257813,12,0.000128677671480818,71.860969543457,1013.68391615881,-1.84568989276886,0.52430659532547,0.234623834490776,3.5304341028414,-33383.4544112837,-14015.5147257882,-33385.9162882728,-14015.45542896,-33388.3781652619,-14015.3961321319,0,0,1,0
20140118093043.daq,129,16,887.533333333333,1,0,right,-0.273158149698816,268.703216552734,12,0.000125769532831555,71.9579772949219,1024.23066970393,-2.15330481529236,0.523363053798676,0.215640276670456,3.50527361013406,-33383.730487695,-14026.0528451975,-33386.1924479776,-14025.9971137871,-33388.6544082602,-14025.9413823766,0,0,1,0
20140118093043.daq,129,16,887.633333333333,1,0,right,-0.201589613573958,268.800521850586,12,0.000122845976807438,72.0544891357422,1034.79161443831,-2.94431495666504,0.523842036724091,0.234623834490776,3.49081295627163,-33383.9900493125,-14036.6062485912,-33386.4521006932,-14036.5546984009,-33388.9141520739,-14036.5031482106,0,0,1,0
20140118093043.daq,129,16,887.733333333333,1,0,right,-0.129874807002523,268.922180175781,12,0.000119907647154667,72.150505065918,1045.36667706873,-3.8232147693634,0.523691833019257,0.253607153892517,3.49179612216637,-33384.2324738356,-14047.1727435918,-33386.6946291246,-14047.1264212819,-33389.1567844136,-14047.080098972,0,0,1,0
20140118093043.daq,129,16,887.833333333333,1,0,right,-0.0552758431188067,269.068008422852,12,0.000116953932401613,72.2460479736328,1055.95578626023,-4.21871948242188,0.524467706680298,0.244115486741066,3.51463992188892,-33384.4577763094,-14057.7533014329,-33386.9200415221,-14057.7132459022,-33389.3823067349,-14057.6731903715,0,0,1,0
20140118093043.daq,129,16,887.933333333333,1,0,right,0.0371158376672156,269.227462768555,12,0.000113983509413485,72.3412322998047,1066.55888280007,-4.13082981109619,0.523775696754456,0.215640276670456,3.55648095855803,-33384.6588035693,-14068.3471845609,-33387.1211707214,-14068.3139816688,-33389.5835378734,-14068.2807787766,0,0,1,0
20140118093043.daq,129,16,888.033333333333,1,0,right,-0.0369312980606651,269.384124755859,12,0.000110995130502476,72.4354476928711,1077.17587754282,-3.64743494987488,0.5245121717453,0.215640276670456,3.61029012142147,-33384.8365771403,-14078.9547787928,-33387.2990258732,-14078.9283087868,-33389.7614746062,-14078.9018387809,0,0,1,0
20140118093043.daq,129,16,888.133333333333,1,0,right,-0.157654518656102,269.520874023438,12,0.000107988297002554,72.5294494628906,1087.80665271578,-2.68064475059509,0.524042427539825,0.244115486741066,3.64594756566673,-33384.992157874,-14089.5774743349,-33387.4546627698,-14089.5568815866,-33389.9171676657,-14089.5362888383,0,0,1,0
20140118093043.daq,129,16,888.233333333333,1,0,right,-0.248237571903132,269.628082275391,12,0.000104964041230191,72.6238098144531,1098.45124571156,-1.71385490894318,0.52393251657486,0.225131943821907,3.66015529558856,-33385.1222326066,-14100.2145363778,-33387.5847717235,-14100.1985513468,-33390.0473108404,-14100.1825663159,0,0,1,0
20140118093043.daq,129,16,888.333333333333,1,0,right,-0.302424312361552,269.699493408203,12,0.000101925344845653,72.7183456420898,1109.109693643,-0.878899931907654,0.523853540420532,0.225131943821907,3.65477604009186,-33385.2310909846,-14110.8680801283,-33387.6936481119,-14110.8551643177,-33390.1562052392,-14110.8422485072,0,0,1,0
20140118093043.daq,129,16,888.433333333333,1,0,right,-0.328408665061602,269.743301391602,12,0.0001,72.812873840332,1119.78200807289,-0.439449965953827,0.52346658706665,0.215640276670456,3.63494950525176,-33385.3221287909,-14121.5369381793,-33387.7846950738,-14121.5259052276,-33390.2472613566,-14121.5148722759,0,0,1,0
20140118093043.daq,129,16,888.533333333333,1,0,right,-0.337360019793437,269.77067565918,12,0.0001,72.9071731567383,1130.46817249631,-0.395504981279373,0.523879289627075,0.225131943821907,3.60001186289465,-33385.3946531874,-14132.220842688,-33387.8572244604,-14132.2109862806,-33390.3197957334,-14132.2011298731,0,0,1,0
20140118093043.daq,129,16,888.633333333333,1,0,right,-0.338662479708773,269.791000366211,12,0.0001,73.0011672973633,1141.16814551094,-0.395504981279373,0.523526012897491,0.225131943821907,3.55718526251541,-33385.4558953782,-14142.9185900094,-33387.9184699927,-14142.9096071579,-33390.3810446072,-14142.9006243065,0,0,1,0
20140118093043.daq,129,16,888.733333333333,1,0,right,-0.337534485223273,269.809494018555,12,0.0001,73.0948028564453,1151.8818776019,-0.395504981279373,0.523851811885834,0.225131943821907,3.51044549241514,-33385.5094385378,-14153.631029963,-33387.9720159235,-14153.6228419699,-33390.4345933091,-14153.6146539767,0,0,1,0
20140118093043.daq,129,16,888.833333333333,1,0,right,-0.336141930346173,269.828659057617,12,0.0001,73.1881103515625,1162.60931804209,-0.395504981279373,0.523623824119568,0.244115486741066,3.45989183446594,-33385.5551278073,-14164.357125041,-33388.017707794,-14164.3497607633,-33390.4802877807,-14164.3423964856,0,0,1,0
20140118093043.daq,129,16,888.933333333333,1,0,right,-0.335041086459796,269.848388671875,12,0.0001,73.2811965942383,1173.35042822669,-0.395504981279373,0.524531364440918,0.215640276670456,3.40366393661324,-33385.5929698101,-14175.0959012476,-33388.0555521867,-14175.0893849517,-33390.5181345632,-14175.0828686557,0,0,1,0
20140118093043.daq,129,16,889.033333333333,1,0,right,-0.335766791332048,269.870544433594,12,0.0001,73.3740615844727,1184.1051742133,-0.439449965953827,0.523774802684784,0.187165051698685,3.35257087774161,-33385.6306619265,-14185.8492661678,-33388.0932466387,-14185.8437021307,-33390.5558313509,-14185.8381380936,0,0,1,0
20140118093043.daq,129,16,889.133333333333,1,0,right,-0.335877627755906,269.893051147461,12,0.0001,73.4666900634766,1194.87352261898,-0.439449965953827,0.523087620735168,0.244115486741066,3.30055989572648,-33385.6644263,-14196.6153172831,-33388.1270130079,-14196.6107205898,-33390.5895997158,-14196.6061238964,0,0,1,0
20140118093043.daq,129,16,889.233333333333,1,0,right,-0.336706314726825,269.916519165039,12,0.0001,73.5590438842773,1205.65543735663,-0.439449965953827,0.523606657981873,0.244115486741066,3.25016548286607,-33385.6942252043,-14207.3959927431,-33388.1568135884,-14207.3924047113,-33390.6194019725,-14207.3888166795,0,0,1,0
20140118093043.daq,129,16,889.333333333333,1,0,right,-0.334596057329975,269.938034057617,12,0.0001,73.651123046875,1216.45087721047,-0.395504981279373,0.523591637611389,0.215640276670456,3.1983369316679,-33385.7202388329,-14218.1894108095,-33388.1828283907,-14218.1867474939,-33390.6454179485,-14218.1840841783,0,0,1,0
20140118093043.daq,129,16,889.433333333333,1,0,right,-0.331713441999966,269.959396362305,12,0.0001,73.7428741455078,1227.25979882002,-0.395504981279373,0.523938357830048,0.225131943821907,3.14791043045233,-33385.742355841,-14228.9965039961,-33388.2049462206,-14228.9947588389,-33390.6675366002,-14228.9930136816,0,0,1,0
20140118093043.daq,129,16,889.533333333333,1,0,right,-0.326334119600631,269.978881835938,12,0.0001,73.8343276977539,1238.08215500158,-0.439449965953827,0.524045765399933,0.215640276670456,3.09860016197293,-33385.7606827841,-14239.8173146656,-33388.2232736148,-14239.8164070001,-33390.6858644455,-14239.8154993347,0,0,1,0
20140118093043.daq,129,16,889.633333333333,1,0,right,-0.322608373093772,270.000640869141,12,0.0001,73.9254684448242,1248.91790099595,-0.395504981279373,0.523479819297791,0.234623834490776,3.04992152273606,-33385.7749631514,-14250.6507643448,-33388.2375541493,-14250.6507918896,-33390.7001451471,-14250.6508194343,0,0,1,0
20140118093043.daq,129,16,889.733333333333,1,0,right,-0.316233123743473,270.020370483398,12,0.0001,74.0163269042969,1259.76699446837,-0.395504981279373,0.523816466331482,0.215640276670456,3.00200313987096,-33385.7854628554,-14261.4989118901,-33388.2480536978,-14261.49978742,-33390.7106445401,-14261.5006629499,0,0,1,0
20140118093043.daq,129,16,889.833333333333,1,0,right,-0.303195184333163,270.034057617188,12,0.0001,74.1068954467773,1270.62939224485,0.0439449995756149,0.524513363838196,0.282082378864288,2.95913153172768,-33385.7963360081,-14272.3599031214,-33388.258926571,-14272.3613669286,-33390.721517134,-14272.3628307358,0,0,1,0
20140118093043.daq,129,16,889.933333333333,1,0,right,-0.26669451100463,270.02490234375,12,0.0001,74.1972274780273,1281.5050558138,1.09862494468689,0.524246990680695,0.196656957268715,2.91479220185401,-33385.8008078661,-14283.2341519282,-33388.2633986315,-14283.2352222389,-33390.7259893969,-14283.2362925496,0,0,1,0
20140118093043.daq,129,16,890.033333333333,1,0,right,-0.208989287126599,269.995162963867,12,0.0001,74.2873001098633,1292.3939492746,1.58201992511749,0.524826467037201,0.215640276670456,2.87701116268668,-33385.8065516478,-14294.1235552542,-33388.269142637,-14294.1233473569,-33390.7317336263,-14294.1231394595,0,0,1,0
20140118093043.daq,129,16,890.133333333333,1,0,right,-0.131651034982156,269.946411132813,12,0.0001,74.3770904541016,1303.29603262371,1.71385490894318,0.523912787437439,0.225131943821907,2.84628816141301,-33385.8134709881,-14305.0261194475,-33388.276060909,-14305.0238161811,-33390.7386508299,-14305.0215129147,0,0,1,0
20140118093043.daq,129,16,890.233333333333,1,0,right,-0.0441521828993245,269.888595581055,12,0.0001,74.4665679931641,1314.21126259389,1.71385490894318,0.524248600006104,0.206148609519005,2.82598479675002,-33385.8248580772,-14315.9435512964,-33388.2874444202,-14315.9387631017,-33390.7500307632,-14315.9339749071,0,0,1,0
20140118093043.daq,129,16,890.333333333333,1,0,right,0.043028334557107,269.831253051758,12,0.0001,74.5557098388672,1325.13959172172,1.49412989616394,0.523557662963867,0.215640276670456,2.81787666834602,-33385.8440298303,-14326.8726867448,-33388.3066101478,-14326.8654339573,-33390.7691904654,-14326.8581811698,0,0,1,0
20140118093043.daq,129,16,890.433333333333,1,0,right,0.125321415684198,269.779418945313,12,0.0001,74.64453125,1336.08097189104,1.23045992851257,0.523482322692871,0.244115486741066,2.82408653598997,-33385.8706745813,-14337.8163329861,-33388.3332473297,-14337.806852365,-33390.7958200781,-14337.7973717438,0,0,1,0
20140118093043.daq,129,16,890.533333333333,1,0,right,0.196779116078289,269.739547729492,12,0.0001,74.7330474853516,1347.03535629116,0.791009962558746,0.524417042732239,0.215640276670456,2.84149487023888,-33385.9043924018,-14348.7714044136,-33388.3669579566,-14348.76021013,-33390.8295235113,-14348.7490158463,0,0,1,0
20140118093043.daq,129,16,890.633333333333,1,0,right,0.249865851457514,269.718688964844,12,0.0001,74.8212661743164,1358.00270044262,0.0878899991512299,0.524175882339478,0.253607153892517,2.87333643599273,-33385.9447462194,-14359.7387079926,-33388.4073075357,-14359.7266172026,-33390.8698688519,-14359.7145264126,0,0,1,0
20140118093043.daq,129,16,890.733333333333,1,0,right,0.280258178710938,269.719741821289,12,0.0001,74.9092636108398,1368.98296685958,-0.527339935302734,0.523920297622681,0.225131943821907,2.92140142670576,-33385.9954622851,-14370.7181746153,-33388.4580238231,-14370.7061290768,-33390.9205853611,-14370.6940835383,0,0,1,0
20140118093043.daq,129,16,890.833333333333,1,0,right,0.25408935546875,269.745910644531,12,0.0001,74.995979309082,1379.97604448322,-1.23045992851257,0.524008631706238,0.234623834490776,2.97393122278178,-33386.0485297753,-14381.7097263138,-33388.511096558,-14381.6988055075,-33390.9736633408,-14381.6878847012,0,0,1,0
20140118093043.daq,129,16,890.933333333333,1,0,right,0.213790893554688,269.786209106445,12,0.0001,75.083137512207,1390.98186692072,-1.31834995746613,0.524510443210602,0.234623834490776,3.02986702947453,-33386.104629373,-14392.7126520197,-33388.5672032277,-14392.7034632398,-33391.0297770823,-14392.6942744599,0,0,1,0
20140118093043.daq,129,16,891.033333333333,1,0,right,0.163528442382813,269.836471557617,12,0.0001,75.1705093383789,1402.00049105356,-1.2744048833847,0.524325370788574,0.225131943821907,3.08143423087845,-33386.156206997,-14403.7280281358,-33388.618787965,-14403.7209996404,-33391.0813689329,-14403.713971145,0,0,1,0
20140118093043.daq,129,16,891.133333333333,1,0,right,0.110076904296875,269.889923095703,12,0.0001,75.2578887939453,1413.03193375971,-1.2744048833847,0.524451971054077,0.215640276670456,3.12899555832063,-33386.2036822343,-14414.7560188187,-33388.6662686876,-14414.7512876809,-33391.1288551408,-14414.7465565431,0,0,1,0
20140118093043.daq,129,16,891.233333333333,1,0,right,0.0607757568359375,269.939224243164,12,0.0001,75.3450469970703,1424.07617806797,-1.14256989955902,0.52391642332077,0.225131943821907,3.17310856317435,-33386.2475090075,-14425.7968035031,-33388.7100986201,-14425.7941913421,-33391.1726882327,-14425.791579181,0,0,1,0
20140118093043.daq,129,16,891.333333333333,1,0,right,0.0162506103515625,269.983749389648,12,0.0001,75.4318084716797,1435.13317744741,-0.92284494638443,0.524638772010803,0.206148609519005,3.20627590000807,-33386.2799132186,-14436.8513747845,-33388.7425041175,-14436.8506763281,-33391.2050950164,-14436.8499778717,0,0,1,0
20140118093043.daq,129,16,891.433333333333,1,0,right,-0.0174713134765625,270.017471313477,12,0.0001,75.5181427001953,1446.20287072708,-0.659174978733063,0.52470725774765,0.225131943821907,3.2345156988317,-33386.3090794777,-14447.918905099,-33388.7716703613,-14447.9196560217,-33391.2342612448,-14447.9204069443,0,0,1,0
20140118093043.daq,129,16,891.533333333333,1,0,right,-0.0430145263671875,270.043014526367,12,0.0001,75.604133605957,1457.28519999977,-0.439449965953827,0.523872137069702,0.225131943821907,3.25226324336575,-33386.3270326898,-14458.9983544226,-33388.7896229938,-14459.0002032005,-33391.2522132978,-14459.0020519785,0,0,1,0
20140118093043.daq,129,16,891.633333333333,1,0,right,-0.06109619140625,270.061096191406,12,0.0001,75.6898880004883,1468.3801225577,-0.351559966802597,0.499124616384506,0.244115486741066,3.26297797381331,-33386.3376345394,-14470.091658878,-33388.8002241374,-14470.0942848115,-33391.2628137353,-14470.0969107449,0,0,1,0
20140118093043.daq,129,16,891.733333333333,1,0,right,-0.0751495361328125,270.075149536133,12,0.0001,75.7753372192383,1479.48760380576,-0.307614982128143,0.421534419059753,0.244115486741066,3.26975694424493,-33386.3445790647,-14481.1977576631,-33388.8071679445,-14481.2009876134,-33391.2697568242,-14481.2042175637,0,0,1,0
20140118093043.daq,129,16,891.833333333333,1,0,right,-0.0880279541015625,270.088027954102,12,0.0001,75.8594436645508,1490.60754042472,-0.307614982128143,0.362110733985901,0.234623834490776,3.26910149610679,-33386.3437837314,-14492.3165805451,-33388.806371823,-14492.3203640134,-33391.2689599145,-14492.3241474816,0,0,1,0
20140118093043.daq,129,16,891.933333333333,1,0,right,-0.098968505859375,270.098968505859,12,0.0001,75.9366912841797,1501.73945078678,-0.307614982128143,0.363010495901108,0.253607153892517,3.26450992935709,-33386.3392018812,-14503.4471698487,-33388.8017892054,-14503.4514235448,-33391.2643765296,-14503.4556772408,0,0,1,0
20140118093043.daq,129,16,892.033333333333,1,0,right,-0.111160278320313,270.11116027832,12,0.0001,75.9971542358398,1512.88149332994,-0.263669967651367,0.368166297674179,0.253607153892517,3.25982834853374,-33386.3345428264,-14514.5874937386,-33388.7971291897,-14514.59227144,-33391.2597155531,-14514.5970491415,0,0,1,0
20140118093043.daq,129,16,892.133333333333,1,0,right,-0.121841430664063,270.121841430664,12,0.0001,76.0435104370117,1524.03129665496,-0.263669967651367,0.38241782784462,0.244115486741066,3.25136060384517,-33386.3260708505,-14525.7366438683,-33388.7886562804,-14525.7418806481,-33391.2512417103,-14525.747117428,0,0,1,0
20140118093043.daq,129,16,892.233333333333,1,0,right,-0.133224487304688,270.133224487305,12,0.0001,76.0819625854492,1535.18725101528,-0.263669967651367,0.390333324670792,0.244115486741066,3.23931873050613,-33386.3136493418,-14536.8916358935,-33388.7762336827,-14536.8973619196,-33391.2388180236,-14536.9030879456,0,0,1,0
20140118093043.daq,129,16,892.333333333333,1,0,right,-0.143829345703125,270.143829345703,12,0.0001,76.1171264648438,1546.34856333355,-0.307614982128143,0.39038023352623,0.206148609519005,3.22271021549658,-33386.2973696772,-14548.0515298442,-33388.7599529161,-14548.0577116692,-33391.222536155,-14548.0638934941,0,0,1,0
20140118093043.daq,129,16,892.433333333333,1,0,right,-0.157394409179688,270.15739440918,12,0.0001,76.1512222290039,1557.5149427681,-0.351559966802597,0.390901237726212,0.234623834490776,3.20609468222537,-33386.2809073425,-14559.215256651,-33388.7434890488,-14559.2220215047,-33391.2060707551,-14559.2287863584,0,0,1,0
20140118093043.daq,129,16,892.533333333333,1,0,right,-0.170547485351563,270.170547485352,12,0.0001,76.1848068237305,1568.68628161706,-0.351559966802597,0.391072064638138,0.234623834490776,3.1864312794116,-33386.2605642646,-14570.3848528389,-33388.723144353,-14570.3921830137,-33391.1857244414,-14570.3995131886,0,0,1,0
20140118093043.daq,129,16,892.633333333333,1,0,right,-0.18450927734375,270.184509277344,12,0.0001,76.2181243896484,1579.86252523689,-0.395504981279373,0.391394585371017,0.215640276670456,3.16595433393397,-33386.2401713533,-14581.558335048,-33388.7027495824,-14581.5662653023,-33391.1653278115,-14581.5741955566,0,0,1,0
20140118093043.daq,129,16,892.733333333333,1,0,right,-0.200653076171875,270.200653076172,12,0.0001,76.2512741088867,1591.04364182991,-0.439449965953827,0.39112052321434,0.196656957268715,3.14191606322283,-33386.2157376331,-14592.7376223093,-33388.6783135301,-14592.7462464253,-33391.140889427,-14592.7548705413,0,0,1,0
20140118093043.daq,129,16,892.833333333333,1,0,right,-0.21832275390625,270.218322753906,12,0.0001,76.2842559814453,1602.22960808401,-0.483394980430603,0.391533643007278,0.234623834490776,3.1174169903391,-33386.1912098816,-14603.920777669,-33388.6537830018,-14603.9301612284,-33391.116356122,-14603.9395447877,0,0,1,0
20140118093043.daq,129,16,892.933333333333,1,0,right,-0.23773193359375,270.237731933594,12,0.0001,76.3170700073242,1613.42039900863,-0.527339935302734,0.391358017921448,0.225131943821907,3.08478857468609,-33386.1587624555,-14615.1097488587,-33388.6213322557,-14615.1199666242,-33391.0839020558,-14615.1301843897,0,0,1,0
20140118093043.daq,129,16,893.033333333333,1,0,right,-0.257095336914063,270.257095336914,12,0.0001,76.3497161865234,1624.6159905457,-0.483394980430603,0.391128391027451,0.234623834490776,3.05226426739498,-33386.1263180163,-14626.3026270309,-33388.5888842226,-14626.3136770339,-33391.051450429,-14626.3247270369,0,0,1,0
20140118093043.daq,129,16,893.133333333333,1,0,right,-0.264312744140625,270.264312744141,12,0.0001,76.3822326660156,1635.81636078186,0.439449995756149,0.391203880310059,0.215640276670456,3.01670850785707,-33386.0907165992,-14637.5016663167,-33388.5532813941,-14637.513026523,-33391.0158461891,-14637.5243867293,0,0,1,0
20140118093043.daq,129,16,893.233333333333,1,0,right,-0.251235961914063,270.251235961914,12,0.0001,76.414680480957,1647.02149442436,1.09862494468689,0.371672242879868,0.225131943821907,2.97857619392889,-33386.052460687,-14648.7051164357,-33388.5150280105,-14648.7159146034,-33390.9775953341,-14648.726712771,0,0,1,0
20140118093043.daq,129,16,893.333333333333,1,0,right,-0.221405029296875,270.221405029297,12,0.0001,76.4465560913086,1658.23136387167,1.09862494468689,0.305615872144699,0.234623834490776,2.94162873507562,-33386.0152384634,-14659.9148417874,-33388.4778110752,-14659.9243578229,-33390.9403836871,-14659.9338738585,0,0,1,0
20140118093043.daq,129,16,893.433333333333,1,0,right,-0.182281494140625,270.182281494141,12,0.0001,76.4731903076172,1669.4456276483,1.09862494468689,0.271074116230011,0.206148609519005,2.90476562810486,-33385.9785900868,-14671.1287027574,-33388.4411686224,-14671.1365372613,-33390.903747158,-14671.1443717653,0,0,1,0
20140118093043.daq,129,16,893.533333333333,1,0,right,-0.140762329101563,270.140762329102,12,0.0001,76.4812088012695,1680.66259618707,1.05467998981476,0.270803660154343,0.225131943821907,2.87180477280774,-33385.9459965068,-14682.3465275909,-33388.4085800731,-14682.3525775949,-33390.8711636394,-14682.3586275989,0,0,1,0
20140118093043.daq,129,16,893.633333333333,1,0,right,-0.100387573242188,270.100387573242,12,0.0001,76.4673156738281,1691.87906771206,0.92284494638443,0.269293546676636,0.234623834490776,2.83886975931672,-33385.9133330048,-14693.5633457466,-33388.3759202229,-14693.5676604345,-33390.838507441,-14693.5719751225,0,0,1,0
20140118093043.daq,129,16,893.733333333333,1,0,right,-0.0625,270.0625,12,0.0001,76.4380264282227,1703.09230407819,0.878899991512299,0.232230767607689,0.215640276670456,2.81760542431544,-33385.8922353324,-14704.7771711475,-33388.3548248653,-14704.779857417,-33390.8174143981,-14704.7825436866,0,0,1,0
20140118093043.daq,129,16,893.833333333333,1,0,right,-0.023162841796875,270.023162841797,12,0.0001,76.3957672119141,1714.30030883791,0.878899991512299,0.202370598912239,0.206148609519005,2.80008626281971,-33385.8751340857,-14715.9861478631,-33388.3377248825,-14715.9871434095,-33390.8003156792,-14715.9881389558,0,0,1,0
20140118093043.daq,129,16,893.933333333333,1,0,right,0.0123291015625,269.987670898438,12,0.0001,76.3383255004883,1725.50101915084,0.615229964256287,0.2036013007164,0.253607153892517,2.78838060877308,-33385.8617021261,-14727.186239374,-33388.3242930671,-14727.1857094652,-33390.7868840081,-14727.1851795565,0,0,1,0
20140118093043.daq,129,16,894.033333333333,1,0,right,0.038360595703125,269.961639404297,12,0.0001,76.266227722168,1736.69220666076,0.219724997878075,0.203122198581696,0.234623834490776,2.78482339655377,-33385.8594047006,-14738.3763317599,-33388.3219951467,-14738.3746830093,-33390.7845855928,-14738.3730342587,0,0,1,0
20140118093043.daq,129,16,894.133333333333,1,0,right,0.058319091796875,269.941680908203,12,0.0001,76.1818389892578,1747.87188890737,0.0439449995756149,0.203486725687981,0.272590696811676,2.79030498093887,-33385.8645446422,-14749.5555323274,-33388.3271343646,-14749.5530257546,-33390.7897240869,-14749.5505191817,0,0,1,0
20140118093043.daq,129,16,894.233333333333,1,0,right,0.069305419921875,269.930694580078,12,0.0001,76.0878524780273,1759.03845241418,-0.131834983825684,0.203604564070702,0.291574031114578,2.79555269651446,-33385.8691300613,-14760.7198641651,-33388.3317192577,-14760.7168853966,-33390.7943084542,-14760.7139066282,0,0,1,0
20140118093043.daq,129,16,894.333333333333,1,0,right,0.0723724365234375,269.927627563477,12,0.0001,75.9877090454102,1770.1907404352,-0.307614982128143,0.203341439366341,0.272590696811676,2.81030849878262,-33385.8849446719,-14771.870329957,-33388.3475337053,-14771.8672193672,-33390.8101227388,-14771.8641087775,0,0,1,0
20140118093043.daq,129,16,894.433333333333,1,0,right,0.066925048828125,269.933074951172,12,0.0001,75.8839569091797,1781.32805472665,-0.527339935302734,0.204326167702675,0.234623834490776,2.82554392393507,-33385.9002329036,-14783.0049620697,-33388.3628222217,-14783.0020856102,-33390.8254115397,-14782.9992091508,0,0,1,0
20140118093043.daq,129,16,894.533333333333,1,0,right,0.05499267578125,269.945007324219,12,0.0001,75.7781143188477,1792.44998359698,-0.57128494977951,0.203120008111,0.244115486741066,2.84114934627981,-33385.9151202651,-14794.1238101273,-33388.3777101288,-14794.1214465248,-33390.8402999925,-14794.1190829223,0,0,1,0
20140118093043.daq,129,16,894.633333333333,1,0,right,0.0384521484375,269.961547851563,12,0.0001,75.6710662841797,1803.55629336579,-0.527339935302734,0.21891550719738,0.272590696811676,2.85891933582461,-33385.9336291094,-14805.2259433819,-33388.3962195528,-14805.2242906964,-33390.8588099962,-14805.2226380108,0,0,1,0
20140118093043.daq,129,16,894.733333333333,1,0,right,0.023712158203125,269.976287841797,12,0.0001,75.5640258789063,1814.64687166878,-0.263669967651367,0.255765110254288,0.206148609519005,2.87419623797617,-33385.9483430975,-14816.313472125,-33388.4109338846,-14816.3124529689,-33390.8735246717,-14816.3114338128,0,0,1,0
20140118093043.daq,129,16,894.833333333333,1,0,right,0.0124053955078125,269.987594604492,12,0.0001,75.4619827270508,1825.72203499093,-0.175779983401299,0.291797310113907,0.272590696811676,2.88968188358905,-33385.9632693409,-14827.3854599986,-33388.4258602812,-14827.3849268107,-33390.8884512214,-14827.3843936228,0,0,1,0
20140118093043.daq,129,16,894.933333333333,1,0,right,0.005523681640625,269.994476318359,12,0.0001,75.3716735839844,1836.78302717221,-0.219724982976913,0.304753065109253,0.263098806142807,2.90380062888241,-33385.9784690786,-14838.4429080688,-33388.4410600652,-14838.4426706592,-33390.9036510517,-14838.4424332496,0,0,1,0
20140118093043.daq,129,16,895.033333333333,1,0,right,-0.0022125244140625,270.002212524414,12,0.0001,75.2957000732422,1847.83182871467,-0.219724982976913,0.304762005805969,0.234623834490776,2.91556684996016,-33385.9897097864,-14849.4876397664,-33388.4523007826,-14849.4877348615,-33390.9148917788,-14849.4878299565,0,0,1,0
20140118093043.daq,129,16,895.133333333333,1,0,right,-0.0080718994140625,270.008071899414,12,0.0001,75.2325592041016,1858.87045070588,-0.219724982976913,0.304697453975677,0.215640276670456,2.92627982410402,-33386.0010664861,-14860.5236284963,-33388.4636574596,-14860.5239754292,-33390.9262484332,-14860.524322362,0,0,1,0
20140118093043.daq,129,16,895.233333333333,1,0,right,-0.0143890380859375,270.014389038086,12,0.0001,75.180290222168,1869.90063698353,-0.219724982976913,0.304553151130676,0.253607153892517,2.93464961349906,-33386.008488667,-14871.5498403033,-33388.4710795874,-14871.5504587488,-33390.9336705077,-14871.5510771943,0,0,1,0
20140118093043.daq,129,16,895.333333333333,1,0,right,-0.0215606689453125,270.021560668945,12,0.0001,75.1360473632813,1880.92378375545,-0.219724982976913,0.304740428924561,0.234623834490776,2.94106399344442,-33386.015858072,-14882.5701716655,-33388.4784488956,-14882.5710983499,-33390.9410397193,-14882.5720250344,0,0,1,0
20140118093043.daq,129,16,895.433333333333,1,0,right,-0.0278167724609375,270.027816772461,12,0.0001,75.0969619750977,1891.94084849584,-0.219724982976913,0.304754734039307,0.244115486741066,2.94522711225834,-33386.0193778103,-14893.5846661329,-33388.4819685181,-14893.5858617067,-33390.9445592259,-14893.5870572805,0,0,1,0
20140118093043.daq,129,16,895.533333333333,1,0,right,-0.03460693359375,270.034606933594,12,0.0001,75.0612411499023,1902.95244188828,-0.219724982976913,0.304776787757874,0.263098806142807,2.94839482129563,-33386.0228645728,-14904.5932880338,-33388.4854551216,-14904.5947754508,-33390.9480456704,-14904.5962628679,0,0,1,0
20140118093043.daq,129,16,895.633333333333,1,0,right,-0.0417327880859375,270.041732788086,12,0.0001,75.0278091430664,1913.95897487833,-0.219724982976913,0.304969429969788,0.225131943821907,2.951837037109,-33386.0263306178,-14915.5979953671,-33388.4889209626,-14915.5997890556,-33390.9515113073,-14915.601582744,0,0,1,0
20140118093043.daq,129,16,895.733333333333,1,0,right,-0.0498199462890625,270.049819946289,12,0.0001,74.9959259033203,1924.96072581236,-0.219724982976913,0.304882735013962,0.253607153892517,2.95510013415059,-33386.029737304,-14926.5968195863,-33388.4923273711,-14926.5989608633,-33390.9549174382,-14926.6011021403,0,0,1,0
20140118093043.daq,129,16,895.833333333333,1,0,right,-0.0555572509765625,270.055557250977,12,0.0001,74.9650802612305,1935.95788239934,-0.219724982976913,0.267567873001099,0.234623834490776,2.95463250738272,-33386.0293829136,-14937.5917953987,-33388.4919727539,-14937.5941832669,-33390.9545625942,-14937.596571135,0,0,1,0
20140118093043.daq,129,16,895.933333333333,1,0,right,-0.061767578125,270.061767578125,12,0.0001,74.9327774047852,1946.95047643694,-0.219724982976913,0.211931824684143,0.225131943821907,2.9545264068375,-33386.0289993207,-14948.5818767028,-33388.4915888877,-14948.5845314926,-33390.9541784547,-14948.5871862825,0,0,1,0
20140118093043.daq,129,16,896.033333333333,1,0,right,-0.069122314453125,270.069122314453,12,0.0001,74.8903732299805,1957.93770626898,-0.219724982976913,0.208536252379417,0.225131943821907,2.95090478192317,-33386.0246388127,-14959.5670469334,-33388.4872280186,-14959.570017832,-33390.9498172246,-14959.5729887305,0,0,1,0
20140118093043.daq,129,16,896.133333333333,1,0,right,-0.07537841796875,270.075378417969,12,0.0001,74.832878112793,1968.91760640635,-0.219724982976913,0.209545776247978,0.253607153892517,2.94582912530345,-33386.020346179,-14970.5444317051,-33388.4829350458,-14970.5476714928,-33390.9455239127,-14970.5509112804,0,0,1,0
20140118093043.daq,129,16,896.233333333333,1,0,right,-0.0824432373046875,270.082443237305,12,0.0001,74.7627944946289,1979.8881125167,-0.219724982976913,0.217194080352783,0.215640276670456,2.94124241360641,-33386.0160036183,-14981.5130074186,-33388.478592067,-14981.5165508542,-33390.9411805157,-14981.5200942898,0,0,1,0
20140118093043.daq,129,16,896.333333333333,1,0,right,-0.08758544921875,270.087585449219,12,0.0001,74.6828460693359,1990.84758221654,-0.219724982976913,0.238710328936577,0.225131943821907,2.93698950862252,-33386.011779808,-14992.4708883408,-33388.4743679287,-14992.4746527901,-33390.9369560495,-14992.4784172393,0,0,1,0
20140118093043.daq,129,16,896.433333333333,1,0,right,-0.0926971435546875,270.092697143555,12,0.0001,74.5978088378906,2001.79487321336,-0.219724982976913,0.256985306739807,0.272590696811676,2.92911984284365,-33386.0036516436,-15003.4160746753,-33388.4662394187,-15003.4200588266,-33390.9288271938,-15003.4240429778,0,0,1,0
20140118093043.daq,129,16,896.533333333333,1,0,right,-0.0994110107421875,270.099411010742,12,0.0001,74.5143508911133,2012.729738772,-0.219724982976913,0.282590568065643,0.272590696811676,2.92067197939907,-33385.9954245567,-15014.3475495476,-33388.458011848,-15014.3518222627,-33390.9205991393,-15014.3560949777,0,0,1,0
20140118093043.daq,129,16,896.633333333333,1,0,right,-0.1051025390625,270.105102539063,12,0.0001,74.4372634887695,2023.65278314185,-0.219724982976913,0.299187421798706,0.263098806142807,2.90868570515256,-33385.9833543653,-15025.268307434,-33388.44594122,-15025.2728247724,-33390.9085280748,-15025.2773421107,0,0,1,0
20140118093043.daq,129,16,896.733333333333,1,0,right,-0.11181640625,270.11181640625,12,0.0001,74.369743347168,2034.5651986898,-0.219724982976913,0.301045358181,0.263098806142807,2.89672258196305,-33385.9712210643,-15036.1773212791,-33388.4338073728,-15036.1821271811,-33390.8963936813,-15036.1869330831,0,0,1,0
20140118093043.daq,129,16,896.833333333333,1,0,right,-0.117599487304688,270.117599487305,12,0.0001,74.3127593994141,2045.46848382388,-0.219724982976913,0.30077463388443,0.187165051698685,2.88526648835046,-33385.9591452507,-15047.076592452,-33388.4217310616,-15047.0816469122,-33390.8843168725,-15047.0867013723,0,0,1,0
20140118093043.daq,129,16,896.933333333333,1,0,right,-0.123977661132813,270.123977661133,12,0.0001,74.2650146484375,2056.36411839566,-0.219724982976913,0.300756514072418,0.244115486741066,2.87326347902272,-33385.9470327112,-15057.9699895044,-33388.4096179441,-15057.9753181,-33390.8722031771,-15057.9806466955,0,0,1,0
20140118093043.daq,129,16,897.033333333333,1,0,right,-0.129989624023438,270.129989624023,12,0.0001,74.2237014770508,2067.25325588745,-0.219724982976913,0.296234667301178,0.225131943821907,2.85681181991545,-33385.9310365477,-15068.8555830676,-33388.3936212079,-15068.8611700585,-33390.8562058682,-15068.8667570495,0,0,1,0
20140118093043.daq,129,16,897.133333333333,1,0,right,-0.136703491210938,270.136703491211,12,0.0001,74.1862487792969,2078.13664797434,-0.219724982976913,0.240937829017639,0.234623834490776,2.84418644210854,-33385.9189033187,-15079.7362764201,-33388.3814873074,-15079.7421519744,-33390.8440712961,-15079.7480275288,0,0,1,0
20140118093043.daq,129,16,897.233333333333,1,0,right,-0.143585205078125,270.143585205078,12,0.0001,74.1472015380859,2089.01453812781,-0.263669967651367,0.199307665228844,0.263098806142807,2.82480455630473,-33385.898947248,-15090.6120827591,-33388.3615305133,-15090.6182540909,-33390.8241137785,-15090.6244254226,0,0,1,0
20140118093043.daq,129,20,930.683333333333,1,0,right,0.826155646854488,320.934753417969,12,0.000294491453964353,66.1074600219727,0,-4.65816974639893,0.347264319658279,0.244115486741066,2.84568703199756,-32201.9864551157,-17855.9539312864,-32203.5383922054,-17857.8659578796,-32205.0903292952,-17859.7779844727,1,0,0,0
20140118093043.daq,129,20,930.783333333333,1,0,right,0.775063816050988,321.148910522461,12,0.000293300415372573,66.1386795043945,9.69807451091765,-4.61422491073608,0.347003579139709,0.263098806142807,3.02680331452253,-32194.4919943732,-17862.0946275886,-32196.0367739679,-17864.0124415596,-32197.5815535625,-17865.9302555306,1,0,0,0
20140118093043.daq,129,20,930.883333333333,1,0,right,0.735545770054046,321.367736816406,12,0.000292082022453766,66.1697387695313,19.4007164201175,-4.52633476257324,0.347235441207886,0.272590696811676,3.22498799550845,-32186.9760096507,-17868.2135267695,-32188.5134534061,-17870.137226622,-32190.0508971615,-17872.0609264745,1,0,0,0
20140118093043.daq,129,20,930.983333333333,1,0,right,0.703117230910721,321.582077026367,12,0.000290830279629462,66.2005615234375,29.1078960746236,-4.30660963058472,0.347540974617004,0.225131943821907,3.41570337429159,-32179.4328201784,-17874.3073048597,-32180.9630567423,-17876.2367427265,-32182.4932933062,-17878.1661805933,1,0,0,0
20140118093043.daq,129,20,931.083333333333,1,0,right,0.667779443692723,321.793472290039,12,0.000289539762184619,66.2312850952148,38.8195882973596,-4.21871948242188,0.347315162420273,0.215640276670456,3.60317690412641,-32171.8643468055,-17880.3778178804,-32173.3874542255,-17882.3128884761,-32174.9105616456,-17884.2479590719,1,0,0,0
20140118093043.daq,129,20,931.183333333333,1,0,right,0.637455477375852,322.000839233398,12,0.00028820587046441,66.2619094848633,48.535779287573,-4.21871948242188,0.347551196813583,0.253607153892517,3.78743910091158,-32164.2725608595,-17886.4231826609,-32165.7886548423,-17888.3637530561,-32167.3047488252,-17890.3043234513,1,0,0,0
20140118093043.daq,129,20,931.283333333333,1,0,right,0.610567140173146,322.208862304688,12,0.000286824832124279,66.2924575805664,58.2564558972445,-4.21871948242188,0.348369240760803,0.215640276670456,3.96104841026442,-32156.6515138452,-17892.4411477559,-32158.1605522463,-17894.3872098123,-32159.6695906474,-17896.3332718687,1,0,0,0
20140118093043.daq,129,20,931.383333333333,1,0,right,0.583611438492994,322.414932250977,12,0.000285393597165691,66.3230209350586,67.9816121584809,-4.21871948242188,0.348573714494705,0.282082378864288,4.13315581997317,-32149.0071131488,-17898.4357863526,-32150.5091425999,-17900.3872632167,-32152.0111720511,-17902.3387400808,1,0,0,0
20140118093043.daq,129,20,931.483333333333,1,0,right,0.560794637751769,322.621047973633,12,0.000283909803894296,66.3537139892578,77.7112599138345,-4.21871948242188,0.34794756770134,0.234623834490776,4.3020921124446,-32141.33736841,-17904.4069710238,-32142.8323679183,-17906.3638386468,-32144.3273674265,-17908.3207062697,1,0,0,0
20140118093043.daq,129,20,931.583333333333,1,0,right,0.518569401653792,322.826965332031,12,0.000282371609490044,66.3844833374023,87.4454160412497,-4.17477464675903,0.348271369934082,0.234623834490776,4.46317090574228,-32133.6422840414,-17910.3508113288,-32135.1302410531,-17912.3130392348,-32136.6181980647,-17914.2752671407,1,0,0,0
20140118093043.daq,129,20,931.683333333333,1,0,right,0.485098456285414,323.031341552734,12,0.000280777503265094,66.4152603149414,97.1840864153637,-4.17477464675903,0.348755955696106,0.215640276670456,4.61739790294071,-32125.9218834757,-17916.2693467461,-32127.4028316945,-17918.2368697566,-32128.8837799134,-17920.204392767,1,0,0,0
20140118093043.daq,129,20,931.783333333333,1,0,right,0.462362386614473,323.236022949219,12,0.000279126140628966,66.4459991455078,106.927268052248,-4.17477464675903,0.348266214132309,0.244115486741066,4.76677645794327,-32118.1761337782,-17922.1644122951,-32119.6500438534,-17924.1372132262,-32121.1239539285,-17926.1100141573,1,0,0,0
20140118093043.daq,129,20,931.883333333333,1,0,right,0.457585547602037,323.440093994141,12,0.000277416271116078,66.4767379760742,116.674957874704,-4.17477464675903,0.348621338605881,0.253607153892517,4.91513976480779,-32110.4070039481,-17928.0341138094,-32111.8738781412,-17930.0121518589,-32113.3407523343,-17931.9901899083,1,0,0,0
20140118093043.daq,129,20,931.983333333333,1,0,right,0.463317914579477,323.644287109375,12,0.000275646633220706,66.507438659668,126.427154483994,-4.17477464675903,0.348725408315659,0.215640276670456,5.06196667109526,-32102.6125281582,-17933.878404445,-32104.0723436354,-17935.86165763,-32105.5321591126,-17937.844910815,1,0,0,0
20140118093043.daq,129,20,932.083333333333,1,0,right,0.477051735010775,323.848846435547,12,0.000273815796488519,66.5380172729492,136.183844918603,-4.17477464675903,0.348382949829102,0.244115486741066,5.21121116395483,-32094.7927024831,-17939.6972686243,-32096.2454279941,-17941.6857210409,-32097.6981535051,-17943.6741734575,1,0,0,0
20140118093043.daq,129,20,932.183333333333,1,0,right,0.431571203326598,324.052536010742,12,0.000271922006043606,66.5685577392578,145.945017149497,-4.17477464675903,0.348153859376907,0.253607153892517,5.35885633491851,-32086.9495005785,-17945.4927392406,-32088.3951478691,-17947.4863435981,-32089.8407951598,-17949.4799479557,1,0,0,0
20140118093043.daq,129,20,932.283333333333,1,0,right,0.388734843928887,324.257171630859,12,0.000269962978770321,66.5990447998047,155.71066520876,-4.17477464675903,0.34848353266716,0.253607153892517,5.49783756761152,-32079.0828925771,-17951.2607932179,-32080.5214103743,-17953.259548073,-32081.9599281715,-17955.2583029281,1,0,0,0
20140118093043.daq,129,20,932.383333333333,1,0,right,0.347016436127205,324.461578369141,12,0.000267935691534429,66.6294479370117,165.480777347118,-4.21871948242188,0.348144620656967,0.253607153892517,5.63064425875989,-32071.1928978691,-17957.0034595521,-32072.624275828,-17959.0073336904,-32074.0556537868,-17961.0112078288,1,0,0,0
20140118093043.daq,129,20,932.483333333333,1,0,right,0.297551438702499,324.671859741211,12,0.000265836139770468,66.6597290039063,175.255341349039,-4.4823899269104,0.348319321870804,0.253607153892517,5.75621317028757,-32063.277467523,-17962.7222971126,-32064.7014814352,-17964.731411047,-32066.1254953474,-17966.7405249814,0,1,0,1
20140118093043.daq,129,20,932.583333333333,1,0,right,0.230874699216429,324.903045654297,12,0.000263659264280915,66.6897354125977,185.034329612987,-5.71284961700439,0.347953408956528,0.272590696811676,5.87149038124449,-32055.3363739707,-17968.4124265228,-32056.7522696278,-17970.4272699191,-32058.1681652849,-17972.4421133154,0,1,0,1
20140118093043.daq,129,20,932.683333333333,1,0,right,0.129821518483936,325.169555664063,12,0.000261399236259995,66.7191925048828,194.817680222062,-6.59174966812134,0.347851544618607,0.263098806142807,5.97820098896901,-32047.3733218515,-17974.0729102652,-32048.779830227,-17976.0943178473,-32050.1863386025,-17978.1157254294,0,1,0,1
20140118093043.daq,129,20,932.783333333333,1,0,right,0.00663415418767954,325.459167480469,12,0.000259049895603793,66.7481994628906,204.605316619338,-6.59174966812134,0.348169952630997,0.253607153892517,6.07219787025954,-32039.3826644072,-17979.7025805729,-32040.7789372903,-17981.7310717509,-32042.1752101734,-17983.7595629289,0,1,0,1
20140118093043.daq,129,20,932.883333333333,1,0,right,-0.109594435985912,325.758209228516,12,0.000256605486180376,66.7767562866211,214.397174836435,-6.45991468429565,0.348299503326416,0.263098806142807,6.15110885734625,-32031.3646218522,-17985.2984139781,-32032.7502885365,-17987.3341650099,-32034.1359552209,-17989.3699160417,0,1,0,1
20140118093043.daq,129,20,932.983333333333,1,0,right,-0.201232417428912,326.060577392578,12,0.000254061508114169,66.8049392700195,224.193192769962,-6.37202453613281,0.348371595144272,0.253607153892517,6.21929127330185,-32023.3173368196,-17990.858852402,-32024.6922409487,-17992.9018876585,-32026.0671450778,-17994.944922915,0,1,0,1
20140118093043.daq,129,20,933.083333333333,1,0,right,-0.305803754734029,326.362045288086,12,0.000251415418941061,66.8327026367188,233.993312605911,-6.32807970046997,0.348385900259018,0.244115486741066,6.27412915980687,-32015.2389178801,-17996.3822175211,-32016.6030533777,-17998.4324586698,-32017.9671888753,-18000.4826998184,0,1,0,1
20140118093043.daq,129,20,933.183333333333,1,0,right,-0.42209766552287,326.661437988281,12,0.000248666939387761,66.8601989746094,243.797483803675,-6.19624471664429,0.348294854164124,0.206148609519005,6.31168418673296,-32007.129379994,-18001.8666334798,-32008.4827836105,-18003.9239747432,-32009.836187227,-18005.9813160067,0,1,0,1
20140118093043.daq,129,20,933.283333333333,1,0,right,-0.539370130415705,326.948043823242,12,0.00024581815289471,66.8876266479492,253.605678761734,-5.36128950119019,0.347544282674789,0.253607153892517,6.32754018154806,-31998.9869082359,-18007.3108465532,-32000.3300036985,-18009.3749320655,-32001.673099161,-18011.4390175777,0,1,0,1
20140118093043.daq,129,20,933.383333333333,1,0,right,-0.640884210360639,327.205154418945,12,0.00024287340099215,66.9152908325195,263.417910721371,-4.35055494308472,0.348488688468933,0.234623834490776,6.32420167197833,-31990.8156101959,-18012.7179032857,-31992.1494297347,-18014.7879950376,-31993.4832492736,-18016.8580867895,0,1,1,1
20140118093043.daq,129,20,933.483333333333,1,0,right,-0.716705614797775,327.431594848633,12,0.000239839011574154,66.9432601928711,273.234221924075,-3.69137978553772,0.347999930381775,0.253607153892517,6.29922001710408,-31982.6115685294,-18018.089839022,-31983.937196399,-18020.1651860231,-31985.2628242685,-18022.2405330242,0,1,1,1
20140118093043.daq,129,20,933.583333333333,1,0,right,-0.763849563130918,327.633056640625,12,0.000236722856930404,66.9716110229492,283.054663842951,-3.38376474380493,0.347854644060135,0.272590696811676,6.25610875744256,-31974.3805488096,-18023.426286653,-31975.6988712234,-18025.5062819503,-31977.0171936372,-18027.5862772476,0,1,1,1
20140118093043.daq,129,20,933.683333333333,1,0,right,-0.794625845588314,327.815658569336,12,0.000233533759800638,67.0003204345703,292.87928972282,-3.12009477615356,0.348233491182327,0.263098806142807,6.20030561768667,-31966.1244128814,-18028.7327088807,-31967.4360996562,-18030.8168951076,-31968.7477864309,-18032.9010813345,0,1,1,1
20140118093043.daq,129,20,933.783333333333,1,0,right,-0.810711582071917,327.981094360352,12,0.000230280938390454,67.0293502807617,302.708150570536,-2.72458982467651,0.347406178712845,0.244115486741066,6.13130402280724,-31957.8431287933,-18034.0089972157,-31959.1487922309,-18036.0969621127,-31960.4544556684,-18038.1849270098,0,1,1,1
20140118093043.daq,129,20,933.883333333333,1,0,right,-0.811464951484425,328.12873840332,12,0.00022697345863118,67.0586471557617,312.541290119596,-2.32908487319946,0.348509699106216,0.272590696811676,6.05635419621458,-31949.5386473111,-18039.2630069865,-31950.8389259957,-18041.3543294785,-31952.1392046804,-18043.4456519705,0,1,1,1
20140118093043.daq,129,20,933.983333333333,1,0,right,-0.799906651453,328.261627197266,12,0.000223619677275881,67.0881576538086,322.378742219145,-2.02146983146667,0.347728580236435,0.263098806142807,5.9754148461692,-31941.2148304758,-18044.4925879195,-31942.5102551649,-18046.5869205813,-31943.805679854,-18048.6812532431,0,1,1,1
20140118093043.daq,129,20,934.083333333333,1,0,right,-0.774220737829751,328.377960205078,12,0.000220226772651376,67.1178665161133,332.220537641151,-1.75779986381531,0.347043067216873,0.301065683364868,5.89256058106755,-31932.8736453389,-18049.70176546,-31934.1648150403,-18051.7987240255,-31935.4559847416,-18053.8956825911,0,1,1,1
20140118093043.daq,129,20,934.183333333333,1,0,right,-0.746610424043297,328.484313964844,12,0.000216800295105502,67.1476898193359,342.06669979095,-1.71385490894318,0.348042041063309,0.263098806142807,5.8099464632849,-31924.5150106824,-18054.8940161051,-31925.8022857383,-18056.9933677559,-31927.0895607942,-18059.0927194068,0,1,1,1
20140118093043.daq,129,20,934.283333333333,1,0,right,-0.719720882232536,328.5869140625,12,0.000213343795457223,67.1775283813477,351.91723771362,-1.71385490894318,0.347394943237305,0.301065683364868,5.7270267726467,-31916.1408060895,-18060.068932436,-31917.4243197545,-18062.1705858554,-31918.7078334195,-18064.2722392748,0,1,1,1
20140118093043.daq,129,20,934.383333333333,1,0,right,-0.692246117849493,328.686309814453,12,0.000209859811106628,67.2074127197266,361.772155698607,-1.71385490894318,0.34757462143898,0.291574031114578,5.64771646371158,-31907.7529772635,-18065.2303849342,-31909.0328430861,-18067.3342618079,-31910.3127089087,-18069.4381386815,0,0,1,0
20140118093043.daq,129,20,934.483333333333,1,0,right,-0.665595638686398,328.783920288086,12,0.00020635136893635,67.2372741699219,371.631456077113,-1.71385490894318,0.347953468561172,0.282082378864288,5.57058353463454,-31899.3495543791,-18070.378280733,-31900.6258341307,-18072.4843349629,-31901.9021138822,-18074.5903891928,0,0,1,0
20140118093043.daq,129,20,934.583333333333,1,0,right,-0.640329737616014,328.882354736328,12,0.000202820127913457,67.2670822143555,381.495131389267,-1.71385490894318,0.348373532295227,0.215640276670456,5.49601419382331,-31890.9344146804,-18075.5124487701,-31892.207074338,-18077.6206925462,-31893.4797339957,-18079.7289363222,0,0,1,0
20140118093043.daq,129,20,934.683333333333,1,0,right,-0.618273827541884,328.97932434082,12,0.000199266648010959,67.296875,391.363177438885,-1.71385490894318,0.347773879766464,0.244115486741066,5.42540648111348,-31882.5056299851,-18080.6349923457,-31883.7747197481,-18082.745387,-31885.0438095111,-18084.8557816543,0,0,1,0
20140118093043.daq,129,20,934.783333333333,1,0,right,-0.599319173858873,329.076812744141,12,0.000195691005820193,67.3266448974609,401.235592827266,-1.71385490894318,0.348192542791367,0.225131943821907,5.35949364693607,-31874.0651317769,-18085.7457813475,-31875.3306288816,-18087.858332294,-31876.5961259862,-18089.9708832405,0,0,1,0
20140118093043.daq,129,20,934.883333333333,1,0,right,-0.580557723649463,329.173828125,12,0.000192093244245177,67.356315612793,411.11236673758,-1.71385490894318,0.347930341959,0.244115486741066,5.29544841898991,-31865.6129306991,-18090.8429277643,-31866.8748489401,-18092.957618469,-31868.1367671812,-18095.0723091736,0,0,1,0
20140118093043.daq,129,20,934.983333333333,1,0,right,-0.565910232011277,329.271987915039,12,0.000188473749342875,67.3859405517578,420.993489192253,-1.71385490894318,0.347732752561569,0.263098806142807,5.23358786215582,-31857.1470565832,-18095.9282785346,-31858.4053500616,-18098.0451280677,-31859.66364354,-18100.1619776008,0,0,1,0
20140118093043.daq,129,20,935.083333333333,1,0,right,-0.553734183270308,329.368621826172,12,0.000184833453681633,67.4154434204102,430.878947882506,-1.71385490894318,0.347302705049515,0.234623834490776,5.17589172814199,-31848.669490523,-18101.0020090435,-31849.9242119776,-18103.1209777773,-31851.1789334321,-18105.2399465112,0,0,1,0
20140118093043.daq,129,20,935.183333333333,1,0,right,-0.545335430089267,329.464904785156,12,0.000181173805240443,67.4448165893555,440.76872462489,-1.66990995407104,0.347904443740845,0.215640276670456,5.11832135875883,-31840.1782668815,-18106.064042181,-31841.4294257353,-18108.1851164245,-31842.680584589,-18110.3061906679,0,0,1,0
20140118093043.daq,129,20,935.283333333333,1,0,right,-0.545450836350199,329.562088012695,12,0.000177496762553034,67.4740753173828,450.662800769758,-1.66990995407104,0.348087072372437,0.244115486741066,5.06230691694261,-31831.677279147,-18111.1123426151,-31832.924838506,-18113.2355359811,-31834.1723978649,-18115.3587293471,0,0,1,0
20140118093043.daq,129,20,935.383333333333,1,0,right,-0.545995101329936,329.655380249023,12,0.000173804834958341,67.5032958984375,460.561164381303,-1.58201992511749,0.347340077161789,0.244115486741066,5.00672667417128,-31823.1626692771,-18116.1511315797,-31824.4067698799,-18118.2763534772,-31825.6508704828,-18120.4015753746,0,0,1,0
20140118093043.daq,129,20,935.483333333333,1,0,right,-0.554328985653967,329.749053955078,12,0.000170101138448095,67.5324401855469,470.463809211884,-1.49412989616394,0.348593503236771,0.168181732296944,4.94960960764459,-31814.6363468702,-18121.1762220636,-31815.8769712556,-18123.3034751181,-31817.117595641,-18125.4307281725,0,0,1,0
20140118093043.daq,129,20,935.583333333333,1,0,right,-0.559438845637317,329.834991455078,12,0.000166389505382074,67.5615081787109,480.370721460749,-1.18651497364044,0.348819047212601,0.253607153892517,4.88759285596071,-31806.0964383993,-18126.1881480338,-31807.3338707399,-18128.3172594978,-31808.5713030804,-18130.4463709617,0,0,1,0
20140118093043.daq,129,20,935.683333333333,1,0,right,-0.556455457381787,329.906829833984,12,0.000162674564622982,67.590705871582,490.281904205091,-0.351559966802597,0.34855854511261,0.253607153892517,4.82742874587063,-31797.5469096015,-18131.1912347163,-31798.7816714556,-18133.3218960191,-31800.0164333097,-18135.4525573219,0,0,1,0
20140118093043.daq,129,20,935.783333333333,1,0,right,-0.529231687046604,329.947326660156,12,0.00015896168180739,67.6200942993164,500.197383181461,0.791009962558746,0.349497318267822,0.244115486741066,4.76534037177476,-31788.9840172291,-18136.1866171612,-31790.2172728172,-18138.318150665,-31791.4505284053,-18140.4496841688,0,0,1,0
20140118093043.daq,129,20,935.883333333333,1,0,right,-0.47962019727936,329.960632324219,12,0.000155256775628082,67.6496429443359,510.117184312905,1.09862494468689,0.349188894033432,0.187165051698685,4.70418246370676,-31780.413576222,-18141.1740229238,-31781.6463367759,-18143.3058427662,-31782.8790973297,-18145.4376626086,0,0,1,0
20140118093043.daq,129,20,935.983333333333,1,0,right,-0.42172598848623,329.959655761719,12,0.000151565846822454,67.6792831420898,520.041327461317,1.09862494468689,0.34839078783989,0.244115486741066,4.64655185108034,-31771.8335075218,-18146.1584621808,-31773.0663044107,-18148.2902610114,-31774.2991012996,-18150.422059842,0,0,1,0
20140118093043.daq,129,20,936.083333333333,1,0,right,-0.360981006423685,329.955078125,12,0.000147894295083474,67.7089614868164,529.969822044783,0.834954977035522,0.348987489938736,0.244115486741066,4.59014741215182,-31763.2456610902,-18151.1392321332,-31764.4786282949,-18153.2709324629,-31765.7115954995,-18155.4026327926,0,0,1,0
20140118093043.daq,129,20,936.183333333333,1,0,right,-0.280266097279878,329.957885742188,12,0.000144246339617439,67.7385482788086,539.902662934655,0.439449995756149,0.348981767892838,0.234623834490776,4.5432424343032,-31754.6518839821,-18156.1195161461,-31755.8847467273,-18158.2512768913,-31757.1176094726,-18160.3830376365,0,0,1,0
20140118093043.daq,129,20,936.283333333333,1,0,right,-0.220083444509271,329.975250244141,12,0.000140624793597646,67.7680740356445,549.839838568136,-0.131834983825684,0.348947376012802,0.291574031114578,4.50878604683689,-31746.0560134005,-18161.0988423081,-31747.2882300212,-18163.2309765963,-31748.520446642,-18165.3631108846,0,0,1,0
20140118093043.daq,129,20,936.383333333333,1,0,right,-0.186032152834514,330.011627197266,12,0.000137030310098009,67.7975234985352,559.781339806876,-0.57128494977951,0.348998099565506,0.234623834490776,4.48494194146283,-31737.4541012176,-18166.0788704075,-31738.6849639032,-18168.2117865973,-31739.9158265887,-18170.3447027871,0,0,1,0
20140118093043.daq,129,20,936.483333333333,1,0,right,-0.170292272097981,330.061584472656,12,0.00013346045704805,67.8268356323242,569.727149679682,-0.74706494808197,0.348687767982483,0.253607153892517,4.4666030487084,-31728.8462015924,-18171.0560513715,-31730.0752040802,-18173.1900399629,-31731.3042065681,-18175.3240285543,0,0,1,0
20140118093043.daq,129,20,936.583333333333,1,0,right,-0.166813120930499,330.117828369141,12,0.000129912243820375,67.8560485839844,579.677251681584,-0.791009962558746,0.348548918962479,0.253607153892517,4.4552776435812,-31720.2343390278,-18176.0308649788,-31721.4612461128,-18178.1660589813,-31722.6881531977,-18180.3012529838,0,0,1,0
20140118093043.daq,129,20,936.683333333333,1,0,right,-0.172542458501766,330.177307128906,12,0.000126383373569017,67.8851699829102,589.631631732096,-0.74706494808197,0.348533511161804,0.234623834490776,4.44887756165969,-31711.6146371788,-18181.0035119712,-31712.8393270578,-18183.1399784754,-31714.0640169368,-18185.2764449796,0,0,1,0
20140118093043.daq,129,20,936.783333333333,1,0,right,-0.175135443908061,330.227676391602,12,0.000122872912598015,67.9141540527344,599.59027360598,0.0439449995756149,0.349091857671738,0.244115486741066,4.44238977475726,-31702.9891650881,-18185.9708988158,-31704.2119763061,-18188.1084411308,-31705.4347875242,-18190.2459834458,0,0,1,0
20140118093043.daq,129,20,936.883333333333,1,0,right,-0.159668524516405,330.254013061523,12,0.000119381673200846,67.9430923461914,609.553160518532,1.09862494468689,0.348910301923752,0.244115486741066,4.43768399087915,-31694.3541537809,-18190.9359615362,-31695.5759823237,-18193.0740657048,-31696.7978108665,-18195.2121698733,0,0,1,0
20140118093043.daq,129,20,936.983333333333,1,0,right,-0.126019208362777,330.256195068359,12,0.000115912187981158,67.9720306396484,619.520292842753,1.36229491233826,0.348813056945801,0.244115486741066,4.43224054587697,-31685.7115553368,-18195.8967553556,-31686.9333024528,-18198.0349060537,-31688.1550495688,-18200.1730567518,0,0,1,0
20140118093043.daq,129,20,937.083333333333,1,0,right,-0.0848072443602632,330.244842529297,12,0.000112468380331511,68.0009002685547,629.491665449983,1.31834995746613,0.348950356245041,0.225131943821907,4.42737845556836,-31677.061270488,-18200.8564872635,-31678.2834412315,-18202.9943958437,-31679.5056119749,-18205.1323044239,0,0,1,0
20140118093043.daq,129,20,937.183333333333,1,0,right,-0.045279147981546,330.229202270508,12,0.000109054931832226,68.0296478271484,639.46726314073,1.31834995746613,0.348959177732468,0.225131943821907,4.42419140976345,-31668.4071195822,-18205.8145483464,-31669.6298738736,-18207.9521232261,-31670.852628165,-18210.0896981058,0,0,1,0
20140118093043.daq,129,20,937.283333333333,1,0,right,-0.00818236336374412,330.210021972656,12,0.000105676665049527,68.0583343505859,649.44707136826,1.53807497024536,0.348940879106522,0.225131943821907,4.42401428579682,-31659.747142724,-18210.7747955938,-31660.97061252,-18212.9119610253,-31662.1940823161,-18215.0491264568,0,0,1,0
20140118093043.daq,129,20,937.383333333333,1,0,right,0.0295045030024994,330.184280395508,12,0.000102338104822861,68.0869750976563,659.431083232186,1.7577999830246,0.349325150251389,0.263098806142807,4.42868283362049,-31651.0852747723,-18215.7393810055,-31652.3097046205,-18217.8759965466,-31653.5341344686,-18220.0126120877,0,0,1,0
20140118093043.daq,129,20,937.483333333333,1,0,right,0.0640278614341128,330.155731201172,12,0.0001,68.1155319213867,669.419290619902,1.7577999830246,0.348782658576965,0.244115486741066,4.43770215915861,-31642.4214809181,-18220.7080573894,-31643.6469752415,-18222.8440625595,-31644.8724695649,-18224.9800677296,0,0,1,0
20140118093043.daq,129,20,937.583333333333,1,0,right,0.0952351065092785,330.124526977539,12,0.0001,68.1440277099609,679.411682621343,1.7577999830246,0.349035531282425,0.234623834490776,4.45068117808168,-31633.7538068686,-18225.6827677862,-31634.9804643137,-18227.8181052152,-31636.2071217589,-18229.9534426442,0,0,1,0
20140118093043.daq,129,20,937.683333333333,1,0,right,0.122103789505843,330.091690063477,12,0.0001,68.1723937988281,689.408244596525,1.80174493789673,0.347985297441483,0.244115486741066,4.4668079043894,-31625.0861494466,-18230.661491738,-31626.3140304784,-18232.7961258039,-31627.5419115101,-18234.9307598698,0,0,1,0
20140118093043.daq,129,20,937.783333333333,1,0,right,0.140752526400888,330.060852050781,12,0.0001,68.2006454467773,699.408959014756,1.7577999830246,0.348539710044861,0.206148609519005,4.48746260683806,-31616.4184742009,-18235.6478964516,-31617.6475039679,-18237.7818693323,-31618.8765337348,-18239.915842213,0,0,1,0
20140118093043.daq,129,20,937.883333333333,1,0,right,0.147537093434096,330.036056518555,12,0.0001,68.2287368774414,709.413804988391,1.23045992851257,0.349192053079605,0.215640276670456,4.50975258756496,-31607.7468359876,-18240.6417158431,-31608.9767891453,-18242.7751566445,-31610.206742303,-18244.9085974459,0,0,1,0
20140118093043.daq,129,20,937.983333333333,1,0,right,0.228259597735189,330.027282714844,12,0.0001,68.2567367553711,719.422763028531,0.703119993209839,0.349223971366882,0.225131943821907,4.53919351707064,-31599.0769980677,-18245.6383870071,-31600.3072779086,-18247.7716394386,-31601.5375577495,-18249.9048918701,0,0,1,0
20140118093043.daq,129,20,938.083333333333,1,0,right,0.248215813054401,330.029800415039,12,0.0001,68.2846908569336,729.435824929307,0.527339994907379,0.349025696516037,0.253607153892517,4.58218117898044,-31590.4031458422,-18250.6401744407,-31591.6333319422,-18252.7734809313,-31592.8635180421,-18254.9067874219,0,0,1,0
20140118093043.daq,129,20,938.183333333333,1,0,right,0.218860769077764,330.0390625,12,0.0001,68.3125839233398,739.45298248488,0.527339994907379,0.348899632692337,0.234623834490776,4.62751886490163,-31581.7292291191,-18255.6473773881,-31582.9590703457,-18257.7808827152,-31584.1889115724,-18259.9143880423,0,0,1,0
20140118093043.daq,129,20,938.283333333333,1,0,right,0.209876154420158,330.053451538086,12,0.0001,68.3404235839844,749.474226463659,0.527339994907379,0.349061816930771,0.225131943821907,4.67157332565339,-31573.0513572987,-18260.6561960192,-31574.2806626864,-18262.7900101365,-31575.509968074,-18264.9238242538,0,0,1,0
20140118093043.daq,129,20,938.383333333333,1,0,right,0.201448209646514,330.067031860352,12,0.0001,68.3682327270508,759.499550990986,0.527339994907379,0.349338382482529,0.244115486741066,4.71800092155159,-31564.3715402964,-18265.6670209681,-31565.60033989,-18267.8011263971,-31566.8291394837,-18269.9352318261,0,0,1,0
20140118093043.daq,129,20,938.483333333333,1,0,right,0.192115340630551,330.081344604492,12,0.0001,68.3959579467773,769.528948513755,0.483394980430603,0.349113196134567,0.234623834490776,4.7620141245674,-31555.685857164,-18270.6777976788,-31556.9141236101,-18272.8122100009,-31558.1423900563,-18274.946622323,0,0,1,0
20140118093043.daq,129,20,938.583333333333,1,0,right,0.184018347331289,330.094085693359,12,0.0001,68.4235916137695,779.562406256926,0.483394980430603,0.348443299531937,0.244115486741066,4.80653337123092,-31546.9962829417,-18275.6906309295,-31548.2240747198,-18277.8253163332,-31549.4518664979,-18279.960001737,0,0,1,0
20140118093043.daq,129,20,938.683333333333,1,0,right,0.174351827546445,330.108215332031,12,0.0001,68.4511184692383,789.599909860262,0.483394980430603,0.348913669586182,0.263098806142807,4.84968076320064,-31538.3008363651,-18280.7033727537,-31539.5281016738,-18282.8383608767,-31540.7553669826,-18284.9733489997,0,0,1,0
20140118093043.daq,129,20,938.783333333333,1,0,right,0.163747648858475,330.122955322266,12,0.0001,68.4785232543945,799.641440860578,0.483394980430603,0.348854392766953,0.253607153892517,4.889672607689,-31529.6034311163,-18285.7141212427,-31530.8301471345,-18287.849425023,-31532.0568631527,-18289.9847288033,0,0,1,0
20140118093043.daq,129,20,938.883333333333,1,0,right,0.152113234733292,330.138473510742,12,0.0001,68.5058975219727,809.686988068082,0.527339994907379,0.348664313554764,0.253607153892517,4.92934559274657,-31520.8982062658,-18290.7267715929,-31522.1243439058,-18292.862407543,-31523.3504815459,-18294.998043493,0,0,1,0
20140118093043.daq,129,20,938.983333333333,1,0,right,0.143520036104178,330.150756835938,12,0.0001,68.5332107543945,819.736546260858,0.615229964256287,0.348667621612549,0.272590696811676,4.96775496025171,-31512.1910590723,-18295.7396348583,-31513.416738837,-18297.8755336241,-31514.6424186017,-18300.0114323899,0,0,1,0
20140118093043.daq,129,20,939.083333333333,1,0,right,0.138625266441124,330.159027099609,12,0.0001,68.560417175293,829.790102011139,0.834954977035522,0.349002957344055,0.244115486741066,5.00360707459239,-31503.4780904811,-18300.7508091639,-31504.7034619303,-18302.8868848262,-31505.9288333795,-18305.0229604884,0,0,1,0
20140118093043.daq,129,20,939.183333333333,1,0,right,0.139189394470122,330.161636352539,12,0.0001,68.5875854492188,839.847645900831,0.92284494638443,0.348754614591599,0.177673399448395,5.03797151168185,-31494.7593158992,-18305.7643092654,-31495.9845900702,-18307.9004407289,-31497.2098642411,-18310.0365721924,0,0,1,0
20140118093043.daq,129,20,939.283333333333,1,0,right,0.14225485138445,330.161483764648,12,0.0001,68.6146697998047,849.909168791615,0.92284494638443,0.348718255758286,0.225131943821907,5.07314409755287,-31486.0386142115,-18310.7779911856,-31487.2638940714,-18312.914119386,-31488.4891739312,-18315.0502475865,0,0,1,0
20140118093043.daq,129,20,939.383333333333,1,0,right,0.145949208227648,330.160400390625,12,0.0001,68.6416778564453,859.974658467938,0.92284494638443,0.349057197570801,0.225131943821907,5.1050974500245,-31477.3120619173,-18315.7917343819,-31478.5373821677,-18317.9278394138,-31479.7627024182,-18320.0639444457,0,0,1,0
20140118093043.daq,129,20,939.483333333333,1,0,right,0.15083251439512,330.157913208008,12,0.0001,68.6686019897461,870.044102714273,0.92284494638443,0.348874807357788,0.234623834490776,5.13775765579737,-31468.5816166025,-18320.8075231188,-31469.8070295791,-18322.9435749581,-31471.0324425557,-18325.0796267974,0,0,1,0
20140118093043.daq,129,20,939.583333333333,1,0,right,0.152324870466089,330.15852355957,12,0.0001,68.6954727172852,880.117491646291,0.791009962558746,0.348985522985458,0.225131943821907,5.17170256928678,-31459.8491889759,-18325.8250610631,-31461.0745791978,-18327.9611259561,-31462.2999694197,-18330.0971908492,0,0,1,0
20140118093043.daq,129,20,939.683333333333,1,0,right,0.146391751322028,330.16633605957,12,0.0001,68.7222747802734,890.194817244628,0.351559996604919,0.348764657974243,0.234623834490776,5.2044656594222,-31451.1127872678,-18330.8440779943,-31452.3378862177,-18332.9803099542,-31453.5629851676,-18335.1165419141,0,0,1,0
20140118093043.daq,129,20,939.783333333333,1,0,right,0.125091923615287,330.189254760742,12,0.0001,68.7489624023438,900.276065522041,-0.263669967651367,0.348905444145203,0.215640276670456,5.23692375608675,-31442.3723374347,-18335.8640535092,-31443.5965817793,-18338.0007753461,-31444.8208261239,-18340.137497183,0,0,1,0
20140118093043.daq,129,20,939.883333333333,1,0,right,0.0843055162649193,330.231399536133,12,0.0001,68.7755661010742,910.361222118263,-0.74706494808197,0.348829180002213,0.234623834490776,5.26860979836748,-31433.6278021833,-18340.8847161699,-31434.8504744988,-18343.02233794,-31436.0731468144,-18345.1599597102,0,0,1,0
20140118093043.daq,129,20,939.983333333333,1,0,right,0.0291435845310843,330.287643432617,12,0.0001,68.8020477294922,920.450271460839,-0.966789960861206,0.349133640527725,0.225131943821907,5.29342499203237,-31424.8792318432,-18345.9005438345,-31426.0998051924,-18348.0393648,-31427.3203785417,-18350.1781857655,0,0,1,0
20140118093043.daq,129,20,940.083333333333,1,0,right,-0.0350630087497166,330.352691650391,12,0.0001,68.8283843994141,930.543193314857,-1.01073491573334,0.348847359418869,0.234623834490776,5.31348488224228,-31416.1247247199,-18350.913837983,-31417.3428690677,-18353.0540432935,-31418.5610134155,-18355.1942486041,0,0,1,0
20140118093043.daq,129,20,940.183333333333,1,0,right,-0.102536087823523,330.420745849609,12,0.0001,68.8546447753906,940.639973226818,-1.01073491573334,0.349127918481827,0.234623834490776,5.32645624348997,-31407.3623825357,-18355.9230271849,-31408.5779839535,-18358.0646778606,-31409.7935853712,-18360.2063285362,0,0,1,0
20140118093043.daq,129,20,940.283333333333,1,0,right,-0.171703998078215,330.490234375,12,0.0001,68.8807830810547,950.740596090494,-1.01073491573334,0.348734468221664,0.225131943821907,5.33060971652813,-31398.5922202062,-18360.9262617733,-31399.805223329,-18363.0693851592,-31401.0182264519,-18365.2125085452,0,0,1,0
20140118093043.daq,129,20,940.383333333333,1,0,right,-0.241483369673858,330.560073852539,12,0.0001,68.9068298339844,960.845044002199,-1.01073491573334,0.349281460046768,0.339032560586929,5.32253927020896,-31389.8142477841,-18365.9197068481,-31391.0246376916,-18368.064307206,-31392.2350275991,-18370.208907564,0,0,1,0
20140118093043.daq,129,20,940.483333333333,1,0,right,-0.310999060315623,330.62939453125,12,0.0001,68.9327926635742,970.953306797863,-0.92284494638443,0.348581403493881,0.244115486741066,5.30401063724284,-31381.0265199545,-18370.9073259777,-31382.2343142803,-18373.053389185,-31383.4421086061,-18375.1994523924,0,0,1,0
20140118093043.daq,129,20,940.583333333333,1,0,right,-0.370079959650127,330.688018798828,12,0.0001,68.9586563110352,981.065370490214,-0.219724982976913,0.349448591470718,0.215640276670456,5.27278909168253,-31372.2291262435,-18375.8858838154,-31373.4347241146,-18378.033181698,-31374.6403219856,-18380.1804795806,0,0,1,0
20140118093043.daq,129,20,940.683333333333,1,0,right,-0.408715188383781,330.725936889648,12,0.0001,68.9844589233398,991.181220812272,0.57128494977951,0.348118990659714,0.234623834490776,5.23216098116198,-31363.4241053476,-18380.8579936549,-31364.6282818827,-18383.0060889265,-31365.8324584177,-18385.1541841981,0,0,1,0
20140118093043.daq,129,20,940.783333333333,1,0,right,-0.428049156421423,330.744293212891,12,0.0001,69.0102691650391,1001.30085767079,0.791009962558746,0.348878771066666,0.244115486741066,5.1810353848579,-31354.6094914184,-18385.823580414,-31355.8129796886,-18387.9720613674,-31357.0164679588,-18390.1205423208,0,0,1,0
20140118093043.daq,129,20,940.883333333333,1,0,right,-0.438885085764582,330.753890991211,12,0.0001,69.0359802246094,1011.4242726734,0.659174978733063,0.349388837814331,0.225131943821907,5.12303294886967,-31345.7871418697,-18390.785838298,-31346.9902702249,-18392.9345208209,-31348.1933985801,-18395.0832033438,0,0,1,0
20140118093043.daq,129,20,940.983333333333,1,0,right,-0.450546096897938,330.764053344727,12,0.0001,69.0616989135742,1021.55145854673,0.351559996604919,0.348750084638596,0.244115486741066,5.0611363758919,-31336.9608812499,-18395.7461058215,-31338.1636284818,-18397.8950017054,-31339.3663757137,-18400.0438975892,0,0,1,0
20140118093043.daq,129,20,941.083333333333,1,0,right,-0.466602746858769,330.778350830078,12,0.0001,69.0874176025391,1031.6824178085,0.307614982128143,0.349440187215805,0.225131943821907,4.991438538661,-31328.1267722204,-18400.7021944504,-31329.3289831833,-18402.8513903987,-31330.5311941461,-18405.000586347,0,0,1,0
20140118093043.daq,129,20,941.183333333333,1,0,right,-0.487405986270005,330.797134399414,12,0.0001,69.1130676269531,1041.81714383806,0.351559996604919,0.349143475294113,0.253607153892517,4.91919528302171,-31319.2887181859,-18405.6579872683,-31320.4902245022,-18407.8075772281,-31321.6917308186,-18409.9571671879,0,0,1,0
20140118093043.daq,129,20,941.283333333333,1,0,right,-0.503007086698403,330.810455322266,12,0.0001,69.1386413574219,1051.95562647134,0.74706494808197,0.349171370267868,0.234623834490776,4.84498560848624,-31310.4468056703,-18410.6141402152,-31311.6478121875,-18412.7640094598,-31312.8488187047,-18414.9138787045,0,0,1,0
20140118093043.daq,129,20,941.383333333333,1,0,right,-0.508553754050979,330.813461303711,12,0.0001,69.1641693115234,1062.09785601053,1.18651497364044,0.349169701337814,0.215640276670456,4.76641611497084,-31301.5991233532,-18415.5690201398,-31302.8000170774,-18417.7189523914,-31304.0009108016,-18419.868884643,0,0,1,0
20140118093043.daq,129,20,941.483333333333,1,0,right,-0.501345182084322,330.803451538086,12,0.0001,69.1896667480469,1072.24382760669,1.53807497024536,0.348813623189926,0.234623834490776,4.68628934000187,-31292.7476476956,-18420.5247582568,-31293.9489170018,-18422.6744806754,-31295.1501863081,-18424.8242030941,0,0,1,0
20140118093043.daq,129,20,941.583333333333,1,0,right,-0.486889793859348,330.785934448242,12,0.0001,69.2150955200195,1082.3935350122,1.53807497024536,0.348506808280945,0.234623834490776,4.6059492568528,-31283.8923311971,-18425.4829444562,-31285.0942576838,-18427.6322995093,-31286.2961841705,-18429.7816545623,0,0,1,0
20140118093043.daq,129,20,941.683333333333,1,0,right,-0.470726533188383,330.766448974609,12,0.0001,69.2404327392578,1092.54696526552,1.2744048833847,0.34891864657402,0.244115486741066,4.52505575842932,-31275.0331259719,-18430.4432135068,-31276.2357833539,-18432.5921596776,-31277.4384407359,-18434.7411058484,0,0,1,0
20140118093043.daq,129,20,941.783333333333,1,0,right,-0.465153848832699,330.757232666016,12,0.0001,69.2656631469727,1102.70410326041,0.791009962558746,0.349018007516861,0.244115486741066,4.4450233679984,-31266.1718782998,-18435.4067117421,-31267.3748813348,-18437.5554644317,-31268.5778843698,-18439.7042171214,0,0,1,0
20140118093043.daq,129,20,941.883333333333,1,0,right,-0.469703254427316,330.757934570313,12,0.0001,69.2908020019531,1112.86493407715,0.483394980430603,0.348774999380112,0.234623834490776,4.36580567822281,-31257.3085909191,-18440.3734623426,-31258.5115676307,-18442.5222297695,-31259.7145443422,-18444.6709971964,0,0,1,0
20140118093043.daq,129,20,941.983333333333,1,0,right,-0.487895130460629,330.772018432617,12,0.0001,69.3158721923828,1123.02944773816,0.26366999745369,0.349238961935043,0.234623834490776,4.28425812403229,-31248.4432336512,-18445.3393306938,-31249.6456821384,-18447.4883937592,-31250.8481306256,-18449.6374568246,0,0,1,0
20140118093043.daq,129,20,942.083333333333,1,0,right,-0.514068464192007,330.793823242188,12,0.0001,69.3408737182617,1133.19763286713,0.0878899991512299,0.349096924066544,0.253607153892517,4.20319941919912,-31239.5739032122,-18450.3085962073,-31240.7755337526,-18452.4581167277,-31241.977164293,-18454.6076372482,0,0,1,0
20140118093043.daq,129,20,942.183333333333,1,0,right,-0.547307729678096,330.82243347168,12,0.0001,69.3658294677734,1143.36948153796,0.0439449995756149,0.348529249429703,0.234623834490776,4.12203916385811,-31230.7025612358,-18455.2793660487,-31231.9031182791,-18457.4294863266,-31233.1036753224,-18459.5796066044,0,0,1,0
20140118093043.daq,129,20,942.283333333333,1,0,right,-0.582827701646352,330.852981567383,12,0.0001,69.3906707763672,1153.5449824676,0,0.349182277917862,0.253607153892517,4.03455530759074,-31221.8253441112,-18460.2480548558,-31223.0247546153,-18462.3988149228,-31224.2241651194,-18464.5495749899,0,0,1,0
20140118093043.daq,129,20,942.383333333333,1,0,right,-0.620040749083046,330.885040283203,12,0.0001,69.4154357910156,1163.72412082955,-0.0439449958503246,0.349096924066544,0.225131943821907,3.94407764619317,-31212.9442088366,-18465.2166439027,-31214.1424157379,-18467.3680747394,-31215.3406226393,-18469.519505576,0,0,1,0
20140118093043.daq,129,20,942.483333333333,1,0,right,-0.659818390802911,330.919403076172,12,0.0001,69.4401702880859,1173.90688953691,-0.0439449958503246,0.348882436752319,0.234623834490776,3.84684860369379,-31204.0571956715,-18470.1811745886,-31205.2541120499,-18472.3333236556,-31206.4510284283,-18474.4854727225,0,0,1,0
20140118093043.daq,129,20,942.583333333333,1,0,right,-0.699371920429485,330.953186035156,12,0.0001,69.4648284912109,1184.09328112986,-0.0878899917006493,0.34897056221962,0.244115486741066,3.74394259943531,-31195.1643294242,-18475.1437902172,-31196.3599766362,-18477.2966446405,-31197.5556238482,-18479.4494990638,0,0,1,0
20140118093043.daq,129,20,942.683333333333,1,0,right,-0.739857967775322,330.987731933594,12,0.0001,69.4893951416016,1194.28328124814,-0.0878899917006493,0.349066615104675,0.253607153892517,3.63465265089903,-31186.2655986538,-18480.1044022267,-31187.4599476072,-18482.2579771617,-31188.6542965606,-18484.4115520968,0,0,1,0
20140118093043.daq,129,20,942.783333333333,1,0,right,-0.781748939245688,331.023422241211,12,0.0001,69.5138626098633,1204.47687748969,-0.0878899917006493,0.348854154348373,0.234623834490776,3.51724208868698,-31177.3610002361,-18485.0590791917,-31178.5540074673,-18487.2133976848,-31179.7470146984,-18489.367716178,0,0,1,0
20140118093043.daq,129,20,942.883333333333,1,0,right,-0.822909888446645,331.058013916016,12,0.0001,69.5382614135742,1214.67405791874,-0.0878899917006493,0.349306970834732,0.234623834490776,3.39331405666018,-31168.4505531252,-18490.0118753234,-31169.6422594937,-18492.1669136884,-31170.8339658622,-18494.3219520534,0,0,1,0
20140118093043.daq,129,20,942.983333333333,1,0,right,-0.864334345946475,331.092712402344,12,0.0001,69.5625762939453,1224.87481004,-0.0878899917006493,0.34911835193634,0.253607153892517,3.26214246061899,-31159.5342471253,-18494.9607579828,-31160.724648178,-18497.1165176533,-31161.9150492308,-18499.2722773238,0,0,1,0
20140118093043.daq,129,20,943.083333333333,1,0,right,-0.90667008074405,331.127944946289,12,0.0001,69.5868225097656,1235.07912322316,-0.0878899917006493,0.349069148302078,0.225131943821907,3.12394202692295,-31150.6120786997,-18499.9056989785,-31151.8011538993,-18502.0621902474,-31152.990229099,-18504.2186815164,0,0,1,0
20140118093043.daq,129,20,943.183333333333,1,0,right,-0.947750096604238,331.161773681641,12,0.0001,69.6109848022461,1245.28698665139,-0.0439449958503246,0.349042743444443,0.244115486741066,2.97719838752808,-31141.6840639356,-18504.8468261775,-31142.8718656864,-18507.0040191277,-31144.0596674372,-18509.1612120779,0,0,1,0
20140118093043.daq,129,20,943.283333333333,1,0,right,-0.990375611920342,331.196762084961,12,0.0001,69.6350555419922,1255.49838736322,0,0.348853677511215,0.272590696811676,2.82491013469519,-31132.7482284462,-18509.7859235576,-31133.934712658,-18511.9438414519,-31135.1211968699,-18514.1017593462,0,0,1,0
20140118093043.daq,129,21,962.183333333333,1,0,right,0.485219805834561,311.843612670898,12,-0.000248948971684475,65.8467559814453,0,5.09761953353882,0.531687259674072,0.158690065145493,2.73276330119998,-29813.2333565329,-19490.8189305743,-29815.0679090811,-19492.4617243445,-29816.9024616292,-19494.1045181148,1,0,0,0
20140118093043.daq,129,21,962.283333333333,1,0,right,0.49899413504852,311.702713012695,12,-0.000248741864716611,65.9680099487305,9.66644438499497,5.09761953353882,0.53075498342514,0.158690065145493,2.77927614723676,-29806.7648858506,-19498.0109078165,-29808.6034727451,-19499.6491851603,-29810.4420596395,-19501.287462504,1,0,0,0
20140118093043.daq,129,21,962.383333333333,1,0,right,0.501744894590047,311.560806274414,12,-0.00024852927213505,66.0887298583984,19.3506341207758,5.09761953353882,0.530572295188904,0.168181732296944,2.82814321379056,-29800.3003721598,-19505.2302783004,-29802.1430109976,-19506.8639969226,-29803.9856498355,-19508.4977155449,1,0,0,0
20140118093043.daq,129,21,962.483333333333,1,0,right,0.503352889000269,311.419784545898,12,-0.000248312693294413,66.2089309692383,29.0524903192272,5.05367469787598,0.564610600471497,0.139706522226334,2.87896918469778,-29793.8436652274,-19512.4788826467,-29795.6903195408,-19514.10806105,-29797.5369738543,-19515.7372394534,1,0,0,0
20140118093043.daq,129,21,962.583333333333,1,0,right,0.503637120564349,311.279815673828,12,-0.000248093463718939,66.3288650512695,38.7719491052339,5.05367469787598,0.594489812850952,0.149198174476624,2.92975640927958,-29787.3928064431,-19519.7567110571,-29789.243435191,-19521.3813733792,-29791.094063939,-19523.0060357012,1,0,0,0
20140118093043.daq,129,21,962.683333333333,1,0,right,0.503127695077524,311.140899658203,12,-0.000247872634849713,66.4494552612305,48.5090340706156,5.00972986221313,0.600142657756805,0.177673399448395,2.97906669295428,-29780.9477953244,-19527.0618105899,-29782.8023576909,-19528.6819812143,-29784.6569200574,-19530.3021518387,1,0,0,0
20140118093043.daq,129,21,962.783333333333,1,0,right,0.504862657350486,311.000854492188,12,-0.000247650846044379,66.5714263916016,58.2639034578606,5.00972986221313,0.604273736476898,0.101739637553692,3.02999914593345,-29774.5086979534,-19534.3982166232,-29776.3672148769,-19536.0138493997,-29778.2257318004,-19537.6294821762,1,0,0,0
20140118093043.daq,129,21,962.883333333333,1,0,right,0.505534264241646,310.861572265625,12,-0.000247428312246996,66.6946868896484,68.0367607348962,5.00972986221313,0.612624406814575,0.158690065145493,3.08037058525009,-29768.0754568021,-19541.7619109362,-29769.9378957261,-19543.3730210124,-29771.8003346501,-19544.9841310887,1,0,0,0
20140118093043.daq,129,21,962.983333333333,1,0,right,0.501223411706974,310.724334716797,12,-0.000247204939610799,66.8189697265625,77.8277732825591,4.96578454971313,0.618157148361206,0.177673399448395,3.13279871842167,-29761.6499851758,-19549.1567243473,-29763.5162777602,-19550.7633688048,-29765.3825703447,-19552.3700132623,1,0,0,0
20140118093043.daq,129,21,963.083333333333,1,0,right,0.499341325024034,310.586959838867,12,-0.000246980533937882,66.9440307617188,87.6370757514815,4.96578454971313,0.619192004203796,0.177673399448395,3.18183856031634,-29755.228443424,-19556.5788794721,-29757.0985828016,-19558.1810446107,-29758.9687221793,-19559.7832097494,1,0,0,0
20140118093043.daq,129,21,963.183333333333,1,0,right,0.492467841716746,310.451599121094,12,-0.00024675511849864,67.0693893432617,97.464747309532,4.96578454971313,0.618740141391754,0.168181732296944,3.23201469966227,-29748.8127178553,-19564.0321559797,-29750.6866371099,-19565.6298984654,-29752.5605563646,-19567.227640951,1,0,0,0
20140118093043.daq,129,21,963.283333333333,1,0,right,0.486452578789454,310.317657470703,12,-0.000246529175890424,67.1947402954102,107.310807165864,4.92183971405029,0.618242919445038,0.149198174476624,3.28366809051641,-29742.4047793028,-19571.5146360908,-29744.2824285126,-19573.1079935109,-29746.1600777225,-19574.701350931,1,0,0,0
20140118093043.daq,129,21,963.383333333333,1,0,right,0.477718998469413,310.183731079102,12,-0.000246303633168862,67.3198623657227,117.17523732355,4.92183971405029,0.619815826416016,0.158690065145493,3.33007717063012,-29736.0007649102,-19579.0244492851,-29737.8821333908,-19580.6134134331,-29739.7635018715,-19582.202377581,1,0,0,0
20140118093043.daq,129,21,963.483333333333,1,0,right,0.471656499265464,310.048721313477,12,-0.000246079657300549,67.4446487426758,127.057994328854,4.92183971405029,0.619608223438263,0.149198174476624,3.37626455393741,-29729.6026623611,-19586.5636130052,-29731.4877697945,-19588.1481395552,-29733.372877228,-19589.7326661052,1,0,0,0
20140118093043.daq,129,21,963.583333333333,1,0,right,0.466462764755079,309.912612915039,12,-0.000245858431837182,67.5690307617188,136.959024936958,4.92183971405029,0.619435608386993,0.168181732296944,3.4231472249153,-29723.2104725633,-19594.1340809841,-29725.0993387799,-19595.7141249199,-29726.9882049965,-19597.2941688557,1,0,0,0
20140118093043.daq,129,21,963.683333333333,1,0,right,0.459377387984034,309.77815246582,12,-0.000245641059362845,67.6929550170898,146.878264899722,4.92183971405029,0.61928927898407,0.225131943821907,3.4680046767589,-29716.8260618424,-19601.7298330755,-29718.7186308659,-19603.3054399156,-29720.6111998895,-19604.8810467557,1,0,0,0
20140118093043.daq,129,21,963.783333333333,1,0,right,0.453270428900623,309.642456054688,12,-0.000245428513919362,67.8163681030273,156.815643814654,4.92183971405029,0.620362162590027,0.158690065145493,3.51198577819728,-29710.4456152324,-19609.3568972692,-29712.3419105318,-19610.9280174304,-29714.2382058312,-19612.4991375916,1,0,0,0
20140118093043.daq,129,21,963.883333333333,1,0,right,0.443174998386496,309.507843017578,12,-0.000245221674544172,67.9392623901367,166.771085684311,4.92183971405029,0.619542062282562,0.177673399448395,3.55465951157418,-29704.0729651699,-19617.013184949,-29705.9729464859,-19618.5798455448,-29707.8729278019,-19620.1465061405,1,0,0,0
20140118093043.daq,129,21,963.983333333333,1,0,right,0.437192464458406,309.371459960938,12,-0.000245021458278891,68.061637878418,176.744514045044,4.92183971405029,0.618463158607483,0.177673399448395,3.59504371514177,-29697.7062498598,-19624.6969092681,-29699.6099549642,-19626.2590428408,-29701.5136600686,-19627.8211764135,1,0,0,0
20140118093043.daq,129,21,964.083333333333,1,0,right,0.427994924304016,309.23567199707,12,-0.00024482906914064,68.1834716796875,186.735851593956,4.92183971405029,0.619284629821777,0.177673399448395,3.63433682950733,-29691.3453935911,-19632.4098854272,-29693.2527955197,-19633.9675029368,-29695.1601974483,-19635.5251204465,1,0,0,0
20140118093043.daq,129,21,964.183333333333,1,0,right,0.424485901612798,309.098754882813,12,-0.000244646345664891,68.3047714233398,196.745019349677,4.96578454971313,0.619588851928711,0.139706522226334,3.67138717275577,-29684.9924051683,-19640.1502604844,-29686.9035238149,-19641.7033155196,-29688.8146424615,-19643.2563705547,1,0,0,0
20140118093043.daq,129,21,964.283333333333,1,0,right,0.419756010610968,308.960021972656,12,-0.000244475918627071,68.425537109375,206.771938237587,4.96578454971313,0.619812369346619,0.139706522226334,3.70974383705671,-29678.647307414,-19647.9219801874,-29680.5621809383,-19649.4704031947,-29682.4770544625,-19651.0188262021,1,0,0,0
20140118093043.daq,129,21,964.383333333333,1,0,right,0.412862521013892,308.822998046875,12,-0.000244321223416109,68.5457611083984,216.816529276344,4.96578454971313,0.62046205997467,0.177673399448395,3.74540280521574,-29672.3080325733,-19655.7209337569,-29674.2266037006,-19657.2647728848,-29676.1451748279,-19658.8086120128,1,0,0,0
20140118093043.daq,129,21,964.483333333333,1,0,right,0.408093822039575,308.683380126953,12,-0.000244186379364554,68.6654357910156,226.878713857543,5.05367469787598,0.620418429374695,0.168181732296944,3.7821306729437,-29665.9786275896,-19663.5493234424,-29667.9009550324,-19665.0884828318,-29669.8232824752,-19666.6276422212,1,0,0,0
20140118093043.daq,129,21,964.583333333333,1,0,right,0.405099563646672,308.54150390625,12,-0.000244075867536978,68.7845687866211,236.95841132135,5.18550968170166,0.620157241821289,0.177673399448395,3.81509720259531,-29659.6551762003,-19671.4051760692,-29661.5813090233,-19672.9395706637,-29663.5074418462,-19674.4739652582,1,0,0,0
20140118093043.daq,129,21,964.683333333333,1,0,right,0.404963644890927,308.396270751953,12,-0.000243994113626469,68.9031677246094,247.055541753922,5.14156484603882,0.619790077209473,0.130214855074883,3.84800770851188,-29653.3396689001,-19679.2924606173,-29655.2696849095,-19680.8219679324,-29657.1997009188,-19682.3514752476,1,0,0,0
20140118093043.daq,129,21,964.783333333333,1,0,right,0.406377986568202,308.249603271484,12,-0.000243945133980585,69.0212173461914,257.170026640139,5.14156484603882,0.620209693908691,0.139706522226334,3.87986989048964,-29647.0339962184,-19687.2071592709,-29648.9679211794,-19688.7317210665,-29650.9018461404,-19690.2562828621,1,0,0,0
20140118093043.daq,129,21,964.883333333333,1,0,right,0.409395334965382,308.103744506836,12,-0.000243932032054272,69.1387481689453,267.30178690538,5.14156484603882,0.619699001312256,0.149198174476624,3.91081347431661,-29640.7361305934,-19695.1510958127,-29642.6739303845,-19696.6707294505,-29644.6117301757,-19698.1903630882,1,0,0,0
20140118093043.daq,129,21,964.983333333333,1,0,right,0.413494847691766,307.956253051758,12,-0.000243956523371975,69.255744934082,277.450745712995,5.36128950119019,0.619678497314453,0.139706522226334,3.94434847741931,-29634.4481067939,-19703.1263636343,-29636.3898120186,-19704.641003936,-29638.3315172434,-19706.1556442378,1,0,0,0
20140118093043.daq,129,21,965.083333333333,1,0,right,0.422463225479021,307.800704956055,12,-0.000244018341659335,69.3721771240234,287.616822309894,5.53706979751587,0.620048403739929,0.139706522226334,3.9761163518825,-29628.1701423415,-19711.1294241038,-29630.1159523912,-19712.6387874378,-29632.0617624409,-19714.1481507717,1,0,0,0
20140118093043.daq,129,21,965.183333333333,1,0,right,0.436942995597803,307.641677856445,12,-0.000244116053105191,69.4880599975586,297.799935756484,5.58101463317871,0.619864583015442,0.120723195374012,4.00905273721175,-29621.9020856967,-19719.1619662133,-29623.8520775543,-19720.6659230541,-29625.8020694118,-19722.1698798949,1,0,0,0
20140118093043.daq,129,21,965.283333333333,1,0,right,0.451799934979022,307.479034423828,12,-0.000244248677503534,69.6034240722656,308.000007910654,5.58101463317871,0.618954181671143,0.149198174476624,4.04211492394723,-29615.6439431565,-19727.2259498798,-29617.5981963791,-19728.7243652981,-29619.5524496016,-19730.2227807164,1,0,0,0
20140118093043.daq,129,21,965.383333333333,1,0,right,0.465460245202394,307.316955566406,12,-0.000244412966573303,69.7182464599609,318.216959791025,5.53706979751587,0.619192719459534,0.149198174476624,4.07975831320945,-29609.399479527,-19735.3211356257,-29611.3579636568,-19736.8140168456,-29613.3164477866,-19738.3068980654,1,0,0,0
20140118093043.daq,129,21,965.483333333333,1,0,right,0.482704569133318,307.151870727539,12,-0.00024460367872849,69.8325500488281,328.450714281207,5.53706979751587,0.618849158287048,0.149198174476624,4.11704542503479,-29603.164911073,-19743.4457736302,-29605.1276884673,-19744.9330057317,-29607.0904658616,-19746.4202378333,1,0,0,0
20140118093043.daq,129,21,965.583333333333,1,0,right,0.504095248121246,306.987380981445,12,-0.00024481452467129,69.9463424682617,338.701196129754,5.53706979751587,0.619668960571289,0.139706522226334,4.1575994415943,-29596.9440209943,-19751.6016114611,-29598.9110599705,-19753.0832025281,-29600.8780989466,-19754.5647935951,1,0,0,0
20140118093043.daq,129,21,965.683333333333,1,0,right,0.520710403838564,306.824600219727,12,-0.000245039233172554,70.0596389770508,348.968330551477,5.53706979751587,0.61998438835144,0.158690065145493,4.20053974576665,-29590.7367702693,-19759.7866329186,-29592.7080105906,-19761.2626295375,-29594.679250912,-19762.7386261563,1,0,0,0
20140118093043.daq,129,21,965.783333333333,1,0,right,0.536857916423912,306.6591796875,12,-0.00024527238256088,70.1724548339844,359.252046118119,5.53706979751587,0.618485867977142,0.187165051698685,4.24688116921185,-29584.5413566253,-19768.0049908932,-29586.5168501235,-19769.4752901355,-29588.4923436218,-19770.9455893779,1,0,0,0
20140118093043.daq,129,21,965.883333333333,1,0,right,0.554357079977592,306.494522094727,12,-0.000245509899124181,70.284797668457,369.552273732668,5.53706979751587,0.619699776172638,0.158690065145493,4.29634120001433,-29578.3615682758,-19776.2525859621,-29580.3412789817,-19777.7172019337,-29582.3209896877,-19779.1818179053,1,0,0,0
20140118093043.daq,129,21,965.983333333333,1,0,right,0.569341976767248,306.33186340332,12,-0.000245749262363954,70.3966598510742,379.868942806075,5.49312448501587,0.619931280612946,0.158690065145493,4.34740958526705,-29572.1934550268,-19784.5313016773,-29574.1773156912,-19785.9902914949,-29576.1611763556,-19787.4492813124,1,0,0,0
20140118093043.daq,129,21,966.083333333333,1,0,right,0.581583408242125,306.171417236328,12,-0.000245989302448947,70.5081024169922,390.201986945525,5.18550968170166,0.619676172733307,0.158690065145493,4.40237665473837,-29566.0409145647,-19792.8391734076,-29568.0288530748,-19794.2926020793,-29570.0167915848,-19795.746030751,1,0,0,0
20140118093043.daq,129,21,966.183333333333,1,0,right,0.585010844180317,306.018936157227,12,-0.000246229917956196,70.619140625,400.551345539585,5.05367469787598,0.618433177471161,0.139706522226334,4.45889275784333,-29559.9017883144,-19801.1778314552,-29561.8935877853,-19802.6259644916,-29563.8853872561,-19804.0740975281,1,0,0,0
20140118093043.daq,129,21,966.283333333333,1,0,right,0.587127004669583,305.871795654297,12,-0.000246471728135628,70.7297973632813,410.916962545969,5.00972986221313,0.619292736053467,0.158690065145493,4.5172171498758,-29553.7742131369,-19809.5474253296,-29555.7697249662,-19810.9904384836,-29557.7652367955,-19812.4334516376,1,0,0,0
20140118093043.daq,129,21,966.383333333333,1,0,right,0.583221960499372,305.727279663086,12,-0.000246715635995522,70.8400421142578,421.298779031706,4.96578454971313,0.61957323551178,0.139706522226334,4.5780139152468,-29547.6621901885,-19817.9461555263,-29549.6613353493,-19819.3841308561,-29551.6604805102,-19820.822106186,1,0,0,0
20140118093043.daq,129,21,966.483333333333,1,0,right,0.575343471656197,305.585906982422,12,-0.0002469624680642,70.9499282836914,431.696738581551,4.92183971405029,0.61889636516571,0.206148609519005,4.63662135297615,-29541.5598402987,-19826.3720405509,-29543.5625274576,-19827.8050787802,-29545.5652146166,-19829.2381170096,1,0,0,0
20140118093043.daq,129,21,966.583333333333,1,0,right,0.566267648002054,305.444885253906,12,-0.00024721263065553,71.0594253540039,442.110785805962,4.92183971405029,0.619394183158875,0.158690065145493,4.69939177572643,-29535.4731222625,-19834.8291434316,-29537.4793304795,-19836.2572481244,-29539.4855386965,-19837.6853528172,1,0,0,0
20140118093043.daq,129,21,966.683333333333,1,0,right,0.559122339976682,305.303726196289,12,-0.000247465831361767,71.1685256958008,452.540863543705,4.92183971405029,0.620131492614746,0.168181732296944,4.75797249879865,-29529.3961942153,-19843.3135851973,-29531.4059147478,-19844.7367428852,-29533.4156352804,-19846.1599005731,1,0,0,0
20140118093043.daq,129,21,966.783333333333,1,0,right,0.548197947387735,305.162826538086,12,-0.000247720898345744,71.277229309082,462.986914167261,4.92183971405029,0.619170546531677,0.168181732296944,4.8147779378262,-29523.3309948834,-19851.8253436719,-29525.3442091122,-19853.2435548312,-29527.357423341,-19854.6617659906,1,0,0,0
20140118093043.daq,129,21,966.883333333333,1,0,right,0.541059649075237,305.021774291992,12,-0.000247975815161836,71.3855514526367,473.448879676173,4.92183971405029,0.618912994861603,0.168181732296944,4.87142385734634,-29517.2794922896,-19860.3644417817,-29519.2961918035,-19861.7776924651,-29521.3128913174,-19863.1909431485,1,0,0,0
20140118093043.daq,129,21,966.983333333333,1,0,right,0.531819550503315,304.880493164063,12,-0.000248228015423418,71.4934616088867,483.926702256438,4.92183971405029,0.619508743286133,0.187165051698685,4.92553342942653,-29511.2377830103,-19868.9328367979,-29513.2579612126,-19870.3411103701,-29515.2781394149,-19871.7493839424,1,0,0,0
20140118093043.daq,129,21,967.083333333333,1,0,right,0.524769677651818,304.738739013672,12,-0.000248474831868562,71.6009674072266,494.420322695361,4.92183971405029,0.618932247161865,0.149198174476624,4.97929546132498,-29505.2097823348,-19877.5285890146,-29507.2334385275,-19878.9318602061,-29509.2570947202,-19880.3351313977,1,0,0,0
20140118093043.daq,129,21,967.183333333333,1,0,right,0.515154685494338,304.598663330078,12,-0.000248713296062429,71.7080612182617,504.929680101734,4.92183971405029,0.619635343551636,0.158690065145493,5.03131309757196,-29499.1934578993,-19886.1515792276,-29501.2205387329,-19887.5498988324,-29503.2476195665,-19888.9482184373,1,0,0,0
20140118093043.daq,129,21,967.283333333333,1,0,right,0.504397429314281,304.456176757813,12,-0.000248939701672908,71.8147583007813,515.454715915585,4.92183971405029,0.6304891705513,0.187165051698685,5.08127196031431,-29493.1889604608,-19894.8020337124,-29495.2195124475,-19896.1953079326,-29497.2500644342,-19897.5885821528,1,0,0,0
20140118093043.daq,129,21,967.383333333333,1,0,right,0.494896782496198,304.314147949219,12,-0.000249151093848529,71.9210891723633,525.995372136451,4.92183971405029,0.685892164707184,0.187165051698685,5.12887564786261,-29487.1961843243,-19903.4817467056,-29489.2301838149,-19904.8699831752,-29491.2641833055,-19906.2582196448,1,0,0,0
20140118093043.daq,129,21,967.483333333333,1,0,right,0.48293910574273,304.171936035156,12,-0.000249345674798065,72.0274124145508,536.551615661156,4.92183971405029,0.709257185459137,0.149198174476624,5.17451122661912,-29481.2171063086,-19912.1868473138,-29483.254545225,-19913.5700309911,-29485.2919841414,-19914.9532146684,1,0,0,0
20140118093043.daq,129,21,967.583333333333,1,0,right,0.476794966928821,304.030578613281,12,-0.000249522814952601,72.1344833374023,547.12349917501,4.92183971405029,0.708045065402985,0.149198174476624,5.21879581219377,-29475.2497344713,-19920.9211846668,-29477.2905797085,-19922.2993374672,-29479.3314249457,-19923.6774902676,1,0,0,0
20140118093043.daq,129,21,967.683333333333,1,0,right,0.468893687195987,303.887573242188,12,-0.00024968283941032,72.2425842285156,557.711163949301,4.92183971405029,0.708454310894012,0.168181732296944,5.26144713758332,-29469.296115617,-19929.6829431187,-29471.3403942454,-19931.0559978564,-29473.3846728739,-19932.429052594,1,0,0,0
20140118093043.daq,129,21,967.783333333333,1,0,right,0.46007478330921,303.744644165039,12,-0.000249826761999621,72.3514022827148,568.314740811496,4.92183971405029,0.7080237865448,0.177673399448395,5.30166049414326,-29463.3542322161,-19938.4720277258,-29465.4019296793,-19939.8399785739,-29467.4496271425,-19941.2079294219,1,0,0,0
20140118093043.daq,129,21,967.883333333333,1,0,right,0.448276455371229,303.60383605957,12,-0.000249956038525667,72.4606246948242,578.934310234908,4.92183971405029,0.709160029888153,0.158690065145493,5.34148436571797,-29457.4259599166,-19947.2902797951,-29459.4770130209,-19948.6531941675,-29461.5280661253,-19950.0161085399,1,0,0,0
20140118093043.daq,129,21,967.983333333333,1,0,right,0.43660949023149,303.462020874023,12,-0.000250072323773985,72.5699844360352,589.56991147712,4.92183971405029,0.708728492259979,0.149198174476624,5.37691463586895,-29451.5094635502,-19956.1339643559,-29453.5638837749,-19957.4917979112,-29455.6183039995,-19958.8496314664,1,0,0,0
20140118093043.daq,129,21,968.083333333333,1,0,right,0.424705519646807,303.319549560547,12,-0.000250177321649783,72.679313659668,600.221552184514,4.92183971405029,0.707859098911285,0.158690065145493,5.4125825506746,-29445.6066832355,-19965.0089213302,-29447.6644734854,-19966.3616421849,-29449.7222637353,-19967.7143630396,1,0,0,0
20140118093043.daq,129,21,968.183333333333,1,0,right,0.414702258761963,303.177978515625,12,-0.000250272758524807,72.7884979248047,610.889218276556,4.92183971405029,0.708014190196991,0.158690065145493,5.44522900534234,-29439.7175596495,-19973.9092064542,-29441.7786860265,-19975.2568386302,-29443.8398124034,-19976.6044708061,1,0,0,0
20140118093043.daq,129,21,968.283333333333,1,0,right,0.405455516071356,303.034759521484,12,-0.000250360238763538,72.8974533081055,621.572882058499,4.92183971405029,0.708046495914459,0.130214855074883,5.47724749908018,-29433.8421902461,-19982.838864546,-29435.9066787797,-19984.1813404371,-29437.9711673133,-19985.5238163282,1,0,0,0
20140118093043.daq,129,21,968.383333333333,1,0,right,0.396903344598684,302.892379760742,12,-0.00025044104628381,73.0061187744141,632.272505111992,4.92183971405029,0.70695024728775,0.168181732296944,5.50538738612796,-29427.97852669,-19991.7958071539,-29430.0463448925,-19993.1331486603,-29432.114163095,-19994.4704901667,1,0,0,0
20140118093043.daq,129,21,968.483333333333,1,0,right,0.387704711476545,302.749588012695,12,-0.000250516023213678,73.1144943237305,642.988044542813,4.92183971405029,0.707275211811066,0.187165051698685,5.5325792856666,-29422.1285701172,-20000.7801021679,-29424.1997147987,-20002.1122861386,-29426.2708594802,-20003.4444701093,1,0,0,0
20140118093043.daq,129,21,968.583333333333,1,0,right,0.373561180201023,302.608016967773,12,-0.000250585556181657,73.2225189208984,653.719454099773,4.92183971405029,0.708159983158112,0.177673399448395,5.55587876367683,-29416.2922573044,-20009.7916612426,-29418.366687328,-20011.1187236001,-29420.4411173516,-20012.4457859576,1,0,0,0
20140118093043.daq,129,21,968.683333333333,1,0,right,0.360636261669868,302.464096069336,12,-0.00025064952178816,73.3302307128906,664.46668464096,4.92183971405029,0.708330929279327,0.177673399448395,5.58029261876219,-29410.4716798836,-20018.832630303,-29412.5494367986,-20020.154477732,-29414.6271937136,-20021.4763251611,1,0,0,0
20140118093043.daq,129,21,968.783333333333,1,0,right,0.349491537629603,302.320373535156,12,-0.000250707208762193,73.4375839233398,675.229686371757,4.92183971405029,0.708541452884674,0.130214855074883,5.59986938610388,-29404.6628329512,-20027.9009183618,-29406.7438990895,-20029.2175497268,-29408.8249652278,-20030.5341810919,1,0,0,0
20140118093043.daq,129,21,968.883333333333,1,0,right,0.341324252734864,302.176818847656,12,-0.000250757265190155,73.5445938110352,686.008408378562,4.92183971405029,0.708435297012329,0.120723195374012,5.61622787822953,-29398.8676707133,-20036.9965270675,-29400.9520291386,-20038.3079401902,-29403.036387564,-20039.6193533128,1,0,0,0
20140118093043.daq,129,21,968.983333333333,1,0,right,0.331776468015732,302.033508300781,12,-0.000250797848429274,73.651252746582,696.802800400503,4.92183971405029,0.707165241241455,0.130214855074883,5.6320781382616,-29393.08814319,-20046.1194523306,-29395.1757752519,-20047.4256478739,-29397.2634073139,-20048.7318434172,1,0,0,0
20140118093043.daq,129,21,969.083333333333,1,0,right,0.321639164535497,301.889633178711,12,-0.000250826913874677,73.757568359375,707.61280975226,4.92183971405029,0.707086503505707,0.111231304705143,5.64534615859219,-29387.322329049,-20055.2697374558,-29389.4132345062,-20056.5706866449,-29391.5041399634,-20057.8716358339,1,0,0,0
20140118093043.daq,129,21,969.183333333333,1,0,right,0.310390866749174,301.745697021484,12,-0.000250842394395383,73.8635177612305,718.438384867455,4.92183971405029,0.70671159029007,0.158690065145493,5.65727702971251,-29381.5721616608,-20064.4473553286,-29383.6663287091,-20065.7430477293,-29385.7604957574,-20067.0387401301,1,0,0,0
20140118093043.daq,129,21,969.283333333333,1,0,right,0.297830323086316,301.60188293457,12,-0.000250842377930705,73.9691009521484,729.27947203505,4.92183971405029,0.707006871700287,0.187165051698685,5.6670136308927,-29375.8356806114,-20073.6542492443,-29377.9330932854,-20074.9446811483,-29380.0305059593,-20076.2351130522,1,0,0,0
20140118093043.daq,129,21,969.383333333333,1,0,right,0.280983099772641,301.458465576172,12,-0.000250825316856341,74.0743408203125,740.136019875201,4.92183971405029,0.708352088928223,0.158690065145493,5.67350592942973,-29370.1148279875,-20082.886498324,-29372.215464174,-20084.1716761465,-29374.3161003605,-20085.4568539689,1,0,0,0
20140118093043.daq,129,21,969.483333333333,1,0,right,0.271943608030483,301.313720703125,12,-0.000250790304412901,74.1792297363281,751.007976635061,4.92183971405029,0.707650184631348,0.158690065145493,5.6782554242915,-29364.4096725869,-20092.1481004783,-29366.5135487789,-20093.4279674214,-29368.6174249709,-20094.7078343646,1,0,0,0
20140118093043.daq,129,21,969.583333333333,1,0,right,0.264436529642296,301.169250488281,12,-0.000250737332207287,74.2837905883789,761.895293545727,4.87789487838745,0.707588732242584,0.139706522226334,5.67961505955112,-29358.7181974578,-20101.4350640642,-29360.8252941184,-20102.7096220607,-29362.932390779,-20103.9841800572,1,0,0,0
20140118093043.daq,129,21,969.683333333333,1,0,right,0.251025207973044,301.026733398438,12,-0.000250667480223791,74.3880233764648,772.79792211805,4.87789487838745,0.708119213581085,0.130214855074883,5.67987081742041,-29353.0422879691,-20110.7512065476,-29355.1525484339,-20112.0205194303,-29357.2628088988,-20113.2898323129,1,0,0,0
20140118093043.daq,129,21,969.783333333333,1,0,right,0.237987813734435,300.885070800781,12,-0.000250583060826121,74.4919204711914,783.715814142612,4.79000473022461,0.707469701766968,0.149198174476624,5.67744945726078,-29347.3819877087,-20120.0926802453,-29349.4953800693,-20121.3567716794,-29351.6087724299,-20122.6208631134,1,0,0,0
20140118093043.daq,129,21,969.883333333333,1,0,right,0.220412492917319,300.743911743164,12,-0.00025048745320718,74.5955047607422,794.648921037027,4.79000473022461,0.707274913787842,0.177673399448395,5.67270104562571,-29341.7373105343,-20129.4634101187,-29343.8538108077,-20130.7222909773,-29345.970311081,-20131.9811718359,1,0,0,0
20140118093043.daq,129,21,969.983333333333,1,0,right,0.200600352926415,300.603546142578,12,-0.000250384669660653,74.6987838745117,805.597197389354,4.79000473022461,0.708122551441193,0.139706522226334,5.66321345110331,-29336.106291299,-20138.8594747681,-29338.225869277,-20140.1131667632,-29340.345447255,-20141.3668587583,1,0,0,0
20140118093043.daq,129,21,970.083333333333,1,0,right,0.180864339813809,300.46369934082,12,-0.00025027873219447,74.8017578125,816.560599559343,4.79000473022461,0.707643508911133,0.177673399448395,5.65219825572521,-29330.4928471168,-20148.2828419359,-29332.6154787735,-20149.5313567631,-29334.7381104301,-20150.7798715902,1,0,0,0
20140118093043.daq,129,21,970.183333333333,1,0,right,0.165830960814958,300.324813842773,12,-0.000250173015730667,74.9044494628906,827.539083254014,4.79000473022461,0.707119941711426,0.168181732296944,5.63598302329386,-29324.8930533947,-20157.7315354121,-29327.0187052237,-20158.9749012975,-29329.1443570528,-20160.218267183,1,0,0,0
20140118093043.daq,129,21,970.283333333333,1,0,right,0.151546852637011,300.183715820313,12,-0.000250069786486672,75.0068435668945,838.53260688459,4.79000473022461,0.706944048404694,0.149198174476624,5.61911459409097,-29319.3109462753,-20167.2076746189,-29321.4396535997,-20168.445802056,-29323.5683609241,-20169.683929493,1,0,0,0
20140118093043.daq,129,21,970.383333333333,1,0,right,0.135765570908632,300.042633056641,12,-0.000249969986827794,75.1089248657227,849.541125505377,4.79000473022461,0.708114445209503,0.158690065145493,5.59761341669595,-29313.7425285818,-20176.711142514,-29315.8742781637,-20177.9440245617,-29318.0060277455,-20179.1769066095,1,0,0,0
20140118093043.daq,129,21,970.483333333333,1,0,right,0.117201707394543,299.90283203125,12,-0.000249873329689482,75.2107086181641,860.564593611147,4.79000473022461,0.708027780056,0.130214855074883,5.57352066935384,-29308.1916542045,-20186.2399199277,-29310.3264056553,-20187.4675968668,-29312.4611571061,-20188.6952738059,1,0,0,0
20140118093043.daq,129,21,970.583333333333,1,0,right,0.0976823708209054,299.762466430664,12,-0.000249778636803782,75.3121948242188,871.60296886717,4.79000473022461,0.708188116550446,0.168181732296944,5.54431367080393,-29302.6544928743,-20195.796056367,-29304.7922455303,-20197.0184998237,-29306.9299981864,-20198.2409432805,1,0,0,0
20140118093043.daq,129,21,970.683333333333,1,0,right,0.0769134287004363,299.621810913086,12,-0.000249684271225359,75.4133911132813,882.656206793952,4.79000473022461,0.707643330097198,0.168181732296944,5.51332767242848,-29297.1349396061,-20205.3795373578,-29299.2756867963,-20206.5967291632,-29301.4164339865,-20207.8139209686,1,0,0,0
20140118093043.daq,129,21,970.783333333333,1,0,right,0.0606189769189314,299.481155395508,12,-0.000249588462767161,75.5142974853516,893.724265243247,4.79000473022461,0.707352876663208,0.158690065145493,5.4766400463084,-29291.6310292635,-20214.9864414965,-29293.7747580865,-20216.1983743151,-29295.9184869095,-20217.4103071338,1,0,0,0
20140118093043.daq,129,21,970.883333333333,1,0,right,0.0489216551088703,299.338119506836,12,-0.000249489459678488,75.6149063110352,904.807101973558,5.05367469787598,0.707030296325684,0.158690065145493,5.43777380505607,-29286.142861359,-20224.6227511986,-29288.2896090251,-20225.8293285404,-29290.4363566911,-20227.0359058822,1,0,0,0
20140118093043.daq,129,21,970.983333333333,1,0,right,0.0497294813598614,299.178375244141,12,-0.000249385710947741,75.7151794433594,915.904671945893,5.88862991333008,0.707777321338654,0.158690065145493,5.39521661096211,-29280.6710379659,-20234.2833455618,-29282.8211412979,-20235.4839329534,-29284.97124463,-20236.6845203449,1,0,0,0
20140118093043.daq,129,21,971.083333333333,1,0,right,0.0675477414606576,299.00260925293,12,-0.000249275983165105,75.8149871826172,927.016913709587,6.10835456848145,0.708729922771454,0.158690065145493,5.3522597849021,-29275.21749045,-20243.9740427057,-29277.3712666956,-20245.1680285966,-29279.5250429411,-20246.3620144875,1,0,0,0
20140118093043.daq,129,21,971.183333333333,1,0,right,0.0944213889966932,298.813491821289,12,-0.000249159409233596,75.9143600463867,938.143762550273,6.10835456848145,0.708759725093842,0.139706522226334,5.30904082190512,-29269.7840665257,-20253.6927461773,-29271.941772047,-20254.8796165607,-29274.0994775683,-20256.0664869441,1,0,0,0
20140118093043.daq,129,21,971.283333333333,1,0,right,0.126280740513096,298.617691040039,12,-0.000249035550525642,76.0133056640625,949.285155152305,6.10835456848145,0.706837117671967,0.149198174476624,5.26712775676224,-29264.3724428229,-20263.4391090511,-29266.5341917103,-20264.618598844,-29268.6959405976,-20265.7980886369,1,0,0,0
20140118093043.daq,129,21,971.383333333333,1,0,right,0.163758105463273,298.420867919922,12,-0.00024890435284947,76.1117935180664,960.441026241839,6.0644097328186,0.706826508045197,0.158690065145493,5.22670149138875,-29258.982381335,-20273.2147925549,-29261.1481692562,-20274.3868493384,-29263.3139571774,-20275.5589061219,1,0,0,0
20140118093043.daq,129,21,971.483333333333,1,0,right,0.204309148289894,298.223587036133,12,-0.000248766025650855,76.2098541259766,971.611310918001,6.0644097328186,0.707236528396606,0.0732644200325012,5.19122615856755,-29253.6158114516,-20283.021720519,-29255.7856221535,-20284.1863131264,-29257.9554328554,-20285.3509057338,1,0,0,0
20140118093043.daq,129,21,971.583333333333,1,0,right,0.240617006044715,298.028900146484,12,-0.000248620849877204,76.3075256347656,982.795948103121,5.93257474899292,0.70711761713028,0.139706522226334,5.16267560251322,-29248.2765083589,-20292.8577846598,-29250.4502637279,-20294.0149976994,-29252.6240190969,-20295.172210739,1,0,0,0
20140118093043.daq,129,21,971.683333333333,1,0,right,0.27148707923908,297.837982177734,12,-0.000248469044419975,76.4048919677734,993.994887722809,5.84468460083008,0.706674575805664,0.149198174476624,5.13707814316176,-29242.9605136555,-20302.7229265532,-29245.1381129537,-20303.8728899091,-29247.3157122519,-20305.0228532649,1,0,0,0
20140118093043.daq,129,21,971.783333333333,1,0,right,0.297952243503062,297.649780273438,12,-0.000248310715784587,76.5019760131836,1005.20808585711,5.84468460083008,0.706841468811035,0.158690065145493,5.12027559355225,-29237.6737303325,-20312.6191539594,-29239.8550952102,-20313.7619582706,-29242.036460088,-20314.9047625817,1,0,0,0
20140118093043.daq,129,21,971.883333333333,1,0,right,0.321167125294892,297.463119506836,12,-0.000248145860052133,76.5988006591797,1016.43550474042,5.80073976516724,0.7077916264534,0.168181732296944,5.10869264452629,-29232.4123017976,-20322.5465270457,-29234.597378172,-20323.6822187563,-29236.7824545465,-20324.8179104668,1,0,0,0
20140118093043.daq,129,21,971.983333333333,1,0,right,0.347083929362952,297.276138305664,12,-0.00024797433063766,76.6953811645508,1027.67710670038,5.80073976516724,0.707666575908661,0.120723195374012,5.10163910106757,-29227.176308471,-20332.5031866357,-29229.3650794623,-20333.6317414509,-29231.5538504537,-20334.7602962661,1,0,0,0
20140118093043.daq,129,21,972.083333333333,1,0,right,0.374519076706349,297.090728759766,12,-0.000247795765271496,76.7917556762695,1038.93285807435,5.75679492950439,0.708153665065765,0.149198174476624,5.10025371736334,-29221.9676206415,-20342.4890378375,-29224.1600321777,-20343.6105038778,-29226.3524437138,-20344.7319699181,1,0,0,0
20140118093043.daq,129,21,972.183333333333,1,0,right,0.400748682422545,296.906951904297,12,-0.000247609598161293,76.8878936767578,1050.20272753088,5.75679492950439,0.707038700580597,0.149198174476624,5.10449220221108,-29216.7842816506,-20352.5040781763,-29218.9802790176,-20353.6185062752,-29221.1762763846,-20354.732934374,1,0,0,0
20140118093043.daq,129,21,972.283333333333,1,0,right,0.422692736619808,296.722702026367,12,-0.00024741513962233,76.9837875366211,1061.48667991532,5.71284961700439,0.706732034683228,0.177673399448395,5.11460601772766,-29211.628336694,-20362.5484129977,-29213.8279064414,-20363.6557735306,-29216.0274761888,-20364.7631340634,1,0,0,0
20140118093043.daq,129,21,972.383333333333,1,0,right,0.442865889550205,296.540679931641,12,-0.000247211640607048,77.0794448852539,1072.78467876759,5.71284961700439,0.707810163497925,0.177673399448395,5.12940786605303,-29206.4977131545,-20372.6219080363,-29208.7007897532,-20373.722275213,-29210.9038663519,-20374.8226423897,1,0,0,0
20140118093043.daq,129,21,972.483333333333,1,0,right,0.459160148498142,296.357666015625,12,-0.000246998418708198,77.1748275756836,1084.09668688156,5.71284961700439,0.70713871717453,0.187165051698685,5.14639251047388,-29201.3925530138,-20382.7247233943,-29203.5991331554,-20383.8180479124,-29205.8057132971,-20384.9113724304,1,0,0,0
20140118093043.daq,129,21,972.583333333333,1,0,right,0.474353864407021,296.175598144531,12,-0.000246774975886336,77.2699890136719,1095.42266910261,5.66890478134155,0.706885159015656,0.187165051698685,5.1684330885858,-29196.3147233344,-20392.8567629809,-29198.5247665692,-20393.9430701767,-29200.734809804,-20395.0293773726,1,0,0,0
20140118093043.daq,129,21,972.683333333333,1,0,right,0.496077779665654,295.995513916016,12,-0.000246541124293237,77.3649444580078,1106.76259260729,5.58101463317871,0.707246363162994,0.149198174476624,5.19359697909,-29191.2622240153,-20403.0160229524,-29193.4756706598,-20404.0953784894,-29195.6891173043,-20405.1747340265,1,0,0,0
20140118093043.daq,129,21,972.783333333333,1,0,right,0.509359193789237,295.822052001953,12,-0.00024629706925079,77.4596786499023,1118.1164260642,5.2733998298645,0.707232713699341,0.168181732296944,5.22263928806088,-29186.2348457065,-20413.2042296863,-29188.4515499311,-20414.2768791183,-29190.6682541557,-20415.3495285503,1,0,0,0
20140118093043.daq,129,21,972.883333333333,1,0,right,0.513597762547761,295.655792236328,12,-0.000246043463297952,77.5542297363281,1129.48414084605,5.09761953353882,0.707349359989166,0.139706522226334,5.25409070643096,-29181.2325592572,-20423.4194043143,-29183.4523667378,-20424.4856168506,-29185.6721742184,-20425.5518293869,1,0,0,0
20140118093043.daq,129,21,972.983333333333,1,0,right,0.508360632283711,295.497146606445,12,-0.0002457814867985,77.6486053466797,1140.86571019057,5.00972986221313,0.70767480134964,0.168181732296944,5.2900746949251,-29176.2572960402,-20433.6634826123,-29178.4800472314,-20434.7235446697,-29180.7027984226,-20435.7836067271,1,0,0,0
20140118093043.daq,129,21,973.083333333333,1,0,right,0.496693590015866,295.343048095703,12,-0.000245512863235981,77.7428359985352,1152.26111078566,4.96578454971313,0.707914531230927,0.158690065145493,5.32521620361244,-29171.3052856608,-20443.9327103936,-29173.5308798742,-20444.9867904763,-29175.7564740877,-20446.0408705588,1,0,0,0
20140118093043.daq,129,21,973.183333333333,1,0,right,0.480215870850259,295.192138671875,12,-0.000245239757985551,77.8368988037109,1163.6703186665,4.96578454971313,0.70797324180603,0.291574031114578,5.36022517546178,-29166.3765880027,-20454.2291083202,-29168.6049507992,-20455.2773228358,-29170.8333135957,-20456.3255373513,1,0,0,0
20140118093043.daq,129,21,973.283333333333,1,0,right,0.473388359680712,295.039947509766,12,-0.0002449646235313,77.9308242797852,1175.09331294546,4.92183971405029,0.707352876663208,0.177673399448395,5.3947590008679,-29161.471405561,-20464.5509408784,-29163.7025447991,-20465.5932326436,-29165.9336840372,-20466.6355244088,1,0,0,0
20140118093043.daq,129,21,973.383333333333,1,0,right,0.465009504222621,294.889404296875,12,-0.000244690153697584,78.0245666503906,1186.53007012394,4.92183971405029,0.707120597362518,0.177673399448395,5.42749480818369,-29156.5876517489,-20474.8980660288,-29158.8215218776,-20475.934491941,-29161.0553920064,-20476.9709178531,1,0,0,0
20140118093043.daq,129,21,973.483333333333,1,0,right,0.4505574425948,294.739883422852,12,-0.000244419228588257,78.1181106567383,1197.98056204094,4.92183971405029,0.708016574382782,0.187165051698685,5.46011001646533,-29151.7253545634,-20485.272467586,-29153.9619217723,-20486.3030603977,-29156.1984889812,-20487.3336532094,1,0,0,0
20140118093043.daq,129,21,973.583333333333,1,0,right,0.437383412132021,294.589218139648,12,-0.000244154865614769,78.2114334106445,1209.44475764476,4.92183971405029,0.707535982131958,0.168181732296944,5.48984776640358,-29146.8865662756,-20495.6703437692,-29149.1258358009,-20496.6950517356,-29151.3651053262,-20497.7197597019,1,0,0,0
20140118093043.daq,129,21,973.683333333333,1,0,right,0.417891513971767,294.439697265625,12,-0.000243900201784247,78.3045196533203,1220.92262299298,4.92183971405029,0.707842290401459,0.168181732296944,5.51630774563148,-29142.0672755421,-20506.0954906232,-29144.3092115497,-20507.1143514386,-29146.5511475574,-20508.133212254,1,0,0,0
20140118093043.daq,129,21,973.783333333333,1,0,right,0.398096649249169,294.290649414063,12,-0.000243658473478048,78.3973770141602,1232.41412479593,4.92183971405029,0.708278357982635,0.149198174476624,5.53995322105916,-29137.2714191597,-20516.5440343722,-29139.5159980184,-20517.5570596288,-29141.7605768771,-20518.5700848854,1,0,0,0
20140118093043.daq,129,21,973.883333333333,1,0,right,0.387259251860314,294.141342163086,12,-0.000243432970672349,78.4899978637695,1243.91922845849,4.92183971405029,0.708692252635956,0.177673399448395,5.55897396869501,-29132.497077715,-20527.01601008,-29134.7442887953,-20528.0231827486,-29136.9914998755,-20529.0303554172,1,0,0,0
20140118093043.daq,129,21,973.983333333333,1,0,right,0.37533304213008,293.991821289063,12,-0.000243226792507949,78.5823974609375,1255.43789985175,4.92183971405029,0.707500636577606,0.168181732296944,5.57712477683501,-29127.7442491314,-20537.515321676,-29129.9940809063,-20538.5166265288,-29132.2439126811,-20539.5179313815,1,0,0,0
20140118093043.daq,129,21,974.083333333333,1,0,right,0.361718348976183,293.841537475586,12,-0.000243042587765874,78.674560546875,1266.97010596576,4.92183971405029,0.708434581756592,0.158690065145493,5.59199597531752,-29123.0129590293,-20548.0380888567,-29125.2654094318,-20549.0334890815,-29127.5178598344,-20550.0288893063,1,0,0,0
20140118093043.daq,129,21,974.183333333333,1,0,right,0.343997801118917,293.692886352539,12,-0.000242882472554106,78.7664794921875,1278.51581089991,4.92183971405029,0.708240747451782,0.168181732296944,5.60353022095868,-29118.303095756,-20558.5861510057,-29120.5581210924,-20559.5757040136,-29122.8131464289,-20560.5652570215,1,0,0,0
20140118093043.daq,129,21,974.283333333333,1,0,right,0.326299551601153,293.541717529297,12,-0.000242747959192778,78.8581771850586,1290.07498136457,4.92183971405029,0.707793295383453,0.168181732296944,5.6123486479094,-29113.6168061416,-20569.1577515285,-29115.8744344567,-20570.1413514545,-29118.1320627718,-20571.1249513804,1,0,0,0
20140118093043.daq,129,21,974.383333333333,1,0,right,0.305564372367598,293.391067504883,12,-0.000242639802044804,78.9496307373047,1301.64758332404,4.92183971405029,0.707497835159302,0.158690065145493,5.61541772849879,-29108.9500422506,-20579.7546995655,-29111.2102489763,-20580.7323600282,-29113.4704557021,-20581.7100204909,1,0,0,0
20140118093043.daq,129,21,974.483333333333,1,0,right,0.295270591671567,293.241470336914,12,-0.000242558039359137,79.0408477783203,1313.23358143721,4.92183971405029,0.707877933979034,0.139706522226334,5.61695092670108,-29104.3086380745,-20590.3769701731,-29106.5713897287,-20591.3487259937,-29108.834141383,-20592.3204818143,1,0,0,0
20140118093043.daq,129,21,974.583333333333,1,0,right,0.283575730603616,293.08984375,12,-0.000242502156400113,79.1318435668945,1324.83294176166,4.92183971405029,0.707666575908661,0.158690065145493,5.61610213019526,-29099.688832409,-20601.0227549697,-29101.954147775,-20601.9885192866,-29104.2194631411,-20602.9542836035,1,0,0,0
20140118093043.daq,129,21,974.683333333333,1,0,right,0.27124250335612,292.938522338867,12,-0.00024247123176994,79.2225952148438,1336.44562988875,4.92183971405029,0.708120822906494,0.111231304705143,5.61091487742925,-29095.0905154746,-20611.6919440677,-29097.3583735757,-20612.6517221966,-29099.6262316767,-20613.6115003256,1,0,0,0
20140118093043.daq,129,21,974.783333333333,1,0,right,0.256726992656581,292.786499023438,12,-0.00024246408089434,79.3130950927734,1348.07160991788,4.92183971405029,0.708050429821014,0.196656957268715,5.60446109682947,-29090.515688017,-20622.386537585,-29092.7860847186,-20623.3402950179,-29095.0564814201,-20624.2940524509,1,0,0,0
20140118093043.daq,129,21,974.883333333333,1,0,right,0.236012003370888,292.635055541992,12,-0.000242479456965743,79.4033660888672,1359.71084650789,4.92183971405029,0.707459986209869,0.177673399448395,5.59105492214221,-29085.9623361469,-20633.1045225175,-29088.2352458741,-20634.0522755418,-29090.5081556014,-20635.0000285662,1,0,0,0
20140118093043.daq,129,21,974.983333333333,1,0,right,0.212227784005563,292.483657836914,12,-0.00024251618197106,79.493408203125,1371.36330627587,4.92183971405029,0.706347763538361,0.177673399448395,5.57631839963095,-29081.434391321,-20643.845923786,-29083.709797442,-20644.7876675983,-29085.985203563,-20645.7294114105,1,0,0,0
20140118093043.daq,129,21,975.083333333333,1,0,right,0.204427141313204,292.331008911133,12,-0.000242573140806816,79.5832138061523,1383.02895406721,4.92183971405029,0.707584798336029,0.196656957268715,5.55612112078629,-29076.92800924,-20654.6127544307,-29079.2059163012,-20655.5484327109,-29081.4838233624,-20656.4841109911,1,0,0,0
20140118093043.daq,129,21,975.183333333333,1,0,right,0.191662684831613,292.180206298828,12,-0.000242649215179437,79.6727981567383,1394.70775743144,4.92183971405029,0.708284437656403,0.168181732296944,5.53360427159678,-29072.4449949452,-20665.4029180277,-29074.7253568207,-20666.3325976177,-29077.0057186963,-20667.2622772077,1,0,0,0
20140118093043.daq,129,21,975.283333333333,1,0,right,0.177108947277645,292.028457641602,12,-0.000242743255365927,79.7621536254883,1406.39968307892,4.92183971405029,0.707865178585052,0.0922479778528214,5.51112594629023,-29067.9874350372,-20676.2184967087,-29070.2702511811,-20677.1421334754,-29072.5530673249,-20678.0657702421,1,0,0,0
20140118093043.daq,129,21,975.383333333333,1,0,right,0.161170432948893,291.875335693359,12,-0.000242853963467165,79.8512649536133,1418.10469706723,4.92183971405029,0.708586752414703,0.130214855074883,5.4826927900164,-29063.5514441469,-20687.0556033977,-29065.8367205384,-20687.9731360879,-29068.12199693,-20688.8906687781,1,0,0,0
20140118093043.daq,129,21,975.483333333333,1,0,right,0.14100094311641,291.723663330078,12,-0.000242979737337064,79.9401702880859,1429.82276554721,4.92183971405029,0.708636105060577,0.168181732296944,5.45233179119608,-29059.1407926171,-20697.9180147353,-29061.4284898748,-20698.8294946749,-29063.7161871326,-20699.7409746145,1,0,0,0
20140118093043.daq,129,21,975.583333333333,1,0,right,0.120269222079003,291.569747924805,12,-0.00024311873174084,80.0288467407227,1441.55385560221,4.92183971405029,0.707659542560577,0.187165051698685,5.41513009712677,-29054.7517524362,-20708.8039464181,-29057.041889973,-20709.7092775651,-29059.3320275098,-20710.6146087122,1,0,0,0
20140118093043.daq,129,21,975.683333333333,1,0,right,0.113275167200527,291.415954589844,12,-0.000243269075365861,80.1172943115234,1453.29793478178,4.92183971405029,0.706241428852081,0.168181732296944,5.37553159821343,-29050.3881157996,-20719.7132900299,-29052.6806751733,-20720.6124707356,-29054.973234547,-20721.5116514413,1,0,0,0
20140118093043.daq,129,21,975.783333333333,1,0,right,0.104772068132092,291.261901855469,12,-0.000243429171422413,80.2055206298828,1465.05497166122,4.92183971405029,0.705493986606598,0.187165051698685,5.33505568093642,-29046.0499011754,-20730.6460628558,-29048.3448699113,-20731.5390762515,-29050.6398386472,-20732.4320896471,1,0,0,0
20140118093043.daq,129,21,975.883333333333,1,0,right,0.0937158001348166,291.106918334961,12,-0.000243597893632245,80.2934799194336,1476.82492838169,4.92183971405029,0.707349240779877,0.187165051698685,5.29128238862573,-29041.7351882385,-20741.6022950819,-29044.0325641523,-20742.4890973903,-29046.3299400661,-20743.3758996987,1,0,0,0
20140118093043.daq,129,21,975.983333333333,1,0,right,0.0789087363533554,290.952178955078,12,-0.000243774561611326,80.3811798095703,1488.60776699111,4.92183971405029,0.707514464855194,0.168181732296944,5.24359867828397,-29037.4439198029,-20752.5819333528,-29039.7436823327,-20753.4625278847,-29042.0434448626,-20754.3431224166,1,0,0,0
20140118093043.daq,129,21,976.083333333333,1,0,right,0.0590140618621717,290.796264648438,12,-0.000243958796018875,80.4686660766602,1500.40345186862,4.92183971405029,0.709012031555176,0.149198174476624,5.19312181074263,-29033.1781184362,-20763.5869945872,-29035.4802687379,-20764.4613277112,-29037.7824190396,-20765.3356608352,1,0,0,0
20140118093043.daq,129,21,976.183333333333,1,0,right,0.0387606969542276,290.639831542969,12,-0.00024415047565755,80.5559234619141,1512.21195075026,4.92183971405029,0.70851057767868,0.139706522226334,5.13742083610567,-29028.937752258,-20774.6135426271,-29031.2422811441,-20775.4815870019,-29033.5468100302,-20776.3496313766,1,0,0,0
20140118093043.daq,129,21,976.283333333333,1,0,right,0.0321795443989572,290.483474731445,12,-0.000244349668274391,80.6429901123047,1524.0332337033,4.92183971405029,0.707190990447998,0.196656957268715,5.07952592838064,-29024.7227920739,-20785.6635037636,-29027.029681218,-20786.5252559903,-29029.3365703622,-20787.3870082169,1,0,0,0
20140118093043.daq,129,21,976.383333333333,1,0,right,0.0277269718199022,290.324737548828,12,-0.000244556438619269,80.7298278808594,1535.86726967606,4.96578454971313,0.707225978374481,0.177673399448395,5.01917479911986,-29020.5333591696,-20796.736987341,-29022.8426269302,-20797.5923450634,-29025.1518946908,-20798.4477027858,1,0,0,0
20140118093043.daq,129,21,976.483333333333,1,0,right,0.0326517432844184,290.150665283203,12,-0.000244770618124136,80.81640625,1547.71402360714,6.10835456848145,0.707977712154388,0.149198174476624,4.95791557324354,-29016.3700960877,-20807.8345671565,-29018.6819518783,-20808.6829050768,-29020.9938076689,-20809.5312429971,1,0,0,0
20140118093043.daq,129,21,976.583333333333,1,0,right,0.066005508535568,289.947387695313,12,-0.000244991513851114,80.902458190918,1559.57344057325,6.85541963577271,0.708443701267242,0.139706522226334,4.89813103415384,-29012.2356513305,-20818.9588023636,-29014.5505023516,-20819.7989328139,-29016.8653533727,-20820.6390632641,1,0,0,0
20140118093043.daq,129,21,976.683333333333,1,0,right,0.116060378550571,289.721298217773,12,-0.000245217627203329,80.9880218505859,1571.44544215252,6.85541963577271,0.709535777568817,0.139706522226334,4.83572888412389,-29008.1297196634,-20830.1054899165,-29010.4478678133,-20830.9364794342,-29012.7660159633,-20831.7674689518,1,0,0,0
20140118093043.daq,129,21,976.783333333333,1,0,right,0.177304816353512,289.482208251953,12,-0.000245446601644885,81.0730667114258,1583.32995579772,6.85541963577271,0.707703113555908,0.158690065145493,4.77648888165802,-29004.0557279196,-20841.2800460333,-29006.3773235184,-20842.101354927,-29008.6989191172,-20842.9226638207,1,0,0,0
20140118093043.daq,129,21,976.883333333333,1,0,right,0.259725461811172,289.238082885742,12,-0.000245675455859493,81.1575393676758,1595.226900476,6.81147480010986,0.707752048969269,0.187165051698685,4.72687923112418,-29000.0191422096,-20852.4821153731,-29002.3442161503,-20853.293525007,-29004.6692900909,-20854.1049346408,1,0,0,0
20140118093043.daq,129,21,976.983333333333,1,0,right,0.339775463886724,288.992538452148,12,-0.000245900969724773,81.2414245605469,1607.13619170437,6.76752948760986,0.708081483840942,0.177673399448395,4.68686347748902,-28996.0197827556,-20863.709584605,-28998.3483126782,-20864.5110225771,-29000.6768426008,-20865.3124605491,1,0,0,0
20140118093043.daq,129,21,977.083333333333,1,0,right,0.417263884440388,288.745742797852,12,-0.000246120157367234,81.3247985839844,1619.05774761073,6.76752948760986,0.706358373165131,0.158690065145493,4.659788597251,-28992.0615478781,-20874.9643984991,-28994.3935083,-20875.7557991652,-28996.7254687219,-20876.5471998313,1,0,0,0
20140118093043.daq,129,21,977.183333333333,1,0,right,0.489939012358036,288.499923706055,12,-0.000246330685528199,81.4077758789063,1630.99150114953,6.72358465194702,0.699732482433319,0.168181732296944,4.64524740338295,-28988.1443248759,-20886.2484135491,-28990.4796592129,-20887.0298020299,-28992.8149935499,-20887.8111905107,1,0,0,0
20140118093043.daq,129,21,977.283333333333,1,0,right,0.55852379247267,288.254333496094,12,-0.000246531197081405,81.4903564453125,1642.93739562574,6.67963981628418,0.619593322277069,0.177673399448395,4.64307800758865,-28984.2701042214,-20897.557755876,-28986.6087664054,-20898.3291271308,-28988.9474285893,-20899.1004983856,1,0,0,0
20140118093043.daq,129,21,977.383333333333,1,0,right,0.619066096016979,288.017990112305,12,-0.000246721521631921,81.5721740722656,1654.89535681368,6.32807970046997,0.479769110679626,0.158690065145493,4.65528422742348,-28980.4403773191,-20908.8959485304,-28982.7822014809,-20909.6576663381,-28985.1240256427,-20910.4193841459,1,0,0,0
20140118093043.daq,129,21,977.483333333333,1,0,right,0.682700957682698,287.79035949707,12,-0.000246902695424665,81.6517944335938,1666.86518124542,5.88862991333008,0.33856987953186,0.149198174476624,4.68325734280681,-28976.6551664995,-20920.2610666443,-28978.9999984032,-20921.0134746231,-28981.3448303069,-20921.765882602,1,0,0,0
20140118093043.daq,129,21,977.583333333333,1,0,right,0.732201923349407,287.575164794922,12,-0.000247076669100451,81.7261810302734,1678.8463571739,5.80073976516724,0.234548628330231,0.187165051698685,4.72220457784902,-28972.9103692375,-20931.6510055395,-28975.2580105321,-20932.394601381,-28977.6056518266,-20933.1381972225,1,0,0,0
20140118093043.daq,129,21,977.683333333333,1,0,right,0.774660135365593,287.362838745117,12,-0.00024724567151297,81.7876663208008,1690.83765922232,5.62495994567871,0.156044706702232,0.168181732296944,4.77723142129099,-28969.2103797337,-20943.0661732425,-28971.5607605111,-20943.8010641356,-28973.9111412885,-20944.5359550286,1,0,0,0
20140118093043.daq,129,21,977.783333333333,1,0,right,0.807172840931116,287.153549194336,12,-0.000247411537696089,81.8112640380859,1702.83552259888,5.31734466552734,0.117205552756786,0.168181732296944,4.84214921769318,-28965.5532346801,-20954.5007048984,-28967.9062841744,-20955.2270054562,-28970.2593336688,-20955.9533060141,1,0,0,0
20140118093043.daq,129,21,977.883333333333,1,0,right,0.846408928970789,286.935958862305,12,-0.000247575212986655,81.7771835327148,1714.83273864526,5.09761953353882,0.0799895152449608,0.168181732296944,4.91627635774078,-28961.9395214741,-20965.9511666269,-28964.2953122419,-20966.6685258687,-28966.6511030097,-20967.3858851105,1,0,0,0
20140118093043.daq,129,21,977.983333333333,1,0,right,0.898253606095921,286.708801269531,12,-0.000247736546894227,81.6929321289063,1726.82114216144,5.09761953353882,0.0298045184463263,0.196656957268715,4.99765523180413,-28958.3712630155,-20977.4058869635,-28960.729879338,-20978.113900711,-28963.0884956606,-20978.8219144584,1,0,0,0
20140118093043.daq,129,21,978.083333333333,1,0,right,0.980230705038764,286.465057373047,12,-0.000247894348595807,81.5555648803711,1738.79332195368,5.09761953353882,0,0.215640276670456,5.08882778251043,-28954.8507839651,-20988.8592889003,-28957.2123909209,-20989.5572624026,-28959.5739978766,-20990.2552359048,1,0,0,0
20140118093043.daq,129,21,978.183333333333,1,0,right,1.0715896939198,286.20751953125,12,-0.000248046653989002,81.3875961303711,1750.7426324906,5.05367469787598,0,0.215640276670456,5.19241842513029,-28951.3818525325,-21000.3034346266,-28953.7465729302,-21000.990785966,-28956.111293328,-21001.6781373055,1,0,0,0
20140118093043.daq,129,21,978.283333333333,1,0,right,1.16628009753146,285.94221496582,12,-0.00024819110240013,81.2153472900391,1762.66688821695,4.96578454971313,0,0.282082378864288,5.30820604903656,-28947.9661117657,-21011.7361163031,-28950.3339895391,-21012.4125106213,-28952.7018673125,-21013.0889049395,1,0,0,0
20140118093043.daq,129,21,978.383333333333,1,0,right,1.25062107550258,285.682800292969,12,-0.000248325437824052,81.0428695678711,1774.56584622072,4.61422491073608,0,0.225131943821907,5.43520282692942,-28944.6028439926,-21023.158729886,-28946.9737599555,-21023.8243964095,-28949.3446759183,-21024.4900629329,1,0,0,0
20140118093043.daq,129,21,978.483333333333,1,0,right,1.32046760000151,285.433395385742,12,-0.000248447833640697,80.8709335327148,1786.43954482704,4.30660963058472,0,0.253607153892517,5.57777874928278,-28941.29768662,-21034.569160883,-28943.6714777159,-21035.2245006852,-28946.0452688119,-21035.8798404874,1,0,0,0
20140118093043.daq,129,21,978.583333333333,1,0,right,1.38348352633113,285.203308105469,12,-0.000248557140869356,80.6997299194336,1798.28807719097,3.95504975318909,0,0.206148609519005,5.73378463837625,-28938.048185966,-21045.9689975363,-28940.4245896153,-21046.6147994556,-28942.8009932646,-21047.260601375,0,1,0,1
20140118093043.daq,129,21,978.683333333333,1,0,right,1.43547734299733,284.989639282227,12,-0.000248653028103363,80.5294494628906,1810.11156462868,3.51559996604919,0,0.263098806142807,5.90538091795891,-28934.8525340016,-21057.3603203672,-28937.2313294612,-21057.9972556738,-28939.6101249208,-21058.6341909805,0,1,0,1
20140118093043.daq,129,21,978.783333333333,1,0,right,1.46374656826299,284.797576904297,12,-0.000248735952922913,80.3603973388672,1821.91016305142,3.07614994049072,0,0.225131943821907,6.0928173199182,-28931.7123989976,-21068.7370744852,-28934.0933161724,-21069.3660322184,-28936.4742333472,-21069.9949899515,0,1,0,1
20140118093043.daq,129,21,978.883333333333,1,0,right,1.46990661422461,284.623031616211,12,-0.000248806982115193,80.1929702758789,1833.68408021655,2.76853489875793,0,0.234623834490776,6.29367839444846,-28928.6240850915,-21080.1052918603,-28931.0069072658,-21080.7269934839,-28933.3897294402,-21081.3486951076,0,1,0,1
20140118093043.daq,129,21,978.983333333333,1,0,right,1.45381222607165,284.466125488281,12,-0.000248867466292894,80.027946472168,1845.43360761848,2.59275484085083,0,0.234623834490776,6.49892311055553,-28925.5817199473,-21091.4571637061,-28927.9662357322,-21092.0723375801,-28930.350751517,-21092.6875114541,0,1,0,1
20140118093043.daq,129,21,979.083333333333,1,0,right,1.42114606957813,284.321151733398,12,-0.000248918797605888,79.8663024902344,1857.15916599383,2.46091985702515,0,0.244115486741066,6.70910616396956,-28922.5856047649,-21102.7968271791,-28924.9716694705,-21103.4059656231,-28927.3577341761,-21104.0151040672,0,1,0,1
20140118093043.daq,129,21,979.183333333333,1,0,right,1.38651191186386,284.190582275391,12,-0.000248962353610423,79.7086639404297,1868.86131072987,2.15330481529236,0,0.282082378864288,6.91584431780938,-28919.6277902569,-21114.1202845013,-28922.0152369111,-21114.7239838443,-28924.4026835653,-21115.3276831874,0,1,0,1
20140118093043.daq,129,21,979.283333333333,1,0,right,1.32818226623147,284.090408325195,12,-0.000248999707756217,79.5543060302734,1880.54059096627,1.14256989955902,0,0.244115486741066,7.12499392135422,-28916.7093628887,-21125.4308254461,-28919.0978613803,-21126.0303497398,-28921.486359872,-21126.6298740334,0,1,0,1
20140118093043.daq,129,21,979.383333333333,1,0,right,1.23104094868552,284.023956298828,12,-0.000249032979135323,79.401741027832,1892.19738146817,0.26366999745369,0,0.225131943821907,7.3296949669945,-28913.8242774526,-21136.7244231998,-28916.2134696699,-21137.3211768945,-28918.6026618872,-21137.9179305891,0,1,0,1
20140118093043.daq,129,21,979.483333333333,1,0,right,1.09606275423721,283.992904663086,12,-0.000249065051817193,79.2498321533203,1903.83185315986,-0.131834983825684,0,0.158690065145493,7.52254935414071,-28910.9665793463,-21148.001018973,-28913.3560946253,-21148.5964777495,-28915.7456099044,-21149.191936526,0,1,0,1
20140118093043.daq,129,21,979.583333333333,1,0,right,0.925659632514567,283.989547729492,12,-0.000249099419288279,79.0981140136719,1915.44406059165,-0.307614982128143,0,0.234623834490776,7.69767166843576,-28908.1308231712,-21159.2589617048,-28910.5203733338,-21159.8542804797,-28912.9099234964,-21160.4495992546,0,1,0,1
20140118093043.daq,129,21,979.683333333333,1,0,right,0.734149253507894,284.004974365234,12,-0.000249139781847486,78.946533203125,1927.03402549036,-0.351559966802597,0,0.310557574033737,7.85015357849492,-28905.3135837138,-21170.4985975175,-28907.7029735029,-21171.0945596466,-28910.0923632919,-21171.6905217758,0,1,0,1
20140118093043.daq,129,21,979.783333333333,1,0,right,0.546659031032561,284.030029296875,12,-0.000249189608536855,78.7951431274414,1938.60177312633,-0.395504981279373,0,0.282082378864288,7.97506582130456,-28902.5094964415,-21181.7163748938,-28904.8986253932,-21182.3133818247,-28907.2877543449,-21182.9103887556,0,1,0,1
20140118093043.daq,129,21,979.883333333333,1,0,right,0.358501224913311,284.062805175781,12,-0.000249251744757443,78.6439895629883,1950.14733203355,-0.351559966802597,0,0.282082378864288,8.07270787804338,-28899.7147585266,-21192.9143204027,-28902.1035455714,-21193.5126939298,-28904.4923326162,-21194.111067457,0,1,0,1
20140118093043.daq,129,21,979.983333333333,1,0,right,0.159708636682922,284.10090637207,12,-0.00024932828089824,78.4931869506836,1961.67074706449,-0.351559966802597,0,0.244115486741066,8.13845330659516,-28896.9255934544,-21204.0905733927,-28899.3139820579,-21204.6905353101,-28901.7023706613,-21205.2904972275,0,1,0,1
20140118093043.daq,129,21,980.083333333333,1,0,right,-0.0458488580443372,284.140441894531,12,-0.00024942077253741,78.3427581787109,1973.17207146397,-0.307614982128143,0,0.253607153892517,8.16747494999549,-28894.1383051622,-21215.2433316709,-28896.5262792083,-21215.8449414933,-28898.9142532544,-21216.4465513157,0,1,0,1
20140118093043.daq,129,21,980.183333333333,1,0,right,-0.258941136203759,284.182159423828,12,-0.00024953052893061,78.1927032470703,1984.65136062152,-0.0878899917006493,0,0.282082378864288,8.15956777264281,-28891.352853477,-21226.3745190625,-28893.7403888531,-21226.9778674289,-28896.1279242292,-21227.5812157952,0,1,1,1
20140118093043.daq,129,21,980.283333333333,1,0,right,-0.456190172958031,284.205505371094,12,-0.000249658693744764,78.0430374145508,1996.10866862118,0.92284494638443,0,0.253607153892517,8.11029723377998,-28888.5664394052,-21237.4829839057,-28890.9537287406,-21238.0873050558,-28893.341018076,-21238.6916262059,0,1,1,1
20140118093043.daq,129,21,980.383333333333,1,0,right,-0.611270503643311,284.196517944336,12,-0.000249806050146697,77.8938217163086,2007.54405793935,2.02146983146667,0.0318270698189735,0.225131943821907,8.02347101002139,-28885.7817673316,-21248.571224972,-28888.1691514316,-21249.175171644,-28890.5565355315,-21249.779118316,0,1,1,1
20140118093043.daq,129,21,980.483333333333,1,0,right,-0.721799136783375,284.155258178711,12,-0.000249972739670052,77.7450637817383,2018.95759711362,2.32908487319946,0.0496236979961395,0.272590696811676,7.90240202069581,-28882.9988345592,-21259.6372859393,-28885.3866529534,-21260.2395132548,-28887.7744713477,-21260.8417405703,0,1,1,1
20140118093043.daq,129,21,980.583333333333,1,0,right,-0.816375798988133,284.092544555664,12,-0.000250158092437148,77.5967407226563,2030.3493500191,2.32908487319946,0.0564860887825489,0.225131943821907,7.75322444348395,-28880.2229195202,-21270.6846486195,-28882.6113956574,-21271.2842619661,-28884.9998717946,-21271.8838753128,0,1,1,1
20140118093043.daq,129,21,980.683333333333,1,0,right,-0.903275439500305,284.016632080078,12,-0.000250360652597816,77.4487686157227,2041.71937680096,2.32908487319946,0.0602581240236759,0.225131943821907,7.57612388349368,-28877.4555323014,-21281.7129887927,-28879.8448007832,-21282.3094370679,-28882.2340692651,-21282.9058853431,0,1,1,1
20140118093043.daq,129,21,980.783333333333,1,0,right,-0.989217709071454,283.934219360352,12,-0.000250578327975109,77.3011016845703,2053.06772259146,2.32908487319946,0.0650989934802055,0.234623834490776,7.37155864717319,-28874.6982659593,-21292.7220441316,-28877.0883898845,-21293.315055131,-28879.4785138098,-21293.9080661303,0,1,1,1
20140118093043.daq,129,21,980.883333333333,1,0,right,-1.07279036878083,283.843872070313,12,-0.000250808557221152,77.1537628173828,2064.39443504046,2.41697478294373,0.0748532265424728,0.272590696811676,7.14449140725058,-28871.9570585647,-21303.7118685602,-28874.348114612,-21304.3011099386,-28876.7391706593,-21304.890351317,0,1,1,1
20140118093043.daq,129,21,980.983333333333,1,0,right,-1.13340757241866,283.739349365234,12,-0.00025104845772205,77.006706237793,2075.69955890722,3.0322048664093,0.110952146351337,0.263098806142807,6.89765605016004,-28869.2342028304,-21314.6846538116,-28871.6263298311,-21315.2695322913,-28874.0184568318,-21315.8544107709,0,1,1,1
20140118093043.daq,129,21,981.083333333333,1,0,right,-1.14448483113546,283.60319519043,12,-0.000251294802363371,76.8598403930664,2086.98312943961,4.13082981109619,0.15540224313736,0.206148609519005,6.63843786412636,-28866.5326022092,-21325.643019745,-28868.9261123237,-21326.2222120748,-28871.3196224383,-21326.8014044045,0,1,1,1
20140118093043.daq,129,21,981.183333333333,1,0,right,-1.13213929900053,283.435180664063,12,-0.000251543907766105,76.7131042480469,2098.24516976322,4.70211458206177,0.183372333645821,0.225131943821907,6.37046013810808,-28863.8561840346,-21336.5850097333,-28866.2513822833,-21337.1571808379,-28868.646580532,-21337.7293519424,0,1,1,1
20140118093043.daq,129,21,981.283333333333,1,0,right,-1.08988821813801,283.233825683594,12,-0.000251791596345959,76.5663909912109,2109.48569200034,5.44917964935303,0.236500561237335,0.225131943821907,6.09924172507726,-28861.2108990466,-21347.5145710993,-28863.6080932855,-21348.0783212251,-28866.0052875245,-21348.6420713508,0,1,1,1
20140118093043.daq,129,21,981.383333333333,1,0,right,-1.01899326222383,282.997909545898,12,-0.000252033254361697,76.4195098876953,2120.70468747888,6.02046489715576,0.283603698015213,0.225131943821907,5.82628447489355,-28858.598780394,-21358.4317308101,-28860.9982755542,-21358.9856057056,-28863.3977707143,-21359.5394806011,0,1,1,1
20140118093043.daq,129,21,981.483333333333,1,0,right,-0.924861699143548,282.732818603516,12,-0.000252263882308715,76.2724151611328,2131.90210882865,6.37202453613281,0.31965309381485,0.234623834490776,5.55416009256064,-28856.0234548368,-21369.3382160149,-28858.425486924,-21369.880983254,-28860.8275190111,-21370.4237504932,0,0,1,0
20140118093043.daq,129,21,981.583333333333,1,0,right,-0.803078345173674,282.44108581543,12,-0.000252478205932426,76.1225280761719,2143.07781188769,6.72358465194702,0.371305853128433,0.253607153892517,5.29086238152468,-28853.4945635325,-21380.2319566672,-28855.8993280776,-21380.7624865023,-28858.3040926227,-21381.2930163374,0,0,1,0
20140118093043.daq,129,21,981.683333333333,1,0,right,-0.642506893150596,282.136260986328,12,-0.000252670932658712,76.0253295898438,2154.23468810138,6.85541963577271,0.419092178344727,0.291574031114578,5.04508417436997,-28851.0152789698,-21391.1202410104,-28853.422831992,-21391.6379695768,-28855.8303850143,-21392.1556981431,0,0,1,0
20140118093043.daq,129,21,981.783333333333,1,0,right,-0.486260712231797,281.829162597656,12,-0.000252837256930532,75.9680633544922,2165.38043791988,6.85541963577271,0.436772555112839,0.225131943821907,4.82059768027316,-28848.5869617481,-21402.0065661496,-28850.9972551366,-21402.5113831506,-28853.4075485252,-21403.0162001515,0,0,1,0
20140118093043.daq,129,21,981.883333333333,1,0,right,-0.346280003133302,281.53434753418,12,-0.000252972761583214,75.9520645141602,2176.52082008262,6.81147480010986,0.436893612146378,0.177673399448395,4.62037005054904,-28846.2127091333,-21412.900164957,-28848.6255681355,-21413.3925731808,-28851.0384271377,-21413.8849814046,0,0,1,0
20140118093043.daq,129,21,981.983333333333,1,0,right,-0.233986013787671,281.258056640625,12,-0.000253071518646488,75.9660110473633,2187.66125474418,6.63569450378418,0.436270743608475,0.158690065145493,4.44506635111365,-28843.8941186051,-21423.8047281822,-28846.3093240284,-21424.2854954716,-28848.7245294517,-21424.766262761,0,0,1,0
20140118093043.daq,129,21,982.083333333333,1,0,right,-0.147285194947699,281.000701904297,12,-0.000253128584825076,75.9941253662109,2198.80491048409,6.37202453613281,0.434499174356461,0.196656957268715,4.29370917740861,-28841.6292038909,-21434.7261150957,-28844.0465443998,-21435.1960292238,-28846.4638849086,-21435.665943352,0,0,1,0
20140118093043.daq,129,21,982.183333333333,1,0,right,-0.0798670841311377,280.755950927734,12,-0.000253140705276177,76.0298004150391,2209.95328710908,6.0644097328186,0.434917837381363,0.168181732296944,4.16479870258488,-28839.4183108512,-21445.6626126328,-28841.8376366358,-21446.1221963264,-28844.2569624203,-21446.58178002,0,0,1,0
20140118093043.daq,129,21,982.283333333333,1,0,right,0.00567090078936872,280.52815246582,12,-0.000253105965888702,76.0702972412109,2221.10727187739,5.62495994567871,0.43513348698616,0.177673399448395,4.05421682623099,-28837.2553294104,-21456.6140754817,-28839.6764632969,-21457.0640367325,-28842.0975971833,-21457.5139979833,0,0,1,0
20140118093043.daq,129,21,982.383333333333,1,0,right,0.0708038541995393,280.314926147461,12,-0.000253023341107314,76.1142959594727,2232.26746521525,5.31734466552734,0.43473294377327,0.225131943821907,3.96644074822083,-28835.1423395275,-21467.5805987893,-28837.5651311757,-21468.0215466921,-28839.9879228239,-21468.4624945949,0,0,1,0
20140118093043.daq,129,21,982.483333333333,1,0,right,0.116339041728907,280.114059448242,12,-0.000252892358655785,76.1608505249023,2243.4343096794,5.2733998298645,0.43445673584938,0.206148609519005,3.89371737401645,-28833.0716478214,-21478.5622691739,-28835.4959704464,-21478.9947205971,-28837.9202930713,-21479.4271720203,0,0,1,0
20140118093043.daq,129,21,982.583333333333,1,0,right,0.146224609616695,279.921585083008,12,-0.00025271283553205,76.2091598510742,2254.6081186776,5.2294545173645,0.434131592512131,0.215640276670456,3.83435183363194,-28831.0434742532,-21489.5572790834,-28833.4692359352,-21489.9815840272,-28835.8949976173,-21490.405888971,0,0,1,0
20140118093043.daq,129,21,982.683333333333,1,0,right,0.161721778030824,279.736221313477,12,-0.000252484655877491,76.2587051391602,2265.78910891908,5.14156484603882,0.433834940195084,0.225131943821907,3.78497068658841,-28829.0559353491,-21500.5656776783,-28831.4830570488,-21500.9821325715,-28833.9101787486,-21501.3985874646,0,0,1,0
20140118093043.daq,129,21,982.783333333333,1,0,right,0.168027226405911,279.552749633789,12,-0.00025220771926383,76.3090667724609,2276.97743006743,5.14156484603882,0.433957189321518,0.244115486741066,3.74280322111156,-28827.1073721659,-21511.5896019718,-28829.5358149852,-21511.9982826506,-28831.9642578044,-21512.4069633294,0,0,1,0
20140118093043.daq,129,21,982.883333333333,1,0,right,0.195494898320703,279.371688842773,12,-0.000251881914877042,76.3598785400391,2288.17317481157,5.14156484603882,0.433671474456787,0.263098806142807,3.70415486894622,-28825.1938481652,-21522.6270820019,-28827.6235703314,-21523.0280865138,-28830.0532924975,-21523.4290910258,0,0,1,0
20140118093043.daq,129,21,982.983333333333,1,0,right,0.23214005612067,279.19010925293,12,-0.000251506987652464,76.410888671875,2299.37638930941,5.14156484603882,0.433293700218201,0.225131943821907,3.67441517135721,-28823.3155296596,-21533.6782190246,-28825.7465104702,-21534.0715213533,-28828.1774912809,-21534.4648236819,0,0,1,0
20140118093043.daq,129,21,983.083333333333,1,0,right,0.261953103264034,279.007507324219,12,-0.000251082383226015,76.4619674682617,2310.58709118491,5.36128950119019,0.434498906135559,0.244115486741066,3.65266234658773,-28821.4724455069,-21544.7430297945,-28823.9046674261,-21545.1285825912,-28826.3368893453,-21545.5141353879,0,0,1,0
20140118093043.daq,129,21,983.183333333333,1,0,right,0.290135240694212,278.815963745117,12,-0.000250607175475,76.5129318237305,2321.80527801359,5.66890478134155,0.433255553245544,0.206148609519005,3.63564896590493,-28819.6630965214,-21555.8217811125,-28822.0965937753,-21556.1992006912,-28824.5300910293,-21556.5766202699,0,0,1,0
20140118093043.daq,129,21,983.283333333333,1,0,right,0.323797355086072,278.613616943359,12,-0.000250080120930075,76.5636978149414,2333.03092583065,5.88862991333008,0.433760136365891,0.225131943821907,3.62273898131421,-28817.8895456194,-21566.9145302525,-28820.3243605967,-21567.2833533129,-28822.7591755739,-21567.6521763733,0,0,1,0
20140118093043.daq,129,21,983.383333333333,1,0,right,0.356181952452914,278.404632568359,12,-0.000249499769084571,76.6142501831055,2344.26400293162,5.84468460083008,0.434236288070679,0.234623834490776,3.61515638318937,-28816.1535099571,-21578.0191785147,-28818.5896540044,-21578.3791182379,-28821.0257980517,-21578.7390579611,0,0,1,0
20140118093043.daq,129,21,983.483333333333,1,0,right,0.401181071123744,278.197692871094,12,-0.000248864469269937,76.6646728515625,2355.50448497871,5.58101463317871,0.433921605348587,0.196656957268715,3.6107653817522,-28814.4525380804,-21589.1393401528,-28816.889966258,-21589.4904787333,-28819.3273944355,-21589.8416173139,0,0,1,0
20140118093043.daq,129,21,983.583333333333,1,0,right,0.460648971262685,277.995803833008,12,-0.000248172381540422,76.7149124145508,2366.7523504315,5.44917964935303,0.355252265930176,0.206148609519005,3.61565148620124,-28812.788408559,-21600.2710110879,-28815.2270588843,-21600.6135589152,-28817.6657092097,-21600.9561067424,0,0,1,0
20140118093043.daq,129,21,983.683333333333,1,0,right,0.511844517952909,277.79508972168,12,-0.00024742138638601,76.7625961303711,2378.00747983887,5.40523481369019,0.149658203125,0.225131943821907,3.63143917412829,-28811.163296958,-21611.414321211,-28813.6031323044,-21611.748324064,-28816.0429676508,-21612.0823269171,0,0,1,0
20140118093043.daq,129,21,983.783333333333,1,0,right,0.555336532326123,277.592742919922,12,-0.000246609023793952,76.789924621582,2389.26847531451,5.40523481369019,0.0975533127784729,0.253607153892517,3.65873478100073,-28809.5773655746,-21622.5713156262,-28812.0183652738,-21622.896699848,-28814.4593649731,-21623.2220840698,0,0,1,0
20140118093043.daq,129,21,983.883333333333,1,0,right,0.598142035285605,277.378890991211,12,-0.000245732521385778,76.7627029418945,2400.52973132613,5.44917964935303,0.0836672782897949,0.225131943821907,3.69080968766247,-28808.0292354904,-21633.7344998451,-28810.4714326547,-21634.0507709849,-28812.9136298191,-21634.3670421246,0,0,1,0
20140118093043.daq,129,21,983.983333333333,1,0,right,0.64978515875265,277.149505615234,12,-0.000244788819932463,76.6870803833008,2411.78324194183,5.44917964935303,0.0907769873738289,0.282082378864288,3.73028105711333,-28806.5230516116,-21644.8961830436,-28808.9664954015,-21645.202674265,-28811.4099391915,-21645.5091654865,0,0,1,0
20140118093043.daq,129,21,984.083333333333,1,0,right,0.71943715317974,276.905670166016,12,-0.000243774619616933,76.5655059814453,2423.02228143666,5.40523481369019,0.0938678383827209,0.263098806142807,3.77731171069948,-28805.0607095991,-21656.0504603822,-28807.5054356025,-21656.346550219,-28809.950161606,-21656.6426400559,0,0,1,0
20140118093043.daq,129,21,984.183333333333,1,0,right,0.838550921093542,276.648818969727,12,-0.000242686553967858,76.4158096313477,2434.24112575958,5.36128950119019,0.0952610298991203,0.310557574033737,3.83501325999584,-28803.6421311383,-21667.1875100488,-28806.0881599131,-21667.4726374873,-28808.5341886879,-21667.7577649259,0,0,1,0
20140118093043.daq,129,21,984.283333333333,1,0,right,0.955894536253993,276.385284423828,12,-0.00024152139670659,76.2587890625,2445.43731259422,5.2294545173645,0.102437250316143,0.272590696811676,3.91005596165372,-28802.2708561637,-21678.3090765615,-28804.7181705167,-21678.5829504029,-28807.1654848697,-21678.8568242444,0,0,1,0
20140118093043.daq,129,21,984.383333333333,1,0,right,1.06196208206791,276.125076293945,12,-0.000240276330678212,76.1008987426758,2456.61038297211,4.87789487838745,0.119028873741627,0.320049256086349,4.00169587471946,-28800.9482516088,-21689.4109374648,-28803.3967845144,-21689.6736940699,-28805.8453174201,-21689.936450675,0,0,1,0
20140118093043.daq,129,21,984.483333333333,1,0,right,1.12869291269715,275.891098022461,12,-0.000238949293666647,75.9433288574219,2467.7603115297,3.86715984344482,0.177672609686852,0.225131943821907,4.10731152027524,-28799.6749187438,-21700.494343293,-28802.1245042468,-21700.7470986826,-28804.5740897498,-21700.9998540722,0,0,1,0
20140118093043.daq,129,21,984.583333333333,1,0,right,1.1549618282686,275.686935424805,12,-0.000237539458748293,75.7863616943359,2478.88717277242,3.16403985023499,0.28002005815506,0.272590696811676,4.22634907964452,-28798.4506356471,-21711.5592031717,-28800.9011062424,-21711.8032283437,-28803.3515768378,-21712.0472535158,0,0,1,0
20140118093043.daq,129,21,984.683333333333,1,0,right,1.13836523314967,275.51496887207,12,-0.000236047623566062,75.6313247680664,2489.99108866914,2.68064475059509,0.341728061437607,0.272590696811676,4.35559894212312,-28797.2732984688,-21722.6054634403,-28799.7244904387,-21722.8421327246,-28802.1756824086,-21723.0788020089,0,0,1,0
20140118093043.daq,129,21,984.783333333333,1,0,right,1.15248676780908,275.371612548828,12,-0.000234476193828479,75.5058135986328,2501.07393714871,2.32908487319946,0.350361913442612,0.272590696811676,4.49312697801773,-28796.1392043674,-21733.6332496993,-28798.5909808202,-21733.8637852692,-28801.0427572729,-21734.0943208391,0,0,1,0
20140118093043.daq,129,21,984.883333333333,1,0,right,1.1336535217963,275.252075195313,12,-0.000232828864827168,75.4196395874023,2512.14147816283,2.2411949634552,0.34925177693367,0.187165051698685,4.64396301612849,-28795.0447245528,-21744.6485784132,-28797.4969766403,-21744.8739982939,-28799.9492287279,-21745.0994181746,0,0,1,0
20140118093043.daq,129,21,984.983333333333,1,0,right,1.07951560139918,275.153472900391,12,-0.000231110213794571,75.3588180541992,2523.19830950871,2.15330481529236,0.349464654922485,0.282082378864288,4.79756190226024,-28793.9822131022,-21755.6554512729,-28796.4348494911,-21755.8766506562,-28798.8874858801,-21756.0978500394,0,0,1,0
20140118093043.daq,129,21,985.083333333333,1,0,right,0.998114623892207,275.07275390625,12,-0.000229325228992174,75.3207702636719,2534.24792669466,2.02146983146667,0.349332541227341,0.234623834490776,4.94948994089193,-28792.94989482,-21766.6559192152,-28795.4028404033,-21766.8736630759,-28797.8557859866,-21767.0914069367,0,0,1,0
20140118093043.daq,129,21,985.183333333333,1,0,right,0.891632953951557,275.005310058594,12,-0.000227478922218148,75.2991790771484,2545.29326555226,2.02146983146667,0.347594052553177,0.215640276670456,5.09384667552089,-28791.942181826,-21777.6559838081,-28794.3953820199,-21777.8708401142,-28796.8485822137,-21778.0856964204,0,0,1,0
20140118093043.daq,129,21,985.283333333333,1,0,right,0.763603949466813,274.94758605957,12,-0.000225575935647309,75.2875518798828,2556.33622638999,1.97752487659454,0.348572999238968,0.244115486741066,5.22446197344878,-28790.9553777912,-21788.6538007414,-28793.4087932021,-21788.8661854039,-28795.862208613,-21789.0785700664,0,0,1,0
20140118093043.daq,129,21,985.383333333333,1,0,right,0.665471273051196,274.901779174805,12,-0.000223620270429124,75.2820587158203,2567.37796567412,1.58201992511749,0.3477883040905,0.234623834490776,5.33569273958509,-28789.9834917973,-21799.6532125887,-28792.4370762217,-21799.8636357246,-28794.890660646,-21800.0740588605,0,0,1,0
20140118093043.daq,129,21,985.483333333333,1,0,right,0.568596370655712,274.87239074707,12,-0.00022161525860365,75.2804336547852,2578.41920468076,0.878899991512299,0.347113639116287,0.263098806142807,5.43771101053617,-28789.0262552425,-21810.6521340454,-28791.4799472753,-21810.8612986493,-28793.9336393081,-21811.0704632532,0,0,1,0
20140118093043.daq,129,21,985.583333333333,1,0,right,0.435255440896924,274.861511230469,12,-0.000219563665850403,75.2812652587891,2589.46039855518,0.527339994907379,0.347350209951401,0.234623834490776,5.52267389895547,-28788.0776836446,-21821.6524575858,-28790.53141535,-21821.8611562706,-28792.9851470555,-21822.0698549554,0,0,1,0
20140118093043.daq,129,21,985.683333333333,1,0,right,0.271107347064287,274.863464355469,12,-0.000217467769490861,75.2836685180664,2600.50183618083,0.615229964256287,0.347337812185287,0.225131943821907,5.5853951238984,-28787.1361612113,-21832.6523995118,-28789.5898858011,-21832.8611818405,-28792.0436103909,-21833.0699641691,0,0,1,0
20140118093043.daq,129,21,985.783333333333,1,0,right,0.0841293773805205,274.867095947266,12,-0.000215329435371664,75.2871780395508,2611.54371272655,0.74706494808197,0.346595674753189,0.225131943821907,5.61966213726091,-28786.2003983132,-21843.6522915201,-28788.6541096648,-21843.8612293733,-28791.1078210164,-21844.0701672265,0,0,1,0
20140118093043.daq,129,21,985.883333333333,1,0,right,-0.116899450608628,274.869613647461,12,-0.000213150252367773,75.2914276123047,2622.58616284297,0.74706494808197,0.346834301948547,0.187165051698685,5.62163680032378,-28785.2686079284,-21854.6541697688,-28787.7223100964,-21854.8632154432,-28790.1760122644,-21855.0722611176,0,0,1,0
20140118093043.daq,129,21,985.983333333333,1,0,right,-0.295094185464677,274.870025634766,12,-0.000210931577134074,75.2960968017578,2633.62926933465,0.834954977035522,0.344276338815689,0.234623834490776,5.58538144625398,-28784.3369427975,-21865.6561106407,-28786.7906434623,-21865.8651739585,-28789.2443441272,-21866.0742372763,0,0,1,0
20140118093043.daq,129,21,986.083333333333,1,0,right,-0.380598995141099,274.844223022461,12,-0.000208674435532455,75.3007354736328,2644.67307407012,2.54880976676941,0.216755703091621,0.225131943821907,5.52710221112551,-28783.4087902595,-21876.6588308331,-28785.8625848252,-21876.8667891289,-28788.3163793909,-21877.0747474247,0,0,1,0
20140118093043.daq,129,21,986.183333333333,1,0,right,-0.433950844965125,274.771133422852,12,-0.00020637922337446,75.2960891723633,2655.71711761464,4.13082981109619,0.12671822309494,0.225131943821907,5.44880189236945,-28782.4834526329,-21887.6649061585,-28784.9375104848,-21887.8697340926,-28787.3915683368,-21888.0745620268,0,0,1,0
20140118093043.daq,129,21,986.283333333333,1,0,right,-0.461653201107254,274.655563354492,12,-0.000204045386102929,75.2587127685547,2666.75829265288,4.39449977874756,0.101587235927582,0.225131943821907,5.35305966048474,-28781.5665082114,-21898.6702777202,-28784.0209742248,-21898.8701552144,-28786.4754402381,-21899.0700327086,0,0,1,0
20140118093043.daq,129,21,986.383333333333,1,0,right,-0.471656212439882,274.505447387695,12,-0.000201671320512171,75.1855087280273,2677.79131852981,4.4823899269104,0.0856100395321846,0.272590696811676,5.23967998433231,-28780.6613973433,-21909.6707909934,-28783.1163786143,-21909.8642370641,-28785.5713598854,-21910.0576831349,0,0,1,0
20140118093043.daq,129,21,986.483333333333,1,0,right,-0.47662785302839,274.333435058594,12,-0.000199254469763811,75.0712814331055,2688.81064836631,4.4823899269104,0.052901566028595,0.263098806142807,5.11204101567356,-28779.7751845062,-21920.6621544317,-28782.2307354731,-21920.8482293424,-28784.68628644,-21921.034304253,0,0,1,0
20140118093043.daq,129,21,986.583333333333,1,0,right,-0.481838038177727,274.144775390625,12,-0.000196791548564431,74.9277877807617,2699.81080111658,4.4823899269104,0.0230370163917542,0.291574031114578,4.96963451504955,-28778.9114674483,-21931.6344384515,-28781.3676177974,-21931.8124268959,-28783.8237681464,-21931.9904153402,0,0,1,0
20140118093043.daq,129,21,986.683333333333,1,0,right,-0.459118950873801,273.944274902344,12,-0.000194278915084844,74.7768325805664,2710.78919286835,4.4823899269104,0.0212937910109758,0.282082378864288,4.81380700116821,-28778.0738688995,-21942.5874948537,-28780.5306270602,-21942.7568871888,-28782.987385221,-21942.926279524,0,0,1,0
20140118093043.daq,129,21,986.783333333333,1,0,right,-0.359574040633163,273.738067626953,12,-0.000191713083296559,74.6247940063477,2721.74534078159,4.4823899269104,0.0216367468237877,0.272590696811676,4.66733165276922,-28777.2717895207,-21953.5191878225,-28779.7291414116,-21953.6797372171,-28782.1864933024,-21953.8402866117,0,0,1,0
20140118093043.daq,129,21,986.883333333333,1,0,right,-0.272983506691276,273.528091430664,12,-0.000189091288809429,74.4727249145508,2732.67918144741,4.4823899269104,0.0217048320919275,0.272590696811676,4.53220875940559,-28776.5031612059,-21964.4314117906,-28778.9610849711,-21964.5829544831,-28781.4190087364,-21964.7344971756,0,0,1,0
20140118093043.daq,129,21,986.983333333333,1,0,right,-0.203096924440729,273.320556640625,12,-0.000186412089517462,74.3208999633789,2743.59073556695,4.30660963058472,0.0222942680120468,0.244115486741066,4.40865673681989,-28775.7734700681,-21975.3239895579,-28778.2319266208,-21975.4666282694,-28780.6903831734,-21975.6092669808,0,0,1,0
20140118093043.daq,129,21,987.083333333333,1,0,right,-0.162284947665682,273.125900268555,12,-0.000183675909580893,74.1693572998047,2754.48004221127,3.77926993370056,0.0228433590382338,0.282082378864288,4.29559239237201,-28775.0820851941,-21986.1966313271,-28777.5410121577,-21986.3309168844,-28779.9999391214,-21986.4652024416,0,0,1,0
20140118093043.daq,129,21,987.183333333333,1,0,right,-0.154959990250063,272.945495605469,12,-0.00018088535924509,74.0181655883789,2765.34714865731,3.33981990814209,0.0248990710824728,0.263098806142807,4.18765807223982,-28774.4289197576,-21997.0493068745,-28776.8882573506,-21997.1758494653,-28779.3475949435,-21997.3023920562,0,0,1,0
20140118093043.daq,129,21,987.283333333333,1,0,right,-0.176394640534284,272.780364990234,12,-0.000178045268018225,73.8673324584961,2776.19210516592,2.98825979232788,0.0400295853614807,0.291574031114578,4.08480084439148,-28773.8158611499,-22007.8800429885,-28776.2755532333,-22007.9994970733,-28778.7352453167,-22008.1189511581,0,0,1,0
20140118093043.daq,129,21,987.383333333333,1,0,right,-0.177099285907673,272.633102416992,12,-0.000175162398536778,73.7169876098633,2787.01497281477,2.68064475059509,0.0711452662944794,0.253607153892517,3.98029510322255,-28773.2368890706,-22018.6907296788,-28775.6968800521,-22018.8038614341,-28778.1568710337,-22018.9169931895,0,0,1,0
20140118093043.daq,129,21,987.483333333333,1,0,right,-0.103201401386855,272.499038696289,12,-0.000172244848200456,73.567253112793,2797.81583440842,2.59275484085083,0.107610039412975,0.272590696811676,3.8915997480313,-28772.6903297835,-22029.4815025344,-28775.1505787424,-22029.5888779672,-28777.6108277013,-22029.6962534001,0,0,1,0
20140118093043.daq,129,21,987.583333333333,1,0,right,-0.0548016432707072,272.372909545898,12,-0.000169301230337229,73.4181442260742,2808.59477983831,2.72458982467651,0.195220947265625,0.253607153892517,3.82151751157333,-28772.1765003591,-22040.2505568193,-28774.6369797296,-22040.3525160806,-28777.0974591,-22040.454475342,0,0,1,0
20140118093043.daq,129,21,987.683333333333,1,0,right,-0.0226665641477553,272.242797851563,12,-0.000166339790001218,73.269645690918,2819.35190216629,3.0322048664093,0.329204529523849,0.225131943821907,3.76254999872842,-28771.6922174063,-22050.9982173424,-28774.1529219694,-22051.0945888986,-28776.6136265324,-22051.1909604547,0,0,1,0
20140118093043.daq,129,21,987.783333333333,1,0,right,-0.00209218582551784,272.107315063477,12,-0.00016336767040123,73.1220855712891,2830.08729081758,3.29587483406067,0.417435377836227,0.339032560586929,3.71223593154673,-28771.2356129811,-22061.7264728323,-28773.6965385467,-22061.8170254914,-28776.1574641122,-22061.9075781505,0,0,1,0
20140118093043.daq,129,21,987.883333333333,1,0,right,0.00122665051986814,271.968185424805,12,-0.000160390602491336,73.00634765625,2840.80264776135,3.33981990814209,0.449830383062363,0.263098806142807,3.66318625570776,-28770.8065830359,-22072.4372280539,-28773.2677212322,-22072.5218046595,-28775.7288594284,-22072.6063812651,0,0,1,0
20140118093043.daq,129,21,987.983333333333,1,0,right,-0.0149369065049996,271.832229614258,12,-0.000157412845951065,72.9437789916992,2851.5051234689,3.29587483406067,0.449974745512009,0.234623834490776,3.61327658947006,-28770.4027592086,-22083.1342065697,-28772.8640911658,-22083.2129429655,-28775.3254231229,-22083.2916793614,0,0,1,0
20140118093043.daq,129,21,988.083333333333,1,0,right,-0.0670857261186484,271.710693359375,12,-0.000154437449967333,72.9336166381836,2862.20223842107,3.29587483406067,0.448383003473282,0.244115486741066,3.55945472632803,-28770.0254076126,-22093.8249252108,-28772.4869010485,-22093.8984404369,-28774.9483944844,-22093.9719556629,0,0,1,0
20140118093043.daq,129,21,988.183333333333,1,0,right,-0.14592654344699,271.600158691406,12,-0.000151466671534503,72.9597396850586,2872.90083042739,3.29587483406067,0.448048323392868,0.196656957268715,3.49535189147283,-28769.6727814308,-22104.5172919606,-28772.1344121111,-22104.5860583547,-28774.5960427915,-22104.6548247488,0,0,1,0
20140118093043.daq,129,21,988.283333333333,1,0,right,-0.107337809197418,271.497863769531,12,-0.000148502374392638,73.0019683837891,2883.60458289158,3.29587483406067,0.447214215993881,0.225131943821907,3.42824237480128,-28769.3430946594,-22115.2191955361,-28771.8048441907,-22115.2835668689,-28774.266593722,-22115.3479382017,0,0,1,0
20140118093043.daq,129,21,988.383333333333,1,0,right,-0.0342906956446427,271.401519775391,12,-0.000145546348377488,73.0529022216797,2894.31521736503,3.29587483406067,0.445790857076645,0.206148609519005,3.38015031443542,-28769.0364861313,-22125.9267920902,-28771.4983404239,-22125.9870238531,-28773.9601947166,-22126.047255616,0,0,1,0
20140118093043.daq,129,21,988.483333333333,1,0,right,0.0255350442097324,271.305938720703,12,-0.000142600453456419,73.109245300293,2905.03374857646,3.29587483406067,0.444920033216476,0.187165051698685,3.34674112550947,-28768.7513195005,-22136.6460776583,-28771.2132708465,-22136.7022024639,-28773.6752221924,-22136.7583272694,0,0,1,0
20140118093043.daq,129,21,988.583333333333,1,0,right,0.0726328367988458,271.210342407227,12,-0.000139666556231062,73.1689529418945,2915.76081024179,3.29587483406067,0.402620911598206,0.234623834490776,3.32658684490281,-28768.4856891981,-22147.3731663607,-28770.9477307597,-22147.425183397,-28773.4097723214,-22147.4772004333,0,0,1,0
20140118093043.daq,129,21,988.683333333333,1,0,right,0.104735754276646,271.115829467773,12,-0.000136746412961817,73.2293319702148,2926.49673236698,3.29587483406067,0.300832182168961,0.234623834490776,3.31269927795536,-28768.2375747362,-22158.109982985,-28770.6996987535,-22158.1579386622,-28773.1618227708,-22158.2058943395,0,0,1,0
20140118093043.daq,129,21,988.783333333333,1,0,right,0.125453316910296,271.020904541016,12,-0.000133841653808763,73.2826919555664,2937.24112480087,3.16403985023499,0.223376825451851,0.206148609519005,3.30468706951706,-28768.0070676921,-22168.8546131326,-28770.469267781,-22168.8984896158,-28772.9314678699,-22168.9423660989,0,0,1,0
20140118093043.daq,129,21,988.883333333333,1,0,right,0.131537814572937,270.926254272461,12,-0.000130953998711876,73.3149642944336,2947.99202205437,3.16403985023499,0.220595464110374,0.215640276670456,3.29990563919328,-28767.7960790765,-22179.6050859821,-28770.2583482879,-22179.644894954,-28772.7206174992,-22179.684703926,0,0,1,0
20140118093043.daq,129,21,988.983333333333,1,0,right,0.129342068669189,270.826690673828,12,-0.000128085427626644,73.3112487792969,2958.74505255074,3.16403985023499,0.221320226788521,0.234623834490776,3.29509425622652,-28767.601021286,-22190.361533781,-28770.0633559563,-22190.3970639788,-28772.5256906266,-22190.4325941765,0,0,1,0
20140118093043.daq,129,21,989.083333333333,1,0,right,0.118586542092544,270.724548339844,12,-0.000125238271835568,73.2792816162109,2969.49530769598,2.98825979232788,0.221224203705788,0.282082378864288,3.28760769790695,-28767.4256576825,-22201.1141301121,-28769.8880517804,-22201.1452706024,-28772.3504458782,-22201.1764110927,0,0,1,0
20140118093043.daq,129,21,989.183333333333,1,0,right,0.0906444002616809,270.624557495117,12,-0.000122415301138843,73.229866027832,2980.23949880665,2.59275484085083,0.221024215221405,0.253607153892517,3.27620905314498,-28767.2677444608,-22211.860801537,-28769.7301891543,-22211.8876446871,-28772.1926338478,-22211.9144878371,0,0,1,0
20140118093043.daq,129,21,989.283333333333,1,0,right,0.0377485098130705,270.538818359375,12,-0.000119619769997821,73.169303894043,2990.97557143471,1.88963496685028,0.2217787951231,0.263098806142807,3.25786431328608,-28767.1284895421,-22222.5973380727,-28769.5909716474,-22222.6204963174,-28772.0534537528,-22222.6436545621,0,0,1,0
20140118093043.daq,129,21,989.383333333333,1,0,right,-0.0482422307792945,270.470687866211,12,-0.000116855288293669,73.1005859375,3001.70213804445,1.40623998641968,0.246341541409492,0.282082378864288,3.22659668031284,-28767.0037783016,-22233.3256125525,-28769.4662862035,-22233.3458426405,-28771.9287941054,-22233.3660727286,0,0,1,0
20140118093043.daq,129,21,989.483333333333,1,0,right,-0.0944113279971361,270.426956176758,12,-0.000114125701146119,73.0268859863281,3012.41820330282,0.878899991512299,0.299894034862518,0.282082378864288,3.18483371568026,-28766.8951439463,-22244.0395994362,-28769.3576665717,-22244.05794998,-28771.8201891972,-22244.0763005237,0,0,1,0
20140118093043.daq,129,21,989.583333333333,1,0,right,-0.0869427839988361,270.407730102539,12,-0.000111435088448788,72.9557800292969,3023.12353082519,0.219724997878075,0.321308225393295,0.111231304705143,3.15028245651267,-28766.7986722421,-22254.7432057416,-28769.2612008866,-22254.7607299644,-28771.7237295311,-22254.7782541872,0,0,1,0
20140118093043.daq,129,21,989.683333333333,1,0,right,-0.107261501741164,270.415328979492,12,-0.000108787814355578,72.8965759277344,3033.81921236345,-0.263669967651367,0.321047097444534,0.253607153892517,3.12010414200239,-28766.7103134201,-22265.4363749339,-28769.1728397188,-22265.4542257504,-28771.6353660175,-22265.472076567,0,0,1,0
20140118093043.daq,129,21,989.783333333333,1,0,right,-0.148512374941504,270.443328857422,12,-0.000106188466536105,72.8532562255859,3044.50737808332,-0.483394980430603,0.321332037448883,0.272590696811676,3.09598627117541,-28766.6304634545,-22276.1212204994,-28769.0929807356,-22276.1402747259,-28771.5554980168,-22276.1593289524,0,0,1,0
20140118093043.daq,129,21,989.883333333333,1,0,right,-0.204328100113173,270.485153198242,12,-0.000103641730090146,72.8223419189453,3055.19016449136,-0.615229964256287,0.321671366691589,0.234623834490776,3.07077917255855,-28766.5517155803,-22286.7979057354,-28769.0142182963,-22286.8187575265,-28771.4767210122,-22286.8396093175,0,0,1,0
20140118093043.daq,129,21,989.983333333333,1,0,right,-0.269230807564156,270.53532409668,12,-0.000101152376473827,72.799186706543,3065.86902859334,-0.74706494808197,0.320852845907211,0.225131943821907,3.04262678063036,-28766.4724546453,-22297.4724259977,-28768.9349381584,-22297.4954340645,-28771.3974216715,-22297.5184421313,0,0,1,0
20140118093043.daq,129,21,990.083333333333,1,0,right,-0.340061970351144,270.590682983398,12,0.0001,72.7809829711914,3076.54488552872,-0.791009962558746,0.32126858830452,0.272590696811676,3.00564463159215,-28766.3870161899,-22308.1429064775,-28768.8494763233,-22308.1682937721,-28771.3119364567,-22308.1936810666,0,0,1,0
20140118093043.daq,129,21,990.183333333333,1,0,right,-0.410840182518314,270.645248413086,12,0.0001,72.7659225463867,3087.21831893903,-0.74706494808197,0.321281433105469,0.234623834490776,2.96199458202666,-28766.2977216399,-22318.811450599,-28768.7601564791,-22318.8391829967,-28771.2225913184,-22318.8669153945,0,0,1,0
20140118093043.daq,129,21,990.283333333333,1,0,right,-0.480521520399236,270.697677612305,12,0.0001,72.7530212402344,3097.88971086284,-0.483394980430603,0.321254938840866,0.244115486741066,2.90501750438162,-28766.1987941305,-22329.4780925231,-28768.6612025619,-22329.5080781899,-28771.1236109933,-22329.5380638566,0,0,1,0
20140118093043.daq,129,21,990.383333333333,1,0,right,-0.527067362445223,270.726516723633,12,0.0001,72.7416381835938,3108.55932873645,0.878899991512299,0.321346819400787,0.215640276670456,2.83608717254234,-28766.0915522994,-22340.145330184,-28768.553945326,-22340.1765552693,-28771.0163383526,-22340.2077803545,0,0,1,0
20140118093043.daq,129,21,990.483333333333,1,0,right,-0.53574915150233,270.716751098633,12,0.0001,72.731330871582,3119.22736017559,2.28513979911804,0.321248233318329,0.206148609519005,2.75858009328874,-28765.9788714166,-22350.8096403485,-28768.4412697295,-22350.8404457374,-28770.9036680424,-22350.8712511262,0,0,1,0
20140118093043.daq,129,21,990.583333333333,1,0,right,-0.514011130264976,270.677505493164,12,0.0001,72.7217788696289,3129.89393927141,2.46091985702515,0.320770442485809,0.206148609519005,2.68247133423291,-28765.8640970677,-22361.4746971182,-28768.3265159036,-22361.5038158432,-28770.7889347395,-22361.5329345682,0,0,1,0
20140118093043.daq,129,22,995.266666666667,1,0,right,1.20452880859375,268.795471191406,12,0.0001,72.3522567749023,0,5.14156484603882,0.321187406778336,0.215640276670456,2.79179425696751,-28765.8536451895,-22859.6903505602,-28768.3156920165,-22859.6385833387,-28770.7777388435,-22859.5868161172,1,0,0,0
20140118093043.daq,129,22,995.366666666667,1,0,right,1.40122985839844,268.598770141602,12,0.0001,72.3433074951172,10.6110341206077,5.14156484603882,0.321157366037369,0.244115486741066,2.95422963686194,-28766.0299690735,-22870.306236874,-28768.4918236709,-22870.2460175681,-28770.9536782683,-22870.1857982622,1,0,0,0
20140118093043.daq,129,22,995.466666666667,1,0,right,1.5982666015625,268.401733398438,12,0.0001,72.3342590332031,21.2207470050926,5.09761953353882,0.321856558322906,0.234623834490776,3.16279911259505,-28766.2395326241,-22880.920135613,-28768.701165574,-22880.8514505098,-28771.1627985239,-22880.7827654066,1,0,0,0
20140118093043.daq,129,22,995.566666666667,1,0,right,1.79100036621094,268.208999633789,12,0.0001,72.3252258300781,31.8291327788174,4.92183971405029,0.321441352367401,0.215640276670456,3.4110997737785,-28766.4879050886,-22891.5338946185,-28768.9492930661,-22891.4569293832,-28771.4106810437,-22891.3799641478,1,0,0,0
20140118093043.daq,129,22,995.666666666667,1,0,right,1.96875,268.03125,12,0.0001,72.3163146972656,42.4362009531178,4.13082981109619,0.321106135845184,0.244115486741066,3.69115992503578,-28766.7685573027,-22902.1433706048,-28769.2296946655,-22902.0587697479,-28771.6908320283,-22901.9741688911,1,0,0,0
20140118093043.daq,129,22,995.766666666667,1,0,right,2.11180114746094,267.888198852539,12,0.0001,72.3076705932617,53.0419795957569,2.68064475059509,0.320706516504288,0.206148609519005,4.00599416336733,-28767.0841569643,-22912.748133021,-28769.5450754323,-22912.6573876793,-28772.0059939004,-22912.5666423376,1,0,0,0
20140118093043.daq,129,22,995.866666666667,1,0,right,2.20932006835938,267.790679931641,12,0.0001,72.2994384765625,63.6465202730615,1.53807497024536,0.320554435253143,0.234623834490776,4.35195672521715,-28767.4301127162,-22923.349910974,-28769.8908731688,-22923.2549772179,-28772.3516336215,-22923.1600434618,1,0,0,0
20140118093043.daq,129,22,995.966666666667,1,0,right,2.268798828125,267.731201171875,12,0.0001,72.2915115356445,74.2498774420819,1.23045992851257,0.320814847946167,0.244115486741066,4.72261522586253,-28767.8010298585,-22933.948884775,-28770.2616904345,-22933.8513965546,-28772.7223510105,-22933.7539083342,1,0,0,0
20140118093043.daq,129,22,996.066666666667,1,0,right,2.3017578125,267.6982421875,12,0.0001,72.2838821411133,84.8520929713413,1.01073491573334,0.320623070001602,0.244115486741066,5.11493033537503,-28768.1937221547,-22944.5433632026,-28770.6543262442,-22944.4444595212,-28773.1149303337,-22944.3455558397,1,0,0,0
20140118093043.daq,129,22,996.166666666667,1,0,right,2.31575012207031,267.68424987793,12,0.0001,72.2765045166016,95.4532095686009,0.615229964256287,0.321247845888138,0.263098806142807,5.52417965891555,-28768.6028030502,-22955.1354689625,-28771.0633829129,-22955.0359643753,-28773.5239627755,-22954.936459788,1,0,0,0
20140118093043.daq,129,22,996.266666666667,1,0,right,2.29913330078125,267.700866699219,12,0.0001,72.269287109375,106.053256140847,-0.791009962558746,0.320937931537628,0.215640276670456,5.94315464379796,-28769.0216825213,-22965.7268989918,-28771.4822911387,-22965.6281080218,-28773.942899756,-22965.5293170518,0,1,0,1
20140118093043.daq,129,22,996.366666666667,1,0,right,2.21186828613281,267.788131713867,12,0.0001,72.2622680664063,116.652257398891,-3.8232147693634,0.320758879184723,0.244115486741066,6.36350459510312,-28769.4419912252,-22976.3128581256,-28771.9027474533,-22976.2178149277,-28774.3635036814,-22976.1227717299,0,1,0,1
20140118093043.daq,129,22,996.466666666667,1,0,right,2.05244445800781,267.947555541992,12,0.0001,72.2553024291992,127.250238426568,-5.53706979751587,0.320104777812958,0.272590696811676,6.77999533820717,-28769.8577823418,-22986.8952454843,-28772.3187934987,-22986.8070496277,-28774.7798046556,-22986.7188537711,0,1,0,1
20140118093043.daq,129,22,996.566666666667,1,0,right,1.8175048828125,268.182495117188,12,0.0001,72.2478713989258,137.847171622328,-6.63569450378418,0.320711374282837,0.291574031114578,7.18195257626063,-28770.2590938129,-22997.4739474569,-28772.7204459237,-22997.3958436138,-28775.1817980344,-22997.3177397706,0,1,0,1
20140118093043.daq,129,22,996.666666666667,1,0,right,1.54229736328125,268.457702636719,12,0.0001,72.2397079467773,148.442959168649,-6.37202453613281,0.320060521364212,0.263098806142807,7.55983338220695,-28770.6364283831,-23008.0497142989,-28773.0981272534,-23007.9834338681,-28775.5598261237,-23007.9171534372,0,1,0,1
20140118093043.daq,129,22,996.766666666667,1,0,right,1.26434326171875,268.735656738281,12,0.0001,72.2309112548828,159.037502502004,-5.18550968170166,0.321096748113632,0.244115486741066,7.90858521106724,-28770.984325199,-23018.6233817299,-28773.4463166415,-23018.5690442608,-28775.908308084,-23018.5147067917,0,1,0,1
20140118093043.daq,129,22,996.866666666667,1,0,right,1.01374816894531,268.986251831055,12,0.0001,72.2215576171875,169.630712849932,-3.77926993370056,0.321746289730072,0.244115486741066,8.21741681492009,-28771.2929397469,-23029.1995612533,-28773.7551452968,-23029.1559923049,-28776.2173508468,-23029.1124233564,0,1,0,1
20140118093043.daq,129,22,996.966666666667,1,0,right,0.80908203125,269.19091796875,12,0.0001,72.2120208740234,180.222532305226,-2.41697478294373,0.321059823036194,0.225131943821907,8.48617917596963,-28771.5614645604,-23039.7767626834,-28774.0238100339,-23039.7419892336,-28776.4861555073,-23039.7072157839,0,1,0,1
20140118093043.daq,129,22,997.066666666667,1,0,right,0.651351928710938,269.348648071289,12,0.0001,72.2027359008789,190.812966929021,-1.53807497024536,0.321080386638641,0.263098806142807,8.7151119379126,-28771.7899507062,-23050.3569938633,-28774.2523825773,-23050.3289991513,-28776.7148144483,-23050.3010044393,0,1,0,1
20140118093043.daq,129,22,997.166666666667,1,0,right,0.527923583984375,269.472076416016,12,0.0001,72.19384765625,201.402068660638,-1.31834995746613,0.321020185947418,0.225131943821907,8.90460093814632,-28771.9795586085,-23060.9360693321,-28774.4420450729,-23060.913379328,-28776.9045315372,-23060.890689324,0,1,0,1
20140118093043.daq,129,22,997.266666666667,1,0,right,0.427764892578125,269.572235107422,12,0.0001,72.1854400634766,211.989902121219,-1.09862494468689,0.320296347141266,0.215640276670456,9.060510362084,-28772.1354586445,-23071.5156899272,-28774.5979810107,-23071.4973046255,-28777.0605033769,-23071.4789193239,0,1,0,1
20140118093043.daq,129,22,997.366666666667,1,0,right,0.347122192382813,269.652877807617,12,0.0001,72.1775207519531,222.576537340283,-0.74706494808197,0.321550607681274,0.244115486741066,9.19049281845633,-28772.2652278929,-23082.0957723543,-28774.7277736969,-23082.0808530223,-28777.1903195009,-23082.0659336903,0,1,0,1
20140118093043.daq,129,22,997.466666666667,1,0,right,0.283767700195313,269.716232299805,12,0.0001,72.1700134277344,233.162042389129,-0.439449965953827,0.320868134498596,0.234623834490776,9.29400763223385,-28772.368726443,-23092.6762676393,-28774.8312872386,-23092.6640712623,-28777.2938480341,-23092.6518748853,0,1,0,1
20140118093043.daq,129,22,997.566666666667,1,0,right,0.243331909179688,269.75666809082,12,0.0001,72.1628723144531,243.746474895263,0.351559996604919,0.320912599563599,0.158690065145493,9.38121302607417,-28772.456067033,-23103.2553631722,-28774.9186358227,-23103.2449047201,-28777.3812046125,-23103.2344462679,0,1,0,1
20140118093043.daq,129,22,997.666666666667,1,0,right,0.0463047272984909,269.775848388672,12,0.0001,72.1559906005859,254.329880177378,0.791009962558746,0.320942759513855,0.272590696811676,9.44007300836897,-28772.5310518026,-23113.8369277222,-28774.9936239555,-23113.8272936385,-28777.4561961083,-23113.8176595549,0,1,0,1
20140118093043.daq,129,22,997.766666666667,1,0,right,-0.10739443012767,269.778869628906,12,0.0001,72.1493072509766,264.912289753425,0.834954977035522,0.321179687976837,0.263098806142807,9.4545860518418,-28772.5933648265,-23124.4169322974,-28775.055937484,-23124.4074280666,-28777.5185101414,-23124.3979238359,0,1,1,1
20140118093043.daq,129,22,997.866666666667,1,0,right,-0.209211020296607,269.773773193359,12,0.0001,72.142951965332,275.493741761995,0.878899991512299,0.322331845760345,0.253607153892517,9.44218598072835,-28772.6522739829,-23134.9951813606,-28775.1148457852,-23134.985458085,-28777.5774175875,-23134.9757348095,0,1,1,1
20140118093043.daq,129,22,997.966666666667,1,0,right,-0.252878705858336,269.751800537109,12,0.0001,72.1368103027344,286.074280123052,2.0654149055481,0.321595281362534,0.158690065145493,9.40930089414647,-28772.7063683201,-23145.5757940476,-28775.1689362124,-23145.5651263883,-28777.6315041048,-23145.5544587291,0,1,1,1
20140118093043.daq,129,22,998.066666666667,1,0,right,-0.205734209432364,269.680236816406,12,0.0001,72.1309509277344,296.653936634306,4.35055494308472,0.321548938751221,0.263098806142807,9.36885121240496,-28772.7615803106,-23156.1556564703,-28775.224132958,-23156.1419130173,-28777.6866856053,-23156.1281695644,0,1,1,1
20140118093043.daq,129,22,998.166666666667,1,0,right,-0.341085702621285,269.556793212891,12,0.0001,72.1251220703125,307.232741228494,5.31734466552734,0.321732699871063,0.225131943821907,9.31115885583835,-28772.82391569,-23166.7367654209,-28775.2864330117,-23166.7177164408,-28777.7489503334,-23166.6986674608,0,1,1,1
20140118093043.daq,129,22,998.266666666667,1,0,right,-0.409248690233426,269.398742675781,12,0.0001,72.119140625,317.81067917234,5.18550968170166,0.32166600227356,0.225131943821907,9.21866993375318,-28772.8981701018,-23177.3186868445,-28775.3606255079,-23177.292845086,-28777.8230809139,-23177.2670033275,0,1,1,1
20140118093043.daq,129,22,998.366666666667,1,0,right,-0.402404393201209,269.230560302734,12,0.0001,72.1128921508789,328.387722957588,4.57027959823608,0.322097599506378,0.225131943821907,9.10650317813101,-28772.9886892837,-23187.9008219293,-28775.4510582272,-23187.8677521581,-28777.9134271706,-23187.834682387,0,1,1,1
20140118093043.daq,129,22,998.466666666667,1,0,right,-0.34140338278354,269.069351196289,12,0.0001,72.1062927246094,338.963824001839,4.13082981109619,0.322414636611938,0.196656957268715,8.99149562274077,-28773.1002709359,-23198.4808088369,-28775.5625370867,-23198.4408110114,-28778.0248032375,-23198.4008131859,0,1,1,1
20140118093043.daq,129,22,998.566666666667,1,0,right,-0.228678782865643,268.917541503906,12,0.0001,72.0995178222656,349.538941928564,3.95504975318909,0.321928054094315,0.196656957268715,8.88861880532627,-28773.2366688179,-23209.0605475204,-28775.6988203485,-23209.0140258743,-28778.1609718792,-23208.9675042282,0,1,1,1
20140118093043.daq,129,22,998.666666666667,1,0,right,-0.276887583014968,268.772003173828,12,0.0001,72.0927200317383,360.113064055971,3.91110491752625,0.292781591415405,0.215640276670456,8.79327314109732,-28773.4000291232,-23219.6381622249,-28775.8620545401,-23219.5853865678,-28778.324079957,-23219.5326109106,0,1,1,1
20140118093043.daq,129,22,998.766666666667,1,0,right,-0.319065495514053,268.63053894043,12,-0.000100645643768813,72.0847091674805,370.686149354777,3.8232147693634,0.133229613304138,0.291574031114578,8.68825280675475,-28773.5904877031,-23230.2137066656,-28776.0523753118,-23230.1548523938,-28778.5142629206,-23230.0959981219,0,1,1,1
20140118093043.daq,129,22,998.866666666667,1,0,right,-0.331058675569523,268.493423461914,12,-0.000102804632379733,72.0608215332031,381.257195218539,3.47165489196777,0.0742655247449875,0.253607153892517,8.57983452686707,-28773.8080266608,-23240.7871763998,-28776.269766375,-23240.7224307181,-28778.7315060891,-23240.6576850365,0,1,1,1
20140118093043.daq,129,22,998.966666666667,1,0,right,-0.313470353399168,268.359817504883,12,-0.000104955793060486,72.0018615722656,391.822254257379,3.29587483406067,0,0.225131943821907,8.47404347744191,-28774.0526976558,-23251.3546862471,-28776.514279699,-23251.2842003048,-28778.9758617421,-23251.2137143625,0,1,1,1
20140118093043.daq,129,22,999.066666666667,1,0,right,-0.25682844123628,268.223602294922,12,-0.000107097048505471,71.8947067260742,402.375390653237,3.20798492431641,0,0.253607153892517,8.37443854856646,-28774.3209763968,-23261.9085638788,-28776.7823839101,-23261.8322259665,-28779.2437914235,-23261.7558880541,0,1,1,1
20140118093043.daq,129,22,999.166666666667,1,0,right,-0.297520107540095,268.092178344727,12,-0.000109226038762858,71.7564086914063,412.909934443625,2.72458982467651,0,0.282082378864288,8.28107956861306,-28774.6163064012,-23272.4447352809,-28777.077532337,-23272.3627516454,-28779.5387582727,-23272.2807680099,0,1,1,1
20140118093043.daq,129,22,999.266666666667,-1,0,right,-0.35094675418901,267.976303100586,12,-0.000111340062640562,71.6139984130859,423.423802553269,2.02146983146667,0,0.234623834490776,8.17619861256362,-28774.9321538331,-23282.9571023597,-28777.3932089316,-23282.8701413007,-28779.85426403,-23282.7831802418,0,1,1,1
20140118093043.daq,129,22,999.366666666667,-1,0,right,-0.399445987564093,267.879272460938,12,-0.000113436221570458,71.4712219238281,433.916739574881,1.7577999830246,0,0.272590696811676,8.06593909374308,-28775.2702631476,-23293.4455975793,-28777.7311674481,-23293.35446884,-28780.1920717487,-23293.2633401008,0,1,1,1
20140118093043.daq,129,22,999.466666666667,-1,0,right,-0.426383297639632,267.786056518555,12,-0.000115511515663237,71.3288726806641,444.388763412178,2.32908487319946,0,0.187165051698685,7.9531038076146,-28775.6296213303,-23303.9125135289,-28778.0903741144,-23303.817381205,-28780.5511268985,-23303.7222488812,0,1,1,1
20140118093043.daq,129,22,999.566666666667,-1,0,right,-0.419654499386127,267.680953979492,12,-0.000117562859067196,71.1870193481445,454.839946892127,3.12009477615356,0,0.282082378864288,7.84003919181463,-28776.0073066956,-23314.3562448144,-28778.4678808303,-23314.2565986842,-28780.928454965,-23314.156952554,0,1,1,1
20140118093043.daq,129,22,999.666666666667,-1,0,right,-0.460504477695451,267.56477355957,12,-0.000119587191266468,71.0455932617188,465.270358179274,3.29587483406067,0,4.77166652679443,7.72814158172571,-28776.407176146,-23324.7806758349,-28778.8675431667,-23324.6760405309,-28781.3279101874,-23324.571405227,0,1,1,1
20140118093043.daq,129,22,999.766666666667,-1,0,right,-0.491739287633038,267.434494018555,12,-0.000121581643691122,70.9034118652344,475.680021984444,3.38376474380493,0,7.00222063064575,7.60535665889207,-28776.8255147083,-23335.1839150755,-28779.2856374485,-23335.0736856473,-28781.7457601886,-23334.963456219,0,1,1,1
20140118093043.daq,129,22,999.866666666667,-1,0,right,-0.493038855808379,267.29248046875,12,-0.000123543587741304,70.747200012207,486.068021676168,3.8232147693634,0,7.2395133972168,7.47818840346027,-28777.2660819626,-23345.5659053072,-28779.7259239311,-23345.4495785536,-28782.1857658995,-23345.3332518001,0,1,1,1
20140118093043.daq,129,22,999.966666666667,-1,0,right,-0.452331621769417,267.126647949219,12,-0.000125470594040031,70.5671997070313,496.431389065692,4.65816974639893,0,7.06866216659546,7.35094000909631,-28777.7296404309,-23355.9229941526,-28780.1891354094,-23355.7995483179,-28782.6486303879,-23355.6761024832,0,1,1,1
20140118093043.daq,129,22,1000.06666666667,-1,0,right,-0.364470955089359,266.931838989258,12,-0.00012736025985373,70.365104675293,506.76669839448,5.2294545173645,0,7.25849723815918,7.22767743942332,-28778.2165194953,-23366.2533250132,-28780.6755805353,-23366.1215174832,-28783.1346415753,-23365.9897099531,0,1,1,1
20140118093043.daq,129,22,1000.16666666667,-1,0,right,-0.292733175535034,266.719039916992,12,-0.000129210279547591,70.1417922973633,517.070784160227,5.00972986221313,0,7.40087270736694,7.11446153766315,-28778.7318914582,-23376.5507891172,-28781.190446,-23376.4098494552,-28783.6490005418,-23376.2689097932,0,1,1,1
20140118093043.daq,129,22,1000.26666666667,-1,0,right,-0.246407109756717,266.514862060547,12,-0.000131018838235856,69.9025192260742,527.340894883324,3.91110491752625,0,7.80901670455933,7.00328252907945,-28779.2760322635,-23386.8109148454,-28781.7340689465,-23386.6612148513,-28784.1921056296,-23386.5115148571,0,1,1,1
20140118093043.daq,129,22,1000.36666666667,-1,0,right,-0.205776894929443,266.332748413086,12,-0.000132785061787329,69.6484069824219,537.574836149986,3.12009477615356,0,7.90393400192261,6.8978441939373,-28779.8500428048,-23397.0334313804,-28782.3075912533,-23396.8759193283,-28784.7651397019,-23396.7184072763,0,1,1,1
20140118093043.daq,129,22,1000.46666666667,-1,0,right,-0.174918912483122,266.174301147461,12,-0.00013450935211335,69.3814163208008,547.770448794225,2.72458982467651,0,7.26798820495605,6.80119158463064,-28780.4538172022,-23407.214413037,-28782.9109206662,-23407.0501054264,-28785.3680241301,-23406.8857978157,0,1,1,1
20140118093043.daq,129,22,1000.56666666667,-1,0,right,-0.150119101893608,266.037414550781,12,-0.000136193382537282,69.121337890625,557.927160830586,2.54880976676941,0,6.95476198196411,6.71349258850251,-28781.0855316097,-23417.3539148665,-28783.5422355107,-23417.1837374109,-28785.9989394116,-23417.0135599553,0,1,1,1
20140118093043.daq,129,22,1000.66666666667,-1,0,right,-0.152014217978945,265.912109375,12,-0.000137839811029493,68.8775177001953,568.046900355548,2.63669991493225,0,6.6795015335083,6.63586750226178,-28781.743862251,-23427.4541005705,-28784.2001881011,-23427.2785507445,-28786.6565139512,-23427.1030009185,0,1,1,1
20140118093043.daq,129,22,1000.76666666667,-1,0,right,-0.158179667207378,265.763214111328,12,-0.000139451832416767,68.6506576538086,578.132125396063,4.4823899269104,0,6.61305952072144,6.5632263556428,-28782.4310386025,-23437.5156773873,-28784.8868999555,-23437.3337448764,-28787.3427613084,-23437.1518123654,0,1,1,1
20140118093043.daq,129,22,1000.86666666667,-1,0,right,-0.114412318297752,265.580291748047,12,-0.000141032537101964,68.4387435913086,588.185217888444,5.31734466552734,0,6.58458471298218,6.49271685449658,-28783.1438207948,-23447.546652321,-28785.5990887956,-23447.3568801737,-28788.0543567963,-23447.1671080263,0,1,1,1
20140118093043.daq,129,22,1000.96666666667,-1,0,right,-0.0374435843745005,265.373275756836,12,-0.000142584380836418,68.2366027832031,598.208039816091,5.00972986221313,0,6.73645210266113,6.42744391868012,-28783.8835367718,-23457.5468107999,-28786.3381030801,-23457.3481687556,-28788.7926693884,-23457.1495267113,0,1,1,1
20140118093043.daq,129,22,1001.06666666667,-1,0,right,0.0474809499345952,265.169662475586,14,-0.000144109050789715,68.0348892211914,608.201317117535,4.26266479492188,0,6.67001008987427,6.37275583102139,-28784.6523476642,-23467.515606082,-28787.1061925561,-23467.3082424637,-28789.5600374479,-23467.1008788454,0,0,1,0
20140118093043.daq,129,22,1001.16666666667,-1,0,right,0.135101069981829,264.969543457031,14,-0.00014560771435132,67.8337554931641,618.165018274827,4.13082981109619,0,6.66051816940308,6.32946603145631,-28785.4502467716,-23477.4530386788,-28787.9033524311,-23477.2371057109,-28790.3564580906,-23477.021172743,0,0,1,0
20140118093043.daq,129,22,1001.26666666667,-1,0,right,0.181832528789926,264.774688720703,14,-0.000147081075055357,67.6337509155273,628.099317848915,4.17477464675903,0,6.72696018218994,6.29689395708371,-28786.2790734786,-23487.3571243781,-28788.7314305964,-23487.1328500142,-28791.1837877142,-23486.9085756503,0,0,1,0
20140118093043.daq,129,22,1001.36666666667,-1,0,right,0.233531580791634,264.581924438477,14,-0.000148529143159792,67.432243347168,638.004213135602,4.13082981109619,0,6.76492691040039,6.27111930096563,-28787.1370761054,-23497.229878852,-28789.5886648033,-23496.9973551328,-28792.0402535011,-23496.7648314136,0,0,1,0
20140118093043.daq,129,22,1001.46666666667,-1,0,right,0.29026170377648,264.391174316406,14,-0.000149951109687568,67.2285461425781,647.879374595155,4.13082981109619,0,6.7554349899292,6.25587684877606,-28788.0262121172,-23507.0693516868,-28790.4770131081,-23506.8286673988,-28792.927814099,-23506.5879831108,0,0,1,0
20140118093043.daq,129,22,1001.56666666667,-1,0,right,0.357801601390406,264.198577880859,14,-0.000151345411379777,67.0239791870117,657.724569572893,4.13082981109619,0,6.67001008987427,6.2532391742572,-28788.9467279223,-23516.8775675706,-28791.3967060223,-23516.6286464327,-28793.8466841224,-23516.3797252948,0,0,1,0
20140118093043.daq,129,22,1001.66666666667,-1,0,right,0.428416760189123,264.007888793945,14,-0.000152709786825006,66.821403503418,667.53989290238,4.08688449859619,0,6.68899345397949,6.26202981452474,-28789.8983834075,-23526.6505514666,-28792.3475194928,-23526.3934778219,-28794.7966555782,-23526.1364041771,0,0,1,0
20140118093043.daq,129,22,1001.76666666667,-1,0,right,0.449397631532861,263.823577880859,14,-0.000154041400489856,66.6193923950195,677.325584698207,3.73532485961914,0,6.76492691040039,6.28216328655085,-28790.8808916058,-23536.3901781393,-28793.3291880579,-23536.1252273782,-28795.7774845101,-23535.8602766171,0,0,1,0
20140118093043.daq,129,22,1001.86666666667,-1,0,right,0.466929774368907,263.651000976563,14,-0.000155337104362557,66.4158782958984,687.081548075294,3.29587483406067,0,6.71746826171875,6.30367385762626,-28791.8900015595,-23546.0983103724,-28794.3374888659,-23545.8259864692,-28796.7849761723,-23545.553662566,0,0,1,0
20140118093043.daq,129,22,1001.96666666667,-1,0,right,0.498388921743299,263.495483398438,14,-0.000156593782678941,66.2117309570313,696.807595231425,2.94431495666504,0,6.7554349899292,6.33300942125863,-28792.9273226363,-23555.7729090247,-28795.3740617608,-23555.4939429333,-28797.8208008853,-23555.2149768419,0,0,1,0
20140118093043.daq,129,22,1002.06666666667,-1,0,right,0.534669644499218,263.362121582031,14,-0.000157808850566732,66.0073165893555,706.503690918747,2.19724988937378,0,6.83136940002441,6.37233554290916,-28793.990571908,-23565.4138949516,-28796.4366550829,-23565.1292345842,-28798.8827382578,-23564.8445742168,0,0,1,0
20140118093043.daq,129,22,1002.16666666667,-1,0,right,0.56922026453816,263.260543823242,14,-0.000158980587443868,65.802864074707,716.169772847323,1.09862494468689,0,6.74594402313232,6.42360249498515,-28795.0752217573,-23575.019159748,-28797.5207964236,-23574.7301632517,-28799.9663710899,-23574.4411667554,0,0,1,0
20140118093043.daq,129,22,1002.26666666667,-1,0,right,0.593878887001097,263.196746826172,14,-0.000160108282015363,65.5996856689453,725.805962986022,0.395504981279373,0,6.81238555908203,6.48634972869464,-28796.1769775901,-23584.5925180437,-28798.6222289522,-23584.3007986588,-28801.0674803143,-23584.0090792739,0,0,1,0
20140118093043.daq,129,22,1002.36666666667,-1,0,right,0.56183136626538,263.165298461914,14,-0.000161192268026324,65.3968963623047,735.412397663953,-0.0439449958503246,0,6.78391075134277,6.56212271203597,-28797.2942332781,-23594.1321174896,-28799.7393241536,-23593.8390560052,-28802.1844150292,-23593.5459945209,0,0,1,0
20140118093043.daq,129,22,1002.46666666667,-1,0,right,0.454832118165655,263.159088134766,14,-0.000162233738217318,65.1946411132813,744.989128074507,-0.351559966802597,0,6.77441883087158,6.63184303647862,-28798.4196324756,-23603.6400358928,-28800.8646915717,-23603.3467093852,-28803.3097506678,-23603.0533828776,0,0,1,0
20140118093043.daq,129,22,1002.56666666667,-1,0,right,0.350186061464626,263.17170715332,14,-0.000163234448069767,64.9926681518555,754.536211751882,-0.615229964256287,0,6.84086132049561,6.69438341809032,-28799.5516338418,-23613.1163831583,-28801.9967574818,-23612.823595166,-28804.4418811218,-23612.5308071736,0,0,1,0
20140118093043.daq,129,22,1002.66666666667,-1,0,right,0.263315327469343,263.200286865234,14,-0.000164196504102207,64.7902603149414,764.053656342454,-0.878899931907654,0,6.8503532409668,6.74684159507273,-28800.682609451,-23622.561207532,-28803.1278788324,-23622.2696392283,-28805.5731482139,-23621.9780709247,0,1,1,1
20140118093043.daq,129,22,1002.76666666667,1,0,right,0.35765855965235,263.237411499023,14,-0.000165122252531207,64.5878448486328,773.541382025636,-0.966789960861206,0,6.77441883087158,6.81630081164763,-28801.8110830954,-23631.9765877199,-28804.2565408843,-23631.6866038825,-28806.7019986733,-23631.3966200452,0,1,1,1
20140118093043.daq,129,22,1002.86666666667,1,0,right,0.30908750988209,263.281784057617,14,-0.000166014239266596,64.3872985839844,782.999560937911,-1.01073491573334,0,6.85984420776367,6.88601405723868,-28802.9351852591,-23641.3625449473,-28805.3808668919,-23641.0744550747,-28807.8265485246,-23640.7863652022,0,1,1,1
20140118093043.daq,129,22,1002.96666666667,1,0,right,0.254096099358094,263.332000732422,14,-0.000166875427595896,64.1862640380859,792.428319244296,-1.01073491573334,0,6.84086132049561,6.94804908460247,-28804.0491470227,-23650.7191023398,-28806.4950802114,-23650.4331560863,-28808.9410134001,-23650.1472098328,0,1,1,1
20140118093043.daq,129,22,1003.06666666667,1,0,right,0.205886119294178,263.382583618164,14,-0.000167709344230618,63.9855079650879,801.827590971603,-1.01073491573334,0,6.77441883087158,7.00310372507768,-28805.1533204045,-23660.0483068202,-28807.5995050842,-23659.7645200404,-28810.0456897639,-23659.4807332606,0,1,1,1
20140118093043.daq,129,22,1003.16666666667,1,0,right,0.151594019074821,263.434768676758,14,-0.000168519976450559,63.7857933044434,811.197508718993,-1.01073491573334,0,6.83136940002441,7.05227146608798,-28806.2476260775,-23669.3481837484,-28808.6940682158,-23669.0666250736,-28811.1405103542,-23668.7850663989,0,1,1,1
20140118093043.daq,129,22,1003.26666666667,1,0,right,0.0910041074973833,263.486862182617,14,-0.000169311654787172,63.5856742858887,820.538101999569,-1.01073491573334,0,6.86933612823486,7.09158151236007,-28807.3302197016,-23678.6207154698,-28809.7769168228,-23678.3413812241,-28812.2236139439,-23678.0620469784,0,1,1,1
20140118093043.daq,129,22,1003.36666666667,1,0,right,0.0228232930256809,263.540435791016,14,-0.000170088773260924,63.3853454589844,829.849340181245,-1.01073491573334,0,6.82187747955322,7.12059233484595,-28808.4010004285,-23687.8639214101,-28810.8479576676,-23687.5868750358,-28813.2949149067,-23687.3098286614,0,1,1,1
20140118093043.daq,129,22,1003.46666666667,1,0,right,-0.0523285109666745,263.592041015625,14,-0.000170855387227123,63.1847190856934,839.131168853608,-0.966789960861206,0,6.82187747955322,7.13841949074128,-28809.4601895519,-23697.0798149031,-28811.9073953289,-23696.8049725689,-28814.3546011059,-23696.5301302347,0,1,1,1
20140118093043.daq,129,22,1003.56666666667,1,0,right,-0.134927603165124,263.64387512207,14,-0.000171614912800307,62.9856872558594,848.383651332289,-1.01073491573334,0,6.81238555908203,7.14389120007129,-28810.5095991862,-23706.2664045127,-28812.9570526049,-23705.9937762186,-28815.4045060236,-23705.7211479245,0,1,1,1
20140118093043.daq,129,22,1003.66666666667,1,0,right,-0.216741834240963,263.698226928711,14,-0.000172369835701029,62.7850456237793,857.606813447099,-1.01073491573334,0,6.79340267181396,7.13574954836016,-28811.5451763414,-23715.4256029226,-28813.992887279,-23715.1552964491,-28816.4405982165,-23714.8849899756,0,1,1,1
20140118093043.daq,129,22,1003.76666666667,1,0,right,-0.295252463983047,263.753234863281,14,-0.000173121345273128,62.578239440918,866.80021515899,-0.966789960861206,0,6.93577814102173,7.11323696222308,-28812.5670404737,-23724.5515832786,-28815.0150097962,-23724.2836269021,-28817.4629791186,-23724.0156705256,0,1,1,1
20140118093043.daq,129,22,1003.86666666667,1,0,right,-0.382728963312388,263.800735473633,14,-0.000173868723595568,62.3661460876465,875.962916151417,-0.351559966802597,0,6.8503532409668,7.07949154962469,-28813.5796210192,-23733.6483967965,-28816.0278116475,-23733.3824699814,-28818.4760022757,-23733.1165431663,0,1,1,1
20140118093043.daq,129,22,1003.96666666667,1,0,right,-0.435943417177214,263.802627563477,14,-0.000174608685745712,62.1567192077637,885.094685308301,1.80174493789673,0,6.82187747955322,7.02971441701764,-28814.579499764,-23742.7128163007,-28817.0276991727,-23742.4469703328,-28819.4758985814,-23742.1811243649,0,1,1,1
20140118093043.daq,129,22,1004.06666666667,1,0,right,-0.41437207420546,263.741058349609,14,-0.000175334800143022,61.9524307250977,894.195998382813,3.47165489196777,0,6.87882804870605,6.97193818285374,-28815.5756335149,-23751.7490645268,-28818.0235458359,-23751.4805879133,-28820.4714581569,-23751.2121112998,0,1,1,1
20140118093043.daq,129,22,1004.16666666667,1,0,right,-0.354848434436917,263.634841918945,14,-0.000176037478507172,61.7487449645996,903.267260212757,3.77926993370056,0,6.6795015335083,6.91026480892549,-28816.5707254092,-23760.7587508842,-28819.0181358151,-23760.48573673,-28821.4655462211,-23760.2127225759,0,1,1,1
20140118093043.daq,129,22,1004.26666666667,1,0,right,-0.276185651675632,263.489639282227,14,-0.000176704753297152,61.5485687255859,912.3089373197,4.30660963058472,0,6.87882804870605,6.84849114228996,-28817.5722289631,-23769.7417608475,-28820.0189396205,-23769.4625451924,-28822.465650278,-23769.1833295373,0,1,1,1
20140118093043.daq,129,22,1004.36666666667,1,0,right,-0.140923284434621,263.3193359375,14,-0.000177323660623647,61.3464813232422,921.32138083037,4.65816974639893,0,6.90730237960815,6.79313875895879,-28818.5851167416,-23778.6919768815,-28821.0309866643,-23778.4054899801,-28823.476856587,-23778.1190030787,0,1,1,1
20140118093043.daq,129,22,1004.46666666667,1,0,right,-0.0465976554625627,263.137008666992,14,-0.000177881732572489,61.1448631286621,930.304068180907,4.65816974639893,0,6.94527006149292,6.74971175403547,-28819.6144112036,-23787.6130683084,-28822.059357082,-23787.3187995961,-28824.5043029604,-23787.0245308837,0,1,1,1
20140118093043.daq,129,22,1004.56666666667,1,0,right,0.0568245288639559,262.956878662109,14,-0.000178368204210302,60.9443130493164,939.257320099074,4.04293966293335,0,6.77441883087158,6.71100493505343,-28820.6611522948,-23796.5028354753,-28823.1051609518,-23796.2008816583,-28825.5491696089,-23795.8989278412,0,1,1,1
20140118093043.daq,129,22,1004.66666666667,1,0,right,0.170063288923529,262.792526245117,14,-0.000178774760081529,60.7476577758789,948.181381221992,3.12009477615356,0,6.81238555908203,6.69326792117236,-28821.732277609,-23805.3591007184,-28824.1754100606,-23805.0501375369,-28826.6185425121,-23804.7411743554,0,0,1,0
20140118093043.daq,129,22,1004.76666666667,1,0,right,0.240366727950743,262.656616210938,14,-0.000179095802678986,60.5532531738281,957.076774812842,2.54880976676941,0,6.85984420776367,6.68926432464672,-28822.8230625511,-23814.1855703159,-28825.2654552453,-23813.8708127093,-28827.7078479395,-23813.5560551027,0,0,1,0
20140118093043.daq,129,22,1004.86666666667,1,0,right,0.27623372318692,262.539901733398,14,-0.000179328121029827,60.358455657959,965.943695341091,2.19724988937378,0,6.97374486923218,6.69785345164366,-28823.9340997645,-23822.9824085579,-28826.3758462141,-23822.6626763271,-28828.8175926637,-23822.3429440963,0,0,1,0
20140118093043.daq,129,22,1004.96666666667,1,0,right,0.276062052394877,262.443984985352,14,-0.000179470315601082,60.1594734191895,974.781714330515,1.88963496685028,0,6.73645210266113,6.71274714873539,-28825.0613777188,-23831.7476438439,-28827.5025854952,-23831.4238244255,-28829.9437932717,-23831.1000050071,0,1,1,1
20140118093043.daq,129,22,1005.06666666667,1,0,right,0.26806329399983,262.368316650391,14,-0.000179522113981888,59.9626617431641,983.590649480539,1.45018494129181,0,6.92628622055054,6.72933046049531,-28826.2010238791,-23840.4812917811,-28828.6418018709,-23840.1542486366,-28831.0825798627,-23839.8272054922,0,1,1,1
20140118093043.daq,129,22,1005.16666666667,1,0,right,0.245346371587857,262.307769775391,14,-0.000179483727095718,59.7638626098633,992.370666680014,1.18651497364044,0,6.85984420776367,6.75074176859803,-28827.3533677582,-23849.1814869358,-28829.7937987869,-23848.851864701,-28832.2342298156,-23848.5222424663,0,1,1,1
20140118093043.daq,129,22,1005.26666666667,1,0,right,0.203666802354235,262.258224487305,14,-0.000179355595321707,59.564323425293,1001.12137116198,1.09862494468689,0,6.88831949234009,6.77190196474473,-28828.5147682253,-23857.8502516028,-28830.9549133079,-23857.5185191815,-28833.3950583905,-23857.1867867602,0,1,1,1
20140118093043.daq,129,22,1005.36666666667,1,0,right,0.146155798578548,262.213287353516,14,-0.000179138346142808,59.3676109313965,1009.84305745139,1.09862494468689,0,6.76492691040039,6.78968070244317,-28829.6836844052,-23866.4896429761,-28832.1235685592,-23866.1559968489,-28834.5634527133,-23865.8223507218,0,1,1,1
20140118093043.daq,129,22,1005.46666666667,1,0,right,0.0786921371450831,262.170669555664,14,-0.000178832748680508,59.1751365661621,1018.53610777333,1.09862494468689,0,6.41373348236084,6.80093145750706,-28830.8583107746,-23875.097745112,-28833.2979460808,-23874.7622842405,-28835.737581387,-23874.426823369,0,1,1,1
20140118093043.daq,129,22,1005.56666666667,1,0,right,0.00555138076686035,262.130676269531,14,-0.000178439329226367,58.9958267211914,1027.2017878811,1.09862494468689,0,5.3032021522522,6.80086476873557,-28832.0347212923,-23883.6784597441,-28834.4741218476,-23883.3412960537,-28836.9135224029,-23883.0041323632,0,1,1,1
20140118093043.daq,129,22,1005.66666666667,1,0,right,-0.0562591259711098,262.084518432617,14,-0.000177957673597527,58.8351936340332,1035.84249346517,1.71385490894318,0,1.84821605682373,6.79362236010073,-28833.2173897855,-23892.2338796214,-28835.6565179281,-23891.8947508442,-28838.0956460706,-23891.5556220671,0,1,1,1
20140118093043.daq,129,22,1005.76666666667,1,0,right,-0.0858049341230753,262.006362915039,14,-0.000177385990207427,58.6951179504395,1044.46117653571,3.33981990814209,0,0.804127216339111,6.77680567574846,-28834.4040792392,-23900.766364223,-28836.8427425169,-23900.4239086181,-28839.2814057947,-23900.0814530133,0,1,1,1
20140118093043.daq,129,22,1005.86666666667,1,0,right,-0.0864338434861907,261.90153503418,14,-0.000176720972824493,58.5710487365723,1053.06056381486,3.55954480171204,0,1.72482371330261,6.75303661306044,-28835.5964006067,-23909.2797280949,-28838.0344332493,-23908.9328113077,-28840.4724658919,-23908.5858945205,0,1,1,1
20140118093043.daq,129,22,1005.96666666667,1,0,right,-0.0705184567355559,261.784225463867,14,-0.000175958114008419,58.4563446044922,1061.64251947733,3.12009477615356,0,2.82586336135864,6.72807642550601,-28836.8012509067,-23917.7756950243,-28839.2385681489,-23917.4237872465,-28841.6758853911,-23917.0718794687,0,1,1,1
20140118093043.daq,129,22,1006.06666666667,1,0,right,-0.0864241548142104,261.675933837891,14,-0.000175092582633841,58.3451271057129,1070.20795124938,2.37302994728088,0,3.38587498664856,6.69897161150229,-28838.0152870802,-23926.2539296476,-28840.4519348478,-23925.8974158607,-28842.8885826154,-23925.5409020739,0,0,1,0
20140118093043.daq,129,22,1006.16666666667,1,0,right,-0.138445640501118,261.582305908203,14,-0.000174120128243023,58.2349128723145,1078.75716540526,1.93357992172241,0,3.8224937915802,6.66232755513301,-28839.2400960101,-23934.7143490507,-28841.6761579398,-23934.3538539774,-28844.1122198696,-23933.9933589041,0,0,1,0
20140118093043.daq,129,22,1006.26666666667,1,0,right,-0.216723470153511,261.506622314453,14,-0.000173037690886486,58.1250419616699,1087.29024339741,1.58201992511749,0,3.97436118125916,6.61833017046541,-28840.4774172946,-23943.1549549346,-28842.9130009112,-23942.7912423146,-28845.3485845278,-23942.4275296946,0,0,1,0
20140118093043.daq,129,22,1006.36666666667,1,0,right,-0.298968178352425,261.441543579102,14,-0.000171843506730237,58.015209197998,1095.80722028723,1.40623998641968,0,3.95537805557251,6.56530841613477,-28841.7257720337,-23951.5778159921,-28844.1609409606,-23951.2113371784,-28846.5961098875,-23950.8448583646,0,0,1,0
20140118093043.daq,129,22,1006.46666666667,1,0,right,-0.364164210316176,261.386611938477,14,-0.000170536809110261,57.9061470031738,1104.30814959927,1.36229491233826,0,3.97436118125916,6.5048555027381,-28842.9832362017,-23959.9829414526,-28845.4180526523,-23959.6141281186,-28847.8528691029,-23959.2453147847,0,0,1,0
20140118093043.daq,129,22,1006.56666666667,1,0,right,-0.429971050263987,261.333145141602,14,-0.00016911724129968,57.7975234985352,1112.79310868306,1.36229491233826,0,3.99334502220154,6.43655573861504,-28844.2484187532,-23968.3704634161,-28846.6828899776,-23967.9993781414,-28849.117361202,-23967.6282928667,0,0,1,0
20140118093043.daq,129,22,1006.66666666667,1,0,right,-0.504781584259149,261.285110473633,14,-0.000167584128621126,57.6890640258789,1121.26214145857,1.36229491233826,0,4.09775352478027,6.35883591401249,-28845.5191094018,-23976.738369768,-28847.9532686665,-23976.3652436531,-28850.3874279311,-23975.9921175382,0,0,1,0
20140118093043.daq,129,22,1006.76666666667,1,0,right,-0.580884134071994,261.23698425293,14,-0.000165935619592319,57.5808486938477,1129.71528480557,1.40623998641968,0,4.1641960144043,6.27342832285213,-28846.7976190861,-23985.0926029978,-28849.2314640807,-23984.7174324159,-28851.6653090753,-23984.342261834,0,0,1,0
20140118093043.daq,129,22,1006.86666666667,1,0,right,-0.636854767042337,261.16780090332,14,-0.000164168069677288,57.4725227355957,1138.15257066158,2.63669991493225,0,4.05978679656982,6.17747879325593,-28848.0814007859,-23993.4276143675,-28850.5147909965,-23993.0495052474,-28852.948181207,-23992.6713961272,0,0,1,0
20140118093043.daq,129,22,1006.96666666667,1,0,right,-0.681386657529856,261.052185058594,14,-0.000162275504901796,57.3649406433105,1146.57400872443,5.44917964935303,0,4.09775352478027,6.07199081884974,-28849.3740546141,-24001.7476779169,-28851.8066768932,-24001.3646592873,-28854.2392991723,-24000.9816406578,0,0,1,0
20140118093043.daq,129,22,1007.06666666667,1,0,right,-0.649972073283834,260.869888305664,14,-0.000160249527156701,57.2572059631348,1154.9796492084,6.59174966812134,0,4.19267082214355,5.95771866523778,-28850.6788520788,-24010.0530685973,-28853.110243405,-24009.6623120973,-28855.5416347312,-24009.2715555974,0,0,1,0
20140118093043.daq,129,22,1007.16666666667,1,0,right,-0.565063921697174,260.648834228516,14,-0.000158080192977504,57.1494598388672,1163.36949048162,6.37202453613281,0,4.22114610671997,5.84113034458021,-28851.9998475165,-24018.3433485149,-28854.4297131647,-24017.9432143434,-28856.8595788128,-24017.5430801718,0,0,1,0
20140118093043.daq,129,22,1007.26666666667,1,0,right,-0.453668859031211,260.413162231445,14,-0.000155757748453305,57.0416259765625,1171.74352387198,6.15229988098145,0,4.18317890167236,5.73328767975474,-28853.3452430624,-24026.6122926958,-28855.7734423072,-24026.2021672869,-28858.201641552,-24025.7920418779,0,0,1,0
20140118093043.daq,129,22,1007.36666666667,1,0,right,-0.345987541752038,260.171615600586,14,-0.000153274241621112,56.9336280822754,1180.10171646283,6.15229988098145,0,4.22114610671997,5.63344380953551,-28854.7144719587,-24034.8636760802,-28857.1409206305,-24034.4433175826,-28859.5673693023,-24034.022959085,0,0,1,0
20140118093043.daq,129,22,1007.46666666667,1,0,right,-0.236179334128622,259.93489074707,14,-0.000150624247324754,56.8258247375488,1188.44409007428,6.02046489715576,0,4.30657148361206,5.54726697701813,-28856.1126975741,-24043.0914910593,-28858.5373887757,-24042.6611109945,-28860.9620799773,-24042.2307309297,0,0,1,0
20140118093043.daq,129,22,1007.56666666667,1,0,right,-0.112952752362219,259.698272705078,14,-0.000147805064737465,56.718147277832,1196.77066596698,5.93257474899292,0,4.32555484771729,5.47519544413883,-28857.5402262139,-24051.2997096767,-28859.9631193761,-24050.8593199082,-28862.3860125383,-24050.4189301397,0,0,1,0
20140118093043.daq,129,22,1007.66666666667,1,0,right,0.0175295498256673,259.463638305664,14,-0.000144816657699717,56.6106605529785,1205.08146237094,5.75679492950439,0,4.3540301322937,5.42393974116697,-28859.000841392,-24059.4863546858,-28861.421910784,-24059.0360465442,-28863.8429801761,-24058.5857384027,0,0,1,0
20140118093043.daq,129,22,1007.76666666667,1,0,right,0.152970016472295,259.23713684082,14,-0.00014166154340614,56.5034561157227,1213.37651304211,5.31734466552734,0,4.47742223739624,5.39290560863699,-28860.4921878804,-24067.6513500871,-28862.9114582027,-24067.1914745265,-28865.330728525,-24066.7315989659,0,0,1,0
20140118093043.daq,129,22,1007.86666666667,1,0,right,0.239626665381309,259.04524230957,14,-0.000138344857894833,56.396656036377,1221.6558641384,3.73532485961914,0,4.64827346801758,5.37882548595215,-28862.0105812592,-24075.7943744127,-28864.4282978046,-24075.3263988472,-28866.8460143499,-24074.8584232816,0,0,1,0
20140118093043.daq,129,22,1007.96666666667,1,0,right,0.267835455434351,258.904022216797,14,-0.000134874582663096,56.2907676696777,1229.9196151092,1.58201992511749,0,4.72420787811279,5.37815758067988,-28863.5549666991,-24083.9133008166,-28865.9715224563,-24083.4393675982,-28868.3880782136,-24082.9654343798,0,0,1,0
20140118093043.daq,129,22,1008.06666666667,1,0,right,0.240942383892616,258.828643798828,14,-0.000131261819203722,56.1855659484863,1238.16789030124,0.0439449995756149,0,4.88556623458862,5.38681897661605,-28865.120441544,-24092.0118759206,-28867.5363717028,-24091.5347638887,-28869.9523018617,-24091.0576518568,0,0,1,0
20140118093043.daq,129,22,1008.16666666667,1,0,right,0.164526845338287,258.813522338867,14,-0.000127520719021352,56.0809936523438,1246.40078338247,-1.09862494468689,0,5.01845073699951,5.39727646821557,-28866.697602151,-24100.0882313436,-28869.1134063066,-24099.6104817179,-28871.5292104623,-24099.1327320921,0,0,1,0
20140118093043.daq,129,22,1008.26666666667,1,0,right,0.0569229229188863,258.838897705078,14,-0.000123667676258743,55.9769515991211,1254.61837958191,-1.58201992511749,0,5.03743362426758,5.40567572633666,-28868.2818804845,-24108.1465169327,-28870.6978959907,-24107.669837274,-28873.113911497,-24107.1931576153,0,0,1,0
20140118093043.daq,129,22,1008.36666666667,1,0,right,-0.0661066103317012,258.889953613281,14,-0.000119720031263484,55.8729820251465,1262.82073699329,-1.66990995407104,0,4.9899754524231,5.40871145169233,-28869.868386362,-24116.1869103033,-28872.2848256752,-24115.7123837298,-28874.7012649884,-24115.2378571562,0,0,1,0
20140118093043.daq,129,22,1008.46666666667,1,0,right,-0.209313533891361,258.954467773438,14,-0.000115694405547429,55.769588470459,1271.00788974552,-1.75779986381531,0,5.04692554473877,5.40082233723793,-28871.452060052,-24124.2115103954,-28873.8690321429,-24123.7397049953,-28876.2860042337,-24123.2678995952,0,0,1,0
20140118093043.daq,129,22,1008.56666666667,1,0,right,-0.350365293010896,259.024948120117,14,-0.000111604977138455,55.6666450500488,1279.17990502404,-1.45018494129181,0,5.13235187530518,5.37506516196479,-28873.025579161,-24132.2223600784,-28875.4431297976,-24131.753528186,-28877.8606804341,-24131.2846962936,0,0,1,0
20140118093043.daq,129,22,1008.66666666667,1,0,right,-0.452900436258915,259.065032958984,14,-0.000107462072421024,55.5637969970703,1287.33681765711,0.307614982128143,0,5.20828533172607,5.33524793645396,-28874.5913194697,-24140.2199101548,-28877.0091975151,-24139.7527697255,-28879.4270755606,-24139.2856292961,0,0,1,0
20140118093043.daq,129,22,1008.76666666667,1,0,right,-0.519341546440216,259.078094482422,14,-0.000103271514789883,55.4612274169922,1295.47866802129,0.966789960861206,0,5.15133476257324,5.28189340728794,-28876.1490598799,-24148.2041228787,-28878.567044355,-24147.7375336569,-28880.98502883,-24147.2709444351,0,0,1,0
20140118093043.daq,129,22,1008.86666666667,1,0,right,-0.542159502347772,259.054550170898,14,0.0001,55.3589630126953,1303.60549691273,1.80174493789673,0,5.07540130615234,5.21653225319058,-28877.6994262363,-24156.177071502,-28880.1172187737,-24155.7094887076,-28882.5350113111,-24155.2419059131,0,0,1,0
20140118093043.daq,129,22,1008.96666666667,1,0,right,-0.542615360334366,259.01741027832,14,0.0001,55.2569923400879,1311.71734857779,1.49412989616394,0,5.09438419342041,5.14474437935548,-28879.2467748329,-24164.1365157953,-28881.6642637689,-24163.6673658536,-28884.0817527049,-24163.1982159119,0,0,1,0
20140118093043.daq,129,22,1009.06666666667,1,0,right,-0.532630403992925,258.977645874023,14,0.0001,55.1552925109863,1319.81426432547,1.23045992851257,0,5.16082668304443,5.06989030061018,-28880.7923421201,-24172.0803658451,-28883.2095048746,-24171.6095382314,-28885.6266676291,-24171.1387106177,0,0,1,0
20140118093043.daq,129,22,1009.16666666667,1,0,right,-0.516111120975211,258.939163208008,14,0.0001,55.0538749694824,1327.8962854182,1.2744048833847,0,5.17031860351563,4.9940953621807,-28882.3378259715,-24180.0105264865,-28884.7546719498,-24179.5380754936,-28887.1715179281,-24179.0656245007,0,0,1,0
20140118093043.daq,129,22,1009.26666666667,1,0,right,-0.492218454397403,258.901123046875,14,0.0001,54.9527320861816,1335.96345213926,1.18651497364044,0,5.15133476257324,4.91874144258297,-28883.883281214,-24187.925055027,-28886.2998129871,-24187.4509995314,-28888.7163447602,-24186.9769440357,0,0,1,0
20140118093043.daq,129,22,1009.36666666667,1,0,right,-0.470184066314516,258.872756958008,14,0.0001,54.8518447875977,1344.01580276711,0.615229964256287,0,5.18930149078369,4.84816787721788,-28885.4320105625,-24195.8238389733,-28887.8483073433,-24195.3485871552,-28890.2646041241,-24194.8733353372,0,0,1,0
20140118093043.daq,129,22,1009.46666666667,1,0,right,-0.45031313697018,258.854370117188,14,0.0001,54.7512321472168,1352.05337725869,0.351559996604919,0,5.15133476257324,4.7820249168686,-28886.982040764,-24203.7049224236,-28889.3981849069,-24203.2288952141,-28891.8143290497,-24202.7528680045,0,0,1,0
20140118093043.daq,129,22,1009.56666666667,1,0,right,-0.435092773042641,258.848449707031,14,0.0001,54.6508941650391,1360.07621468505,0,0,5.16082668304443,4.72074106391052,-28888.5332090879,-24211.5721819919,-28890.9493040297,-24211.0959051231,-28893.3653989715,-24210.6196282544,0,0,1,0
20140118093043.daq,129,22,1009.66666666667,1,0,right,-0.427031378837682,258.85710144043,14,0.0001,54.5508232116699,1368.08435542273,-0.483394980430603,0,5.19879341125488,4.66407493240946,-28890.0834246937,-24219.4236391621,-28892.4995915263,-24218.9477271321,-28894.915758359,-24218.4718151021,0,0,1,0
20140118093043.daq,129,22,1009.76666666667,1,0,right,-0.440529044196239,258.882125854492,14,0.0001,54.4509963989258,1376.07783798332,-0.74706494808197,0,5.2272686958313,4.6090026117147,-28891.6306168299,-24227.2592715238,-28894.0469912906,-24226.7844148203,-28896.4633657514,-24226.3095581169,0,0,1,0
20140118093043.daq,129,22,1009.86666666667,1,0,right,-0.484148921235203,258.914947509766,14,0.0001,54.3514633178711,1384.05669971276,-0.834954977035522,0,5.39811944961548,4.55119994668417,-28893.1714400432,-24235.0811358507,-28895.5880861272,-24234.6076634354,-28898.0047322112,-24234.1341910201,0,0,1,0
20140118093043.daq,129,22,1009.96666666667,1,0,right,-0.535306111015416,258.955993652344,14,0.0001,54.2521743774414,1392.02098205998,-0.878899931907654,0,5.36015272140503,4.48908379425325,-28894.7078196995,-24242.8892260153,-28897.1248043544,-24242.4174849833,-28899.5417890094,-24241.9457439512,0,0,1,0
20140118093043.daq,129,22,1010.06666666667,1,0,right,-0.586934486530481,258.997985839844,14,0.0001,54.1531105041504,1399.97071836126,-0.878899931907654,0,5.3032021522522,4.42318090876216,-28896.2382785199,-24250.6836307094,-28898.6556082656,-24250.2136612166,-28901.0729380112,-24249.7436917238,0,0,1,0
20140118093043.daq,129,22,1010.16666666667,1,0,right,-0.63964439848877,259.041534423828,14,0.0001,54.0542755126953,1407.90594260565,-0.834954977035522,0,5.28421926498413,4.35119750239595,-28897.7608235267,-24258.4643422353,-28900.178509782,-24257.9962102087,-28902.5961960373,-24257.528078182,0,0,1,0
20140118093043.daq,129,22,1010.26666666667,1,0,right,-0.68808000906165,259.081283569336,14,0.0001,53.9556846618652,1415.82668798952,-0.527339935302734,0,5.36964464187622,4.27096375740522,-28899.2738515351,-24266.233380103,-28901.6918619768,-24265.7669254671,-28904.1098724185,-24265.3004708312,0,0,1,0
20140118093043.daq,129,22,1010.36666666667,1,0,right,-0.731722525636485,259.116714477539,14,0.0001,53.8573226928711,1423.73299097303,-0.527339935302734,0,5.41710329055786,4.18699411293469,-28900.7813025875,-24273.9868450518,-28903.1996010159,-24273.5218857688,-28905.6178994443,-24273.0569264858,0,0,1,0
20140118093043.daq,129,22,1010.46666666667,1,0,right,-0.772448776844897,259.149703979492,14,0.0001,53.7589874267578,1431.62486987947,-0.527339935302734,0,5.39811944961548,4.09467488679576,-28902.2791477489,-24281.7286203723,-28904.6977134885,-24281.2650535631,-28907.1162792281,-24280.8014867539,0,0,1,0
20140118093043.daq,129,22,1010.56666666667,1,0,right,-0.81274594743644,259.182739257813,14,0.0001,53.660514831543,1439.5023310031,-0.483394980430603,0,5.35066080093384,3.99597811189542,-28903.7691776584,-24289.4586751275,-28906.1880102767,-24288.9965028784,-28908.606842895,-24288.5343306292,0,0,1,0
20140118093043.daq,129,22,1010.66666666667,1,0,right,-0.851957905576114,259.21516418457,14,0.0001,53.562068939209,1447.36532804611,-0.483394980430603,0,5.45506954193115,3.89210168354632,-28905.2514351634,-24297.173111322,-28907.6705289477,-24296.7123080167,-28910.089622732,-24296.2515047114,0,0,1,0
20140118093043.daq,129,22,1010.76666666667,1,0,right,-0.888836302378422,259.245849609375,14,0.0001,53.4635009765625,1455.21388996213,-0.483394980430603,0,5.35066080093384,3.78288355603939,-28906.7259939786,-24304.8758495271,-28909.1453342045,-24304.4163418618,-28911.5646744305,-24303.9568341964,0,0,1,0
20140118093043.daq,129,22,1010.86666666667,1,0,right,-0.928755808713163,259.279922485352,14,0.0001,53.3654365539551,1463.04802551647,-0.615229964256287,0,5.44557762145996,3.6681800193525,-28908.1944724693,-24312.5648719005,-28910.6140855293,-24312.1068030589,-28913.0336985892,-24311.6487342174,0,0,1,0
20140118093043.daq,129,22,1010.96666666667,1,0,right,-0.969656090134777,259.315551757813,14,0.0001,53.2667655944824,1470.86774809031,-0.659174978733063,0,5.37913656234741,3.55110122849155,-28909.6569902416,-24320.2402013079,-28912.076887683,-24319.7836371867,-28914.4967851243,-24319.3270730654,0,0,1,0
20140118093043.daq,129,22,1011.06666666667,1,0,right,-1.0118395426004,259.352828979492,14,0.0001,53.1686859130859,1478.67301963829,-0.615229964256287,0,5.41710329055786,3.42517672666146,-28911.1096351075,-24327.9018363932,-28913.529829082,-24327.4468467786,-28915.9500230564,-24326.9918571639,0,0,1,0
20140118093043.daq,129,22,1011.16666666667,1,0,right,-1.04791161471991,259.384552001953,14,0.0001,53.0699691772461,1486.46389582969,-0.439449965953827,0,5.45506954193115,3.29600717074458,-28912.5567833904,-24335.5518221495,-28914.9772289085,-24335.0981725962,-28917.3976744267,-24334.644523043,0,0,1,0
20140118093043.daq,129,22,1011.26666666667,1,0,right,-1.0828406265943,259.415588378906,14,0.0001,52.9703941345215,1494.24019678842,-0.483394980430603,0,5.53100395202637,3.16209739717956,-28913.9961642059,-24343.1861905599,-28916.4168551049,-24342.7338521969,-28918.837546004,-24342.2815138339,0,0,1,0
20140118093043.daq,129,22,1011.36666666667,1,0,right,-1.11743529428622,259.446746826172,14,0.0001,52.8702926635742,1502.00187407192,-0.483394980430603,0,5.41710329055786,3.02238175327887,-28915.4277247718,-24350.8088375544,-28917.8486613024,-24350.3578156723,-28920.269597833,-24349.9067937901,0,0,1,0
20140118093043.daq,129,22,1011.46666666667,1,0,right,-1.15068853791684,259.477020263672,14,0.0001,52.771053314209,1509.74891126853,-0.527339935302734,0,5.50252819061279,2.87915131785076,-28916.8534839208,-24358.4178229729,-28919.2746584205,-24357.9680803068,-28921.6958329201,-24357.5183376406,0,0,1,0
20140118093043.daq,129,22,1011.56666666667,1,0,right,-1.18730006548356,259.511108398438,14,0.0001,52.6711959838867,1517.48137477106,-0.659174978733063,0,5.53100395202637,2.73032461137446,-28918.2711819222,-24366.0130861769,-28920.6926235678,-24365.5647840685,-28923.1140652134,-24365.11648196,0,0,1,0
20140118093043.daq,129,29,1163,1,0,left,-1.0263420970202,105.375741958618,12,0.000746701862016472,49.027660369873,0,-13.2274446487427,0.295286059379578,0.244115486741066,-3.36178619452125,-35338.4961303422,-23755.041807579,-35336.1216810177,-23754.3888567168,-35333.7472316931,-23753.7359058546,1,0,0,0
20140118093043.daq,129,29,1163.1,1,0,left,-1.16074717513108,105.852815628052,12,0.000748115926086659,48.9094047546387,7.18206114466011,-13.1834993362427,0.295328050851822,0.310557574033737,-3.43549868143941,-35340.3651148685,-23748.1508817467,-35337.9961845912,-23747.4781828803,-35335.6272543139,-23746.8054840139,1,0,0,0
20140118093043.daq,129,29,1163.2,1,0,left,-1.16782484177024,106.326498031616,12,0.000749005312426247,48.7918968200684,14.3468304053677,-13.1834993362427,0.295115560293198,0.263098806142807,-3.52735149683768,-35342.2884482373,-23741.293229562,-35339.9251602678,-23740.6009692087,-35337.5618722984,-23739.9087088554,1,0,0,0
20140118093043.daq,129,29,1163.3,1,0,left,-1.2070349307177,106.799501419067,12,0.000749367834051458,48.6749534606934,21.4944053198706,-13.1395540237427,0.294994562864304,0.215640276670456,-3.61857323746484,-35344.2623670979,-23734.4689575545,-35341.9048745275,-23733.7572109678,-35339.547381957,-23733.0454643811,1,0,0,0
20140118093043.daq,129,29,1163.4,1,0,left,-1.27562625975426,107.270780563354,12,0.000749201870104273,48.5587577819824,28.624885384168,-13.1395540237427,0.295809090137482,0.225131943821907,-3.72171905949825,-35346.2907226641,-23727.6760666803,-35343.9391641583,-23726.9449531342,-35341.5876056525,-23726.2138395881,1,0,0,0
20140118093043.daq,129,29,1163.5,1,0,left,-1.30993095735106,107.739898681641,12,0.000748506975341616,48.443115234375,35.7383651055279,-13.1395540237427,0.295082986354828,0.253607153892517,-3.82779732884288,-35348.3656801173,-23720.9184412041,-35346.0201864718,-23720.1680986275,-35343.6746928263,-23719.417756051,1,0,0,0
20140118093043.daq,129,29,1163.6,1,0,left,-1.30738161263261,108.208372116089,12,0.000747284507978867,48.3280830383301,42.8349277080852,-13.1395540237427,0.295387446880341,0.225131943821907,-3.93828547052229,-35350.4951299266,-23714.1922355075,-35348.1558497186,-23713.4227405227,-35345.8165695105,-23712.6532455378,1,0,0,0
20140118093043.daq,129,29,1163.7,1,0,left,-1.40418198114142,108.673063278198,12,0.000745537616382858,48.2136840820313,49.9146674659278,-13.1395540237427,0.294778883457184,0.263098806142807,-4.0593134216384,-35352.6750059375,-23707.5012185478,-35350.3420435028,-23706.7127766022,-35348.009081068,-23705.9243346567,1,0,0,0
20140118093043.daq,129,29,1163.8,1,0,left,-1.38665687905372,109.140279769897,12,0.000743271255204756,48.0997505187988,56.9776624279621,-13.1395540237427,0.29600316286087,0.225131943821907,-4.17861674263067,-35354.9017216751,-23700.8417523607,-35352.5752660573,-23700.0343127766,-35350.2488104395,-23699.2268731925,1,0,0,0
20140118093043.daq,129,29,1163.9,1,0,left,-1.50412348154389,109.60514831543,12,0.000740491859685755,47.986385345459,64.0239871462545,-13.1395540237427,0.295589625835419,0.253607153892517,-4.30822136980031,-35357.1789356827,-23694.2194841836,-35354.8591077167,-23693.3931957161,-35352.5392797507,-23692.5669072486,1,0,0,0
20140118093043.daq,129,29,1164,1,0,left,-1.49782798521308,110.069622039795,12,0.000737206938434679,47.8736572265625,71.0537275025417,-13.1395540237427,0.295161545276642,0.253607153892517,-4.44334178583084,-35359.5067458062,-23687.628636954,-35357.1936923789,-23686.7835699353,-35354.8806389517,-23685.9385029165,1,0,0,0
20140118093043.daq,129,29,1164.1,1,0,left,-1.54655948287147,110.531021118164,12,0.000733424592731156,47.7622947692871,78.0670303163788,-13.1395540237427,0.295476317405701,0.253607153892517,-4.5802044769562,-35361.8811127338,-23681.0749484466,-35359.5749395012,-23680.2112821658,-35357.2687662686,-23679.3476158849,1,0,0,0
20140118093043.daq,129,29,1164.2,1,0,left,-1.61125350889832,110.988208770752,12,0.000729152719831594,47.652759552002,85.0641251186462,-13.095609664917,0.294681012630463,0.244115486741066,-4.72329941528948,-35364.3019827185,-23674.5525030305,-35362.0027743954,-23673.6704624927,-35359.7035660723,-23672.7884219548,1,0,0,0
20140118093043.daq,129,29,1164.3,1,0,left,-1.60119806943324,111.442184448242,12,0.000724398451019127,47.545654296875,92.0453323106922,-12.9198293685913,0.295819878578186,0.253607153892517,-4.86793891884935,-35366.7694073593,-23668.0632930238,-35364.4772598684,-23667.1630628846,-35362.1851123775,-23666.2628327455,1,0,0,0
20140118093043.daq,129,29,1164.4,1,0,left,-1.6596944316646,111.892509460449,12,0.000719167969988084,47.4410438537598,99.0110085209453,-12.7879943847656,0.295325577259064,0.177673399448395,-5.01755734684186,-35369.2833675935,-23661.6072933023,-35366.9983663247,-23660.6890756674,-35364.7133650559,-23659.7708580325,1,0,0,0
20140118093043.daq,129,29,1164.5,1,0,left,-1.68177219280876,112.334659576416,12,0.000713466310201805,47.3385467529297,105.961502125254,-12.6122140884399,0.295438647270203,0.234623834490776,-5.17397538001408,-35371.8436496932,-23655.1862424305,-35369.5658022544,-23654.2504190128,-35367.2879548156,-23653.3145955951,1,0,0,0
20140118093043.daq,129,29,1164.6,1,0,left,-1.70867569136225,112.771295547485,12,0.000707299761184653,47.2382545471191,112.897122708222,-12.1288194656372,0.295015782117844,0.263098806142807,-5.33167328666563,-35374.4503873898,-23648.7963478118,-35372.179737688,-23647.8431928638,-35369.9090879861,-23646.8900379158,1,0,0,0
20140118093043.daq,129,29,1164.7,1,0,left,-1.69018244167664,113.187677383423,12,0.000700677435556742,47.1403694152832,119.818203586183,-11.5575342178345,0.295064568519592,0.215640276670456,-5.49065235687296,-35377.0950783576,-23642.4388635678,-35374.8314153541,-23641.4692325916,-35372.5677523506,-23640.4996016154,1,0,0,0
20140118093043.daq,129,29,1164.8,1,0,left,-1.6810699911134,113.586812973022,12,0.000693609157793745,47.0450325012207,126.725115747715,-10.9862489700317,0.295984327793121,0.225131943821907,-5.651150734221,-35379.7856954497,-23636.113909922,-35377.5288419899,-23635.128533403,-35375.2719885301,-23634.143156884,1,0,0,0
20140118093043.daq,129,29,1164.9,1,0,left,-1.62230249271624,113.971620559692,12,0.000686106838298565,46.9526100158691,133.618256990332,-10.3270740509033,0.296101748943329,0.225131943821907,-5.81009339436241,-35382.5145778532,-23629.8216078507,-35380.2643931889,-23628.8210962816,-35378.0142085246,-23627.8205847125,0,1,0,1
20140118093043.daq,129,29,1165,1,0,left,-1.60941171588651,114.319480895996,12,0.000678185601490227,46.863037109375,140.498048470326,-9.05266952514648,0.295487761497498,0.225131943821907,-5.96744105843856,-35385.2846002518,-23623.5569542684,-35383.0405314359,-23622.5427996584,-35380.79646262,-23621.5286450484,0,1,0,1
20140118093043.daq,129,29,1165.1,1,0,left,-1.49446775673366,114.630970001221,12,0.000669864116110639,46.77685546875,147.364956336285,-7.69037485122681,0.295233011245728,0.244115486741066,-6.11916609835362,-35388.0880081006,-23617.3199450829,-35385.8494858821,-23616.2936056163,-35383.6109636636,-23615.2672661498,0,1,0,1
20140118093043.daq,129,29,1165.2,1,0,left,-1.382403978328,114.906074523926,12,0.000661163996337333,46.693244934082,154.219413400497,-7.03119945526123,0.295278906822205,0.244115486741066,-6.25126817264512,-35390.9170163157,-23611.1066456294,-35388.68344783,-23610.0695698158,-35386.4498793443,-23609.0324940022,0,1,0,1
20140118093043.daq,129,29,1165.3,1,0,left,-1.24387447473346,115.146837234497,12,0.000652108859818154,46.6116752624512,161.061764542043,-6.28413486480713,0.295676589012146,0.196656957268715,-6.38080158363438,-35393.7756490408,-23604.9171306843,-35391.5464581604,-23603.8706783718,-35389.31726728,-23602.8242260594,0,1,0,1
20140118093043.daq,129,29,1165.4,1,0,left,-1.06983679843617,115.343965530396,12,0.000642723752985176,46.5320243835449,167.892293235956,-4.08688449859619,0.295022070407867,0.234623834490776,-6.48634779934294,-35396.6517871691,-23598.7470217563,-35394.4262098341,-23597.692906037,-35392.2006324992,-23596.6387903178,0,1,0,1
20140118093043.daq,129,29,1165.5,1,0,left,-0.895338529390187,115.483076095581,12,0.000633035010198144,46.4547538757324,174.711312283922,-1.66990995407104,0.295735001564026,0.244115486741066,-6.58106583488853,-35399.5487086375,-23592.5955965961,-35397.3256971868,-23591.5360804267,-35395.102685736,-23590.4765642573,0,1,0,1
20140118093043.daq,129,29,1165.6,1,0,left,-0.648709378764948,115.560674667358,12,0.000623070482026212,46.3796920776367,181.519155654925,-0.527339935302734,0.295683413743973,0.215640276670456,-6.65426162651286,-35402.4584637739,-23586.4607122375,-35400.2368893178,-23585.3981863039,-35398.0153148617,-23584.3356603703,0,1,0,1
20140118093043.daq,129,29,1165.7,1,0,left,-0.417537783920267,115.611536026001,12,0.000612859172501742,46.3069648742676,188.31616729559,-0.219724982976913,0.295594692230225,0.215640276670456,-6.70297164104521,-35405.374820903,-23580.3381973086,-35403.1541905244,-23579.2736997063,-35400.9335601459,-23578.209202104,0,1,0,1
20140118093043.daq,129,29,1165.8,1,0,left,-0.174102882383522,115.635454177856,12,0.000602430103899505,46.2367286682129,195.102693576948,0.878899991512299,0.296050310134888,0.225131943821907,-6.73030587572835,-35408.2977742165,-23574.2280385215,-35406.0775884064,-23573.1626140087,-35403.8574025964,-23572.0971894959,0,1,0,1
20140118093043.daq,129,29,1165.9,1,0,left,0.107717994219371,115.630630493164,12,0.00059181131642338,46.1685943603516,201.879072244585,1.88963496685028,0.296589493751526,0.196656957268715,-6.72848494833621,-35411.2194317873,-23568.1262401594,-35408.9991562879,-23567.061002566,-35406.7788807885,-23565.9957649727,0,1,1,1
20140118093043.daq,129,29,1166,1,0,left,0.348518742609002,115.601306915283,12,0.00058102905538945,46.102668762207,208.645620809242,2.41697478294373,0.296000123023987,0.206148609519005,-6.69387431828812,-35414.1360783401,-23562.0330098536,-35411.9152579504,-23560.9689087211,-35409.6944375607,-23559.9048075886,0,1,1,1
20140118093043.daq,129,29,1166.1,1,0,left,0.640336725263182,115.554346084595,12,0.000570107942980926,46.0390014648438,215.402666712544,2.8564248085022,0.296287596225739,0.206148609519005,-6.63592540282372,-35417.0480218532,-23555.9447781673,-35414.8263300498,-23554.8824976233,-35412.6046382464,-23553.8202170793,0,1,1,1
20140118093043.daq,129,29,1166.2,1,0,left,0.894911453386214,115.501834869385,12,0.000559069658048903,45.9772758483887,222.15051883967,2.54880976676941,0.296273529529572,0.225131943821907,-6.54879273480112,-35419.9558064435,-23549.8640898848,-35417.733142,-23548.803845953,-35415.5104775565,-23547.7436020212,0,1,1,1
20140118093043.daq,129,29,1166.3,1,0,left,1.09516499074918,115.466583251953,12,0.000547931695245486,45.9177894592285,228.889481833074,1.01073491573334,0.295936405658722,0.225131943821907,-6.42781638187959,-35422.8487442431,-23543.7881515822,-35420.625427898,-23542.7292753603,-35418.4021115529,-23541.6703991385,0,1,1,1
20140118093043.daq,129,29,1166.4,1,0,left,1.27717273849832,115.487176895142,12,0.000536706697049414,45.8604011535645,235.619870918832,-2.10935974121094,0.296777367591858,0.234623834490776,-6.2899262711664,-35425.7403002494,-23537.7207966336,-35423.5173646366,-23536.6611213605,-35421.2944290237,-23535.6014460874,0,1,1,1
20140118093043.daq,129,29,1166.5,1,0,left,1.29707757751611,115.579008102417,12,0.000525403180902537,45.8050994873047,242.341998339121,-4.70211458206177,0.296143263578415,0.320049256086349,-6.13264956339565,-35428.6272598979,-23531.662779644,-35426.4060255413,-23530.599542908,-35424.1847911848,-23529.5363061721,0,1,1,1
20140118093043.daq,129,29,1166.6,1,0,left,1.30467131478252,115.718557357788,12,0.000514022345495585,45.7521286010742,249.056184681845,-4.92183971405029,0.295721650123596,0.206148609519005,-5.96677787197604,-35431.5124545005,-23525.6168704864,-35429.2938163427,-23524.5482268844,-35427.0751781849,-23523.4795832824,0,1,1,1
20140118093043.daq,129,29,1166.7,1,0,left,1.2404137659407,115.875106811523,12,0.000502561317296624,45.7012405395508,255.762753658695,-4.57027959823608,0.297222256660461,0.272590696811676,-5.8012920796451,-35434.4101141058,-23519.585482869,-35432.1944040845,-23518.5107812709,-35429.9786940632,-23517.4360796728,0,1,1,1
20140118093043.daq,129,29,1166.8,1,0,left,1.18679905824436,116.012687683105,12,0.000491022062500994,45.6524314880371,262.462011823693,-3.20798492431641,0.29596871137619,0.291574031114578,-5.63794463880266,-35437.3147165184,-23513.562946783,-35435.1015934981,-23512.4829278386,-35432.8884704777,-23511.4029088942,0,0,1,0
20140118093043.daq,129,29,1166.9,1,0,left,1.12797428722691,116.120187759399,12,0.000479413240672975,45.606128692627,269.154295337183,-2.02146983146667,0.296366542577744,0.0922479778528214,-5.47413291395378,-35440.2257722208,-23507.5545678032,-35438.0146794589,-23506.4703984338,-35435.8035866969,-23505.3862290644,0,0,1,0
20140118093043.daq,129,29,1167,1,0,left,1.18095169648599,116.195243835449,12,0.000467750412732905,45.561954498291,275.839942177874,-1.40623986721039,0.295824527740479,0.253607153892517,-5.32087986298428,-35443.1509966496,-23501.5543623701,-35440.9413260199,-23500.4672974541,-35438.7316553902,-23499.3802325381,0,0,1,0
20140118093043.daq,129,29,1167.1,1,0,left,1.10479730853089,116.258226394653,12,0.000456054859418905,45.5198440551758,282.519266079864,-1.40623986721039,0.296013295650482,0.234623834490776,-5.17107679805048,-35446.0834910465,-23495.5633306324,-35443.875016711,-23494.4738373865,-35441.6665423755,-23493.3843441406,0,0,1,0
20140118093043.daq,129,29,1167.2,1,0,left,1.08967644468767,116.315319061279,12,0.000444351270650647,45.4800186157227,289.192578026501,-1.36229491233826,0.296321034431458,0.225131943821907,-5.03188853472481,-35449.0235324986,-23489.5817764528,-35446.8161448903,-23488.4900831028,-35444.6087572821,-23487.3983897529,0,0,1,0
20140118093043.daq,129,29,1167.3,1,0,left,1.00874722050003,116.366893768311,12,0.000432665683657593,45.4427337646484,295.860234086678,-0.92284494638443,0.295564293861389,0.234623834490776,-4.89323522478826,-35451.9633259039,-23483.6077643192,-35449.7569218759,-23482.5140844353,-35447.5505178479,-23481.4204045514,0,0,1,0
20140118093043.daq,129,29,1167.4,1,0,left,0.980950783509286,116.403337478638,12,0.00042102399157087,45.4074745178223,302.522574197312,-0.0878899917006493,0.296267151832581,0.225131943821907,-4.76669051978537,-35454.9102575849,-23477.6408177029,-35452.7045496522,-23476.545734629,-35450.4988417195,-23475.450651555,0,0,1,0
20140118093043.daq,129,29,1167.5,1,0,left,0.96859380367215,116.433174133301,12,0.000409451579910569,45.3756980895996,309.180006320021,-0.0439449958503246,0.296651512384415,0.206148609519005,-4.64145703882514,-35457.8568948626,-23471.6833105341,-35455.6517574911,-23470.5870789909,-35453.4466201196,-23469.4908474478,0,0,1,0
20140118093043.daq,129,29,1167.6,1,0,left,0.938234884691383,116.457815170288,12,0.000397973224184412,45.3457489013672,315.832904753697,-0.131834983825684,0.296003669500351,0.206148609519005,-4.52419046377314,-35460.8111133695,-23465.7294529013,-35458.6064476551,-23464.6322731023,-35456.4017819408,-23463.5350933032,0,0,1,0
20140118093043.daq,129,29,1167.7,1,0,left,0.904961056539889,116.485515594482,12,0.000386612940059601,45.3189697265625,322.481657971075,-0.263669967651367,0.296041488647461,0.215640276670456,-4.41099890362048,-35463.7654670174,-23459.7816067391,-35461.5613320072,-23458.6833611927,-35459.357196997,-23457.5851156463,0,0,1,0
20140118093043.daq,129,29,1167.8,1,0,left,0.875107460552186,116.516023635864,12,0.000375393664869716,45.2935943603516,329.126580918513,-0.351559966802597,0.295883774757385,0.215640276670456,-4.3021334843432,-35466.7238506787,-23453.8358535096,-35464.5203007591,-23452.7364344925,-35462.3167508395,-23451.6370154754,0,0,1,0
20140118093043.daq,129,29,1167.9,1,0,left,0.843875985547243,116.548881530762,12,0.000364337020634519,45.2709770202637,335.767999452466,-0.351559966802597,0.295979499816895,0.196656957268715,-4.19389138820964,-35469.6784313572,-23447.8980300763,-35467.4755122931,-23446.7973475516,-35465.2725932289,-23445.6966650269,0,0,1,0
20140118093043.daq,129,29,1168,1,0,left,0.804820373940473,116.580934524536,12,0.000353463219405433,45.249397277832,342.406166602348,-0.351559966802597,0.296419650316238,0.215640276670456,-4.08954541507343,-35472.6368817261,-23441.9621206504,-35470.4345787617,-23440.8602059184,-35468.2322757973,-23439.7582911864,0,0,1,0
20140118093043.daq,129,29,1168.1,1,0,left,0.762647948046848,116.614156723022,12,0.000342791149326399,45.2304916381836,349.041378478345,-0.351559966802597,0.296655356884003,0.234623834490776,-3.99246667805519,-35475.5992891711,-23436.0301763318,-35473.3976255076,-23434.926984809,-35471.1959618441,-23433.8237932861,0,0,1,0
20140118093043.daq,129,29,1168.2,1,0,left,0.742906492177738,116.645021438599,12,0.000332338573657425,45.2126617431641,355.673881302762,-0.351559966802597,0.29563570022583,0.234623834490776,-3.8961920796872,-35478.5615914501,-23430.1020219814,-35476.3605223852,-23428.9976446024,-35474.1594533204,-23427.8932672235,0,0,1,0
20140118093043.daq,129,29,1168.3,1,0,left,0.720964340478417,116.677087783813,12,0.00032212222573612,45.1976890563965,362.303994964139,-0.351559966802597,0.295775592327118,0.244115486741066,-3.80419651933549,-35481.5278522379,-23424.1778343482,-35479.3274015972,-23423.0722252847,-35477.1269509565,-23421.9666162212,0,0,1,0
20140118093043.daq,129,29,1168.4,1,0,left,0.68236893558695,116.708843231201,12,0.000312157759906043,45.1838989257813,368.931979205809,-0.351559966802597,0.295723438262939,0.263098806142807,-3.71354678101384,-35484.4940984076,-23418.2575382955,-35482.2942608744,-23417.1507098304,-35480.0944233413,-23416.0438813654,0,0,1,0
20140118093043.daq,129,29,1168.5,1,0,left,0.645866613542253,116.741012573242,12,0.000302459500890848,45.1728706359863,375.558162635003,-0.307614982128143,0.296876221895218,0.187165051698685,-3.62903601647524,-35487.4642682138,-23412.3411698647,-35485.2650524682,-23411.2331064514,-35483.0658367227,-23410.125043038,0,0,1,0
20140118093043.daq,129,29,1168.6,1,0,left,0.620082774580581,116.767461776733,12,0.000293039966234578,45.1630439758301,382.182792593012,0.0439449995756149,0.295492261648178,0.187165051698685,-3.54920365935863,-35490.4380911362,-23406.4264705978,-35488.2393871355,-23405.3173920881,-35486.0406831348,-23404.2083135784,0,0,1,0
20140118093043.daq,129,29,1168.7,1,0,left,0.604996179707499,116.782480239868,12,0.000283909713569636,45.1559448242188,388.806204587469,0.878899991512299,0.295872986316681,0.187165051698685,-3.47216917123184,-35493.415315829,-23400.5131557958,-35491.2169026173,-23399.4035009963,-35489.0184894056,-23398.2938461968,0,0,1,0
20140118093043.daq,129,29,1168.8,1,0,left,0.609152940859758,116.781023025513,12,0.000275077173310929,45.1501541137695,395.428647032037,1.23045992851257,0.296696126461029,0.225131943821907,-3.39538849533652,-35496.3918140862,-23394.6009738654,-35494.1933726531,-23393.4913749789,-35491.9949312201,-23392.3817760924,0,0,1,0
20140118093043.daq,129,29,1168.9,1,0,left,0.620460610049136,116.771938323975,12,0.000266548217931982,45.1468620300293,402.050447415008,1.18651497364044,0.296750754117966,0.196656957268715,-3.31782123095627,-35499.3679760362,-23388.6884121957,-35497.1693586951,-23387.5791619036,-35494.9707413539,-23386.4699116114,0,0,1,0
20140118093043.daq,129,29,1169,1,0,left,0.629291782349725,116.762317657471,12,0.000258325895638517,45.144905090332,408.671836852373,1.01073491573334,0.296945244073868,0.206148609519005,-3.24321213954632,-35502.3480205271,-23382.7758239115,-35500.1492169601,-23381.6669428099,-35497.9504133932,-23380.5580617083,0,0,1,0
20140118093043.daq,129,29,1169.1,1,0,left,0.632505331767817,116.758960723877,12,0.000250410759445763,45.145263671875,415.293134673222,0.615229964256287,0.296875089406967,0.196656957268715,-3.16706497380469,-35505.3244349716,-23376.8655005727,-35503.1255664396,-23375.7567482999,-35500.9266979077,-23374.6479960271,0,0,1,0
20140118093043.daq,129,30,1182.86666666667,1,0,right,0.386711038937449,142.322597503662,12,0.000273803341660019,55.9766540527344,0,-3.64743494987488,0.103977024555206,0.244115486741066,2.6947641709033,-36081.2177634158,-22581.8864340747,-36079.7125910229,-22579.9373803322,-36078.2074186301,-22577.9883265897,1,0,0,0
20140118093043.daq,129,30,1182.96666666667,1,0,right,0.45498431483,142.494045257568,12,0.000258639335236783,55.992015838623,8.21105431360775,-3.47165489196777,0.108283527195454,0.253607153892517,2.78419230222153,-36087.6818238008,-22576.8622436291,-36086.1824903457,-22574.9086946501,-36084.6831568905,-22572.955145671,1,0,0,0
20140118093043.daq,129,30,1183.06666666667,1,0,right,0.522218187730545,142.654663085938,12,0.000243273740847305,56.0073089599609,16.4243544208875,-3.38376474380493,0.109861813485622,0.263098806142807,2.88622270762529,-36094.1690946393,-22571.8569001864,-36092.6752434715,-22569.8991557925,-36091.1813923038,-22567.9414113985,1,0,0,0
20140118093043.daq,129,30,1183.16666666667,1,0,right,0.610125139970535,142.808643341064,12,0.000227710383160748,56.0230140686035,24.6399274571013,-3.29587483406067,0.113198794424534,0.225131943821907,2.99820027011573,-36100.6718437358,-22566.8706706904,-36099.1832593209,-22564.9089187022,-36097.6946749059,-22562.9471667141,1,0,0,0
20140118093043.daq,129,30,1183.26666666667,1,0,right,0.681815342733501,142.956798553467,12,0.000211953845410255,56.039005279541,32.8578240095376,-3.20798492431641,0.115875840187073,0.225131943821907,3.12062805509428,-36107.190088801,-22561.9016530979,-36105.7065820479,-22559.9360584966,-36104.2230752948,-22557.9704638952,1,0,0,0
20140118093043.daq,129,30,1183.36666666667,1,0,right,0.734338894553503,143.100715637207,12,0.000196008560317251,56.0551986694336,41.0780802585359,-3.12009477615356,0.121781133115292,0.244115486741066,3.24998710615508,-36113.7238603921,-22556.9479952619,-36112.2452955473,-22554.978680553,-36110.7667307024,-22553.009365844,1,0,0,0
20140118093043.daq,129,30,1183.46666666667,1,0,right,0.793993675962042,143.234401702881,12,0.000179877749921051,56.0712127685547,49.3007000272628,-2.81247973442078,0.135062053799629,0.234623834490776,3.38944756647932,-36120.2730569406,-22552.0073585946,-36118.7990910435,-22550.0345993701,-36117.3251251465,-22548.0618401456,1,0,0,0
20140118093043.daq,129,30,1183.56666666667,1,0,right,0.836085891368668,143.359172821045,12,0.000163562955519127,56.0872039794922,57.5256690953538,-2.50486493110657,0.141516208648682,0.225131943821907,3.53265301027192,-36126.8377056039,-22547.0817794919,-36125.3680392106,-22545.105815141,-36123.8983728174,-22543.1298507901,1,0,0,0
20140118093043.daq,129,30,1183.66666666667,1,0,right,0.90127156047032,143.473705291748,12,0.000147063807200033,56.1031227111816,65.7529736154393,-2.41697478294373,0.143786907196045,0.244115486741066,3.68114877463841,-36133.4138813311,-22542.1692186899,-36131.9481677625,-22540.1903204717,-36130.4824541938,-22538.2114222534,1,0,0,0
20140118093043.daq,129,30,1183.76666666667,1,0,right,0.934530393608554,143.583610534668,12,0.000130378160898968,56.1188888549805,73.9826008591044,-2.41697478294373,0.144537895917892,0.263098806142807,3.84040211809637,-36140.001682906,-22537.2680829077,-36138.5397679707,-22535.2863767879,-36137.0778530354,-22533.304670668,1,0,0,0
20140118093043.daq,129,30,1183.86666666667,1,0,right,0.968503086744533,143.691150665283,12,0.000113502750338851,56.1346588134766,82.2145441590837,-2.50486493110657,0.145298019051552,0.263098806142807,4.00096606660141,-36146.6011499915,-22532.3785172381,-36145.1429571515,-22530.3940706994,-36143.6847643114,-22528.4096241608,1,0,0,0
20140118093043.daq,129,30,1183.96666666667,1,0,right,0.990228197007724,143.803844451904,12,0.0001,56.1504936218262,90.4488085508201,-2.72458982467651,0.145590111613274,0.225131943821907,4.16604329990578,-36153.2124086699,-22527.5010055178,-36151.7581218115,-22525.5136947327,-36150.303834953,-22523.5263839475,1,0,0,0
20140118093043.daq,129,30,1184.06666666667,1,0,right,0.979361220511777,143.918834686279,12,0.0001,56.1664390563965,98.6854033591226,-2.81247973442078,0.14629465341568,0.244115486741066,4.33135322845808,-36159.8354097731,-22522.6353641702,-36158.3851142905,-22520.6451386964,-36156.9348188079,-22518.6549132226,1,0,0,0
20140118093043.daq,129,30,1184.16666666667,1,0,right,0.979587199958814,144.036247253418,12,0.0001,56.1824607849121,106.924339447418,-2.81247973442078,0.146468758583069,0.225131943821907,4.4994223984095,-36166.4662482162,-22517.7796483833,-36165.0200342174,-22515.7864550929,-36163.5738202185,-22513.7932618025,1,0,0,0
20140118093043.daq,129,30,1184.26666666667,1,0,right,0.93075345292894,144.150024414063,12,0.0001,56.1984367370605,115.165621664637,-2.63669991493225,0.146357282996178,0.225131943821907,4.66329905098993,-36173.1126370389,-22512.9354208621,-36171.6703839444,-22510.9393596319,-36170.2281308498,-22508.9432984017,1,0,0,0
20140118093043.daq,129,30,1184.36666666667,1,0,right,0.922242253352664,144.26208114624,12,0.0001,56.2144012451172,123.409251642632,-2.41697478294373,0.146789625287056,0.225131943821907,4.82395847380333,-36179.7667960326,-22508.10280477,-36178.3284495085,-22506.1039266597,-36176.8901029843,-22504.1050485494,1,0,0,0
20140118093043.daq,129,30,1184.46666666667,1,0,right,0.848732929792362,144.366016387939,12,0.0001,56.2304267883301,131.655227003561,-2.32908487319946,0.146890759468079,0.272590696811676,4.98110340145684,-36186.4325295748,-22503.2794336286,-36184.9978114044,-22501.2779496305,-36183.563093234,-22499.2764656323,1,0,0,0
20140118093043.daq,129,30,1184.56666666667,1,0,right,0.823481270139666,144.467918395996,12,0.0001,56.2464790344238,139.903554787656,-2.32908487319946,0.146777153015137,0.253607153892517,5.12751802990399,-36193.1099373626,-22498.4696060892,-36191.6787811499,-22496.4655735749,-36190.2476249372,-22494.4615410607,1,0,0,0
20140118093043.daq,129,30,1184.66666666667,1,0,right,0.766916608618686,144.567398071289,12,0.0001,56.2624244689941,148.154226462721,-2.28513979911804,0.147052198648453,0.253607153892517,5.27180924343784,-36199.7951076968,-22493.6674374466,-36198.3674331367,-22491.6609231123,-36196.9397585766,-22489.6544087779,1,0,0,0
20140118093043.daq,129,30,1184.76666666667,1,0,right,0.672315780580504,144.663238525391,12,0.0001,56.2784881591797,156.407244406582,-2.0654149055481,0.14683885872364,0.225131943821907,5.40103587096448,-36206.4958348025,-22488.8767550871,-36205.0715185978,-22486.8678554449,-36203.6472023932,-22484.8589558026,1,0,0,0
20140118093043.daq,129,30,1184.86666666667,1,0,right,0.633252320916398,144.745937347412,12,0.0001,56.2945709228516,164.662620461764,-1.53807497024536,0.147023752331734,0.206148609519005,5.52458308276847,-36213.2002530055,-22484.09499124,-36211.7788378624,-22482.0840378804,-36210.3574227194,-22480.0730845208,1,0,0,0
20140118093043.daq,129,30,1184.96666666667,1,0,right,0.521015906455347,144.812282562256,12,0.0001,56.3088226318359,172.920268233676,-0.791009962558746,0.147373750805855,0.310557574033737,5.63010384272728,-36219.9200349004,-22479.3199841661,-36218.500949278,-22477.3073862382,-36217.0818636555,-22475.2947883102,1,0,0,0
20140118093043.daq,129,30,1185.06666666667,1,0,right,0.492236352688536,144.857341766357,12,-0.000105536738403718,56.3227615356445,181.179937070716,-0.351559966802597,0.1477932035923,0.291574031114578,5.72601947999723,-36226.6433891423,-22474.5553201947,-36225.2258867289,-22472.5416068756,-36223.8083843155,-22470.5278935565,0,1,0,1
20140118093043.daq,129,30,1185.16666666667,1,0,right,0.470175481272037,144.891479492188,12,-0.000125328811916193,56.3378143310547,189.441720687479,-0.263669967651367,0.147662580013275,0.225131943821907,5.81158236859462,-36233.3782914285,-22469.7977627538,-36231.9619890686,-22467.783205222,-36230.5456867088,-22465.7686476902,0,1,0,1
20140118093043.daq,129,30,1185.26666666667,1,0,right,0.45090011834165,144.918964385986,12,-0.000145379550541954,56.3539237976074,197.705787816871,-0.0878899917006493,0.147568628191948,0.215640276670456,5.89328185677161,-36240.1169962499,-22465.0436814554,-36238.70166044,-22463.0284447525,-36237.2863246302,-22461.0132080496,0,1,0,1
20140118093043.daq,129,30,1185.36666666667,1,0,right,0.455622769530493,144.918388366699,12,-0.000165690951378994,56.3706550598145,205.972271804072,1.31834995746613,0.122861228883266,0.206148609519005,5.9678602053216,-36246.8669873816,-22460.291691064,-36245.4516313117,-22458.2764685901,-36244.0362752419,-22456.2612461163,0,1,0,1
20140118093043.daq,129,30,1185.46666666667,1,0,right,0.499293239316785,144.874801635742,12,-0.000186263338525436,56.3875999450684,214.241232281405,3.16403985023499,0,0.0542811006307602,6.04547926289474,-36253.6163152392,-22455.5369182896,-36252.1994265349,-22453.5227731054,-36250.7825378306,-22451.5086279212,0,1,0,1
20140118093043.daq,129,30,1185.56666666667,1,0,right,0.605030436732079,144.765167236328,12,-0.000207094989473492,56.4040451049805,222.512643185983,5.00972986221313,0,0.168181732296944,6.12474021218877,-36260.3685213573,-22450.7778751233,-36258.9477812202,-22448.7664448147,-36257.5270410831,-22446.7550145061,0,1,0,1
20140118093043.daq,129,30,1185.66666666667,1,0,right,0.770883606040428,144.591327667236,12,-0.00022818174569924,56.4197959899902,230.786415325711,6.45991468429565,0,0.177673399448395,6.21310886140542,-36267.1197040257,-22446.0068740234,-36265.6928676113,-22443.9997635955,-36264.2660311969,-22441.9926531675,0,1,0,1
20140118093043.daq,129,30,1185.76666666667,1,0,right,0.989539570282147,144.360622406006,12,-0.000249517130190964,56.4300231933594,239.062304203384,7.55853986740112,0,11.8145227432251,6.31702564243336,-36273.8660369011,-22441.2185386033,-36272.4311303119,-22439.2171896823,-36270.9962237227,-22437.2158407613,0,1,0,1
20140118093043.daq,129,30,1185.86666666667,1,0,right,1.25949533196814,144.074554443359,12,-0.000271093076901469,56.4013404846191,247.337266378774,8.70110988616943,0,17.5190467834473,6.44564508447474,-36280.5957815116,-22436.4090706817,-36279.1509004581,-22434.4149109176,-36277.7060194047,-22432.4207511535,0,1,0,1
20140118093043.daq,129,30,1185.96666666667,1,0,right,1.57777942543382,143.751094818115,12,-0.000292901425592398,56.296329498291,255.602850519252,9.18450450897217,0,18.6770343780518,6.60222223321288,-36287.3013724851,-22431.5796409036,-36285.8452566161,-22429.5936698567,-36284.389140747,-22427.6076988097,0,1,0,1
20140118093043.daq,129,30,1186.06666666667,1,0,right,1.92115863930047,143.400257110596,12,-0.000314936329054161,56.0915412902832,263.845855033811,8.1298246383667,0,17.927188873291,6.79770443771206,-36293.9712217895,-22426.7269976796,-36292.5029726513,-22424.7499800035,-36291.0347235132,-22422.7729623274,0,1,0,1
20140118093043.daq,129,30,1186.16666666667,1,0,right,2.19303976865785,143.085552215576,12,-0.000337196999647495,55.7874069213867,272.05142112152,5.40523481369019,0,16.5508899688721,7.03366984192875,-36300.5829708048,-22421.8610846768,-36299.1038848294,-22419.8921613413,-36297.624798854,-22417.9232380059,0,1,0,1
20140118093043.daq,129,30,1186.26666666667,1,0,right,2.34600636644703,142.833499908447,12,-0.000359689816695006,55.4040069580078,280.206202236775,2.50486493110657,0,13.560998916626,7.30029255144443,-36307.1254100287,-22416.9953106132,-36305.6376768185,-22415.0329130187,-36304.1499436084,-22413.0705154242,0,1,0,1
20140118093043.daq,129,30,1186.36666666667,1,0,right,2.36769972124856,142.671730041504,12,-0.000382429162159551,54.9902877807617,288.301696506358,0.26366999745369,0,9.35616683959961,7.58115309710452,-36313.5951819015,-22412.1411962869,-36312.1019139623,-22410.1830069996,-36310.608646023,-22408.2248177123,0,1,0,1
20140118093043.daq,129,30,1186.46666666667,1,0,right,2.3211979515294,142.587978363037,12,-0.000405436345615261,54.6175651550293,296.338885602439,-1.18651497364044,0,9.17582416534424,7.8698767852894,-36319.9960208549,-22407.3018492918,-36318.4998921434,-22405.345844869,-36317.0037634319,-22403.3898404461,0,1,0,1
20140118093043.daq,129,30,1186.56666666667,1,0,right,2.11024740831928,142.570056915283,12,-0.000428737479696557,54.3084182739258,304.326091895127,-1.71385490894318,0,9.65040969848633,8.15678180226256,-36326.3394478357,-22402.4764833175,-36324.8427073822,-22400.5209469618,-36323.3459669286,-22398.5654106062,0,1,0,1
20140118093043.daq,129,30,1186.66666666667,1,0,right,1.90728367508024,142.588306427002,12,-0.000452361157046326,54.048713684082,312.271841782102,-1.45018494129181,0,9.96363639831543,8.43566712931812,-36332.6366517646,-22397.6631984184,-36331.1405342528,-22395.7071854291,-36329.644416741,-22393.7511724398,0,1,0,1
20140118093043.daq,129,30,1186.76666666667,1,0,right,1.67893094935894,142.606544494629,12,-0.000476335895735834,53.813304901123,320.181650344733,-0.615229964256287,0,10.2578792572021,8.68963994247517,-36338.8986988655,-22392.8635847664,-36337.4032040564,-22390.9070956405,-36335.9077092474,-22388.9506065147,0,1,0,1
20140118093043.daq,129,30,1186.86666666667,1,0,right,1.41192271007702,142.603328704834,12,-0.000500687366984845,53.5733680725098,328.056821101985,0.703119993209839,0,10.5711069107056,8.9111211471403,-36345.1330159967,-22388.0801757595,-36343.6374113799,-22386.123770573,-36342.141806763,-22384.1673653866,0,1,0,1
20140118093043.daq,129,30,1186.96666666667,1,0,right,1.11500021450939,142.568424224854,12,-0.000525436289225444,53.3229713439941,335.896045173096,1.7577999830246,0,10.6470403671265,9.1020272740051,-36351.33551214,-22383.3123163074,-36349.8387159624,-22381.3568226034,-36348.3419197849,-22379.4013288994,0,1,0,1
20140118093043.daq,129,30,1187.06666666667,1,0,right,0.798879296361719,142.502468109131,12,-0.000550597566264635,53.0607032775879,343.697657235505,2.32908487319946,0,10.6375494003296,9.24505710147442,-36357.5140076256,-22378.5659075954,-36356.014961371,-22376.6121382257,-36354.5159151164,-22374.658368856,0,1,0,1
20140118093043.daq,129,30,1187.16666666667,1,0,right,0.601665314011825,142.411437988281,12,-0.00057618024611425,52.7932624816895,351.460288403177,2.81247997283936,0,10.8273830413818,9.3524471486642,-36363.6529794729,-22373.8354745238,-36362.150831011,-22371.8840892666,-36360.6486825491,-22369.9327040095,0,1,0,1
20140118093043.daq,129,30,1187.26666666667,1,0,right,0.319833473823365,142.293628692627,12,-0.000602188041474865,52.523796081543,359.183598552729,3.8232147693634,0,10.7989082336426,9.41721395470055,-36369.756295015,-22369.1228634035,-36368.2501373708,-22367.174570927,-36366.7439797266,-22365.2262784504,0,1,0,1
20140118093043.daq,129,30,1187.36666666667,1,0,right,0.0565830457076402,142.13591003418,12,-0.000628619522058114,52.2519454956055,366.867161352595,5.14156484603882,0,10.609073638916,9.44175336584241,-36375.8237006413,-22364.4233323492,-36374.3121856263,-22362.4791932639,-36372.8006706114,-22360.5350541787,0,1,0,1
20140118093043.daq,129,30,1187.46666666667,1,0,right,-0.155668719560111,141.944744110107,12,-0.000655468405817191,51.9839935302734,374.511100869699,5.80073976516724,0,10.5521230697632,9.42710773964433,-36381.8435776362,-22359.7314404872,-36380.3255844753,-22357.7923553455,-36378.8075913144,-22355.8532702037,0,1,1,1
20140118093043.daq,129,30,1187.56666666667,1,0,right,-0.426780418276792,141.726276397705,12,-0.000682724259521303,51.7184600830078,382.115954680921,6.19624471664429,0,10.8083992004395,9.37819057843933,-36387.8238337983,-22355.0436796437,-36386.2984579956,-22353.1103966629,-36384.773082193,-22351.177113682,0,1,1,1
20140118093043.daq,129,30,1187.66666666667,1,0,right,-0.69376805990143,141.487758636475,12,-0.000710373201173588,51.4498443603516,389.68170814628,6.76752948760986,0,10.8558578491211,9.29126809447411,-36393.7567763248,-22350.3605175447,-36392.2233656598,-22348.4336013151,-36390.6899549948,-22346.5066850855,0,1,1,1
20140118093043.daq,129,30,1187.76666666667,1,0,right,-0.933238640256775,141.211620330811,12,-0.000738397953463491,51.1777610778809,397.20772759644,8.21771430969238,0,10.5805988311768,9.17110795461346,-36399.6381398229,-22345.6749829324,-36398.0954601863,-22343.7554793605,-36396.5527805498,-22341.8359757887,0,1,1,1
20140118093043.daq,129,30,1187.86666666667,1,0,right,-1.17143631267547,140.900566101074,12,-0.000766777791634195,50.9087066650391,404.694067535107,9.22844982147217,0,10.6470403671265,9.0179880915862,-36405.4718498721,-22340.9872584051,-36403.9187721883,-22339.076158164,-36402.3656945045,-22337.165057923,0,1,1,1
20140118093043.daq,129,30,1187.96666666667,1,0,right,-1.40514958241772,140.547222137451,12,-0.000795488425656774,50.6404838562012,412.141021508112,10.151294708252,0,10.836874961853,8.82940136504852,-36411.2499085112,-22336.2929824915,-36409.6850746504,-22334.3914963854,-36408.1202407897,-22332.4900102793,0,1,1,1
20140118093043.daq,129,30,1188.06666666667,1,0,right,-1.56471701101833,140.143383026123,12,-0.000824502060674306,50.3695373535156,419.548499157856,11.8212041854858,0,10.7324657440186,8.61280516614601,-36416.9720963673,-22331.5877470135,-36415.3938992003,-22329.6973375008,-36413.8157020334,-22327.8069279882,0,1,1,1
20140118093043.daq,129,30,1188.16666666667,1,0,right,-1.71621079497424,139.688301086426,12,-0.000853787862726536,50.0970344543457,426.91602006866,12.9637746810913,0,10.7419576644897,8.3686995541576,-36422.6344241933,-22326.8676217921,-36421.0412620507,-22324.9898068889,-36419.448099908,-22323.1119919857,0,1,1,1
20140118093043.daq,129,30,1188.26666666667,1,0,right,-1.82122354207985,139.192325592041,12,-0.000883312121269104,49.8276672363281,434.243801043049,13.491114616394,0,10.4951734542847,8.10410103403502,-36428.2292284564,-22322.1313314656,-36426.6198710798,-22320.2673778026,-36425.0105137033,-22318.4034241395,0,1,1,1
20140118093043.daq,129,30,1188.36666666667,1,0,right,-2.00114510004806,138.67130279541,12,-0.000913038538041092,49.5634918212891,441.532413926587,13.447169303894,0,10.1724548339844,7.81418336763991,-36433.756797353,-22317.3720812415,-36432.1305567702,-22315.5228392372,-36430.5043161874,-22313.6735972329,0,1,1,1
20140118093043.daq,129,30,1188.46666666667,1,0,right,-2.14892090923072,138.138023376465,12,-0.000942928580081509,49.3084373474121,448.782919232981,13.6229496002197,0,10.0300788879395,7.50551417043878,-36439.2173823076,-22312.5906873459,-36437.5740006267,-22310.7566614261,-36435.9306189457,-22308.9226355064,0,1,1,1
20140118093043.daq,129,30,1188.56666666667,1,0,right,-2.31493391781135,137.578029632568,12,-0.000972940745029917,49.0599098205566,455.996560895466,15.0291891098022,0,10.0300788879395,7.17509016798083,-36444.606716556,-22307.7843079921,-36442.9454883699,-22305.9664313908,-36441.2842601839,-22304.1485547896,0,1,1,1
20140118093043.daq,129,30,1188.66666666667,1,0,right,-2.36414282477506,136.973472595215,12,-0.00100302958692206,48.8172721862793,463.174186961274,17.2264385223389,0,9.89719390869141,6.83260505303152,-36449.9204146781,-22302.9479527081,-36448.2400979784,-22301.1477054439,-36446.5597812787,-22299.3474581797,0,1,1,1
20140118093043.daq,129,30,1188.76666666667,1,0,right,-2.35170239969952,136.304458618164,12,-0.00103314452798721,48.5796089172363,470.316579038263,19.2479095458984,0,9.9066858291626,6.47623871952322,-36455.1618015963,-22298.080432626,-36453.4605793395,-22296.2999278503,-36451.7593570827,-22294.5194230745,0,1,1,1
20140118093043.daq,129,30,1188.86666666667,1,0,right,-2.30083893628816,135.559204101563,12,-0.00106322868447676,48.3451461791992,477.424395133537,21.7967185974121,0,9.80227756500244,6.12316315398412,-36460.322624629,-22293.1713205339,-36458.5983876506,-22291.4130937949,-36456.8741506722,-22289.6548670559,0,1,1,1
20140118093043.daq,129,30,1188.96666666667,1,0,right,-2.198449820778,134.736022949219,12,-0.00109321881541536,48.1126403808594,484.497971127712,23.4226837158203,0,9.81176853179932,5.77040140412728,-36465.4026592408,-22288.2205968313,-36463.6533402515,-22286.4873231954,-36461.9040212621,-22284.7540495595,0,1,1,1
20140118093043.daq,129,30,1189.06666666667,1,0,right,-1.98102224417721,133.853149414063,12,-0.00112304619385942,47.880916595459,491.53751030218,24.4334182739258,0,9.93516159057617,5.43176541721101,-36470.3943941876,-22283.2216511781,-36468.6185758289,-22281.5155375886,-36466.8427574702,-22279.8094239991,0,0,1,0
20140118093043.daq,129,30,1189.16666666667,1,0,right,-1.70684558127354,132.910305023193,12,-0.00115263751019779,47.6440315246582,498.542823456039,26.3230533599854,0,10.4382228851318,5.1161866148802,-36475.2898471222,-22278.1745543282,-36473.4861951034,-22276.4978928184,-36471.6825430846,-22274.8212313085,0,0,1,0
20140118093043.daq,129,30,1189.26666666667,1,0,right,-1.41952995873646,131.915496826172,12,-0.00118191635086341,47.3928337097168,505.512398333914,27.5974578857422,0,10.3717803955078,4.82630848512235,-36480.0812709137,-22273.0759754724,-36478.2487808829,-22271.4308813382,-36476.416290852,-22269.785787204,0,0,1,0
20140118093043.daq,129,30,1189.36666666667,1,0,right,-1.05814997587521,130.895519256592,12,-0.00121080589204922,47.1311378479004,512.444215082869,26.5427780151367,0,9.92566967010498,4.56893759476098,-36484.7654267916,-22267.92759291,-36482.9039427559,-22266.3153796462,-36481.0424587201,-22264.7031663824,0,0,1,0
20140118093043.daq,129,30,1189.46666666667,1,0,right,-0.66992241486949,129.889678955078,12,-0.00123923349852304,46.8712844848633,519.337662972772,24.5213088989258,0,9.63142681121826,4.35877500854737,-36489.3317706973,-22262.7259055596,-36487.4422721829,-22261.1466178127,-36485.5527736684,-22259.5673300658,0,0,1,0
20140118093043.daq,129,30,1189.56666666667,1,0,right,-0.370363707081054,128.921276092529,12,-0.00126713582046035,46.6196365356445,526.193524730377,23.862133026123,0,8.16020965576172,4.18231079976492,-36493.7850228327,-22257.4781178868,-36491.8691026359,-22255.9309901536,-36489.953182439,-22254.3838624204,0,0,1,0
20140118093043.daq,129,30,1189.66666666667,1,0,right,-0.10891441371902,127.981136322021,12,-0.00129445168175952,46.3942985534668,533.014082236507,23.6863536834717,0,3.80351042747498,4.04544580165866,-36498.1210883721,-22252.1836583553,-36496.1800411312,-22250.6681749236,-36494.2389938902,-22249.1526914918,0,0,1,0
20140118093043.daq,129,30,1189.76666666667,1,0,right,0.133800825658398,127.078456878662,12,-0.00132111594010652,46.2272872924805,539.805538325949,22.4998397827148,0,1.7343156337738,3.95084552185087,-36502.3481855718,-22246.8371591675,-36500.3835041788,-22245.352443219,-36498.4188227859,-22243.8677272706,0,0,1,0
20140118093043.daq,129,30,1189.86666666667,1,0,right,0.357493321611003,126.223731994629,12,-0.00134707286266209,46.126163482666,546.577412071725,21.3572692871094,0,1.81024944782257,3.89226832170423,-36506.4707001991,-22241.4391642146,-36504.4840895921,-22239.9839210324,-36502.497478985,-22238.5286778501,0,0,1,0
20140118093043.daq,129,30,1189.96666666667,1,0,right,0.440419821636937,125.414611816406,12,-0.00137227632145911,46.0736389160156,553.338347877288,21.3572692871094,0,2.54111170768738,3.86791168880813,-36510.4964880482,-22235.9836188214,-36508.4895255419,-22234.5565743504,-36506.4825630357,-22233.1295298795,0,0,1,0
20140118093043.daq,129,30,1190.06666666667,1,0,right,0.633993350013384,124.630279541016,12,-0.00139668602567971,46.0468597412109,560.093635862358,21.6209392547607,0,3.15807366371155,3.86630406920181,-36514.4405208973,-22230.4732170999,-36512.4142119748,-22229.0737791506,-36510.3879030522,-22227.6743412014,0,0,1,0
20140118093043.daq,129,30,1190.16666666667,1,0,right,0.737039698520192,123.865650177002,12,-0.00142026313701433,46.0347518920898,566.846196332684,21.137544631958,0,3.66113471984863,3.88329366210459,-36518.302669479,-22224.9076511798,-36516.2578656287,-22223.5353787443,-36514.2130617784,-22222.1631063088,0,0,1,0
20140118093043.daq,129,30,1190.26666666667,1,0,right,0.832319270171354,123.128108978271,12,-0.00144296713503993,46.0282135009766,573.597484242549,20.2146987915039,0,4.45843935012817,3.91212788762788,-36522.0910777991,-22219.2931600041,-36520.0287792407,-22217.9473223173,-36517.9664806822,-22216.6014846304,0,0,1,0
20140118093043.daq,129,30,1190.36666666667,1,0,right,0.871416873701804,122.412593841553,12,-0.00146475427115945,46.0204658508301,580.347775000992,19.8191947937012,0,5.3032021522522,3.95400992223452,-36525.8056102739,-22213.6313909423,-36523.7266660117,-22212.3114117083,-36521.6477217495,-22210.9914324744,0,0,1,0
20140118093043.daq,129,30,1190.46666666667,1,0,right,0.973116303693573,121.708581924438,12,-0.00148557813448243,46.008903503418,587.096656217094,19.8631381988525,0,5.55947875976563,4.00237287959302,-36529.4458987306,-22207.9256625173,-36527.3508927973,-22206.6313269492,-36525.2558868639,-22205.3369913812,0,0,1,0
20140118093043.daq,129,30,1190.56666666667,1,0,right,1.02547623757275,121.007431030273,12,-0.00150539073267776,45.990535736084,593.843387312343,19.9949741363525,0,5.63541269302368,4.05915175312583,-36533.0155281185,-22202.1755065315,-36530.9048401548,-22200.9069046463,-36528.794152191,-22199.6383027611,0,0,1,0
20140118093043.daq,129,30,1190.66666666667,1,0,right,1.00819332083339,120.300025939941,12,-0.00152414451384025,45.9648399353027,600.58684972598,20.1707534790039,0,5.35066080093384,4.1236390174908,-36536.51022876,-22196.3823998065,-36534.3840392119,-22195.1399536592,-36532.2578496638,-22193.897507512,0,0,1,0
20140118093043.daq,129,30,1190.76666666667,1,0,right,1.10167042775517,119.586091995239,12,-0.00154179436264848,45.9383201599121,607.32642787887,20.3904781341553,0,5.67337942123413,4.19415148081186,-36539.9338876645,-22190.5522025542,-36537.7923820775,-22189.3363455543,-36535.6508764905,-22188.1204885543,0,0,1,0
20140118093043.daq,129,30,1190.86666666667,1,0,right,1.20126067694127,118.870615005493,12,-0.00155829938886011,45.907470703125,614.061947163456,20.3465347290039,0,5.99609756469727,4.27476445584558,-36543.2788948028,-22184.6812804614,-36541.1223736488,-22183.4922594625,-36538.9658524948,-22182.3032384636,0,0,1,0
20140118093043.daq,129,30,1190.96666666667,1,0,right,1.1902766177046,118.163829803467,12,-0.00157362415393152,45.8639106750488,620.791986987475,19.5115795135498,0,5.54049491882324,4.35685853907911,-36546.5535032046,-22178.7740682538,-36544.3824790589,-22177.6117393061,-36542.2114549133,-22176.4494103585,0,0,1,0
20140118093043.daq,129,30,1191.06666666667,1,0,right,1.27951332938513,117.504108428955,12,-0.00158773894942749,45.8179397583008,627.515278986641,17.0946044921875,0,4.7147159576416,4.44584887023926,-36549.7476832308,-22172.8363951691,-36547.5634198798,-22171.6991405639,-36545.3791565288,-22170.5618859587,0,0,1,0
20140118093043.daq,129,30,1191.16666666667,1,0,right,1.18409026447057,116.92113494873,12,-0.00160061998834834,45.7767562866211,634.232175686397,14.1063442230225,0,0.918027639389038,4.53393523687437,-36552.8745451162,-22166.8696763209,-36550.6788236829,-22165.7547046573,-36548.4831022497,-22164.6397329936,0,0,1,0
20140118093043.daq,129,30,1191.26666666667,1,0,right,1.10817077757498,116.410612106323,12,-0.00161224829951785,45.738655090332,640.943314392731,12.6561594009399,0,0.187165051698685,4.61812399101052,-36555.9340181567,-22160.8775059295,-36553.7284492803,-22159.782142814,-36551.5228804038,-22158.6867796985,0,0,1,0
20140118093043.daq,129,30,1191.36666666667,1,0,right,0.886702545626747,115.936374664307,12,-0.00162260850510437,45.7001266479492,647.648870599049,12.9637746810913,0,0.253607153892517,4.69299026502037,-36558.9284864848,-22154.8619292718,-36556.7139269362,-22153.7848589728,-36554.4993673875,-22152.7077886739,0,0,1,0
20140118093043.daq,129,30,1191.46666666667,1,0,right,0.740649971969063,115.464405059814,12,-0.00163168726582444,45.6591835021973,654.348607407897,13.8426742553711,0.122165940701962,0.263098806142807,4.75193027907611,-36561.8681769993,-22148.8271078635,-36559.644820401,-22147.7683161654,-36557.4214638026,-22146.7095244673,0,0,1,0
20140118093043.daq,129,30,1191.56666666667,1,0,right,0.526381258418866,114.97484588623,12,-0.00163947091317814,45.6149826049805,661.042100679057,14.7215747833252,0.145142108201981,0.225131943821907,4.79400364602895,-36564.7482816277,-22142.7720799777,-36562.515959539,-22141.7323239893,-36560.2836374502,-22140.6925680009,0,0,1,0
20140118093043.daq,129,30,1191.66666666667,1,0,right,0.363789556840814,114.462139129639,12,-0.0016459435598671,45.5670738220215,667.728835588307,15.600474357605,0.153471037745476,0.272590696811676,4.81428122043457,-36567.5802428306,-22136.696601231,-36565.3387060668,-22135.6768623624,-36563.097169303,-22134.6571234938,0,0,1,0
20140118093043.daq,129,30,1191.76666666667,1,0,right,0.321561009631893,113.916122436523,12,-0.00165108619625398,45.5149002075195,674.408237912183,16.9627685546875,0.156256169080734,0.244115486741066,4.82304644746544,-36570.3518411023,-22130.600219098,-36568.1006883732,-22129.601887583,-36565.8495356442,-22128.603556068,0,0,1,0
20140118093043.daq,129,30,1191.86666666667,1,0,right,0.232802818835225,113.324689865112,12,-0.00165487673036524,45.4583702087402,681.079683352873,18.7645130157471,0.156410157680511,0.263098806142807,4.8139226217105,-36573.0663705163,-22124.4843636271,-36570.8050326797,-22123.5093222883,-36568.5436948432,-22122.5342809494,0,0,1,0
20140118093043.daq,129,30,1191.96666666667,1,0,right,0.290845749080404,112.680288314819,12,-0.00165729135454815,45.3973731994629,687.742514649261,20.5223140716553,0.156014978885651,0.272590696811676,4.80402286853576,-36575.7116897904,-22118.3487522755,-36573.4395289852,-22117.3992051735,-36571.1673681801,-22116.4496580715,0,0,1,0
20140118093043.daq,129,30,1192.06666666667,1,0,right,0.329846002395016,111.989284515381,12,-0.00165830646307081,45.3319282531738,694.396069598093,21.3133239746094,0.155501648783684,0.225131943821907,4.78892703128677,-36578.2919316748,-22112.1898595525,-36576.008484574,-22111.267783763,-36573.7250374733,-22110.3457079735,0,0,1,0
20140118093043.daq,129,30,1192.16666666667,1,0,right,0.364449955659481,111.281419754028,12,-0.00165790148679997,45.2624588012695,701.039720870918,20.8738746643066,0.154958322644234,0.263098806142807,4.77404774414701,-36580.7967517539,-22106.0091187111,-36578.5020873576,-22105.1153235826,-36576.2074229613,-22104.221528454,0,0,1,0
20140118093043.daq,129,30,1192.26666666667,1,0,right,0.375162084448377,110.575845718384,12,-0.00165606266156695,45.1893730163574,707.67290659975,20.4344234466553,0.154611349105835,0.263098806142807,4.76272096581175,-36583.2231630914,-22099.8093745933,-36580.9176662425,-22098.9439043726,-36578.6121693935,-22098.0784341519,0,0,1,0
20140118093043.daq,129,30,1192.36666666667,1,0,right,0.466107554205152,109.87557220459,12,-0.00165278555919372,45.112720489502,714.295106971578,20.4344234466553,0.154074311256409,0.253607153892517,4.76358836590287,-36585.5674182346,-22093.5888075645,-36583.2515159985,-22092.7515792465,-36580.9356137625,-22091.9143509285,0,0,1,0
20140118093043.daq,129,30,1192.46666666667,1,0,right,0.524068784764651,109.178243637085,12,-0.00164807567081959,45.0332527160645,720.905845160829,20.4344234466553,0.153833866119385,0.244115486741066,4.76946520996078,-36587.8333187931,-22087.3531695159,-36585.507398691,-22086.5441886125,-36583.1814785889,-22085.7352077091,0,0,1,0
20140118093043.daq,129,30,1192.56666666667,1,0,right,0.557285682456836,108.483190536499,12,-0.00164194774576463,44.9516105651855,727.504782023199,20.4344234466553,0.15363222360611,0.225131943821907,4.78291422075542,-36590.0169343792,-22081.100477746,-36587.6813719382,-22080.3197713304,-36585.3458094971,-22079.5390649147,0,0,1,0
20140118093043.daq,129,30,1192.66666666667,1,0,right,0.715617891283955,107.788496017456,12,-0.00163442446050195,44.8678245544434,734.091580838867,20.6102046966553,0.153206318616867,0.225131943821907,4.80040983204822,-36592.1220816046,-22074.8326045533,-36589.7772252309,-22074.0802728379,-36587.4323688572,-22073.3279411224,0,0,1,0
20140118093043.daq,129,30,1192.76666666667,1,0,right,0.711242593583378,107.091346740723,12,-0.00162553483713816,44.7842102050781,740.666070450403,21.1814880371094,0.152564451098442,0.206148609519005,4.83344468651514,-36594.1447141555,-22068.5513895416,-36591.7908775487,-22067.8276439703,-36589.4370409419,-22067.103898399,0,0,1,0
20140118093043.daq,129,30,1192.86666666667,1,0,right,0.773395025082081,106.379661560059,12,-0.00161531285897147,44.7016448974609,747.228366765601,21.7527732849121,0.152116194367409,0.225131943821907,4.87232253968822,-36596.0842011827,-22062.2563461239,-36593.721556564,-22061.5618932246,-36591.3589119454,-22060.8674403253,0,0,1,0
20140118093043.daq,129,30,1192.96666666667,1,0,right,0.861187772102767,105.664863586426,12,-0.00160379673633093,44.6200332641602,753.778632829155,21.6648845672607,0.151929438114166,0.206148609519005,4.9151115417007,-36597.9489423803,-22055.9460148634,-36595.5778181437,-22055.2810905986,-36593.206693907,-22054.6161663339,0,0,1,0
20140118093043.daq,129,30,1193.06666666667,1,0,right,0.927056065024345,104.952220916748,12,-0.00159102779285593,44.5383644104004,760.316937225289,21.2693786621094,0.151924014091492,0.234623834490776,4.96754203788649,-36599.7314074597,-22049.6245217707,-36597.3521965417,-22048.9891401285,-36594.9729856238,-22048.3537584863,0,0,1,0
20140118093043.daq,129,30,1193.16666666667,1,0,right,1.03139482817667,104.245998382568,12,-0.00157704952565771,44.4558296203613,766.843204049772,21.1814880371094,0.152361914515495,0.225131943821907,5.02522067382642,-36601.4318351281,-22043.2959397057,-36599.0449734846,-22042.6899315224,-36596.6581118411,-22042.0839233391,0,0,1,0
20140118093043.daq,129,30,1193.26666666667,1,0,right,1.09621883125108,103.546421051025,12,-0.00156190655184726,44.3724670410156,773.357299491268,21.1814880371094,0.152083784341812,0.206148609519005,5.09046144963643,-36603.0541589566,-22036.956362555,-36600.660076098,-22036.379542228,-36598.2659932394,-22035.8027219009,0,0,1,0
20140118093043.daq,129,30,1193.36666666667,1,0,right,1.19935110237446,102.847319602966,12,-0.00154564382100448,44.2888832092285,779.859145081267,21.1814880371094,0.152287036180496,0.206148609519005,5.16548614688055,-36604.5941498217,-22030.6114079122,-36602.1932072069,-22030.0638414925,-36599.7922645922,-22029.5162750727,0,0,1,0
20140118093043.daq,129,30,1193.46666666667,1,0,right,1.2135349815016,102.147860527039,12,-0.0015283067953615,44.205623626709,786.348752335907,21.1814880371094,0.152198016643524,0.177673399448395,5.25102047715707,-36606.0517680245,-22024.2590947903,-36603.6443198659,-22023.740878825,-36601.2368717072,-22023.2226628598,0,0,1,0
20140118093043.daq,129,30,1193.56666666667,1,0,right,1.29839093776592,101.447682380676,12,-0.0015099412549305,44.1230697631836,792.826196040405,21.137544631958,0.15214005112648,0.215640276670456,5.3454804642191,-36607.4269986834,-22017.9013677886,-36605.0133976288,-22017.4126097985,-36602.5997965742,-22016.9238518085,0,0,1,0
20140118093043.daq,129,30,1193.66666666667,1,0,right,1.39068142860121,100.748340606689,12,-0.00149059310007146,44.0412101745605,799.291585435189,21.005708694458,0.151971653103828,0.225131943821907,5.44790575520863,-36608.7238401768,-22011.5402408239,-36606.3044533693,-22011.0809784817,-36603.8850665618,-22010.6217161395,0,0,1,0
20140118093043.daq,129,30,1193.76666666667,1,0,right,1.48827444578075,100.061861991882,12,-0.00147030843060366,43.9599647521973,805.74501437477,20.3904781341553,0.151686519384384,0.215640276670456,5.55785645706551,-36609.9390733001,-22005.1741837049,-36607.5143577104,-22004.7439410612,-36605.0896421207,-22004.3136984174,0,0,1,0
20140118093043.daq,129,30,1193.86666666667,1,0,right,1.53702949991538,99.4018068313599,12,-0.00144913347142488,43.8792877197266,812.186566409669,19.2479095458984,0.151626110076904,0.225131943821907,5.67526637611553,-36611.0773984563,-21998.8075458047,-36608.647887417,-21998.4052641451,-36606.2183763778,-21998.0029824856,0,0,1,0
20140118093043.daq,129,30,1193.96666666667,1,0,right,1.47890207709258,98.7803058624268,12,-0.00142711545187223,43.7992515563965,818.616332596925,17.7098331451416,0.151583179831505,0.206148609519005,5.79604085252925,-36612.1395476125,-21992.44068743,-36609.7058159437,-21992.0647824051,-36607.2720842749,-21991.6888773803,0,1,1,1
20140118093043.daq,129,30,1194.06666666667,1,0,right,1.37968929888308,98.2017269134521,12,-0.00140430467783003,43.7198829650879,825.034409588479,16.4793739318848,0.151651531457901,0.225131943821907,5.9156819226232,-36613.1297257486,-21986.0756373107,-36610.6923222998,-21985.7243271182,-36608.254918851,-21985.3730169257,0,1,1,1
20140118093043.daq,129,30,1194.16666666667,1,0,right,1.30959009721393,97.6635527610779,12,-0.00138075697330999,43.6412773132324,831.440899444686,15.2049694061279,0.151514008641243,0.168181732296944,6.03003395727314,-36614.0556463619,-21979.7141937385,-36611.6150506577,-21979.3857930202,-36609.1744549534,-21979.0573923019,0,1,1,1
20140118093043.daq,129,30,1194.26666666667,1,0,right,1.21596676578838,97.1683492660522,12,-0.00135653594561671,43.5635032653809,837.835919844947,13.8426742553711,0.151820451021194,0.196656957268715,6.13992924376979,-36614.9135928429,-21973.3563748412,-36612.470249985,-21973.0490800274,-36610.0269071272,-21972.7417852135,0,1,1,1
20140118093043.daq,129,30,1194.36666666667,1,0,right,1.04407718183108,96.7128777503967,12,-0.00133171399349121,43.4865913391113,844.219597327319,12.7440490722656,0.151894554495811,0.168181732296944,6.23840286795738,-36615.7151327199,-21967.0059208705,-36613.2694242567,-21966.718058861,-36610.8237157935,-21966.4301968515,0,1,1,1
20140118093043.daq,129,30,1194.46666666667,1,0,right,0.812446086963178,96.2890205383301,12,-0.00130637077317524,43.4101676940918,850.592037635433,12.1288194656372,0.151715725660324,0.206148609519005,6.32192275173701,-36616.4598211808,-21960.6605709735,-36614.0120501408,-21960.3908093028,-36611.5642791007,-21960.121047632,0,1,1,1
20140118093043.daq,129,30,1194.56666666667,1,0,right,0.639957489761358,95.8798809051514,12,-0.0012805893099717,43.33154296875,856.953079962492,12.0848741531372,0.151412069797516,0.244115486741066,6.38671859854756,-36617.1544981826,-21954.3236706939,-36614.7048632432,-21954.0713948783,-36612.2552283038,-21953.8191190627,0,1,1,1
20140118093043.daq,129,30,1194.66666666667,1,0,right,0.451231839496387,95.4843521118164,12,-0.00125445005561892,43.2539482116699,863.302681740592,12.0409297943115,0.151402518153191,0.168181732296944,6.42411561058101,-36617.8069217536,-21947.9951685082,-36615.3556036663,-21947.7598090846,-36612.904285579,-21947.524449661,0,1,1,1
20140118093043.daq,129,30,1194.76666666667,1,0,right,0.317338466620114,95.1091551780701,12,-0.0012280258157216,43.1777839660645,869.641007226775,11.5575342178345,0.151486754417419,0.168181732296944,6.44787348931519,-36618.4135943323,-21941.6732967607,-36615.9607875816,-21941.4539945336,-36613.5079808308,-21941.2346923065,0,1,1,1
20140118093043.daq,129,30,1194.86666666667,1,0,right,0.0797215624057657,94.7481393814087,12,-0.00120137959731882,43.1027221679688,875.968248699151,11.0301942825317,0.151563808321953,0.196656957268715,6.44585327252234,-36618.981975197,-21935.3578500965,-36616.5278353408,-21935.1540070455,-36614.0736954845,-21934.9501639946,0,1,1,1
20140118093043.daq,129,30,1194.96666666667,1,0,right,0.0021372740007024,94.4013447761536,12,-0.00117456649012635,43.0281562805176,882.284526774485,10.5907440185547,0.151758104562759,0.187165051698685,6.43785465180745,-36619.5042630827,-21929.0507673038,-36617.0489343855,-21928.8617820873,-36614.5936056883,-21928.6727968707,0,1,1,1
20140118093043.daq,129,30,1195.06666666667,1,0,right,-0.0853570279160607,94.0745239257813,12,-0.00114763819357992,42.9534797668457,888.589862293811,9.7557897567749,0.151728972792625,0.253607153892517,6.40654634101941,-36619.9925296242,-21922.75024654,-36617.5361628864,-21922.5752697622,-36615.0797961486,-21922.4002929844,0,1,1,1
20140118093043.daq,129,30,1195.16666666667,1,0,right,-0.228813294297851,93.7855758666992,12,-0.00112064589066957,42.878589630127,894.884229007686,7.82220983505249,0.152913168072701,0.253607153892517,6.36379635457866,-36620.4439537854,-21916.4606858589,-36617.9867358629,-21916.2980989444,-36615.5295179404,-21916.1355120299,0,1,1,1
20140118093043.daq,129,30,1195.26666666667,1,0,right,-0.42967212404055,93.5488488674164,12,-0.0010936411096764,42.8037643432617,901.167610924007,5.88862991333008,0.16171669960022,0.225131943821907,6.30429018714015,-36620.8633218744,-21910.1824579621,-36618.4054531722,-21910.0300248091,-36615.94758447,-21909.8775916562,0,1,1,1
20140118093043.daq,129,30,1195.36666666667,1,0,right,-0.615920630712154,93.3745746612549,12,-0.00106667509187993,42.7303771972656,907.440098120715,3.95504975318909,0.164667785167694,0.215640276670456,6.23120656754292,-36621.255175204,-21903.9158123435,-36618.7968542226,-21903.7708558818,-36616.3385332411,-21903.6258994202,0,1,1,1
20140118093043.daq,129,30,1195.46666666667,1,0,right,-0.838281488241535,93.2447183132172,12,-0.00103979700658072,42.6601676940918,913.702040372416,3.42770981788635,0.166632473468781,0.225131943821907,6.13832419663602,-36621.6223487954,-21897.6602088357,-36619.1637055957,-21897.5208243314,-36616.705062396,-21897.3814398272,0,1,1,1
20140118093043.daq,129,30,1195.56666666667,1,0,right,-1.17208142410691,93.1337983608246,12,-0.00101305131485434,42.5936088562012,919.953957259029,3.47165489196777,0.167713597416878,0.263098806142807,6.02149245856672,-36621.9750321414,-21891.4149173258,-36619.516123712,-21891.2802928124,-36617.0572152827,-21891.1456682989,0,1,1,1
20140118093043.daq,129,30,1195.66666666667,1,0,right,-1.3536566825384,93.0251586437225,12,-0.000986475324918785,42.5302658081055,926.196355305699,4.04293966293335,0.169781193137169,0.244115486741066,5.88304474931616,-36622.3161284878,-21885.1794678149,-36619.8569692145,-21885.049505928,-36617.3978099412,-21884.9195440411,0,1,1,1
20140118093043.daq,129,30,1195.76666666667,1,0,right,-1.41953710060753,92.8987922668457,12,-0.000960097543527965,42.4694976806641,932.429656274762,4.96578454971313,0.188826024532318,0.206148609519005,5.72902071583055,-36622.6405222539,-21878.9513524429,-36620.1810823297,-21878.8268145664,-36617.7216424055,-21878.7022766899,0,1,1,1
20140118093043.daq,129,30,1195.86666666667,1,0,right,-1.56312640762069,92.7548379898071,12,-0.00093393810279963,42.4114990234375,938.654232926579,5.44917964935303,0.200409635901451,0.206148609519005,5.55730268469769,-36622.9521248743,-21872.7305821355,-36620.4923798146,-21872.6122239297,-36618.032634755,-21872.4938657238,0,0,1,0
20140118093043.daq,129,30,1195.96666666667,1,0,right,-1.61598997810337,92.5967018604279,12,-0.000908010444198984,42.3589477539063,944.870651838224,5.80073976516724,0.200974181294441,0.187165051698685,5.37801684953393,-36623.2472329559,-21866.5172581188,-36620.7871705971,-21866.405689242,-36618.3271082383,-21866.2941203651,0,0,1,0
20140118093043.daq,129,30,1196.06666666667,1,0,right,-1.71845163776496,92.4267959594727,12,-0.000882323135267403,42.3158378601074,951.080032036771,6.28413486480713,0.200436845421791,0.187165051698685,5.18480457361299,-36623.5298960046,-21860.3075468442,-36621.0695136145,-21860.2032735589,-36618.6091312244,-21860.0990002736,0,0,1,0
20140118093043.daq,129,30,1196.16666666667,1,0,right,-1.69516463449101,92.2457520961761,12,-0.000856880810936134,42.281192779541,957.283747257112,6.63569450378418,0.200450792908669,0.187165051698685,4.99510461472627,-36623.7923371586,-21854.1034248792,-36621.3316375679,-21854.0069264461,-36618.8709379771,-21853.910428013,0,0,1,0
20140118093043.daq,129,30,1196.26666666667,1,0,right,-1.70484257959414,92.0560693740845,12,-0.000831685939777253,42.2521057128906,963.482817449883,6.72358465194702,0.200474992394447,0.196656957268715,4.80295098775085,-36624.0347057916,-21847.9030124978,-36621.5737002195,-21847.8146609413,-36619.1126946474,-21847.7263093847,0,0,1,0
20140118093043.daq,129,30,1196.36666666667,1,0,right,-1.58787201866861,91.8663437366486,12,-0.00080674038689545,42.2266883850098,969.677907149613,6.5038595199585,0.200557515025139,0.225131943821907,4.61692946580833,-36624.2575237383,-21841.7045903247,-36621.7962390973,-21841.6243884566,-36619.3349544564,-21841.5441865884,0,0,1,0
20140118093043.daq,129,30,1196.46666666667,1,0,right,-1.46500241848501,91.6859170198441,12,-0.000782046483770539,42.2037582397461,975.869462176721,5.97651958465576,0.200862467288971,0.196656957268715,4.43795745377142,-36624.4613613792,-21835.5103580684,-36621.9998363833,-21835.4379072695,-36619.5383113875,-21835.3654564707,0,0,1,0
20140118093043.daq,129,30,1196.56666666667,1,0,right,-1.44792865672743,91.5146179199219,12,-0.000757607646034535,42.182559967041,982.057789131853,5.75679492950439,0.20052170753479,0.206148609519005,4.26792202102491,-36624.6462106806,-21829.3183528029,-36622.1844800777,-21829.2532616202,-36619.7227494748,-21829.1881704374,0,0,1,0
20140118093043.daq,129,30,1196.66666666667,1,0,right,-1.2633865792717,91.3517416715622,12,-0.000733427824641566,42.1625328063965,988.243099735439,5.71284961700439,0.201233506202698,0.414966315031052,4.11061584252161,-36624.8120307617,-21823.1285512191,-36622.3501250693,-21823.0704583175,-36619.8882193769,-21823.0123654159,0,0,1,0
20140118093043.daq,129,30,1196.76666666667,1,0,right,-1.19013512134552,91.1901351213455,12,-0.000709511250494621,42.1432418823242,994.425529477347,5.66890478134155,0.201359257102013,0.187165051698685,3.96193197507779,-36624.9622915806,-21816.9427170563,-36622.5002318265,-21816.8915683451,-36620.0381720724,-21816.8404196338,0,0,1,0
20140118093043.daq,129,30,1196.86666666667,1,0,right,-1.03633093833923,91.0363309383392,12,-0.000685861685081192,42.1250305175781,1000.60518195649,5.49312448501587,0.20156566798687,0.196656957268715,3.83089966692681,-36625.0934879511,-21810.7590644195,-36622.6312997648,-21810.7145250117,-36620.1691115785,-21810.6699856039,0,0,1,0
20140118093043.daq,129,30,1196.96666666667,1,0,right,-0.887558341026306,90.8875583410263,12,-0.000662481596013207,42.1080169677734,1006.7822902472,4.61422491073608,0.201053813099861,0.196656957268715,3.71944367409719,-36625.2054514262,-21804.575565594,-36622.7431558906,-21804.5374195772,-36620.2808603549,-21804.4992735604,0,0,1,0
20140118093043.daq,129,30,1197.06666666667,1,0,right,-0.764451861381531,90.7644518613815,12,-0.000639372177795698,42.0910835266113,1012.95691388851,3.51559996604919,0.200821682810783,0.196656957268715,3.62151121777645,-36625.3033575862,-21798.3966484789,-36622.8409857733,-21798.3637930672,-36620.3786139603,-21798.3309376556,0,0,1,0
20140118093043.daq,129,30,1197.16666666667,1,0,right,-0.662039995193481,90.6620399951935,12,-0.000616533912795086,42.073600769043,1019.12901124507,3.0322048664093,0.201282277703285,0.206148609519005,3.53795192741853,-36625.3869049209,-21792.2202240245,-36622.9244783149,-21792.1917699661,-36620.4620517089,-21792.1633159077,0,0,1,0
20140118093043.daq,129,30,1197.26666666667,1,0,right,-0.574066281318665,90.5740662813187,12,-0.000593966504275929,42.0557098388672,1025.29851037574,2.8564248085022,0.201665714383125,0.253607153892517,3.46942315432645,-36625.4557112339,-21786.048080843,-36622.9932438413,-21786.0234077028,-36620.5307764487,-21785.9987345625,0,0,1,0
20140118093043.daq,129,30,1197.36666666667,1,0,right,-0.495616436004639,90.4956164360046,12,-0.000571669141054821,42.037841796875,1031.46538158093,2.68064475059509,0.201587498188019,0.196656957268715,3.40804122354795,-36625.5172881153,-21779.8800913977,-36623.0547892482,-21779.8587899099,-36620.5922903812,-21779.837488422,0,0,1,0
20140118093043.daq,129,30,1197.46666666667,1,0,right,-0.422066628932953,90.422066628933,12,-0.000549640694849004,42.0202903747559,1037.62965400075,2.54880976676941,0.201668977737427,0.187165051698685,3.35766487694052,-36625.5674454421,-21773.7141843712,-36623.1049212595,-21773.696043976,-36620.642397077,-21773.6779035809,0,0,1,0
20140118093043.daq,129,30,1197.56666666667,1,0,right,-0.35161367058754,90.3516136705875,12,-0.000527879888347768,42.0031661987305,1043.79138288485,2.59275484085083,0.200981333851814,0.244115486741066,3.31511418620661,-36625.609978797,-21767.5503135888,-36623.14743417,-21767.5352012152,-36620.6848895431,-21767.5200888417,0,0,1,0
20140118093043.daq,129,30,1197.66666666667,1,0,right,-0.281706124544144,90.2817061245441,12,-0.000506385719106662,41.986400604248,1049.95062875142,2.54880976676941,0.20086008310318,0.234623834490776,3.28049805128222,-36625.6447311252,-21761.3903679706,-36623.1821698924,-21761.3782601997,-36620.7196086596,-21761.3661524288,0,0,1,0
20140118093043.daq,129,30,1197.76666666667,1,0,right,-0.212117940187454,90.2121179401875,12,-0.000485158519420895,41.9697570800781,1056.10742759437,2.50486493110657,0.201096221804619,0.225131943821907,3.25381314583754,-36625.6716885354,-21755.2304355368,-36623.2091144135,-21755.2213186605,-36620.7465402915,-21755.2122017841,0,0,1,0
20140118093043.daq,129,30,1197.86666666667,1,0,right,-0.147923588752747,90.1479235887527,12,-0.000464201083331971,41.9530754089355,1062.26178314355,2.28513979911804,0.201028779149055,0.206148609519005,3.23435293914479,-36625.6911643078,-21749.0745480172,-36623.2285815169,-21749.0681902209,-36620.765998726,-21749.0618324247,0,0,1,0
20140118093043.daq,129,30,1197.96666666667,1,0,right,-0.0869395062327385,90.0869395062327,12,-0.000443519050379146,41.9363403320313,1068.41368877838,2.19724988937378,0.201038956642151,0.234623834490776,3.22170975528753,-36625.703024052,-21742.9206972807,-36623.240435889,-21742.9169605942,-36620.777847726,-21742.9132239078,0,0,1,0
20140118093043.daq,129,30,1198.06666666667,1,0,right,-0.0318773686885834,90.0318773686886,12,-0.00042311459942776,41.9195289611816,1074.56313424156,1.84568989276886,0.202123999595642,0.244115486741066,3.21389527956761,-36625.7113418006,-21736.7709025757,-36623.2487511837,-21736.7695324762,-36620.7861605668,-21736.7681623768,0,0,1,0
20140118093043.daq,129,30,1198.16666666667,1,0,right,0.00494441809132695,89.9950555819087,12,-0.000402988499394715,41.9027442932129,1080.71011333205,0.74706494808197,0.201984211802483,0.215640276670456,3.21221705136408,-36625.7129729666,-21730.6235124189,-36623.2503819778,-21730.6237249316,-36620.7877909889,-21730.6239374442,0,0,1,0
20140118093043.daq,129,30,1198.26666666667,1,0,right,0.0171996131539345,89.9828003868461,12,-0.000383145115715257,41.886173248291,1086.85464437313,-0.0439449958503246,0.201677620410919,0.244115486741066,3.21296878658909,-36625.7122156337,-21724.4786800268,-36623.2496247467,-21724.4794192717,-36620.7870338596,-21724.4801585165,0,0,1,0
20140118093043.daq,129,30,1198.36666666667,1,0,right,0.0119048347696662,89.9880951652303,12,-0.00036359222205082,41.8698844909668,1092.99676615614,-0.351559966802597,0.202136114239693,0.234623834490776,3.22047620855614,-36625.7047303424,-21718.3381851134,-36623.2421393976,-21718.338696787,-36620.7795484528,-21718.3392084606,0,0,1,0
20140118093043.daq,129,30,1198.46666666667,1,0,right,-0.00366604025475681,90.0036660402548,12,-0.000344339309903411,41.8538208007813,1099.13651630681,-0.483394980430603,0.201760962605476,0.225131943821907,3.22345626383945,-36625.7017862776,-21712.1998959722,-36623.2391952846,-21712.1997384046,-36620.7766042917,-21712.199580837,0,0,1,0
20140118093043.daq,129,30,1198.56666666667,1,0,right,-0.0245147254317999,90.0245147254318,12,-0.000325395857702036,41.8379364013672,1105.27392429163,-0.57128494977951,0.20161260664463,0.234623834490776,3.22979725053812,-36625.6952619362,-21706.0636900946,-36623.2326711637,-21706.0626364438,-36620.7700803911,-21706.0615827931,0,0,1,0
20140118093043.daq,129,30,1198.66666666667,1,0,right,-0.0474674068391323,90.0474674068391,12,-0.000306770440687089,41.8221321105957,1111.40900913323,-0.57128494977951,0.201997444033623,0.225131943821907,3.22861354984465,-36625.6966798767,-21699.9314427667,-36623.2340897238,-21699.9294026026,-36620.7714995709,-21699.9273624384,0,0,1,0
20140118093043.daq,129,30,1198.76666666667,1,0,right,-0.070538304746151,90.0705383047462,12,-0.000288470404777469,41.8063583374023,1117.54177871112,-0.57128494977951,0.201914086937904,0.215640276670456,3.23109096147915,-36625.6941986419,-21693.8011520472,-36623.2316095101,-21693.7981202889,-36620.7690203783,-21693.7950885307,0,0,1,0
20140118093043.daq,129,30,1198.86666666667,1,0,right,-0.0947335213422775,90.0947335213423,12,-0.000270502139330663,41.7906188964844,1123.67223736136,-0.57128494977951,0.202174603939056,0.215640276670456,3.22567098758992,-36625.6995991065,-21687.6728427814,-36623.2370114746,-21687.6687711061,-36620.7744238426,-21687.6646994307,0,0,1,0
20140118093043.daq,129,30,1198.96666666667,1,0,right,-0.118196040391922,90.1181960403919,12,-0.000252871276983872,41.7749290466309,1129.80039067882,-0.57128494977951,0.201889708638191,0.234623834490776,3.22028361496096,-36625.7049540813,-21681.5464691648,-36623.2423683232,-21681.5413890646,-36620.7797825651,-21681.5363089645,0,0,1,0
20140118093043.daq,129,30,1199.06666666667,1,0,right,-0.141441524028778,90.1414415240288,12,-0.000235583729072697,41.7592811584473,1135.9262463099,-0.57128494977951,0.202215194702148,0.253607153892517,3.21099846102792,-36625.7142016708,-21675.4220438976,-36623.2516181764,-21675.4159647017,-36620.7890346821,-21675.4098855057,0,0,1,0
20140118093043.daq,129,30,1199.16666666667,1,0,right,-0.166469588875771,90.1664695888758,12,-0.00021864614063345,41.7437133789063,1142.04981152796,-0.57128494977951,0.202758386731148,0.244115486741066,3.20160565953094,-36625.7235590495,-21669.3015696047,-36623.2609784455,-21669.2944146984,-36620.7983978416,-21669.2872597921,0,0,1,0
20140118093043.daq,129,30,1199.26666666667,1,0,right,-0.190082103013992,90.190082103014,12,-0.000202065843265418,41.7283210754395,1148.17110530905,-0.57128494977951,0.20232667028904,0.215640276670456,3.18842408999999,-36625.7367350538,-21663.1810608948,-36623.2741576077,-21663.17289112,-36620.8115801615,-21663.1647213452,0,0,1,0
20140118093043.daq,129,30,1199.36666666667,1,0,right,-0.212108746170998,90.212108746171,12,-0.000185850208050282,41.7131652832031,1154.29015907783,-0.307614982128143,0.203043714165688,0.215640276670456,3.17148685820152,-36625.7537192181,-21657.0644196837,-36623.2911450947,-21657.0553032025,-36620.8285709713,-21657.0461867213,0,0,1,0
20140118093043.daq,129,30,1199.46666666667,1,0,right,-0.216702312231064,90.2167023122311,12,-0.000170005109556284,41.6982116699219,1160.40700514492,0.966789960861206,0.202931270003319,0.234623834490776,3.15572580936584,-36625.7696276398,-21650.9492993008,-36623.3070542552,-21650.9399853881,-36620.8444808706,-21650.9306714753,0,0,1,0
20140118093043.daq,129,30,1199.56666666667,1,0,right,-0.189240112900734,90.1892401129007,12,-0.000154533697898073,41.6834106445313,1166.52167031918,2.2411949634552,0.202689990401268,0.234623834490776,3.13820071251951,-36625.7874643442,-21644.8353368978,-36623.3248867783,-21644.8272033118,-36620.8623092124,-21644.8190697257,0,0,1,0
20140118093043.daq,129,30,1199.66666666667,1,0,right,-0.142283514142036,90.142283514142,12,-0.000139436125919205,41.6686859130859,1172.63417073261,2.19724988937378,0.203148379921913,0.244115486741066,3.12466129115124,-36625.8001911478,-21638.7228459763,-36623.337607743,-21638.7167305915,-36620.8750243382,-21638.7106152067,0,0,1,0
20140118093043.daq,129,30,1199.76666666667,1,0,right,-0.0962983816862106,90.0962983816862,12,-0.00012471072524906,41.6539993286133,1178.74451421802,1.45018494129181,0.20281583070755,0.244115486741066,3.11177816865529,-36625.8129769883,-21632.6123345389,-36623.3503894685,-21632.6081956055,-36620.8878019487,-21632.6040566721,0,0,1,0
20140118093043.daq,129,30,1199.86666666667,1,0,right,-0.0653406381607056,90.0653406381607,12,-0.000110355713525793,41.6393966674805,1184.85270870158,0.834954977035522,0.202997788786888,0.263098806142807,3.10270505435167,-36625.8227838687,-21626.5021957591,-36623.360194472,-21626.4993873981,-36620.8976050754,-21626.4965790371,0,0,1,0
20140118093043.daq,129,30,1199.96666666667,1,0,right,-0.0447718352079391,90.0447718352079,12,0.0001,41.6248779296875,1190.95876854353,0.74706494808197,0.202378705143929,0.168181732296944,3.10011167674213,-36625.825419615,-21620.3962201133,-36623.3628293688,-21620.3942958056,-36620.9002391226,-21620.3923714979,0,0,1,0
20140118093043.daq,129,30,1200.06666666667,1,0,right,-0.0303120780736208,90.0303120780736,12,0.0001,41.6104393005371,1197.06270488701,0.703119993209839,0.202757343649864,0.244115486741066,3.09694798154006,-36625.8284325988,-21614.2943015412,-36623.3658419454,-21614.2929987185,-36620.9032512921,-21614.2916958957,0,0,1,0
20140118093043.daq,129,30,1200.16666666667,1,0,right,-0.0183474291115999,90.0183474291116,12,0.0001,41.5960464477539,1203.16452738325,0.615229964256287,0.202513337135315,0.225131943821907,3.09749030713877,-36625.8276934026,-21608.1924445818,-36623.3651025308,-21608.1916560034,-36620.9025116591,-21608.1908674251,0,0,1,0
20140118093043.daq,129,30,1200.26666666667,1,0,right,-0.00725890183821321,90.0072589018382,12,0.0001,41.5817108154297,1209.26424279278,0.57128494977951,0.202677965164185,0.225131943821907,3.09831939256847,-36625.8270082797,-21602.0925624473,-36623.3644173015,-21602.0922504573,-36620.9018263233,-21602.0919384674,0,0,1,0
20140118093043.daq,129,30,1200.36666666667,1,0,right,0.00101324683055282,89.9989867531694,12,0.0001,41.5674171447754,1215.36185885518,0.527339994907379,0.202754274010658,0.168181732296944,3.10293574562096,-36625.8225908871,-21595.9966559273,-36623.3599998895,-21595.996699477,-36620.8974088919,-21595.9967430267,0,0,1,0
20140118093043.daq,129,30,1200.46666666667,1,0,right,0.00740140117704868,89.992598598823,12,0.0001,41.5531692504883,1221.45738158499,0.483394980430603,0.202835097908974,0.215640276670456,3.10690537678057,-36625.8182898879,-21589.9007957814,-36623.3556989104,-21589.901113896,-36620.893107933,-21589.9014320106,0,0,1,0
20140118093043.daq,129,30,1200.56666666667,1,0,right,0.0113571332767606,89.9886428667232,12,0.0001,41.5389556884766,1227.55081755621,0.395504981279373,0.202839687466621,0.225131943821907,3.11120534468345,-36625.8141391888,-21583.8089016965,-36623.3515482392,-21583.8093898298,-36620.8889572896,-21583.809877963,0,0,1,0
20140118093043.daq,129,30,1200.66666666667,1,0,right,0.0125066339969635,89.987493366003,12,0.0001,41.5247535705566,1233.64216975278,0.307614982128143,0.202694222331047,0.215640276670456,3.11538086121265,-36625.8101619028,-21577.7190297014,-36623.3475709635,-21577.7195672405,-36620.8849800242,-21577.7201047797,0,0,1,0
20140118093043.daq,129,30,1200.76666666667,1,0,right,0.0102940704673529,89.9897059295326,12,0.0001,41.510570526123,1239.7314404127,0.17577999830246,0.202411159873009,0.263098806142807,3.12260598600279,-36625.8024861327,-21571.631193444,-36623.3398951744,-21571.6316358865,-36620.8773042162,-21571.6320783289,0,0,1,0
20140118093043.daq,129,30,1200.86666666667,1,0,right,0.00382504845038056,89.9961749515496,12,0.0001,41.4964141845703,1245.81863251986,0.131834998726845,0.202567085623741,0.234623834490776,3.12662191003645,-36625.798979637,-21565.5454149328,-36623.3363886444,-21565.5455793346,-36620.8737976519,-21565.5457437364,0,0,1,0
20140118093043.daq,129,30,1200.96666666667,1,0,right,-0.00410542730242014,90.0041054273024,12,0.0001,41.4823036193848,1251.90375190231,0.0878899991512299,0.203017011284828,0.215640276670456,3.12965040654881,-36625.7955634275,-21559.4616255262,-36623.3329724358,-21559.4614490736,-36620.8703814441,-21559.461272621,0,0,1,0
20140118093043.daq,129,30,1201.06666666667,1,0,right,-0.0163047406822443,90.0163047406822,12,0.0001,41.4682121276855,1257.98680345558,-0.0439449958503246,0.202748104929924,0.263098806142807,3.13299554273657,-36625.7924109457,-21553.3798943251,-36623.3298200474,-21553.3791935421,-36620.8672291491,-21553.3784927591,0,0,1,0
20140118093043.daq,129,30,1201.16666666667,1,0,right,-0.0311549603939056,90.0311549603939,12,0.0001,41.4541473388672,1264.06778969741,-0.131834983825684,0.202212408185005,0.244115486741066,3.13587170826391,-36625.7894221712,-21547.3001816661,-36623.3268315372,-21547.2988426159,-36620.8642409033,-21547.2975035658,0,0,1,0
20140118093043.daq,129,30,1201.26666666667,1,0,right,-0.0493928976356983,90.0493928976357,12,0.0001,41.4401359558105,1270.14671701528,-0.219724982976913,0.203202709555626,0.234623834490776,3.13865042279287,-36625.7866425668,-21541.2225058296,-36623.3240524839,-21541.2203829073,-36620.8614624009,-21541.2182599849,0,0,1,0
20140118093043.daq,129,30,1201.36666666667,1,0,right,-0.0707540363073349,90.0707540363073,12,0.0001,41.4261589050293,1276.22359188998,-0.263669967651367,0.203038886189461,0.206148609519005,3.1373602189396,-36625.7879619658,-21535.1488136173,-36623.3253728455,-21535.1457725868,-36620.8627837252,-21535.1427315564,0,0,1,0
20140118093043.daq,129,30,1201.46666666667,1,0,right,-0.094066247344017,90.094066247344,12,0.0001,41.4122657775879,1282.29842229422,-0.263669967651367,0.203960493206978,0.215640276670456,3.13198144380168,-36625.7933079013,-21529.0751700588,-36623.3307202221,-21529.0711270631,-36620.8681325429,-21529.0670840674,0,0,1,0
20140118093043.daq,129,30,1201.56666666667,1,0,right,-0.117549300193787,90.1175493001938,12,0.0001,41.3984870910645,1288.37122277473,-0.263669967651367,0.203590631484985,0.158690065145493,3.12661706972135,-36625.7986641506,-21523.0054375578,-36623.3360783353,-21523.0003852547,-36620.8734925201,-21522.9953329516,0,0,1,0
20140118093043.daq,129,30,1201.66666666667,1,0,right,-0.142554104328156,90.1425541043282,12,0.0001,41.3848991394043,1294.44201571117,-0.263669967651367,0.203612864017487,0.244115486741066,3.12124209664861,-36625.8041141015,-21516.9357432952,-36623.3415307257,-21516.9296162804,-36620.8789473498,-21516.9234892655,0,0,1,0
20140118093043.daq,129,30,1201.76666666667,1,0,right,-0.167595833539963,90.16759583354,12,0.0001,41.3714714050293,1300.51082861175,-0.263669967651367,0.203561902046204,0.234623834490776,3.10781717299809,-36625.8173785615,-21510.8699568707,-36623.3547980987,-21510.8627535582,-36620.8922176359,-21510.8555502458,0,0,1,0
20140118093043.daq,129,30,1201.86666666667,1,0,right,-0.193105533719063,90.1931055337191,12,0.0001,41.3582038879395,1306.57768348315,-0.263669967651367,0.203684523701668,0.225131943821907,3.09488183494603,-36625.8306716284,-21504.8041827238,-36623.3680946168,-21504.7958830017,-36620.9055176052,-21504.7875832796,0,0,1,0
20140118093043.daq,129,30,1201.96666666667,1,0,right,-0.220035195350647,90.2200351953506,12,0.000105985992551402,41.3450660705566,1312.64260270492,-0.263669967651367,0.203611969947815,0.272590696811676,3.07719055692409,-36625.847958272,-21498.7423507726,-36623.3853854334,-21498.7328936125,-36620.9228125947,-21498.7234364524,0,0,1,0
20140118093043.daq,129,30,1202.06666666667,1,0,right,-0.2469831854105,90.2469831854105,12,0.000112600173326626,41.3320236206055,1318.70560226917,-0.263669967651367,0.203855946660042,0.215640276670456,3.06013861772724,-36625.8652457319,-21492.6824731827,-36623.4026776137,-21492.671857799,-36620.9401094954,-21492.6612424152,0,0,1,0
20140118093043.daq,129,30,1202.16666666667,1,0,right,-0.27458068728447,90.2745806872845,12,0.000118950807573292,41.319034576416,1324.76669322584,-0.219724982976913,0.203408136963844,0.244115486741066,3.03880620049307,-36625.8864791848,-21486.6226125345,-36623.4239164652,-21486.6108110136,-36620.9613537457,-21486.5990094927,0,0,1,0
20140118093043.daq,129,30,1202.26666666667,1,0,right,-0.300813347101212,90.3008133471012,12,0.000125049313167241,41.3060607910156,1330.82588051709,-0.0878899917006493,0.203770443797112,0.253607153892517,3.01359102662063,-36625.9115343981,-21480.5666249588,-36623.44897734,-21480.553695964,-36620.9864202818,-21480.5407669692,0,0,1,0
20140118093043.daq,129,30,1202.36666666667,1,0,right,-0.322154968976974,90.322154968977,12,0.000130904893491355,41.293140411377,1336.88316768636,0.17577999830246,0.203550830483437,0.215640276670456,2.98528641115463,-36625.9401940206,-21474.5105161695,-36623.4776419491,-21474.4966699185,-36621.0150898777,-21474.4828236674,0,0,1,0
20140118093043.daq,129,30,1202.46666666667,1,0,right,-0.340689480304718,90.3406894803047,12,0.000136522630023455,41.2803077697754,1342.93856662282,0.26366999745369,0.203498974442482,0.206148609519005,2.9565780306137,-36625.9686804028,-21468.4582440743,-36623.5061329392,-21468.4436012173,-36621.0435854757,-21468.4289583604,0,0,1,0
20140118093043.daq,129,30,1202.56666666667,1,0,right,-0.356377810239792,90.3563778102398,12,0.000141901610034789,41.2675323486328,1348.99208805004,0.26366999745369,0.203463390469551,0.234623834490776,2.92419175326045,-36626.0008974541,-21462.4059012797,-36623.5383540922,-21462.3905841457,-36621.0758107304,-21462.3752670118,0,0,1,0
20140118093043.daq,129,30,1202.66666666667,1,0,right,-0.370839536190033,90.37083953619,12,0.000147033766581043,41.2548065185547,1355.04373952112,0.26366999745369,0.202839255332947,0.225131943821907,2.89227283165495,-36626.0330388007,-21456.3554812286,-36623.5704993835,-21456.3395425375,-36621.1079599662,-21456.3236038465,0,0,1,0
20140118093043.daq,129,30,1202.76666666667,1,0,right,-0.386996626853943,90.3869966268539,12,0.000151904640531743,41.2420997619629,1361.09352607146,0.26366999745369,0.203855231404305,0.263098806142807,2.85627846911828,-36626.0691907831,-21450.3090100373,-36623.6066559584,-21450.2923769245,-36621.1441211336,-21450.2757438117,0,0,1,0
20140118093043.daq,129,30,1202.86666666667,1,0,right,-0.403630375862122,90.4036303758621,12,0.00015649651152082,41.229419708252,1367.14145059178,0.219724997878075,0.203275695443153,0.244115486741066,2.81974943810376,-36626.1053720221,-21444.2625510523,-36623.6428421299,-21444.2452030327,-36621.1803122378,-21444.227855013,0,0,1,0
20140118093043.daq,129,30,1202.96666666667,1,0,right,-0.406768590704203,90.4200065135956,12,0.000160793201266989,41.2163200378418,1373.18750744055,0.219724997878075,0.203940153121948,0.225131943821907,2.78378815384966,-36626.1415372687,-21438.2180390401,-36623.6790124356,-21438.199987187,-36621.2164876024,-21438.1819353338,0,0,1,0
20140118093043.daq,129,30,1203.06666666667,1,0,right,-0.392857380469977,90.4420624375343,12,0.000164785730839748,41.2029876708984,1379.23160108483,0.17577999830246,0.203170463442802,0.244115486741066,2.74289140480769,-36626.1858647836,-21432.1775758876,-36623.7233470819,-21432.1585760906,-36621.2608293802,-21432.1395762936,0,0,1,0
20140118093043.daq,129,30,1203.16666666667,1,0,right,-0.382437361025623,90.4670084118843,12,0.000168476457111091,41.1897659301758,1385.27374224819,0.0878899991512299,0.20354588329792,0.263098806142807,2.70571265900434,-36626.2303700849,-21426.1371857574,-36623.7678608889,-21426.1171138081,-36621.3053516929,-21426.0970418589,0,0,1,0
20140118093043.daq,129,30,1203.26666666667,1,0,right,-0.377142857909874,90.4971291124821,12,0.000171879753828541,41.1770057678223,1391.31398044547,-0.131834983825684,0.203975185751915,0.225131943821907,2.66803224276687,-36626.2791000111,-21420.1008325196,-36623.8166017073,-21420.0794660188,-36621.3541034035,-21420.058099518,0,0,1,0
20140118093043.daq,129,30,1203.36666666667,1,0,right,-0.377630878254436,90.5317700505257,12,0.000175019310934704,41.1646423339844,1397.35237782674,-0.131834983825684,0.204494953155518,0.225131943821907,2.62930460747538,-36626.3320140657,-21414.0665470864,-36623.8695291302,-21414.0436917671,-36621.4070441946,-21414.0208364477,0,0,1,0
20140118093043.daq,129,48,1663.7,1,0,right,0.355941772460938,269.644058227539,12,0.0001,61.6791915893555,0,0.307614982128143,0.285331219434738,0.234623834490776,2.76218074797322,-43233.8321804436,-34646.416298332,-43236.2947239219,-34646.4009999387,-43238.7572674002,-34646.3857015455,1,0,0,0
20140118093043.daq,129,48,1663.8,1,0,right,0.36444091796875,269.635559082031,12,0.0001,61.677906036377,9.04620804508158,0.307614982128143,0.285451799631119,0.196656957268715,2.81720744226053,-43233.8913006771,-34655.459472724,-43236.353841859,-34655.4438090419,-43238.8163830409,-34655.4281453599,1,0,0,0
20140118093043.daq,129,48,1663.9,1,0,right,0.371078491210938,269.628921508789,12,0.0001,61.6766204833984,18.0922271689924,0.307614982128143,0.285408794879913,0.225131943821907,2.87979025143738,-43233.9542118659,-34664.5065082698,-43236.4167512166,-34664.4905593086,-43238.8792905674,-34664.4746103474,1,0,0,0
20140118093043.daq,129,48,1664,1,0,right,0.379043579101563,269.620956420898,12,0.0001,61.6753807067871,27.1380603556609,0.307614982128143,0.284966081380844,0.253607153892517,2.94259560081747,-43234.0172053169,-34673.5496696119,-43236.4797424267,-34673.533378316,-43238.9422795365,-34673.5170870201,1,0,0,0
20140118093043.daq,129,48,1664.1,1,0,right,0.385665893554688,269.614334106445,12,0.0001,61.6741409301758,36.1837127337494,0.307614982128143,0.28472775220871,0.244115486741066,3.00536205888165,-43234.0801156012,-34682.5927984341,-43236.5426508116,-34682.5762225154,-43239.005186022,-34682.5596465966,1,0,0,0
20140118093043.daq,129,48,1664.2,1,0,right,0.392684936523438,269.607315063477,12,0.0001,61.6728782653809,45.2291818787926,0.17577999830246,0.285269021987915,0.206148609519005,3.07207606579798,-43234.146956735,-34691.6398430442,-43236.6094898962,-34691.6229654517,-43239.0720230575,-34691.6060878592,1,0,0,0
20140118093043.daq,129,48,1664.3,1,0,right,0.3935546875,269.6064453125,12,0.0001,61.6715774536133,54.2744623823965,0.0439449995756149,0.284654885530472,0.234623834490776,3.13849069618128,-43234.2134168742,-34700.6828328074,-43236.675949779,-34700.6659178336,-43239.1384826837,-34700.6490028598,1,0,0,0
20140118093043.daq,129,48,1664.4,1,0,right,0.393447875976563,269.606552124023,12,0.0001,61.6703338623047,63.3195551303943,0,0.284973502159119,0.196656957268715,3.2048847804763,-43234.2798165062,-34709.7257989769,-43236.7423494425,-34709.7088885937,-43239.2048823788,-34709.6919782106,1,0,0,0
20140118093043.daq,129,48,1664.5,1,0,right,0.391250610351563,269.608749389648,12,0.0001,61.6691360473633,72.3644696807896,0,0.284528642892838,0.206148609519005,3.27509469464372,-43234.3499928657,-34718.7687146391,-43236.8125264487,-34718.7518986929,-43239.2750600317,-34718.7350827468,1,0,0,0
20140118093043.daq,129,48,1664.6,1,0,right,0.3873291015625,269.612670898438,12,0.0001,61.6679573059082,81.4092108358454,0,0.284488350152969,0.158690065145493,3.34132926211705,-43234.4161561479,-34727.8115886292,-43236.8786908761,-34727.7949412268,-43239.3412256042,-34727.7782938245,1,0,0,0
20140118093043.daq,129,48,1664.7,1,0,right,0.385086059570313,269.61491394043,12,0.0001,61.6667404174805,90.4537761244574,0.0439449995756149,0.285036563873291,0.196656957268715,3.41160616961759,-43234.486329677,-34736.8545031705,-43236.948865055,-34736.8379521726,-43239.411400433,-34736.8214011748,1,0,0,0
20140118093043.daq,129,48,1664.8,1,0,right,0.382980346679688,269.61701965332,12,0.0001,61.6654891967773,99.4981603713823,0.0439449995756149,0.284856379032135,0.187165051698685,3.47801708359319,-43234.5526054664,-34745.8974210258,-43237.015141451,-34745.8809605301,-43239.4776774357,-34745.8645000344,1,0,0,0
20140118093043.daq,129,48,1664.9,1,0,right,0.38043212890625,269.619567871094,12,0.0001,61.6642265319824,108.542360592633,0.0439449995756149,0.284760594367981,0.206148609519005,3.5444312875602,-43234.6188538428,-34754.9403281794,-43237.081390557,-34754.9239772045,-43239.5439272713,-34754.9076262296,1,0,0,0
20140118093043.daq,129,48,1665,1,0,right,0.379302978515625,269.620697021484,12,0.0001,61.6629409790039,117.586373571175,0.0439449995756149,0.285467535257339,0.206148609519005,3.61095934745437,-43234.6851901376,-34763.9832696329,-43237.1477271737,-34763.9669671882,-43239.6102642097,-34763.9506647435,1,0,0,0
20140118093043.daq,129,48,1665.1,1,0,right,0.378509521484375,269.621490478516,12,0.0001,61.6616668701172,126.630197954903,0.0439449995756149,0.285423666238785,0.215640276670456,3.67733711520395,-43234.7515472303,-34773.0223129508,-43237.2140844918,-34773.0060446084,-43239.6766217534,-34772.9897762659,1,0,0,0
20140118093043.daq,129,48,1665.2,1,0,right,0.377243041992188,269.622756958008,12,0.0001,61.6604499816895,135.673839618452,0.0878899991512299,0.285337835550308,0.206148609519005,3.74345455473602,-43234.8178750182,-34782.0652510818,-43237.2804126387,-34782.0490371718,-43239.7429502593,-34782.0328232619,1,0,0,0
20140118093043.daq,129,48,1665.3,1,0,right,0.377029418945313,269.622970581055,12,0.0001,61.6592597961426,144.717305089216,0.17577999830246,0.284990936517715,0.215640276670456,3.80967708389028,-43234.8842680337,-34791.1082146669,-43237.3468057147,-34791.0920099384,-43239.8093433956,-34791.0758052099,1,0,0,0
20140118093043.daq,129,48,1665.4,1,0,right,0.379608154296875,269.620391845703,12,0.0001,61.6581077575684,153.760598609981,0.17577999830246,0.285009205341339,0.225131943821907,3.876151801253,-43234.9508340444,-34800.1473395105,-43237.4133709935,-34800.1310239495,-43239.8759079427,-34800.1147083885,1,0,0,0
20140118093043.daq,129,48,1665.5,1,0,right,0.381088256835938,269.618911743164,12,0.0001,61.6569633483887,162.803724376936,0.17577999830246,0.284662574529648,0.215640276670456,3.94253951147901,-43235.0173319926,-34809.1903440402,-43237.4798685195,-34809.1739648653,-43239.9424050463,-34809.1575856905,1,0,0,0
20140118093043.daq,129,48,1665.6,1,0,right,0.384048461914063,269.615951538086,12,0.0001,61.6557922363281,171.846681037961,0.17577999830246,0.285141289234161,0.158690065145493,4.00514572574468,-43235.0800153918,-34818.2333843425,-43237.5425510692,-34818.2168779399,-43240.0050867465,-34818.2003715374,1,0,0,0
20140118093043.daq,129,48,1665.7,1,0,right,0.387863159179688,269.61213684082,12,0.0001,61.6546096801758,180.88946476992,0.17577999830246,0.28526571393013,0.234623834490776,4.07175428063704,-43235.1466579865,-34827.2725390352,-43237.6091925594,-34827.2558686794,-43240.0717271323,-34827.2391983236,1,0,0,0
20140118093043.daq,129,48,1665.8,1,0,right,0.3897705078125,269.610229492188,12,0.0001,61.6534309387207,189.932075106524,0.17577999830246,0.285303235054016,0.215640276670456,4.13825235621396,-43235.2131824112,-34836.3155538756,-43237.6757164277,-34836.2988015433,-43240.1382504443,-34836.2820492109,1,0,0,0
20140118093043.daq,129,48,1665.9,1,0,right,0.392745971679688,269.60725402832,12,0.0001,61.6522369384766,198.974511721404,0.131834998726845,0.284993052482605,0.234623834490776,4.20874658057878,-43235.2836792667,-34845.3546882688,-43237.7462124099,-34845.3378080531,-43240.2087455532,-34845.3209278373,1,0,0,0
20140118093043.daq,129,48,1666,1,0,right,0.393692016601563,269.606307983398,12,0.0001,61.6510353088379,208.016771817129,0.131834998726845,0.285257697105408,0.196656957268715,4.27522152119879,-43235.350144133,-34854.3937736252,-43237.8126769973,-34854.3768527491,-43240.2752098615,-34854.3599318729,1,0,0,0
20140118093043.daq,129,48,1666.1,1,0,right,0.394515991210938,269.605484008789,12,0.0001,61.6498756408691,217.058857771524,0.0878899991512299,0.285012781620026,0.206148609519005,4.34171718701735,-43235.4166014363,-34863.4367622815,-43237.8791340569,-34863.4198059916,-43240.3416666776,-34863.4028497016,1,0,0,0
20140118093043.daq,129,48,1666.2,1,0,right,0.393951416015625,269.606048583984,12,0.0001,61.6487159729004,226.100775132887,0.0878899991512299,0.285282790660858,0.187165051698685,4.41203388785397,-43235.4868789553,-34872.4758111421,-43237.9494117429,-34872.4588791171,-43240.4119445305,-34872.4419470922,1,0,0,0
20140118093043.daq,129,48,1666.3,1,0,right,0.394729614257813,269.605270385742,12,0.0001,61.647533416748,235.142520451001,0.0878899991512299,0.285308301448822,0.187165051698685,4.47853635537621,-43235.5533334224,-34881.5148924423,-43238.0158659798,-34881.497926971,-43240.4783985372,-34881.4809614996,1,0,0,0
20140118093043.daq,129,48,1666.4,1,0,right,0.395263671875,269.604736328125,12,0.0001,61.6463737487793,244.184093819131,0.0878899991512299,0.285265862941742,0.215640276670456,4.54893959411888,-43235.6236790127,-34890.5539678441,-43238.0862114118,-34890.5369794193,-43240.548743811,-34890.5199909945,1,0,0,0
20140118093043.daq,129,48,1666.5,1,0,right,0.3951416015625,269.604858398438,12,0.0001,61.6452255249023,253.225497894862,0.0878899991512299,0.284908175468445,0.206148609519005,4.61544941858425,-43235.6900776992,-34899.5969336451,-43238.1526101345,-34899.5799504669,-43240.6151425699,-34899.5629672886,1,0,0,0
20140118093043.daq,129,48,1666.6,1,0,right,0.394683837890625,269.605316162109,12,0.0001,61.6441040039063,262.266735755373,0.0878899991512299,0.285008370876312,0.244115486741066,4.68581564043905,-43235.7603618361,-34908.6359850864,-43238.222894407,-34908.6190215825,-43240.685426978,-34908.6020580786,1,0,0,0
20140118093043.daq,129,48,1666.7,1,0,right,0.394805908203125,269.605194091797,12,0.0001,61.6429824829102,271.307809965001,0.0878899991512299,0.285197615623474,0.225131943821907,4.75231934817684,-43235.8267756496,-34917.6750505354,-43238.2893081844,-34917.658081785,-43240.7518407192,-34917.6411130346,1,0,0,0
20140118093043.daq,129,48,1666.8,1,0,right,0.39453125,269.60546875,12,0.0001,61.6418228149414,280.348716420805,0.0878899991512299,0.285481929779053,0.215640276670456,4.82271283915209,-43235.8970711318,-34926.7141064002,-43238.3596037479,-34926.6971494544,-43240.822136364,-34926.6801925086,1,0,0,0
20140118093043.daq,129,48,1666.9,1,0,right,0.394821166992188,269.605178833008,12,0.0001,61.6406555175781,289.389451859097,0.0878899991512299,0.285467237234116,0.196656957268715,4.8890456783628,-43235.963495345,-34935.7531759041,-43238.4260278753,-34935.7362064979,-43240.8885604056,-34935.7192370916,1,0,0,0
20140118093043.daq,129,48,1667,1,0,right,0.394027709960938,269.605972290039,12,0.0001,61.6395034790039,298.430017025879,0.0878899991512299,0.285338819026947,0.253607153892517,4.9592084336127,-43236.0337586825,-34944.7922192353,-43238.4962914475,-34944.7752839313,-43240.9588242126,-34944.7583486273,1,0,0,0
20140118093043.daq,129,48,1667.1,1,0,right,0.394882202148438,269.605117797852,12,0.0001,61.6383514404297,307.470413692849,0.0878899991512299,0.285192787647247,0.215640276670456,5.02558039244341,-43236.1002178768,-34953.8313023786,-43238.562750389,-34953.8143303491,-43241.0252829012,-34953.7973583196,1,0,0,0
20140118093043.daq,129,48,1667.2,1,0,right,0.3956298828125,269.604370117188,12,0.0001,61.6372146606445,316.510641953268,0.0878899991512299,0.285368144512177,0.225131943821907,5.09586383626214,-43236.1705767032,-34962.8703829408,-43238.6331089938,-34962.8533787765,-43241.0956412843,-34962.8363746123,1,0,0,0
20140118093043.daq,129,48,1667.3,1,0,right,0.395095825195313,269.604904174805,12,0.0001,61.6360893249512,325.550704091744,0.0878899991512299,0.284794211387634,0.196656957268715,5.162205669042,-43236.2369498629,-34971.9055262893,-43238.6994823118,-34971.8885450784,-43241.1620147607,-34971.8715638676,1,0,0,0
20140118093043.daq,129,48,1667.4,1,0,right,0.39556884765625,269.604431152344,12,0.0001,61.6350021362305,334.590604724028,0.0878899991512299,0.284895539283752,0.206148609519005,5.2324893976776,-43236.3072916715,-34980.9446002164,-43238.7698239801,-34980.9275986753,-43241.2323562887,-34980.9105971343,1,0,0,0
20140118093043.daq,129,48,1667.5,1,0,right,0.39581298828125,269.604187011719,12,0.0001,61.6338691711426,343.630343756915,0.0878899991512299,0.285651743412018,0.215640276670456,5.29886378119865,-43236.3737130485,-34989.9836686141,-43238.8362452847,-34989.9666565801,-43241.2987775209,-34989.9496445461,1,0,0,0
20140118093043.daq,129,48,1667.6,1,0,right,0.395553588867188,269.604446411133,12,0.0001,61.6327018737793,352.669912658152,0.0878899991512299,0.284676015377045,0.206148609519005,5.369123865926,-43236.444009476,-34999.0227248477,-43238.9065417892,-34999.0057239625,-43241.3690741024,-34998.9887230774,1,0,0,0
20140118093043.daq,129,48,1667.7,1,0,right,0.3963623046875,269.603637695313,12,0.0001,61.6315956115723,361.709314738036,0.0439449995756149,0.285135239362717,0.158690065145493,5.43556666560556,-43236.5104658345,-35008.0579006338,-43238.9729979075,-35008.0408649906,-43241.4355299804,-35008.0238293474,1,0,0,0
20140118093043.daq,129,48,1667.8,1,0,right,0.3892822265625,269.610717773438,12,0.0001,61.6304550170898,370.748553120415,-0.351559966802597,0.285483926534653,0.215640276670456,5.50542200919375,-43236.5803396583,-35017.0967920768,-43239.0428738176,-35017.0800607305,-43241.5054079768,-35017.0633293841,1,0,0,0
20140118093043.daq,129,48,1667.9,1,0,right,0.371353149414063,269.628646850586,12,0.0001,61.6293182373047,379.787623422642,-0.878899931907654,0.285267889499664,0.168181732296944,5.57071960642721,-43236.645635131,-35026.131514912,-43239.1081744053,-35026.1155541462,-43241.5707136796,-35026.0995933804,1,0,0,0
20140118093043.daq,129,48,1668,1,0,right,0.3382568359375,269.661743164063,12,0.0001,61.6281776428223,388.826526577148,-1.18651497364044,0.285427749156952,0.206148609519005,5.635087548217,-43236.7099912898,-35035.1697764338,-43239.1725393728,-35035.1552381309,-43241.6350874558,-35035.1406998279,1,0,0,0
20140118093043.daq,129,48,1668.1,1,0,right,0.297378540039063,269.702621459961,12,0.0001,61.6270446777344,397.865263469808,-1.2744048833847,0.285037398338318,0.196656957268715,5.69898568959618,-43236.773866047,-35044.2039417361,-43239.2364238758,-35044.1911603684,-43241.6989817046,-35044.1783790006,1,0,0,0
20140118093043.daq,129,48,1668.2,1,0,right,0.24993896484375,269.750061035156,12,0.0001,61.6259002685547,406.903833401258,-1.2744048833847,0.285072952508926,0.196656957268715,5.75467237452419,-43236.8295228675,-35053.2379457198,-43239.2920904348,-35053.2272032969,-43241.7546580022,-35053.216460874,0,1,0,1
20140118093043.daq,129,48,1668.3,1,0,right,0.202392578125,269.797607421875,12,0.0001,61.6247177124023,415.942232781468,-1.2744048833847,0.284817814826965,0.206148609519005,5.80645009674504,-43236.8812677837,-35062.2719446696,-43239.3438434176,-35062.2632457897,-43241.8064190516,-35062.2545469098,0,1,0,1
20140118093043.daq,129,48,1668.4,1,0,right,0.1536865234375,269.846313476563,12,0.0001,61.6235389709473,424.980458859587,-1.2744048833847,0.284615010023117,0.196656957268715,5.85427222261365,-43236.9290356764,-35071.309819111,-43239.3916178153,-35071.3032136229,-43241.8541999542,-35071.2966081347,0,1,0,1
20140118093043.daq,129,48,1668.5,1,0,right,0.10595703125,269.89404296875,12,0.0001,61.6223182678223,434.018509117901,-1.2744048833847,0.285502642393112,0.234623834490776,5.89433127354114,-43236.9690524681,-35080.3438086386,-43239.4316392551,-35080.3392545739,-43241.8942260422,-35080.3347005093,0,1,0,1
20140118093043.daq,129,48,1668.6,1,0,right,0.0584564208984375,269.941543579102,12,0.0001,61.6210594177246,443.056377262168,-1.2744048833847,0.285159647464752,0.234623834490776,5.92268932005146,-43236.9973656315,-35089.3778013199,-43239.4599553479,-35089.3752888446,-43241.9225450642,-35089.3727763693,0,1,0,1
20140118093043.daq,129,48,1668.7,1,0,right,0.01043701171875,269.989562988281,12,0.0001,61.6198806762695,452.094066043195,-1.23045992851257,0.284803479909897,0.225131943821907,5.94711291910234,-43237.0217414506,-35098.4117788185,-43239.4843324077,-35098.4113302324,-43241.9469233649,-35098.4108816463,0,1,0,1
20140118093043.daq,129,48,1668.8,1,0,right,-0.036773681640625,270.036773681641,12,0.0001,61.6187400817871,461.131585764932,-1.14256989955902,0.285088568925858,0.196656957268715,5.96377735137026,-43237.038355718,-35107.4457737444,-43239.5009462088,-35107.4473542889,-43241.9635366996,-35107.4489348335,0,1,0,1
20140118093043.daq,129,48,1668.9,1,0,right,-0.078826904296875,270.078826904297,12,0.0001,61.6175651550293,470.168936194255,-0.878899931907654,0.284978538751602,0.187165051698685,5.97294916222551,-43237.0474769539,-35116.4798935139,-43239.5100656213,-35116.4832815185,-43241.9726542887,-35116.4866695231,0,1,0,1
20140118093043.daq,129,48,1669,1,0,right,-0.11114501953125,270.111145019531,12,0.0001,61.6163902282715,479.206113274879,-0.439449965953827,0.285159289836884,0.168181732296944,5.97490868934337,-43237.0493875185,-35125.514251928,-43239.5119738832,-35125.5190289736,-43241.9745602478,-35125.5238060193,0,1,1,1
20140118093043.daq,129,48,1669.1,1,0,right,-0.132080078125,270.132080078125,12,0.0001,61.6152572631836,488.243121063089,-0.131834983825684,0.285341262817383,0.196656957268715,5.97366247293498,-43237.0480949919,-35134.5488907544,-43239.5106794467,-35134.5545675935,-43241.9732639015,-35134.5602444327,0,1,1,1
20140118093043.daq,129,48,1669.2,1,0,right,-0.141098022460938,270.141098022461,12,0.0001,61.6141357421875,497.279963195557,0.131834998726845,0.28493794798851,0.234623834490776,5.96533651471191,-43237.039725784,-35143.5838239745,-43239.5023093148,-35143.5898884067,-43241.9648928456,-35143.5959528389,0,1,1,1
20140118093043.daq,129,48,1669.3,1,0,right,-0.141677856445313,270.141677856445,12,0.0001,61.6130409240723,506.316643588725,0.26366999745369,0.285805195569992,0.196656957268715,5.95356294478794,-43237.0279712401,-35152.6189658812,-43239.4905547094,-35152.6250552347,-43241.9531381787,-35152.6311445883,0,1,1,1
20140118093043.daq,129,48,1669.4,1,0,right,-0.13616943359375,270.136169433594,12,0.0001,61.6119804382324,515.35316504004,0.395504981279373,0.285236775875092,0.225131943821907,5.93828710973163,-43237.0126862879,-35161.6542583782,-43239.4752703313,-35161.6601109787,-43241.9378543746,-35161.6659635791,0,1,1,1
20140118093043.daq,129,48,1669.5,1,0,right,-0.125686645507813,270.125686645508,12,0.0001,61.610954284668,524.389534076909,0.57128494977951,0.28460031747818,0.234623834490776,5.92343264837816,-43236.9977084512,-35170.6896738224,-43239.4602935241,-35170.6950758704,-43241.922878597,-35170.7004779184,0,1,1,1
20140118093043.daq,129,48,1669.6,1,0,right,-0.111358642578125,270.111358642578,12,0.0001,61.609935760498,533.425753543401,0.527339994907379,0.285012394189835,0.215640276670456,5.9087000880426,-43236.9829680785,-35179.7212779006,-43239.4455544253,-35179.7260641278,-43241.9081407721,-35179.730850355,0,1,1,1
20140118093043.daq,129,48,1669.7,1,0,right,-0.0965728759765625,270.096572875977,12,0.0001,61.6088981628418,542.46182180765,0.483394980430603,0.28507262468338,0.234623834490776,5.89752796704515,-43236.9721623115,-35188.7567993093,-43239.4347498115,-35188.7609500405,-43241.8973373114,-35188.7651007717,0,1,1,1
20140118093043.daq,129,48,1669.8,1,0,right,-0.0859222412109375,270.085922241211,12,0.0001,61.607852935791,551.497737610844,0.219724997878075,0.284800261259079,0.225131943821907,5.88655724785996,-43236.9611012691,-35197.7922184481,-43239.4236894981,-35197.7959114122,-43241.8862777271,-35197.7996043764,0,1,1,1
20140118093043.daq,129,48,1669.9,1,0,right,-0.0854644775390625,270.085464477539,12,0.0001,61.6068115234375,560.533500719845,-0.219724982976913,0.285315036773682,0.177673399448395,5.87489375527318,-43236.9494107885,-35206.8273859943,-43239.4119990469,-35206.8310592836,-43241.8745873053,-35206.8347325729,0,1,1,1
20140118093043.daq,129,48,1670,1,0,right,-0.095855712890625,270.095855712891,12,0.0001,61.6057739257813,569.569110761644,-0.527339935302734,0.285158753395081,0.206148609519005,5.86642725348869,-43236.9409565969,-35215.8622857648,-43239.4035441486,-35215.8664056722,-43241.8661317003,-35215.8705255796,0,1,1,1
20140118093043.daq,129,48,1670.1,1,0,right,-0.115737915039063,270.115737915039,12,0.0001,61.6047172546387,578.604567363247,-0.615229964256287,0.285052478313446,0.187165051698685,5.85347325363177,-43236.9280101878,-35224.8930447021,-43239.3905961616,-35224.8980191514,-43241.8531821354,-35224.9029936008,0,1,1,1
20140118093043.daq,129,48,1670.2,1,0,right,-0.139450073242188,270.139450073242,12,0.0001,61.6036758422852,587.639869638821,-0.615229964256287,0.285382747650146,0.206148609519005,5.84414816922475,-43236.9187337648,-35233.9276147378,-43239.381317469,-35233.9336083408,-43241.8439011732,-35233.9396019438,0,1,1,1
20140118093043.daq,129,48,1670.3,1,0,right,-0.164138793945313,270.164138793945,12,0.0001,61.602653503418,596.675020898649,-0.615229964256287,0.284928143024445,0.215640276670456,5.83085892441572,-43236.9054910594,-35242.9621599871,-43239.3680719524,-35242.9692147155,-43241.8306528453,-35242.9762694439,0,1,1,1
20140118093043.daq,129,48,1670.4,1,0,right,-0.189956665039063,270.189956665039,12,0.0001,61.6016006469727,605.710021282619,-0.615229964256287,0.285063415765762,0.225131943821907,5.81362703641302,-43236.888272687,-35251.9927703397,-43239.350850151,-35252.0009347232,-43241.813427615,-35252.0090991067,0,1,1,1
20140118093043.daq,129,48,1670.5,1,0,right,-0.213729858398438,270.213729858398,12,0.0001,61.6004829406738,614.74486235177,-0.615229964256287,0.285837888717651,0.225131943821907,5.79652236501037,-43236.8711807587,-35261.023430715,-43239.3337546232,-35261.0326168717,-43241.7963284876,-35261.0418030283,0,1,1,1
20140118093043.daq,129,48,1670.6,1,0,right,-0.237930297851563,270.237930297852,12,0.0001,61.599365234375,623.779537532057,-0.615229964256287,0.285287380218506,0.225131943821907,5.77154795010954,-43236.8462502185,-35270.0579861187,-43239.3088199833,-35270.0682124099,-43241.771389748,-35270.0784387011,0,1,1,1
20140118093043.daq,129,48,1670.7,1,0,right,-0.26373291015625,270.263732910156,12,0.0001,61.5983200073242,632.814054143499,-0.659174978733063,0.285637110471725,0.234623834490776,5.74650344362289,-43236.8212211123,-35279.0885947991,-43239.2837860221,-35279.0999300842,-43241.7463509318,-35279.1112653694,0,1,1,1
20140118093043.daq,129,48,1670.8,1,0,right,-0.288742065429688,270.28874206543,12,0.0001,61.5973472595215,641.848422629904,-0.615229964256287,0.284291386604309,0.187165051698685,5.71369563593736,-43236.7884287255,-35288.1192225168,-43239.2509884529,-35288.131632691,-43241.7135481803,-35288.1440428651,0,1,1,1
20140118093043.daq,129,48,1670.9,1,0,right,-0.314117431640625,270.314117431641,12,0.0001,61.5963325500488,650.882647746941,-0.615229964256287,0.284878015518188,0.225131943821907,5.67693184021344,-43236.7517077811,-35297.1537466844,-43239.2142617708,-35297.1672474848,-43241.6768157604,-35297.1807482852,0,0,1,0
20140118093043.daq,129,48,1671,1,0,right,-0.339401245117188,270.339401245117,12,0.0001,61.5952033996582,659.916714714753,-0.615229964256287,0.285122394561768,0.177673399448395,5.6401998811629,-43236.7149927607,-35306.1843661933,-43239.1775405528,-35306.1989536825,-43241.640088345,-35306.2135411716,0,0,1,0
20140118093043.daq,129,48,1671.1,1,0,right,-0.364028930664063,270.364028930664,12,0.0001,61.594051361084,668.950613369248,-0.615229964256287,0.284885793924332,0.196656957268715,5.59569600526966,-43236.6705059587,-35315.2150014025,-43239.1330472532,-35315.2306473775,-43241.5955885477,-35315.2462933526,0,0,1,0
20140118093043.daq,129,48,1671.2,1,0,right,-0.38800048828125,270.388000488281,12,0.0001,61.592960357666,677.984347720136,-0.615229964256287,0.285089492797852,0.187165051698685,5.55123259460207,-43236.6260598545,-35324.2456523643,-43239.0885943874,-35324.2623286224,-43241.5511289203,-35324.2790048805,0,0,1,0
20140118093043.daq,129,48,1671.3,1,0,right,-0.411453247070313,270.41145324707,12,0.0001,61.5918846130371,687.017923921798,-0.483394980430603,0.28513377904892,0.187165051698685,5.49898873569032,-43236.5738334662,-35333.2763156925,-43239.0363609668,-35333.2939999331,-43241.4988884674,-35333.3116841738,0,0,1,0
20140118093043.daq,129,48,1671.4,1,0,right,-0.427230834960938,270.427230834961,12,0.0001,61.5908088684082,696.051341507991,-0.0439449958503246,0.285281121730804,0.215640276670456,5.44722492077225,-43236.5220801504,-35342.3071706826,-43238.9846026878,-35342.3255330309,-43241.4471252253,-35342.3438953791,0,0,1,0
20140118093043.daq,129,48,1671.5,1,0,right,-0.433685302734375,270.433685302734,12,0.0001,61.5897521972656,705.084602763265,0.17577999830246,0.285331040620804,0.206148609519005,5.38823240927212,-43236.4630887684,-35351.3382590105,-43238.9256092217,-35351.356898766,-43241.388129675,-35351.3755385216,0,0,1,0
20140118093043.daq,129,48,1671.6,1,0,right,-0.432876586914063,270.432876586914,12,0.0001,61.5887222290039,714.117710858132,0.351559996604919,0.285838097333908,0.244115486741066,5.32969492795481,-43236.4045448389,-35360.3695292697,-43238.8670655551,-35360.3881342674,-43241.3295862712,-35360.4067392651,0,0,1,0
20140118093043.daq,129,48,1671.7,1,0,right,-0.42498779296875,270.424987792969,12,0.0001,61.5877265930176,723.150669708964,0.483394980430603,0.285187125205994,0.206148609519005,5.26769510937463,-43236.3425308388,-35369.400976856,-43238.8050540932,-35369.4192428003,-43241.2675773477,-35369.4375087446,0,0,1,0
20140118093043.daq,129,48,1671.8,1,0,right,-0.414031982421875,270.414031982422,12,0.0001,61.5868072509766,732.18348887375,0.483394980430603,0.285688489675522,0.215640276670456,5.20979405132431,-43236.2846120815,-35378.4325011492,-43238.7471387836,-35378.4502962218,-43241.2096654858,-35378.4680912945,0,0,1,0
20140118093043.daq,129,48,1671.9,1,0,right,-0.400558471679688,270.40055847168,12,0.0001,61.5859260559082,741.216176278569,0.483394980430603,0.284448564052582,0.196656957268715,5.14814511779181,-43236.2229422628,-35387.4640882993,-43238.6854730815,-35387.4813042908,-43241.1480039002,-35387.4985202823,0,0,1,0
20140118093043.daq,129,48,1672,1,0,right,-0.386825561523438,270.386825561523,12,0.0001,61.5850524902344,750.248736585869,0.483394980430603,0.284488618373871,0.206148609519005,5.09041915032476,-43236.1651947588,-35396.4956817396,-43238.6277296331,-35396.5123075001,-43241.0902645075,-35396.5289332606,0,0,1,0
20140118093043.daq,129,48,1672.1,1,0,right,-0.374420166015625,270.374420166016,12,0.0001,61.5841026306152,759.281162708809,0.439449995756149,0.285552382469177,0.206148609519005,5.03261054810828,-43236.1073655217,-35405.5272418062,-43238.5699039381,-35405.5433343906,-43241.0324423545,-35405.559426975,0,0,1,0
20140118093043.daq,129,48,1672.2,1,0,right,-0.36395263671875,270.363952636719,12,0.0001,61.5830612182617,768.31344196554,0.351559996604919,0.284949004650116,0.234623834490776,4.97858713587852,-43236.0533231611,-35414.5587533081,-43238.5158644764,-35414.574396004,-43240.9784057917,-35414.5900387,0,0,1,0
20140118093043.daq,129,48,1672.3,1,0,right,-0.35479736328125,270.354797363281,12,0.0001,61.5820465087891,777.34557020654,0.395504981279373,0.284033894538879,0.263098806142807,4.92448197375641,-43235.9991999621,-35423.5902319303,-43238.4617437455,-35423.6054811374,-43240.9242875289,-35423.6207303445,0,0,1,0
20140118093043.daq,129,48,1672.4,1,0,right,-0.344696044921875,270.344696044922,12,0.0001,61.5810813903809,786.37755339971,0.395504981279373,0.284907758235931,0.234623834490776,4.87043668292475,-43235.9451351166,-35432.6217340721,-43238.4076815502,-35432.6365491294,-43240.8702279838,-35432.6513641867,0,0,1,0
20140118093043.daq,129,48,1672.5,1,0,right,-0.3350830078125,270.335083007813,12,0.0001,61.5800895690918,795.409393596507,0.307614982128143,0.284957200288773,0.187165051698685,4.82026740644874,-43235.8949464643,-35441.6532239239,-43238.3574953489,-35441.6676258171,-43240.8200442334,-35441.6820277102,0,0,1,0
20140118093043.daq,129,48,1672.6,1,0,right,-0.33306884765625,270.333068847656,12,0.0001,61.5791015625,804.441088465726,-0.0878899917006493,0.285458743572235,0.225131943821907,4.77356817193482,-43235.8481956327,-35450.680617916,-43238.310745022,-35450.6949332414,-43240.7732944114,-35450.7092485668,0,0,1,0
20140118093043.daq,129,48,1672.7,1,0,right,-0.337921142578125,270.337921142578,12,0.0001,61.5781402587891,813.472639592597,-0.263669967651367,0.285066485404968,0.206148609519005,4.72639882752317,-43235.8010215027,-35459.7117468709,-43238.2635696709,-35459.7262707459,-43240.726117839,-35459.7407946209,0,0,1,0
20140118093043.daq,129,48,1672.8,1,0,right,-0.348480224609375,270.348480224609,12,0.0001,61.5772132873535,822.504052851713,-0.263669967651367,0.285048454999924,0.168181732296944,4.67887106912902,-43235.7534956011,-35468.742733377,-43238.2160410508,-35468.7577110766,-43240.6785865006,-35468.7726887762,0,0,1,0
20140118093043.daq,129,48,1672.9,1,0,right,-0.3594970703125,270.359497070313,12,0.0001,61.5762939453125,831.535330993996,-0.263669967651367,0.284760624170303,0.206148609519005,4.62745373073993,-43235.702035283,-35477.7698020821,-43238.1645778073,-35477.7852532802,-43240.6271203316,-35477.8007044784,0,0,1,0
20140118093043.daq,129,48,1673,1,0,right,-0.371490478515625,270.371490478516,12,0.0001,61.575366973877,840.56647364638,-0.263669967651367,0.285015106201172,0.206148609519005,4.57983615926237,-43235.6544210807,-35486.8007525081,-43238.1169603167,-35486.8167191762,-43240.5794995527,-35486.8326858444,0,0,1,0
20140118093043.daq,129,48,1673.1,1,0,right,-0.383697509765625,270.383697509766,12,0.0001,61.5743865966797,849.597476519455,-0.263669967651367,0.284853368997574,0.196656957268715,4.52834865411608,-43235.6028875263,-35495.8277911892,-43238.0654233047,-35495.8442825081,-43240.5279590831,-35495.860773827,0,0,1,0
20140118093043.daq,129,48,1673.2,1,0,right,-0.393600463867188,270.393600463867,12,0.0001,61.5733871459961,858.628333412213,-0.0439449958503246,0.285130798816681,0.244115486741066,4.47695725532049,-43235.5514960171,-35504.8587935844,-43238.0140289084,-35504.8757105256,-43240.4765617996,-35504.8926274669,0,0,1,0
20140118093043.daq,129,48,1673.3,1,0,right,-0.393112182617188,270.393112182617,12,0.0001,61.5723762512207,867.659043112435,0.483394980430603,0.284985184669495,0.215640276670456,4.42236997374236,-43235.4968386059,-35513.8861495454,-43237.9593716413,-35513.9030455007,-43240.4219046766,-35513.9199414559,0,0,1,0
20140118093043.daq,129,48,1673.4,1,0,right,-0.382553100585938,270.382553100586,12,0.0001,61.5713844299316,876.689605993102,0.791009962558746,0.284831166267395,0.225131943821907,4.36842547712248,-43235.4428018021,-35522.9137572962,-43237.9053379094,-35522.9301994292,-43240.3678740166,-35522.9466415621,0,0,1,0
20140118093043.daq,129,48,1673.5,1,0,right,-0.360321044921875,270.360321044922,12,0.0001,61.5704383850098,885.720026390263,1.01073491573334,0.284803867340088,0.215640276670456,4.31516109185489,-43235.3894844961,-35531.9455627557,-43237.852026798,-35531.9610493678,-43240.3145690998,-35531.9765359799,0,0,1,0
20140118093043.daq,129,48,1673.6,1,0,right,-0.329437255859375,270.329437255859,12,0.0001,61.5695381164551,894.75031120429,1.09862494468689,0.284980058670044,0.196656957268715,4.26632463043304,-43235.3406070166,-35540.9736772429,-43237.8031573083,-35540.9878364839,-43240.2657076001,-35541.0019957249,0,0,1,0
20140118093043.daq,129,48,1673.7,1,0,right,-0.29608154296875,270.296081542969,12,0.0001,61.5686454772949,903.780464724623,1.14256989955902,0.28460019826889,0.206148609519005,4.21367071157479,-43235.2879761303,-35550.0057585169,-43237.7505342478,-35550.01848414,-43240.2130923652,-35550.0312097631,0,0,1,0
20140118093043.daq,129,48,1673.8,1,0,right,-0.260177612304688,270.260177612305,12,0.0001,61.5677795410156,912.810490075077,1.14256989955902,0.284755051136017,0.206148609519005,4.1689226963263,-43235.2433153999,-35559.033995708,-43237.7058810083,-35559.0451781869,-43240.1684466166,-35559.0563606658,0,0,1,0
20140118093043.daq,129,48,1673.9,1,0,right,-0.222702026367188,270.222702026367,12,0.0001,61.56689453125,921.840386975891,1.14256989955902,0.284740120172501,0.187165051698685,4.12823930375199,-43235.2026584434,-35568.0661767784,-43237.6652308392,-35568.0757485589,-43240.1278032349,-35568.0853203394,0,0,1,0
20140118093043.daq,129,48,1674,1,0,right,-0.18536376953125,270.185363769531,12,0.0001,61.5659523010254,930.870150018673,1.14256989955902,0.284738630056381,0.225131943821907,4.09530663106838,-43235.1698061205,-35577.0944466829,-43237.6323842311,-35577.1024136633,-43240.0949623416,-35577.1103806438,0,0,1,0
20140118093043.daq,129,48,1674.1,1,0,right,-0.148239135742188,270.148239135742,12,0.0001,61.5649604797363,939.899770904332,1.09862494468689,0.285111308097839,0.263098806142807,4.06627559842075,-43235.140847464,-35586.1227097998,-43237.6034302199,-35586.1290811584,-43240.0660129757,-35586.1354525169,0,0,1,0
20140118093043.daq,129,48,1674.2,1,0,right,-0.114791870117188,270.114791870117,12,0.0001,61.5639533996582,948.929244923827,0.92284494638443,0.284951508045197,0.244115486741066,4.04097437427613,-43235.1155685991,-35595.1547868277,-43237.5781546546,-35595.1597206158,-43240.0407407102,-35595.164654404,0,0,1,0
20140118093043.daq,129,48,1674.3,1,0,right,-0.086578369140625,270.086578369141,12,0.0001,61.5629653930664,957.958572683245,0.74706494808197,0.284978240728378,0.234623834490776,4.02286541742131,-43235.0977794999,-35604.1828272565,-43237.5603676864,-35604.1865484212,-43240.022955873,-35604.1902695858,0,0,1,0
20140118093043.daq,129,48,1674.4,1,0,right,-0.062774658203125,270.062774658203,12,0.0001,61.5620079040527,966.98775758619,0.659174978733063,0.28517809510231,0.187165051698685,4.00871782054045,-43235.0836246181,-35613.2107581266,-43237.546214138,-35613.213456201,-43240.008803658,-35613.2161542754,0,0,1,0
20140118093043.daq,129,48,1674.5,1,0,right,-0.0418548583984375,270.041854858398,12,0.0001,61.5610733032227,976.016803735518,0.659174978733063,0.28548988699913,0.225131943821907,3.99869438227844,-43235.073198077,-35622.2386173605,-43237.5357884179,-35622.2404162956,-43239.9983787589,-35622.2422152307,0,0,1,0
20140118093043.daq,129,48,1674.6,1,0,right,-0.0206298828125,270.020629882813,12,0.0001,61.5601539611816,985.045714488253,0.659174978733063,0.28541573882103,0.215640276670456,3.99562223259252,-43235.0706030788,-35631.2703898821,-43237.5331939172,-35631.2712765611,-43239.9957847556,-35631.27216324,0,0,1,0
20140118093043.daq,129,48,1674.7,1,0,right,-0.0010528564453125,270.001052856445,12,0.0001,61.5592575073242,994.074491336301,0.659174978733063,0.28556352853775,0.168181732296944,3.99312594584401,-43235.067906444,-35640.2982151534,-43237.5304974416,-35640.2982604055,-43239.9930884392,-35640.2983056576,0,0,1,0
20140118093043.daq,129,48,1674.8,1,0,right,0.018096923828125,269.981903076172,12,0.0001,61.5583839416504,1003.10313866239,0.615229964256287,0.284944325685501,0.206148609519005,3.99428816933994,-43235.0690898198,-35649.3260295161,-43237.531680695,-35649.3252517046,-43239.9942715701,-35649.324473893,0,0,1,0
20140118093043.daq,129,48,1674.9,1,0,right,0.0348663330078125,269.965133666992,12,0.0001,61.5574836730957,1012.1316570726,0.57128494977951,0.284733772277832,0.215640276670456,3.99921786900192,-43235.0740324778,-35658.3537850556,-43237.5366230199,-35658.3522864895,-43239.9992135619,-35658.3507879234,0,0,1,0
20140118093043.daq,129,48,1675,1,0,right,0.052978515625,269.947021484375,12,0.0001,61.5565528869629,1021.16004055241,0.57128494977951,0.284858107566833,0.282082378864288,4.00814440228896,-43235.0829645093,-35667.3815732273,-43237.5455544545,-35667.379296194,-43240.0081443998,-35667.3770191608,0,0,1,0
20140118093043.daq,129,48,1675.1,1,0,right,0.0696563720703125,269.93034362793,12,0.0001,61.5556373596191,1030.18828807611,0.527339994907379,0.284763753414154,0.244115486741066,4.02089637610743,-43235.0957142578,-35676.4093258918,-43237.558303436,-35676.4063320393,-43240.0208926141,-35676.4033381868,0,0,1,0
20140118093043.daq,129,48,1675.2,1,0,right,0.0847930908203125,269.91520690918,12,0.0001,61.5547065734863,1039.21640085593,0.527339994907379,0.284599423408508,0.225131943821907,4.03357315800255,-43235.1083688387,-35685.4331342602,-43237.57095714,-35685.4294898273,-43240.0335454412,-35685.4258453944,0,0,1,0
20140118093043.daq,129,48,1675.3,1,0,right,0.099365234375,269.900634765625,12,0.0001,61.5537910461426,1048.24437730663,0.527339994907379,0.28483784198761,0.206148609519005,4.05012115177083,-43235.1248948571,-35694.4608348123,-43237.5874821519,-35694.4565640647,-43240.0500694466,-35694.4522933172,0,0,1,0
20140118093043.daq,129,48,1675.4,1,0,right,0.11248779296875,269.887512207031,12,0.0001,61.5528907775879,1057.27222125141,0.527339994907379,0.285173416137695,0.215640276670456,4.07049240249608,-43235.1452375731,-35703.4884996748,-43237.6078238251,-35703.4836649165,-43240.0704100771,-35703.4788301581,0,0,1,0
20140118093043.daq,129,48,1675.5,1,0,right,0.126495361328125,269.873504638672,12,0.0001,61.552001953125,1066.29993376258,0.527339994907379,0.285220623016357,0.215640276670456,4.09092533684397,-43235.165635097,-35712.5161859887,-43237.6282200934,-35712.5107491819,-43240.0908050898,-35712.5053123751,0,0,1,0
20140118093043.daq,129,48,1675.6,1,0,right,0.138931274414063,269.861068725586,12,0.0001,61.5511283874512,1075.32751703152,0.527339994907379,0.285547643899918,0.196656957268715,4.11517333628296,-43235.1898417447,-35721.5438336893,-43237.652425503,-35721.5378623844,-43240.1150092614,-35721.5318910795,0,0,1,0
20140118093043.daq,129,48,1675.7,1,0,right,0.150833129882813,269.849166870117,12,0.0001,61.5502586364746,1084.35497222381,0.527339994907379,0.285760790109634,0.206148609519005,4.13943597524115,-43235.2140154233,-35730.5675619304,-43237.6765978881,-35730.5610790816,-43240.1391803529,-35730.5545962327,0,0,1,0
20140118093043.daq,129,48,1675.8,1,0,right,0.160202026367188,269.839797973633,12,0.0001,61.5493965148926,1093.38230013213,0.527339994907379,0.284941375255585,0.206148609519005,4.16741593073622,-43235.2419387204,-35739.5951344383,-43237.7045200923,-35739.5882489128,-43240.1671014641,-35739.5813633872,0,0,1,0
20140118093043.daq,129,48,1675.9,1,0,right,0.167861938476563,269.832138061523,12,0.0001,61.5485458374023,1102.40950313423,0.527339994907379,0.285000383853912,0.225131943821907,4.19529474092877,-43235.26975633,-35748.622665148,-43237.7323367593,-35748.6154503983,-43240.1949171886,-35748.6082356486,0,0,1,0
20140118093043.daq,129,48,1676,1,0,right,0.175277709960938,269.824722290039,12,0.0001,61.547664642334,1111.43657950507,0.527339994907379,0.28515949845314,0.225131943821907,4.22712787087924,-43235.3014651102,-35757.6462835884,-43237.7640445851,-35757.6387501079,-43240.2266240599,-35757.6312166274,0,0,1,0
20140118093043.daq,129,48,1676.1,1,0,right,0.180923461914063,269.819076538086,12,0.0001,61.5467529296875,1120.46352411597,0.527339994907379,0.285209655761719,0.215640276670456,4.25880087622574,-43235.333064403,-35766.6737650516,-43237.7956431236,-35766.6659889161,-43240.2582218442,-35766.6582127805,0,0,1,0
20140118093043.daq,129,48,1676.2,1,0,right,0.183944702148438,269.816055297852,12,0.0001,61.5458526611328,1129.49033533507,0.483394980430603,0.285151392221451,0.244115486741066,4.29416113200304,-43235.3684075774,-35775.6972762326,-43237.8309858846,-35775.6893702439,-43240.2935641917,-35775.6814642551,0,0,1,0
20140118093043.daq,129,48,1676.3,1,0,right,0.183273315429688,269.81672668457,12,0.0001,61.544994354248,1138.5170174518,0.439449995756149,0.285196602344513,0.253607153892517,4.32529216044116,-43235.3996160383,-35784.7246036099,-43237.862194438,-35784.7167264774,-43240.3247728376,-35784.7088493449,0,0,1,0
20140118093043.daq,129,48,1676.4,1,0,right,0.180633544921875,269.819366455078,12,0.0001,61.5441551208496,1147.54357559484,0.439449995756149,0.284881800413132,0.225131943821907,4.36016114919352,-43235.434608966,-35793.7479767307,-43237.8971877259,-35793.7402130558,-43240.3597664858,-35793.7324493809,0,0,1,0
20140118093043.daq,129,48,1676.5,1,0,right,0.177383422851563,269.822616577148,12,0.0001,61.5433197021484,1156.57001153589,0.439449995756149,0.285078078508377,0.206148609519005,4.39501084783802,-43235.4695641354,-35802.7713349557,-43237.9321433317,-35802.7637109715,-43240.3947225281,-35802.7560869872,0,0,1,0
20140118093043.daq,129,48,1676.6,1,0,right,0.171615600585938,269.828384399414,12,0.0001,61.5424461364746,1165.59632187139,0.439449995756149,0.285438597202301,0.234623834490776,4.42976313110515,-43235.5043635491,-35811.7985379925,-43237.9669435005,-35811.79116191,-43240.4295234518,-35811.7837858274,0,0,1,0
20140118093043.daq,129,48,1676.7,1,0,right,0.16632080078125,269.833679199219,12,0.0001,61.5415802001953,1174.62250324441,0.439449995756149,0.285359352827072,0.187165051698685,4.4645142186969,-43235.5391922397,-35820.8218462877,-43238.0017728622,-35820.8146977763,-43240.4643534846,-35820.807549265,0,0,1,0
20140118093043.daq,129,48,1676.8,1,0,right,0.15704345703125,269.842956542969,12,0.0001,61.5407791137695,1183.64856297491,0.395504981279373,0.285050213336945,0.215640276670456,4.49513148438286,-43235.5698683315,-35829.845057327,-43238.0324500792,-35829.8383075572,-43240.4950318268,-35829.8315577875,0,0,1,0
20140118093043.daq,129,48,1676.9,1,0,right,0.145767211914063,269.854232788086,12,0.0001,61.5399971008301,1192.67450759032,0.351559996604919,0.285028070211411,0.272590696811676,4.529567803206,-43235.6043270681,-35838.8721256978,-43238.0669100965,-35838.865860583,-43240.5294931249,-35838.8595954682,0,0,1,0
20140118093043.daq,129,48,1677,1,0,right,0.129180908203125,269.870819091797,12,0.0001,61.5391731262207,1201.70033485263,0.131834998726845,0.284104496240616,0.263098806142807,4.55975822883875,-43235.6345511895,-35847.8951578913,-43238.0971359284,-35847.8896056591,-43240.5597206673,-35847.8840534269,0,0,1,0
20140118093043.daq,129,48,1677.1,1,0,right,0.102752685546875,269.897247314453,12,0.0001,61.5382614135742,1210.72603590328,-0.439449965953827,0.285123974084854,0.244115486741066,4.58544934715731,-43235.6602605716,-35856.9179489719,-43238.1228476095,-35856.9135326309,-43240.5854346474,-35856.9091162898,0,0,1,0
20140118093043.daq,129,48,1677.2,1,0,right,0.0642242431640625,269.935775756836,12,0.0001,61.5372657775879,1219.75159549616,-0.659174978733063,0.285309284925461,0.253607153892517,4.61040431991699,-43235.6852221892,-35865.9404427376,-43238.1478116401,-35865.9376823596,-43240.610401091,-35865.9349219816,0,0,1,0
20140118093043.daq,129,48,1677.3,1,0,right,0.014892578125,269.985107421875,12,0.0001,61.5363349914551,1228.77701199942,-0.659174978733063,0.284886538982391,0.187165051698685,4.63079237353211,-43235.7056105438,-35874.9626695457,-43238.1682014586,-35874.962029458,-43240.6307923734,-35874.9613893702,0,0,1,0
20140118093043.daq,129,48,1677.4,1,0,right,-0.035797119140625,270.035797119141,12,0.0001,61.5354499816895,1237.80229692925,-0.527339935302734,0.284779071807861,0.206148609519005,4.64668096007202,-43235.7220097966,-35883.984860291,-43238.184600314,-35883.9863988625,-43240.6471908314,-35883.9879374341,0,0,1,0
20140118093043.daq,129,48,1677.5,1,0,right,-0.0859832763671875,270.085983276367,12,0.0001,61.5345344543457,1246.82745056537,-0.439449965953827,0.284472793340683,0.196656957268715,4.65245926190444,-43235.7267224999,-35893.0031544419,-43238.1893107249,-35893.0068500294,-43240.65189895,-35893.0105456168,0,0,1,0
20140118093043.daq,129,48,1677.6,1,0,right,-0.134445190429688,270.13444519043,12,0.0001,61.5335807800293,1255.85246703314,-0.307614982128143,0.285462766885757,0.177673399448395,4.65284943735472,-43235.7276364822,-35902.0253947694,-43238.1902207006,-35902.0311732616,-43240.6528049189,-35902.0369517537,0,0,1,0
20140118093043.daq,129,48,1677.7,1,0,right,-0.168792724609375,270.168792724609,12,0.0001,61.5325965881348,1264.87734083091,0.527339994907379,0.284911572933197,0.139706522226334,4.65075400703203,-43235.7255163167,-35911.0479822373,-43238.1880966285,-35911.0552369923,-43240.6506769403,-35911.0624917473,0,0,1,0
20140118093043.daq,129,48,1677.8,1,0,right,-0.187896728515625,270.187896728516,12,0.0001,61.5316772460938,1273.90207377702,0.834954977035522,0.285002201795578,0.215640276670456,4.63789963140612,-43235.7126185572,-35920.0709464017,-43238.1751963132,-35920.079022249,-43240.6377740691,-35920.0870980962,0,0,1,0
20140118093043.daq,129,48,1677.9,1,0,right,-0.198074340820313,270.19807434082,12,0.0001,61.5307769775391,1282.92667398407,0.834954977035522,0.285474807024002,0.206148609519005,4.6217091627075,-43235.6963655072,-35929.0941315729,-43238.1589417897,-35929.1026448547,-43240.6215180723,-35929.1111581365,0,0,1,0
20140118093043.daq,129,48,1678,1,0,right,-0.200424194335938,270.200424194336,12,0.0001,61.5299415588379,1291.95114630101,1.01073491573334,0.284698367118835,0.196656957268715,4.60209800854546,-43235.6766892565,-35938.1175107982,-43238.1392651878,-35938.1261250768,-43240.6018411191,-35938.1347393555,0,0,1,0
20140118093043.daq,129,48,1678.1,1,0,right,-0.193572998046875,270.193572998047,12,0.0001,61.5291748046875,1300.975501498,1.53807497024536,0.285128831863403,0.225131943821907,4.57926529883065,-43235.6536745249,-35947.1372119364,-43238.1162514687,-35947.1455317501,-43240.5788284125,-35947.1538515639,0,0,1,0
20140118093043.daq,129,48,1678.2,1,0,right,-0.176345825195313,270.176345825195,12,0.0001,61.5284423828125,1309.99974736126,1.88963496685028,0.285311579704285,0.196656957268715,4.55313509323061,-43235.6273939059,-35956.1610763928,-43238.0899732399,-35956.168655781,-43240.552552574,-35956.1762351693,0,0,1,0
20140118093043.daq,129,48,1678.3,1,0,right,-0.1514892578125,270.151489257813,12,0.0001,61.5276756286621,1319.02388342457,1.7577999830246,0.28489077091217,0.215640276670456,4.5311605373913,-43235.6054905917,-35965.185129372,-43238.0680729822,-35965.1916404214,-43240.5306553726,-35965.1981514707,0,0,1,0
20140118093043.daq,129,48,1678.4,1,0,right,-0.133712768554688,270.133712768555,12,0.0001,61.5268859863281,1328.04790563163,1.2744048833847,0.285191714763641,0.196656957268715,4.51259864848921,-43235.5870566979,-35974.2090066316,-43238.0496409899,-35974.2147536441,-43240.5122252819,-35974.2205006566,0,0,1,0
20140118093043.daq,129,48,1678.5,1,0,right,-0.124176025390625,270.124176025391,12,0.0001,61.5260810852051,1337.071810066,0.92284494638443,0.28524649143219,0.187165051698685,4.49355117432164,-43235.5681142144,-35983.2326799137,-43238.0306994289,-35983.238017035,-43240.4932846434,-35983.2433541562,0,0,1,0
20140118093043.daq,129,48,1678.6,1,0,right,-0.123077392578125,270.123077392578,12,0.0001,61.5252723693848,1346.09559640131,0.834954977035522,0.285023927688599,0.225131943821907,4.47790948975255,-43235.5525570429,-35992.2561445695,-43238.0151423592,-35992.2614344713,-43240.4777276756,-35992.2667243731,0,0,1,0
20140118093043.daq,129,48,1678.7,1,0,right,-0.130157470703125,270.130157470703,12,0.0001,61.5244331359863,1355.1192630057,0.703119993209839,0.284724742174149,0.225131943821907,4.46175433385606,-43235.5364949355,-36001.2755007926,-43237.9990795793,-36001.2810949977,-43240.4616642232,-36001.2866892027,0,0,1,0
20140118093043.daq,129,48,1678.8,1,0,right,-0.143310546875,270.143310546875,12,0.0001,61.523567199707,1364.14280330518,0.527339994907379,0.28519281744957,0.225131943821907,4.4452724570677,-43235.5200579528,-36010.2986129914,-43237.9826412476,-36010.3047725183,-43240.4452245423,-36010.3109320452,0,0,1,0
20140118093043.daq,129,48,1678.9,1,0,right,-0.160751342773438,270.160751342773,12,0.0001,61.5227317810059,1373.16621865187,0.395504981279373,0.285052210092545,0.215640276670456,4.42852872128489,-43235.5033563903,-36019.3177126092,-43237.965937696,-36019.3246217445,-43240.4285190018,-36019.3315308797,0,0,1,0
20140118093043.daq,129,48,1679,1,0,right,-0.183639526367188,270.183639526367,12,0.0001,61.5218811035156,1382.18951156344,0.351559996604919,0.285156548023224,0.196656957268715,4.41147600351154,-43235.4863187781,-36028.3405831655,-43237.9488971273,-36028.3484760378,-43240.4114754765,-36028.3563689101,0,0,1,0
20140118093043.daq,129,48,1679.1,1,0,right,-0.207687377929688,270.20768737793,12,0.0001,61.5210151672363,1391.21267849646,0.307614982128143,0.285503268241882,0.206148609519005,4.39046204894353,-43235.4653035876,-36037.3595181388,-43237.9278784072,-36037.3684445894,-43240.3904532267,-36037.3773710401,0,0,1,0
20140118093043.daq,129,48,1679.2,1,0,right,-0.23388671875,270.23388671875,12,0.0001,61.5201644897461,1400.23571851848,0.26366999745369,0.285182297229767,0.196656957268715,4.36932516617767,-43235.4441559185,-36046.3823053062,-43237.9067263988,-36046.3923578045,-43240.3692968792,-36046.4024103028,0,0,1,0
20140118093043.daq,129,48,1679.3,1,0,right,-0.262588500976563,270.262588500977,12,0.0001,61.519344329834,1409.25863638512,0.219724997878075,0.285222858190536,0.187165051698685,4.34025224253277,-43235.4150416979,-36055.4011232584,-43237.8776068335,-36055.412409357,-43240.3401719692,-36055.4236954555,0,0,1,0
20140118093043.daq,129,48,1679.4,1,0,right,-0.292098999023438,270.292098999023,12,0.0001,61.5185470581055,1418.28143536008,0.219724997878075,0.28494530916214,0.234623834490776,4.31115493484673,-43235.3858779644,-36064.4199201878,-43237.8484369605,-36064.4324746421,-43240.3109959565,-36064.4450290965,0,0,1,0
20140118093043.daq,129,48,1679.5,1,0,right,-0.320648193359375,270.320648193359,12,0.0001,61.5177536010742,1427.30411847397,0.219724997878075,0.285430192947388,0.168181732296944,4.27819674589044,-43235.352867627,-36073.4426463956,-43237.8154200618,-36073.456427886,-43240.2779724965,-36073.4702093763,0,0,1,0
20140118093043.daq,129,48,1679.6,1,0,right,-0.350631713867188,270.350631713867,12,0.0001,61.516902923584,1436.32668069135,0.219724997878075,0.285176396369934,0.206148609519005,4.23739574433183,-43235.3119567312,-36082.4614296735,-43237.7745016167,-36082.4764998431,-43240.2370465023,-36082.4915700127,0,0,1,0
20140118093043.daq,129,48,1679.7,1,0,right,-0.380157470703125,270.380157470703,12,0.0001,61.5160675048828,1445.34911898164,0.219724997878075,0.285086005926132,0.206148609519005,4.19274612628791,-43235.2671681879,-36091.4802234257,-43237.7297049805,-36091.496562596,-43240.1922417731,-36091.5129017662,0,0,1,0
20140118093043.daq,129,48,1679.8,1,0,right,-0.408935546875,270.408935546875,12,0.0001,61.515209197998,1454.37143353137,0.219724997878075,0.285343527793884,0.234623834490776,4.14425197602401,-43235.2185198432,-36100.4990349512,-43237.6810481184,-36100.516610983,-43240.1435763937,-36100.5341870149,0,0,1,0
20140118093043.daq,129,48,1679.9,1,0,right,-0.438430786132813,270.438430786133,12,0.0001,61.5143280029297,1463.39362014433,0.219724997878075,0.28566113114357,0.244115486741066,4.09146287746646,-43235.1659214312,-36109.5178276166,-43237.6284403323,-36109.5366713286,-43240.0909592333,-36109.5555150407,0,0,1,0
20140118093043.daq,129,48,1680,1,0,right,-0.46661376953125,270.466613769531,12,0.0001,61.5134773254395,1472.41567928674,0.219724997878075,0.285511553287506,0.244115486741066,4.03492477967396,-43235.1094979711,-36118.5405585181,-43237.5720073052,-36118.560613506,-43240.0345166394,-36118.580668494,0,0,1,0
20140118093043.daq,129,48,1680.1,1,0,right,-0.495773315429688,270.49577331543,12,0.0001,61.5126953125,1481.43761841851,0.26366999745369,0.285346210002899,0.206148609519005,3.97047489555183,-43235.0452022246,-36127.5593577867,-43237.5077010332,-36127.5806660171,-43239.9701998419,-36127.6019742475,0,0,1,0
20140118093043.daq,129,48,1680.2,1,0,right,-0.524124145507813,270.524124145508,12,0.0001,61.5119209289551,1490.45944425353,0.307614982128143,0.285243511199951,0.206148609519005,3.90219265839958,-43234.977050389,-36136.5781764801,-43237.4395383526,-36136.60070319,-43239.9020263162,-36136.6232298998,0,0,1,0
20140118093043.daq,129,48,1680.3,1,0,right,-0.550674438476563,270.550674438477,12,0.0001,61.511157989502,1499.48115665191,0.351559996604919,0.285617738962173,0.158690065145493,3.83404717376462,-43234.909009734,-36145.5970396442,-43237.3714869945,-36145.620707444,-43239.8339642551,-36145.6443752437,0,0,1,0
20140118093043.daq,129,48,1680.4,1,0,right,-0.574356079101563,270.574356079102,12,0.0001,61.5104179382324,1508.50275845773,0.57128494977951,0.284805834293365,0.234623834490776,3.75829489046166,-43234.8333334312,-36154.6159743533,-43237.295800699,-36154.6406599485,-43239.7582679667,-36154.6653455438,0,0,1,0
20140118093043.daq,129,48,1680.5,1,0,right,-0.5888671875,270.5888671875,12,0.0001,61.5096740722656,1517.52425307455,0.92284494638443,0.285231471061707,0.206148609519005,3.67923750467896,-43234.7543154263,-36163.6312335206,-43237.2167763631,-36163.6565427758,-43239.6792372999,-36163.681852031,0,0,1,0
20140118093043.daq,129,48,1680.6,1,0,right,-0.596267700195313,270.596267700195,12,0.0001,61.5088844299316,1526.54563495406,1.09862494468689,0.285379886627197,0.234623834490776,3.59676833067624,-43234.6718287889,-36172.6505781127,-43237.1342864361,-36172.6762054273,-43239.5967440833,-36172.7018327419,0,0,1,0
20140118093043.daq,129,48,1680.7,1,0,right,-0.595916748046875,270.595916748047,12,0.0001,61.5080718994141,1535.56689896766,1.18651497364044,0.284677237272263,0.234623834490776,3.51092224129868,-43234.5859128841,-36181.6701182158,-43237.0483706882,-36181.6957304472,-43239.5108284923,-36181.7213426786,0,0,1,0
20140118093043.daq,129,48,1680.8,1,0,right,-0.591354370117188,270.591354370117,12,0.0001,61.5072822570801,1544.58804511534,1.2744048833847,0.2851642370224,0.234623834490776,3.42539062737005,-43234.5002561259,-36190.6897645447,-43236.9627159617,-36190.7151806941,-43239.4251757975,-36190.7405968436,0,0,1,0
20140118093043.daq,129,48,1680.9,1,0,right,-0.58355712890625,270.583557128906,12,0.0001,61.5064964294434,1553.6090759614,1.40623998641968,0.285294622182846,0.225131943821907,3.34011842686653,-43234.4147984434,-36199.7094924162,-43236.8772617152,-36199.7345734553,-43239.339724987,-36199.7596544945,0,0,1,0
20140118093043.daq,129,48,1681,1,0,right,-0.571945190429688,270.57194519043,12,0.0001,61.5057258605957,1562.62999276471,1.40623998641968,0.285221666097641,0.225131943821907,3.2512437738544,-43234.3256693048,-36208.7293163612,-43236.7881376091,-36208.7538983408,-43239.2506059134,-36208.7784803205,0,0,1,0
20140118093043.daq,129,48,1681.1,1,0,right,-0.560272216796875,270.560272216797,12,0.0001,61.5049781799316,1571.65079729698,1.36229491233826,0.284985542297363,0.206148609519005,3.16623829387106,-43234.2404502322,-36217.7491416986,-43236.7029234935,-36217.7732219946,-43239.1653967548,-36217.7973022906,0,0,1,0
20140118093043.daq,129,48,1681.2,1,0,right,-0.548812866210938,270.548812866211,12,0.0001,61.5042533874512,1580.67149422065,1.36229491233826,0.285052269697189,0.196656957268715,3.08466144070592,-43234.1591243201,-36226.7689615117,-43236.6216023483,-36226.7925493042,-43239.0840803765,-36226.8161370967,0,0,1,0
20140118093043.daq,129,48,1681.3,1,0,right,-0.5361328125,270.5361328125,12,0.0001,61.5035247802734,1589.69208479454,1.40623998641968,0.284927040338516,0.187165051698685,3.00320264648963,-43234.0778736111,-36235.7888118994,-43236.5403567992,-36235.8118547235,-43239.0028399873,-36235.8348975477,0,0,1,0
20140118093043.daq,129,48,1681.4,1,0,right,-0.520156860351563,270.520156860352,12,0.0001,61.5028495788574,1598.71257288849,1.53807497024536,0.284521698951721,0.196656957268715,2.9219943406513,-43233.996825887,-36244.808744994,-43236.4593154045,-36244.8311011957,-43238.921804922,-36244.8534573975,0,0,1,0
20140118093043.daq,129,48,1681.5,1,0,right,-0.505233764648438,270.505233764648,12,0.0001,61.502140045166,1607.73296078703,1.45018494129181,0.285259664058685,0.206148609519005,2.8446553646045,-43233.9196196972,-36253.8247451082,-43236.382114954,-36253.8464599362,-43238.8446102107,-36253.8681747642,0,0,1,0
20140118093043.daq,129,48,1681.6,1,0,right,-0.489639282226563,270.489639282227,12,0.0001,61.5013771057129,1616.75323949178,1.36229491233826,0.285621732473373,0.187165051698685,2.76745836952508,-43233.8424549488,-36262.844668093,-43236.3049560246,-36262.8657126904,-43238.7674571004,-36262.8867572878,0,0,1,0
20140118093043.daq,129,48,1681.7,1,0,right,-0.475967407226563,270.475967407227,12,0.0001,61.5006446838379,1625.77340751071,1.36229491233826,0.2835893034935,0.234623834490776,2.69411109912922,-43233.7690781509,-36271.8645425667,-43236.2315841782,-36271.8849995634,-43238.6940902056,-36271.9054565601,0,0,1,0
20140118093043.daq,129,49,1881.53333333333,1,0,left,-0.291488647460938,270.291488647461,12,0.0001,61.0975036621094,0,0.878899991512299,0.258134245872498,0.215640276670456,-3.25087170505675,-43232.7531031024,-55214.7324353849,-43235.2156622321,-55214.7449636065,-43237.6782213617,-55214.7574918281,1,0,0,0
20140118093043.daq,129,49,1881.63333333333,1,0,left,-0.2735595703125,270.273559570313,12,0.0001,61.0781898498535,8.95957070728764,0.878899991512299,0.25770491361618,0.215640276670456,-3.28876301794383,-43232.7112400414,-55223.6899128707,-43235.1738029709,-55223.7016705042,-43237.6363659003,-55223.7134281377,1,0,0,0
20140118093043.daq,129,49,1881.73333333333,1,0,left,-0.254974365234375,270.254974365234,12,0.0001,61.058910369873,17.9163114665134,0.878899991512299,0.258090615272522,0.225131943821907,-3.32679675599441,-43232.6733238413,-55232.6435000716,-43235.1358904551,-55232.6544589155,-43237.5984570688,-55232.6654177594,1,0,0,0
20140118093043.daq,129,49,1881.83333333333,1,0,left,-0.23834228515625,270.238342285156,12,0.0001,61.0396766662598,26.8702276394179,0.878899991512299,0.257590621709824,0.206148609519005,-3.36526722863558,-43232.6352873032,-55241.5970383844,-43235.0978569944,-55241.6072823828,-43237.5604266856,-55241.6175263812,1,0,0,0
20140118093043.daq,129,49,1881.93333333333,1,0,left,-0.220489501953125,270.220489501953,12,0.0001,61.0205078125,35.8213275717862,0.878899991512299,0.258913993835449,0.244115486741066,-3.39923323911308,-43232.6012324486,-55250.5467004507,-43235.0638052122,-55250.5561771369,-43237.5263779757,-55250.5656538231,1,0,0,0
20140118093043.daq,129,49,1882.03333333333,1,0,left,-0.203582763671875,270.203582763672,12,0.0001,61.0014572143555,44.7696228263667,0.878899991512299,0.258891046047211,0.234623834490776,-3.42908387661917,-43232.5710256067,-55259.4963387085,-43235.0336010594,-55259.5050887427,-43237.4961765121,-55259.5138387768,1,0,0,0
20140118093043.daq,129,49,1882.13333333333,1,0,left,-0.185546875,270.185546875,12,0.0001,60.9826774597168,53.7151431494276,0.878899991512299,0.257782638072968,0.225131943821907,-3.4591172081621,-43232.5408885706,-55268.4381921447,-43235.0034666557,-55268.4461669951,-43237.4660447408,-55268.4541418454,1,0,0,0
20140118093043.daq,129,49,1882.23333333333,1,0,left,-0.1680908203125,270.168090820313,12,0.0001,60.9641304016113,62.6579275187687,0.878899991512299,0.258621335029602,0.234623834490776,-3.48540903461191,-43232.514622138,-55277.3800308707,-43234.9772025385,-55277.3872554578,-43237.4397829389,-55277.3944800448,1,0,0,0
20140118093043.daq,129,49,1882.33333333333,1,0,left,-0.150726318359375,270.150726318359,12,0.0001,60.9457092285156,71.5980008316692,0.878899991512299,0.258613437414169,0.215640276670456,-3.50792627053667,-43232.4922564358,-55286.3218670028,-43234.9548389127,-55286.3283452609,-43237.4174213896,-55286.334823519,1,0,0,0
20140118093043.daq,129,49,1882.43333333333,1,0,left,-0.13299560546875,270.132995605469,12,0.0001,60.9274291992188,80.5353831365937,0.834954977035522,0.258103042840958,0.225131943821907,-3.53042742014663,-43232.4699134717,-55295.2558993658,-43234.9324978355,-55295.2616155545,-43237.3950821993,-55295.2673317432,1,0,0,0
20140118093043.daq,129,49,1882.53333333333,1,0,left,-0.118148803710938,270.118148803711,12,0.0001,60.9092445373535,89.4700923372002,0.791009962558746,0.25886732339859,0.225131943821907,-3.54898108684884,-43232.4512988352,-55304.1898601275,-43234.9138845975,-55304.1949381974,-43237.3764703597,-55304.2000162673,1,0,0,0
20140118093043.daq,129,49,1882.63333333333,1,0,left,-0.102218627929688,270.10221862793,12,0.0001,60.8911323547363,98.4021387840912,0.791009962558746,0.258887469768524,0.215640276670456,-3.56346477297535,-43232.4366574398,-55313.123847406,-43234.8992445187,-55313.1282407931,-43237.3618315977,-55313.1326341802,1,0,0,0
20140118093043.daq,129,49,1882.73333333333,1,0,left,-0.08782958984375,270.087829589844,12,0.0001,60.8731002807617,107.331535625213,0.791009962558746,0.259032726287842,0.196656957268715,-3.57477146871047,-43232.4258272312,-55322.0499838781,-43234.8884153359,-55322.0537588206,-43237.3510034406,-55322.0575337631,1,0,0,0
20140118093043.daq,129,49,1882.83333333333,1,0,left,-0.0740203857421875,270.074020385742,12,0.0001,60.8551483154297,116.258293304418,0.74706494808197,0.258934050798416,0.111231304705143,-3.58554200841171,-43232.4149613011,-55330.9761058261,-43234.877550244,-55330.9792872451,-43237.340139187,-55330.9824686642,1,0,0,0
20140118093043.daq,129,49,1882.93333333333,1,0,left,-0.06103515625,270.06103515625,12,0.0001,60.8372764587402,125.182424037252,0.74706494808197,0.258692920207977,0.206148609519005,-3.59277226161446,-43232.4079508093,-55339.8983010076,-43234.8705404101,-55339.9009243177,-43237.3331300108,-55339.9035476278,1,0,0,0
20140118093043.daq,129,49,1883.03333333333,1,0,left,-0.0476531982421875,270.047653198242,12,0.0001,60.8194808959961,134.103938687098,0.791009962558746,0.258571624755859,0.215640276670456,-3.5994900129761,-43232.4009648967,-55348.8205057812,-43234.8635550429,-55348.8225539307,-43237.3261451892,-55348.8246020802,1,0,0,0
20140118093043.daq,129,49,1883.13333333333,1,0,left,-0.035675048828125,270.035675048828,12,0.0001,60.8017539978027,143.022848816821,0.791009962558746,0.258287489414215,0.253607153892517,-3.6026966826141,-43232.3977985878,-55357.7387695467,-43234.8603891084,-55357.7403028717,-43237.322979629,-55357.7418361966,1,0,0,0
20140118093043.daq,129,49,1883.23333333333,1,0,left,-0.021942138671875,270.021942138672,12,0.0001,60.7840919494629,151.939164077601,0.791009962558746,0.25870269536972,0.206148609519005,-3.60586533051349,-43232.3947407537,-55366.6531700908,-43234.8573315712,-55366.6541131709,-43237.3199223886,-55366.6550562511,1,0,0,0
20140118093043.daq,129,49,1883.33333333333,1,0,left,-0.008331298828125,270.008331298828,12,0.0001,60.7664260864258,160.852889131871,0.791009962558746,0.259229451417923,0.215640276670456,-3.60487809428653,-43232.3955817082,-55375.5675674293,-43234.8581726801,-55375.5679255112,-43237.3207636521,-55375.5682835931,1,0,0,0
20140118093043.daq,129,49,1883.43333333333,1,0,left,0.006500244140625,269.993499755859,12,0.0001,60.7488021850586,169.764025471522,0.791009962558746,0.258702158927917,0.234623834490776,-3.60385616018423,-43232.396498175,-55384.4741820708,-43234.8590891572,-55384.4739026882,-43237.3216801393,-55384.4736233056,1,0,0,0
20140118093043.daq,129,49,1883.53333333333,1,0,left,0.01995849609375,269.980041503906,12,0.0001,60.7313079833984,178.672585825145,0.74706494808197,0.258174061775208,0.225131943821907,-3.59898911431979,-43232.4012361155,-55393.3846689939,-43234.8638269641,-55393.3838111713,-43237.3264178127,-55393.3829533487,1,0,0,0
20140118093043.daq,129,49,1883.63333333333,1,0,left,0.0330352783203125,269.96696472168,12,0.0001,60.7138710021973,187.578585998184,0.74706494808197,0.258871376514435,0.215640276670456,-3.59034728519435,-43232.4098568064,-55402.2873338569,-43234.8724473951,-55402.2859139902,-43237.3350379837,-55402.2844941234,1,0,0,0
20140118093043.daq,129,49,1883.73333333333,1,0,left,0.0457611083984375,269.954238891602,12,0.0001,60.6964111328125,196.482027156308,0.74706494808197,0.258688449859619,0.215640276670456,-3.58159048500644,-43232.4184558776,-55411.189989925,-43234.8810460901,-55411.188023098,-43237.3436363027,-55411.1860562711,1,0,0,0
20140118093043.daq,129,49,1883.83333333333,1,0,left,0.0590667724609375,269.940933227539,12,0.0001,60.6790046691895,205.382910325163,0.74706494808197,0.258800894021988,0.225131943821907,-3.57292030559414,-43232.4270908618,-55420.0887537865,-43234.8896805512,-55420.0862150781,-43237.3522702407,-55420.0836763697,1,0,0,0
20140118093043.daq,129,49,1883.93333333333,1,0,left,0.07159423828125,269.928405761719,12,0.0001,60.6616706848145,214.281246088503,0.74706494808197,0.25931179523468,0.215640276670456,-3.55664447102528,-43232.4434903114,-55428.9874983857,-43234.9060793868,-55428.9844212432,-43237.3686684623,-55428.9813441006,1,0,0,0
20140118093043.daq,129,49,1884.03333333333,1,0,left,0.080841064453125,269.919158935547,12,0.0001,60.6436958312988,223.17698311308,0.483394980430603,0.258715778589249,0.206148609519005,-3.54428436732939,-43232.4557807444,-55438.2533499545,-43234.9183692912,-55438.2498753808,-43237.380957838,-55438.246400807,1,0,0,0
20140118093043.daq,129,49,1884.13333333333,1,0,left,0.0864105224609375,269.913589477539,12,0.0001,60.6265335083008,232.070152776956,0.395504981279373,0.258814990520477,0.206148609519005,-3.52825986958667,-43232.4717500926,-55447.1441113747,-43234.93433829,-55447.1403974241,-43237.3969264874,-55447.1366834735,1,0,0,0
20140118093043.daq,129,49,1884.23333333333,1,0,left,0.0879058837890625,269.912094116211,12,0.0001,60.6094093322754,240.960808744654,0.395504981279373,0.258779019117355,0.225131943821907,-3.50883739660637,-43232.4913738,-55456.0347729969,-43234.9539618996,-55456.0309947753,-43237.4165499992,-55456.0272165536,1,0,0,0
20140118093043.daq,129,49,1884.33333333333,1,0,left,0.0894317626953125,269.910568237305,12,0.0001,60.5923156738281,249.848954932502,0.395504981279373,0.258771657943726,0.206148609519005,-3.48975412197068,-43232.5109993952,-55464.921529114,-43234.9735873934,-55464.9176853097,-43237.4361753915,-55464.9138415053,1,0,0,0
20140118093043.daq,129,49,1884.43333333333,1,0,left,0.0893402099609375,269.910659790039,12,0.0001,60.575267791748,258.734597215225,0.395504981279373,0.258769750595093,0.225131943821907,-3.46990536984393,-43232.5305249845,-55473.804339372,-43234.9931129887,-55473.8004995027,-43237.455700993,-55473.7966596333,1,0,0,0
20140118093043.daq,129,49,1884.53333333333,1,0,left,0.08917236328125,269.910827636719,12,0.0001,60.5582847595215,267.617744498013,0.351559996604919,0.259056866168976,0.206148609519005,-3.45007997838254,-43232.5500458564,-55482.6871477617,-43235.012633872,-55482.6833151065,-43237.4752218875,-55482.6794824512,1,0,0,0
20140118093043.daq,129,49,1884.63333333333,1,0,left,0.08721923828125,269.912780761719,12,0.0001,60.5413627624512,276.498405033315,0.351559996604919,0.258592009544373,0.215640276670456,-3.43082737429571,-43232.5694563449,-55491.5660061809,-43235.0320444896,-55491.5622574715,-43237.4946326344,-55491.558508762,1,0,0,0
20140118093043.daq,129,49,1884.73333333333,1,0,left,0.0857696533203125,269.91423034668,12,0.0001,60.5245056152344,285.376588285901,0.351559996604919,0.258715867996216,0.253607153892517,-3.41187080971291,-43232.5888979683,-55500.4409706787,-43235.0514862071,-55500.4372842729,-43237.5140744458,-55500.433597867,1,0,0,0
20140118093043.daq,129,49,1884.83333333333,1,0,left,0.084686279296875,269.915313720703,12,0.0001,60.5076560974121,294.252299990476,0.351559996604919,0.258469521999359,0.225131943821907,-3.39172827761309,-43232.6083622347,-55509.3159441441,-43235.0709505428,-55509.3123043019,-43237.5335388508,-55509.3086644598,1,0,0,0
20140118093043.daq,129,49,1884.93333333333,1,0,left,0.0819549560546875,269.918045043945,12,0.0001,60.4908599853516,303.12554378371,0.307614982128143,0.259018898010254,0.206148609519005,-3.37250366578562,-43232.627724613,-55518.1869709912,-43235.0903130917,-55518.1834485421,-43237.5529015705,-55518.179926093,1,0,0,0
20140118093043.daq,129,49,1885.03333333333,1,0,left,0.0774688720703125,269.92253112793,12,0.0001,60.4741287231445,311.996328664216,0.17577999830246,0.258455216884613,0.215640276670456,-3.35709799762629,-43232.6430722551,-55527.0579548386,-43235.1056610021,-55527.0546252027,-43237.5682497491,-55527.0512955667,1,0,0,0
20140118093043.daq,129,49,1885.13333333333,1,0,left,0.0700225830078125,269.929977416992,12,0.0001,60.4574661254883,320.864665775065,0.0439449995756149,0.258811146020889,0.206148609519005,-3.33785688445847,-43232.6621431477,-55535.9210536173,-43235.1247323067,-55535.918044025,-43237.5873214657,-55535.9150344326,1,0,0,0
20140118093043.daq,129,49,1885.23333333333,1,0,left,0.058624267578125,269.941375732422,12,0.0001,60.4408149719238,329.730559918506,0,0.258903294801712,0.206148609519005,-3.31947489014809,-43232.6809697574,-55544.7879616858,-43235.1435594663,-55544.7854419964,-43237.6061491752,-55544.782922307,1,0,0,0
20140118093043.daq,129,49,1885.33333333333,1,0,left,0.0446624755859375,269.955337524414,12,0.0001,60.4242210388184,338.594015290786,-0.0439449958503246,0.258607029914856,0.206148609519005,-3.30440600855306,-43232.6957317194,-55553.6469942191,-43235.1583219692,-55553.6450746118,-43237.620912219,-55553.6431550045,1,0,0,0
20140118093043.daq,129,49,1885.43333333333,1,0,left,0.0298919677734375,269.970108032227,12,0.0001,60.4077224731445,347.455043641239,-0.0439449958503246,0.259175837039948,0.206148609519005,-3.28970792293932,-43232.7104437821,-55562.5060066867,-43235.173034445,-55562.5047219204,-43237.6356251078,-55562.5034371541,1,0,0,0
20140118093043.daq,129,49,1885.53333333333,1,0,left,0.0143585205078125,269.985641479492,12,0.0001,60.3912887573242,356.313657465071,-0.0439449958503246,0.258911907672882,0.225131943821907,-3.2756487859363,-43232.7251087899,-55571.3610939246,-43235.1876997105,-55571.3604767908,-43237.6502906312,-55571.359859657,1,0,0,0
20140118093043.daq,129,49,1885.63333333333,1,0,left,-0.0008544921875,270.000854492188,12,0.0001,60.3749504089355,365.169867952092,-0.0439449958503246,0.258713901042938,0.187165051698685,-3.2642654152019,-43232.7358874513,-55580.2161887803,-43235.198478449,-55580.2162255067,-43237.6610694467,-55580.216262233,1,0,0,0
20140118093043.daq,129,49,1885.73333333333,1,0,left,-0.015380859375,270.015380859375,12,0.0001,60.358642578125,374.023684660264,-0.0439449958503246,0.25857225060463,0.206148609519005,-3.25774935063058,-43232.7428023866,-55589.0673940289,-43235.2053932959,-55589.0680551032,-43237.6679842052,-55589.0687161774,1,0,0,0
20140118093043.daq,129,49,1885.83333333333,1,0,left,-0.0310516357421875,270.031051635742,12,0.0001,60.3423728942871,382.875112158799,-0.0878899917006493,0.258708357810974,0.215640276670456,-3.25055128663296,-43232.7496467121,-55597.9185708776,-43235.2122373484,-55597.9199054868,-43237.6748279848,-55597.921240096,1,0,0,0
20140118093043.daq,129,49,1885.93333333333,1,0,left,-0.0479583740234375,270.047958374023,12,0.0001,60.3261222839355,391.724154690455,-0.0878899917006493,0.258224844932556,0.206148609519005,-3.24810372194846,-43232.7525085455,-55606.7658107628,-43235.2150986808,-55606.7678720289,-43237.6776888161,-55606.7699332949,1,0,0,0
20140118093043.daq,129,49,1886.03333333333,1,0,left,-0.0655975341796875,270.06559753418,12,0.0001,60.3099174499512,400.570817430504,-0.131834983825684,0.258881241083145,0.206148609519005,-3.24861288214193,-43232.7514190144,-55615.6091260321,-43235.2140083984,-55615.6119454345,-43237.6765977825,-55615.614764837,1,0,0,0
20140118093043.daq,129,49,1886.13333333333,1,0,left,-0.0841827392578125,270.084182739258,12,0.0001,60.2937278747559,409.415104388696,-0.175779983401299,0.258091598749161,0.215640276670456,-3.2501834838824,-43232.7502711931,-55624.4524176225,-43235.212859533,-55624.4560358223,-43237.675447873,-55624.4596540222,1,0,0,0
20140118093043.daq,129,49,1886.23333333333,1,0,left,-0.104217529296875,270.104217529297,12,0.0001,60.2776031494141,418.25702176601,-0.263669967651367,0.258710026741028,0.234623834490776,-3.25498474030063,-43232.7451277621,-55633.2917667915,-43235.2077146863,-55633.2962460918,-43237.6703016105,-55633.3007253922,1,0,0,0
20140118093043.daq,129,49,1886.33333333333,1,0,left,-0.12744140625,270.12744140625,12,0.0001,60.2615242004395,427.09657688241,-0.307614982128143,0.258723497390747,0.206148609519005,-3.26038726329155,-43232.7397876163,-55642.1271304429,-43235.2023725227,-55642.132607911,-43237.664957429,-55642.138085379,1,0,0,0
20140118093043.daq,129,49,1886.43333333333,1,0,left,-0.151336669921875,270.151336669922,12,0.0001,60.2455139160156,435.93377841005,-0.307614982128143,0.258508563041687,0.196656957268715,-3.26990808881699,-43232.7305000105,-55650.9624768982,-43235.1930824183,-55650.9689813893,-43237.6556648261,-55650.9754858804,1,0,0,0
20140118093043.daq,129,49,1886.53333333333,1,0,left,-0.175491333007813,270.175491333008,12,0.0001,60.229564666748,444.768636885972,-0.307614982128143,0.259006321430206,0.206148609519005,-3.28271379138809,-43232.7172903921,-55659.7939100622,-43235.1798698389,-55659.8014527242,-43237.6424492856,-55659.8089953862,1,0,0,0
20140118093043.daq,129,49,1886.63333333333,1,0,left,-0.200820922851563,270.200820922852,12,0.0001,60.2136421203613,453.601158231439,-0.307614982128143,0.258742868900299,0.215640276670456,-3.30048221344776,-43232.7001022761,-55668.625313459,-43235.1626781477,-55668.6339447891,-43237.6252540193,-55668.6425761191,1,0,0,0
20140118093043.daq,129,49,1886.73333333333,1,0,left,-0.224594116210938,270.224594116211,12,0.0001,60.1977844238281,462.431348321057,-0.307614982128143,0.258866965770721,0.187165051698685,-3.32104167539238,-43232.6791042096,-55677.4528485562,-43235.1416762879,-55677.4625016587,-43237.6042483663,-55677.4721547612,1,0,0,0
20140118093043.daq,129,49,1886.83333333333,1,0,left,-0.249237060546875,270.249237060547,12,0.0001,60.1820182800293,471.259219137253,-0.263669967651367,0.259142100811005,0.215640276670456,-3.34590163970945,-43232.6541464876,-55686.2764551792,-43235.1167141863,-55686.2871674343,-43237.5792818851,-55686.2978796894,1,0,0,0
20140118093043.daq,129,49,1886.93333333333,1,0,left,-0.2718505859375,270.271850585938,12,0.0001,60.1663246154785,480.084783781494,-0.131834983825684,0.258815973997116,0.234623834490776,-3.3752584954846,-43232.6254079421,-55695.1001116375,-43235.0879712211,-55695.1117958191,-43237.5505345002,-55695.1234800007,1,0,0,0
20140118093043.daq,129,49,1887.03333333333,1,0,left,-0.286483764648438,270.286483764648,12,0.0001,60.1506767272949,488.908050133206,0.219724997878075,0.258366852998734,0.215640276670456,-3.40691174955532,-43232.5932554903,-55703.9200599859,-43235.0558157049,-55703.9323730988,-43237.5183759195,-55703.9446862117,1,0,0,0
20140118093043.daq,129,49,1887.13333333333,1,0,left,-0.292495727539063,270.292495727539,12,0.0001,60.1350860595703,497.729025885405,0.483394980430603,0.258723944425583,0.234623834490776,-3.44229197799953,-43232.5577284998,-55712.7402228094,-43235.0202874088,-55712.7527943151,-43237.4828463179,-55712.7653658208,1,0,0,0
20140118093043.daq,129,49,1887.23333333333,1,0,left,-0.290908813476563,270.290908813477,12,0.0001,60.1195335388184,506.547718171583,0.791009962558746,0.259085476398468,0.206148609519005,-3.47774584747149,-43232.5226701087,-55721.5566685717,-43234.985229365,-55721.5691718722,-43237.4477886213,-55721.5816751727,1,0,0,0
20140118093043.daq,129,49,1887.33333333333,1,0,left,-0.27484130859375,270.274841308594,12,0.0001,60.1040344238281,515.364132586605,1.23045992851257,0.25878843665123,0.206148609519005,-3.5158175863487,-43232.4845984918,-55730.3695684811,-43234.9471611576,-55730.3813812034,-43237.4097238234,-55730.3931939258,1,0,0,0
20140118093043.daq,129,49,1887.43333333333,1,0,left,-0.251174926757813,270.251174926758,12,0.0001,60.0886154174805,524.178279248037,1.18651497364044,0.258488565683365,0.206148609519005,-3.54911709026837,-43232.4509019519,-55739.1865632652,-43234.9134692869,-55739.1973588096,-43237.376036622,-55739.208154354,1,0,0,0
20140118093043.daq,129,49,1887.53333333333,1,0,left,-0.225830078125,270.225830078125,12,0.0001,60.0732421875,532.990167993441,1.09862494468689,0.258512496948242,0.177673399448395,-3.58667120463372,-43232.4134029569,-55747.9957866207,-43234.8759748264,-55748.0054928448,-43237.3385466959,-55748.0151990689,1,0,0,0
20140118093043.daq,129,49,1887.63333333333,1,0,left,-0.2003173828125,270.200317382813,12,0.0001,60.0578575134277,541.799801853515,1.09862494468689,0.258973181247711,0.225131943821907,-3.61673413445332,-43232.3837270973,-55756.8050134472,-43234.8463030447,-55756.813623135,-43237.3088789921,-55756.8222328229,1,0,0,0
20140118093043.daq,129,49,1887.73333333333,1,0,left,-0.174819946289063,270.174819946289,12,0.0001,60.0424690246582,550.607178869948,1.09862494468689,0.258584856987,0.206148609519005,-3.64640591038002,-43232.3540505778,-55765.6103329446,-43234.8166301128,-55765.6178467504,-43237.2792096478,-55765.6253605562,1,0,0,0
20140118093043.daq,129,49,1887.83333333333,1,0,left,-0.151123046875,270.151123046875,12,0.0001,60.0271224975586,559.412301560515,1.05467998981476,0.258642107248306,0.282082378864288,-3.67192948875365,-43232.3281694468,-55774.4156071849,-43234.7907518788,-55774.4221024944,-43237.2533343108,-55774.428597804,1,0,0,0
20140118093043.daq,129,49,1887.93333333333,1,0,left,-0.128005981445313,270.128005981445,12,0.0001,60.0118560791016,568.215178690472,0.878899991512299,0.258703470230103,0.196656957268715,-3.69384099137559,-43232.3061590111,-55783.2169602354,-43234.7687438633,-55783.222461969,-43237.2313287155,-55783.2279637026,1,0,0,0
20140118093043.daq,129,49,1888.03333333333,1,0,left,-0.114395141601563,270.114395141602,12,0.0001,59.9966468811035,577.015821729437,0.439449995756149,0.258649796247482,0.253607153892517,-3.71262613148946,-43232.2874680942,-55792.0180778801,-43234.7500541839,-55792.0229946168,-43237.2126402736,-55792.0279113534,1,0,0,0
20140118093043.daq,129,49,1888.13333333333,1,0,left,-0.112228393554688,270.112228393555,12,0.0001,59.9814758300781,585.814236412145,0.219724997878075,0.259412586688995,0.196656957268715,-3.72834311777877,-43232.2719768766,-55800.8150064133,-43234.7345631504,-55800.8198300226,-43237.1971494243,-55800.8246536319,1,0,0,0
20140118093043.daq,129,49,1888.23333333333,1,0,left,-0.117599487304688,270.117599487305,12,0.0001,59.9663925170898,594.610432016838,0,0.259123146533966,0.168181732296944,-3.74074842542135,-43232.2599265007,-55809.611748702,-43234.7225123116,-55809.6168031622,-43237.1850981225,-55809.6218576223,1,0,0,0
20140118093043.daq,129,49,1888.33333333333,1,0,left,-0.1309814453125,270.130981445313,12,0.0001,59.9513931274414,603.404422577441,-0.175779983401299,0.259206354618073,-0.0216526575386524,-3.75311397272592,-43232.2473815666,-55818.4004804196,-43234.7099661298,-55818.4061100392,-43237.172550693,-55818.4117396589,1,0,0,0
20140118093043.daq,129,49,1888.43333333333,1,0,left,-0.149673461914063,270.149673461914,12,0.0001,59.9363822937012,612.196212989395,-0.219724982976913,0.259458720684052,0.139706522226334,-3.7696427288784,-43232.2306026759,-55827.1929868073,-43234.6931852715,-55827.1994198134,-43237.155767867,-55827.2058528195,1,0,0,0
20140118093043.daq,129,49,1888.53333333333,1,0,left,-0.169647216796875,270.169647216797,12,0.0001,59.92138671875,620.985802180396,-0.263669967651367,0.259033054113388,0.130214855074883,-3.78249186549694,-43232.2176510781,-55835.9776485741,-43234.6802312814,-55835.9849400553,-43237.1428114847,-55835.9922315365,1,0,0,0
20140118093043.daq,129,49,1888.63333333333,1,0,left,-0.192947387695313,270.192947387695,12,0.0001,59.9064712524414,629.773197563656,-0.263669967651367,0.259353280067444,0.215640276670456,-3.80338668443889,-43232.1966818806,-55844.762227447,-43234.6592589151,-55844.770520372,-43237.1218359496,-55844.778813297,1,0,0,0
20140118093043.daq,129,49,1888.73333333333,1,0,left,-0.215805053710938,270.215805053711,12,0.0001,59.8916549682617,638.558411960898,-0.307614982128143,0.258918285369873,0.272590696811676,-3.82037490892506,-43232.1796464701,-55853.546816717,-43234.6422200002,-55853.5560920655,-43237.1047935304,-55853.5653674141,1,0,0,0
20140118093043.daq,129,49,1888.83333333333,1,0,left,-0.239791870117188,270.239791870117,12,0.0001,59.8769187927246,647.341460431664,-0.307614982128143,0.258937239646912,0.206148609519005,-3.84527663619999,-43232.1547291298,-55862.3274711236,-43234.617298561,-55862.3377774251,-43237.0798679922,-55862.3480837265,1,0,0,0
20140118093043.daq,129,49,1888.93333333333,1,0,left,-0.264404296875,270.264404296875,12,0.0001,59.8621978759766,656.122348990495,-0.307614982128143,0.258681893348694,0.215640276670456,-3.8741353644691,-43232.1258672024,-55871.1042031024,-43234.5884319792,-55871.1155672436,-43237.0509967559,-55871.1269313848,1,0,0,0
20140118093043.daq,129,49,1889.03333333333,1,0,left,-0.289627075195313,270.289627075195,12,0.0001,59.8474922180176,664.901079222618,-0.307614982128143,0.25841149687767,0.206148609519005,-3.90303276434774,-43232.0969678994,-55879.8809192335,-43234.5595274348,-55879.8933674452,-43237.0220869702,-55879.9058156569,1,0,0,0
20140118093043.daq,129,49,1889.13333333333,1,0,left,-0.313568115234375,270.313568115234,12,0.0001,59.8328018188477,673.677653925522,-0.307614982128143,0.258667021989822,0.253607153892517,-3.93966659782723,-43232.0603354001,-55888.6537603748,-43234.522889519,-55888.6672375658,-43236.985443638,-55888.6807147568,1,0,0,0
20140118093043.daq,129,49,1889.23333333333,1,0,left,-0.337631225585938,270.337631225586,12,0.0001,59.8181076049805,682.452073238994,-0.307614982128143,0.259119391441345,0.177673399448395,-3.97630840731101,-43232.023695625,-55897.4265978539,-43234.4862438666,-55897.4411092683,-43236.9487921082,-55897.4556206828,1,0,0,0
20140118093043.daq,129,49,1889.33333333333,1,0,left,-0.362258911132813,270.362258911133,12,0.0001,59.8034858703613,691.224341732275,-0.307614982128143,0.259060233831406,0.206148609519005,-4.01690078072991,-43231.983115054,-55906.19551436,-43234.4456568307,-55906.2110842605,-43236.9081986073,-55906.2266541611,1,0,0,0
20140118093043.daq,129,49,1889.43333333333,1,0,left,-0.387619018554688,270.387619018555,12,0.0001,59.7889671325684,699.994473579107,-0.307614982128143,0.258939057588577,0.263098806142807,-4.06535807311188,-43231.9346771123,-55914.9644119019,-43234.3972117562,-55914.9810717646,-43236.8597464001,-55914.9977316274,1,0,0,0
20140118093043.daq,129,49,1889.53333333333,1,0,left,-0.412429809570313,270.41242980957,12,0.0001,59.7745399475098,708.762483559345,-0.307614982128143,0.258353233337402,0.215640276670456,-4.1138116851588,-43231.8862732965,-55923.7294162509,-43234.3488004953,-55923.7471424634,-43236.8113276941,-55923.764868676,1,0,0,0
20140118093043.daq,129,49,1889.63333333333,1,0,left,-0.436721801757813,270.436721801758,12,0.0001,59.7601585388184,717.52838165054,-0.263669967651367,0.257982730865479,0.206148609519005,-4.16619526699942,-43231.8339954591,-55932.4905266865,-43234.2965149211,-55932.509296948,-43236.7590343831,-55932.5280672095,1,0,0,0
20140118093043.daq,129,49,1889.73333333333,1,0,left,-0.459640502929688,270.45964050293,12,0.0001,59.7457847595215,726.292171582696,-0.263669967651367,0.258627980947495,0.234623834490776,-4.222439606485,-43231.7778962143,-55941.25167093,-43234.2404079711,-55941.2714262145,-43236.7029197278,-55941.291181499,1,0,0,0
20140118093043.daq,129,49,1889.83333333333,1,0,left,-0.482147216796875,270.482147216797,12,0.0001,59.7313804626465,735.053851117729,-0.175779983401299,0.259034335613251,0.215640276670456,-4.28650783327209,-43231.7140100709,-55950.0128249514,-43234.1765138774,-55950.033547549,-43236.639017684,-55950.0542701466,1,0,0,0
20140118093043.daq,129,49,1889.93333333333,1,0,left,-0.502670288085938,270.502670288086,12,0.0001,59.7169876098633,743.813416945428,-0.131834983825684,0.258798599243164,0.225131943821907,-4.35020091813626,-43231.6502462894,-55958.7701220209,-43234.1127425153,-55958.7917266741,-43236.5752387412,-55958.8133313273,1,0,0,0
20140118093043.daq,129,49,1890.03333333333,1,0,left,-0.520889282226563,270.520889282227,12,0.0001,59.7026672363281,752.570877458114,-0.131834983825684,0.258990436792374,0.215640276670456,-4.41747468775829,-43231.5827182946,-55967.5235703273,-43234.045207526,-55967.5459580075,-43236.5076967575,-55967.5683456877,1,0,0,0
20140118093043.daq,129,49,1890.13333333333,1,0,left,-0.540496826171875,270.540496826172,12,0.0001,59.6884574890137,761.326245151082,-0.175779983401299,0.258814930915833,0.196656957268715,-4.48494039249135,-43231.5151049693,-55976.2769833333,-43233.9775863952,-55976.3002137159,-43236.4400678211,-55976.3234440984,1,0,0,0
20140118093043.daq,129,49,1890.23333333333,1,0,left,-0.55877685546875,270.558776855469,12,0.0001,59.6743125915527,770.079534477758,-0.175779983401299,0.258772194385529,0.215640276670456,-4.56024152839019,-43231.4397610203,-55985.026523112,-43233.9022349093,-55985.0505391399,-43236.3647087983,-55985.0745551679,1,0,0,0
20140118093043.daq,129,49,1890.33333333333,1,0,left,-0.57861328125,270.57861328125,12,0.0001,59.660213470459,778.83075210551,-0.175779983401299,0.258466422557831,0.234623834490776,-4.63577469227017,-43231.3643214359,-55993.7760233004,-43233.8267868627,-55993.8008918623,-43236.2892522895,-55993.8257604242,1,0,0,0
20140118093043.daq,129,49,1890.43333333333,1,0,left,-0.597518920898438,270.597518920898,12,0.0001,59.6461563110352,787.579905074526,-0.175779983401299,0.25862991809845,0.206148609519005,-4.71533320133633,-43231.285033048,-56002.5216402982,-43233.7474901349,-56002.5473213878,-43236.2099472219,-56002.5730024773,1,0,0,0
20140118093043.daq,129,49,1890.53333333333,1,0,left,-0.618377685546875,270.618377685547,12,0.0001,59.632152557373,796.327000052057,-0.219724982976913,0.258300989866257,0.225131943821907,-4.79863828635454,-43231.2017184041,-56011.2672075978,-43233.6641659785,-56011.2937851533,-43236.126613553,-56011.3203627087,1,0,0,0
20140118093043.daq,129,49,1890.63333333333,1,0,left,-0.638885498046875,270.638885498047,12,0.0001,59.6181831359863,805.072043985158,-0.219724982976913,0.258699476718903,0.225131943821907,-4.88164181789748,-43231.1184255404,-56020.0088770495,-43233.5808634442,-56020.0363359843,-43236.0433013481,-56020.063794919,1,0,0,0
20140118093043.daq,129,49,1890.73333333333,1,0,left,-0.6595458984375,270.659545898438,12,0.0001,59.6042709350586,813.815043121402,-0.219724982976913,0.258227467536926,0.234623834490776,-4.97270147701647,-43231.0273109772,-56028.7466359401,-43233.4897388195,-56028.7749828085,-43235.9521666618,-56028.8033296769,1,0,0,0
20140118093043.daq,129,49,1890.83333333333,1,0,left,-0.680923461914063,270.680923461914,12,0.0001,59.5903739929199,822.556003475358,-0.219724982976913,0.258403837680817,0.234623834490776,-5.0640742480848,-43230.9361525001,-56037.4843762162,-43233.3985695945,-56037.5136418363,-43235.8609866889,-56037.5429074564,1,0,0,0
20140118093043.daq,129,49,1890.93333333333,1,0,left,-0.702560424804688,270.702560424805,12,0.0001,59.5765075683594,831.294927378243,-0.219724982976913,0.258220911026001,0.225131943821907,-5.15929478681958,-43230.8410720254,-56046.2221094286,-43233.3034778925,-56046.2523049445,-43235.7658837596,-56046.2825004604,1,0,0,0
20140118093043.daq,129,49,1891.03333333333,1,0,left,-0.72381591796875,270.723815917969,12,0.0001,59.5626792907715,840.031820331642,-0.219724982976913,0.258915603160858,0.196656957268715,-5.25402606091165,-43230.7460152092,-56054.955945564,-43233.2084097049,-56054.987054577,-43235.6708042007,-56055.0181635901,1,0,0,0
20140118093043.daq,129,49,1891.13333333333,1,0,left,-0.745880126953125,270.745880126953,12,0.0001,59.548900604248,848.766689002863,-0.219724982976913,0.258818209171295,0.215640276670456,-5.35695648208698,-43230.6430963836,-56063.6858544342,-43233.1054787169,-56063.717911696,-43235.5678610502,-56063.7499689578,1,0,0,0
20140118093043.daq,129,49,1891.23333333333,1,0,left,-0.76739501953125,270.767395019531,12,0.0001,59.5351715087891,857.499540665303,-0.219724982976913,0.258525013923645,0.215640276670456,-5.46021702352901,-43230.5402115332,-56072.4157767403,-43233.0025816552,-56072.4487586385,-43235.4649517772,-56072.4817405367,1,0,0,0
20140118093043.daq,129,49,1891.33333333333,1,0,left,-0.78802490234375,270.788024902344,12,0.0001,59.5215187072754,866.230384037655,-0.219724982976913,0.259030073881149,0.215640276670456,-5.57053043137779,-43230.4295687701,-56081.145721058,-43232.8919268571,-56081.1795895535,-43235.3542849441,-56081.213458049,1,0,0,0
20140118093043.daq,129,49,1891.43333333333,1,0,left,-0.809890747070313,270.80989074707,12,0.0001,59.5079116821289,874.959228071733,-0.219724982976913,0.258525609970093,0.263098806142807,-5.6811702935584,-43230.31885026,-56089.8717272081,-43232.7811952424,-56089.9065354132,-43235.2435402248,-56089.9413436184,1,0,0,0
20140118093043.daq,129,49,1891.53333333333,1,0,left,-0.831817626953125,270.831817626953,12,0.0001,59.4943542480469,883.686080087587,-0.175779983401299,0.258723258972168,0.206148609519005,-5.79617361729414,-43230.204221963,-56098.5938250403,-43232.6665534441,-56098.6295755731,-43235.1288849253,-56098.6653261059,0,1,0,1
20140118093043.daq,129,49,1891.63333333333,1,0,left,-0.844924926757813,270.844924926758,12,0.0001,59.4808387756348,892.410946892312,0.439449995756149,0.258388102054596,0.187165051698685,-5.90992300036616,-43230.0901355866,-56107.316147237,-43232.5524588248,-56107.3524610654,-43235.014782063,-56107.3887748939,0,1,0,1
20140118093043.daq,129,49,1891.73333333333,1,0,left,-0.835845947265625,270.835845947266,12,0.0001,59.4673728942871,901.133834547101,1.53807497024536,0.259038656949997,0.206148609519005,-6.03047135739934,-43229.9695995121,-56116.035128644,-43232.4319284736,-56116.0710522969,-43234.8942574351,-56116.1069759498,0,1,0,1
20140118093043.daq,129,49,1891.83333333333,1,0,left,-0.797607421875,270.797607421875,12,0.0001,59.453971862793,909.85475200371,2.46091985702515,0.258629560470581,0.187165051698685,-6.14945958495402,-43229.8508549622,-56124.7548523055,-43232.3132073503,-56124.7891326214,-43234.7755597385,-56124.8234129372,0,1,0,1
20140118093043.daq,129,49,1891.93333333333,1,0,left,-0.72900390625,270.72900390625,12,0.0001,59.4406280517578,918.57370886681,3.07614994049072,0.258787751197815,0.206148609519005,-6.26212153820664,-43229.7378837751,-56133.4753452156,-43232.2002754439,-56133.5066771921,-43234.6626671127,-56133.5380091687,0,1,0,1
20140118093043.daq,129,49,1892.03333333333,1,0,left,-0.638458251953125,270.638458251953,12,0.0001,59.4272613525391,927.29070714119,3.33981990814209,0.258839190006256,0.225131943821907,-6.3739258659,-43229.6262643221,-56142.1924815968,-43232.0887024306,-56142.2199221695,-43234.5511405392,-56142.2473627423,0,1,0,1
20140118093043.daq,129,49,1892.13333333333,1,0,left,-0.535202026367188,270.535202026367,12,0.0001,59.4138641357422,936.005743376678,3.42770981788635,0.258997976779938,0.225131943821907,-6.47297342797811,-43229.52714966,-56150.9099290691,-43231.9896332221,-56150.9329318895,-43234.4521167842,-56150.9559347099,0,1,0,1
20140118093043.daq,129,49,1892.23333333333,1,0,left,-0.426727294921875,270.426727294922,12,0.0001,59.4004096984863,944.718810346501,3.38376474380493,0.258975505828857,0.206148609519005,-6.55994222896288,-43229.4400799221,-56159.6274957934,-43231.9026026208,-56159.6458365,-43234.3651253196,-56159.6641772066,0,1,0,1
20140118093043.daq,129,49,1892.33333333333,1,0,left,-0.315505981445313,270.315505981445,12,0.0001,59.3869132995605,953.429900870542,3.38376474380493,0.258963108062744,0.177673399448395,-6.63544891059296,-43229.3649034185,-56168.3412120766,-43231.8274570803,-56168.3547725564,-43234.290010742,-56168.3683330363,0,1,0,1
20140118093043.daq,129,49,1892.43333333333,1,0,left,-0.202163696289063,270.202163696289,12,0.0001,59.3733673095703,962.13900916744,3.42770981788635,0.258763134479523,0.234623834490776,-6.69451614566602,-43229.3054881698,-56177.0549676559,-43231.7680638385,-56177.0636566985,-43234.2306395072,-56177.072345741,0,1,0,1
20140118093043.daq,129,49,1892.53333333333,1,0,left,-0.0873565673828125,270.087356567383,12,0.0001,59.3597679138184,970.846125865704,3.42770981788635,0.259188055992126,0.244115486741066,-6.73454153588314,-43229.2657001925,-56185.7648393019,-43231.7282883282,-56185.7685939137,-43234.190876464,-56185.7723485256,0,1,0,1
20140118093043.daq,129,49,1892.63333333333,1,0,left,0.0278778076171875,269.972122192383,12,0.0001,59.3461990356445,979.551248447649,3.38376474380493,0.258677452802658,0.149198174476624,-6.7623683642571,-43229.2376630479,-56194.4708009823,-43231.7002537544,-56194.4696027852,-43234.1628444609,-56194.4684045881,0,1,0,1
20140118093043.daq,129,49,1892.73333333333,1,0,left,0.1409912109375,269.859008789063,12,0.0001,59.3327331542969,988.254388895672,3.25192975997925,0.258887976408005,0.187165051698685,-6.76829687212938,-43229.2329379059,-56203.1766965208,-43231.695521448,-56203.1706366794,-43234.1581049901,-56203.164576838,0,1,0,1
20140118093043.daq,129,49,1892.83333333333,1,0,left,0.247634887695313,269.752365112305,12,0.0001,59.3193168640137,996.955558119836,3.0322048664093,0.258839786052704,0.168181732296944,-6.7605274657376,-43229.239536499,-56211.8824209438,-43231.7021044964,-56211.87177755,-43234.1646724937,-56211.8611341562,0,1,1,1
20140118093043.daq,129,49,1892.93333333333,1,0,left,0.351760864257813,269.648239135742,12,0.0001,59.3059997558594,1005.65476707681,2.94431495666504,0.258319973945618,0.196656957268715,-6.73462449139551,-43229.2655152165,-56220.5841658937,-43231.7280598046,-56220.5690471938,-43234.1906043927,-56220.5539284939,0,1,1,1
20140118093043.daq,129,49,1893.03333333333,1,0,left,0.4501953125,269.5498046875,12,0.0001,59.292724609375,1014.35202560434,2.8564248085022,0.258684664964676,0.244115486741066,-6.68938996529849,-43229.3106769772,-56229.2857619837,-43231.7731919572,-56229.2664126437,-43234.2357069371,-56229.2470633037,0,1,1,1
20140118093043.daq,129,49,1893.13333333333,1,0,left,0.542999267578125,269.457000732422,12,0.0001,59.2794914245605,1023.04733985674,2.76853489875793,0.258735686540604,0.206148609519005,-6.63295461637451,-43229.3672123402,-56237.983306239,-43231.8296927491,-56237.9599683055,-43234.292173158,-56237.936630372,0,1,1,1
20140118093043.daq,129,49,1893.23333333333,1,0,left,0.6334228515625,269.366577148438,12,0.0001,59.2663421630859,1031.74071948527,2.68064475059509,0.258992373943329,0.244115486741066,-6.56079671551232,-43229.4392285831,-56246.6768780337,-43231.9016690937,-56246.6496538707,-43234.3641096044,-56246.6224297078,0,1,1,1
20140118093043.daq,129,49,1893.33333333333,1,0,left,0.713958740234375,269.286041259766,12,0.0001,59.2532615661621,1040.43217567974,2.28513979911804,0.258735001087189,0.206148609519005,-6.47404714336521,-43229.526259253,-56255.3702055725,-43231.9886590643,-56255.3395201908,-43234.4510588757,-56255.308834809,0,1,1,1
20140118093043.daq,129,49,1893.43333333333,1,0,left,0.788818359375,269.211181640625,12,0.0001,59.2402992248535,1049.1217222875,2.0654149055481,0.258701652288437,0.225131943821907,-6.37534156095642,-43229.6246587252,-56264.0633913932,-43232.0870163429,-56264.0294887978,-43234.5493739606,-56263.9955862025,0,1,1,1
20140118093043.daq,129,49,1893.53333333333,1,0,left,0.850143432617188,269.149856567383,12,0.0001,59.2273941040039,1057.80937264313,1.66990995407104,0.258829474449158,0.206148609519005,-6.26243049496978,-43229.7378443072,-56272.7484384416,-43232.2001642277,-56272.7119003446,-43234.6624841482,-56272.6753622477,0,1,1,1
20140118093043.daq,129,49,1893.63333333333,1,0,left,0.895797729492188,269.104202270508,12,0.0001,59.2145805358887,1066.49513602478,1.05467998981476,0.258952677249908,0.177673399448395,-6.13828474256737,-43229.8617759065,-56281.4370177208,-43232.3240659311,-56281.3985176153,-43234.7863559557,-56281.3600175099,0,1,1,1
20140118093043.daq,129,49,1893.73333333333,1,0,left,0.921798706054688,269.078201293945,12,0.0001,59.2018737792969,1075.17902772521,0.703119993209839,0.259123921394348,0.206148609519005,-6.00775212595047,-43229.9922987489,-56290.1173188798,-43232.4545710485,-56290.0777013846,-43234.9168433481,-56290.0380838894,0,1,1,1
20140118093043.daq,129,49,1893.83333333333,1,0,left,0.9375,269.0625,12,0.0001,59.1892242431641,1083.86106093906,0.483394980430603,0.258893430233002,0.206148609519005,-5.87042054366939,-43230.1299938505,-56298.7973765967,-43232.5922552009,-56298.7570843437,-43235.0545165514,-56298.7167920907,0,1,1,1
20140118093043.daq,129,49,1893.93333333333,1,0,left,0.935684204101563,269.064315795898,12,0.0001,59.1766052246094,1092.5412401889,-0.131834983825684,0.258777976036072,0.215640276670456,-5.72952359990515,-43230.2705059339,-56307.4770212962,-43232.73276856,-56307.4368070762,-43235.1950311861,-56307.3965928563,0,1,1,1
20140118093043.daq,129,49,1894.03333333333,1,0,left,0.916351318359375,269.083648681641,12,0.0001,59.1640739440918,1101.2195751259,-0.615229964256287,0.258742272853851,0.215640276670456,-5.58623837148801,-43230.4138350383,-56316.1523466246,-43232.8761110934,-56316.1129632298,-43235.3383871486,-56316.073579835,0,0,1,0
20140118093043.daq,129,49,1894.13333333333,1,0,left,0.885238647460938,269.114761352539,12,0.0001,59.1515769958496,1109.89607554115,-0.791009962558746,0.259229153394699,0.187165051698685,-5.44013150162267,-43230.5603382326,-56324.8234870524,-43233.0226353106,-56324.7854407249,-43235.4849323886,-56324.7473943973,0,0,1,0
20140118093043.daq,129,49,1894.23333333333,1,0,left,0.8475341796875,269.152465820313,12,0.0001,59.1391181945801,1118.57074605042,-0.791009962558746,0.259267330169678,0.206148609519005,-5.29757112252419,-43230.7025258933,-56333.4944704399,-43233.1648474752,-56333.4580444772,-43235.6271690571,-56333.4216185144,0,0,1,0
20140118093043.daq,129,49,1894.33333333333,1,0,left,0.8076171875,269.1923828125,12,0.0001,59.1266746520996,1127.2435902904,-0.791009962558746,0.258741229772568,0.206148609519005,-5.15933389360115,-43230.8406704206,-56342.1614935764,-43233.3030167822,-56342.1267830799,-43235.7653631439,-56342.0920725833,0,0,1,0
20140118093043.daq,129,49,1894.43333333333,1,0,left,0.76654052734375,269.233459472656,12,0.0001,59.1142349243164,1135.91461017268,-0.791009962558746,0.258770555257797,0.244115486741066,-5.02927362600433,-43230.9709310736,-56350.8284874372,-43233.4333016872,-56350.795542262,-43235.8956723008,-56350.7625970869,0,0,1,0
20140118093043.daq,129,49,1894.53333333333,1,0,left,0.723587036132813,269.276412963867,12,0.0001,59.1018218994141,1144.5838069095,-0.834954977035522,0.258724093437195,0.206148609519005,-4.89931909519188,-43231.1010758786,-56359.4954347978,-43233.5634704986,-56359.4643356213,-43236.0258651186,-56359.4332364449,0,0,1,0
20140118093043.daq,129,49,1894.63333333333,1,0,left,0.681182861328125,269.318817138672,12,0.0001,59.0894393920898,1153.25118520993,-0.834954977035522,0.259195357561111,0.168181732296944,-4.77663581079079,-43231.2234430516,-56368.1584870091,-43233.6858600135,-56368.1292102408,-43236.1482769754,-56368.0999334724,0,0,1,0
20140118093043.daq,129,49,1894.73333333333,1,0,left,0.638626098632813,269.361373901367,12,0.0001,59.0771141052246,1161.91675099521,-0.834954977035522,0.259330809116364,0.187165051698685,-4.66201223829191,-43231.337989003,-56376.8176273763,-43233.8004270312,-56376.7901795899,-43236.2628650593,-56376.7627318035,0,0,1,0
20140118093043.daq,129,49,1894.83333333333,1,0,left,0.595260620117188,269.404739379883,12,0.0001,59.0648307800293,1170.58051247124,-0.834954977035522,0.258510410785675,0.206148609519005,-4.5554866041092,-43231.4446730335,-56385.4806526703,-43233.9071311307,-56385.455068638,-43236.369589228,-56385.4294846057,0,0,1,0
20140118093043.daq,129,49,1894.93333333333,1,0,left,0.55303955078125,269.446960449219,12,0.0001,59.0525894165039,1179.24247635182,-0.791009962558746,0.259036302566528,0.177673399448395,-4.45295308483185,-43231.5475225832,-56394.1358908796,-43234.0099988647,-56394.1121214312,-43236.4724751462,-56394.0883519829,0,0,1,0
20140118093043.daq,129,49,1895.03333333333,1,0,left,0.510040283203125,269.489959716797,12,0.0001,59.0403518676758,1187.90264459525,-0.834954977035522,0.258947461843491,0.234623834490776,-4.35777845834535,-43231.6425121242,-56402.7950147065,-43234.1050055507,-56402.773093301,-43236.5674989772,-56402.7511718954,0,0,1,0
20140118093043.daq,129,49,1895.13333333333,1,0,left,0.466995239257813,269.533004760742,12,0.0001,59.0281677246094,1196.56102144427,-0.834954977035522,0.259341478347778,0.253607153892517,-4.26649402948912,-43231.7335933531,-56411.4463229302,-43234.1961025537,-56411.4262515471,-43236.6586117543,-56411.406180164,0,0,1,0
20140118093043.daq,129,49,1895.23333333333,1,0,left,0.424057006835938,269.575942993164,12,0.0001,59.0160484313965,1205.21761627041,-0.834954977035522,0.259237766265869,0.196656957268715,-4.18313053738631,-43231.81686948,-56420.1015379761,-43234.2793930309,-56420.0833120362,-43236.7419165817,-56420.0650860963,0,0,1,0
20140118093043.daq,129,49,1895.33333333333,1,0,left,0.380477905273438,269.619522094727,12,0.0001,59.0039901733398,1213.87243779231,-0.834954977035522,0.259174585342407,0.196656957268715,-4.10776809845883,-43231.8922941788,-56428.7528292859,-43234.35483088,-56428.7364763436,-43236.8173675812,-56428.7201234013,0,0,1,0
20140118093043.daq,129,49,1895.43333333333,1,0,left,0.337966918945313,269.662033081055,12,0.0001,58.9919891357422,1222.52549538144,-0.834954977035522,0.25868809223175,0.177673399448395,-4.03633621831585,-43231.9638795835,-56437.4002381622,-43234.42642774,-56437.3857123198,-43236.8889758966,-56437.3711864773,0,0,1,0
20140118093043.daq,129,49,1895.53333333333,1,0,left,0.294265747070313,269.70573425293,12,0.0001,58.9800148010254,1231.17679537876,-0.791009962558746,0.258440494537354,0.149198174476624,-3.97288609323292,-43232.0275795583,-56446.0476162036,-43234.4901380779,-56446.0349686229,-43236.9526965974,-56446.0223210422,0,0,1,0
20140118093043.daq,129,49,1895.63333333333,1,0,left,0.252914428710938,269.747085571289,12,0.0001,58.9680290222168,1239.82633825042,-0.74706494808197,0.258017539978027,0.244115486741066,-3.91694741436514,-43232.083613297,-56454.6950493127,-43234.5461803031,-56454.6841790047,-43237.0087473093,-56454.6733086966,0,0,1,0
20140118093043.daq,129,49,1895.73333333333,1,0,left,0.212234497070313,269.78776550293,12,0.0001,58.9560699462891,1248.47412502224,-0.74706494808197,0.258023500442505,0.272590696811676,-3.86845968993511,-43232.1318768083,-56463.3385906767,-43234.5944509117,-56463.3294687907,-43237.0570250151,-56463.3203469048,0,0,1,0
20140118093043.daq,129,49,1895.83333333333,1,0,left,0.17401123046875,269.825988769531,12,0.0001,58.9441261291504,1257.12015909777,-0.483394980430603,0.258689790964127,0.225131943821907,-3.82378002926797,-43232.1763867572,-56471.9821901913,-43234.638966398,-56471.9747111442,-43237.1015460388,-56471.9672320972,0,0,1,0
20140118093043.daq,129,49,1895.93333333333,1,0,left,0.159866333007813,269.840133666992,12,0.0001,58.9322319030762,1265.76444322779,0.966789960861206,0.259028404951096,0.215640276670456,-3.78159396624738,-43232.2184804543,-56480.6224699934,-43234.6810618664,-56480.615598896,-43237.1436432786,-56480.6087277986,0,0,1,0
20140118093043.daq,129,49,1896.03333333333,1,0,left,0.172515869140625,269.827484130859,12,0.0001,58.9205017089844,1274.40699484976,1.58201992511749,0.258499383926392,0.225131943821907,-3.74559714670477,-43232.2544192448,-56489.2634037081,-43234.71699908,-56489.2559889319,-43237.1795789152,-56489.2485741556,0,0,1,0
20140118093043.daq,129,49,1896.13333333333,1,0,left,0.201339721679688,269.79866027832,12,0.0001,58.908863067627,1283.04783415201,1.45018494129181,0.258723795413971,0.215640276670456,-3.71254788079209,-43232.2874526346,-56497.904731515,-43234.750028428,-56497.8960778869,-43237.2126042214,-56497.8874242588,0,0,1,0
20140118093043.daq,129,49,1896.23333333333,1,0,left,0.232666015625,269.767333984375,12,0.0001,58.8972358703613,1291.68696808146,1.14256989955902,0.259634345769882,0.215640276670456,-3.6754693985312,-43232.3245475061,-56506.5422130709,-43234.7871182001,-56506.5322130384,-43237.2496888941,-56506.5222130058,0,0,1,0
20140118093043.daq,129,49,1896.33333333333,1,0,left,0.261322021484375,269.738677978516,12,0.0001,58.8856468200684,1300.32439808347,1.05467998981476,0.259593904018402,0.215640276670456,-3.63857898327857,-43232.3614774924,-56515.1796286761,-43234.8240428769,-56515.1683970107,-43237.2866082615,-56515.1571653453,0,0,1,0
20140118093043.daq,129,49,1896.43333333333,1,0,left,0.28240966796875,269.717590332031,12,0.0001,58.8742141723633,1308.96013837846,0.834954977035522,0.259725689888,0.215640276670456,-3.59827309998111,-43232.4018454883,-56523.8168596677,-43234.8644065723,-56523.8047216587,-43237.3269676562,-56523.7925836496,0,0,1,0
20140118093043.daq,129,49,1896.53333333333,1,0,left,0.29302978515625,269.706970214844,12,0.0001,58.8629875183105,1317.59421764032,0.219724997878075,0.259847223758698,0.253607153892517,-3.55469075906102,-43232.4454717809,-56532.4499299598,-43234.9080305727,-56532.4373355005,-43237.3705893645,-56532.4247410412,0,0,1,0
20140118093043.daq,129,49,1896.63333333333,1,0,left,0.284835815429688,269.71516418457,12,0.0001,58.8518943786621,1326.22666062645,-0.351559966802597,0.259867250919342,0.196656957268715,-3.50832930442403,-43232.4918394486,-56541.0786373206,-43234.9544000164,-56541.0663950363,-43237.4169605841,-56541.0541527519,0,0,1,0
20140118093043.daq,129,49,1896.73333333333,1,0,left,0.266647338867188,269.733352661133,12,0.0001,58.8409080505371,1334.85748482091,-0.351559966802597,0.259732246398926,0.206148609519005,-3.46258431246839,-43232.5375884048,-56549.7071018292,-43235.0001527348,-56549.6956412823,-43237.4627170648,-56549.6841807355,0,0,1,0
20140118093043.daq,129,49,1896.83333333333,1,0,left,0.243377685546875,269.756622314453,12,0.0001,58.8300285339355,1343.48670505016,-0.351559966802597,0.259453743696213,0.225131943821907,-3.41715253070138,-43232.5830229914,-56558.3354424106,-43235.0455917728,-56558.324981991,-43237.5081605541,-56558.3145215714,0,0,1,0
20140118093043.daq,129,49,1896.93333333333,1,0,left,0.2174072265625,269.782592773438,12,0.0001,58.8192291259766,1352.11433590771,-0.351559966802597,0.259087532758713,0.234623834490776,-3.37184920368259,-43232.6282906669,-56566.9598103966,-43235.0908639367,-56566.9504661867,-43237.5534372065,-56566.9411219767,0,0,1,0
20140118093043.daq,129,49,1897.03333333333,1,0,left,0.1917724609375,269.808227539063,12,0.0001,58.8084678649902,1360.74038629865,-0.395504981279373,0.259461492300034,0.225131943821907,-3.33043465779222,-43232.6696731497,-56575.5841858376,-43235.1322503538,-56575.5759434111,-43237.5948275578,-56575.5677009845,0,0,1,0
20140118093043.daq,129,49,1897.13333333333,1,0,left,0.164657592773438,269.835342407227,12,0.0001,58.7977523803711,1369.36486181791,-0.395504981279373,0.260143667459488,0.196656957268715,-3.29299636342775,-43232.7070580988,-56584.2046181955,-43235.1696389278,-56584.197541169,-43237.6322197567,-56584.1904641426,0,0,1,0
20140118093043.daq,129,49,1897.23333333333,1,0,left,0.137603759765625,269.862396240234,12,0.0001,58.7870559692383,1377.9877668948,-0.395504981279373,0.260068118572235,0.215640276670456,-3.25947795166168,-43232.7405408862,-56592.825051251,-43235.2031247822,-56592.8191370029,-43237.6657086783,-56592.8132227548,0,0,1,0
20140118093043.daq,129,49,1897.33333333333,1,0,left,0.109954833984375,269.890045166016,12,0.0001,58.7764282226563,1386.6091081966,-0.395504981279373,0.259605199098587,0.234623834490776,-3.22601441041821,-43232.7739871856,-56601.4454689571,-43235.2365736489,-56601.4407430659,-43237.6991601122,-56601.4360171748,0,0,1,0
20140118093043.daq,129,49,1897.43333333333,1,0,left,0.082855224609375,269.917144775391,12,0.0001,58.7658576965332,1395.22889518793,-0.395504981279373,0.259316951036453,0.225131943821907,-3.20035616641706,-43232.7996552743,-56610.0619930439,-43235.2622436974,-56610.058431901,-43237.7248321205,-56610.0548707581,0,0,1,0
20140118093043.daq,129,50,2035.05,1,0,right,0.486038208007813,269.513961791992,12,0.0001,70.8943710327148,0,0.483394980430603,0.341324716806412,0.187165051698685,2.77755479921069,-43233.8441489116,-69230.8335000405,-43236.3066513052,-69230.8126102128,-43238.7691536989,-69230.7917203852,1,0,0,0
20140118093043.daq,129,50,2035.15,1,0,right,0.48956298828125,269.510437011719,12,0.0001,70.9085006713867,10.3989014516119,0.439449995756149,0.341331869363785,0.215640276670456,2.86334003672564,-43233.9381174452,-69241.2320223382,-43236.400618549,-69241.2109810199,-43238.8631196528,-69241.1899397015,1,0,0,0
20140118093043.daq,129,50,2035.25,1,0,right,0.488677978515625,269.511322021484,12,0.0001,70.9225997924805,20.7998726439837,0.351559996604919,0.341149836778641,0.234623834490776,2.96100394919379,-43234.0357188248,-69251.6304385483,-43236.4982202533,-69251.6094352665,-43238.9607216819,-69251.5884319848,1,0,0,0
20140118093043.daq,129,50,2035.35,1,0,right,0.486328125,269.513671875,12,0.0001,70.9366607666016,31.2029090079595,0.26366999745369,0.34124293923378,0.206148609519005,3.05487016181977,-43234.1293231361,-69262.0288195157,-43236.5918254239,-69262.0079172278,-43239.0543277118,-69261.9870149398,1,0,0,0
20140118093043.daq,129,50,2035.45,1,0,right,0.481643676757813,269.518356323242,12,0.0001,70.95068359375,41.6080051350582,0.26366999745369,0.34148097038269,0.187165051698685,3.15181164727242,-43234.2266889615,-69272.4349567999,-43236.6891929501,-69272.4142558438,-43239.1516969387,-69272.3935548878,1,0,0,0
20140118093043.daq,129,50,2035.55,1,0,right,0.476104736328125,269.523895263672,12,0.0001,70.9646682739258,52.015154497989,0.26366999745369,0.341260522603989,0.196656957268715,3.24572975181468,-43234.3200955724,-69282.8410734929,-43236.7826015507,-69282.8206105939,-43239.245107529,-69282.800147695,1,0,0,0
20140118093043.daq,129,50,2035.65,1,0,right,0.470260620117188,269.529739379883,12,0.0001,70.978630065918,62.4243542992917,0.219724997878075,0.341365575790405,0.215640276670456,3.33856528713683,-43234.4134832778,-69293.2471828051,-43236.8759913305,-69293.2269710796,-43239.3384993832,-69293.2067593541,1,0,0,0
20140118093043.daq,129,50,2035.75,1,0,right,0.463226318359375,269.536773681641,12,0.0001,70.9925537109375,72.8355993170117,0.219724997878075,0.341261655092239,0.225131943821907,3.43251931989548,-43234.5067972189,-69303.6532634165,-43236.9693077345,-69303.6333540175,-43239.4318182501,-69303.6134446185,1,0,0,0
20140118093043.daq,129,50,2035.85,1,0,right,0.456039428710938,269.543960571289,12,0.0001,71.0064163208008,83.2488814385724,0.219724997878075,0.341398268938065,0.215640276670456,3.52520308488975,-43234.6001017226,-69314.0671527983,-43237.0626147161,-69314.0475522842,-43239.5251277096,-69314.0279517701,1,0,0,0
20140118093043.daq,129,50,2035.95,1,0,right,0.448150634765625,269.551849365234,12,0.0001,71.0202560424805,93.664194975805,0.219724997878075,0.341239959001541,0.187165051698685,3.61888211086006,-43234.693362742,-69324.4810252082,-43237.1558784109,-69324.4617637464,-43239.6183940798,-69324.4425022847,1,0,0,0
20140118093043.daq,129,50,2036.05,1,0,right,0.441635131835938,269.558364868164,12,0.0001,71.0340881347656,104.081537504244,0.219724997878075,0.341200739145279,0.225131943821907,3.70798475684241,-43234.7828026536,-69334.8949306585,-43237.2453204969,-69334.8759492267,-43239.7078383402,-69334.8569677949,1,0,0,0
20140118093043.daq,129,50,2036.15,1,0,right,0.435379028320313,269.56462097168,12,0.0001,71.0478515625,114.500904175016,0.219724997878075,0.341184169054031,0.244115486741066,3.79762281430616,-43234.8722586598,-69345.3088423181,-43237.334778561,-69345.2901297677,-43239.7972984622,-69345.2714172174,1,0,0,0
20140118093043.daq,129,50,2036.25,1,0,right,0.428237915039063,269.571762084961,12,0.0001,71.0615844726563,124.922286502522,0.219724997878075,0.341320753097534,0.215640276670456,3.8870336286737,-43234.9616598346,-69355.7305450875,-43237.4241820489,-69355.7121394558,-43239.8867042633,-69355.6937338241,1,0,0,0
20140118093043.daq,129,50,2036.35,1,0,right,0.420074462890625,269.579925537109,12,0.0001,71.0752716064453,135.345680010767,0.219724997878075,0.340829879045486,0.187165051698685,3.97221387810044,-43235.0470914256,-69366.1522231325,-43237.5096162373,-69366.134168359,-43239.9721410491,-69366.1161135855,1,0,0,0
20140118093043.daq,129,50,2036.45,1,0,right,0.4122314453125,269.587768554688,12,0.0001,71.0889205932617,145.771079011669,0.219724997878075,0.341344922780991,0.187165051698685,4.05831329118264,-43235.1325429011,-69376.5739088405,-43237.5950701612,-69376.5561911535,-43240.0575974214,-69376.5384734665,1,0,0,0
20140118093043.daq,129,50,2036.55,1,0,right,0.405029296875,269.594970703125,12,0.0001,71.1025161743164,156.198475299345,0.219724997878075,0.341510742902756,0.206148609519005,4.1431035359829,-43235.2180341135,-69387.0034224574,-43237.6805635813,-69386.9860143132,-43240.1430930492,-69386.968606169,1,0,0,0
20140118093043.daq,129,50,2036.65,1,0,right,0.3973388671875,269.602661132813,12,0.0001,71.116081237793,166.627863372181,0.17577999830246,0.341072201728821,0.225131943821907,4.22515799936078,-43235.2995888432,-69397.4251117237,-43237.7621206255,-69397.4080341085,-43240.2246524077,-69397.3909564933,1,0,0,0
20140118093043.daq,129,50,2036.75,1,0,right,0.388748168945313,269.611251831055,12,0.0001,71.1296234130859,177.059239779948,0.17577999830246,0.341159850358963,0.158690065145493,4.3063688802038,-43235.3810878194,-69407.8545916716,-43237.8436221345,-69407.8378832787,-43240.3061564496,-69407.8211748858,1,0,0,0
20140118093043.daq,129,50,2036.85,1,0,right,0.381195068359375,269.618804931641,12,0.0001,71.1431121826172,187.492597808741,0.17577999830246,0.34112212061882,0.196656957268715,4.38775435576625,-43235.46265111,-69418.2919091221,-43237.9251876063,-69418.2755253566,-43240.3877241027,-69418.259141591,1,0,0,0
20140118093043.daq,129,50,2036.95,1,0,right,0.371597290039063,269.628402709961,12,0.0001,71.1565475463867,197.927930558217,0.17577999830246,0.341377109289169,0.196656957268715,4.46603212673968,-43235.5401815056,-69428.7213645662,-43238.0027207118,-69428.7053933073,-43240.4652599181,-69428.6894220485,1,0,0,0
20140118093043.daq,129,50,2037.05,1,0,right,0.36309814453125,269.636901855469,12,0.0001,71.1699142456055,208.365228703566,0.17577999830246,0.341640442609787,0.225131943821907,4.54298218550936,-43235.6177799964,-69439.15865899,-43238.0803215447,-69439.1430530196,-43240.542863093,-69439.1274470492,1,0,0,0
20140118093043.daq,129,50,2037.15,1,0,right,0.354080200195313,269.645919799805,12,0.0001,71.1832275390625,218.80448310636,0.17577999830246,0.341214925050735,0.187165051698685,4.6166017584032,-43235.6914401317,-69449.5959407797,-43238.1539841058,-69449.5807223959,-43240.6165280799,-69449.565504012,1,0,0,0
20140118093043.daq,129,50,2037.25,1,0,right,0.344497680664063,269.655502319336,12,0.0001,71.1965484619141,229.245690969226,0.131834998726845,0.340917140245438,0.206148609519005,4.69483451862266,-43235.7689715822,-69460.0332088118,-43238.2315180671,-69460.0184022801,-43240.6940645519,-69460.0035957484,1,0,0,0
20140118093043.daq,129,50,2037.35,1,0,right,0.332748413085938,269.667251586914,12,0.0001,71.2098388671875,239.688850520382,0.0878899991512299,0.341380387544632,0.206148609519005,4.76375694893454,-43235.8385563755,-69470.4704242572,-43238.3011058448,-69470.4561227039,-43240.7636553142,-69470.4418211507,1,0,0,0
20140118093043.daq,129,50,2037.45,1,0,right,0.321929931640625,269.678070068359,12,0.0001,71.2230758666992,250.133954952733,0.0878899991512299,0.341469407081604,0.177673399448395,4.83334423544413,-43235.9081988698,-69480.9154746132,-43238.3707509956,-69480.9016380342,-43240.8333031215,-69480.8878014552,1,0,0,0
20140118093043.daq,129,50,2037.55,1,0,right,0.310226440429688,269.68977355957,12,0.0001,71.2362899780273,260.580998671445,0.0878899991512299,0.341444730758667,0.206148609519005,4.90340952458519,-43235.9777866098,-69491.360503382,-43238.4403415106,-69491.3471698152,-43240.9028964114,-69491.3338362483,1,0,0,0
20140118093043.daq,129,50,2037.65,1,0,right,0.298431396484375,269.701568603516,12,0.0001,71.2494812011719,271.029979438492,0.0878899991512299,0.340919733047485,0.168181732296944,4.9688605815589,-43236.043462489,-69501.8055297815,-43238.5060200825,-69501.7927031623,-43240.968577676,-69501.779876543,1,0,0,0
20140118093043.daq,129,50,2037.75,1,0,right,0.286178588867188,269.713821411133,12,0.0001,71.2626113891602,281.480890633189,0.0878899991512299,0.341249257326126,0.215640276670456,5.03424031928346,-43236.1091100849,-69512.2583574182,-43238.5716703651,-69512.2460574218,-43241.0342306453,-69512.2337574253,1,0,0,0
20140118093043.daq,129,50,2037.85,1,0,right,0.2735595703125,269.726440429688,12,0.0001,71.2756805419922,291.933722930728,0.0878899991512299,0.340735554695129,0.282082378864288,5.0960632284388,-43236.1708288227,-69522.7111759979,-43238.6333917522,-69522.6994183644,-43241.0959546816,-69522.6876607309,1,0,0,0
20140118093043.daq,129,50,2037.95,1,0,right,0.262313842773438,269.737686157227,12,0.0001,71.2887191772461,302.388470549777,0.0878899991512299,0.341299325227737,0.225131943821907,5.15845170780037,-43236.2326326399,-69533.1562152793,-43238.6951978297,-69533.1449409855,-43241.1577630194,-69533.1336666917,1,0,0,0
20140118093043.daq,129,50,2038.05,1,0,right,0.249588012695313,269.750411987305,12,0.0001,71.3017044067383,312.845126123662,0.0878899991512299,0.341471701860428,0.215640276670456,5.2158675978629,-43236.290438644,-69543.6168434364,-43238.7530062771,-69543.6061160974,-43241.2155739102,-69543.5953887584,1,0,0,0
20140118093043.daq,129,50,2038.15,1,0,right,0.236724853515625,269.763275146484,12,0.0001,71.3146667480469,323.303684057493,0.0878899991512299,0.341364979743958,0.196656957268715,5.27339036621662,-43236.348236217,-69554.0696555775,-43238.8108061964,-69554.0594810962,-43241.2733761758,-69554.049306615,1,0,0,0
20140118093043.daq,129,50,2038.25,1,0,right,0.224334716796875,269.775665283203,12,0.0001,71.32763671875,333.764143791748,0.0439449995756149,0.341407895088196,0.177673399448395,5.3273512072043,-43236.4021568846,-69564.5302915544,-43238.8647290067,-69564.5206496009,-43241.3273011287,-69564.5110076474,1,0,0,0
20140118093043.daq,129,50,2038.35,1,0,right,0.210891723632813,269.789108276367,12,0.0001,71.3405303955078,344.226500943769,0.0439449995756149,0.341765969991684,0.215640276670456,5.37757161030736,-43236.4521062142,-69574.9909017218,-43238.9146805307,-69574.9818375483,-43241.3772548471,-69574.9727733748,1,0,0,0
20140118093043.daq,129,50,2038.45,1,0,right,0.197006225585938,269.802993774414,12,0.0001,71.3533630371094,354.69074376428,0.0439449995756149,0.340899378061295,0.215640276670456,5.42779066422551,-43236.5020282399,-69585.4515009094,-43238.9646046808,-69585.4430335353,-43241.4271811216,-69585.4345661611,1,0,0,0
20140118093043.daq,129,50,2038.55,-2,0,right,0.1844482421875,269.815551757813,12,0.0001,71.3661804199219,365.156867217884,0.0439449995756149,0.340896844863892,0.206148609519005,5.47382428217353,-43236.5481262319,-69595.9121322618,-43239.0107044695,-69595.9042046309,-43241.473282707,-69595.8962769999,1,0,0,0
20140118093043.daq,129,50,2038.65,-2,0,right,0.171066284179688,269.82893371582,12,0.0001,71.3789596557617,375.624868413841,0.0439449995756149,0.34161639213562,0.234623834490776,5.51993439614285,-43236.5941733155,-69606.3805558394,-43239.0567533374,-69606.3732033665,-43241.5193333594,-69606.3658508936,1,0,0,0
20140118093043.daq,129,50,2038.75,-2,0,right,0.157501220703125,269.842498779297,12,0.0001,71.3917083740234,386.094740358589,0.0439449995756149,0.340712279081345,0.149198174476624,5.56209710341568,-43236.6363028984,-69616.8489747532,-43239.0988845921,-69616.8422053087,-43241.5614662858,-69616.8354358642,1,0,0,0
20140118093043.daq,129,50,2038.85,1,0,right,0.143875122070313,269.85612487793,12,0.0001,71.4044494628906,396.566483145289,0.0439449995756149,0.341437697410583,0.225131943821907,5.60010088209089,-43236.6745225346,-69627.3173919773,-43239.1371057686,-69627.3112081848,-43241.5996890025,-69627.3050243924,1,0,0,0
20140118093043.daq,129,50,2038.95,1,0,right,0.130905151367188,269.869094848633,12,0.0001,71.4171142578125,407.040088101872,0.0439449995756149,0.341179490089417,0.206148609519005,5.63819204545907,-43236.7127828301,-69637.7858250391,-43239.1753674008,-69637.7801986985,-43241.6379519715,-69637.774572358,1,0,0,0
20140118093043.daq,129,50,2039.05,1,0,right,0.11700439453125,269.882995605469,12,0.0001,71.4297637939453,417.515549820004,0.0439449995756149,0.341390997171402,0.215640276670456,5.6724218462184,-43236.7470793854,-69648.2620476543,-43239.2096652486,-69648.2570187713,-43241.6722511118,-69648.2519898884,1,0,0,0
20140118093043.daq,129,50,2039.15,1,0,right,0.103363037109375,269.896636962891,12,0.0001,71.4423980712891,427.992866248096,0.0439449995756149,0.341476082801819,0.206148609519005,5.70277326717087,-43236.7774858134,-69658.7382764093,-43239.2400728041,-69658.7338338352,-43241.7026597949,-69658.7293912611,0,1,0,1
20140118093043.daq,129,50,2039.25,1,0,right,0.090545654296875,269.909454345703,12,0.0001,71.4549942016602,438.472032071091,0.0439449995756149,0.342593401670456,0.215640276670456,5.73318694515779,-43236.8079432679,-69669.2145251404,-43239.2705311908,-69669.2106334607,-43241.7331191138,-69669.206741781,0,1,0,1
20140118093043.daq,129,50,2039.35,1,0,right,0.0761260986328125,269.923873901367,12,0.0001,71.4676895141602,448.953050459415,0.0439449995756149,0.342014700174332,0.215640276670456,5.75960751701828,-43236.8343954881,-69679.6907344384,-43239.2969843125,-69679.6874625152,-43241.7595731368,-69679.684190592,0,1,0,1
20140118093043.daq,129,50,2039.45,1,0,right,0.0625762939453125,269.937423706055,12,0.0001,71.480598449707,459.435947802354,0.0439449995756149,0.342157244682312,0.196656957268715,5.7861140614714,-43236.8609015641,-69690.1747773362,-43239.3234910934,-69690.1720877876,-43241.7860806227,-69690.1693982389,0,1,0,1
20140118093043.daq,129,50,2039.55,1,0,right,0.0499420166015625,269.950057983398,12,0.0001,71.4935760498047,469.920743588795,0.0439449995756149,0.34169790148735,0.234623834490776,5.80877053341946,-43236.8835580605,-69700.6588424949,-43239.346148123,-69700.6566959713,-43241.8087381855,-69700.6545494476,0,1,0,1
20140118093043.daq,129,50,2039.65,1,0,right,0.0364990234375,269.963500976563,12,0.0001,71.506591796875,480.40744677058,0.0439449995756149,0.341860413551331,0.206148609519005,5.82751544518851,-43236.9022583902,-69711.1428876317,-43239.3648488886,-69711.141318892,-43241.8274393869,-69711.1397501524,0,1,0,1
20140118093043.daq,129,50,2039.75,-2,0,right,0.0228118896484375,269.977188110352,12,0.0001,71.5195770263672,490.896056694968,0,0.341707319021225,0.225131943821907,5.84633803959404,-43236.920943709,-69721.6269265774,-43239.3835345118,-69721.6259461151,-43241.8461253146,-69721.6249656528,0,1,0,1
20140118093043.daq,129,50,2039.85,-2,0,right,0.0069580078125,269.993041992188,12,0.0001,71.5325469970703,501.386570191564,0,0.342089265584946,0.187165051698685,5.86110721167681,-43236.9355889625,-69732.1187245714,-43239.3981799424,-69732.118425514,-43241.8607709222,-69732.1181264566,0,1,0,1
20140118093043.daq,129,50,2039.95,-2,0,right,-0.007659912109375,270.007659912109,12,0.0001,71.5455093383789,511.878984183102,0,0.341842770576477,0.225131943821907,5.87234061576676,-43236.9464044423,-69742.6027401909,-43239.4089954183,-69742.6030694163,-43241.8715863942,-69742.6033986418,0,1,0,1
20140118093043.daq,129,50,2040.05,1,0,right,-0.0236968994140625,270.023696899414,12,0.0001,71.558479309082,522.373300348088,0,0.34203228354454,0.215640276670456,5.88277113351196,-43236.9571323405,-69753.0945331576,-43239.4197231279,-69753.0955516579,-43241.8823139153,-69753.0965701582,0,1,0,1
20140118093043.daq,129,50,2040.15,1,0,right,-0.03759765625,270.03759765625,12,0.0001,71.571418762207,532.869517660816,0,0.341106504201889,0.215640276670456,5.88977250339681,-43236.964086066,-69763.5941909543,-43239.4266765338,-69763.5958069135,-43241.8892670016,-69763.5974228728,0,1,0,1
20140118093043.daq,129,50,2040.25,1,0,right,-0.051116943359375,270.051116943359,12,0.0001,71.5843048095703,543.367628941138,0.0439449995756149,0.342467695474625,0.206148609519005,5.89290444331221,-43236.9671571879,-69774.0860454421,-43239.4297472059,-69774.0882424644,-43241.8923372238,-69774.0904394868,0,1,0,1
20140118093043.daq,129,50,2040.35,1,0,right,-0.065155029296875,270.065155029297,12,0.0001,71.5971221923828,553.86762318571,0.0439449995756149,0.342065215110779,0.244115486741066,5.89587770666597,-43236.9701963453,-69784.5856994421,-43239.432785751,-69784.5884998255,-43241.8953751568,-69784.591300209,0,1,1,1
20140118093043.daq,129,50,2040.45,1,0,right,-0.07891845703125,270.078918457031,12,0.0001,71.6099700927734,564.369500301313,0,0.342133641242981,0.206148609519005,5.8950772582572,-43236.9693462998,-69795.0853600054,-43239.4319349618,-69795.0887519449,-43241.8945236238,-69795.0921438845,0,1,1,1
20140118093043.daq,129,50,2040.55,1,0,right,-0.0937042236328125,270.093704223633,12,0.0001,71.6227722167969,574.873259355489,0,0.342280656099319,0.206148609519005,5.89031086891707,-43236.9645269543,-69805.584995128,-43239.427114659,-69805.5890225638,-43241.8897023637,-69805.5930499997,0,1,1,1
20140118093043.daq,129,50,2040.65,1,0,right,-0.108932495117188,270.108932495117,12,0.0001,71.6355361938477,585.378893541056,-0.0439449958503246,0.341908603906631,0.196656957268715,5.8853779726128,-43236.9596803804,-69816.0924315844,-43239.4222669277,-69816.0971135352,-43241.8848534749,-69816.101795486,0,1,1,1
20140118093043.daq,129,50,2040.75,1,0,right,-0.134078979492188,270.134078979492,12,0.0001,71.6482391357422,595.886395491427,-0.615229964256287,0.342367321252823,0.215640276670456,5.87585734859897,-43236.95031534,-69826.5996225756,-43239.4128995952,-69826.6053853279,-43241.8754838505,-69826.6111480802,0,1,1,1
20140118093043.daq,129,50,2040.85,1,0,right,-0.174453735351563,270.174453735352,12,0.0001,71.6608657836914,606.395754762751,-1.09862494468689,0.342071771621704,0.187165051698685,5.86157904101174,-43236.9361044293,-69837.0986232667,-43239.3986840122,-69837.1061213327,-43241.8612635952,-69837.1136193986,0,1,1,1
20140118093043.daq,129,50,2040.95,1,0,right,-0.2252197265625,270.225219726563,12,0.0001,71.6734390258789,616.906961377506,-1.18651497364044,0.341986209154129,0.225131943821907,5.84262172387405,-43236.9173468624,-69847.6129892742,-43239.3799188352,-69847.6226692655,-43241.842490808,-69847.6323492567,0,1,1,1
20140118093043.daq,129,50,2041.05,1,0,right,-0.282257080078125,270.282257080078,12,0.0001,71.6859436035156,627.420007875771,-1.14256989955902,0.342190980911255,0.206148609519005,5.81947267024214,-43236.8942973972,-69858.1193839421,-43239.3568585135,-69858.1315153929,-43241.8194196297,-69858.1436468438,0,1,1,1
20140118093043.daq,129,50,2041.15,1,0,right,-0.34051513671875,270.340515136719,12,0.0001,71.6983642578125,637.93488176231,-1.09862494468689,0.342149019241333,0.196656957268715,5.78846615074196,-43236.8633615946,-69868.6257446509,-43239.3259091027,-69868.6403800146,-43241.7884566108,-69868.6550153783,0,1,1,1
20140118093043.daq,129,50,2041.25,1,0,right,-0.396820068359375,270.396820068359,12,0.0001,71.7107162475586,648.451572220307,-1.05467987060547,0.342031121253967,0.177673399448395,5.74590428852201,-43236.8208288716,-69879.1399630615,-43239.2833608083,-69879.1570183791,-43241.7458927451,-69879.1740736966,0,1,1,1
20140118093043.daq,129,50,2041.35,1,0,right,-0.452056884765625,270.452056884766,12,0.0001,71.7230453491211,658.970072722354,-1.05467987060547,0.342393308877945,0.225131943821907,5.69567790076234,-43236.7705508241,-69889.6542048422,-43239.2330651741,-69889.6736341907,-43241.6955795241,-69889.6930635391,0,0,1,0
20140118093043.daq,129,50,2041.45,1,0,right,-0.507080078125,270.507080078125,12,0.0001,71.7353363037109,669.490378606017,-1.05467987060547,0.342102438211441,0.215640276670456,5.63391246021884,-43236.708568515,-69900.1762612113,-43239.1710630707,-69900.1980553914,-43241.6335576265,-69900.2198495714,0,0,1,0
20140118093043.daq,129,50,2041.55,1,0,right,-0.561767578125,270.561767578125,12,0.0001,71.7475891113281,680.012484089966,-1.05467987060547,0.341714262962341,0.215640276670456,5.56439248729259,-43236.638795695,-69910.6905102828,-43239.101268327,-69910.7146548468,-43241.563740959,-69910.7387994109,0,0,1,0
20140118093043.daq,129,50,2041.65,1,0,right,-0.615768432617188,270.615768432617,12,0.0001,71.7597885131836,690.536383019731,-1.01073491573334,0.342298030853271,0.225131943821907,5.48257484337966,-43236.5573476852,-69921.2125859778,-43239.0197964674,-69921.2390513932,-43241.4822452497,-69921.2655168087,0,0,1,0
20140118093043.daq,129,50,2041.75,1,0,right,-0.667266845703125,270.667266845703,12,0.0001,71.7719345092773,701.062066629995,-0.791009962558746,0.342553526163101,0.215640276670456,5.39317708918833,-43236.4682423632,-69931.7347218628,-43238.9306663632,-69931.7634005578,-43241.3930903632,-69931.7920792527,0,0,1,0
20140118093043.daq,129,50,2041.85,1,0,right,-0.70440673828125,270.704406738281,12,0.0001,71.7840805053711,711.589531470585,-0.0878899917006493,0.342049568891525,0.206148609519005,5.29311239006587,-43236.3683022536,-69942.2572188905,-43238.8307071464,-69942.2874937556,-43241.2931120392,-69942.3177686206,0,0,1,0
20140118093043.daq,129,50,2041.95,1,0,right,-0.720169067382813,270.720169067383,12,0.0001,71.7962341308594,722.118778007687,0.92284494638443,0.34234619140625,0.196656957268715,5.18671970990027,-43236.2618644082,-69952.7802568026,-43238.7242608791,-69952.8112090853,-43241.1866573499,-69952.842161368,0,0,1,0
20140118093043.daq,129,50,2042.05,1,0,right,-0.7021484375,270.7021484375,12,0.0001,71.8083953857422,732.649807733367,1.71385490894318,0.342368215322495,0.225131943821907,5.0748411591121,-43236.1496911069,-69963.3119636184,-43238.612097191,-69963.3421414283,-43241.0745032752,-69963.3723192382,0,0,1,0
20140118093043.daq,129,50,2042.15,1,0,right,-0.666000366210938,270.666000366211,12,0.0001,71.8205947875977,743.182623445027,1.71385490894318,0.342404842376709,0.196656957268715,4.95638755782434,-43236.0308202541,-69973.8441289071,-43238.4932448874,-69973.872753172,-43240.9556695208,-69973.901377437,0,0,1,0
20140118093043.daq,129,50,2042.25,1,0,right,-0.618270874023438,270.618270874023,12,0.0001,71.8327865600586,753.717229059053,1.66990995407104,0.342312842607498,0.206148609519005,4.84175451633337,-43235.9165687254,-69984.3765852948,-43238.3790163495,-69984.4031582597,-43240.8414639735,-69984.4297312247,0,0,1,0
20140118093043.daq,129,50,2042.35,1,0,right,-0.57232666015625,270.572326660156,12,0.0001,71.8449172973633,764.253618887364,1.58201992511749,0.341821670532227,0.196656957268715,4.73107098750854,-43235.8061145778,-69994.916806748,-43238.2685827184,-69994.9414051225,-43240.731050859,-69994.966003497,0,0,1,0
20140118093043.daq,129,50,2042.45,1,0,right,-0.525421142578125,270.525421142578,12,0.0001,71.8569793701172,774.79178369834,1.58201992511749,0.342258542776108,0.177673399448395,4.62072883851997,-43235.6957205402,-70005.4492376113,-43238.1582079932,-70005.4718200642,-43240.6206954462,-70005.4944025171,0,0,1,0
20140118093043.daq,129,50,2042.55,1,0,right,-0.480514526367188,270.480514526367,12,0.0001,71.8689727783203,785.331711556151,1.62596487998962,0.342580318450928,0.187165051698685,4.52228945789692,-43235.5969231175,-70015.9894284365,-43238.0594275136,-70016.010080863,-43240.5219319097,-70016.0307332895,0,0,1,0
20140118093043.daq,129,50,2042.65,1,0,right,-0.43756103515625,270.437561035156,12,0.0001,71.8809280395508,795.873395374045,1.49412989616394,0.341869115829468,0.206148609519005,4.42764981229158,-43235.50191251,-70026.5295681593,-43237.9644316968,-70026.5483744902,-43240.4269508836,-70026.5671808212,0,0,1,0
20140118093043.daq,129,50,2042.75,1,0,right,-0.403884887695313,270.403884887695,12,0.0001,71.8928451538086,806.416829557013,0.92284494638443,0.342529267072678,0.215640276670456,4.33931302929299,-43235.4141435456,-70037.0772863299,-43237.8766733606,-70037.0946452883,-43240.3392031757,-70037.1120042467,0,0,1,0
20140118093043.daq,129,50,2042.85,1,0,right,-0.383224487304688,270.383224487305,12,0.0001,71.9047164916992,816.962008416944,0.615229964256287,0.342725038528442,0.187165051698685,4.26237499145655,-43235.3372916769,-70047.6168655136,-43237.7998275913,-70047.6333365023,-43240.2623635058,-70047.649807491,0,0,1,0
20140118093043.daq,129,50,2042.95,1,0,right,-0.3729248046875,270.372924804688,12,0.0001,71.9165573120117,827.508925799455,0.527339994907379,0.341934591531754,0.215640276670456,4.18920240514844,-43235.2637076816,-70058.1639979208,-43237.7262465171,-70058.1800262355,-43240.1887853526,-70058.1960545501,0,0,1,0
20140118093043.daq,129,50,2043.05,1,0,right,-0.369979858398438,270.369979858398,12,0.0001,71.9283752441406,838.057578440843,0.395504981279373,0.342205196619034,0.244115486741066,4.11918759909368,-43235.1935766829,-70068.7109464992,-43237.656116339,-70068.7268482418,-43240.1186559951,-70068.7427499844,0,0,1,0
20140118093043.daq,129,50,2043.15,1,0,right,-0.37347412109375,270.373474121094,12,0.0001,71.9402313232422,848.607966341078,0.219724997878075,0.341935843229294,0.225131943821907,4.05206450306812,-43235.1269550768,-70079.2577341953,-43237.5894937586,-70079.2737861193,-43240.0520324403,-70079.2898380432,0,0,1,0
20140118093043.daq,129,50,2043.25,1,0,right,-0.383331298828125,270.383331298828,12,0.0001,71.9521331787109,859.160096680338,0.0878899991512299,0.341864585876465,0.215640276670456,3.9891419170536,-43235.0638475945,-70089.8121753436,-43237.5263834782,-70089.828650923,-43239.988919362,-70089.8451265024,0,0,1,0
20140118093043.daq,129,50,2043.35,1,0,right,-0.394210815429688,270.39421081543,12,0.0001,71.963981628418,869.713969178789,0.0439449995756149,0.341757416725159,0.215640276670456,3.92644930571239,-43235.0006771562,-70100.3665908202,-43237.4632098672,-70100.383533994,-43239.9257425781,-70100.4004771677,0,0,1,0
20140118093043.daq,129,50,2043.45,1,0,right,-0.40740966796875,270.407409667969,12,0.0001,71.9757690429688,880.269575723942,0.0439449995756149,0.342564821243286,0.196656957268715,3.86249495719003,-43234.9373638609,-70110.913135635,-43237.3998926033,-70110.9306460857,-43239.8624213458,-70110.9481565365,0,0,1,0
20140118093043.daq,129,50,2043.55,1,0,right,-0.420700073242188,270.420700073242,12,0.0001,71.9874877929688,890.826905592112,0.0439449995756149,0.341420888900757,0.196656957268715,3.79534587527652,-43234.870138751,-70121.4674904701,-43237.3326633655,-70121.4855721318,-43239.7951879799,-70121.5036537936,0,0,1,0
20140118093043.daq,129,50,2043.65,1,0,right,-0.435134887695313,270.435134887695,12,0.0001,71.9991607666016,901.385951789707,0.0439449995756149,0.34212264418602,0.244115486741066,3.72861724149785,-43234.8028432182,-70132.029628945,-43237.2653631992,-70132.0483310024,-43239.7278831801,-70132.0670330598,0,0,1,0
20140118093043.daq,129,50,2043.75,1,0,right,-0.447265625,270.447265625,12,0.0001,72.0107650756836,911.946703779686,0.0439449995756149,0.342022746801376,0.215640276670456,3.66075482564005,-43234.7356897027,-70142.5840124531,-43237.1982056689,-70142.603235878,-43239.660721635,-70142.6224593029,0,0,1,0
20140118093043.daq,129,50,2043.85,1,0,right,-0.459457397460938,270.459457397461,12,0.0001,72.0223693847656,922.509158111847,0.17577999830246,0.34118464589119,0.215640276670456,3.59000680747282,-43234.6646262423,-70153.1462067722,-43237.1271380622,-70153.165954187,-43239.5896498821,-70153.1857016018,0,0,1,0
20140118093043.daq,129,50,2043.95,1,0,right,-0.463226318359375,270.463226318359,12,0.0001,72.0339508056641,933.073313014524,0.703119993209839,0.342403501272202,0.215640276670456,3.51568530668072,-43234.5901753563,-70163.7086122428,-43237.0526858718,-70163.7285216418,-43239.5151963874,-70163.7484310408,0,0,1,0
20140118093043.daq,129,50,2044.05,1,0,right,-0.452239990234375,270.452239990234,12,0.0001,72.0454635620117,943.639161027764,1.14256989955902,0.342857360839844,0.206148609519005,3.4416674002754,-43234.5166332955,-70174.2713877515,-43236.9791475834,-70174.2908249697,-43239.4416618713,-70174.3102621878,0,0,1,0
20140118093043.daq,129,50,2044.15,1,0,right,-0.43084716796875,270.430847167969,12,0.0001,72.057014465332,954.206698981172,1.2744048833847,0.343227118253708,0.168181732296944,3.3657762009057,-43234.4398261114,-70184.8422363558,-43236.902347485,-70184.8607541309,-43239.3648688586,-70184.879271906,0,0,1,0
20140118093043.daq,129,50,2044.25,1,0,right,-0.401870727539063,270.401870727539,12,0.0001,72.068733215332,964.775942447217,1.23045992851257,0.343246221542358,0.187165051698685,3.29261988074599,-43234.3673926536,-70195.4054617211,-43236.8299230773,-70195.4227341123,-43239.2924535011,-70195.4400065036,0,0,1,0
20140118093043.daq,129,50,2044.35,1,0,right,-0.373565673828125,270.373565673828,12,0.0001,72.0805740356445,975.346914924477,1.05467998981476,0.343566656112671,0.206148609519005,3.22022511870889,-43234.2949181844,-70205.9764819077,-43236.7574568405,-70205.9925377665,-43239.2199954966,-70206.0085936254,0,0,1,0
20140118093043.daq,129,50,2044.45,1,0,right,-0.349868774414063,270.349868774414,12,0.0001,72.0924377441406,985.919626763585,0.92284494638443,0.343238681554794,0.187165051698685,3.15181974157888,-43234.2260662593,-70216.5473862179,-43236.6886113453,-70216.5624235967,-43239.1511564313,-70216.5774609755,0,0,1,0
20140118093043.daq,129,50,2044.55,1,0,right,-0.33056640625,270.33056640625,12,0.0001,72.1043853759766,996.494083932397,0.834954977035522,0.343277722597122,0.234623834490776,3.08989384466951,-43234.164756155,-70227.1259928319,-43236.6273061672,-70227.1402006033,-43239.0898561795,-70227.1544083748,0,0,1,0
20140118093043.daq,129,50,2044.65,1,0,right,-0.3145751953125,270.314575195313,12,0.0001,72.116340637207,1007.07029500973,0.834954977035522,0.343001693487167,0.234623834490776,3.02961044737954,-43234.1032420571,-70237.6967040255,-43236.5657959388,-70237.7102245004,-43239.0283498205,-70237.7237449754,0,0,1,0
20140118093043.daq,129,50,2044.75,1,0,right,-0.29803466796875,270.298034667969,12,0.0001,72.1283187866211,1017.64826018209,0.834954977035522,0.34245690703392,0.196656957268715,2.97079253938409,-43234.0456681931,-70248.2752411251,-43236.5082258753,-70248.2880506931,-43238.9707835576,-70248.300860261,0,0,1,0
20140118093043.daq,129,50,2044.85,1,0,right,-0.28228759765625,270.282287597656,12,0.0001,72.1402893066406,1028.22798261995,0.834954977035522,0.343266993761063,0.225131943821907,2.91798292667323,-43233.9919517652,-70258.8537581825,-43236.454512875,-70258.865890945,-43238.9170739848,-70258.8780237075,0,0,1,0
20140118093043.daq,129,50,2044.95,1,0,right,-0.267288208007813,270.267288208008,12,0.0001,72.1521759033203,1038.80945467696,0.834954977035522,0.343164294958115,0.206148609519005,2.86730797470941,-43233.9420955803,-70269.4322563766,-43236.4046597819,-70269.4437444679,-43238.8672239836,-70269.4552325593,0,0,1,0
20140118093043.daq,129,50,2045.05,1,0,right,-0.252716064453125,270.252716064453,12,0.0001,72.1641006469727,1049.3926726231,0.834954977035522,0.343039751052856,0.206148609519005,2.82202698642942,-43233.8961193892,-70280.0185562086,-43236.358686433,-70280.029417991,-43238.8212534768,-70280.0402797734,0,0,1,0
20140118093043.daq,129,50,2045.15,1,0,right,-0.239059448242188,270.239059448242,12,0.0001,72.176025390625,1059.97763990861,0.791009962558746,0.343208521604538,0.225131943821907,2.77927957619814,-43233.853993062,-70290.5970205688,-43236.3165626248,-70290.6072953908,-43238.7791321876,-70290.6175702129,0,0,1,0
20140118093043.daq,129,50,2045.25,1,0,right,-0.225830078125,270.225830078125,12,0.0001,72.1879119873047,1070.56435345628,0.74706494808197,0.342313855886459,0.215640276670456,2.73763031537621,-43233.8118404569,-70301.1832866207,-43236.2744123264,-70301.1929928448,-43238.7369841959,-70301.2026990689,0,0,1,0
20140118093043.daq,129,50,2045.35,1,0,right,-0.214996337890625,270.214996337891,12,0.0001,72.19970703125,1081.15280496705,0.615229964256287,0.343040347099304,0.215640276670456,2.69866356154962,-43233.7734463673,-70311.7773055366,-43236.2360200281,-70311.7865461266,-43238.6985936889,-70311.7957867165,0,0,1,0
20140118093043.daq,129,51,2162.73333333333,1,0,left,-0.540390014648438,270.540390014648,12,0.0001,63.6192817687988,0,0.703119993209839,0.294687658548355,0.215640276670456,-3.2760826267098,-43232.7299552944,-81829.5347985214,-43235.1924367635,-81829.5580243133,-43237.6549182327,-81829.5812501053,1,0,0,0
20140118093043.daq,129,51,2162.83333333333,1,0,left,-0.555938720703125,270.555938720703,12,0.0001,63.6199188232422,9.33089596327045,0.703119993209839,0.294837057590485,0.187165051698685,-3.34929356058448,-43232.6508732077,-81838.8625320889,-43235.1133482833,-81838.8864261387,-43237.5758233588,-81838.9103201884,1,0,0,0
20140118093043.daq,129,51,2162.93333333333,1,0,left,-0.5726318359375,270.572631835938,12,0.0001,63.6205291748047,18.6618843822798,0.703119993209839,0.295553535223007,0.187165051698685,-3.42854786726674,-43232.5717207962,-81848.1902365573,-43235.0341888058,-81848.2148480478,-43237.4966568153,-81848.2394595382,1,0,0,0
20140118093043.daq,129,51,2163.03333333333,1,0,left,-0.588638305664063,270.588638305664,12,0.0001,63.6211204528809,27.9929601283511,0.703119993209839,0.295871019363403,0.187165051698685,-3.51157858839488,-43232.4887045109,-81857.5257705426,-43234.9511655487,-81857.5510699609,-43237.4136265866,-81857.5763693792,1,0,0,0
20140118093043.daq,129,51,2163.13333333333,1,0,left,-0.603713989257813,270.603713989258,12,0.0001,63.6217269897461,37.3241234346642,0.703119993209839,0.295314371585846,0.168181732296944,-3.59856652299843,-43232.4018393591,-81866.8535152408,-43234.8642936549,-81866.8794625818,-43237.3267479507,-81866.9054099227,1,0,0,0
20140118093043.daq,129,51,2163.23333333333,1,0,left,-0.620223999023438,270.620223999023,12,0.0001,63.6223564147949,46.6553776581422,0.659174978733063,0.295372068881989,0.206148609519005,-3.68956736395541,-43232.3109798137,-81876.1812234765,-43234.7734265304,-81876.2078803825,-43237.2358732472,-81876.2345372885,1,0,0,0
20140118093043.daq,129,51,2163.33333333333,1,0,left,-0.637313842773438,270.637313842773,12,0.0001,63.6229705810547,55.9867236380232,0.659174978733063,0.29558652639389,0.225131943821907,-3.78062108057984,-43232.22008472,-81885.5089167671,-43234.6825233761,-81885.5363081558,-43237.1449620323,-81885.5636995445,1,0,0,0
20140118093043.daq,129,51,2163.43333333333,1,0,left,-0.65545654296875,270.655456542969,12,0.0001,63.6235733032227,65.3181578774529,0.659174978733063,0.29501610994339,0.206148609519005,-3.87546949575018,-43232.1252187469,-81894.8365831181,-43234.5876486062,-81894.8647542363,-43237.0500784654,-81894.8929253545,1,0,0,0
20140118093043.daq,129,51,2163.53333333333,1,0,left,-0.672317504882813,270.672317504883,12,0.0001,63.6241722106934,74.649680469709,0.659174978733063,0.29557278752327,0.215640276670456,-3.97007661001455,-43232.030431745,-81904.1642815548,-43234.4928532074,-81904.1931773139,-43236.9552746698,-81904.222073073,1,0,0,0
20140118093043.daq,129,51,2163.63333333333,1,0,left,-0.689193725585938,270.689193725586,12,0.0001,63.6247634887695,83.9812905289582,0.659174978733063,0.295380711555481,0.206148609519005,-4.07252694208799,-43231.9278314303,-81913.4919792999,-43234.3902442748,-81913.5216003532,-43236.8526571193,-81913.5512214065,1,0,0,0
20140118093043.daq,129,51,2163.73333333333,1,0,left,-0.707122802734375,270.707122802734,12,0.0001,63.6253623962402,93.3129882416688,0.659174978733063,0.295464754104614,0.215640276670456,-4.17507059464779,-43231.8251665074,-81922.8196500551,-43234.2875699623,-81922.8500416486,-43236.7499734171,-81922.8804332421,1,0,0,0
20140118093043.daq,129,51,2163.83333333333,1,0,left,-0.723602294921875,270.723602294922,12,0.0001,63.6259613037109,102.64477304832,0.659174978733063,0.295208960771561,0.206148609519005,-4.27762340347794,-43231.722590842,-81932.1551697321,-43234.1849854538,-81932.1862695643,-43236.6473800655,-81932.2173693965,1,0,0,0
20140118093043.daq,129,51,2163.93333333333,1,0,left,-0.73931884765625,270.739318847656,12,0.0001,63.6265754699707,111.976647186937,0.703119993209839,0.29528534412384,0.206148609519005,-4.38787693981048,-43231.6122496944,-81941.4828959813,-43234.0746356827,-81941.514671261,-43236.5370216709,-81941.5464465406,1,0,0,0
20140118093043.daq,129,51,2164.03333333333,1,0,left,-0.755401611328125,270.755401611328,12,0.0001,63.6271743774414,121.308610191278,0.74706494808197,0.295511990785599,0.206148609519005,-4.49817708328074,-43231.5018861479,-81950.8106126649,-43233.9642631199,-81950.8430791281,-43236.4266400919,-81950.8755455913,1,0,0,0
20140118093043.daq,129,51,2164.13333333333,1,0,left,-0.770034790039063,270.770034790039,12,0.0001,63.6277961730957,130.640662061283,0.74706494808197,0.295180320739746,0.263098806142807,-4.61231693206992,-43231.3877055515,-81960.1383659102,-43233.8500741513,-81960.1714612564,-43236.3124427512,-81960.2045566025,1,0,0,0
20140118093043.daq,129,51,2164.23333333333,1,0,left,-0.784271240234375,270.784271240234,12,0.0001,63.6284446716309,139.972807879007,0.791009962558746,0.295630216598511,0.225131943821907,-4.72645317600785,-43231.2735494289,-81969.4661290139,-43233.7359097295,-81969.4998361909,-43236.19827003,-81969.533543368,1,0,0,0
20140118093043.daq,129,51,2164.33333333333,1,0,left,-0.794830322265625,270.794830322266,12,0.0001,63.6290550231934,149.305045732879,1.01073491573334,0.295419842004776,0.225131943821907,-4.84428811378908,-43231.1557130998,-81978.8017979573,-43233.6180671466,-81978.8359589241,-43236.0804211934,-81978.8701198908,1,0,0,0
20140118093043.daq,129,51,2164.43333333333,1,0,left,-0.796539306640625,270.796539306641,12,0.0001,63.6296501159668,158.637371799705,1.36229491233826,0.295373380184174,0.215640276670456,-4.96548892053844,-43231.0345143416,-81988.1298794803,-43233.4968673684,-81988.1641138926,-43235.9592203952,-81988.198348305,1,0,0,0
20140118093043.daq,129,51,2164.53333333333,1,0,left,-0.786849975585938,270.786849975586,12,0.0001,63.630256652832,167.969786126079,1.93357992172241,0.295325517654419,0.215640276670456,-5.08600476647021,-43230.9140159675,-81997.4582509381,-43233.3763747485,-81997.4920689397,-43235.8387335295,-81997.5258869412,1,0,0,0
20140118093043.daq,129,51,2164.63333333333,1,0,left,-0.755218505859375,270.755218505859,12,0.0001,63.6308708190918,177.302289877669,2.76853489875793,0.295304924249649,0.177673399448395,-5.20518376552436,-43230.7948661521,-82006.7871798153,-43233.2572432278,-82006.8196384092,-43235.7196203035,-82006.8520970031,1,0,0,0
20140118093043.daq,129,51,2164.73333333333,1,0,left,-0.703262329101563,270.703262329102,12,0.0001,63.6314811706543,186.634884126775,3.12009477615356,0.295615911483765,0.225131943821907,-5.32308221580485,-43230.6769663682,-82016.1244353918,-43233.1393718652,-82016.1546610735,-43235.6017773621,-82016.1848867552,1,0,0,0
20140118093043.daq,129,51,2164.83333333333,1,0,left,-0.636993408203125,270.636993408203,12,0.0001,63.6320877075195,195.967566915235,3.20798492431641,0.295387804508209,0.225131943821907,-5.43622913821497,-43230.5638544315,-82025.4542373645,-43233.0262932408,-82025.4816149817,-43235.4887320501,-82025.5089925989,1,0,0,0
20140118093043.daq,129,51,2164.93333333333,1,0,left,-0.563690185546875,270.563690185547,12,0.0001,63.6327171325684,205.30034062083,3.29587483406067,0.295238554477692,0.206148609519005,-5.54108897529345,-43230.4589898629,-82034.7920243519,-43232.9214616834,-82034.8162515462,-43235.3839335038,-82034.8404787405,1,0,0,0
20140118093043.daq,129,51,2165.03333333333,1,0,left,-0.486953735351563,270.486953735352,12,0.0001,63.6332817077637,214.633203145495,3.29587483406067,0.295277208089828,0.225131943821907,-5.63796791045668,-43230.3621515758,-82044.1220792778,-43232.8246536353,-82044.1430084537,-43235.2871556947,-82044.1639376297,1,0,0,0
20140118093043.daq,129,51,2165.13333333333,1,0,left,-0.409637451171875,270.409637451172,12,0.0001,63.6337852478027,223.966143625788,3.25192975997925,0.295284152030945,0.206148609519005,-5.72694925822662,-43230.2731640954,-82053.4599548858,-43232.7356921551,-82053.477561085,-43235.1982202149,-82053.4951672841,0,1,0,1
20140118093043.daq,129,51,2165.23333333333,1,0,left,-0.329696655273438,270.329696655273,12,0.0001,63.6342315673828,233.299154182256,3.25192975997925,0.29511159658432,0.234623834490776,-5.80019420348733,-43230.1999660247,-82062.7900770236,-43232.6625162523,-82062.8042474135,-43235.1250664799,-82062.8184178034,0,1,0,1
20140118093043.daq,129,51,2165.33333333333,1,0,left,-0.249954223632813,270.249954223633,12,0.0001,63.6346321105957,242.632226282614,3.25192975997925,0.295287549495697,0.0732644200325012,-5.86558219020648,-43230.1345709997,-82072.1279998552,-43232.5971385642,-82072.1387429339,-43235.0597061287,-82072.1494860126,0,1,0,1
20140118093043.daq,129,51,2165.43333333333,1,0,left,-0.171615600585938,270.171615600586,12,0.0001,63.6349983215332,251.965354285407,3.25192975997925,0.295720279216766,0.187165051698685,-5.91549022913831,-43230.0847170921,-82081.4580685703,-43232.5472970435,-82081.4654446529,-43235.0098769949,-82081.4728207354,0,1,0,1
20140118093043.daq,129,51,2165.53333333333,1,0,left,-0.0912933349609375,270.091293334961,12,0.0001,63.6353721618652,261.298536185757,3.20798492431641,0.296104371547699,0.215640276670456,-5.94958684003714,-43230.0506133324,-82090.7959921391,-43232.5132012044,-82090.7999159542,-43234.9757890763,-82090.8038397694,0,1,0,1
20140118093043.daq,129,51,2165.63333333333,1,0,left,-0.0154266357421875,270.015426635742,12,0.0001,63.6357345581055,270.631772682973,3.12009477615356,0.295804411172867,0.215640276670456,-5.97614481637534,-43230.0240495583,-82100.1337991528,-43232.486640467,-82100.1344621945,-43234.9492313758,-82100.1351252363,0,1,0,1
20140118093043.daq,129,51,2165.73333333333,1,0,left,0.05206298828125,269.947937011719,12,0.0001,63.6360626220703,279.96505948776,2.50486493110657,0.29518049955368,0.253607153892517,-5.98708637093472,-43230.0125954163,-82109.4635820214,-43232.4751853976,-82109.4613443377,-43234.937775379,-82109.4591066541,0,1,0,1
20140118093043.daq,129,51,2165.83333333333,1,0,left,0.0959625244140625,269.904037475586,12,0.0001,63.636402130127,289.298394548532,1.58201992511749,0.294683068990707,0.234623834490776,-5.98885682756676,-43230.0114032041,-82118.8005952667,-43232.4739907482,-82118.7964707685,-43234.9365782922,-82118.7923462703,0,1,0,1
20140118093043.daq,129,51,2165.93333333333,1,0,left,0.113677978515625,269.886322021484,12,0.0001,63.6367645263672,298.63178154864,0.92284494638443,0.294555932283401,0.206148609519005,-5.97995705968005,-43230.0203111748,-82128.1369662898,-43232.4828973259,-82128.132080377,-43234.9454834769,-82128.1271944642,0,1,0,1
20140118093043.daq,129,51,2166.03333333333,1,0,left,0.111434936523438,269.888565063477,12,0.0001,63.6371879577637,307.96522496402,0.659174978733063,0.295346558094025,0.187165051698685,-5.96456517652112,-43230.0357974644,-82137.465036418,-43232.4983838048,-82137.4602469117,-43234.9609701453,-82137.4554574053,0,1,0,1
20140118093043.daq,129,51,2166.13333333333,1,0,left,0.0965576171875,269.903442382813,12,0.0001,63.6376609802246,317.298734352633,0.57128494977951,0.29546183347702,0.215640276670456,-5.94597326600832,-43230.0544087507,-82146.800609835,-43232.5169962518,-82146.7964597596,-43234.9795837528,-82146.7923096842,0,1,0,1
20140118093043.daq,129,51,2166.23333333333,1,0,left,0.0764617919921875,269.923538208008,12,0.0001,63.6382179260254,326.632319272438,0.527339994907379,0.295432776212692,0.234623834490776,-5.92755145590421,-43230.0726974923,-82156.1282426636,-43232.5352862974,-82156.1249563123,-43234.9978751026,-82156.1216699609,0,1,0,1
20140118093043.daq,129,51,2166.33333333333,1,0,left,0.054290771484375,269.945709228516,12,0.0001,63.6387939453125,335.965987602918,0.483394980430603,0.294962286949158,0.177673399448395,-5.90573555883455,-43230.0947643765,-82165.4636366626,-43232.557354269,-82165.4613032282,-43235.0199441615,-82165.4589697937,0,1,0,1
20140118093043.daq,129,51,2166.43333333333,1,0,left,0.029693603515625,269.970306396484,12,0.0001,63.6393775939941,345.29974218813,0.483394980430603,0.295763701200485,0.187165051698685,-5.88760780265172,-43230.1127752722,-82174.7911580664,-43232.5753659395,-82174.7898818259,-43235.0379566068,-82174.7886055853,0,1,0,1
20140118093043.daq,129,51,2166.53333333333,1,0,left,0.006195068359375,269.993804931641,12,0.0001,63.6399230957031,354.633579391346,0.483394980430603,0.295456767082214,0.196656957268715,-5.87311182202973,-43230.1269480667,-82184.1187058203,-43232.5895390503,-82184.1184395543,-43235.0521300339,-82184.1181732882,0,1,0,1
20140118093043.daq,129,51,2166.63333333333,1,0,left,-0.0181732177734375,270.018173217773,12,0.0001,63.640510559082,363.967498233513,0.483394980430603,0.295050650835037,0.253607153892517,-5.85940622143952,-43230.1410673609,-82193.4540440795,-43232.6036582351,-82193.4548251703,-43235.0662491092,-82193.455606261,0,1,0,1
20140118093043.daq,129,51,2166.73333333333,1,0,left,-0.0406341552734375,270.040634155273,12,0.0001,63.6411361694336,373.301506594144,0.483394980430603,0.295375347137451,0.215640276670456,-5.85246772330855,-43230.1474922352,-82202.7816161753,-43232.6100826139,-82202.7833626442,-43235.0726729926,-82202.7851091131,0,1,0,1
20140118093043.daq,129,51,2166.83333333333,1,0,left,-0.063446044921875,270.063446044922,12,0.0001,63.6417236328125,382.635604846175,0.483394980430603,0.295934438705444,0.253607153892517,-5.84627132889675,-43230.1538956498,-82212.1169915752,-43232.616485138,-82212.119718506,-43235.0790746262,-82212.1224454368,0,1,0,1
20140118093043.daq,129,51,2166.93333333333,1,0,left,-0.088348388671875,270.088348388672,12,0.0001,63.6422691345215,391.969785576424,0.395504981279373,0.295381844043732,0.206148609519005,-5.84779534568459,-43230.1523576932,-82221.4523148244,-43232.6149457636,-82221.456112065,-43235.077533834,-82221.4599093056,0,1,0,1
20140118093043.daq,129,51,2167.03333333333,1,0,left,-0.115814208984375,270.115814208984,12,0.0001,63.6428451538086,401.304047712445,0.307614982128143,0.29564106464386,0.177673399448395,-5.84942884452376,-43230.1506617273,-82230.7797615669,-43232.6132476944,-82230.7847392954,-43235.0758336616,-82230.7897170239,0,1,0,1
20140118093043.daq,129,51,2167.13333333333,1,0,left,-0.146453857421875,270.146453857422,12,0.0001,63.6434707641602,410.638398574258,0.26366999745369,0.295281320810318,0.225131943821907,-5.85912186830821,-43230.140957667,-82240.1149414737,-43232.6035406201,-82240.1212361006,-43235.0661235732,-82240.1275307276,0,1,0,1
20140118093043.daq,129,51,2167.23333333333,1,0,left,-0.177169799804688,270.177169799805,12,0.0001,63.6440734863281,419.972840726317,0.26366999745369,0.295663833618164,0.196656957268715,-5.86878717078764,-43230.1312493035,-82249.4423059788,-43232.5938285283,-82249.4499207815,-43235.056407753,-82249.4575355843,0,1,0,1
20140118093043.daq,129,51,2167.33333333333,1,0,left,-0.2081298828125,270.208129882813,12,0.0001,63.6446151733398,429.307366708614,0.26366999745369,0.295161724090576,0.206148609519005,-5.88631578863985,-43230.113713784,-82258.7774759109,-43232.5762885345,-82258.7864213804,-43235.038863285,-82258.7953668499,0,1,0,1
20140118093043.daq,129,51,2167.43333333333,1,0,left,-0.24005126953125,270.240051269531,12,0.0001,63.6450996398926,438.641967615986,0.219724997878075,0.295149356126785,0.244115486741066,-5.90779340980047,-43230.0922131278,-82268.1048084293,-43232.5547825123,-82268.1151258798,-43235.0173518968,-82268.1254433302,0,1,0,1
20140118093043.daq,129,51,2167.53333333333,1,0,left,-0.273208618164063,270.273208618164,12,0.0001,63.6455154418945,447.976634356688,0.219724997878075,0.295419663190842,0.206148609519005,-5.93717959411579,-43230.0628241861,-82277.4399216021,-43232.5253871875,-82277.4516641517,-43234.9879501889,-82277.4634067013,0,1,0,1
20140118093043.daq,129,51,2167.63333333333,1,0,left,-0.306243896484375,270.306243896484,12,0.0001,63.6459541320801,457.311362081877,0.17577999830246,0.295370995998383,0.215640276670456,-5.96655760942687,-43230.0334432486,-82286.7672241327,-43232.4959990703,-82286.7803865311,-43234.9585548919,-82286.7935489294,0,1,0,1
20140118093043.daq,129,51,2167.73333333333,1,0,left,-0.34368896484375,270.343688964844,12,0.0001,63.6464691162109,466.646160582517,0,0.295281320810318,0.225131943821907,-6.00402398052027,-43229.9959784464,-82296.1022279541,-43232.45852514,-82296.1169997276,-43234.9210718336,-82296.1317715011,0,1,0,1
20140118093043.daq,129,51,2167.83333333333,1,0,left,-0.38427734375,270.38427734375,12,0.0001,63.64697265625,475.981034008262,-0.0439449958503246,0.295776069164276,0.196656957268715,-6.04949682761526,-43229.9505080435,-82305.4371516945,-43232.4130436548,-82305.4536679343,-43234.8755792662,-82305.470184174,0,1,0,1
20140118093043.daq,129,51,2167.93333333333,1,0,left,-0.425567626953125,270.425567626953,12,0.0001,63.6474494934082,485.315979748091,-0.0439449958503246,0.295334339141846,0.187165051698685,-6.09893707163388,-43229.9010888664,-82314.7642435855,-43232.3636119359,-82314.7825344506,-43234.8261350053,-82314.8008253156,0,1,0,1
20140118093043.daq,129,51,2168.03333333333,1,0,left,-0.468276977539063,270.468276977539,12,0.0001,63.6479072570801,494.650994911353,-0.0439449958503246,0.29547530412674,0.196656957268715,-6.15235612288795,-43229.8476767849,-82324.0991105418,-43232.3101855359,-82324.1192370126,-43234.7726942868,-82324.1393634833,0,1,0,1
20140118093043.daq,129,51,2168.13333333333,1,0,left,-0.510986328125,270.510986328125,12,0.0001,63.648365020752,503.986076094472,-0.0439449958503246,0.295445740222931,0.206148609519005,-6.2136207409792,-43229.7864530021,-82333.4261630373,-43232.2489460663,-82333.4481251026,-43234.7114391305,-82333.4700871679,0,1,0,1
20140118093043.daq,129,51,2168.23333333333,1,0,left,-0.553070068359375,270.553070068359,12,0.0001,63.6488456726074,513.321225815103,0,0.295411765575409,0.225131943821907,-6.28262853143513,-43229.717456027,-82342.7610418256,-43232.1799322958,-82342.7848125856,-43234.6424085646,-82342.8085833455,0,1,0,1
20140118093043.daq,129,51,2168.33333333333,1,0,left,-0.591903686523438,270.591903686523,12,0.0001,63.6492919921875,522.656443840155,0.307614982128143,0.295689523220062,0.206148609519005,-6.35929571065868,-43229.6408473238,-82352.0881881902,-43232.1033069157,-82352.1136279482,-43234.5657665077,-82352.1390677062,0,1,0,1
20140118093043.daq,129,51,2168.43333333333,1,0,left,-0.607192993164063,270.607192993164,12,0.0001,63.6497459411621,531.991727698536,1.62596487998962,0.295284807682037,0.196656957268715,-6.43837087378847,-43229.5617815498,-82361.4237399442,-43232.0242342655,-82361.4498368055,-43234.4866869812,-82361.4759336668,0,1,0,1
20140118093043.daq,129,51,2168.53333333333,1,0,left,-0.58984375,270.58984375,12,0.0001,63.6502647399902,541.327082938573,2.72458982467651,0.295609146356583,0.120723195374012,-6.52324452733636,-43229.4769115826,-82370.7601151428,-43231.9393720876,-82370.7854663688,-43234.4018325926,-82370.8108175947,0,1,0,1
20140118093043.daq,129,51,2168.63333333333,1,0,left,-0.543197631835938,270.543197631836,12,0.0001,63.6508407592773,550.662518139114,3.07614994049072,0.295942664146423,0.234623834490776,-6.61027401183248,-43229.3899387161,-82380.0894153599,-43231.8524190442,-82380.1127618188,-43234.3148993724,-82380.1361082777,0,1,0,1
20140118093043.daq,129,51,2168.73333333333,1,0,left,-0.481719970703125,270.481719970703,12,0.0001,63.6514663696289,559.998041692481,3.07614994049072,0.295646131038666,0.206148609519005,-6.69242151747203,-43229.307786382,-82389.4268981768,-43231.770290343,-82389.4476024118,-43234.2327943041,-82389.4683066469,0,1,0,1
20140118093043.daq,129,51,2168.83333333333,1,0,left,-0.41326904296875,270.413269042969,12,0.0001,63.6520843505859,569.333657188719,3.07614994049072,0.295775592327118,0.196656957268715,-6.77023042215943,-43229.2299715885,-82398.7645514956,-43231.6924985274,-82398.7823137777,-43234.1550254663,-82398.8000760598,0,1,0,1
20140118093043.daq,129,51,2168.93333333333,1,0,left,-0.342056274414063,270.342056274414,12,0.0001,63.6526489257813,578.669359032938,3.07614994049072,0.29530942440033,0.215640276670456,-6.84396057683363,-43229.1562353418,-82408.1022686961,-43231.6187824553,-82408.1169702973,-43234.0813295689,-82408.1316718984,0,1,0,1
20140118093043.daq,129,51,2169.03333333333,1,0,left,-0.271865844726563,270.271865844727,12,0.0001,63.6531715393066,588.00514018489,3.07614994049072,0.294988572597504,0.206148609519005,-6.90603354397565,-43229.094157001,-82417.4399550079,-43231.5567202769,-82417.4516398453,-43234.0192835529,-82417.4633246827,0,1,0,1
20140118093043.daq,129,51,2169.13333333333,1,0,left,-0.202194213867188,270.202194213867,12,0.0001,63.6536407470703,597.340995749051,3.0322048664093,0.295212656259537,0.225131943821907,-6.95641820800685,-43229.0437675367,-82426.777623149,-43231.5063432008,-82426.7863135032,-43233.9689188648,-82426.7950038574,0,1,0,1
20140118093043.daq,129,51,2169.23333333333,1,0,left,-0.130584716796875,270.130584716797,12,0.0001,63.6540222167969,606.676912810508,3.0322048664093,0.295494377613068,0.196656957268715,-6.99496248476889,-43229.005218559,-82436.1153339789,-43231.4678031611,-82436.1209465471,-43233.9303877632,-82436.1265591153,0,1,0,1
20140118093043.daq,129,51,2169.33333333333,1,0,left,-0.059356689453125,270.059356689453,12,0.0001,63.654369354248,616.012882697192,2.98825979232788,0.295084059238434,0.206148609519005,-7.02571600059398,-43228.974460732,-82445.4530298809,-43231.4370504085,-82445.45558105,-43233.899640085,-82445.4581322191,0,1,0,1
20140118093043.daq,129,51,2169.43333333333,1,0,left,0.0083770751953125,269.991622924805,12,0.0001,63.6546859741211,625.348902098718,2.94431495666504,0.295454680919647,0.234623834490776,-7.04171826345773,-43228.9591141544,-82454.7906344468,-43231.4217051261,-82454.7902743974,-43233.8842960978,-82454.789914348,0,1,0,1
20140118093043.daq,129,51,2169.53333333333,1,0,left,0.07623291015625,269.923767089844,12,0.0001,63.6550254821777,634.684967844718,2.94431495666504,0.295036375522614,0.177673399448395,-7.04858093865357,-43228.9515895917,-82464.1282370555,-43231.4141784099,-82464.1249605416,-43233.8767672282,-82464.1216840276,0,1,0,1
20140118093043.daq,129,51,2169.63333333333,1,0,left,0.143829345703125,269.856170654297,12,0.0001,63.6554298400879,644.021089120099,2.94431495666504,0.295186221599579,0.234623834490776,-7.0443982313797,-43228.9557697032,-82473.465828359,-43231.4183529421,-82473.459646534,-43233.880936181,-82473.4534647091,0,1,0,1
20140118093043.daq,129,51,2169.73333333333,1,0,left,0.211090087890625,269.788909912109,12,0.0001,63.6557731628418,653.357266903971,2.90036988258362,0.295219600200653,0.244115486741066,-7.0285159830766,-43228.9716497394,-82482.8034065533,-43231.4342240245,-82482.7943338541,-43233.8967983096,-82482.7852611549,0,1,0,1
20140118093043.daq,129,51,2169.83333333333,1,0,left,0.275283813476563,269.724716186523,12,0.0001,63.6560440063477,662.693488281424,2.8564248085022,0.296092569828033,0.196656957268715,-7.00110376399158,-43228.9990605692,-82492.1409053768,-43231.4616231437,-82492.1290736356,-43233.9241857182,-82492.1172418945,0,1,0,1
20140118093043.daq,129,51,2169.93333333333,1,0,left,0.337493896484375,269.662506103516,12,0.0001,63.6563262939453,672.029748869885,2.72458982467651,0.295969605445862,0.177673399448395,-6.96209454035648,-43229.0380690364,-82501.4783517056,-43231.5006173127,-82501.4638461935,-43233.9631655891,-82501.4493406814,0,1,0,1
20140118093043.daq,129,51,2170.03333333333,1,0,left,0.393386840820313,269.60661315918,12,0.0001,63.6566772460938,681.366056082479,2.46091985702515,0.295284301042557,0.206148609519005,-6.91175769149314,-43229.0884064745,-82510.8156412523,-43231.5509394288,-82510.7987334924,-43234.0134723831,-82510.7818257325,0,1,0,1
20140118093043.daq,129,51,2170.13333333333,1,0,left,0.4404296875,269.5595703125,12,0.0001,63.6570930480957,690.702420036716,2.10935997962952,0.295422792434692,0.196656957268715,-6.85415725574276,-43229.1460091907,-82520.1527140974,-43231.6085274328,-82520.1337844744,-43234.0710456749,-82520.1148548515,0,1,0,1
20140118093043.daq,129,51,2170.23333333333,1,0,left,0.474990844726563,269.525009155273,12,0.0001,63.6574897766113,700.038844742259,1.80174493789673,0.295543670654297,0.206148609519005,-6.78951956777788,-43229.2106515178,-82529.4894841806,-43231.6731578934,-82529.4690691554,-43234.1356642691,-82529.4486541302,0,1,0,1
20140118093043.daq,129,51,2170.33333333333,1,0,left,0.49798583984375,269.502014160156,12,0.0001,63.6579132080078,709.375328986906,1.40623998641968,0.295902758836746,0.187165051698685,-6.71388223263188,-43229.2862959264,-82538.8259749172,-43231.7487939104,-82538.8045715955,-43234.2112918944,-82538.7831682737,0,1,0,1
20140118093043.daq,129,51,2170.43333333333,1,0,left,0.50701904296875,269.492980957031,12,0.0001,63.6583442687988,718.711874682223,0.966789960861206,0.295595288276672,0.234623834490776,-6.63527046461178,-43229.3649810335,-82548.1543170906,-43231.8274756124,-82548.1325255337,-43234.2899701914,-82548.1107339769,0,1,0,1
20140118093043.daq,129,51,2170.53333333333,1,0,left,0.501220703125,269.498779296875,12,0.0001,63.658821105957,728.048487143387,0.659174978733063,0.295044809579849,0.225131943821907,-6.55361440924782,-43229.4466527513,-82557.4901151989,-43231.909149523,-82557.4685728469,-43234.3716462947,-82557.447030495,0,1,0,1
20140118093043.daq,129,51,2170.63333333333,1,0,left,0.4833984375,269.5166015625,12,0.0001,63.6593170166016,737.385171825386,0.395504981279373,0.295041114091873,0.253607153892517,-6.46880112565908,-43229.5314852514,-82566.8256240252,-43231.9939886048,-82566.8048476517,-43234.4564919583,-82566.7840712781,0,1,0,1
20140118093043.daq,129,51,2170.73333333333,1,0,left,0.45770263671875,269.542297363281,12,0.0001,63.6598167419434,746.721928914747,0.219724997878075,0.294451653957367,0.234623834490776,-6.38447857594536,-43229.6158298185,-82576.1609428667,-43232.078342242,-82576.1412708697,-43234.5408546656,-82576.1215988726,0,1,0,1
20140118093043.daq,129,51,2170.83333333333,1,0,left,0.424591064453125,269.575408935547,12,0.0001,63.6603317260742,756.058760509564,0.131834998726845,0.294931411743164,0.196656957268715,-6.3006183082789,-43229.6997150769,-82585.4960821109,-43232.1622384578,-82585.4778332177,-43234.6247618386,-82585.4595843245,0,1,0,1
20140118093043.daq,129,51,2170.93333333333,1,0,left,0.389785766601563,269.610214233398,12,0.0001,63.6608505249023,765.395667961915,0.131834998726845,0.294877976179123,0.177673399448395,-6.22077034919407,-43229.7795896066,-82594.8311792443,-43232.2421236187,-82594.8144262562,-43234.7046576308,-82594.797673268,0,1,0,1
20140118093043.daq,129,51,2171.03333333333,1,0,left,0.353256225585938,269.646743774414,12,0.0001,63.6613616943359,774.732651691418,0.17577999830246,0.295526504516602,0.196656957268715,-6.14502935371545,-43229.8554515925,-82604.1584208373,-43232.3179957852,-82604.1432378675,-43234.7805399778,-82604.1280548977,0,1,0,1
20140118093043.daq,129,51,2171.13333333333,1,0,left,0.317626953125,269.682373046875,12,0.0001,63.661865234375,784.06970908714,0.219724997878075,0.294833719730377,0.196656957268715,-6.07301960701208,-43229.9274636433,-82613.493495312,-43232.3900168013,-82613.4798436735,-43234.8525699594,-82613.466192035,0,1,0,1
20140118093043.daq,129,51,2171.23333333333,1,0,left,0.285385131835938,269.714614868164,12,0.0001,63.6623573303223,793.406840568699,0.351559996604919,0.296395063400269,0.196656957268715,-6.00858922135077,-43229.9918734588,-82622.8286506563,-43232.4544339091,-82622.8163847624,-43234.9169943594,-82622.8041188685,0,1,0,1
20140118093043.daq,129,51,2171.33333333333,1,0,left,0.256988525390625,269.743011474609,12,0.0001,63.6628379821777,802.74404166016,0.527339994907379,0.295542478561401,0.177673399448395,-5.94782773563839,-43230.0526154873,-82632.1638983514,-43232.5151817143,-82632.1528529391,-43234.9777479413,-82632.1418075268,0,1,0,1
20140118093043.daq,129,51,2171.43333333333,1,0,left,0.23260498046875,269.767395019531,12,0.0001,63.6634254455566,812.081320800527,0.57128494977951,0.294548332691193,0.215640276670456,-5.89463090137294,-43230.1057937286,-82641.4992428358,-43232.5683644332,-82641.4892454265,-43235.0309351378,-82641.4792480172,0,1,0,1
20140118093043.daq,129,51,2171.53333333333,1,0,left,0.210311889648438,269.789688110352,12,0.0001,63.6640129089355,821.418688620033,0.527339994907379,0.294683754444122,0.263098806142807,-5.84521128670618,-43230.1551953328,-82650.8346375986,-43232.6177697409,-82650.8255983464,-43235.080344149,-82650.8165590942,0,1,0,1
20140118093043.daq,129,51,2171.63333333333,1,0,left,0.189163208007813,269.810836791992,12,0.0001,63.6645088195801,830.756135887175,0.483394980430603,0.295476377010345,0.206148609519005,-5.79962721936452,-43230.2007617061,-82660.1700597266,-43232.6633392829,-82660.161929446,-43235.1259168598,-82660.1537991654,0,1,0,1
20140118093043.daq,129,51,2171.73333333333,1,0,left,0.165481567382813,269.834518432617,12,0.0001,63.6649284362793,840.09364945392,0.483394980430603,0.295422822237015,0.206148609519005,-5.75810521045166,-43230.2422653221,-82669.5054195558,-43232.7048460491,-82669.4983071148,-43235.167426776,-82669.4911946738,0,1,0,1
20140118093043.daq,129,51,2171.83333333333,1,0,left,0.141616821289063,269.858383178711,12,0.0001,63.6653823852539,849.431225636945,0.439449995756149,0.295587718486786,0.225131943821907,-5.7205005671827,-43230.2798516015,-82678.8407743058,-43232.7424350773,-82678.8346875756,-43235.205018553,-82678.8286008453,0,1,0,1
20140118093043.daq,129,51,2171.93333333333,1,0,left,0.11663818359375,269.883361816406,12,0.0001,63.6658821105957,858.768871663022,0.483394980430603,0.294608354568481,0.139706522226334,-5.68687063893377,-43230.3134629881,-82688.1761011973,-43232.7760488834,-82688.1710880542,-43235.2386347787,-82688.1660749111,0,0,0,0
20140118093043.daq,129,51,2172.03333333333,1,0,left,0.092926025390625,269.907073974609,12,0.0001,63.6663551330566,868.106590935669,0.527339994907379,0.295610547065735,0.196656957268715,-5.65706889429645,-43230.3432466996,-82697.5114584251,-43232.8058344587,-82697.5074644365,-43235.2684222179,-82697.5034704478,0,0,0,0
20140118093043.daq,129,51,2172.13333333333,1,0,left,0.071624755859375,269.928375244141,12,0.0001,63.6667060852051,877.444370446727,0.615229964256287,0.295943796634674,0.206148609519005,-5.62711888673562,-43230.373179698,-82706.8468741336,-43232.8357687719,-82706.8437956794,-43235.2983578457,-82706.8407172252,0,0,0,0
20140118093043.daq,129,51,2172.23333333333,1,0,left,0.052093505859375,269.947906494141,12,0.0001,63.6670761108398,886.782201477588,0.703119993209839,0.295932650566101,0.234623834490776,-5.60487220418976,-43230.3954098027,-82716.1823327699,-43232.8579997828,-82716.1800937746,-43235.320589763,-82716.1778547793,0,0,0,0
20140118093043.daq,129,51,2172.33333333333,1,0,left,0.0344085693359375,269.965591430664,12,0.0001,63.6675148010254,896.120092094119,0.659174978733063,0.295664280653,0.234623834490776,-5.58641816442588,-43230.4138479348,-82725.5178363187,-43232.8764384888,-82725.5163574275,-43235.3390290427,-82725.5148785362,0,0,0,0
20140118093043.daq,129,51,2172.43333333333,1,0,left,0.0162506103515625,269.983749389648,12,0.0001,63.6680030822754,905.458051015041,0.615229964256287,0.295300394296646,0.158690065145493,-5.57189959557668,-43230.4283507186,-82734.8533279095,-43232.8909416175,-82734.8526294531,-43235.3535325164,-82734.8519309967,0,0,0,0
20140118093043.daq,129,51,2172.53333333333,1,0,left,-0.0032501220703125,270.00325012207,12,0.0001,63.6684913635254,914.796082016954,0.57128494977951,0.295556008815765,0.196656957268715,-5.55764852005174,-43230.4427706723,-82744.1887861295,-43232.9053616663,-82744.1889258208,-43235.3679526604,-82744.1890655121,0,0,0,0
20140118093043.daq,129,51,2172.63333333333,1,0,left,-0.0232391357421875,270.023239135742,12,0.0001,63.6689224243164,924.134180484136,0.57128494977951,0.295510351657867,0.234623834490776,-5.55061648971031,-43230.4493481221,-82753.5242319231,-43232.9119389175,-82753.5252307486,-43235.374529713,-82753.5262295741,0,0,0,0
20140118093043.daq,129,51,2172.73333333333,1,0,left,-0.04229736328125,270.042297363281,12,0.0001,63.669376373291,933.472342733119,0.615229964256287,0.295364648103714,0.225131943821907,-5.54397778787352,-43230.4559832417,-82762.8597002117,-43232.9185735686,-82762.8615181658,-43235.3811638956,-82762.8633361199,0,0,0,0
20140118093043.daq,129,51,2172.83333333333,1,0,left,-0.0614166259765625,270.061416625977,12,0.0001,63.6698455810547,942.8105737062,0.659174978733063,0.294790774583817,0.177673399448395,-5.54129380518208,-43230.4587084975,-82772.1951666041,-43232.9212980808,-82772.1978063099,-43235.383887664,-82772.2004460157,0,0,0,0
20140118093043.daq,129,51,2172.93333333333,1,0,left,-0.0804595947265625,270.080459594727,12,0.0001,63.6703338623047,952.148874848644,0.659174978733063,0.295310169458389,0.225131943821907,-5.53873702323833,-43230.4614386224,-82781.5306344848,-43232.9240271922,-82781.5340926629,-43235.3866157621,-82781.5375508409,0,0,0,0
20140118093043.daq,129,51,2173.03333333333,1,0,left,-0.09808349609375,270.098083496094,12,0.0001,63.6708106994629,961.487246626784,0.615229964256287,0.295447170734406,0.196656957268715,-5.54371819324098,-43230.4564440303,-82790.8661370128,-43232.91903142,-82790.8703526709,-43235.3816188096,-82790.874568329,0,0,0,0
20140118093043.daq,129,51,2173.13333333333,1,0,left,-0.117477416992188,270.117477416992,12,0.0001,63.6712684631348,970.825686802564,0.615229964256287,0.295592069625854,0.206148609519005,-5.54880873262205,-43230.4513402875,-82800.2015954685,-43232.9139261092,-82800.2066446821,-43235.3765119308,-82800.2116938956,0,0,0,0
20140118093043.daq,129,51,2173.23333333333,1,0,left,-0.135910034179688,270.13591003418,12,0.0001,63.6717071533203,980.164193044737,0.615229964256287,0.295624107122421,0.196656957268715,-5.55774665626315,-43230.4423898016,-82809.5370772935,-43232.9049738714,-82809.5429187449,-43235.3675579412,-82809.5487601963,0,0,0,0
20140118093043.daq,129,51,2173.33333333333,1,0,left,-0.155181884765625,270.155181884766,12,0.0001,63.6721534729004,989.502764001343,0.659174978733063,0.295094728469849,0.215640276670456,-5.57064282780814,-43230.4294814102,-82818.8725379801,-43232.8920633759,-82818.8792077392,-43235.3546453416,-82818.8858774983,0,0,0,0
20140118093043.daq,129,51,2173.43333333333,1,0,left,-0.171630859375,270.171630859375,12,0.0001,63.6725921630859,998.841400604841,0.703119993209839,0.295776188373566,0.215640276670456,-5.58336566300735,-43230.4167474004,-82828.2080681923,-43232.8793273498,-82828.2154449307,-43235.3419072992,-82828.2228216691,0,0,0,0
20140118093043.daq,129,51,2173.53333333333,1,0,left,-0.188156127929688,270.18815612793,12,0.0001,63.6730079650879,1008.18009912519,0.659174978733063,0.294933527708054,0.206148609519005,-5.6039059837646,-43230.3961962994,-82837.543596222,-43232.8587740187,-82837.5516832182,-43235.3213517381,-82837.5597702145,0,0,0,0
20140118093043.daq,129,51,2173.63333333333,1,0,left,-0.206649780273438,270.206649780273,12,0.0001,63.6734275817871,1017.51885895635,0.615229964256287,0.29551488161087,0.263098806142807,-5.62456793681219,-43230.3755238603,-82846.8790751293,-43232.8380988412,-82846.887956984,-43235.300673822,-82846.8968388386,0,0,0,0
20140118093043.daq,129,51,2173.73333333333,1,0,left,-0.224807739257813,270.224807739258,12,0.0001,63.6738548278809,1026.85768051792,0.57128494977951,0.295670807361603,0.196656957268715,-5.64916334104598,-43230.35096603,-82856.2223745027,-43232.8135380724,-82856.2320367867,-43235.2761101147,-82856.2416990707,0,0,0,0
20140118093043.daq,129,51,2173.83333333333,1,0,left,-0.247055053710938,270.247055053711,12,0.0001,63.6743125915527,1036.19656753985,0.439449995756149,0.295705139636993,0.215640276670456,-5.67396076602846,-43230.3261560848,-82865.5577594063,-43232.7887241898,-82865.568377879,-43235.2512922947,-82865.5789963516,0,0,0,0
20140118093043.daq,129,51,2173.93333333333,1,0,left,-0.269439697265625,270.269439697266,12,0.0001,63.6747741699219,1045.53552184053,0.395504981279373,0.295574575662613,0.149198174476624,-5.70657946691913,-43230.2935253844,-82874.8931403611,-43232.7560891529,-82874.9047209231,-43235.2186529214,-82874.9163014851,0,1,0,1
20140118093043.daq,129,51,2174.03333333333,1,0,left,-0.296157836914063,270.296157836914,12,0.0001,63.6752586364746,1054.87454579771,0.351559996604919,0.295516580343246,0.215640276670456,-5.73946526793523,-43230.2606276757,-82884.2284128669,-43232.7231857762,-82884.2411417691,-43235.1857438767,-82884.2538706713,0,1,0,1
20140118093043.daq,129,51,2174.13333333333,1,0,left,-0.322067260742188,270.322067260742,12,0.0001,63.6757125854492,1064.21363875869,0.351559996604919,0.295367389917374,0.187165051698685,-5.77620797853302,-43230.2238738868,-82893.5637047672,-43232.6864259795,-82893.5775472486,-43235.1489780722,-82893.5913897299,0,1,0,1
20140118093043.daq,129,51,2174.23333333333,1,0,left,-0.350845336914063,270.350845336914,12,0.0001,63.6761665344238,1073.55279792601,0.395504981279373,0.295694053173065,0.187165051698685,-5.81703383331535,-43230.1830373133,-82902.898924341,-43232.6455821427,-82902.914003692,-43235.1081269721,-82902.929083043,0,1,0,1
20140118093043.daq,129,51,2174.33333333333,1,0,left,-0.378265380859375,270.378265380859,12,0.0001,63.6766052246094,1082.89202264696,0.395504981279373,0.295806586742401,0.215640276670456,-5.86168281591174,-43230.1383785437,-82912.2341769647,-43232.6009158746,-82912.2504348141,-43235.0634532054,-82912.2666926635,0,1,0,1
20140118093043.daq,129,51,2174.43333333333,1,0,left,-0.405410766601563,270.405410766602,12,0.0001,63.6770401000977,1092.23131100991,0.351559996604919,0.295333534479141,0.225131943821907,-5.91416581718206,-43230.0859245256,-82921.5772481519,-43232.5484538774,-82921.5946726915,-43235.0109832293,-82921.612097231,0,1,0,1
20140118093043.daq,129,51,2174.53333333333,1,0,left,-0.434616088867188,270.434616088867,12,0.0001,63.6774597167969,1101.57066231547,0.351559996604919,0.294919967651367,0.244115486741066,-5.96673501707344,-43230.0333439282,-82930.9124544424,-43232.4958640784,-82930.9311342023,-43234.9583842285,-82930.9498139622,0,1,0,1
20140118093043.daq,129,51,2174.63333333333,1,0,left,-0.462966918945313,270.462966918945,12,0.0001,63.677906036377,1110.91007754277,0.351559996604919,0.295070350170135,0.215640276670456,-6.02706458535619,-43229.973003833,-82940.2476812494,-43232.4355144387,-82940.2675794996,-43234.8980250444,-82940.2874777499,0,1,0,1
20140118093043.daq,129,51,2174.73333333333,1,0,left,-0.490264892578125,270.490264892578,12,0.0001,63.6783409118652,1120.24955725131,0.351559996604919,0.295256316661835,0.206148609519005,-6.09123614266241,-43229.9088226739,-82949.5829336327,-43232.3713235198,-82949.604005118,-43234.8338243657,-82949.6250766033,0,1,0,1
20140118093043.daq,129,51,2174.83333333333,1,0,left,-0.519210815429688,270.51921081543,12,0.0001,63.6787605285645,1129.58909990254,0.351559996604919,0.295240640640259,0.168181732296944,-6.15941569826477,-43229.8406341318,-82958.9181437813,-43232.3031240181,-82958.9404593234,-43234.7656139043,-82958.9627748655,0,1,0,1
20140118093043.daq,129,51,2174.93333333333,1,0,left,-0.546783447265625,270.546783447266,12,0.0001,63.6791610717773,1138.92870209288,0.351559996604919,0.295299559831619,0.196656957268715,-6.23141753574335,-43229.7686242395,-82968.2533876007,-43232.2311031017,-82968.2768881721,-43234.6935819638,-82968.3003887435,0,1,0,1
20140118093043.daq,129,51,2175.03333333333,1,0,left,-0.575042724609375,270.575042724609,12,0.0001,63.679573059082,1148.26836363575,0.351559996604919,0.295779824256897,0.206148609519005,-6.30739891051773,-43229.6926661734,-82977.5964257977,-43232.1551331451,-82977.6211409037,-43234.6176001169,-82977.6458560097,0,1,0,1
20140118093043.daq,129,51,2175.13333333333,1,0,left,-0.6031494140625,270.603149414063,12,0.0001,63.6799926757813,1157.60808606981,0.351559996604919,0.295096457004547,0.196656957268715,-6.39115034023689,-43229.6089053472,-82986.9316544873,-43232.0713598986,-82986.957577564,-43234.53381445,-82986.9835006406,0,1,0,1
20140118093043.daq,129,51,2175.23333333333,1,0,left,-0.630615234375,270.630615234375,12,0.0001,63.6804046630859,1166.94787032754,0.395504981279373,0.295517325401306,0.225131943821907,-6.47876912231388,-43229.5212780438,-82996.2668985191,-43231.9837198855,-82996.2940020171,-43234.4461617272,-82996.3211055151,0,1,0,1
20140118093043.daq,129,51,2175.33333333333,1,0,left,-0.656814575195313,270.656814575195,12,0.0001,63.6807899475098,1176.28771225942,0.395504981279373,0.295618951320648,0.348524451255798,-6.56631059591073,-43229.4337289691,-83005.6021737727,-43231.8961581599,-83005.6304032558,-43234.3585873507,-83005.6586327388,0,1,0,1
20140118093043.daq,129,51,2175.43333333333,1,0,left,-0.679901123046875,270.679901123047,12,0.0001,63.6811943054199,1185.62761195863,0.483394980430603,0.295291244983673,0.234623834490776,-6.66147380984574,-43229.3385591197,-83014.9375270984,-43231.8009767359,-83014.9667487811,-43234.2633943521,-83014.9959704638,0,1,0,1
20140118093043.daq,129,51,2175.53333333333,1,0,left,-0.699905395507813,270.699905395508,12,0.0001,63.6816024780273,1194.9675715699,0.57128494977951,0.295181393623352,0.225131943821907,-6.76428730870113,-43229.2357665242,-83024.2807704543,-43231.6981737879,-83024.3108518647,-43234.1605810515,-83024.3409332752,0,1,0,1
20140118093043.daq,129,51,2175.63333333333,1,0,left,-0.7098388671875,270.709838867188,12,0.0001,63.6820106506348,1204.30759104664,0.966789960861206,0.295342803001404,0.225131943821907,-6.86645397459061,-43229.1335932645,-83033.6164562117,-43231.5959952759,-83033.6469645336,-43234.0583972873,-83033.6774728556,0,1,0,1
20140118093043.daq,129,51,2175.73333333333,1,0,left,-0.709396362304688,270.709396362305,12,0.0001,63.6824378967285,1213.64767164766,1.23045992851257,0.29511621594429,0.206148609519005,-6.97189033678199,-43229.028151721,-83042.9524049283,-43231.4905539679,-83042.9828942327,-43233.9529562149,-83043.0133835371,0,1,0,1
20140118093043.daq,129,51,2175.83333333333,1,0,left,-0.696136474609375,270.696136474609,12,0.0001,63.6828956604004,1222.98781714952,1.53807497024536,0.295692324638367,0.320049256086349,-7.07654005064421,-43228.9234982678,-83052.2886784418,-43231.3859075049,-83052.3185978748,-43233.848316742,-83052.3485173079,0,1,0,1
20140118093043.daq,129,51,2175.93333333333,1,0,left,-0.668258666992188,270.668258666992,12,0.0001,63.6833915710449,1232.32803184172,2.02146983146667,0.295365959405899,0.215640276670456,-7.1842273037738,-43228.8158376148,-83061.6331342667,-43231.278261118,-83061.6618555876,-43233.7406846212,-83061.6905769085,0,1,0,1
20140118093043.daq,129,51,2176.03333333333,1,0,left,-0.619155883789063,270.619155883789,12,0.0001,63.6839370727539,1241.66832369697,2.76853489875793,0.295539081096649,0.196656957268715,-7.28667462999727,-43228.7133892769,-83070.9703129479,-43231.1758364902,-83070.9969239487,-43233.6382837035,-83071.0235349494,0,1,0,1
20140118093043.daq,129,51,2176.13333333333,1,0,left,-0.5452880859375,270.545288085938,12,0.0001,63.6844520568848,1251.00869416061,3.33981990814209,0.295500099658966,0.196656957268715,-7.38369302452594,-43228.6163725365,-83080.3081127424,-43231.0788520112,-83080.3315490456,-43233.5413314858,-83080.3549853488,0,1,0,1
20140118093043.daq,129,51,2176.23333333333,1,0,left,-0.452651977539063,270.452651977539,12,0.0001,63.6848983764648,1260.34913474697,3.42770981788635,0.294998496770859,0.206148609519005,-7.47568654314086,-43228.5244204187,-83089.6541899223,-43230.9869345668,-83089.6736448472,-43233.4494487148,-83089.6930997722,0,1,0,1
20140118093043.daq,129,51,2176.33333333333,1,0,left,-0.350128173828125,270.350128173828,12,0.0001,63.6852569580078,1269.68963561842,3.38376474380493,0.295533359050751,0.196656957268715,-7.55531255793574,-43228.4448002697,-83098.9926922429,-43230.9073452876,-83099.0077407705,-43233.3698903055,-83099.0227892982,0,1,0,1
20140118093043.daq,129,51,2176.43333333333,1,0,left,-0.241058349609375,270.241058349609,12,0.0001,63.6855278015137,1279.03018213497,3.29587483406067,0.295750170946121,0.139706522226334,-7.62286038441157,-43228.3773072526,-83108.3391584097,-43230.8398764554,-83108.3495191443,-43233.3024456582,-83108.359879879,0,1,0,1
20140118093043.daq,129,51,2176.53333333333,1,0,left,-0.133087158203125,270.133087158203,12,0.0001,63.6856689453125,1288.37076044915,3.12009477615356,0.296144932508469,0.177673399448395,-7.67485623386268,-43228.3253765697,-83117.6855846019,-43230.7879609244,-83117.6913047255,-43233.250545279,-83117.6970248492,0,1,0,1
20140118093043.daq,129,51,2176.63333333333,1,0,left,-0.030670166015625,270.030670166016,12,0.0001,63.6856536865234,1297.7113463631,2.63669991493225,0.295836865901947,0.215640276670456,-7.71150880565163,-43228.2887327789,-83127.0240490185,-43230.751323424,-83127.0253672321,-43233.2139140692,-83127.0266854456,0,1,0,1
20140118093043.daq,129,51,2176.73333333333,1,0,left,0.0613250732421875,269.938674926758,12,0.0001,63.6856269836426,1307.05192710177,2.28513979911804,0.295898735523224,0.225131943821907,-7.72933514070058,-43228.2709804653,-83136.3700591591,-43230.7335700527,-83136.3674233883,-43233.1961596402,-83136.3647876175,0,1,0,1
20140118093043.daq,129,51,2176.83333333333,1,0,left,0.140045166015625,269.859954833984,12,0.0001,63.6857032775879,1316.39251133727,1.80174493789673,0.295629024505615,0.177673399448395,-7.7355139658077,-43228.2641293909,-83145.7157359062,-43230.7267130327,-83145.709716726,-43233.1892966745,-83145.7036975458,0,1,0,1
20140118093043.daq,129,51,2176.93333333333,1,0,left,0.207504272460938,269.792495727539,12,0.0001,63.6858825683594,1325.73311436229,1.66990995407104,0.29536184668541,0.206148609519005,-7.72426762427793,-43228.2761153437,-83155.0533192077,-43230.7386901917,-83155.0444006269,-43233.2012650398,-83155.0354820462,0,1,1,1
20140118093043.daq,129,51,2177.03333333333,1,0,left,0.26959228515625,269.730407714844,12,0.0001,63.6860733032227,1335.07374634093,1.62596487998962,0.295542597770691,0.215640276670456,-7.70081839507506,-43228.2994894662,-83164.398579627,-43230.7620532038,-83164.3869925068,-43233.2246169415,-83164.3754053866,0,1,1,1
20140118093043.daq,129,51,2177.13333333333,1,0,left,0.329696655273438,269.670303344727,12,0.0001,63.6862564086914,1344.4144047088,1.53807497024536,0.29547330737114,0.206148609519005,-7.66584641051057,-43228.3344611203,-83173.7359753225,-43230.7970113479,-83173.7218049326,-43233.2595615755,-83173.7076345427,0,1,1,1
20140118093043.daq,129,51,2177.23333333333,1,0,left,0.3839111328125,269.616088867188,12,0.0001,63.6864700317383,1353.75509161077,1.23045992851257,0.295498341321945,0.215640276670456,-7.61554836574296,-43228.3846943836,-83183.0810372733,-43230.8472301004,-83183.064536773,-43233.3097658173,-83183.0480362728,0,1,1,1
20140118093043.daq,129,51,2177.33333333333,1,0,left,0.427841186523438,269.572158813477,12,0.0001,63.6867446899414,1363.0958145998,0.791009962558746,0.295229285955429,0.215640276670456,-7.56204836243567,-43228.4381977477,-83192.4180355176,-43230.9007200894,-83192.3996469369,-43233.3632424312,-83192.3812583562,0,1,1,1
20140118093043.daq,129,51,2177.43333333333,1,0,left,0.459060668945313,269.540939331055,12,0.0001,63.687084197998,1372.43658304741,0.219724997878075,0.295022547245026,0.206148609519005,-7.49755962684667,-43228.5026327487,-83201.7625380809,-43230.9651447052,-83201.7428077171,-43233.4276566618,-83201.7230773532,0,1,1,1
20140118093043.daq,129,51,2177.53333333333,1,0,left,0.476272583007813,269.523727416992,12,0.0001,63.687442779541,1381.77740245531,0,0.295022517442703,0.234623834490776,-7.42228205065767,-43228.577918478,-83211.098890033,-43231.0404243963,-83211.0784199202,-43233.5029303147,-83211.0579498074,0,1,1,1
20140118093043.daq,129,51,2177.63333333333,1,0,left,0.48675537109375,269.513244628906,12,0.0001,63.6877975463867,1391.11827450185,-0.0439449958503246,0.295356899499893,0.215640276670456,-7.34736809942487,-43228.6527871248,-83220.4428922948,-43231.1152892567,-83220.4219716444,-43233.5777913886,-83220.4010509939,0,1,1,1
20140118093043.daq,129,51,2177.73333333333,1,0,left,0.493499755859375,269.506500244141,12,0.0001,63.6881713867188,1400.45919946689,-0.0439449958503246,0.29560375213623,0.206148609519005,-7.26492778973429,-43228.7352365278,-83229.7789920315,-43231.1977361801,-83229.7577815158,-43233.6602358323,-83229.7365710001,0,1,1,1
20140118093043.daq,129,51,2177.83333333333,1,0,left,0.501510620117188,269.498489379883,12,0.0001,63.6886215209961,1409.80018392432,0.0878899991512299,0.295177936553955,0.206148609519005,-7.18235903593879,-43228.8177644776,-83239.1229346694,-43231.2802611402,-83239.1013798572,-43233.7427578029,-83239.0798250449,0,1,1,1
20140118093043.daq,129,51,2177.93333333333,1,0,left,0.519210815429688,269.48078918457,12,0.0001,63.6891059875488,1419.14123855118,0.615229964256287,0.295502126216888,0.225131943821907,-7.09533051817708,-43228.9047995431,-83248.4592975612,-43231.3672894294,-83248.4369820191,-43233.8297793157,-83248.414666477,0,1,1,1
20140118093043.daq,129,51,2178.03333333333,1,0,left,0.546463012695313,269.453536987305,12,0.0001,63.6895599365234,1428.48236330081,0.74706494808197,0.295965433120728,0.215640276670456,-7.00766406392287,-43228.9924271723,-83257.8037018549,-43231.4549061659,-83257.7802150553,-43233.9173851594,-83257.7567282557,0,1,1,1
20140118093043.daq,129,51,2178.13333333333,1,0,left,0.58404541015625,269.415954589844,12,0.0001,63.690013885498,1437.82355295133,0.92284494638443,0.29564693570137,0.215640276670456,-6.91158592534223,-43229.0885084709,-83267.140540346,-43231.5509715289,-83267.1154383214,-43234.0134345868,-83267.0903362969,0,1,1,1
20140118093043.daq,129,51,2178.23333333333,1,0,left,0.624588012695313,269.375411987305,12,0.0001,63.690502166748,1447.16481146574,0.92284494638443,0.295226752758026,0.215640276670456,-6.81528597116183,-43229.184774058,-83276.4852605894,-43231.6472187373,-83276.4584161277,-43234.1096634165,-83276.4315716661,0,1,1,1
20140118093043.daq,129,51,2178.33333333333,1,0,left,0.668853759765625,269.331146240234,12,0.0001,63.6909637451172,1456.50614042932,0.878899991512299,0.294994860887527,0.225131943821907,-6.71488412171784,-43229.285177692,-83285.8222554,-43231.7476008968,-83285.7935085036,-43234.2100241016,-83285.7647616072,0,1,1,1
20140118093043.daq,129,51,2178.43333333333,1,0,left,0.714920043945313,269.285079956055,12,0.0001,63.6913871765137,1465.84753466677,0.878899991512299,0.295190572738647,0.215640276670456,-6.60652746301762,-43229.3935064441,-83295.1671034632,-43231.8559057402,-83295.1363767676,-43234.3183050364,-83295.1056500719,0,1,1,1
20140118093043.daq,129,51,2178.53333333333,1,0,left,0.759613037109375,269.240386962891,12,0.0001,63.691764831543,1475.18898690469,0.92284494638443,0.296070605516434,0.244115486741066,-6.49047189516218,-43229.509563279,-83304.5041040939,-43231.9719378579,-83304.4714566381,-43234.4343124369,-83304.4388091823,0,1,1,1
20140118093043.daq,129,51,2178.63333333333,1,0,left,0.805938720703125,269.194061279297,12,0.0001,63.6921348571777,1484.53049415912,0.92284494638443,0.295846045017242,0.206148609519005,-6.3703861420506,-43229.6296286338,-83313.8489537765,-43232.0919760112,-83313.8143154139,-43234.5543233887,-83313.7796770512,0,1,1,1
20140118093043.daq,129,51,2178.73333333333,1,0,left,0.85345458984375,269.146545410156,12,0.0001,63.6925239562988,1493.87205656996,0.92284494638443,0.295899569988251,0.215640276670456,-6.24243403807139,-43229.7575813483,-83323.1860167942,-43232.2198991531,-83323.1493363984,-43234.6822169579,-83323.1126560026,0,1,1,1
20140118093043.daq,129,51,2178.83333333333,1,0,left,0.902374267578125,269.097625732422,12,0.0001,63.6929244995117,1503.21367740096,0.92284494638443,0.295672655105591,0.225131943821907,-6.10656833104164,-43229.8934347718,-83332.5309230055,-43232.3557203611,-83332.4921402731,-43234.8180059503,-83332.4533575407,0,1,1,1
20140118093043.daq,129,51,2178.93333333333,1,0,left,0.951080322265625,269.048919677734,12,0.0001,63.6933212280273,1512.55535702498,0.878899991512299,0.295465350151062,0.234623834490776,-5.96291490284325,-43230.0370883958,-83341.868009088,-43232.499340127,-83341.8271332276,-43234.9615918581,-83341.7862573673,0,1,1,1
20140118093043.daq,129,51,2179.03333333333,1,0,left,1.00021362304688,268.999786376953,12,0.0001,63.6937408447266,1521.89709623469,0.878899991512299,0.294950842857361,0.215640276670456,-5.80751185154595,-43230.1924883249,-83351.2129151368,-43232.6547040981,-83351.1699278176,-43235.1169198713,-83351.1269404985,0,1,1,1
20140118093043.daq,129,51,2179.13333333333,1,0,left,1.04756164550781,268.952438354492,12,0.0001,63.6941680908203,1531.23889754785,0.878899991512299,0.29508563876152,0.196656957268715,-5.64831575124537,-43230.3516843934,-83360.5499642001,-43232.8138638021,-83360.5049421727,-43235.2760432108,-83360.4599201453,0,0,1,0
20140118093043.daq,129,51,2179.23333333333,1,0,left,1.09555053710938,268.904449462891,12,0.0001,63.6945648193359,1540.58076003197,0.878899991512299,0.29535049200058,0.196656957268715,-5.48127353328624,-43230.5187337741,-83369.894838324,-43232.9808746103,-83369.8477540794,-43235.4430154465,-83369.8006698348,0,0,1,0
20140118093043.daq,129,51,2179.33333333333,1,0,left,1.14213562011719,268.857864379883,12,0.0001,63.6948852539063,1549.9226753879,0.878899991512299,0.29529333114624,0.215640276670456,-5.30649807441049,-43230.6935091798,-83379.2318646709,-43233.1556109198,-83379.1827785662,-43235.6177126597,-83379.1336924616,0,0,1,0
20140118093043.daq,129,51,2179.43333333333,1,0,left,1.19036865234375,268.809631347656,12,0.0001,63.6951713562012,1559.26463452392,0.878899991512299,0.295414686203003,0.196656957268715,-5.12382577724573,-43230.8762006193,-83388.5767395505,-43233.338260165,-83388.5255808042,-43235.8003197105,-83388.4744220578,0,0,1,0
20140118093043.daq,129,51,2179.53333333333,1,0,left,1.23835754394531,268.761642456055,12,0.0001,63.6954574584961,1568.60663543525,0.878899991512299,0.295777857303619,0.196656957268715,-4.93333663175629,-43231.0666902926,-83397.9137937263,-43233.5287061258,-83397.8605728653,-43235.9907219591,-83397.8073520043,0,0,1,0
20140118093043.daq,129,51,2179.63333333333,1,0,left,1.28610229492188,268.713897705078,12,0.0001,63.6957359313965,1577.9486773758,0.834954977035522,0.295439898967743,0.196656957268715,-4.73117621248036,-43231.2688844331,-83407.2586522358,-43233.7308550625,-83407.2033797881,-43236.1928256919,-83407.1481073403,0,0,1,0
20140118093043.daq,129,51,2179.73333333333,1,0,left,1.33027648925781,268.669723510742,12,0.0001,63.6960372924805,1587.29076137141,0.74706494808197,0.295101583003998,0.196656957268715,-4.52529900031656,-43231.4747631331,-83416.5956131376,-43233.9366904165,-83416.5384425637,-43236.3986176999,-83416.4812719899,0,0,1,0
20140118093043.daq,129,51,2179.83333333333,1,0,left,1.36845397949219,268.631546020508,12,0.0001,63.6963424682617,1596.63289017283,0.307614982128143,0.295339852571487,0.215640276670456,-4.31198197352771,-43231.6880811497,-83425.9324334008,-43234.1499697925,-83425.8736224012,-43236.6118584354,-83425.8148114016,0,0,1,0
20140118093043.daq,129,51,2179.93333333333,1,0,left,1.39459228515625,268.605407714844,12,0.0001,63.6966552734375,1605.97506457273,0,0.29535049200058,0.215640276670456,-4.09165223589389,-43231.9084613148,-83435.2767868717,-43234.3703228719,-83435.216852766,-43236.832184429,-83435.1569186602,0,0,1,0
20140118093043.daq,129,51,2180.03333333333,1,0,left,1.41334533691406,268.586654663086,12,0.0001,63.6969947814941,1615.31728582995,-0.0878899917006493,0.2954261302948,0.215640276670456,-3.86782634797178,-43232.1322873041,-83444.6131568767,-43234.5941291127,-83444.5524170007,-43237.0559709214,-83444.4916771247,0,0,1,0
20140118093043.daq,129,51,2180.13333333333,1,0,left,1.42694091796875,268.573059082031,12,0.0001,63.6973686218262,1624.65956019209,-0.0878899917006493,0.295363754034042,0.187165051698685,-3.63650906835312,-43232.3636041797,-83453.9494076945,-43234.8254315062,-83453.8880836556,-43237.2872588328,-83453.8267596166,0,0,1,0
20140118093043.daq,129,51,2180.23333333333,1,0,left,1.435302734375,268.564697265625,12,0.0001,63.6977310180664,1634.00188877812,-0.307614982128143,0.296090960502625,0.215640276670456,-3.40168376607348,-43232.5985008472,-83463.2933502973,-43235.0603191978,-83463.231666977,-43237.5221375484,-83463.1699836566,0,0,1,0
20140118093043.daq,129,51,2180.33333333333,1,0,left,1.43450927734375,268.565490722656,12,0.0001,63.698112487793,1643.34427149486,-0.659174978733063,0.29532265663147,0.206148609519005,-3.16345180781639,-43232.8367325947,-83472.6292695244,-43235.2985517993,-83472.5676202964,-43237.7603710039,-83472.5059710684,0,0,1,0
20140118093043.daq,129,53,2180.81666666667,1,0,right,1.27131652832031,268.72868347168,12,0.0001,63.6999168395996,0,-1.75779986381531,0.295334041118622,0.215640276670456,2.90862478821123,-43233.9671816547,-83517.7583092136,-43236.4291664658,-83517.7036721046,-43238.8911512768,-83517.6490349956,1,0,0,0
20140118093043.daq,129,53,2180.91666666667,1,0,right,1.21768188476563,268.782318115234,12,0.0001,63.7001762390137,9.34269640423008,-2.0654149055481,0.295857310295105,0.234623834490776,3.11067960911611,-43234.1864958493,-83527.0930004218,-43236.6485307275,-83527.0406680032,-43239.1105656057,-83526.9883355846,1,0,0,0
20140118093043.daq,129,53,2181.01666666667,1,0,right,1.1553955078125,268.844604492188,12,0.0001,63.7004470825195,18.6854295016965,-2.46091985702515,0.295484453439713,0.196656957268715,3.32561514159131,-43234.4013661575,-83536.4274866669,-43236.8634564715,-83536.3778307626,-43239.3255467856,-83536.3281748583,1,0,0,0
20140118093043.daq,129,53,2181.11666666667,1,0,right,1.08628845214844,268.913711547852,12,0.0001,63.7007598876953,28.028206472547,-2.50486493110657,0.295369833707809,0.215640276670456,3.52842982913265,-43234.6040947186,-83545.7618090576,-43237.066243134,-83545.7151228282,-43239.5283915494,-83545.6684365988,1,0,0,0
20140118093043.daq,129,53,2181.21666666667,1,0,right,1.01072692871094,268.989273071289,12,0.0001,63.7010154724121,37.3710259180225,-2.50486493110657,0.295254766941071,0.177673399448395,3.7230792736815,-43234.79861115,-83555.1037871621,-43237.2608189939,-83555.0603480473,-43239.7230268379,-83555.0169089324,1,0,0,0
20140118093043.daq,129,53,2181.31666666667,1,0,right,0.934738159179688,269.06526184082,12,0.0001,63.701171875,46.7138755759515,-2.46091985702515,0.29524153470993,0.234623834490776,3.90984733672391,-43234.985290854,-83564.4379364953,-43237.4475541437,-83564.3977629313,-43239.9098174335,-83564.3575893672,1,0,0,0
20140118093043.daq,129,53,2181.41666666667,1,0,right,0.858078002929688,269.14192199707,12,0.0001,63.7012748718262,56.0567421118321,-2.41697478294373,0.294417917728424,0.225131943821907,4.08095032659824,-43235.1563062046,-83573.7720636792,-43237.6186210415,-83573.7351845898,-43240.0809358785,-83573.6983055004,1,0,0,0
20140118093043.daq,129,53,2181.51666666667,1,0,right,0.781356811523438,269.218643188477,12,0.0001,63.7014465332031,65.3996288826165,-2.46091985702515,0.295239686965942,0.225131943821907,4.2403493643958,-43235.31560144,-83583.1139955391,-43237.7779634519,-83583.0804136134,-43240.2403254638,-83583.0468316877,1,0,0,0
20140118093043.daq,129,53,2181.61666666667,1,0,right,0.705368041992188,269.294631958008,12,0.0001,63.7016105651855,74.7425415764446,-2.46091985702515,0.295067936182022,0.215640276670456,4.39195168274915,-43235.4671320903,-83592.448125965,-43237.9295364748,-83592.4178097859,-43240.3919408593,-83592.3874936068,1,0,0,0
20140118093043.daq,129,53,2181.71666666667,1,0,right,0.628082275390625,269.371917724609,12,0.0001,63.7017440795898,84.0854761836235,-2.46091985702515,0.295464038848877,0.177673399448395,4.52784887406572,-43235.6029596521,-83601.7822191288,-43238.0654026897,-83601.7552244916,-43240.5278457272,-83601.7282298545,1,0,0,0
20140118093043.daq,129,53,2181.81666666667,1,0,right,0.55279541015625,269.447204589844,12,0.0001,63.7018585205078,93.4284277154075,-2.32908487319946,0.295623898506165,0.206148609519005,4.65215566993609,-43235.7271949401,-83611.1241662734,-43238.1896713228,-83611.1004073178,-43240.6521477055,-83611.0766483622,1,0,0,0
20140118093043.daq,129,53,2181.91666666667,1,0,right,0.482925415039063,269.517074584961,12,0.0001,63.702018737793,102.771399575315,-1.97752487659454,0.295187890529633,0.244115486741066,4.76115193193075,-43235.8361434253,-83620.4584251431,-43238.2986469502,-83620.4376690995,-43240.7611504751,-83620.4169130558,1,0,0,0
20140118093043.daq,129,53,2182.01666666667,1,0,right,0.426239013671875,269.573760986328,12,0.0001,63.7022361755371,112.114399176615,-1.40623986721039,0.294893234968185,0.158690065145493,4.86314766329694,-43235.9380984552,-83629.8008093678,-43238.4006213102,-83629.7824896472,-43240.8631441652,-83629.7641699265,1,0,0,0
20140118093043.daq,129,53,2182.11666666667,1,0,right,0.387176513671875,269.612823486328,12,0.0001,63.7024688720703,121.457432347321,-0.92284494638443,0.295305252075195,0.177673399448395,4.95449758267583,-43236.029427944,-83639.1358036917,-43238.4919627165,-83639.1191628475,-43240.954497489,-83639.1025220032,1,0,0,0
20140118093043.daq,129,53,2182.21666666667,1,0,right,0.36053466796875,269.639465332031,12,0.0001,63.7027244567871,130.800500952435,-0.791009962558746,0.295569121837616,0.215640276670456,5.03489323789005,-43236.1098086989,-83648.4789094696,-43238.5723509429,-83648.4634136761,-43241.034893187,-83648.4479178825,1,0,0,0
20140118093043.daq,129,53,2182.31666666667,1,0,right,0.34271240234375,269.657287597656,12,0.0001,63.7030258178711,140.143610027328,-0.834954977035522,0.295508146286011,0.253607153892517,5.10802502046011,-43236.1829235048,-83657.8144155839,-43238.6454704498,-83657.7996857827,-43241.1080173949,-83657.7849559814,1,0,0,0
20140118093043.daq,129,53,2182.41666666667,1,0,right,0.32598876953125,269.674011230469,12,0.0001,63.7033843994141,149.486767731287,-0.878899931907654,0.295126706361771,0.206148609519005,5.17731067366611,-43236.2522002342,-83667.1577604782,-43238.7147513737,-83667.1437494519,-43241.1773025132,-83667.1297384255,1,0,0,0
20140118093043.daq,129,53,2182.51666666667,1,0,right,0.307601928710938,269.692398071289,12,0.0001,63.7037200927734,158.829976908281,-0.878899931907654,0.295213520526886,0.234623834490776,5.24258738587957,-43236.3174678401,-83676.5010647349,-43238.7800233491,-83676.4878439687,-43241.2425788581,-83676.4746232026,1,0,0,0
20140118093043.daq,129,53,2182.61666666667,1,0,right,0.288742065429688,269.71125793457,12,0.0001,63.7040557861328,168.173234854185,-0.966789960861206,0.295145601034164,0.196656957268715,5.30004215893607,-43236.3748938018,-83685.8365446447,-43238.8374535292,-83685.8241344705,-43241.3000132566,-83685.8117242964,1,0,0,0
20140118093043.daq,129,53,2182.71666666667,1,0,right,0.267074584960938,269.732925415039,12,0.0001,63.7043991088867,177.516542594734,-1.05467987060547,0.295248508453369,0.187165051698685,5.35730338954345,-43236.4321461039,-83695.1797684598,-43238.8947103484,-83695.1682895499,-43241.3572745928,-83695.1568106401,1,0,0,0
20140118093043.daq,129,53,2182.81666666667,1,0,right,0.24334716796875,269.756652832031,12,0.0001,63.7047424316406,186.859900875919,-1.05467987060547,0.295379340648651,0.215640276670456,5.4105307311943,-43236.4853648524,-83704.5229416683,-43238.9479336394,-83704.5124825604,-43241.4105024264,-83704.5020234524,1,0,0,0
20140118093043.daq,129,53,2182.91666666667,1,0,right,0.218490600585938,269.781509399414,12,0.0001,63.7051010131836,196.203310909856,-1.14256989955902,0.295572638511658,0.139706522226334,5.45978152084279,-43236.5346077117,-83713.866086776,-43238.9971808044,-83713.8566960027,-43241.4597538971,-83713.8473052292,1,0,0,0
20140118093043.daq,129,53,2183.01666666667,1,0,right,0.190536499023438,269.809463500977,12,0.0001,63.7054672241211,205.546773908951,-1.14256989955902,0.295152992010117,0.225131943821907,5.50887001772201,-43236.5836591761,-83723.201343207,-43239.0462365573,-83723.1931539022,-43241.5088139386,-83723.1849645974,1,0,0,0
20140118093043.daq,129,53,2183.11666666667,1,0,right,0.163436889648438,269.836563110352,12,0.0001,63.7057991027832,214.890288148046,-1.09862494468689,0.295716822147369,0.196656957268715,5.55016775097856,-43236.6249513334,-83732.5444321511,-43239.0875323125,-83732.5374075907,-43241.5501132917,-83732.5303830302,1,0,0,0
20140118093043.daq,129,53,2183.21666666667,1,0,right,0.134765625,269.865234375,12,0.0001,63.7061004638672,224.233848824806,-1.14256989955902,0.295525550842285,0.225131943821907,5.58746121614614,-43236.6622403464,-83741.8874818938,-43239.1248245324,-83741.8816896293,-43241.5874087184,-83741.8758973648,1,0,0,0
20140118093043.daq,129,53,2183.31666666667,1,0,right,0.10772705078125,269.892272949219,12,0.0001,63.7064170837402,233.577454726968,-1.14256989955902,0.295302838087082,0.225131943821907,5.62098748956049,-43236.6957244223,-83751.2227581997,-43239.1583110675,-83751.2181280592,-43241.6208977127,-83751.2134979187,1,0,0,0
20140118093043.daq,129,53,2183.41666666667,1,0,right,0.0800628662109375,269.919937133789,12,0.0001,63.706729888916,242.921107393253,-1.14256989955902,0.294868230819702,0.225131943821907,5.6505286846192,-43236.725263881,-83760.5658308904,-43239.1878524748,-83760.5623897638,-43241.6504410685,-83760.5589486373,1,0,0,0
20140118093043.daq,129,53,2183.51666666667,1,0,right,0.051727294921875,269.948272705078,12,0.0001,63.7070236206055,252.264804026112,-1.14256989955902,0.294742047786713,0.215640276670456,5.67612123600677,-43236.7508559156,-83769.9088862873,-43239.21344591,-83769.9066630318,-43241.6760359044,-83769.9044397764,1,0,0,0
20140118093043.daq,129,53,2183.61666666667,1,0,right,0.024871826171875,269.975128173828,12,0.0001,63.7073135375977,261.608543506562,-1.14256989955902,0.294943571090698,0.225131943821907,5.69764932766142,-43236.7726335179,-83779.2519771671,-43239.2352242839,-83779.250908168,-43241.6978150499,-83779.249839169,1,0,0,0
20140118093043.daq,129,53,2183.71666666667,1,0,right,0.0012969970703125,269.99870300293,12,0.0001,63.7075996398926,270.952324995451,-0.878899931907654,0.295002937316895,0.225131943821907,5.71211431167329,-43236.7868016466,-83788.5873354232,-43239.2493926439,-83788.5872796778,-43241.7119836413,-83788.5872239325,0,1,0,1
20140118093043.daq,129,53,2183.81666666667,1,0,right,-0.0133209228515625,270.013320922852,12,0.0001,63.7079315185547,280.296151523275,-0.351559966802597,0.295207679271698,0.139706522226334,5.72304606634405,-43236.7976171618,-83797.9307259534,-43239.2602080933,-83797.9312984909,-43241.7227990247,-83797.9318710285,0,1,0,1
20140118093043.daq,129,53,2183.91666666667,1,0,right,-0.0200653076171875,270.020065307617,12,0.0001,63.7083015441895,289.640029710688,-0.307614982128143,0.295149683952332,0.196656957268715,5.73424127546945,-43236.8089192102,-83807.2743100243,-43239.2715100572,-83807.2751724377,-43241.7341009042,-83807.276034851,0,1,0,1
20140118093043.daq,129,53,2184.01666666667,1,0,right,-0.0196685791015625,270.019668579102,12,0.0001,63.7086753845215,298.983962774771,-0.307614982128143,0.295353353023529,0.215640276670456,5.73820314224288,-43236.8128499715,-83816.6180697862,-43239.2754408244,-83816.6189151481,-43241.7380316773,-83816.6197605099,0,1,0,1
20140118093043.daq,129,53,2184.11666666667,1,0,right,-0.018798828125,270.018798828125,12,0.0001,63.7090721130371,308.327952254127,-0.307614982128143,0.295447707176208,0.187165051698685,5.74608644849232,-43236.8207162081,-83825.9540286867,-43239.2833070736,-83825.9548366664,-43241.745897939,-83825.955644646,0,1,0,1
20140118093043.daq,129,53,2184.21666666667,1,0,right,-0.0167083740234375,270.016708374023,12,0.0001,63.7094764709473,317.67200057322,-0.307614982128143,0.295009613037109,0.215640276670456,5.75016078007099,-43236.8247516158,-83835.2978301196,-43239.2873425091,-83835.2985482509,-43241.7499334024,-83835.2992663821,0,1,0,1
20140118093043.daq,129,53,2184.31666666667,1,0,right,-0.013671875,270.013671875,12,0.0001,63.7098579406738,327.016106706316,-0.307614982128143,0.295288503170013,0.234623834490776,5.75424345979118,-43236.8288454778,-83844.6416548203,-43239.2914364057,-83844.6422424419,-43241.7540273335,-83844.6428300634,0,1,0,1
20140118093043.daq,129,53,2184.41666666667,1,0,right,-0.0128326416015625,270.012832641602,12,0.0001,63.7101936340332,336.360265151714,-0.307614982128143,0.295375496149063,0.215640276670456,5.75434561414501,-43236.828897331,-83853.9854254645,-43239.2914882672,-83853.9859770155,-43241.7540792035,-83853.9865285666,0,1,0,1
20140118093043.daq,129,53,2184.51666666667,1,0,right,-0.010589599609375,270.010589599609,12,0.0001,63.710563659668,345.704475116858,-0.307614982128143,0.295253902673721,0.206148609519005,5.75840528301503,-43236.8329421721,-83863.329230637,-43239.295533128,-83863.3296857814,-43241.758124084,-83863.3301409258,0,1,0,1
20140118093043.daq,129,53,2184.61666666667,1,0,right,-0.0082550048828125,270.008255004883,12,0.0001,63.7109489440918,355.048740844475,-0.263669967651367,0.294901490211487,0.196656957268715,5.76247104997787,-43236.8369926722,-83872.6730380557,-43239.2995836447,-83872.6733928584,-43241.7621746171,-83872.6737476612,0,1,0,1
20140118093043.daq,129,53,2184.71666666667,1,0,right,0.001007080078125,269.998992919922,12,0.0001,63.7113227844238,364.393062754301,0.219724997878075,0.296277284622192,0.168181732296944,5.77087573559003,-43236.8453774818,-83882.0170157961,-43239.3079684795,-83882.0169725114,-43241.7705594771,-83882.0169292268,0,1,0,1
20140118093043.daq,129,53,2184.81666666667,1,0,right,0.0213470458984375,269.978652954102,12,0.0001,63.7117042541504,373.737438468379,0.483394980430603,0.296273350715637,0.168181732296944,5.77606660356201,-43236.8505406793,-83891.3612655998,-43239.3131315064,-83891.3603480969,-43241.7757223334,-83891.3594305941,0,1,0,1
20140118093043.daq,129,53,2184.91666666667,1,0,right,0.0477294921875,269.952270507813,12,0.0001,63.7121353149414,383.081874281052,0.483394980430603,0.295782893896103,0.253607153892517,5.78554148456743,-43236.8599837976,-83900.7056632176,-43239.3225739412,-83900.7036117889,-43241.7851640847,-83900.7015603602,0,1,0,1
20140118093043.daq,129,53,2185.01666666667,1,0,right,0.076873779296875,269.923126220703,12,0.0001,63.7125930786133,392.426375880488,0.483394980430603,0.295346647500992,0.234623834490776,5.79528819269716,-43236.8695979634,-83910.0423152581,-43239.3321867448,-83910.0390111994,-43241.7947755263,-83910.0357071406,0,1,0,1
20140118093043.daq,129,53,2185.11666666667,1,0,right,0.105194091796875,269.894805908203,12,0.0001,63.7129898071289,401.770940982038,0.395504981279373,0.294888138771057,0.215640276670456,5.8087325545457,-43236.8830677899,-83919.3867587189,-43239.3456546374,-83919.3822374456,-43241.8082414849,-83919.3777161723,0,1,0,1
20140118093043.daq,129,53,2185.21666666667,1,0,right,0.129684448242188,269.870315551758,12,0.0001,63.7133255004883,411.115559514874,0.131834998726845,0.295507043600082,0.225131943821907,5.82582940368258,-43236.9002073322,-83928.7311077002,-43239.3627920222,-83928.7255338258,-43241.8253767122,-83928.7199599513,0,1,0,1
20140118093043.daq,129,53,2185.31666666667,1,0,right,0.148880004882813,269.851119995117,12,0.0001,63.7136268615723,420.460223879287,0,0.295561641454697,0.234623834490776,5.85041681347969,-43236.9248321103,-83938.0753267296,-43239.3874147947,-83938.0689278264,-43241.8499974791,-83938.0625289232,0,1,0,1
20140118093043.daq,129,53,2185.41666666667,1,0,right,0.16290283203125,269.837097167969,12,0.0001,63.7139205932617,429.804931883933,-0.0439449958503246,0.295950710773468,0.215640276670456,5.87469020551384,-43236.9491370456,-83947.4194191156,-43239.4117180901,-83947.412417509,-43241.8742991346,-83947.4054159024,0,1,0,1
20140118093043.daq,129,53,2185.51666666667,1,0,right,0.17431640625,269.82568359375,12,0.0001,63.7142219543457,439.149683528842,-0.0439449958503246,0.294826865196228,0.206148609519005,5.90271154843509,-43236.9771868874,-83956.7634476365,-43239.4397664883,-83956.755955473,-43241.9023460892,-83956.7484633094,0,1,0,1
20140118093043.daq,129,53,2185.61666666667,1,0,right,0.18377685546875,269.816223144531,12,0.0001,63.7145500183105,448.494481751288,-0.0439449958503246,0.295607507228851,0.225131943821907,5.93452075802228,-43237.0090221927,-83966.1074283895,-43239.4716005229,-83966.0995296148,-43241.9341788532,-83966.0916308401,0,1,0,1
20140118093043.daq,129,53,2185.71666666667,1,0,right,0.19354248046875,269.806457519531,12,0.0001,63.7148704528809,457.839327250666,-0.0878899917006493,0.295544445514679,0.196656957268715,5.96634937812348,-43237.0408764187,-83975.4514164847,-43239.503453367,-83975.4430979826,-43241.9660303152,-83975.4347794805,0,1,0,1
20140118093043.daq,129,53,2185.81666666667,1,0,right,0.20263671875,269.79736328125,12,0.0001,63.7152290344238,467.184222637938,-0.0878899917006493,0.294827461242676,0.177673399448395,6.00204393392218,-43237.0765953907,-83984.7953881183,-43239.5391709876,-83984.7866787453,-43242.0017465845,-83984.7779693722,0,1,0,1
20140118093043.daq,129,53,2185.91666666667,1,0,right,0.21295166015625,269.787048339844,12,0.0001,63.7155990600586,476.529171223403,-0.0439449958503246,0.29509049654007,0.196656957268715,6.04171979277602,-43237.1162961885,-83994.1393893933,-43239.5788701775,-83994.1302366836,-43242.0414441665,-83994.121083974,0,1,0,1
20140118093043.daq,129,53,2186.01666666667,1,0,right,0.22515869140625,269.774841308594,12,0.0001,63.7159652709961,485.874173753022,0.0439449995756149,0.295071214437485,0.196656957268715,6.08151188973916,-43237.1561141289,-84003.4834366116,-43239.618686112,-84003.4737592437,-43242.0812580951,-84003.4640818757,0,1,0,1
20140118093043.daq,129,53,2186.11666666667,1,0,right,0.237258911132813,269.762741088867,12,0.0001,63.7162933349609,495.219227382739,0.0439449995756149,0.294940292835236,0.206148609519005,6.12129834930278,-43237.1959255216,-84012.8274810704,-43239.6584954061,-84012.8172836354,-43242.1210652905,-84012.8070862004,0,1,0,1
20140118093043.daq,129,53,2186.21666666667,1,0,right,0.252243041992188,269.747756958008,12,0.0001,63.7166213989258,504.564328382665,0.0439449995756149,0.295188695192337,0.215640276670456,6.16516772342894,-43237.2398217382,-84022.17159549,-43239.7023888716,-84022.1607540381,-43242.1649560049,-84022.1499125862,0,1,0,1
20140118093043.daq,129,53,2186.31666666667,1,0,right,0.267242431640625,269.732757568359,12,0.0001,63.7169799804688,513.909480016446,0.0439449995756149,0.295165479183197,0.215640276670456,6.20903895520845,-43237.2837189947,-84031.5157100378,-43239.7462832055,-84031.5042239139,-43242.2088474163,-84031.4927377901,0,1,0,1
20140118093043.daq,129,53,2186.41666666667,1,0,right,0.281723022460938,269.718276977539,12,0.0001,63.7173652648926,523.254686433618,0.0439449995756149,0.295485854148865,0.196656957268715,6.25678556970941,-43237.3314904765,-84040.8598117459,-43239.7940517057,-84040.8477032488,-43242.2566129349,-84040.8355947516,0,1,0,1
20140118093043.daq,129,53,2186.51666666667,1,0,right,0.296035766601563,269.703964233398,12,0.0001,63.7177391052246,532.599948473449,0.0439449995756149,0.294730186462402,0.225131943821907,6.30452283079747,-43237.3792516543,-84050.2039091547,-43239.841809782,-84050.1911854991,-43242.3043679096,-84050.1784618434,0,1,0,1
20140118093043.daq,129,53,2186.61666666667,1,0,right,0.310150146484375,269.689849853516,12,0.0001,63.7180862426758,541.945264084439,0.0878899991512299,0.294733017683029,0.244115486741066,6.35615501023613,-43237.4309068854,-84059.5480015319,-43239.8934618039,-84059.5346712441,-43242.3560167225,-84059.5213409564,0,1,0,1
20140118093043.daq,129,53,2186.71666666667,1,0,right,0.325408935546875,269.674591064453,12,0.0001,63.7184410095215,551.290630609088,0.131834998726845,0.294656991958618,0.234623834490776,6.41176409907804,-43237.4865393246,-84068.8921214272,-43239.9490906058,-84068.8781353219,-43242.4116418869,-84068.8641492165,0,1,0,1
20140118093043.daq,129,53,2186.81666666667,1,0,right,0.340133666992188,269.659866333008,12,0.0001,63.7187995910645,560.636050238623,0.0439449995756149,0.294690907001495,0.206148609519005,6.46734144421624,-43237.5421387843,-84078.2362281375,-43240.0046863898,-84078.2216091692,-43242.4672339953,-84078.2069902008,0,1,0,1
20140118093043.daq,129,53,2186.91666666667,1,0,right,0.353057861328125,269.646942138672,12,0.0001,63.7191162109375,569.981519895926,0,0.295295476913452,0.206148609519005,6.5267158403764,-43237.6015330553,-84087.5802910362,-43240.0640773005,-84087.565116592,-43242.5266215458,-84087.5499421478,0,1,0,1
20140118093043.daq,129,53,2187.01666666667,1,0,right,0.360061645507813,269.639938354492,12,0.0001,63.7194290161133,579.327034545626,-0.527339935302734,0.29529020190239,0.187165051698685,6.58963554121816,-43237.6644668972,-84096.9242105246,-43240.1270092692,-84096.9087350613,-43242.5895516411,-84096.893259598,0,1,0,1
20140118093043.daq,129,53,2187.11666666667,1,0,right,0.350906372070313,269.64909362793,12,0.0001,63.7197608947754,588.672596052609,-1.05467987060547,0.295308262109756,0.215640276670456,6.65156842089981,-43237.7263997878,-84106.2677389606,-43240.1889446011,-84106.2526569863,-43242.6514894144,-84106.2375750121,0,1,0,1
20140118093043.daq,129,53,2187.21666666667,1,0,right,0.329574584960938,269.670425415039,12,0.0001,63.720085144043,598.018206141976,-1.31834995746613,0.294959396123886,0.206148609519005,6.71275696950379,-43237.7875785601,-84115.6109723649,-43240.2501288179,-84115.5968072215,-43242.7126790757,-84115.5826420782,0,1,0,1
20140118093043.daq,129,53,2187.31666666667,1,0,right,0.299407958984375,269.700592041016,12,0.0001,63.7203979492188,607.36386280891,-1.36229491233826,0.295339375734329,0.196656957268715,6.77340463026101,-43237.8482104573,-84124.9539909747,-43240.3107678318,-84124.9411223831,-43242.7733252063,-84124.9282537914,0,1,0,1
20140118093043.daq,129,53,2187.41666666667,1,0,right,0.2635498046875,269.736450195313,12,0.0001,63.7206993103027,616.70956400194,-1.45018494129181,0.295048892498016,0.215640276670456,6.8297967656185,-43237.9045841513,-84134.2968703141,-43240.3671490973,-84134.2855428988,-43242.8297140432,-84134.2742154835,0,1,0,1
20140118093043.daq,129,53,2187.51666666667,1,0,right,0.2237548828125,269.776245117188,12,0.0001,63.7210159301758,626.055311352917,-1.58201992511749,0.295170366764069,0.215640276670456,6.88594646496849,-43237.96071475,-84143.6396524397,-43240.4232869695,-84143.6300354074,-43242.8858591889,-84143.6204183752,0,1,0,1
20140118093043.daq,129,53,2187.61666666667,1,0,right,0.180252075195313,269.819747924805,12,0.0001,63.7212867736816,635.401102437347,-1.62596487998962,0.29558390378952,0.206148609519005,6.93405493178478,-43238.0088041148,-84152.9823424267,-43240.4713829263,-84152.9745951474,-43242.9339617379,-84152.9668478681,0,1,0,1
20140118093043.daq,129,53,2187.71666666667,1,0,right,0.136062622070313,269.86393737793,12,0.0001,63.7215194702148,644.746929702145,-1.62596487998962,0.295554280281067,0.244115486741066,6.9782132104222,-43238.0529455658,-84162.3250135904,-43240.51552962,-84162.3191655807,-43242.9781136743,-84162.313317571,0,1,0,1
20140118093043.daq,129,53,2187.81666666667,1,0,right,0.090484619140625,269.909515380859,12,0.0001,63.7217636108398,654.092791235744,-1.62596487998962,0.29543149471283,0.206148609519005,7.01447197341716,-43238.089189494,-84171.6676486458,-43240.5517774211,-84171.6637595894,-43243.0143653482,-84171.6598705331,0,1,0,1
20140118093043.daq,129,53,2187.91666666667,1,0,right,0.0455474853515625,269.954452514648,12,0.0001,63.7220306396484,663.438690161915,-1.58201992511749,0.295690566301346,0.196656957268715,7.0429556732119,-43238.1176614231,-84181.0102971837,-43240.580251643,-84181.0083395383,-43243.0428418629,-84181.006381893,0,1,0,1
20140118093043.daq,129,53,2188.01666666667,1,0,right,0.0015869140625,269.998413085938,12,0.0001,63.7223167419434,672.784630070761,-1.53807497024536,0.294868946075439,0.206148609519005,7.06759120805006,-43238.1422883113,-84190.3529675502,-43240.6048793084,-84190.3528993441,-43243.0674703055,-84190.3528311381,0,1,0,1
20140118093043.daq,129,53,2188.11666666667,1,0,right,-0.037506103515625,270.037506103516,12,0.0001,63.7225761413574,682.130610589229,-1.23045992851257,0.295219093561172,0.225131943821907,7.08112865007744,-43238.1554979718,-84199.6957557088,-43240.6180884421,-84199.6973677331,-43243.0806789125,-84199.6989797573,0,1,0,1
20140118093043.daq,129,53,2188.21666666667,1,0,right,-0.0706329345703125,270.07063293457,12,0.0001,63.7227897644043,691.4766255164,-1.05467987060547,0.2959303855896,0.206148609519005,7.09047898842698,-43238.1651705136,-84209.0386893692,-43240.6277596404,-84209.0417251946,-43243.0903487671,-84209.0447610201,0,1,0,1
20140118093043.daq,129,53,2188.31666666667,1,0,right,-0.101364135742188,270.101364135742,12,0.0001,63.723030090332,700.822672754148,-1.45018494129181,0.295921236276627,0.225131943821907,7.09248638048175,-43238.1671789533,-84218.3816810071,-43240.6297660975,-84218.3860376679,-43243.0923532417,-84218.3903943287,0,1,1,1
20140118093043.daq,129,53,2188.41666666667,1,0,right,-0.1689453125,270.1689453125,12,0.0001,63.723331451416,710.168760275148,-3.47165489196777,0.295172899961472,0.234623834490776,7.08831802664955,-43238.1630068991,-84227.7237597082,-43240.6255871916,-84227.7310210215,-43243.088167484,-84227.7382823347,0,1,1,1
20140118093043.daq,129,53,2188.51666666667,1,0,right,-0.270828247070313,270.27082824707,12,0.0001,63.723503112793,719.514884629258,-4.17477464675903,0.294717073440552,0.215640276670456,7.07421950668378,-43238.1489084948,-84237.0649808201,-43240.611471982,-84237.0766210617,-43243.0740354691,-84237.0882613034,0,1,1,1
20140118093043.daq,129,53,2188.61666666667,1,0,right,-0.394256591796875,270.394256591797,12,0.0001,63.7235260009766,728.861023110454,-3.8232147693634,0.294981390237808,0.225131943821907,7.0470653034837,-43238.1217680854,-84246.4056521754,-43240.5843007828,-84246.4225973166,-43243.0468334802,-84246.4395424577,0,1,1,1
20140118093043.daq,129,53,2188.71666666667,1,0,right,-0.512664794921875,270.512664794922,12,0.0001,63.7234230041504,738.20715473796,-3.0322048664093,0.295221507549286,0.206148609519005,7.00849240076642,-43238.0832246588,-84255.7464333481,-43240.5457170786,-84255.7684675516,-43243.0082094983,-84255.790501755,0,1,1,1
20140118093043.daq,129,53,2188.81666666667,1,0,right,-0.612442016601563,270.612442016602,12,0.0001,63.7233085632324,747.553269440861,-2.32908487319946,0.295300245285034,0.168181732296944,6.95153201521856,-43238.0263023432,-84265.0876699546,-43240.4887526578,-84265.1139924078,-43242.9512029724,-84265.140314861,0,1,1,1
20140118093043.daq,129,53,2188.91666666667,1,0,right,-0.69317626953125,270.693176269531,12,0.0001,63.7232093811035,756.899368384737,-1.93357992172241,0.29579421877861,0.206148609519005,6.88004326112418,-43237.9549302894,-84274.4215659294,-43240.417341069,-84274.4513581412,-43242.8797518486,-84274.4811503531,0,1,1,1
20140118093043.daq,129,53,2189.01666666667,1,0,right,-0.755203247070313,270.75520324707,12,0.0001,63.7231636047363,766.245456045639,-1.66990995407104,0.295337736606598,0.244115486741066,6.79415750944534,-43237.8690858399,-84283.7637427028,-43240.3314629243,-84283.796200641,-43242.7938400087,-84283.8286585791,0,1,1,1
20140118093043.daq,129,53,2189.11666666667,1,0,right,-0.80450439453125,270.804504394531,12,0.0001,63.7231941223145,775.591542307782,-1.40623986721039,0.295366704463959,0.215640276670456,6.69734051416305,-43237.7723061957,-84293.1062393049,-43240.2346544395,-84293.1408160259,-43242.6970026833,-84293.1753927468,0,1,1,1
20140118093043.daq,129,53,2189.21666666667,1,0,right,-0.844406127929688,270.84440612793,12,0.0001,63.7232933044434,784.937638640811,-1.2744048833847,0.295901238918304,0.196656957268715,6.58548110090835,-43237.6604799528,-84302.4489729627,-43240.1228035197,-84302.4852644954,-43242.5851270866,-84302.521556028,0,1,1,1
20140118093043.daq,129,53,2189.31666666667,1,0,right,-0.879409790039063,270.879409790039,12,0.0001,63.7234649658203,794.283754695789,-1.18651497364044,0.295844197273254,0.187165051698685,6.46220669911564,-43237.5372364414,-84311.7918299744,-43239.9995373773,-84311.8296258055,-43242.4618383131,-84311.8674216366,0,1,1,1
20140118093043.daq,129,53,2189.41666666667,1,0,right,-0.907455444335938,270.907455444336,12,0.0001,63.7236824035645,803.629899284773,-0.92284494638443,0.294994115829468,0.101739637553692,6.33545766625484,-43237.4105144023,-84321.1348635463,-43239.8727965425,-84321.173864642,-43242.3350786827,-84321.2128657377,0,1,1,1
20140118093043.daq,129,53,2189.51666666667,1,0,right,-0.925750732421875,270.925750732422,12,0.0001,63.7239456176758,812.976079681102,-0.659174978733063,0.295448005199432,0.244115486741066,6.20150175375317,-43237.2765787372,-84330.4781457376,-43239.7388482983,-84330.5179330701,-43242.2011178595,-84330.5577204026,0,1,1,1
20140118093043.daq,129,53,2189.61666666667,1,0,right,-0.939407348632813,270.939407348633,12,0.0001,63.7242240905762,822.322299055289,-0.615229964256287,0.295069217681885,0.215640276670456,6.06392780580757,-43237.139021692,-84339.8215463056,-43239.6012816998,-84339.8619205261,-43242.0635417075,-84339.9022947465,0,1,1,1
20140118093043.daq,129,53,2189.71666666667,1,0,right,-0.949295043945313,270.949295043945,12,0.0001,63.724552154541,831.668563235289,-0.615229964256287,0.295238256454468,0.215640276670456,5.91877590900101,-43236.9938835496,-84349.1650431843,-43239.4561365531,-84349.2058423234,-43241.9183895567,-84349.2466414624,0,1,1,1
20140118093043.daq,129,53,2189.81666666667,1,0,right,-0.960296630859375,270.960296630859,12,0.0001,63.7249183654785,841.014879168157,-0.659174978733063,0.294591993093491,0.187165051698685,5.77355484979424,-43236.8486770894,-84358.5085114247,-43239.3109222136,-84358.5497833499,-43241.7731673378,-84358.591055275,0,1,1,1
20140118093043.daq,129,53,2189.91666666667,1,0,right,-0.969589233398438,270.969589233398,12,0.0001,63.7252540588379,850.361247226858,-0.659174978733063,0.295338571071625,0.187165051698685,5.62843996230684,-43236.7035755584,-84367.8520233326,-43239.1658139564,-84367.8936946001,-43241.6280523545,-84367.9353658677,0,0,1,0
20140118093043.daq,129,53,2190.01666666667,1,0,right,-0.977142333984375,270.977142333984,12,0.0001,63.7255516052246,859.70766116376,-0.395504981279373,0.294597089290619,0.177673399448395,5.47952718117469,-43236.5546745579,-84377.1955797413,-43239.0169074412,-84377.2375755967,-43241.4791403245,-84377.2795714521,0,0,1,0
20140118093043.daq,129,53,2190.11666666667,1,0,right,-0.969970703125,270.969970703125,12,0.0001,63.7258682250977,869.054119813314,0.439449995756149,0.295432209968567,0.206148609519005,5.32762296290813,-43236.4027708987,-84386.5395135567,-43238.8650090192,-84386.5812012176,-43241.3272471398,-84386.6228888785,0,0,1,0
20140118093043.daq,129,53,2190.21666666667,1,0,right,-0.943588256835938,270.943588256836,12,0.0001,63.7262077331543,878.400626485702,1.01073491573334,0.295034140348434,0.225131943821907,5.17691150340911,-43236.2520463186,-84395.8839392887,-43238.7143033736,-84395.9244931817,-43241.1765604287,-84395.9650470747,0,0,1,0
20140118093043.daq,129,53,2190.31666666667,1,0,right,-0.902359008789063,270.902359008789,12,0.0001,63.7265815734863,887.74718579679,1.05467998981476,0.295467644929886,0.206148609519005,5.03102717055144,-43236.1061398039,-84405.2287437977,-43238.5684254035,-84405.2675258744,-43241.0307110031,-84405.306307951,0,0,1,0
20140118093043.daq,129,53,2190.41666666667,1,0,right,-0.855758666992188,270.855758666992,12,0.0001,63.7269439697266,897.09379905212,0.878899991512299,0.295369505882263,0.206148609519005,4.88547532992213,-43235.9605639231,-84414.5736834888,-43238.4228802509,-84414.6104629035,-43240.8851965787,-84414.6472423183,0,0,1,0
20140118093043.daq,129,53,2190.51666666667,1,0,right,-0.812423706054688,270.812423706055,12,0.0001,63.7272644042969,906.440462521714,0.659174978733063,0.295271307229996,0.196656957268715,4.74362609502752,-43235.8186946404,-84423.9185377269,-43238.2810380815,-84423.9534547885,-43240.7433815227,-84423.9883718501,0,0,1,0
20140118093043.daq,129,53,2190.61666666667,1,0,right,-0.773880004882813,270.773880004883,12,0.0001,63.7275390625,915.7871699112,0.57128494977951,0.295758128166199,0.206148609519005,4.60929120811462,-43235.6843442427,-84433.2632681847,-43238.1467106159,-84433.2965287844,-43240.6090769891,-84433.3297893842,0,0,1,0
20140118093043.daq,129,53,2190.71666666667,1,0,right,-0.7403564453125,270.740356445313,12,0.0001,63.7277526855469,925.133912548597,0.527339994907379,0.295174837112427,0.215640276670456,4.48245684011304,-43235.5574984138,-84442.6078696467,-43238.0198838262,-84442.6396895189,-43240.4822692385,-84442.6715093911,0,0,1,0
20140118093043.daq,129,53,2190.81666666667,1,0,right,-0.707595825195313,270.707595825195,12,0.0001,63.7280120849609,934.480688848678,0.483394980430603,0.295581877231598,0.187165051698685,4.35955563801774,-43235.4345124242,-84451.9602630661,-43237.896915628,-84451.9906749887,-43240.3593188319,-84452.0210869114,0,0,1,0
20140118093043.daq,129,53,2190.91666666667,1,0,right,-0.676910400390625,270.676910400391,12,0.0001,63.7283096313477,943.827506830741,0.439449995756149,0.295451521873474,0.225131943821907,4.24425966623373,-43235.3192117893,-84461.3047903069,-43237.7816309275,-84461.3338834564,-43240.2440500657,-84461.3629766059,0,0,1,0
20140118093043.daq,129,53,2191.01666666667,1,0,right,-0.65008544921875,270.650085449219,12,0.0001,63.7285995483398,953.174368173321,0.307614982128143,0.295044958591461,0.215640276670456,4.13263082888463,-43235.2075803624,-84470.6492189366,-43237.6700128516,-84470.6771592185,-43240.1324453409,-84470.7050995003,0,0,1,0
20140118093043.daq,129,53,2191.11666666667,1,0,right,-0.625274658203125,270.625274658203,12,0.0001,63.7289237976074,962.521274508239,0.26366999745369,0.295098721981049,0.225131943821907,4.0286896502274,-43235.1036378407,-84479.9935959236,-43237.566082198,-84480.0204698957,-43240.0285265554,-84480.0473438678,0,0,1,0
20140118093043.daq,129,53,2191.21666666667,1,0,right,-0.604888916015625,270.604888916016,12,0.0001,63.7292137145996,971.868226208462,0.17577999830246,0.295437097549438,0.225131943821907,3.92447480409791,-43234.9994233165,-84489.3378605917,-43237.4618770797,-84489.3638584286,-43239.9243308429,-84489.3898562654,0,0,1,0
20140118093043.daq,129,53,2191.31666666667,1,0,right,-0.584823608398438,270.584823608398,12,0.0001,63.7295036315918,981.215219683974,0.131834998726845,0.295133709907532,0.225131943821907,3.82812392329064,-43234.9030017565,-84498.6899292341,-43237.3654644732,-84498.7150647041,-43239.82792719,-84498.7402001741,0,0,1,0
20140118093043.daq,129,53,2191.41666666667,1,0,right,-0.568954467773438,270.568954467773,12,0.0001,63.7298049926758,990.562257685553,0.0878899991512299,0.29538369178772,0.187165051698685,3.73534535457614,-43234.8102283668,-84508.034079223,-43237.2726979508,-84508.0585326668,-43239.7351675349,-84508.0829861106,0,0,1,0
20140118093043.daq,129,53,2191.51666666667,1,0,right,-0.552169799804688,270.552169799805,12,0.0001,63.7301025390625,999.909339467296,0.0878899991512299,0.295548915863037,0.196656957268715,3.64262367414683,-43234.7175114405,-84517.3782519938,-43237.1799880825,-84517.4019840618,-43239.6424647245,-84517.4257161297,0,0,1,0
20140118093043.daq,129,53,2191.61666666667,1,0,right,-0.536605834960938,270.536605834961,12,0.0001,63.7303886413574,1009.25646307092,0.0439449995756149,0.295582890510559,0.196656957268715,3.55763908078568,-43234.6325319922,-84526.7223937473,-43237.09501499,-84526.7454569012,-43239.5574979878,-84526.7685200551,0,0,1,0
20140118093043.daq,129,53,2191.71666666667,1,0,right,-0.522048950195313,270.522048950195,12,0.0001,63.7306632995605,1018.60362840319,0,0.295863211154938,0.215640276670456,3.47259266768569,-43234.5474906486,-84536.0665099164,-43237.0099794265,-84536.0889474374,-43239.4724682044,-84536.1113849584,0,0,1,0
20140118093043.daq,129,53,2191.81666666667,1,0,right,-0.508392333984375,270.508392333984,12,0.0001,63.7309455871582,1027.95083429851,0.0439449995756149,0.295302152633667,0.215640276670456,3.39146877140479,-43234.4663002169,-84545.4184157328,-43236.9287942729,-84545.4402663118,-43239.3912883289,-84545.4621168908,0,0,1,0
20140118093043.daq,129,53,2191.91666666667,1,0,right,-0.493698120117188,270.493698120117,12,0.0001,63.7312431335449,1037.29808178253,0.0439449995756149,0.294658482074738,0.215640276670456,3.310334349485,-43234.38517376,-84554.7625349098,-43236.8476733388,-84554.7837539509,-43239.3101729177,-84554.804972992,0,0,1,0
20140118093043.daq,129,53,2192.01666666667,1,0,right,-0.478775024414063,270.478775024414,12,0.0001,63.7315330505371,1046.64537346631,0.131834998726845,0.294847041368484,0.263098806142807,3.23312057376168,-43234.3079677433,-84564.1066595997,-43236.7704727653,-84564.1272372645,-43239.2329777872,-84564.1478149293,0,0,1,0
20140118093043.daq,129,53,2192.11666666667,1,0,right,-0.461029052734375,270.461029052734,12,0.0001,63.7318000793457,1055.99270636588,0.219724997878075,0.294736862182617,0.225131943821907,3.15998772340323,-43234.2348419399,-84573.4508548549,-43236.6973532172,-84573.4706698178,-43239.1598644944,-84573.4904847807,0,0,1,0
20140118093043.daq,129,53,2192.21666666667,1,0,right,-0.441146850585938,270.441146850586,12,0.0001,63.732063293457,1065.34007791686,0.26366999745369,0.294715315103531,0.253607153892517,3.08706144431335,-43234.1618478673,-84582.8029158071,-43236.6243658723,-84582.8218762531,-43239.0868838773,-84582.840836699,0,0,1,0
20140118093043.daq,129,53,2192.31666666667,1,0,right,-0.418563842773438,270.418563842773,12,0.0001,63.7323379516602,1074.68748849232,0.351559996604919,0.295118391513824,0.225131943821907,3.01812965283471,-43234.092926615,-84592.1472314537,-43236.555451902,-84592.165221302,-43239.0179771889,-84592.1832111504,0,0,1,0
20140118093043.daq,129,53,2192.41666666667,1,0,right,-0.39202880859375,270.392028808594,12,0.0001,63.7326354980469,1084.03494065657,0.483394980430603,0.295051157474518,0.215640276670456,2.95334844705806,-43234.0281553659,-84601.4916453877,-43236.4906887202,-84601.5084947803,-43238.9532220746,-84601.5253441729,0,0,1,0
20140118093043.daq,129,53,2192.51666666667,1,0,right,-0.3636474609375,270.363647460938,12,0.0001,63.7329444885254,1093.38243725363,0.615229964256287,0.295110911130905,0.244115486741066,2.89266432283623,-43233.9674044705,-84610.8439171802,-43236.4299458691,-84610.8595467599,-43238.8924872677,-84610.8751763396,0,0,1,0
20140118093043.daq,129,53,2192.61666666667,1,0,right,-0.331130981445313,270.331130981445,12,0.0001,63.7332534790039,1102.7299799154,0.615229964256287,0.295307070016861,0.225131943821907,2.83215323147089,-43233.9069088495,-84620.1884787508,-43236.3694587216,-84620.2027107875,-43238.8320085937,-84620.2169428242,0,0,1,0
20140118093043.daq,129,53,2192.71666666667,1,0,right,-0.296142578125,270.296142578125,12,0.0001,63.7335739135742,1112.07756831552,0.615229964256287,0.295270502567291,0.234623834490776,2.77960805044664,-43233.8543786166,-84629.5331007469,-43236.3169367205,-84629.5458289933,-43238.7794948244,-84629.5585572397,0,0,1,0
20140118093043.daq,129,53,2192.81666666667,1,0,right,-0.26275634765625,270.262756347656,12,0.0001,63.7338905334473,1121.42520366618,0.57128494977951,0.2949158847332,0.215640276670456,2.73094549300091,-43233.8056563453,-84638.8854940845,-43236.2682214479,-84638.8967873971,-43238.7307865505,-84638.9080807096,0,0,1,0
20140118093043.daq,129,53,2192.91666666667,1,0,right,-0.230575561523438,270.230575561523,12,0.0001,63.7341918945313,1130.77288461529,0.439449995756149,0.2948879301548,0.196656957268715,2.68994141539793,-43233.7646726903,-84648.2300437881,-43236.2272437475,-84648.239953973,-43238.6898148047,-84648.2498641579,0,0,1,0
