daqname,subject,instance,time,road_type,oncoming,direction,heading_local,heading,width,curvature,speed,distance,steer,throttle,brake,lat_dist,front_left_x,front_left_y,front_center_x,front_center_y,front_right_x,front_right_y,pre_phase,ld_phase,post_phase,exceed
20140114102727.daq,120,2,664.366666666667,1,0,right,0.312812805175781,179.687187194824,12,0.0001,64.601676940918,0,1.62596487998962,0.307349443435669,-0.0708140581846237,2.74027412631386,-12032.8625192218,-9514.18904541731,-12032.8490744938,-9511.72649112091,-12032.8356297658,-9509.26393682451,1,0,0,0
20140114102727.daq,120,2,664.466666666667,1,0,right,0.363609313964844,179.636390686035,12,0.0001,64.6083145141602,9.47542053537472,1.49412989616394,0.306955218315125,-0.0423388406634331,2.78708445634884,-12042.3383588563,-9514.13804771333,-12042.3227309161,-9511.67550630435,-12042.307102976,-9509.21296489538,1,0,0,0
20140114102727.daq,120,2,664.566666666667,1,0,right,0.405021667480469,179.59497833252,12,0.0001,64.6148834228516,18.9518115065075,0.92284494638443,0.307415425777435,-0.0233552847057581,2.84440183187331,-12051.8149457107,-9514.08177104676,-12051.7975378944,-9511.61924157661,-12051.780130078,-9509.15671210646,1,0,0,0
20140114102727.daq,120,2,664.666666666667,1,0,right,0.428009033203125,179.571990966797,12,0.0001,64.6213912963867,28.4291603248712,0.0878899991512299,0.307733476161957,-0.0708140581846237,2.90625900125538,-12061.2920630039,-9514.01882310015,-12061.2736672094,-9511.5563008123,-12061.2552714148,-9509.09377852445,1,0,0,0
20140114102727.daq,120,2,664.766666666667,1,0,right,0.431861877441406,179.568138122559,12,0.0001,64.6279144287109,37.9074638200254,-0.175779983401299,0.307118773460388,-0.0423388406634331,2.97526358387232,-12070.7687184352,-9513.95022494563,-12070.7501570489,-9511.48770390037,-12070.7315956625,-9509.0251828551,1,0,0,0
20140114102727.daq,120,2,664.866666666667,1,0,right,0.425682067871094,179.574317932129,12,0.0001,64.6344451904297,47.386725255652,-0.219724982976913,0.30770218372345,0.0146115934476256,3.04696693366965,-12080.2461084318,-9513.8783423105,-12080.2278126482,-9511.41581927757,-12080.2095168646,-9508.95329624464,1,0,0,0
20140114102727.daq,120,2,664.966666666667,1,0,right,0.414314270019531,179.58568572998,12,0.0001,64.640983581543,56.8669444452607,-0.219724982976913,0.306926965713501,0.00511969998478889,3.12036141761466,-12089.7243497412,-9513.80482803074,-12089.706542536,-9511.34230141629,-12089.6887353309,-9508.87977480184,1,0,0,0
20140114102727.daq,120,2,665.066666666667,1,0,right,0.401405334472656,179.598594665527,12,0.0001,64.6475830078125,66.3481274499936,-0.219724982976913,0.306885361671448,-0.0518305003643036,3.19616943292469,-12099.2035302545,-9513.72945606532,-12099.1862778655,-9511.26692550135,-12099.1690254765,-9508.80439493738,1,0,0,0
20140114102727.daq,120,2,665.166666666667,1,0,right,0.388427734375,179.611572265625,12,0.0001,64.6541366577148,75.8302770673035,-0.219724982976913,0.307335585355759,-0.0233552847057581,3.27001993339144,-12108.6827089284,-9513.65506484644,-12108.6660143075,-9511.19253043794,-12108.6493196867,-9508.72999602944,1,0,0,0
20140114102727.daq,120,2,665.266666666667,1,0,right,0.375770568847656,179.624229431152,12,0.0001,64.6606140136719,85.3133813613895,-0.219724982976913,0.307310432195663,0.00511969998478889,3.34433379009304,-12118.1638482928,-9513.58163026748,-12118.1476976689,-9511.11909223107,-12118.131547045,-9508.65655419465,1,0,0,0
20140114102727.daq,120,2,665.366666666667,1,0,right,0.363563537597656,179.636436462402,12,0.0001,64.6670379638672,94.7974312871811,-0.219724982976913,0.307083576917648,-0.00437196157872677,3.41398764916972,-12127.6459749363,-9513.51109742403,-12127.6303489636,-9511.04855600257,-12127.6147229909,-9508.58601458111,1,0,0,0
20140114102727.daq,120,2,665.466666666667,1,0,right,0.351219177246094,179.648780822754,12,0.0001,64.6734390258789,104.282421809243,-0.219724982976913,0.307290941476822,-0.00437196157872677,3.48422844759629,-12137.1280980946,-9513.44154958657,-12137.1130026762,-9510.97900485565,-12137.0979072577,-9508.51646012473,1,0,0,0
20140114102727.daq,120,2,665.566666666667,1,0,right,0.338905334472656,179.661094665527,12,0.0001,64.679817199707,113.768349570659,-0.219724982976913,0.307488977909088,-0.0233552847057581,3.55117504566543,-12146.6121749523,-9513.37395291957,-12146.5976087772,-9510.91140500126,-12146.583042602,-9508.44885708295,1,0,0,0
20140114102727.daq,120,2,665.666666666667,1,0,right,0.32562255859375,179.674377441406,12,0.0001,64.6861877441406,123.255211773954,-0.219724982976913,0.307290941476822,-0.0423388406634331,3.61625558087013,-12156.0962281664,-9513.30934588304,-12156.0822328797,-9510.84679465405,-12156.0682375929,-9508.38424342507,1,0,0,0
20140114102727.daq,120,2,665.766666666667,1,0,right,0.314308166503906,179.685691833496,12,0.0001,64.6925430297852,132.743007020406,-0.219724982976913,0.30762642621994,-0.0233552847057581,3.67958267687302,-12165.5822820408,-9513.24559344094,-12165.5687730427,-9510.78303949627,-12165.5552640445,-9508.3204855516,1,0,0,0
20140114102727.daq,120,2,665.866666666667,1,0,right,0.302589416503906,179.697410583496,12,0.0001,64.6988754272461,142.231732046341,-0.175779983401299,0.307310521602631,-0.0233552847057581,3.74071654633404,-12175.0683259681,-9513.18479567049,-12175.0553206383,-9510.72223901433,-12175.0423153084,-9508.25968235816,1,0,0,0
20140114102727.daq,120,2,665.966666666667,1,0,right,0.289215087890625,179.710784912109,12,0.0001,64.7052307128906,151.72138797072,-0.219724982976913,0.307352304458618,-0.0518305003643036,3.79915319851319,-12184.5562826886,-9513.12605347336,-12184.5438521841,-9510.66349384851,-12184.5314216796,-9508.20093422365,1,0,0,0
20140114102727.daq,120,2,666.066666666667,1,0,right,0.274658203125,179.725341796875,12,0.0001,64.7115631103516,161.21197498004,-0.439449965953827,0.307411700487137,-0.0233552847057581,3.85713396400394,-12194.0442104947,-9513.06836097445,-12194.0324056421,-9510.60579827091,-12194.0206007896,-9508.14323556737,1,0,0,0
20140114102727.daq,120,2,666.166666666667,1,0,right,0.255973815917969,179.744026184082,12,0.0001,64.7178268432617,170.70348598744,-0.527339935302734,0.307455778121948,-0.0328471772372723,3.91136375015176,-12203.5330143111,-9513.01385357481,-12203.5220125109,-9510.55128715259,-12203.5110107107,-9508.08872073038,1,0,0,0
20140114102727.daq,120,2,666.266666666667,1,0,right,0.23406982421875,179.765930175781,12,0.0001,64.7240295410156,180.195910269351,-0.527339935302734,0.307535618543625,-0.00437196157872677,3.96307351798127,-12213.0236925419,-9512.96247498469,-12213.0136321736,-9510.49990453647,-12213.0035718054,-9508.03733408826,1,0,0,0
20140114102727.daq,120,2,666.366666666667,1,0,right,0.211143493652344,179.788856506348,12,0.0001,64.7302398681641,189.689244748566,-0.527339935302734,0.307313531637192,-0.0138636231422424,4.01208605034115,-12222.5143453541,-9512.91311258073,-12222.5052703595,-9510.45053830411,-12222.4961953649,-9507.98796402748,1,0,0,0
20140114102727.daq,120,2,666.466666666667,1,0,right,0.187110900878906,179.812889099121,12,0.0001,64.736457824707,199.183491476571,-0.527339935302734,0.306634187698364,0.00511969998478889,4.05792961375736,-12232.0059471883,-9512.86772465035,-12231.997905116,-9510.40514678387,-12231.9898630437,-9507.94256891738,1,0,0,0
20140114102727.daq,120,2,666.566666666667,1,0,right,0.165092468261719,179.834907531738,12,0.0001,64.7426223754883,208.678646536908,-0.527339935302734,0.3076012134552,-0.0138636231422424,4.10003578658549,-12241.4985741218,-9512.82514156113,-12241.4914784044,-9510.36256078596,-12241.4843826869,-9507.89998001079,1,0,0,0
20140114102727.daq,120,2,666.666666666667,1,0,right,0.141487121582031,179.858512878418,12,0.0001,64.7487411499023,218.1747012575,-0.527339935302734,0.307296812534332,-0.0138636231422424,4.13926934175084,-12250.9921383245,-9512.78656267078,-12250.9860571688,-9510.32397918123,-12250.979976013,-9507.86139569169,1,0,0,0
20140114102727.daq,120,2,666.766666666667,1,0,right,0.118949890136719,179.881050109863,12,0.0001,64.7549209594727,227.671657503306,-0.527339935302734,0.307367116212845,-0.0233552847057581,4.17334765010445,-12260.4857280483,-9512.75182373757,-12260.4806155475,-9510.28923804652,-12260.4755030467,-9507.82665235547,1,0,0,0
20140114102727.daq,120,2,666.866666666667,1,0,right,0.0958251953125,179.904174804688,12,0.0001,64.7611083984375,237.169521708463,-0.527339935302734,0.30717808008194,-0.0423388406634331,4.20476060564916,-12269.9812559672,-9512.72102716235,-12269.9771373715,-9510.25843960845,-12269.9730187758,-9507.79585205456,1,0,0,0
20140114102727.daq,120,2,666.966666666667,1,0,right,0.072906494140625,179.927093505859,12,0.0001,64.767204284668,246.668287438843,-0.527339935302734,0.307695090770721,-0.0138636231422424,4.23108704258094,-12279.4777649197,-9512.69412387343,-12279.474631376,-9510.23153486909,-12279.4714978323,-9507.76894586474,1,0,0,0
20140114102727.daq,120,2,667.066666666667,1,0,right,0.0509109497070313,179.949089050293,12,0.0001,64.7732543945313,256.167942758642,-0.527339935302734,0.307522714138031,-0.0138636231422424,4.25543477691131,-12288.9742959505,-9512.67009298357,-12288.9721077818,-9510.20750295773,-12288.9699196131,-9507.7449129319,1,0,0,0
20140114102727.daq,120,2,667.166666666667,1,0,right,0.0272140502929688,179.972785949707,12,0.0001,64.7793045043945,265.668485056907,-0.527339935302734,0.307231485843658,-0.0233552847057581,4.2742837438821,-12298.4727378088,-9512.65104984991,-12298.4715681402,-9510.18845912969,-12298.4703984717,-9507.72586840947,1,0,0,0
20140114102727.daq,120,2,667.266666666667,1,0,right,0.004486083984375,179.995513916016,12,0.0001,64.7853546142578,275.169914893137,-0.527339935302734,0.306934535503387,-0.00437196157872677,4.29042538231003,-12307.9721794405,-9512.63487628898,-12307.9719866272,-9510.17228529852,-12307.9717938138,-9507.70969430807,1,0,0,0
20140114102727.daq,120,2,667.366666666667,1,0,right,-0.0186614990234375,180.018661499023,12,0.0001,64.7914123535156,284.672233479556,-0.527339935302734,0.306960821151733,-0.00437196157872677,4.30295647854901,-12317.4716101906,-9512.62263468213,-12317.4724122679,-9510.16004381475,-12317.4732143451,-9507.69745294737,1,0,0,0
20140114102727.daq,120,2,667.466666666667,1,0,right,-0.0424423217773438,180.042442321777,12,0.0001,64.7974548339844,294.175439044448,-0.527339935302734,0.30723375082016,-0.0138636231422424,4.31084933467158,-12326.9720013288,-9512.61433821297,-12326.9738255133,-9510.15174789061,-12326.9756496977,-9507.68915756825,1,0,0,0
20140114102727.daq,120,2,667.566666666667,1,0,right,-0.0649795532226563,180.064979553223,12,0.0001,64.8034744262695,303.679529256595,-0.527339935302734,0.307036012411118,0.0430865772068501,4.31565612260535,-12336.4733990809,-9512.60987094159,-12336.4761919223,-9510.14728152729,-12336.4789847638,-9507.68469211298,1,0,0,0
20140114102727.daq,120,2,667.666666666667,1,0,right,-0.0888671875,180.0888671875,12,0.0001,64.809455871582,313.184500199575,-0.527339935302734,0.307765603065491,-0.0423388406634331,4.31583162240433,-12345.9757395204,-9512.60939309473,-12345.9795590591,-9510.14680505883,-12345.9833785979,-9507.68421702293,1,0,0,0
20140114102727.daq,120,2,667.766666666667,1,0,right,-0.111473083496094,180.111473083496,12,0.0001,64.8154067993164,322.690345252748,-0.527339935302734,0.307153970003128,-0.00437196157872677,4.3126522269439,-12355.4790875733,-9512.61274211253,-12355.4838787192,-9510.1501557753,-12355.4886698651,-9507.68756943806,1,0,0,0
20140114102727.daq,120,2,667.866666666667,1,0,right,-0.134185791015625,180.134185791016,12,0.0001,64.8213882446289,332.197064789107,-0.483394980430603,0.30750036239624,-0.0328471772372723,4.30548523658021,-12364.9834089967,-9512.62000375394,-12364.9891763398,-9510.15741950946,-12364.9949436829,-9507.69483526497,1,0,0,0
20140114102727.daq,120,2,667.966666666667,1,0,right,-0.156387329101563,180.156387329102,12,0.0001,64.8273468017578,341.704660766874,-0.439449965953827,0.307004809379578,0.0146115934476256,4.29403486111659,-12374.4887190799,-9512.63113987092,-12374.4954406492,-9510.1685580461,-12374.5021622184,-9507.70597622128,1,0,0,0
20140114102727.daq,120,2,668.066666666667,1,0,right,-0.177200317382813,180.177200317383,12,0.0001,64.8332595825195,351.213127311399,-0.395504981279373,0.306915611028671,-0.0233552847057581,4.27965365448761,-12383.9950395977,-9512.6460963299,-12384.0026557121,-9510.1835171092,-12384.0102718265,-9507.7209378885,1,0,0,0
20140114102727.daq,120,2,668.166666666667,1,0,right,-0.195915222167969,180.195915222168,12,0.0001,64.8391418457031,360.72245826829,-0.351559966802597,0.308015882968903,-0.0138636231422424,4.26138472704732,-12393.5014116747,-9512.66385282209,-12393.5098321575,-9510.20127622046,-12393.5182526402,-9507.73869961883,1,0,0,0
20140114102727.daq,120,2,668.266666666667,1,0,right,-0.213790893554688,180.213790893555,12,0.0001,64.8450469970703,370.232653544292,-0.351559966802597,0.307301580905914,-0.0233552847057581,4.23981105931592,-12403.0097573254,-9512.68546363218,-12403.0189461054,-9510.2228897775,-12403.0281348853,-9507.76031592282,1,0,0,0
20140114102727.daq,120,2,668.366666666667,1,0,right,-0.230781555175781,180.230781555176,12,0.0001,64.8509750366211,379.74371686935,-0.307614982128143,0.307028532028198,-0.0138636231422424,4.21572506869404,-12412.5181246101,-9512.70994939299,-12412.5280436487,-9510.24737837145,-12412.5379626872,-9507.78480734992,1,0,0,0
20140114102727.daq,120,2,668.466666666667,1,0,right,-0.245780944824219,180.245780944824,12,0.0001,64.8568572998047,389.255647031234,-0.307614982128143,0.307381361722946,-0.0328471772372723,4.18692823285755,-12422.028494193,-9512.73821844571,-12422.0390579046,-9510.27565010525,-12422.0496216161,-9507.8130817648,1,0,0,0
20140114102727.daq,120,2,668.566666666667,1,0,right,-0.261497497558594,180.261497497559,12,0.0001,64.8627243041992,398.768438435029,-0.263669967651367,0.30774450302124,0.0146115934476256,4.15693069434979,-12431.5388457008,-9512.76848476008,-12431.5500849082,-9510.30591940996,-12431.5613241155,-9507.84335405983,1,0,0,0
20140114102727.daq,120,2,668.666666666667,1,0,right,-0.272727966308594,180.272727966309,12,0.0001,64.8685531616211,408.282087444059,-0.0439449958503246,0.307133406400681,0.00511969998478889,4.12309581130837,-12441.0502851225,-9512.80238054503,-12441.0620070138,-9510.33981744519,-12441.0737289051,-9507.87725434535,1,0,0,0
20140114102727.daq,120,2,668.766666666667,1,0,right,-0.279136657714844,180.279136657715,12,0.0001,64.8743743896484,417.796589955396,0.17577999830246,0.307469099760056,-0.0233552847057581,4.08719239133221,-12450.5628209749,-9512.83793203839,-12450.5748183106,-9510.37537026508,-12450.5868156464,-9507.91280849177,1,0,0,0
20140114102727.daq,120,2,668.866666666667,1,0,right,-0.280303955078125,180.280303955078,12,0.0001,64.8802185058594,427.311947088019,0.219724997878075,0.307507991790771,-0.0423388406634331,4.05043142540347,-12460.0764638007,-9512.87511340223,-12460.0885113066,-9510.41255187385,-12460.1005588125,-9507.94999034548,1,0,0,0
20140114102727.daq,120,2,668.966666666667,1,0,right,-0.278549194335938,180.278549194336,12,0.0001,64.8860778808594,436.828163784099,0.219724997878075,0.307128310203552,-0.0423388406634331,4.01229722422815,-12469.5911559065,-9512.91309112099,-12469.6031279931,-9510.4505292248,-12469.6151000797,-9507.98796732861,1,0,0,0
20140114102727.daq,120,2,669.066666666667,1,0,right,-0.27447509765625,180.274475097656,12,0.0001,64.8918914794922,446.345237992151,0.219724997878075,0.307657301425934,-0.0613221637904644,3.9732312910402,-12479.1068822801,-9512.95190236017,-12479.1186792628,-9510.48933961891,-12479.1304762455,-9508.02677687765,1,0,0,0
20140114102727.daq,120,2,669.166666666667,1,0,right,-0.271682739257813,180.271682739258,12,0.0001,64.8976135253906,455.863157216918,0.219724997878075,0.307086229324341,-0.0613221637904644,3.93480891112279,-12488.623553313,-9512.99079264353,-12488.6352302806,-9510.52822933026,-12488.6469072482,-9508.06566601699,1,0,0,0
20140114102727.daq,120,2,669.266666666667,1,0,right,-0.26739501953125,180.267395019531,12,0.0001,64.9032821655273,465.381911480814,0.219724997878075,0.307318955659866,-0.0328471772372723,3.89482328014304,-12498.1402615324,-9513.03056725749,-12498.1517542145,-9510.56800307728,-12498.1632468966,-9508.10543889706,1,0,0,0
20140114102727.daq,120,2,669.366666666667,1,0,right,-0.2645263671875,180.264526367188,12,0.0001,64.908935546875,474.901494909194,0.219724997878075,0.30741611123085,0.00511969998478889,3.85568124988342,-12507.6588875665,-9513.06945282662,-12507.6702569543,-9510.60688807408,-12507.6816263421,-9508.14432332154,1,0,0,0
20140114102727.daq,120,2,669.466666666667,1,0,right,-0.260459899902344,180.260459899902,12,0.0001,64.9145889282227,484.421907688549,0.307614982128143,0.306933879852295,-0.0328471772372723,3.81827070644398,-12517.1775433764,-9513.10728794907,-12517.188737988,-9510.64472239581,-12517.1999325995,-9508.18215684255,1,0,0,0
20140114102727.daq,120,2,669.566666666667,1,0,right,-0.254264831542969,180.254264831543,12,0.0001,64.9202575683594,493.943151683852,0.395504981279373,0.307596415281296,-0.0138636231422424,3.78049935185407,-12526.6972286474,-9513.14499176804,-12526.7081569956,-9510.68242501877,-12526.7190853438,-9508.21985826949,1,0,0,0
20140114102727.daq,120,2,669.666666666667,1,0,right,-0.245857238769531,180.24585723877,12,0.0001,64.9259033203125,503.46522568287,0.395504981279373,0.307343482971191,0.00511969998478889,3.74355495064867,-12536.2179454222,-9513.18158252699,-12536.2285124128,-9510.7190142006,-12536.2390794034,-9508.25644587421,1,0,0,0
20140114102727.daq,120,2,669.766666666667,1,0,right,-0.237312316894531,180.237312316895,12,0.0001,64.9315567016602,512.988127820638,0.395504981279373,0.307220280170441,-0.0138636231422424,3.70823759794288,-12545.7396420947,-9513.21718822098,-12545.7498418251,-9510.75461834604,-12545.7600415555,-9508.29204847111,1,0,0,0
20140114102727.daq,120,2,669.866666666667,1,0,right,-0.227264404296875,180.227264404297,12,0.0001,64.9372024536133,522.511858097154,0.395504981279373,0.307576656341553,-0.00437196157872677,3.67400740751425,-12555.2623525707,-9513.25172459559,-12555.2721204422,-9510.7891529698,-12555.2818883136,-9508.32658134402,1,0,0,0
20140114102727.daq,120,2,669.966666666667,1,0,right,-0.219001770019531,180.21900177002,12,0.0001,64.9428100585938,532.036414274466,0.351559996604919,0.307649910449982,-0.0328471772372723,3.64077867247038,-12564.7859951907,-9513.28441794973,-12564.7954079342,-9510.82184494093,-12564.8048206776,-9508.35927193212,1,0,0,0
20140114102727.daq,120,2,670.066666666667,1,0,right,-0.211410522460938,180.211410522461,12,0.0001,64.9485015869141,541.561797844537,0.351559996604919,0.307238280773163,-0.0138636231422424,3.60906861024335,-12574.3105976412,-9513.31617613713,-12574.3196841127,-9510.85360190282,-12574.3287705842,-9508.39102766851,1,0,0,0
20140114102727.daq,120,2,670.166666666667,1,0,right,-0.203811645507813,180.203811645508,12,0.0001,64.954216003418,551.088019624185,0.351559996604919,0.306975990533829,-0.0423388406634331,3.57891627285826,-12583.8352002188,-9513.3469572663,-12583.8439600903,-9510.88438184856,-12583.8527199618,-9508.42180643081,1,0,0,0
20140114102727.daq,120,2,670.266666666667,1,0,right,-0.195457458496094,180.195457458496,12,0.0001,64.9598388671875,560.615073179266,0.351559996604919,0.307371139526367,0.0335949175059795,3.54869798906789,-12593.3607980252,-9513.3767151995,-12593.3691988332,-9510.91413853067,-12593.3775996412,-9508.45156186184,1,0,0,0
20140114102727.daq,120,2,670.366666666667,1,0,right,-0.188301086425781,180.188301086426,12,0.0001,64.9654006958008,570.142945641506,0.395504981279373,0.307267963886261,-0.0423388406634331,3.52153812118617,-12602.8873426288,-9513.40361733367,-12602.8954358554,-9510.94103963477,-12602.903529082,-9508.47846193587,1,0,0,0
20140114102727.daq,120,2,670.466666666667,1,0,right,-0.179367065429688,180.17936706543,12,0.0001,64.9709320068359,579.671632161997,0.395504981279373,0.307390451431274,-0.0328471772372723,3.4950169042728,-12612.4149077878,-9513.43040973899,-12612.4226170293,-9510.96783080807,-12612.4303262708,-9508.50525187714,1,0,0,0
20140114102727.daq,120,2,670.566666666667,1,0,right,-0.169486999511719,180.169486999512,12,0.0001,64.9764099121094,589.201126306594,0.483394980430603,0.307662546634674,-0.0233552847057581,3.47076642408854,-12621.9434728548,-9513.45519059591,-12621.9507574498,-9510.99261037222,-12621.9580420448,-9508.53003014853,1,0,0,0
20140114102727.daq,120,2,670.666666666667,1,0,right,-0.154945373535156,180.154945373535,12,0.0001,64.9818725585938,598.731421454671,0.74706494808197,0.307057082653046,0.00511969998478889,3.4466173093958,-12631.4731297717,-9513.47870711605,-12631.4797893655,-9511.01612512285,-12631.4864489593,-9508.55354312965,1,0,0,0
20140114102727.daq,120,2,670.766666666667,1,0,right,-0.133628845214844,180.133628845215,12,0.0001,64.9873428344727,608.262519377939,1.01073491573334,0.307213425636292,-0.00437196157872677,3.42532637709421,-12641.0029540194,-9513.49985218367,-12641.0086974248,-9511.03726788324,-12641.0144408303,-9508.57468358281,1,0,0,0
20140114102727.daq,120,2,670.866666666667,1,0,right,-0.100860595703125,180.100860595703,12,0.0001,64.992805480957,617.794419143916,1.31834995746613,0.307860732078552,-0.0138636231422424,3.40718309591129,-12650.5350137538,-9513.51833682883,-12650.5393487723,-9511.0557496464,-12650.5436837908,-9508.59316246398,1,0,0,0
20140114102727.daq,120,2,670.966666666667,1,0,right,-0.0629425048828125,180.062942504883,12,0.0001,64.9982528686523,627.327117675413,1.36229491233826,0.307607531547546,-0.0138636231422424,3.39331240192354,-12660.0671993013,-9513.53259668651,-12660.0699045898,-9511.07000717446,-12660.0726098783,-9508.60741766242,1,0,0,0
20140114102727.daq,120,2,671.066666666667,1,0,right,-0.0202560424804688,180.02025604248,12,0.0001,65.0037002563477,636.860616091399,1.36229491233826,0.307207703590393,-0.0423388406634331,3.38267294225719,-12669.6014537686,-9513.54265507406,-12669.6023243797,-9511.08006422995,-12669.6031949909,-9508.61747338585,1,0,0,0
20140114102727.daq,120,2,671.166666666667,1,0,right,0.0242538452148438,179.975746154785,12,0.0001,65.0091247558594,646.394912433665,1.31834995746613,0.306847423315048,-0.0138636231422424,3.37795599257302,-12679.1357510532,-9513.54771717497,-12679.1347086151,-9511.0851263976,-12679.1336661771,-9508.62253562024,1,0,0,0
20140114102727.daq,120,2,671.266666666667,1,0,right,0.0664901733398438,179.93350982666,12,0.0001,65.0144882202148,655.929999708591,1.23045992851257,0.30728405714035,-0.0328471772372723,3.38037836310681,-12688.6709670347,-9513.54510648069,-12688.6681092664,-9511.08251714087,-12688.665251498,-9508.61992780105,1,0,0,0
20140114102727.daq,120,2,671.366666666667,1,0,right,0.104423522949219,179.895576477051,12,0.0001,65.0197982788086,665.465869617052,1.05467998981476,0.306976050138474,-0.0328471772372723,3.38817773247265,-12698.207052362,-9513.53787829724,-12698.2025642079,-9511.07529138915,-12698.1980760539,-9508.61270448106,1,0,0,0
20140114102727.daq,120,2,671.466666666667,1,0,right,0.135696411132813,179.864303588867,12,0.0001,65.0250778198242,675.002515351931,0.791009962558746,0.30716073513031,-0.00437196157872677,3.40217867220586,-12707.7439499534,-9513.52324895945,-12707.7381176836,-9511.06066486788,-12707.7322854137,-9508.59808077631,1,0,0,0
20140114102727.daq,120,2,671.566666666667,1,0,right,0.159934997558594,179.840065002441,12,0.0001,65.0303573608398,684.539935980749,0.703119993209839,0.307104825973511,-0.0138636231422424,3.42295185115995,-12717.2806747947,-9513.50221842311,-12717.2738007461,-9511.0396370192,-12717.2669266975,-9508.57705561529,1,0,0,0
20140114102727.daq,120,2,671.666666666667,1,0,right,0.181961059570313,179.81803894043,12,0.0001,65.0356674194336,694.078132622475,0.703119993209839,0.307509779930115,0.00511969998478889,3.44881806201079,-12726.8183216073,-9513.47644171366,-12726.8105008757,-9511.01386313429,-12726.8026801441,-9508.55128455491,1,0,0,0
20140114102727.daq,120,2,671.766666666667,1,0,right,0.20013427734375,179.799865722656,12,0.0001,65.0409851074219,703.617109100298,0.57128494977951,0.306998282670975,-0.0423388406634331,3.47963425501073,-12736.3568505783,-9513.44602039323,-12736.3482487603,-9510.98344441833,-12736.3396469423,-9508.52086844343,1,0,0,0
20140114102727.daq,120,2,671.866666666667,1,0,right,0.214118957519531,179.78588104248,12,0.0001,65.0462875366211,713.1568636425,0.307614982128143,0.307575315237045,-0.0233552847057581,3.51483135496172,-12745.8952771967,-9513.41097532527,-12745.8860743166,-9510.94840152324,-12745.8768714365,-9508.48582772121,1,0,0,0
20140114102727.daq,120,2,671.966666666667,1,0,right,0.22064208984375,179.779357910156,12,0.0001,65.0515823364258,722.69739559634,0.17577999830246,0.307982683181763,-0.0708140581846237,3.55188856118582,-12755.4354750971,-9513.37346226646,-12755.4259918527,-9510.91088952814,-12755.4165086082,-9508.44831678982,1,0,0,0
20140114102727.daq,120,2,672.066666666667,1,0,right,0.223548889160156,179.77645111084,12,0.0001,65.0568695068359,732.238703469848,0.17577999830246,0.306743681430817,-0.0138636231422424,3.59190917235603,-12764.9746083627,-9513.33324331096,-12764.965000184,-9510.87067105693,-12764.9553920054,-9508.4080988029,1,0,0,0
20140114102727.daq,120,2,672.166666666667,1,0,right,0.225189208984375,179.774810791016,12,0.0001,65.062141418457,741.780786610274,0.17577999830246,0.307564347982407,-0.0423388406634331,3.63307861598442,-12774.515663917,-9513.29212616996,-12774.5059852374,-9510.82955419201,-12774.4963065578,-9508.36698221405,1,0,0,0
20140114102727.daq,120,2,672.266666666667,1,0,right,0.227149963378906,179.772850036621,12,0.0001,65.0674133300781,751.323641847179,0.17577999830246,0.307017952203751,-0.00437196157872677,3.67644230986907,-12784.0567272676,-9513.24903607142,-12784.0469643148,-9510.78646442613,-12784.037201362,-9508.32389278084,1,0,0,0
20140114102727.daq,120,2,672.366666666667,1,0,right,0.228340148925781,179.771659851074,12,0.0001,65.0727081298828,760.867272444259,0.17577999830246,0.30728554725647,-0.0138636231422424,3.71995089218031,-12793.5987484227,-9513.20599366159,-12793.5889343158,-9510.74342221964,-12793.5791202088,-9508.28085077768,1,0,0,0
20140114102727.daq,120,2,672.466666666667,1,0,right,0.229820251464844,179.770179748535,12,0.0001,65.0779495239258,770.411676723052,0.17577999830246,0.308045864105225,-0.0613221637904644,3.76457334470268,-12803.1417531944,-9513.16098018314,-12803.1318754727,-9510.69840899553,-12803.121997751,-9508.23583780792,1,0,0,0
20140114102727.daq,120,2,672.566666666667,1,0,right,0.231124877929688,179.76887512207,12,0.0001,65.0831451416016,779.956846011439,0.17577999830246,0.307759582996368,-0.0328471772372723,3.80830591719172,-12812.685730256,-9513.11695412662,-12812.6757964615,-9510.65438316456,-12812.665862667,-9508.19181220251,1,0,0,0
20140114102727.daq,120,2,672.666666666667,1,0,right,0.232887268066406,179.767112731934,12,0.0001,65.0883255004883,789.50277583352,0.17577999830246,0.307116031646729,0.0146115934476256,3.85322056106831,-12822.2297184548,-9513.07192317522,-12822.2197089128,-9510.60935251989,-12822.2096993708,-9508.14678186456,1,0,0,0
20140114102727.daq,120,2,672.766666666667,1,0,right,0.234390258789063,179.765609741211,12,0.0001,65.0934600830078,799.049462272844,0.17577999830246,0.307390511035919,0.00511969998478889,3.8973090981367,-12831.7746769011,-9513.02788483981,-12831.7646027606,-9510.5653144479,-12831.7545286201,-9508.10274405599,1,0,0,0
20140114102727.daq,120,2,672.866666666667,1,0,right,0.235916137695313,179.764083862305,12,0.0001,65.0985794067383,808.596899921016,0.17577999830246,0.307468324899673,-0.0138636231422424,3.94349440378123,-12841.3206124643,-9512.98189196183,-12841.3104727417,-9510.51932183908,-12841.300333019,-9508.05675171633,1,0,0,0
20140114102727.daq,120,2,672.966666666667,1,0,right,0.238044738769531,179.76195526123,12,0.0001,65.1037139892578,818.145089337537,0.131834998726845,0.307290554046631,-0.00437196157872677,3.98886088358643,-12850.8675392506,-9512.93683834071,-12850.8573080407,-9510.47426859636,-12850.8470768309,-9508.01169885201,1,0,0,0
20140114102727.daq,120,2,673.066666666667,1,0,right,0.234947204589844,179.76505279541,12,0.0001,65.1088485717773,827.694032573847,-0.0878899917006493,0.307559370994568,0.0430865772068501,4.03462023544584,-12860.4143388898,-9512.89113161915,-12860.4042408118,-9510.42856132528,-12860.3941427338,-9507.96599103141,1,0,0,0
20140114102727.daq,120,2,673.166666666667,1,0,right,0.223663330078125,179.776336669922,12,0.0001,65.1139373779297,837.243725527042,-0.57128494977951,0.307082235813141,-0.0328471772372723,4.07951044584158,-12869.961915836,-9512.84593154099,-12869.9523027387,-9510.38335930615,-12869.9426896414,-9507.92078707131,1,0,0,0
20140114102727.daq,120,2,673.266666666667,1,0,right,0.197036743164063,179.802963256836,12,0.0001,65.119010925293,846.79416353468,-1.05467987060547,0.307069331407547,-0.0233552847057581,4.1226063306465,-12879.5100954032,-9512.80265737177,-12879.5016267174,-9510.34008093544,-12879.4931580316,-9507.8775044991,1,0,0,0
20140114102727.daq,120,2,673.366666666667,1,0,right,0.157524108886719,179.842475891113,12,0.0001,65.1240539550781,856.345343612833,-1.2744048833847,0.307002753019333,0.00511969998478889,4.16402399935418,-12889.057959687,-9512.7611566232,-12889.0511892588,-9510.29857493222,-12889.0444188305,-9507.83599324124,1,0,0,0
20140114102727.daq,120,2,673.466666666667,1,0,right,0.109481811523438,179.890518188477,12,0.0001,65.1290588378906,865.897261565318,-1.31834995746613,0.307394742965698,-0.0328471772372723,4.2010867658153,-12898.6065901966,-9512.72408894071,-12898.601884636,-9510.26150243844,-12898.5971790755,-9507.79891593618,1,0,0,0
20140114102727.daq,120,2,673.566666666667,1,0,right,0.0589599609375,179.941040039063,12,0.0001,65.1340103149414,875.449909372772,-1.18651497364044,0.307827174663544,-0.118272595107555,4.23317692293081,-12908.1551574174,-9512.69205636598,-12908.1526232998,-9510.22946667184,-12908.1500891821,-9507.7668769777,1,0,0,0
20140114102727.daq,120,2,673.666666666667,1,0,right,0.0151519775390625,179.984848022461,12,0.0001,65.1389389038086,885.00328088081,-0.834954977035522,0.308163076639175,-0.0328471772372723,4.25889382208323,-12917.7058399813,-9512.66644373822,-12917.7051887444,-9510.20385282633,-12917.7045375076,-9507.74126191444,1,0,0,0
20140114102727.daq,120,2,673.766666666667,1,0,right,-0.019622802734375,180.019622802734,12,0.0001,65.1438751220703,894.557375529927,-0.483394980430603,0.30728554725647,-0.0423388406634331,4.27839003326712,-12927.2567427876,-9512.64710813774,-12927.2575861819,-9510.18451728416,-12927.2584295763,-9507.72192643059,1,0,0,0
20140114102727.daq,120,2,673.866666666667,1,0,right,-0.0466384887695313,180.04663848877,12,0.0001,65.1488800048828,904.112198915034,-0.483394980430603,0.30735194683075,-0.0328471772372723,4.29157710963707,-12936.8088120289,-9512.63412867281,-12936.8108165659,-9510.17153849066,-12936.8128211029,-9507.7089483085,1,0,0,0
20140114102727.daq,120,2,673.966666666667,1,0,right,-0.0706405639648438,180.070640563965,12,0.0001,65.1538391113281,913.66775448632,-0.483394980430603,0.307321220636368,-0.0708140581846237,4.2990464109203,-12946.3609548061,-9512.62682214508,-12946.3639909594,-9510.16423301873,-12946.3670271128,-9507.70164389238,1,0,0,0
20140114102727.daq,120,2,674.066666666667,1,0,right,-0.0912857055664063,180.091285705566,12,0.0001,65.1587524414063,923.224033478444,-0.483394980430603,0.307412534952164,-0.0328471772372723,4.30047688875908,-12955.9151329524,-9512.62516744646,-12955.9190564396,-9510.16257957399,-12955.9229799269,-9507.69999170151,1,0,0,0
20140114102727.daq,120,2,674.166666666667,1,0,right,-0.111862182617188,180.111862182617,12,0.0001,65.1636810302734,932.781033280437,-0.439449965953827,0.306401371955872,-0.0138636231422424,4.29707149149306,-12965.4693123357,-9512.62839113711,-12965.4741202051,-9510.16580483247,-12965.4789280746,-9507.70321852782,1,0,0,0
20140114102727.daq,120,2,674.266666666667,1,0,right,-0.129867553710938,180.129867553711,12,0.0001,65.168586730957,942.338755664037,-0.219724982976913,0.306708216667175,-0.00437196157872677,4.28997689817576,-12975.0255079607,-9512.63536216618,-12975.0310897051,-9510.17277749402,-12975.0366714495,-9507.71019282186,1,0,0,0
20140114102727.daq,120,2,674.366666666667,1,0,right,-0.139190673828125,180.139190673828,12,0.0001,65.1734085083008,951.897191117896,0.26366999745369,0.307063788175583,-0.0233552847057581,4.27953648039027,-12984.5809414665,-9512.64570334692,-12984.5869239204,-9510.18311961562,-12984.5929063744,-9507.72053588431,1,0,0,0
20140114102727.daq,120,2,674.466666666667,1,0,right,-0.13543701171875,180.135437011719,12,0.0001,65.1782531738281,961.456334047129,0.615229964256287,0.307736068964005,-0.0233552847057581,4.26702040111306,-12994.1386514917,-9512.65816693445,-12994.1444726125,-9510.1955828165,-12994.1502937333,-9507.73299869855,1,0,0,0
20140114102727.daq,120,2,674.566666666667,1,0,right,-0.123313903808594,180.123313903809,12,0.0001,65.1831588745117,971.016192191331,0.659174978733063,0.307726144790649,-0.0328471772372723,4.25310379997624,-13003.6975449736,-9512.67206693413,-13003.7028450407,-9510.20948163962,-13003.7081451078,-9507.74689634511,1,0,0,0
20140114102727.daq,120,2,674.666666666667,1,0,right,-0.104766845703125,180.104766845703,12,0.0001,65.1880722045898,980.576771425156,0.659174978733063,0.307321399450302,-0.0233552847057581,4.23961524792736,-13013.2575735374,-9512.68557021914,-13013.2620764475,-9510.22298333799,-13013.2665793577,-9507.76039645683,1,0,0,0
20140114102727.daq,120,2,674.766666666667,1,0,right,-0.0848236083984375,180.084823608398,12,0.0001,65.1929473876953,990.138068391665,0.659174978733063,0.306993186473846,-0.00437196157872677,4.22721879418129,-13022.8176361836,-9512.69801057181,-13022.8212819282,-9510.23542227248,-13022.8249276728,-9507.77283397316,1,0,0,0
20140114102727.daq,120,2,674.866666666667,1,0,right,-0.0659255981445313,180.065925598145,12,0.0001,65.1977767944336,999.700076283734,0.659174978733063,0.307258099317551,-0.00437196157872677,4.21574861728063,-13032.379625756,-9512.70953874812,-13032.3824592588,-9510.24694938026,-13032.3852927615,-9507.78436001241,1,0,0,0
20140114102727.daq,120,2,674.966666666667,1,0,right,-0.04638671875,180.04638671875,12,0.0001,65.2025909423828,1009.26279193091,0.659174978733063,0.307028710842133,-0.00437196157872677,4.20726780606281,-13041.9416307312,-9512.71809749544,-13041.943624447,-9510.25550730449,-13041.9456181629,-9507.79291711355,1,0,0,0
20140114102727.daq,120,2,675.066666666667,1,0,right,-0.02734375,180.02734375,12,0.0001,65.207405090332,1018.8262144007,0.615229964256287,0.307312488555908,-0.0138636231422424,4.20189520949511,-13051.5036230885,-9512.72375702872,-13051.5047983316,-9510.26116631115,-13051.5059735748,-9507.79857559359,1,0,0,0
20140114102727.daq,120,2,675.166666666667,1,0,right,-0.00917816162109375,180.009178161621,12,0.0001,65.2122192382813,1028.39034145516,0.615229964256287,0.307387232780457,-0.0233552847057581,4.19998750234994,-13061.0675466016,-9512.72556436813,-13061.0679410819,-9510.26297340172,-13061.0683355623,-9507.80038243532,1,0,0,0
20140114102727.daq,120,2,675.266666666667,1,0,right,0.0071868896484375,179.992813110352,12,0.0001,65.2170562744141,1037.95517673097,0.615229964256287,0.307062417268753,-0.0613221637904644,4.2010979041693,-13070.6314255091,-9512.72455314367,-13070.6311166143,-9510.26196216504,-13070.6308077195,-9507.79937118641,1,0,0,0
20140114102727.daq,120,2,675.366666666667,1,0,right,0.0242385864257813,179.975761413574,12,0.0001,65.2218475341797,1047.5207193889,0.57128494977951,0.307107925415039,-0.0233552847057581,4.2041996010592,-13080.1962975534,-9512.721546243,-13080.1952557712,-9510.25895546536,-13080.194213989,-9507.79636468772,1,0,0,0
20140114102727.daq,120,2,675.466666666667,1,0,right,0.0347824096679688,179.965217590332,12,0.0001,65.2265548706055,1057.08695851888,0.307614982128143,0.306968122720718,-0.0233552847057581,4.210789243137,-13089.7619861205,-9512.71503520923,-13089.7604911614,-9510.252444665,-13089.7589962024,-9507.78985412077,1,0,0,0
20140114102727.daq,120,2,675.566666666667,1,0,right,0.0394287109375,179.960571289063,12,0.0001,65.2312316894531,1066.6538858218,0.0878899991512299,0.307868242263794,-0.0613221637904644,4.21994220125045,-13099.3275298493,-9512.70595896794,-13099.3258351907,-9510.24336855303,-13099.3241405322,-9507.78077813813,1,0,0,0
20140114102727.daq,120,2,675.666666666667,1,0,right,0.0377655029296875,179.96223449707,12,0.0001,65.2359313964844,1076.22149915298,0.0439449995756149,0.306958794593811,-0.0518305003643036,4.22959574517573,-13108.8929187168,-9512.69629614363,-13108.8912955435,-9510.23370568057,-13108.8896723701,-9507.77111521752,1,0,0,0
20140114102727.daq,120,2,675.766666666667,1,0,right,0.032073974609375,179.967926025391,12,0.0001,65.2406387329102,1085.7898033613,0.0439449995756149,0.307140052318573,-0.0233552847057581,4.24092902338137,-13118.46016182,-9512.68492917053,-13118.4587832703,-9510.22233855839,-13118.4574047207,-9507.75974794624,1,0,0,0
20140114102727.daq,120,2,675.866666666667,1,0,right,0.0257492065429688,179.974250793457,12,0.0001,65.2452850341797,1095.35879331812,0.0439449995756149,0.307043462991714,-0.0328471772372723,4.25222475997022,-13128.0273893381,-9512.67360131986,-13128.026282629,-9510.21101057055,-13128.0251759199,-9507.74841982123,1,0,0,0
20140114102727.daq,120,2,675.966666666667,1,0,right,0.016510009765625,179.983489990234,12,0.0001,65.2498779296875,1104.92846053783,-0.0439449958503246,0.3071648478508,-0.00437196157872677,4.26432078471727,-13137.5945452197,-9512.66147700078,-13137.5938356142,-9510.19888610502,-13137.5931260087,-9507.73629520926,1,0,0,0
20140114102727.daq,120,2,676.066666666667,1,0,right,-0.00095367431640625,180.000953674316,12,0.0001,65.2544784545898,1114.49880147699,-0.439449965953827,0.307601988315582,-0.0138636231422424,4.27399797182201,-13147.1634519669,-9512.65181398988,-13147.1634929561,-9510.18922299222,-13147.1635339453,-9507.72663199456,1,0,0,0
20140114102727.daq,120,2,676.166666666667,1,0,right,-0.0264358520507813,180.026435852051,12,0.0001,65.2591171264648,1124.06981967903,-0.74706494808197,0.307062774896622,-0.184714689850807,4.28219456053144,-13156.7311844976,-9512.64362281325,-13156.732320719,-9510.18103207737,-13156.7334569404,-9507.71844134149,1,0,0,0
20140114102727.daq,120,2,676.266666666667,1,0,right,-0.0605697631835938,180.060569763184,12,0.0001,65.263786315918,1133.64152101862,-0.74706494808197,0.307395696640015,-0.0328471772372723,4.2879462792942,-13166.3006562296,-9512.6379188827,-13166.3032595369,-9510.17532926073,-13166.3058628443,-9507.71273963876,1,0,0,0
20140114102727.daq,120,2,676.366666666667,1,0,right,-0.0956573486328125,180.095657348633,12,0.0001,65.2684097290039,1143.21390474976,-0.527339935302734,0.307829022407532,-0.0233552847057581,4.28909225302183,-13175.8701031619,-9512.63715615393,-13175.8742145436,-9510.17456858798,-13175.8783259252,-9507.71198102203,1,0,0,0
20140114102727.daq,120,2,676.466666666667,1,0,right,-0.125114440917969,180.125114440918,12,0.0001,65.2729949951172,1152.78696331934,-0.175779983401299,0.307745069265366,-0.0328471772372723,4.28591465626888,-13185.4396879671,-9512.63995153443,-13185.4450654217,-9510.1773664077,-13185.4504428762,-9507.71478128096,1,0,0,0
20140114102727.daq,120,2,676.566666666667,1,0,right,-0.146957397460938,180.146957397461,12,0.0001,65.2775726318359,1162.36069337041,0.131834998726845,0.308093070983887,-0.0423388406634331,4.27863158398926,-13195.0114133897,-9512.64715935356,-13195.0177296589,-9510.18457645583,-13195.0240459281,-9507.7219935581,1,0,0,0
20140114102727.daq,120,2,676.666666666667,1,0,right,-0.15667724609375,180.156677246094,12,0.0001,65.2821655273438,1171.93509574221,0.439449995756149,0.307212471961975,-0.0423388406634331,4.26820914883248,-13204.583438466,-9512.65752495347,-13204.590172496,-9510.1949431627,-13204.5969065259,-9507.73236137192,1,0,0,0
20140114102727.daq,120,2,676.766666666667,1,0,right,-0.155403137207031,180.155403137207,12,0.0001,65.2867660522461,1181.51017332543,0.791009962558746,0.307496815919876,-0.0518305003643036,4.25358318771976,-13214.1567121912,-9512.67209474666,-13214.1633914597,-9510.20951280675,-13214.1700707283,-9507.74693086683,1,0,0,0
20140114102727.daq,120,2,676.866666666667,1,0,right,-0.148406982421875,180.148406982422,12,0.0001,65.2913436889648,1191.08592332264,0.791009962558746,0.307042002677917,-0.00437196157872677,4.23735235533145,-13223.7311040841,-9512.68826445935,-13223.7374826567,-9510.22568172221,-13223.7438612293,-9507.76309898508,1,0,0,0
20140114102727.daq,120,2,676.966666666667,1,0,right,-0.137191772460938,180.137191772461,12,0.0001,65.2959136962891,1200.66234349586,0.791009962558746,0.30677193403244,-0.00437196157872677,4.22040043809938,-13233.3065768438,-9512.70515026192,-13233.3124733846,-9510.2425663234,-13233.3183699254,-9507.77998238489,1,0,0,0
20140114102727.daq,120,2,677.066666666667,1,0,right,-0.121429443359375,180.121429443359,12,0.0001,65.3004989624023,1210.23943598981,1.09862494468689,0.306889027357101,-0.0138636231422424,4.20276229982132,-13242.8821618633,-9512.7227318385,-13242.8873809359,-9510.26014637101,-13242.8926000084,-9507.79756090352,1,0,0,0
20140114102727.daq,120,2,677.166666666667,1,0,right,-0.0965805053710938,180.096580505371,12,0.0001,65.3050308227539,1219.81719716779,1.49412989616394,0.307799488306046,-0.0233552847057581,4.18762858184868,-13252.4599241209,-9512.7377990971,-13252.4640751801,-9510.27521159771,-13252.4682262392,-9507.81262409833,1,0,0,0
20140114102727.daq,120,2,677.266666666667,1,0,right,-0.06488037109375,180.064880371094,12,0.0001,65.3095321655273,1229.3956198497,1.58201992511749,0.307076156139374,-0.0328471772372723,4.17488357342721,-13262.0378546512,-9512.75048981569,-13262.0406432297,-9510.28790039655,-13262.0434318083,-9507.82531097741,1,0,0,0
20140114102727.daq,120,2,677.366666666667,1,0,right,-0.0298309326171875,180.029830932617,12,0.0001,65.3140563964844,1238.97470431527,1.58201992511749,0.307097673416138,-0.0518305003643036,4.16527526197701,-13271.6168431156,-9512.76004349901,-13271.6181252586,-9510.29745283479,-13271.6194074016,-9507.83486217056,1,0,0,0
20140114102727.daq,120,2,677.466666666667,1,0,right,0.0082855224609375,179.991714477539,12,0.0001,65.3185348510742,1248.55444935228,1.58201992511749,0.30698636174202,-0.0328471772372723,4.16112851669602,-13281.1968821968,-9512.76452431565,-13281.1965260824,-9510.3019333434,-13281.196169968,-9507.83934237115,1,0,0,0
20140114102727.daq,120,2,677.566666666667,1,0,right,0.0458831787109375,179.954116821289,12,0.0001,65.3229827880859,1258.13484973881,1.53807497024536,0.307053089141846,0.00511969998478889,4.16204794212587,-13290.7769069825,-9512.76317720207,-13290.7749349089,-9510.3005869937,-13290.7729628354,-9507.83799678533,1,0,0,0
20140114102727.daq,120,2,677.666666666667,1,0,right,0.0798492431640625,179.920150756836,12,0.0001,65.327392578125,1267.71589960021,1.40623998641968,0.307333409786224,-0.0328471772372723,4.16802003445118,-13300.3578178445,-9512.7571712015,-13300.3543858995,-9510.29458259494,-13300.3509539545,-9507.83199398837,1,0,0,0
20140114102727.daq,120,2,677.766666666667,1,0,right,0.109222412109375,179.890777587891,12,0.0001,65.3318481445313,1277.29759884325,1.18651497364044,0.306494891643524,-0.0328471772372723,4.17958382744806,-13309.9395916624,-9512.74558935669,-13309.934897251,-9510.28300283315,-13309.9302028395,-9507.82041630961,1,0,0,0
20140114102727.daq,120,2,677.866666666667,1,0,right,0.130912780761719,179.869087219238,12,0.0001,65.3362503051758,1286.87994961263,1.05467998981476,0.306912392377853,-0.00437196157872677,4.19655615126614,-13319.5211767881,-9512.728622948,-13319.5155501196,-9510.26603837807,-13319.5099234512,-9507.80345380815,1,0,0,0
20140114102727.daq,120,2,677.966666666667,1,0,right,0.148399353027344,179.851600646973,12,0.0001,65.3405227661133,1296.46293568314,1.01073491573334,0.307615756988525,-0.0138636231422424,4.21818217378533,-13329.1036353026,-9512.70703355822,-13329.0972570578,-9510.24445082023,-13329.0908788131,-9507.78186808225,1,0,0,0
20140114102727.daq,120,2,678.066666666667,1,0,right,0.154533386230469,179.84546661377,12,0.0001,65.3447875976563,1306.04654623797,0.351559996604919,0.307681322097778,-0.0328471772372723,4.24305795744413,-13338.686792915,-9512.68224006338,-13338.6801510285,-9510.21965802235,-13338.673509142,-9507.75707598133,1,0,0,0
20140114102727.daq,120,2,678.166666666667,1,0,right,0.139816284179688,179.86018371582,12,0.0001,65.3491363525391,1315.63078817748,-0.703119933605194,0.307862102985382,-0.0518305003643036,4.27059746539605,-13348.2684646888,-9512.65483007841,-13348.262455346,-9510.19224641258,-13348.2564460031,-9507.72966274675,1,0,0,0
20140114102727.daq,120,2,678.266666666667,1,0,right,0.10137939453125,179.898620605469,12,0.0001,65.3535232543945,1325.21567194551,-0.966789960861206,0.307975083589554,-0.0233552847057581,4.29870234776439,-13357.8505325489,-9512.62693372204,-13357.8461752322,-9510.16434657897,-13357.8418179156,-9507.7017594359,1,0,0,0
20140114102727.daq,120,2,678.366666666667,1,0,right,0.061279296875,179.938720703125,12,0.0001,65.3578872680664,1334.80119716906,-0.131834983825684,0.307599246501923,-0.0328471772372723,4.32481804677758,-13367.4335345993,-9512.60109267701,-13367.4309007959,-9510.13850308747,-13367.4282669926,-9507.67591349793,1,0,0,0
20140114102727.daq,120,2,678.466666666667,1,0,right,0.02996826171875,179.970031738281,12,0.0001,65.3622512817383,1344.38736207642,0.219724997878075,0.306751728057861,-0.0423388406634331,4.34801668333486,-13377.0157741849,-9512.57763744003,-13377.0144861395,-9510.11504677889,-13377.013198094,-9507.65245611774,1,0,0,0
20140114102727.daq,120,2,678.566666666667,1,0,right,0.00946807861328125,179.990531921387,12,0.0001,65.3666839599609,1353.97417272871,0.351559996604919,0.307667404413223,-0.0233552847057581,4.36606619753322,-13386.6002315706,-9512.55937311348,-13386.5998246296,-9510.0967821491,-13386.5994176885,-9507.63419118473,1,0,0,0
20140114102727.daq,120,2,678.666666666667,1,0,right,0.00064849853515625,179.999351501465,12,0.0001,65.3710479736328,1363.56162875296,0.57128494977951,0.307201713323593,-0.0328471772372723,4.3819711440554,-13396.1859522933,-9512.5433165508,-13396.1859244206,-9510.08072555296,-13396.185896548,-9507.61813455512,1,0,0,0
20140114102727.daq,120,2,678.766666666667,1,0,right,-0.0008697509765625,180.000869750977,12,0.0001,65.3753967285156,1373.149724088,0.878899991512299,0.307161599397659,-0.0613221637904644,4.3935124064197,-13405.7718524677,-9512.53169161661,-13405.7718898498,-9510.06910061889,-13405.771927232,-9507.60650962118,1,0,0,0
20140114102727.daq,120,2,678.866666666667,1,0,right,0.00675201416015625,179.99324798584,12,0.0001,65.3797073364258,1382.73845379169,1.01073491573334,0.307148486375809,-0.0138636231422424,4.40372876420806,-13415.3599304462,-9512.52145501685,-13415.3596402424,-9510.05886403595,-13415.3593500387,-9507.59627305505,1,0,0,0
20140114102727.daq,120,2,678.966666666667,1,0,right,0.0194015502929688,179.980598449707,12,0.0001,65.3840103149414,1392.32781469358,1.09862494468689,0.306665182113647,-0.0423388406634331,4.41237382579023,-13424.9481318759,-9512.51286080405,-13424.9472979911,-9510.05026994724,-13424.9464641062,-9507.58767909042,1,0,0,0
20140114102727.daq,120,2,679.066666666667,1,0,right,0.03704833984375,179.962951660156,12,0.0001,65.3882827758789,1401.91780558144,1.23045992851257,0.306959599256516,-0.0138636231422424,4.42139451483361,-13434.5364558021,-9512.50395765767,-13434.5348634526,-9510.04136717449,-13434.5332711032,-9507.57877669131,1,0,0,0
20140114102727.daq,120,2,679.166666666667,1,0,right,0.0583877563476563,179.941612243652,12,0.0001,65.392463684082,1411.50841657094,1.40623998641968,0.308023512363434,-0.0518305003643036,4.43268506354859,-13444.1268230737,-9512.49287298811,-13444.1243135496,-9510.03028326878,-13444.1218040255,-9507.56769354946,1,0,0,0
20140114102727.daq,120,2,679.266666666667,1,0,right,0.0872573852539063,179.912742614746,12,0.0001,65.3966598510742,1421.09964076171,1.66990995407104,0.307198911905289,-0.0518305003643036,4.44548851361797,-13453.7173743026,-9512.48034598398,-13453.7136239536,-9510.01775784174,-13453.7098736046,-9507.5551696995,1,0,0,0
20140114102727.daq,120,2,679.366666666667,1,0,right,0.121513366699219,179.878486633301,12,0.0001,65.4008865356445,1430.69148225666,1.80174493789673,0.308013677597046,-0.0233552847057581,4.46204763439375,-13463.3090329252,-9512.46357926548,-13463.3038102456,-9510.00099380563,-13463.298587566,-9507.53840834579,1,0,0,0
20140114102727.daq,120,2,679.466666666667,1,0,right,0.161430358886719,179.838569641113,12,0.0001,65.4050827026367,1440.28394142881,1.80174493789673,0.307021468877792,-0.0423388406634331,4.48379885923963,-13472.9018050482,-9512.44157904381,-13472.8948667287,-9509.97899782014,-13472.8879284092,-9507.51641659647,1,0,0,0
20140114102727.daq,120,2,679.566666666667,1,0,right,0.202590942382813,179.797409057617,12,0.0001,65.4093017578125,1449.87701837138,1.80174493789673,0.307354480028152,-0.0423388406634331,4.50961606528695,-13482.4955823154,-9512.41559494184,-13482.4868749098,-9509.95301933802,-13482.4781675042,-9507.4904437342,1,0,0,0
20140114102727.daq,120,2,679.666666666667,1,0,right,0.244316101074219,179.755683898926,12,0.0001,65.4134979248047,1459.4707125249,1.80174493789673,0.306943565607071,-0.0328471772372723,4.54239868654498,-13492.0893714841,-9512.38273923678,-13492.0788707315,-9509.92017062705,-13492.0683699788,-9507.45760201732,1,0,0,0
20140114102727.daq,120,2,679.766666666667,1,0,right,0.287567138671875,179.712432861328,12,0.0001,65.4177017211914,1469.06502239739,1.84568989276886,0.306877195835114,-0.0613221637904644,4.5812266574683,-13501.6831958126,-9512.3439289438,-13501.6708361366,-9509.88136896243,-13501.6584764605,-9507.41880898106,1,0,0,0
20140114102727.daq,120,2,679.866666666667,1,0,right,0.331314086914063,179.668685913086,12,0.0001,65.4217987060547,1478.65994286018,1.93357992172241,0.307418704032898,-0.0708140581846237,4.62702648267606,-13511.2789832591,-9512.29825120748,-13511.2647433526,-9509.83570138088,-13511.2505034462,-9507.37315155427,1,0,0,0
20140114102727.daq,120,2,679.966666666667,1,0,right,0.382331848144531,179.617668151855,12,0.0001,65.42578125,1488.25545498387,2.32908487319946,0.307488918304443,-0.0423388406634331,4.6802055159021,-13520.8749444132,-9512.24528627375,-13520.8585117896,-9509.78275010299,-13520.8420791659,-9507.32021393223,1,0,0,0
20140114102727.daq,120,2,680.066666666667,1,0,right,0.442634582519531,179.55736541748,12,0.0001,65.4297561645508,1497.8515496301,2.54880976676941,0.307425558567047,0.00511969998478889,4.74170135767297,-13530.4711266272,-9512.18393227547,-13530.45210224,-9509.72141476363,-13530.4330778528,-9507.25889725179,1,0,0,0
20140114102727.daq,120,2,680.166666666667,1,0,right,0.510208129882813,179.489791870117,12,0.0001,65.4337768554688,1507.44823043558,2.50486493110657,0.307781726121902,-0.0423388406634331,4.81095817329249,-13540.069432803,-9512.11431340534,-13540.0475041836,-9509.6518200431,-13540.0255755642,-9507.18932668086,1,0,0,0
20140114102727.daq,120,2,680.266666666667,1,0,right,0.576484680175781,179.423515319824,12,0.0001,65.4378051757813,1517.04550085048,2.37302994728088,0.307345986366272,-0.0518305003643036,4.89001294166784,-13549.6677029598,-9512.03500745621,-13549.6429258812,-9509.57254110724,-13549.6181488026,-9507.11007475827,1,0,0,0
20140114102727.daq,120,2,680.366666666667,1,0,right,0.634101867675781,179.365898132324,12,0.0001,65.4418182373047,1526.64336190054,1.84568989276886,0.306858837604523,0.00511969998478889,4.97841216058908,-13559.2657614494,-9511.94647146445,-13559.2385081039,-9509.48403127663,-13559.2112547584,-9507.02159108881,1,0,0,0
20140114102727.daq,120,2,680.466666666667,1,0,right,0.678192138671875,179.321807861328,12,0.0001,65.4458084106445,1536.24181032206,1.2744048833847,0.307008624076843,-0.0708140581846237,5.07684361372262,-13568.8644703685,-9511.84803167327,-13568.8353221333,-9509.38561318653,-13568.8061738981,-9506.9231946998,1,0,0,0
20140114102727.daq,120,2,680.566666666667,1,0,right,0.705024719238281,179.294975280762,12,0.0001,65.4497528076172,1545.84084005391,1.05467998981476,0.307399690151215,-0.0328471772372723,5.18411801090346,-13578.4627662238,-9511.74089703909,-13578.4324647998,-9509.278492473,-13578.4021633757,-9506.8160879069,1,0,0,0
20140114102727.daq,120,2,680.666666666667,1,0,right,0.721946716308594,179.278053283691,12,0.0001,65.4536895751953,1555.44044820538,0.878899991512299,0.308444499969482,-0.0708140581846237,5.29775656798692,-13588.0608254405,-9511.62754160592,-13588.02979676,-9509.16514609658,-13587.9987680794,-9506.70275058724,1,0,0,0
20140114102727.daq,120,2,680.766666666667,1,0,right,0.729415893554688,179.270584106445,12,0.0001,65.457649230957,1565.04063365749,0.74706494808197,0.308498322963715,-0.0328471772372723,5.41715119986607,-13597.6596360192,-9511.50793715587,-13597.6282863368,-9509.0455457124,-13597.5969366543,-9506.58315426894,1,0,0,0
20140114102727.daq,120,2,680.866666666667,1,0,right,0.735008239746094,179.264991760254,12,0.0001,65.4616851806641,1574.64140489584,0.74706494808197,0.308035463094711,-0.0897973775863647,5.54128490022499,-13607.2584018898,-9511.38356642662,-13607.2268118661,-9508.92117805477,-13607.1952218425,-9506.45878968292,1,0,0,0
20140114102727.daq,120,2,680.966666666667,1,0,right,0.738082885742188,179.261917114258,12,0.0001,65.4657363891602,1584.24277105877,0.615229964256287,0.308293998241425,-0.0328471772372723,5.66835099248779,-13616.8571078426,-9511.2564223567,-13616.8253856806,-9508.7940356836,-13616.7936635186,-9506.3316490105,1,0,0,0
20140114102727.daq,120,2,681.066666666667,1,0,right,0.723556518554688,179.276443481445,12,0.0001,65.4697647094727,1593.84472962859,-0.351559966802597,0.307760894298553,-0.0328471772372723,5.79547843063421,-13626.4563715714,-9511.1293947665,-13626.4252737065,-9508.66700012992,-13626.3941758416,-9506.20460549335,0,1,0,1
20140114102727.daq,120,2,681.166666666667,1,0,right,0.680496215820313,179.31950378418,12,0.0001,65.4737777709961,1603.44727864707,-1.40623986721039,0.307857513427734,-0.0423388406634331,5.92202865109741,-13636.0559315711,-9511.00316207532,-13636.0266843129,-9508.54074476273,-13635.9974370547,-9506.07832745015,0,1,0,1
20140114102727.daq,120,2,681.266666666667,1,0,right,0.619415283203125,179.380584716797,12,0.0001,65.4777145385742,1613.05041065434,-1.62596487998962,0.30732649564743,-0.0328471772372723,6.0451984308726,-13645.65408221,-9510.88000006265,-13645.6274600609,-9508.4175529699,-13645.6008379117,-9505.95510587714,0,1,0,1
20140114102727.daq,120,2,681.366666666667,1,0,right,0.542121887207031,179.457878112793,12,0.0001,65.4815902709961,1622.65411557958,-1.71385490894318,0.30747663974762,-0.0233552847057581,6.1622864864181,-13655.2528164334,-9510.76272488933,-13655.2295162083,-9508.30024412333,-13655.2062159832,-9505.83776335732,0,1,0,1
20140114102727.daq,120,2,681.466666666667,1,0,right,0.455436706542969,179.544563293457,12,0.0001,65.4853897094727,1632.25838353847,-1.80174493789673,0.307186156511307,-0.0233552847057581,6.27021879083486,-13664.8513179648,-9510.65481845009,-13664.8317433551,-9508.19230525052,-13664.8121687454,-9505.72979205094,0,1,0,1
20140114102727.daq,120,2,681.566666666667,1,0,right,0.365898132324219,179.634101867676,12,0.0001,65.4891052246094,1641.86320324794,-1.84568989276886,0.3078433573246,-0.0708140581846237,6.36841329029903,-13674.4497423493,-9510.5568512395,-13674.434016037,-9508.09431045679,-13674.4182897247,-9505.63176967407,0,1,0,1
20140114102727.daq,120,2,681.666666666667,1,0,right,0.273605346679688,179.72639465332,12,0.0001,65.4927520751953,1651.46856165323,-1.84568989276886,0.308578640222549,-0.0233552847057581,6.45477403845895,-13684.0490677347,-9510.4707699058,-13684.0373081338,-9508.00820698575,-13684.0255485328,-9505.54564406569,0,1,0,1
20140114102727.daq,120,2,681.766666666667,1,0,right,0.180419921875,179.819580078125,12,0.0001,65.4964447021484,1661.07445679612,-1.88963496685028,0.307773768901825,-0.0328471772372723,6.52586117076692,-13693.649338708,-9510.39938862569,-13693.6415842146,-9507.93680983684,-13693.6338297213,-9505.474231048,0,1,0,1
20140114102727.daq,120,2,681.866666666667,1,0,right,0.086822509765625,179.913177490234,12,0.0001,65.5003128051758,1670.68090536807,-1.84568989276886,0.323442995548248,-0.0138636231422424,6.58250073672476,-13703.2505667772,-9510.34267755958,-13703.2468351193,-9507.88008938894,-13703.2431034614,-9505.4175012183,0,1,0,1
20140114102727.daq,120,2,681.966666666667,1,0,right,-0.0057830810546875,180.005783081055,12,0.0001,65.5050277709961,1680.28796070714,-1.75779986381531,0.335147351026535,-0.0138636231422424,6.62380680182388,-13712.851809783,-9510.30152646475,-13712.8520583417,-9507.83893547929,-13712.8523069004,-9505.37634449384,0,1,0,1
20140114102727.daq,120,2,682.066666666667,1,0,right,-0.0975112915039063,180.097511291504,12,0.0001,65.513427734375,1689.89594377423,-1.71385490894318,0.337572008371353,-0.0233552847057581,6.65062187711489,-13722.4540417655,-9510.27496594852,-13722.4582328301,-9507.8123785169,-13722.4624238947,-9505.34979108527,0,1,0,1
20140114102727.daq,120,2,682.166666666667,1,0,right,-0.185943603515625,180.185943603516,12,0.0001,65.5269622802734,1699.5055352824,-1.71385490894318,0.338098436594009,-0.0518305003643036,6.66040801995924,-13732.0582994994,-9510.26479997482,-13732.0662914012,-9507.80222194501,-13732.0742833029,-9505.33964391519,0,1,0,1
20140114102727.daq,120,2,682.266666666667,1,0,right,-0.272514343261719,180.272514343262,12,0.0001,65.5448379516602,1709.11744541123,-1.58201992511749,0.337961703538895,-0.00437196157872677,6.65597363328762,-13741.6645482496,-9510.26916424494,-13741.6762609594,-9507.80660110142,-13741.6879736692,-9505.34403795789,0,1,1,1
20140114102727.daq,120,2,682.366666666667,1,0,right,-0.355026245117188,180.355026245117,12,0.0001,65.5657958984375,1718.73221695946,-1.53807497024536,0.338306933641434,-0.0328471772372723,6.63645211412983,-13751.2738199658,-9510.28890008335,-13751.2890790102,-9507.8263563609,-13751.3043380545,-9505.36381263845,0,1,1,1
20140114102727.daq,120,2,682.466666666667,1,0,right,-0.434967041015625,180.434967041016,12,0.0001,65.5888366699219,1728.35022506525,-1.40623986721039,0.337886452674866,-0.0233552847057581,6.6030800254376,-13760.8870550251,-9510.3221464418,-13760.9057498685,-9507.85962640609,-13760.924444712,-9505.39710637039,0,1,1,1
20140114102727.daq,120,2,682.566666666667,1,0,right,-0.506927490234375,180.506927490234,12,0.0001,65.6132659912109,1737.97172084649,-0.791009962558746,0.33779039978981,-0.0708140581846237,6.55446646884966,-13770.5034134834,-9510.37052365237,-13770.5252011054,-9507.90802903858,-13770.5469887275,-9505.44553442478,0,1,1,1
20140114102727.daq,120,2,682.666666666667,1,0,right,-0.544998168945313,180.544998168945,12,0.0001,65.6386642456055,1747.59687410844,0.395504981279373,0.337774991989136,-0.00437196157872677,6.49571276619989,-13780.12452629,-9510.42950805502,-13780.147950133,-9507.9670284618,-13780.1713739761,-9505.50454886858,0,1,1,1
20140114102727.daq,120,2,682.766666666667,1,0,right,-0.56866455078125,180.568664550781,12,0.0001,65.6647415161133,1757.22580663347,0.307614982128143,0.338122963905334,-0.0233552847057581,6.42575459124312,-13789.750883403,-9510.49932410278,-13789.7753243867,-9508.036854395,-13789.7997653704,-9505.57438468722,0,1,1,1
20140114102727.daq,120,2,682.866666666667,1,0,right,-0.592399597167969,180.592399597168,12,0.0001,65.6912231445313,1766.85859525823,-0.527339935302734,0.338064759969711,-0.0328471772372723,6.34701553643755,-13799.38016787,-9510.57793319199,-13799.4056289412,-9508.11547382028,-13799.4310900124,-9505.65301444858,0,1,1,1
20140114102727.daq,120,2,682.966666666667,1,0,right,-0.63262939453125,180.632629394531,12,0.0001,65.7179107666016,1776.49528530143,-1.05467987060547,0.338135033845901,-0.0233552847057581,6.26188278985738,-13809.0139179454,-9510.66341617452,-13809.0411080074,-9508.20097528711,-13809.0682980694,-9505.73853439971,0,1,1,1
20140114102727.daq,120,2,683.066666666667,1,0,right,-0.678497314453125,180.678497314453,12,0.0001,65.7446975708008,1786.13589727772,-0.57128494977951,0.338261514902115,-0.0328471772372723,6.16875568850009,-13818.6504532612,-9510.75608111371,-13818.679614612,-9508.29366278226,-13818.7087759629,-9505.83124445082,0,1,1,1
20140114102727.daq,120,2,683.166666666667,1,0,right,-0.718345642089844,180.71834564209,12,0.0001,65.7715911865234,1795.78044657306,-0.175779983401299,0.337879300117493,-0.0328471772372723,6.06904879565916,-13828.291045229,-9510.85618755253,-13828.3219191465,-9508.39379009788,-13828.352793064,-9505.93139264324,0,1,1,1
20140114102727.daq,120,2,683.266666666667,1,0,right,-0.753662109375,180.753662109375,12,0.0001,65.7985305786133,1805.42894475026,-0.175779983401299,0.33883985877037,-0.0233552847057581,5.96288610761996,-13837.9366334041,-9510.96187412453,-13837.9690251094,-9508.49949616799,-13838.0014168147,-9506.03711821145,0,1,1,1
20140114102727.daq,120,2,683.366666666667,1,0,right,-0.783798217773438,180.783798217773,12,0.0001,65.8255462646484,1815.08139740422,-0.175779983401299,0.339090138673782,0.00511969998478889,5.85209488562599,-13847.5852816668,-9511.07310119135,-13847.6189685151,-9508.61074061262,-13847.6526553634,-9506.14838003389,0,1,1,1
20140114102727.daq,120,2,683.466666666667,1,0,right,-0.811721801757813,180.811721801758,12,0.0001,65.8526916503906,1824.7378214129,-0.175779983401299,0.339028567075729,-0.0328471772372723,5.73463646637512,-13857.2378915334,-9511.19005129891,-13857.2727784299,-9508.72770743017,-13857.3076653265,-9506.26536356144,0,1,1,1
20140114102727.daq,120,2,683.566666666667,1,0,right,-0.83953857421875,180.839538574219,12,0.0001,65.8799285888672,1834.39823421374,-0.175779983401299,0.339002937078476,-0.0423388406634331,5.61221806013213,-13866.8953860987,-9511.31285387409,-13866.9314684449,-9508.85052723294,-13866.9675507912,-9506.38820059179,0,0,1,0
20140114102727.daq,120,2,683.666666666667,1,0,right,-0.86773681640625,180.867736816406,12,0.0001,65.9072189331055,1844.0626467168,-0.175779983401299,0.339113384485245,-0.0233552847057581,5.48313426156374,-13876.5557997879,-9511.44153890721,-13876.5930939691,-9508.97923032226,-13876.6303881504,-9506.51692173732,0,0,1,0
20140114102727.daq,120,2,683.766666666667,1,0,right,-0.8961181640625,180.896118164063,12,0.0001,65.9345397949219,1853.73106479671,-0.175779983401299,0.339806109666824,-0.0328471772372723,5.3495864153044,-13886.2210907594,-9511.57511764139,-13886.2596046355,-9509.11282783213,-13886.2981185117,-9506.65053802288,0,0,1,0
20140114102727.daq,120,2,683.866666666667,1,0,right,-0.923439025878906,180.923439025879,12,0.0001,65.9619293212891,1863.40349320917,-0.0439449958503246,0.34451350569725,-0.0138636231422424,5.21142899805583,-13895.88933768,-9511.71351372816,-13895.9290256675,-9509.25124256376,-13895.9687136551,-9506.78897139935,0,0,1,0
20140114102727.daq,120,2,683.966666666667,1,0,right,-0.942489624023438,180.942489624023,12,0.0001,65.9896850585938,1873.07995815694,0.351559996604919,0.352666169404984,-0.0138636231422424,5.06921857888044,-13905.5626783492,-9511.85530812328,-13905.603185029,-9509.39305029106,-13905.6436917088,-9506.93079245884,0,0,1,0
20140114102727.daq,120,2,684.066666666667,1,0,right,-0.954269409179688,180.95426940918,12,0.0001,66.0189743041992,1882.76058767005,0.57128494977951,0.354027301073074,-0.0328471772372723,4.92214573553828,-13915.2401111153,-9512.00251550329,-13915.2811240247,-9509.54026605112,-13915.3221369341,-9507.07801659895,0,0,1,0
20140114102727.daq,120,2,684.166666666667,1,0,right,-0.9595947265625,180.959594726563,12,0.0001,66.0508041381836,1892.44569636849,0.57128494977951,0.354416877031326,0.0146115934476256,4.77280015299803,-13924.9225919049,-9512.15225639614,-13924.9638336662,-9509.69001076652,-13925.0050754275,-9507.22776513691,0,0,1,0
20140114102727.daq,120,2,684.266666666667,1,0,right,-0.962356567382813,180.962356567383,12,0.0001,66.0848922729492,1902.13564596268,0.57128494977951,0.354825258255005,-0.0233552847057581,4.62079916804067,-13934.6090445911,-9512.30379308092,-13934.6504050406,-9509.84154944215,-13934.69176549,-9507.37930580339,0,0,1,0
20140114102727.daq,120,2,684.366666666667,1,0,right,-0.964263916015625,180.964263916016,12,0.0001,66.1206207275391,1911.83072263183,0.615229964256287,0.355138301849365,-0.0138636231422424,4.46628072136838,-13944.3013785375,-9512.45820701006,-13944.3428209538,-9509.99596474953,-13944.3842633701,-9507.533722489,0,0,1,0
20140114102727.daq,120,2,684.466666666667,1,0,right,-0.965484619140625,180.965484619141,12,0.0001,66.1575317382813,1921.53113133588,0.659174978733063,0.355014234781265,-0.0518305003643036,4.31108630162751,-13953.9986128861,-9512.61355536136,-13954.0401077612,-9510.15131398433,-13954.0816026362,-9507.6890726073,0,0,1,0
20140114102727.daq,120,2,684.566666666667,1,0,right,-0.963104248046875,180.963104248047,12,0.0001,66.1952590942383,1931.23701754227,0.834954977035522,0.354947209358215,0.0146115934476256,4.15530502791658,-13963.7017988736,-9512.76965927884,-13963.743191454,-9510.30741618001,-13963.7845840345,-9507.84517308119,0,0,1,0
20140114102727.daq,120,2,684.666666666667,1,0,right,-0.955802917480469,180.95580291748,12,0.0001,66.2334747314453,1940.9484757116,1.01073491573334,0.35543492436409,-0.0328471772372723,3.99878131291028,-13973.410970278,-9512.92643774549,-13973.4520490889,-9510.46418939191,-13973.4931278998,-9508.00194103832,0,0,1,0
20140114102727.daq,120,2,684.766666666667,1,0,right,-0.944221496582031,180.944221496582,12,0.0001,66.27197265625,1950.66556151315,1.09862494468689,0.356098175048828,-0.0138636231422424,3.84302281396943,-13983.1261105783,-9513.08197692389,-13983.1666916844,-9510.61972031718,-13983.2072727906,-9508.15746371048,0,0,1,0
20140114102727.daq,120,2,684.866666666667,1,0,right,-0.929450988769531,180.92945098877,12,0.0001,66.3107299804688,1960.38831289901,1.14256989955902,0.355798035860062,-0.00437196157872677,3.6885562675514,-13992.8471917038,-9513.23634371935,-13992.8871380537,-9510.7740767329,-13992.9270844035,-9508.31180974645,0,0,1,0
20140114102727.daq,120,2,684.966666666667,1,0,right,-0.910934448242188,180.910934448242,12,0.0001,66.3497009277344,1970.11676455755,1.31834995746613,0.355790346860886,-0.0897973775863647,3.53537383225577,-14002.5732511786,-9513.38950387605,-14002.6124017842,-9510.92722410854,-14002.6515523899,-9508.46494434103,0,0,1,0
20140114102727.daq,120,2,685.066666666667,1,0,right,-0.882255554199219,180.882255554199,12,0.0001,66.3887710571289,1979.85094008062,1.7577999830246,0.356568098068237,-0.0518305003643036,3.38486779806707,-14012.3064057551,-9513.54008674562,-14012.3443238836,-9511.07778769008,-14012.3822420121,-9508.61548863452,0,0,1,0
20140114102727.daq,120,2,685.166666666667,1,0,right,-0.84722900390625,180.847229003906,12,0.0001,66.4278717041016,1989.59084832682,1.84568989276886,0.359810501337051,-0.0518305003643036,3.23776630914519,-14022.0446041212,-9513.68734968526,-14022.0810169688,-9511.22502790939,-14022.1174298164,-9508.76270613351,0,0,1,0
20140114102727.daq,120,2,685.266666666667,1,0,right,-0.808708190917969,180.808708190918,12,0.0001,66.4671859741211,1999.33650197793,1.66990995407104,0.367399573326111,-0.0328471772372723,3.09495002424937,-14031.7897260599,-9513.83049114772,-14031.8244834435,-9511.36814544743,-14031.8592408271,-9508.90579974714,0,0,1,0
20140114102727.daq,120,2,685.366666666667,1,0,right,-0.778610229492188,180.778610229492,12,0.0001,66.5076217651367,2009.08798934013,1.14256989955902,0.368293315172195,-0.0138636231422424,2.95634204209436,-14041.5404916951,-9513.96926675823,-14041.5739555827,-9511.50690313934,-14041.6074194704,-9509.04453952045,0,0,1,0
20140114102727.daq,120,2,685.466666666667,1,0,right,-0.758270263671875,180.758270263672,12,0.0001,66.5501022338867,2018.84555332545,0.966789960861206,0.368379026651382,-0.0138636231422424,2.8223524550149,-14051.2968679302,-9514.10278235273,-14051.3294576782,-9511.64040700933,-14051.3620474262,-9509.17803166594,0,0,1,0
20140114102727.daq,120,2,685.566666666667,1,0,right,-0.7447509765625,180.744750976563,12,0.0001,66.5945053100586,2028.60949363411,0.966789960861206,0.368732362985611,-0.0328471772372723,2.69199508532236,-14061.058929974,-9514.23281077327,-14061.0909387087,-9511.77042780867,-14061.1229474435,-9509.30804484408,0,0,1,0
20140114102727.daq,120,3,704.583333333333,1,0,right,0.623321533203125,179.376678466797,12,0.0001,72.6419677734375,0,0.307614982128143,0.11426492780447,-0.146747812628746,2.78747208561528,-16008.3582771826,-9514.14733578486,-16008.3314871515,-9511.68489051285,-16008.3046971203,-9509.22244524083,1,0,0,0
20140114102727.daq,120,3,704.683333333333,1,0,right,0.638633728027344,179.361366271973,12,0.0001,72.5097808837891,10.644666475484,0.351559996604919,0.113590978085995,0.0335949175059795,2.89483471498884,-16019.0021978711,-9514.03017458598,-16018.9747497568,-9511.56773656149,-16018.9473016425,-9509.105298537,1,0,0,0
20140114102727.daq,120,3,704.783333333333,1,0,right,0.655593872070313,179.34440612793,12,0.0001,72.3681411743164,21.2691156792062,0.395504981279373,0.114047318696976,-0.0708140581846237,3.01407147205526,-16029.6256498408,-9513.91095787769,-16029.5974728206,-9511.448528086,-16029.5692958003,-9508.98609829432,1,0,0,0
20140114102727.daq,120,3,704.883333333333,1,0,right,0.671096801757813,179.328903198242,12,0.0001,72.2248001098633,31.8726273607754,0.307614982128143,0.115824215114117,-0.00437196157872677,3.13623656727819,-16040.2266057947,-9513.78890182028,-16040.1977624983,-9511.3264797428,-16040.1689192018,-9508.86405766531,1,0,0,0
20140114102727.daq,120,3,704.983333333333,1,0,right,0.684150695800781,179.315849304199,12,0.0001,72.0813903808594,42.4551034229153,0.26366999745369,0.12401557713747,-0.0233552847057581,3.26230064432653,-16050.8060187193,-9513.66309145331,-16050.7766144015,-9511.2006760112,-16050.7472100838,-9508.73826056909,1,0,0,0
20140114102727.daq,120,3,705.083333333333,1,0,right,0.697677612304688,179.302322387695,12,0.0001,71.9382171630859,53.0165621422857,0.26366999745369,0.131109714508057,-0.0423388406634331,3.38962933216952,-16061.3649349192,-9513.53529852196,-16061.3349492525,-9511.07289009052,-16061.3049635857,-9508.61048165908,1,0,0,0
20140114102727.daq,120,3,705.183333333333,1,0,right,0.703483581542969,179.296516418457,12,0.0001,71.7953186035156,63.5570422169767,-0.175779983401299,0.136784315109253,0.0241032540798187,3.51881247817438,-16071.902182634,-9513.40603179028,-16071.8719474435,-9510.94362641003,-16071.841712253,-9508.48122102978,1,0,0,0
20140114102727.daq,120,3,705.283333333333,1,0,right,0.688163757324219,179.311836242676,12,0.0001,71.6526489257813,74.0765807598364,-1.01073491573334,0.138691812753677,-0.00437196157872677,3.64974896822695,-16082.4184190895,-9513.27514700146,-16082.3888423014,-9510.81273362491,-16082.3592655133,-9508.35032024835,1,0,0,0
20140114102727.daq,120,3,705.383333333333,1,0,right,0.647430419921875,179.352569580078,12,0.0001,71.5102386474609,84.5752132052367,-1.66990995407104,0.139344662427902,0.0241032540798187,3.78031606621116,-16092.9135408323,-9513.14486300177,-16092.8857146572,-9510.68242922044,-16092.8578884821,-9508.21999543912,1,0,0,0
20140114102727.daq,120,3,705.483333333333,1,0,right,0.576805114746094,179.423194885254,12,0.0001,71.3680953979492,95.0529788107524,-2.46091985702515,0.139840811491013,0.0241032540798187,3.9070367022872,-16103.3854840753,-9513.01838601509,-16103.3606932251,-9510.55591980473,-16103.3359023748,-9508.09345359437,1,0,0,0
20140114102727.daq,120,3,705.583333333333,1,0,right,0.469413757324219,179.530586242676,12,0.0001,71.2261199951172,105.509909187575,-3.20798492431641,0.140000432729721,0.0335949175059795,4.02594860176463,-16113.8360296027,-9512.89906922065,-16113.8158542744,-9510.43656086948,-16113.7956789461,-9507.97405251832,1,0,0,0
20140114102727.daq,120,3,705.683333333333,1,0,right,0.335647583007813,179.664352416992,12,0.0001,71.0843811035156,115.946033335946,-3.42770981788635,0.140297591686249,0.0241032540798187,4.13451542918248,-16124.2634632358,-9512.79114687846,-16124.2490370775,-9510.32859813592,-16124.2346109191,-9507.86604939338,1,0,0,0
20140114102727.daq,120,3,705.783333333333,1,0,right,0.183692932128906,179.816307067871,12,0.0001,70.9428787231445,126.361387436227,-3.29587483406067,0.143213048577309,-0.0708140581846237,4.22632618066727,-16134.6699263429,-9512.69899081224,-16134.6620311753,-9510.23641247039,-16134.6541360076,-9507.77383412853,1,0,0,0
20140114102727.daq,120,3,705.883333333333,1,0,right,0.0308151245117188,179.969184875488,12,0.0001,70.8015975952148,136.756003192873,-2.81247973442078,0.146420925855637,0.0146115934476256,4.2987713897997,-16145.0558340394,-9512.62641322454,-16145.0545095955,-9510.1638225827,-16145.0531851516,-9507.70123194086,1,0,0,0
20140114102727.daq,120,3,705.983333333333,1,0,right,-0.109481811523438,180.109481811523,12,0.0001,70.6605987548828,147.12991827821,-2.0654149055481,0.147708654403687,-0.0328471772372723,4.35064243263589,-16155.4215195775,-9512.57453322471,-16155.4262251381,-9510.11194672245,-16155.4309306986,-9507.64936022018,1,0,0,0
20140114102727.daq,120,3,706.083333333333,1,0,right,-0.230690002441406,180.230690002441,12,0.0001,70.5199661254883,157.483178850198,-1.49412989616394,0.148287922143936,0.00511969998478889,4.37926762064737,-16165.7661737587,-9512.54588124486,-16165.7760888623,-9510.08331020748,-16165.7860039658,-9507.62073917009,1,0,0,0
20140114102727.daq,120,3,706.183333333333,1,0,right,-0.324851989746094,180.324851989746,12,0.0001,70.3797836303711,167.815844494522,-0.834954977035522,0.148497968912125,-0.0233552847057581,4.3853197137598,-16176.0929322106,-9512.53996967327,-16176.1068943786,-9510.07741825629,-16176.1208565466,-9507.6148668393,1,0,0,0
20140114102727.daq,120,3,706.283333333333,1,0,right,-0.397071838378906,180.397071838379,12,0.0001,70.2401351928711,178.127989157147,-0.615229964256287,0.148477137088776,-0.00437196157872677,4.3703271865431,-16186.3987458267,-9512.55516320506,-16186.4158119652,-9510.09263134327,-16186.4328781037,-9507.63009948148,1,0,0,0
20140114102727.daq,120,3,706.383333333333,1,0,right,-0.457199096679688,180.45719909668,12,0.0001,70.1009979248047,188.41968902199,-0.659174978733063,0.148728787899017,-0.0138636231422424,4.33493289625514,-16196.685325906,-9512.59011747354,-16196.7049762614,-9510.12760487723,-16196.7246266168,-9507.66509228093,1,0,0,0
20140114102727.daq,120,3,706.483333333333,1,0,right,-0.508697509765625,180.508697509766,12,0.0001,69.9623794555664,198.691019899983,-0.703119933605194,0.148788750171661,-0.00437196157872677,4.28507531412562,-16206.9525877506,-9512.64016388569,-16206.9744514457,-9510.17766994615,-16206.9963151407,-9507.71517600661,1,0,0,0
20140114102727.daq,120,3,706.583333333333,1,0,right,-0.556358337402344,180.556358337402,12,0.0001,69.8242568969727,208.942056856053,-0.57128494977951,0.148742035031319,-0.0328471772372723,4.22092920268975,-16217.1984590216,-9512.70462136995,-16217.2223711058,-9510.24214646944,-16217.24628319,-9507.77967156893,1,0,0,0
20140114102727.daq,120,3,706.683333333333,1,0,right,-0.590675354003906,180.590675354004,12,0.0001,69.6866455078125,219.17287355641,0.0439449995756149,0.148549303412437,-0.0233552847057581,4.14527209372153,-16227.4251332324,-9512.77997552813,-16227.4505201991,-9510.31751539133,-16227.4759071657,-9507.85505525452,1,0,0,0
20140114102727.daq,120,3,706.783333333333,1,0,right,-0.598197937011719,180.598197937012,12,0.0001,69.5495300292969,229.383544786244,0.966789960861206,0.148610696196556,-0.00437196157872677,4.06085161412326,-16237.632951293,-9512.86442279589,-16237.6586615653,-9510.40196601346,-16237.6843718376,-9507.93950923104,1,0,0,0
20140114102727.daq,120,3,706.883333333333,1,0,right,-0.5816650390625,180.581665039063,12,0.0001,69.4128265380859,239.574135353178,1.2744048833847,0.148400217294693,-0.0138636231422424,3.97244769175569,-16247.8208682438,-9512.95324918186,-16247.8458679645,-9510.49078508316,-16247.8708676852,-9508.02832098446,1,0,0,0
20140114102727.daq,120,3,706.983333333333,1,0,right,-0.544624328613281,180.544624328613,12,0.0001,69.2765350341797,249.74470661462,1.53807497024536,0.148927584290504,-0.0233552847057581,3.88137562063805,-16257.9907466374,-9513.04374285556,-16258.0141544134,-9510.58126310956,-16258.0375621894,-9508.11878336356,1,0,0,0
20140114102727.daq,120,3,707.083333333333,1,0,right,-0.492439270019531,180.49243927002,12,0.0001,69.1406326293945,259.895317596805,1.53807497024536,0.149205222725868,-0.0138636231422424,3.79083970658959,-16268.1404962138,-9513.13427997216,-16268.1616611512,-9510.67177992772,-16268.1828260885,-9508.20927988329,1,0,0,0
20140114102727.daq,120,3,707.183333333333,1,0,right,-0.433998107910156,180.43399810791,12,0.0001,69.0050735473633,270.026022197279,1.40623998641968,0.149108737707138,-0.0423388406634331,3.70377596222121,-16278.2708683617,-9513.22150081421,-16278.2895215613,-9510.75898046271,-16278.3081747609,-9508.2964601112,1,0,0,0
20140114102727.daq,120,3,707.283333333333,1,0,right,-0.378105163574219,180.378105163574,12,0.0001,68.8698501586914,280.136868625457,1.14256989955902,0.149133563041687,-0.0518305003643036,3.62357631201078,-16288.3816419063,-9513.30204126982,-16288.3978928697,-9510.83950389353,-16288.414143833,-9508.37696651725,1,0,0,0
20140114102727.daq,120,3,707.383333333333,1,0,right,-0.32684326171875,180.326843261719,12,0.0001,68.7349472045898,290.227904997482,1.01073491573334,0.148799270391464,0.0146115934476256,3.54919387910666,-16298.4727653696,-9513.37602993782,-16298.4868131217,-9510.91347900757,-16298.5008608738,-9508.45092807731,1,0,0,0
20140114102727.daq,120,3,707.483333333333,1,0,right,-0.280372619628906,180.280372619629,12,0.0001,68.6004180908203,300.299183439194,0.966789960861206,0.148835301399231,-0.0992890447378159,3.48363748087687,-16308.5432589668,-9513.44152388684,-16308.555309424,-9510.97896237291,-16308.5673598811,-9508.51640085897,1,0,0,0
20140114102727.daq,120,3,707.583333333333,1,0,right,-0.235122680664063,180.235122680664,12,0.0001,68.4662551879883,310.35075756842,0.966789960861206,0.149119645357132,0.00511969998478889,3.42690639247523,-16318.5951652333,-9513.49830314176,-16318.6052708532,-9511.03573287883,-16318.6153764731,-9508.5731626159,1,0,0,0
20140114102727.daq,120,3,707.683333333333,1,0,right,-0.189453125,180.189453125,12,0.0001,68.3324584960938,320.3826814692,0.966789960861206,0.149217888712883,0.0146115934476256,3.37922501635587,-16328.6265718844,-9513.54626655184,-16328.6347146257,-9511.08368901617,-16328.642857367,-9508.62111148049,1,0,0,0
20140114102727.daq,120,3,707.783333333333,1,0,right,-0.14666748046875,180.146667480469,12,0.0001,68.1990432739258,330.395010344568,0.92284494638443,0.1490518450737,0.0146115934476256,3.34016297286822,-16338.6383736881,-9513.58561801979,-16338.6446774966,-9511.12303509013,-16338.6509813051,-9508.66045216048,1,0,0,0
20140114102727.daq,120,3,707.883333333333,1,0,right,-0.103599548339844,180.10359954834,12,0.0001,68.0659866333008,340.387797439354,0.92284494638443,0.148683816194534,-0.0233552847057581,3.30803526229121,-16348.630649241,-9513.61713876665,-16348.6351019804,-9511.15455179426,-16348.6395547198,-9508.69196482188,1,0,0,0
20140114102727.daq,120,3,707.983333333333,1,0,right,-0.0616531372070313,180.061653137207,12,0.0001,67.9332962036133,350.361096371358,0.92284494638443,0.148559540510178,-0.0138636231422424,3.28507492822806,-16358.6043404614,-9513.64091548574,-16358.6069903325,-9511.17832591344,-16358.6096402036,-9508.71573634114,1,0,0,0
20140114102727.daq,120,3,708.083333333333,1,0,right,-0.0189361572265625,180.018936157227,12,0.0001,67.8009719848633,360.314960478638,0.92284494638443,0.149098306894302,-0.0233552847057581,3.26849634535185,-16368.5575409327,-9513.65683133913,-16368.5583548148,-9511.19424047562,-16368.5591686969,-9508.73164961212,1,0,0,0
20140114102727.daq,120,3,708.183333333333,1,0,right,0.021636962890625,179.978363037109,12,0.0001,67.6690063476563,370.249443192515,0.92284494638443,0.149139046669006,-0.0138636231422424,3.26033979300709,-16378.4921320956,-9513.66506640346,-16378.491202132,-9511.20247558106,-16378.4902721684,-9508.73988475865,1,0,0,0
20140114102727.daq,120,3,708.283333333333,1,0,right,0.0637741088867188,179.936225891113,12,0.0001,67.5373992919922,380.164597851071,0.92284494638443,0.14917454123497,-0.0233552847057581,3.25992332612727,-16388.4072285773,-9513.66539157541,-16388.4044875462,-9511.20280210289,-16388.4017465151,-9508.74021263036,1,0,0,0
20140114102727.daq,120,3,708.383333333333,1,0,right,0.100967407226563,179.899032592773,12,0.0001,67.4061660766602,390.060477419363,0.659174978733063,0.149080857634544,-0.0138636231422424,3.26602270052014,-16398.3026709028,-9513.65918575996,-16398.2983312935,-9511.19659858562,-16398.2939916842,-9508.73401141128,1,0,0,0
20140114102727.daq,120,3,708.483333333333,1,0,right,0.129592895507813,179.870407104492,12,0.0001,67.2752914428711,399.937135421955,0.351559996604919,0.149299189448357,0.00511969998478889,3.27850624535265,-16408.1783710873,-9513.64667333008,-16408.1728011478,-9511.18408863119,-16408.1672312083,-9508.7215039323,1,0,0,0
20140114102727.daq,120,3,708.583333333333,1,0,right,0.151504516601563,179.848495483398,12,0.0001,67.1447677612305,409.794624730668,0.351559996604919,0.149359986186028,-0.00437196157872677,3.29780976701329,-16418.0343752017,-9513.6277399219,-16418.0278634965,-9511.1651575332,-16418.0213517913,-9508.7025751445,1,0,0,0
20140114102727.daq,120,3,708.683333333333,1,0,right,0.172126770019531,179.82787322998,12,0.0001,67.0146179199219,419.632998030836,0.351559996604919,0.149267747998238,-0.0233552847057581,3.32146180013148,-16427.8708160896,-9513.60400326458,-16427.8634180369,-9511.14142337912,-16427.8560199842,-9508.67884349367,1,0,0,0
20140114102727.daq,120,3,708.783333333333,1,0,right,0.1904296875,179.8095703125,12,0.0001,66.8848190307617,429.452308567284,0.351559996604919,0.14979276061058,-0.0233552847057581,3.35077745389633,-16437.6896218531,-9513.57455055774,-16437.681437139,-9511.11197316121,-16437.673252425,-9508.64939576469,1,0,0,0
20140114102727.daq,120,3,708.883333333333,1,0,right,0.204071044921875,179.795928955078,12,0.0001,66.7553787231445,439.252608279334,0.0878899991512299,0.158747091889381,0.00511969998478889,3.38278420768705,-16447.4887824408,-9513.54245647958,-16447.4800114203,-9511.07988110152,-16447.4712403998,-9508.61730572346,1,0,0,0
20140114102727.daq,120,3,708.983333333333,1,0,right,0.202194213867188,179.797805786133,12,0.0001,66.6264038085938,449.033951624042,-0.527339935302734,0.164920121431351,0.00511969998478889,3.41932612099755,-16457.2680335862,-9513.50643980334,-16457.259343232,-9511.04386413929,-16457.2506528778,-9508.58128847524,1,0,0,0
20140114102727.daq,120,3,709.083333333333,1,0,right,0.188667297363281,179.811332702637,12,0.0001,66.4992523193359,458.796487425796,-0.615229964256287,0.167134061455727,-0.00437196157872677,3.45669182343212,-16467.027469511,-9513.46919085233,-16467.0193605447,-9511.00661320521,-16467.0112515783,-9508.54403555809,1,0,0,0
20140114102727.daq,120,3,709.183333333333,1,0,right,0.167350769042969,179.832649230957,12,0.0001,66.3756256103516,468.540620475767,-0.527339935302734,0.168755948543549,-0.0423388406634331,3.49337332278999,-16476.7691370486,-9513.43242373042,-16476.761944269,-9510.96984323684,-16476.7547514895,-9508.50726274327,1,0,0,0
20140114102727.daq,120,3,709.283333333333,1,0,right,0.148651123046875,179.851348876953,12,0.0001,66.2557525634766,478.266901871815,-0.175779983401299,0.170678079128265,-0.0423388406634331,3.5295328688193,-16486.4932898894,-9513.39647110982,-16486.4869008235,-9510.93388839988,-16486.4805117577,-9508.47130568995,1,0,0,0
20140114102727.daq,120,3,709.383333333333,1,0,right,0.135238647460938,179.864761352539,12,0.0001,66.139045715332,487.975841029751,0,0.177184775471687,0.00511969998478889,3.5642668823957,-16496.1980403289,-9513.36116789717,-16496.1922277338,-9510.89858375908,-16496.1864151387,-9508.43599962099,1,0,0,0
20140114102727.daq,120,3,709.483333333333,1,0,right,0.128662109375,179.871337890625,12,0.0001,66.0253677368164,497.667880692832,0.17577999830246,0.183339819312096,-0.0423388406634331,3.5968027452153,-16505.887332709,-9513.32837152177,-16505.8818027749,-9510.86578673272,-16505.8762728407,-9508.40320194367,1,0,0,0
20140114102727.daq,120,3,709.583333333333,1,0,right,0.127670288085938,179.872329711914,12,0.0001,65.9154510498047,507.343513398941,0.26366999745369,0.188840568065643,-0.0423388406634331,3.62868490164779,-16515.5611365877,-9513.29718286291,-16515.5556492822,-9510.83459797851,-16515.5501619768,-9508.3720130941,1,0,0,0
20140114102727.daq,120,3,709.683333333333,1,0,right,0.130088806152344,179.869911193848,12,0.0001,65.809944152832,517.003342744749,0.307614982128143,0.194090113043785,-0.0138636231422424,3.65841249709739,-16525.2193988345,-9513.26675984665,-16525.2138075807,-9510.80417519607,-16525.2082163268,-9508.34159054548,1,0,0,0
20140114102727.daq,120,3,709.783333333333,1,0,right,0.141700744628906,179.858299255371,12,0.0001,65.7091293334961,526.648039465748,0.57128494977951,0.194728061556816,-0.0423388406634331,3.68800819286482,-16534.8622607312,-9513.23772133261,-16534.8561703939,-9510.77513786576,-16534.8500800566,-9508.31255439891,1,0,0,0
20140114102727.daq,120,3,709.883333333333,1,0,right,0.158111572265625,179.841888427734,12,0.0001,65.6127853393555,536.278287725239,0.615229964256287,0.195822939276695,0.0146115934476256,3.7170988968062,-16544.4896146545,-9513.20838590794,-16544.482818977,-9510.74580428651,-16544.4760232995,-9508.28322266508,1,0,0,0
20140114102727.daq,120,3,709.983333333333,1,0,right,0.177375793457031,179.822624206543,12,0.0001,65.5198974609375,545.894670418762,0.615229964256287,0.204153433442116,-0.0803057178854942,3.74827628016308,-16554.1053191446,-9513.17692071164,-16554.0976954883,-9510.71434151427,-16554.0900718319,-9508.25176231691,1,0,0,0
20140114102727.daq,120,3,710.083333333333,1,0,right,0.200820922851563,179.799179077148,12,0.0001,65.4301452636719,555.497654534127,0.615229964256287,0.208708330988884,0.00511969998478889,3.78093176805292,-16563.7074532481,-9513.14422009264,-16563.6988219181,-9510.681644221,-16563.690190588,-9508.21906834936,1,0,0,0
20140114102727.daq,120,3,710.183333333333,1,0,right,0.222503662109375,179.777496337891,12,0.0001,65.3444061279297,565.087759184993,0.615229964256287,0.209253072738647,-0.0138636231422424,3.81644995846049,-16573.2958719803,-9513.10869862231,-16573.2863087255,-9510.64612619341,-16573.2767454707,-9508.1835537645,1,0,0,0
20140114102727.daq,120,3,710.283333333333,1,0,right,0.246162414550781,179.753837585449,12,0.0001,65.2625885009766,574.665585450348,0.615229964256287,0.209278002381325,-0.0233552847057581,3.85598873052761,-16582.8726195112,-9513.06914839339,-16582.8620394041,-9510.60658012332,-16582.851459297,-9508.14401185325,1,0,0,0
20140114102727.daq,120,3,710.383333333333,1,0,right,0.266128540039063,179.733871459961,12,0.0001,65.1837692260742,584.23164274601,0.483394980430603,0.219438552856445,0.0335949175059795,3.89731240215089,-16592.4375579739,-9513.02787339929,-16592.426119725,-9510.56530896564,-16592.414681476,-9508.10274453199,1,0,0,0
20140114102727.daq,120,3,710.483333333333,1,0,right,0.275741577148438,179.724258422852,12,0.0001,65.1075820922852,593.786327750538,-0.175779983401299,0.233225762844086,-0.0328471772372723,3.94309956305998,-16601.9905258696,-9512.9823564033,-16601.9786744538,-9510.51979392341,-16601.9668230381,-9508.05723144352,1,0,0,0
20140114102727.daq,120,3,710.583333333333,1,0,right,0.264717102050781,179.735282897949,12,0.0001,65.0354309082031,603.330111927688,-0.834954977035522,0.236427649855614,0.0241032540798187,3.99051261314141,-16611.5332268037,-9512.93518733737,-16611.5218492182,-9510.47262262269,-16611.5104716326,-9508.01005790801,1,0,0,0
20140114102727.daq,120,3,710.683333333333,1,0,right,0.234619140625,179.765380859375,12,0.0001,64.9684753417969,612.863691469756,-1.14256989955902,0.23643547296524,-0.0328471772372723,4.03696046836812,-16621.0637449701,-9512.8882222363,-16621.0536609923,-9510.42565188466,-16621.0435770145,-9507.96308153301,1,0,0,0
20140114102727.daq,120,3,710.783333333333,1,0,right,0.189506530761719,179.810493469238,12,0.0001,64.9064102172852,622.38781870457,-1.2744048833847,0.236982047557831,0.0525784716010094,4.08316020055926,-16630.5841305969,-9512.8421858015,-16630.5759855603,-9510.37960827342,-16630.5678405236,-9507.91703074534,1,0,0,0
20140114102727.daq,120,3,710.883333333333,1,0,right,0.13702392578125,179.862976074219,12,0.0001,64.8482818603516,631.903143293515,-1.45018494129181,0.239574790000916,-0.0423388406634331,4.12496497291654,-16640.094568332,-9512.80051060204,-16640.0886790052,-9510.33792664626,-16640.0827896785,-9507.87534269048,1,0,0,0
20140114102727.daq,120,3,710.983333333333,1,0,right,0.0750579833984375,179.924942016602,12,0.0001,64.7932205200195,641.410174372671,-1.53807497024536,0.250024020671844,-0.0233552847057581,4.16192057710013,-16649.5969582664,-9512.76332679763,-16649.5937322511,-9510.30073791269,-16649.5905062358,-9507.83814902774,1,0,0,0
20140114102727.daq,120,3,711.083333333333,1,0,right,0.0110321044921875,179.988967895508,12,0.0001,64.7413101196289,650.909351048605,-1.58201992511749,0.254044413566589,-0.0138636231422424,4.19140951852023,-16659.0914809417,-9512.7340811496,-16659.0910067783,-9510.27149019725,-16659.0905326149,-9507.8088992449,1,0,0,0
20140114102727.daq,120,3,711.183333333333,1,0,right,-0.0565109252929688,180.056510925293,12,0.0001,64.6935806274414,660.401211084645,-1.53807497024536,0.254076689481735,0.00511969998478889,4.21151889344451,-16668.5781000205,-9512.71384005552,-16668.5805288778,-9510.25125025531,-16668.5829577351,-9507.78866045511,1,0,0,0
20140114102727.daq,120,3,711.283333333333,1,0,right,-0.11578369140625,180.115783691406,12,0.0001,64.6500244140625,669.886386984464,-0.92284494638443,0.254778206348419,-0.0138636231422424,4.22237779280724,-16678.059059196,-9512.70285201351,-16678.0640356128,-9510.2402660437,-16678.0690120296,-9507.77768007389,1,0,0,0
20140114102727.daq,120,3,711.383333333333,1,0,right,-0.153427124023438,180.153427124023,12,0.0001,64.6096420288086,679.365419308866,-0.0439449958503246,0.255229264497757,-0.00437196157872677,4.22457641085063,-16687.534690787,-9512.70126965096,-16687.5412851262,-9510.23868748215,-16687.5478794653,-9507.77610531335,1,0,0,0
20140114102727.daq,120,3,711.483333333333,1,0,right,-0.172050476074219,180.172050476074,12,0.0001,64.5715866088867,688.838707813586,0.17577999830246,0.259981215000153,-0.0138636231422424,4.21799839373272,-16697.0049327985,-9512.70730193506,-16697.0123275721,-9510.24472203976,-16697.0197223457,-9507.78214214445,1,0,0,0
20140114102727.daq,120,3,711.583333333333,1,0,right,-0.177711486816406,180.177711486816,12,0.0001,64.5354614257813,698.306555182811,0.17577999830246,0.267440468072891,0.0146115934476256,4.20579207144729,-16706.4696363081,-9512.71937006458,-16706.4772743926,-9510.25679091192,-16706.4849124771,-9507.79421175927,1,0,0,0
20140114102727.daq,120,3,711.683333333333,1,0,right,-0.181053161621094,180.181053161621,12,0.0001,64.5019454956055,707.769281538203,0.0439449995756149,0.270494163036346,0.0241032540798187,4.18821094985413,-16715.9304910084,-9512.73715442058,-16715.9382727185,-9510.27457571759,-16715.9460544286,-9507.8119970146,1,0,0,0
20140114102727.daq,120,3,711.783333333333,1,0,right,-0.187690734863281,180.187690734863,12,0.0001,64.4718856811523,717.227341092555,-0.263669967651367,0.271069347858429,-0.0328471772372723,4.16774235750051,-16725.3873577577,-9512.75807185568,-16725.3954247513,-9510.2954940707,-16725.4034917449,-9507.83291628573,1,0,0,0
20140114102727.daq,120,3,711.883333333333,1,0,right,-0.203651428222656,180.203651428223,12,0.0001,64.4449691772461,726.681233377378,-0.527339935302734,0.271393656730652,0.0146115934476256,4.14401058608675,-16734.8381338804,-9512.7815176927,-16734.8468868657,-9510.31894225047,-16734.8556398511,-9507.85636680824,1,0,0,0
20140114102727.daq,120,3,711.983333333333,1,0,right,-0.226570129394531,180.226570129395,12,0.0001,64.4203262329102,736.131353579229,-0.615229964256287,0.271768271923065,-0.00437196157872677,4.11790978448369,-16744.2867838715,-9512.80734582529,-16744.296521903,-9510.34477408133,-16744.3062599345,-9507.88220233737,1,0,0,0
20140114102727.daq,120,3,712.083333333333,1,0,right,-0.252548217773438,180.252548217773,12,0.0001,64.397331237793,745.577987411132,-0.615229964256287,0.271776288747787,-0.0328471772372723,4.08983211668624,-16753.7294978808,-9512.83531557,-16753.7403524491,-9510.37274849441,-16753.7512070174,-9507.91018141882,1,0,0,0
20140114102727.daq,120,3,712.183333333333,1,0,right,-0.281402587890625,180.281402587891,12,0.0001,64.3755340576172,755.021341231717,-0.57128494977951,0.271775275468826,-0.0233552847057581,4.05873755065433,-16763.1701864588,-9512.86639209338,-16763.1822811838,-9510.40383079647,-16763.1943759087,-9507.94126949956,1,0,0,0
20140114102727.daq,120,3,712.283333333333,1,0,right,-0.309173583984375,180.309173583984,12,0.0001,64.3545074462891,764.461557710973,-0.57128494977951,0.271555483341217,-0.0233552847057581,4.0238609839122,-16772.6069948865,-9512.90130770607,-16772.6202832019,-9510.43875256068,-16772.6335715173,-9507.97619741528,1,0,0,0
20140114102727.daq,120,3,712.383333333333,1,0,right,-0.336593627929688,180.33659362793,12,0.0001,64.3340301513672,773.898733547489,-0.57128494977951,0.271846532821655,-0.0518305003643036,3.98513289840778,-16782.0418581145,-9512.94010759836,-16782.0563249335,-9510.47755909436,-16782.0707917525,-9508.01501059035,1,0,0,0
20140114102727.daq,120,3,712.483333333333,1,0,right,-0.364082336425781,180.364082336426,12,0.0001,64.3139266967773,783.332935227314,-0.57128494977951,0.272043913602829,-0.0233552847057581,3.94151269696219,-16791.4728125686,-9512.9837942079,-16791.488460839,-9510.52125292803,-16791.5041091094,-9508.05871164816,1,0,0,0
20140114102727.daq,120,3,712.583333333333,1,0,right,-0.390350341796875,180.390350341797,12,0.0001,64.2940673828125,792.76420741644,-0.57128494977951,0.272053331136703,-0.0233552847057581,3.89405524550805,-16800.9018436092,-9513.03131151473,-16800.9186208625,-9510.56877766781,-16800.9353981157,-9508.1062438209,1,0,0,0
20140114102727.daq,120,3,712.683333333333,1,0,right,-0.414207458496094,180.414207458496,12,0.0001,64.2743606567383,802.192578835355,-0.307614982128143,0.271576315164566,-0.0233552847057581,3.84182129240749,-16810.3270280069,-9513.0835627926,-16810.3448306214,-9510.62103614496,-16810.3626332359,-9508.15850949732,1,0,0,0
20140114102727.daq,120,3,712.783333333333,1,0,right,-0.424591064453125,180.424591064453,12,0.0001,64.2548217773438,811.618071117678,0.483394980430603,0.271789520978928,0.0241032540798187,3.78648413655238,-16819.7505961659,-9513.13889003201,-16819.7688450591,-9510.67636665115,-16819.7870939524,-9508.21384327028,1,0,0,0
20140114102727.daq,120,3,712.883333333333,1,0,right,-0.409881591796875,180.409881591797,12,0.0001,64.2354888916016,821.040713263654,1.40623998641968,0.271289527416229,-0.00437196157872677,3.72873497892849,-16829.170886276,-9513.19657750979,-16829.1885029681,-9510.73404952505,-16829.2061196603,-9508.27152154032,1,0,0,0
20140114102727.daq,120,3,712.983333333333,1,0,right,-0.366195678710938,180.366195678711,12,0.0001,64.2163619995117,830.460535112747,2.19724988937378,0.271715462207794,-0.00437196157872677,3.67080622889103,-16838.5899472819,-9513.25443227458,-16838.6056863825,-9510.79189157357,-16838.6214254832,-9508.32935087256,1,0,0,0
20140114102727.daq,120,3,713.083333333333,1,0,right,-0.305465698242188,180.305465698242,12,0.0001,64.1973419189453,839.877560629822,2.19724988937378,0.27179953455925,-0.0328471772372723,3.61491533741152,-16848.0074778958,-9513.31025876763,-16848.0206068474,-9510.84770276744,-16848.033735799,-9508.38514676725,1,0,0,0
20140114102727.daq,120,3,713.183333333333,1,0,right,-0.238739013671875,180.238739013672,12,0.0001,64.178352355957,849.291800072177,1.93357992172241,0.27179217338562,-0.00437196157872677,3.56431353044836,-16857.423200404,-9513.36083092064,-16857.4334614538,-9510.89826130045,-16857.4437225036,-9508.43569168026,1,0,0,0
20140114102727.daq,120,3,713.283333333333,1,0,right,-0.174964904785156,180.174964904785,12,0.0001,64.1593704223633,858.70325409255,1.58201992511749,0.271652489900589,-0.0423388406634331,3.52042809843393,-16866.8368918536,-9513.40474743103,-16866.8444118897,-9510.94216791506,-16866.8519319258,-9508.47958839909,1,0,0,0
20140114102727.daq,120,3,713.383333333333,1,0,right,-0.117843627929688,180.11784362793,12,0.0001,64.1404037475586,868.111925395147,1.49412989616394,0.272019803524017,-0.0328471772372723,3.48600345945213,-16876.2465082939,-9513.43930732287,-16876.2515732473,-9510.97672153357,-16876.2566382007,-9508.51413574426,1,0,0,0
20140114102727.daq,120,3,713.483333333333,1,0,right,-0.0649566650390625,180.064956665039,12,0.0001,64.1214904785156,877.517817989639,1.49412989616394,0.27230179309845,-0.0328471772372723,3.45930408937535,-16885.6521105827,-9513.46631484042,-16885.6549024404,-9511.003725425,-16885.6576942981,-9508.54113600957,1,0,0,0
20140114102727.daq,120,3,713.583333333333,1,0,right,-0.0160903930664063,180.016090393066,12,0.0001,64.1027221679688,886.92094660928,1.45018494129181,0.272544115781784,-0.0423388406634331,3.44319705055047,-16895.0556578233,-9513.48282738968,-16895.0563493936,-9511.02023648879,-16895.0570409638,-9508.55764558789,1,0,0,0
20140114102727.daq,120,3,713.683333333333,1,0,right,0.029693603515625,179.970306396484,12,0.0001,64.0841598510742,896.32133717712,1.18651497364044,0.272508770227432,-0.0328471772372723,3.4347858140924,-16904.4571736914,-9513.49074035276,-16904.4558974509,-9511.02814968547,-16904.4546212103,-9508.56555901818,1,0,0,0
20140114102727.daq,120,3,713.783333333333,1,0,right,0.061279296875,179.938720703125,12,0.0001,64.065788269043,905.719019159624,0.483394980430603,0.273357659578323,-0.0138636231422424,3.43448592859673,-16913.8544330368,-9513.49074111451,-16913.8517992334,-9511.02815152497,-16913.8491654301,-9508.56556193543,1,0,0,0
20140114102727.daq,120,3,713.883333333333,1,0,right,0.070465087890625,179.929534912109,12,0.0001,64.0476531982422,915.114022396287,-0.263669967651367,0.273130059242249,-0.0233552847057581,3.44088889321762,-16923.2491894626,-9513.48431387061,-16923.2461608513,-9511.02172473498,-16923.2431322399,-9508.55913559935,1,0,0,0
20140114102727.daq,120,3,713.983333333333,1,0,right,0.0649642944335938,179.935035705566,12,0.0001,64.0298156738281,924.506388102876,-0.351559966802597,0.27323317527771,0.0146115934476256,3.45158847678136,-16932.6396796299,-9513.47391174848,-16932.6368874442,-9511.01132233342,-16932.6340952586,-9508.54873291837,1,0,0,0
20140114102727.daq,120,3,714.083333333333,1,0,right,0.049774169921875,179.950225830078,12,0.0001,64.01220703125,933.896155350463,-0.263669967651367,0.273523718118668,-0.0233552847057581,3.46577878135511,-16942.0279790025,-9513.46020231465,-16942.025839693,-9510.99761224588,-16942.0237003834,-9508.53502217711,1,0,0,0
20140114102727.daq,120,3,714.183333333333,1,0,right,0.0361557006835938,179.963844299316,12,0.0001,63.9947929382324,943.28335486439,-0.0878899917006493,0.273222506046295,-0.0328471772372723,3.47896170869194,-16951.4124104547,-9513.44639564226,-16951.4108564712,-9510.98380513457,-16951.4093024876,-9508.52121462688,1,0,0,0
20140114102727.daq,120,3,714.283333333333,1,0,right,0.02545166015625,179.974548339844,12,0.0001,63.9775199890137,952.668011262213,0.0878899991512299,0.274182260036469,-0.0233552847057581,3.49277894536968,-16960.7949601563,-9513.43240877166,-16960.7938662358,-9510.96981801662,-16960.7927723153,-9508.50722726159,1,0,0,0
20140114102727.daq,120,3,714.383333333333,1,0,right,0.0217819213867188,179.978218078613,12,0.0001,63.9603843688965,962.050143240245,0.26366999745369,0.27420562505722,-0.0233552847057581,3.50658278005289,-16970.1757294059,-9513.41896369482,-16970.1747932119,-9510.95637287477,-16970.173857018,-9508.49378205473,1,0,0,0
20140114102727.daq,120,3,714.483333333333,1,0,right,0.0310821533203125,179.96891784668,12,0.0001,63.9434814453125,971.429778073616,0.92284494638443,0.27403599023819,-0.0233552847057581,3.51898588712929,-16979.5529109078,-9513.40667015821,-16979.5515749869,-9510.94407952257,-16979.5502390661,-9508.48148888693,1,0,0,0
20140114102727.daq,120,3,714.583333333333,1,0,right,0.0605239868164063,179.939476013184,12,0.0001,63.9267921447754,980.806950404098,1.62596487998962,0.273957967758179,-0.0233552847057581,3.53205645112735,-16988.9305863924,-9513.39313155644,-16988.9279850525,-9510.93054193239,-16988.9253837126,-9508.46795230835,1,0,0,0
20140114102727.daq,120,3,714.683333333333,1,0,right,0.103950500488281,179.896049499512,12,0.0001,63.9102592468262,990.181686667616,1.66990995407104,0.274505376815796,-0.0803057178854942,3.54675530900999,-16998.3046970361,-9513.37872785991,-16998.3002292127,-9510.91614091485,-16998.2957613892,-9508.45355396979,1,0,0,0
20140114102727.daq,120,3,714.783333333333,1,0,right,0.155990600585938,179.844009399414,12,0.0001,63.8938522338867,999.554008218045,1.66990995407104,0.274469822645187,-0.0423388406634331,3.56665067402083,-17007.6770628708,-9513.35890773474,-17007.670358353,-9510.89632586344,-17007.6636538352,-9508.43374399213,1,0,0,0
20140114102727.daq,120,3,714.883333333333,1,0,right,0.210372924804688,179.789627075195,12,0.0001,63.877513885498,1008.92392890275,1.66990995407104,0.274325489997864,0.0241032540798187,3.59011894053046,-17017.0475297103,-9513.33503526519,-17017.0384878348,-9510.87246086674,-17017.0294459593,-9508.40988646828,1,0,0,0
20140114102727.daq,120,3,714.983333333333,1,0,right,0.266319274902344,179.733680725098,12,0.0001,63.8612365722656,1018.29145748709,1.66990995407104,0.274604558944702,-0.0328471772372723,3.62153050107097,-17026.4160782332,-9513.30422877922,-17026.4046317865,-9510.84166438365,-17026.3931853398,-9508.37909998809,1,0,0,0
20140114102727.daq,120,3,715.083333333333,1,0,right,0.322441101074219,179.677558898926,12,0.0001,63.8450164794922,1027.65660315602,1.66990995407104,0.273787528276443,-0.0328471772372723,3.66057673681691,-17035.7826745023,-9513.26462103629,-17035.7688159534,-9510.80206903398,-17035.7549574045,-9508.33951703168,1,0,0,0
20140114102727.daq,120,3,715.183333333333,1,0,right,0.378631591796875,179.621368408203,12,0.0001,63.8288612365723,1037.01937495465,1.66990995407104,0.272731959819794,0.0335949175059795,3.70810616969071,-17045.1453627769,-9513.21719520704,-17045.129089188,-9510.75465798017,-17045.1128155991,-9508.29212075329,1,0,0,0
20140114102727.daq,120,3,715.283333333333,1,0,right,0.434425354003906,179.565574645996,12,0.0001,63.8127174377441,1046.37977857111,1.62596487998962,0.273763716220856,-0.0138636231422424,3.76432911185274,-17054.5060849454,-9513.16100357104,-17054.4874133831,-9510.6984833587,-17054.4687418208,-9508.23596314636,1,0,0,0
20140114102727.daq,120,3,715.383333333333,1,0,right,0.489593505859375,179.510406494141,12,0.0001,63.7965812683105,1055.73781451827,1.62596487998962,0.274211168289185,-0.0328471772372723,3.82999464198117,-17063.8648355723,-9513.09508378772,-17063.8437929424,-9510.6325826951,-17063.8227503124,-9508.17008160248,1,0,0,0
20140114102727.daq,120,3,715.483333333333,1,0,right,0.544731140136719,179.455268859863,12,0.0001,63.7804794311523,1065.09348601322,1.62596487998962,0.274172842502594,-0.00437196157872677,3.90504313442892,-17073.2216290486,-9513.02037555687,-17073.198216682,-9510.55789585451,-17073.1748043154,-9508.09541615216,1,0,0,0
20140114102727.daq,120,3,715.583333333333,1,0,right,0.598724365234375,179.401275634766,12,0.0001,63.7644958496094,1074.44680387275,1.53807497024536,0.27364182472229,0.00511969998478889,3.9889777806261,-17082.5744855903,-9512.93597143367,-17082.5487526932,-9510.47351488757,-17082.523019796,-9508.01105834147,1,0,0,0
20140114102727.daq,120,3,715.683333333333,1,0,right,0.649711608886719,179.350288391113,12,0.0001,63.7486152648926,1083.79778600054,1.45018494129181,0.274030923843384,-0.0233552847057581,4.08141803417359,-17091.9272671902,-9512.84394016645,-17091.8993429751,-9510.38150749495,-17091.87141876,-9507.91907482346,1,0,0,0
20140114102727.daq,120,3,715.783333333333,1,0,right,0.698715209960938,179.301284790039,12,0.0001,63.7327651977539,1093.14644242082,1.40623998641968,0.275507748126984,-0.0423388406634331,4.18259356042196,-17101.2741393324,-9512.74226535051,-17101.2441090727,-9510.2798574625,-17101.214078813,-9507.81744957449,1,0,0,0
20140114102727.daq,120,3,715.883333333333,1,0,right,0.744865417480469,179.25513458252,12,0.0001,63.7169570922852,1102.4927753249,1.40623998641968,0.275401204824448,-0.0328471772372723,4.29217482732052,-17110.6209410255,-9512.63295425186,-17110.5889273725,-9510.1705713512,-17110.5569137195,-9507.70818845055,1,0,0,0
20140114102727.daq,120,3,715.983333333333,1,0,right,0.789443969726563,179.210556030273,12,0.0001,63.7012367248535,1111.83679748781,1.14256989955902,0.274950206279755,-0.0518305003643036,4.40887767003621,-17119.9657499896,-9512.51592740887,-17119.9318205079,-9510.05357016149,-17119.8978910262,-9507.59121291412,1,0,0,0
20140114102727.daq,120,3,716.083333333333,1,0,right,0.814201354980469,179.18579864502,12,0.0001,63.6855278015137,1121.17851515719,0.17577999830246,0.274713218212128,-0.00437196157872677,4.53353732063542,-17129.306180921,-9512.39134235456,-17129.2711874632,-9509.92899999791,-17129.2361940053,-9507.46665764127,1,0,0,0
20140114102727.daq,120,3,716.183333333333,1,0,right,0.815406799316406,179.184593200684,12,0.0001,63.6698760986328,1130.51793168999,-0.483394980430603,0.274406015872955,0.0146115934476256,4.66353721160471,-17138.6421469941,-9512.26138464118,-17138.6071017311,-9509.79904302131,-17138.5720564681,-9507.33670140143,1,0,0,0
20140114102727.daq,120,3,716.283333333333,1,0,right,0.795494079589844,179.20450592041,12,0.0001,63.6543006896973,1139.85505832263,-0.878899931907654,0.273810982704163,-0.0138636231422424,4.79592499433966,-17147.977612294,-9512.12883278824,-17147.9434228015,-9509.66647913736,-17147.9092333091,-9507.20412548647,1,0,0,0
20140114102727.daq,120,3,716.383333333333,1,0,right,0.754890441894531,179.245109558105,12,0.0001,63.6387786865234,1149.18990540569,-1.40623986721039,0.27384552359581,0.0241032540798187,4.92961788733933,-17157.3086793579,-9511.99561286171,-17157.276234863,-9509.53323560016,-17157.2437903682,-9507.07085833861,1,0,0,0
20140114102727.daq,120,3,716.483333333333,1,0,right,0.70111083984375,179.298889160156,12,0.0001,63.6232757568359,1158.52247680896,-1.66990995407104,0.27322781085968,0.0146115934476256,5.06062885596763,-17166.6355245402,-9511.86418692353,-17166.6053913233,-9509.40178029329,-17166.5752581063,-9506.93937366304,1,0,0,0
20140114102727.daq,120,3,716.583333333333,1,0,right,0.638282775878906,179.361717224121,12,0.0001,63.6078491210938,1167.85278013221,-1.66990995407104,0.273860335350037,-0.00437196157872677,5.18700753844198,-17175.9621504227,-9511.73820417936,-17175.9347173915,-9509.27576598679,-17175.9072843603,-9506.81332779422,1,0,0,0
20140114102727.daq,120,3,716.683333333333,1,0,right,0.573043823242188,179.426956176758,12,0.0001,63.5924186706543,1177.1808207372,-1.53807497024536,0.273012757301331,-0.0328471772372723,5.30684182479794,-17185.284808005,-9511.61822872448,-17185.2601788081,-9509.15576089198,-17185.2355496112,-9506.69329305948,1,0,0,0
20140114102727.daq,120,3,716.783333333333,1,0,right,0.512809753417969,179.487190246582,12,0.0001,63.5770263671875,1186.50660156124,-1.2744048833847,0.273646324872971,0.0146115934476256,5.41829204265699,-17194.6056281375,-9511.50673020588,-17194.5835877039,-9509.04423784189,-17194.5615472704,-9506.5817454779,1,0,0,0
20140114102727.daq,120,3,716.883333333333,1,0,right,0.459037780761719,179.540962219238,12,0.0001,63.5616302490234,1195.83012507546,-1.05467987060547,0.274098455905914,-0.00437196157872677,5.52192565043435,-17203.9246469046,-9511.40361867012,-17203.9049175244,-9508.94110670568,-17203.8851881443,-9506.47859474125,1,0,0,0
20140114102727.daq,120,3,716.983333333333,1,0,right,0.411262512207031,179.588737487793,12,0.0001,63.5462837219238,1205.15139249202,-0.966789960861206,0.2735316157341,-0.00437196157872677,5.61424822476162,-17213.2418542006,-9511.310876516,-17213.2241781576,-9508.84834895657,-17213.2065021146,-9506.38582139715,1,0,0,0
20140114102727.daq,120,3,717.083333333333,1,0,right,0.36627197265625,179.633728027344,12,0.0001,63.5310440063477,1214.47041709887,-0.92284494638443,0.273908883333206,-0.00437196157872677,5.69935530728808,-17222.5571732672,-9511.22577339336,-17222.5414308875,-9508.76323271331,-17222.5256885077,-9506.30069203326,1,0,0,0
20140114102727.daq,120,3,717.183333333333,1,0,right,0.325485229492188,179.674514770508,12,0.0001,63.5158424377441,1223.78720999254,-0.92284494638443,0.274529725313187,-0.0423388406634331,5.77535510684739,-17231.868685776,-9511.15017470045,-17231.8546963916,-9508.68762343792,-17231.8407070072,-9506.2250721754,0,1,0,1
20140114102727.daq,120,3,717.283333333333,1,0,right,0.285308837890625,179.714691162109,12,0.0001,63.500732421875,1233.10177919241,-0.92284494638443,0.274012535810471,0.00511969998478889,5.84388336269312,-17241.1802113041,-9511.08137345234,-17241.1679486893,-9508.61881298573,-17241.1556860746,-9506.15625251912,0,1,0,1
20140114102727.daq,120,3,717.383333333333,1,0,right,0.245216369628906,179.754783630371,12,0.0001,63.4856414794922,1242.41413556188,-0.92284494638443,0.274726003408432,-0.00437196157872677,5.9047603270086,-17250.489784004,-9511.02037882572,-17250.4792445578,-9508.55781038129,-17250.4687051117,-9506.09524193686,0,1,0,1
20140114102727.daq,120,3,717.483333333333,1,0,right,0.205070495605469,179.794929504395,12,0.0001,63.4704933166504,1251.72427313308,-0.92284494638443,0.274478435516357,-0.00437196157872677,5.95910746617789,-17259.7954474162,-9510.96622275906,-17259.7866334393,-9508.50364753437,-17259.7778194624,-9506.04107230968,0,1,0,1
20140114102727.daq,120,3,717.583333333333,1,0,right,0.165985107421875,179.834014892578,12,0.0001,63.4554481506348,1261.0321951697,-0.834954977035522,0.27447098493576,0.0335949175059795,6.00672992820762,-17269.10113497,-9510.91883633988,-17269.0940008868,-9508.45625567556,-17269.0868668036,-9505.99367501123,0,1,0,1
20140114102727.daq,120,3,717.683333333333,1,0,right,0.130050659179688,179.86994934082,12,0.0001,63.4405136108398,1270.33791901593,-0.659174978733063,0.27425479888916,-0.00437196157872677,6.04814446842959,-17278.4029916521,-9510.87711376846,-17278.3974020378,-9508.41452911415,-17278.3918124235,-9505.95194445984,0,1,0,1
20140114102727.daq,120,3,717.783333333333,1,0,right,0.099853515625,179.900146484375,12,0.0001,63.4256591796875,1279.64145847254,-0.57128494977951,0.274169981479645,-0.0138636231422424,6.08330297075199,-17287.703034264,-9510.84187182509,-17287.69874253,-9508.37928456685,-17287.694450796,-9505.91669730861,0,1,0,1
20140114102727.daq,120,3,717.883333333333,1,0,right,0.0716781616210938,179.928321838379,12,0.0001,63.4108505249023,1288.94282347046,-0.615229964256287,0.273728966712952,-0.00437196157872677,6.11291109652492,-17297.0011723175,-9510.81236387526,-17296.9980915679,-9508.3497748043,-17296.9950108183,-9505.88718573334,0,1,0,1
20140114102727.daq,120,3,717.983333333333,1,0,right,0.0427398681640625,179.957260131836,12,0.0001,63.3960647583008,1298.24201783289,-0.74706494808197,0.273126572370529,-0.0138636231422424,6.13773992375514,-17306.2973376683,-9510.78778555614,-17306.2955006953,-9508.32519524329,-17306.2936637222,-9505.86260493044,0,1,0,1
20140114102727.daq,120,3,718.083333333333,1,0,right,0.00333404541015625,179.99666595459,12,0.0001,63.3812408447266,1307.53904305179,-1.23045992851257,0.274353981018066,0.0241032540798187,6.15676449489076,-17315.591291748,-9510.76873654033,-17315.5911484497,-9508.3061455465,-17315.5910051513,-9505.84355455267,0,1,0,1
20140114102727.daq,120,3,718.183333333333,1,0,right,-0.0475845336914063,180.047584533691,12,0.0001,63.3663558959961,1316.83388765763,-1.66990995407104,0.275071680545807,-0.0138636231422424,6.16901980312279,-17324.8830074728,-9510.75625742431,-17324.8850526711,-9508.29366727558,-17324.8870978694,-9505.83107712686,0,1,0,1
20140114102727.daq,120,3,718.283333333333,1,0,right,-0.114082336425781,180.114082336426,12,0.0001,63.3515853881836,1326.12655621958,-1.93357992172241,0.274690479040146,-0.0138636231422424,6.17360168163678,-17334.1723824838,-9510.75157509227,-17334.177285776,-9508.28898897577,-17334.1821890682,-9505.82640285928,0,1,0,1
20140114102727.daq,120,3,718.383333333333,1,0,right,-0.186553955078125,180.186553955078,12,0.0001,63.3369293212891,1335.41706701429,-1.88963496685028,0.272285044193268,-0.0328471772372723,6.17108133571163,-17343.4576984342,-9510.75409545327,-17343.4657165689,-9508.29151750873,-17343.4737347036,-9505.82893956419,0,1,1,1
20140114102727.daq,120,3,718.483333333333,1,0,right,-0.262794494628906,180.262794494629,12,0.0001,63.3222961425781,1344.70543207083,-1.84568989276886,0.2747722864151,0.0146115934476256,6.15961160271975,-17352.7409618858,-9510.76563507008,-17352.752256838,-9508.303069975,-17352.7635517901,-9505.84050487992,0,1,1,1
20140114102727.daq,120,3,718.583333333333,1,0,right,-0.333572387695313,180.333572387695,12,0.0001,63.3075675964355,1353.99164332321,-1.49412989616394,0.273006856441498,-0.00437196157872677,6.13681289279532,-17362.0224022309,-9510.78855415956,-17362.0367391982,-9508.32600489613,-17362.0510761655,-9505.8634556327,0,1,1,1
20140114102727.daq,120,3,718.683333333333,1,0,right,-0.393569946289063,180.393569946289,12,0.0001,63.2929382324219,1363.2757009113,-1.05467987060547,0.27451166510582,0.0146115934476256,6.10396928942552,-17371.3021537226,-9510.82154897733,-17371.3190693522,-9508.35901607706,-17371.3359849818,-9505.89648317679,0,1,1,1
20140114102727.daq,120,3,718.783333333333,1,0,right,-0.441276550292969,180.441276550293,12,0.0001,63.278377532959,1372.55761714387,-0.834954977035522,0.272887229919434,-0.0328471772372723,6.06089637733371,-17380.5802563069,-9510.86452730984,-17380.5992223272,-9508.40200934777,-17380.6181883475,-9505.9394913857,0,1,1,1
20140114102727.daq,120,3,718.883333333333,1,0,right,-0.479705810546875,180.479705810547,12,0.0001,63.2639427185059,1381.83740838603,-0.57128494977951,0.275020003318787,-0.0423388406634331,6.00857957782017,-17389.8566362365,-9510.91669895355,-17389.8772539053,-9508.45419426621,-17389.8978715742,-9505.99168957887,0,1,1,1
20140114102727.daq,120,3,718.983333333333,1,0,right,-0.508049011230469,180.50804901123,12,0.0001,63.24951171875,1391.11508191115,-0.351559966802597,0.274655669927597,-0.0233552847057581,5.94814205118593,-17399.1313149861,-9510.97703801911,-17399.1531508096,-9508.51454383227,-17399.174986633,-9506.05204964542,0,1,1,1
20140114102727.daq,120,3,719.083333333333,1,0,right,-0.525489807128906,180.525489807129,12,0.0001,63.2351455688477,1400.39064331412,-0.0439449958503246,0.274191915988922,-0.00437196157872677,5.88060148694577,-17408.4043140094,-9511.04451806209,-17408.4268994134,-9508.58203063614,-17408.4494848173,-9506.11954321019,0,1,1,1
20140114102727.daq,120,3,719.183333333333,1,0,right,-0.531272888183594,180.531272888184,12,0.0001,63.2208251953125,1409.66410187315,0.439449995756149,0.275061726570129,-0.0233552847057581,5.80795106545092,-17417.6756529206,-9511.1171397097,-17417.6984868726,-9508.65465457593,-17417.7213208247,-9506.19216944215,0,1,1,1
20140114102727.daq,120,3,719.283333333333,1,0,right,-0.523483276367188,180.523483276367,12,0.0001,63.2065925598145,1418.935465934,0.703119993209839,0.274604231119156,-0.0518305003643036,5.7332362170454,-17426.9453800969,-9511.19185546852,-17426.9678792632,-9508.72936725313,-17426.9903784294,-9506.26687903773,0,1,1,1
20140114102727.daq,120,3,719.383333333333,1,0,right,-0.508689880371094,180.508689880371,12,0.0001,63.1924629211426,1428.20474985689,0.703119993209839,0.27383616566658,-0.00437196157872677,5.65702021630792,-17436.2133301299,-9511.26809310344,-17436.235193497,-9508.80559916098,-17436.2570568642,-9506.34310521853,0,0,1,0
20140114102727.daq,120,3,719.483333333333,1,0,right,-0.491294860839844,180.49129486084,12,0.0001,63.1784515380859,1437.47197051976,0.703119993209839,0.273976296186447,-0.0803057178854942,5.58000531172209,-17445.4793921421,-9511.34514700081,-17445.5005078942,-9508.88264653412,-17445.5216236463,-9506.42014606743,0,0,1,0
20140114102727.daq,120,3,719.583333333333,1,0,right,-0.471908569335938,180.471908569336,12,0.0001,63.1644630432129,1446.73713831985,0.615229964256287,0.273841947317123,-0.0233552847057581,5.50508723018497,-17454.7435506726,-9511.42012500385,-17454.7638332251,-9508.95761753351,-17454.7841157776,-9506.49511006316,0,0,1,0
20140114102727.daq,120,3,719.683333333333,1,0,right,-0.457740783691406,180.457740783691,12,0.0001,63.1504707336426,1456.00025386324,0.439449995756149,0.273798882961273,-0.0233552847057581,5.43181959068527,-17464.0056248221,-9511.49347115064,-17464.0252984586,-9509.03095874022,-17464.0449720952,-9506.56844632981,0,0,1,0
20140114102727.daq,120,3,719.783333333333,1,0,right,-0.447708129882813,180.447708129883,12,0.0001,63.1364974975586,1465.26131892165,0.351559996604919,0.274293303489685,-0.00437196157872677,5.36027825978908,-17473.2656419861,-9511.56511880477,-17473.2848844294,-9509.1026029872,-17473.3041268727,-9506.64008716962,0,0,1,0
20140114102727.daq,120,3,719.883333333333,1,0,right,-0.4422607421875,180.442260742188,12,0.0001,63.1225204467773,1474.52033396134,0.26366999745369,0.274427235126495,-0.00437196157872677,5.29144846725209,-17482.5216378928,-9511.63411918679,-17482.5406462127,-9509.17160155088,-17482.5596545327,-9506.70908391496,0,0,1,0
20140114102727.daq,120,3,719.983333333333,1,0,right,-0.437881469726563,180.437881469727,12,0.0001,63.1086463928223,1483.77730606917,0.17577999830246,0.273536324501038,0.0146115934476256,5.22426985891372,-17491.7776070055,-9511.70123222959,-17491.7964271084,-9509.23871314801,-17491.8152472114,-9506.77619406643,0,0,1,0
20140114102727.daq,120,3,720.083333333333,1,0,right,-0.437324523925781,180.437324523926,12,0.0001,63.094841003418,1493.03224955877,0.219724997878075,0.274404406547546,0.00511969998478889,5.15773293606083,-17501.0315272102,-9511.7676041703,-17501.0503233761,-9509.3050849059,-17501.069119542,-9506.84256564149,0,0,1,0
20140114102727.daq,120,3,720.183333333333,1,0,right,-0.43450927734375,180.434509277344,12,0.0001,63.080997467041,1502.28516536262,0.307614982128143,0.273771584033966,-0.0233552847057581,5.09231675579628,-17510.2815977433,-9511.83286042931,-17510.3002729125,-9509.37034024432,-17510.3189480817,-9506.90782005933,0,0,1,0
20140114102727.daq,120,3,720.283333333333,1,0,right,-0.427505493164063,180.427505493164,12,0.0001,63.0672492980957,1511.5360566978,0.527339994907379,0.274432480335236,-0.0138636231422424,5.02819835386532,-17519.5317731788,-9511.89688208303,-17519.5501473317,-9509.4343596336,-17519.5685214845,-9506.97183718417,0,0,1,0
20140114102727.daq,120,3,720.383333333333,1,0,right,-0.417648315429688,180.41764831543,12,0.0001,63.0535697937012,1520.78493657244,0.57128494977951,0.274461627006531,0.00511969998478889,4.96432453703263,-17528.7781137488,-9511.96072791582,-17528.7960642485,-9509.49820234175,-17528.8140147482,-9507.03567676767,0,0,1,0
20140114102727.daq,120,3,720.483333333333,1,0,right,-0.402938842773438,180.402938842773,12,0.0001,63.039981842041,1530.03181757507,0.615229964256287,0.274177074432373,-0.0328471772372723,4.90280967470554,-17538.0245756241,-9512.02232159898,-17538.0418939221,-9509.55979149765,-17538.0592122202,-9507.09726139631,0,0,1,0
20140114102727.daq,120,3,720.583333333333,1,0,right,-0.386459350585938,180.386459350586,12,0.0001,63.0264511108398,1539.27671000966,0.703119993209839,0.273526579141617,-0.0138636231422424,4.84251171874722,-17547.2691283952,-9512.08282954856,-17547.2857384162,-9509.62029456797,-17547.3023484372,-9507.15775958737,0,0,1,0
20140114102727.daq,120,3,720.683333333333,1,0,right,-0.364837646484375,180.364837646484,12,0.0001,63.0129470825195,1548.51962068332,1.05467998981476,0.273681551218033,-0.0233552847057581,4.78463034329566,-17556.5099030781,-9512.14106732356,-17556.5255838113,-9509.67852625019,-17556.5412645445,-9507.21598517682,0,0,1,0
20140114102727.daq,120,3,720.783333333333,1,0,right,-0.331336975097656,180.331336975098,12,0.0001,62.9994087219238,1557.7605487568,1.49412989616394,0.273981332778931,-0.0423388406634331,4.72871313181767,-17565.7509736131,-9512.19661947484,-17565.7652145033,-9509.73406965393,-17565.7794553935,-9507.27151983302,0,0,1,0
20140114102727.daq,120,3,720.883333333333,1,0,right,-0.28839111328125,180.288391113281,12,0.0001,62.9858245849609,1566.99948663038,1.66990995407104,0.274175137281418,-0.0328471772372723,4.67745995107269,-17574.9903250039,-9512.24768244465,-17575.0027200942,-9509.78512264128,-17575.0151151845,-9507.32256283791,0,0,1,0
20140114102727.daq,120,3,720.983333333333,1,0,right,-0.237510681152344,180.237510681152,12,0.0001,62.9722709655762,1576.23643374458,1.62596487998962,0.274413526058197,-0.0233552847057581,4.63181129056664,-17584.2279184172,-9512.29337233302,-17584.2381266733,-9509.83080249341,-17584.2483349294,-9507.3682326538,0,0,1,0
20140114102727.daq,120,3,721.083333333333,1,0,right,-0.185897827148438,180.185897827148,12,0.0001,62.9587745666504,1585.47139713964,1.49412989616394,0.273444473743439,-0.0518305003643036,4.59235273394124,-17593.4635740715,-9512.33315652487,-17593.4715640058,-9509.87057848867,-17593.47955394,-9507.40800045247,0,0,1,0
20140114102727.daq,120,3,721.183333333333,1,0,right,-0.1373291015625,180.137329101563,12,0.0001,62.9453125,1594.70438492815,1.45018494129181,0.274300664663315,-0.0233552847057581,4.55926625548324,-17602.6952453223,-9512.36629155217,-17602.7011477656,-9509.90370762779,-17602.7070502088,-9507.44112370341,0,0,1,0
20140114102727.daq,120,3,721.283333333333,1,0,right,-0.0879669189453125,180.087966918945,12,0.0001,62.9318008422852,1603.93539468569,1.49412989616394,0.273658752441406,-0.0138636231422424,4.53267571567292,-17611.9269336139,-9512.39254062443,-17611.9307144589,-9509.92995252882,-17611.9344953038,-9507.46736443321,0,0,1,0
20140114102727.daq,120,3,721.383333333333,1,0,right,-0.0403671264648438,180.040367126465,12,0.0001,62.9183120727539,1613.16442328841,1.45018494129181,0.27431982755661,-0.0423388406634331,4.51513254877851,-17621.1566227517,-9512.41010845662,-17621.1583577436,-9509.94751806981,-17621.1600927355,-9507.48492768299,0,0,1,0
20140114102727.daq,120,3,721.483333333333,1,0,right,-0.0029754638671875,180.002975463867,12,0.0001,62.9048919677734,1622.39147810294,0.615229964256287,0.274041593074799,-0.0423388406634331,4.50518736326798,-17630.3841053828,-9512.42049360637,-17630.3842332692,-9509.95790261169,-17630.3843611556,-9507.49531161701,0,0,1,0
20140114102727.daq,120,3,721.583333333333,1,0,right,0.00904083251953125,179.99095916748,12,0.0001,62.8916091918945,1631.61657470174,-0.307614982128143,0.274350225925446,-0.00437196157872677,4.50078219290301,-17639.6090101337,-9512.42463389062,-17639.6086215558,-9509.96204292328,-17639.608232978,-9507.49945195594,0,0,1,0
20140114102727.daq,120,3,721.683333333333,1,0,right,0.00234222412109375,179.997657775879,12,0.0001,62.8784599304199,1640.83973271363,-0.395504981279373,0.274514138698578,-0.0233552847057581,4.50038081495175,-17648.8315017426,-9512.42504782829,-17648.831401073,-9509.96245683235,-17648.8313004035,-9507.49986583641,0,0,1,0
20140114102727.daq,120,3,721.783333333333,1,0,right,-0.01336669921875,180.013366699219,12,0.0001,62.8653373718262,1650.06096519334,-0.263669967651367,0.275137931108475,-0.00437196157872677,4.50331807964132,-17658.0498654524,-9512.42211222904,-17658.0504399574,-9509.95952129806,-17658.0510144624,-9507.49693036707,0,0,1,0
20140114102727.daq,120,3,721.883333333333,1,0,right,-0.0284576416015625,180.028457641602,12,0.0001,62.8522567749023,1659.28027484511,-0.0439449958503246,0.274517595767975,-0.0233552847057581,4.50696805614855,-17667.266290983,-9512.41816178261,-17667.2675141015,-9509.95557108836,-17667.26873722,-9507.49298039411,0,0,1,0
20140114102727.daq,120,3,721.983333333333,1,0,right,-0.0363998413085938,180.036399841309,12,0.0001,62.8393020629883,1668.49767546968,0.17577999830246,0.274108797311783,-0.0328471772372723,4.51044338772506,-17676.4828923249,-9512.4147461875,-17676.4844568016,-9509.95215568645,-17676.4860212784,-9507.48956518541,0,0,1,0
20140114102727.daq,120,3,722.083333333333,1,0,right,-0.0387954711914063,180.038795471191,12,0.0001,62.8264007568359,1677.71318156716,0.26366999745369,0.274314165115356,-0.00437196157872677,4.51345247863299,-17685.6957239572,-9512.4119644924,-17685.6973913989,-9509.94937405892,-17685.6990588406,-9507.48678362544,0,0,1,0
20140114102727.daq,120,3,722.183333333333,1,0,right,-0.03692626953125,180.036926269531,12,0.0001,62.8134841918945,1686.92679369706,0.307614982128143,0.274024128913879,-0.0423388406634331,4.51562859853,-17694.908660612,-9512.40989589583,-17694.9102477148,-9509.94730540927,-17694.9118348177,-9507.4847149227,0,0,1,0
20140114102727.daq,120,3,722.283333333333,1,0,right,-0.0338363647460938,180.033836364746,12,0.0001,62.8005638122559,1696.1385113465,0.26366999745369,0.274055033922195,-0.0233552847057581,4.51658593339379,-17704.1177210689,-9512.40872844847,-17704.1191753666,-9509.94613787989,-17704.1206296643,-9507.48354731131,0,0,1,0
20140114102727.daq,120,3,722.383333333333,1,0,right,-0.0306625366210938,180.030662536621,12,0.0001,62.7876663208008,1705.34833512161,0.26366999745369,0.273522645235062,-0.0328471772372723,4.51803825980449,-17713.3267835814,-9512.4075558123,-17713.328101467,-9509.94496516694,-17713.3294193526,-9507.48237452158,0,0,1,0
20140114102727.daq,120,3,722.483333333333,1,0,right,-0.0309524536132813,180.030952453613,12,0.0001,62.7748146057129,1714.55627117676,-0.0439449958503246,0.274258315563202,-0.00437196157872677,4.51773121030851,-17722.5338076942,-9512.40757372306,-17722.5351380406,-9509.9449830844,-17722.5364683869,-9507.48239244574,0,0,1,0
20140114102727.daq,120,3,722.583333333333,1,0,right,-0.04168701171875,180.041687011719,12,0.0001,62.7619590759277,1723.76232235604,-0.395504981279373,0.274121105670929,-0.0233552847057581,4.5180895201942,-17731.7366683695,-9512.4072603044,-17731.7384600905,-9509.9446699582,-17731.7402518115,-9507.48207961201,0,0,1,0
20140114102727.daq,120,3,722.683333333333,1,0,right,-0.0580368041992188,180.058036804199,12,0.0001,62.749153137207,1732.96649061766,-0.439449965953827,0.273620545864105,-0.00437196157872677,4.51831707388263,-17740.9393905382,-9512.40729368029,-17740.9418849782,-9509.94470394564,-17740.9443794183,-9507.48211421099,0,0,1,0
20140114102727.daq,120,3,722.783333333333,1,0,right,-0.0768203735351563,180.076820373535,12,0.0001,62.7363929748535,1742.16878430737,-0.395504981279373,0.274499773979187,-0.0138636231422424,4.51574836054002,-17750.140099262,-9512.40943037538,-17750.1434010253,-9509.94684159083,-17750.1467027886,-9507.48425280628,0,0,1,0
20140114102727.daq,120,3,722.883333333333,1,0,right,-0.0968704223632813,180.096870422363,12,0.0001,62.7236595153809,1751.36920832068,-0.395504981279373,0.274634718894958,0.00511969998478889,4.51283153294643,-17759.3368700882,-9512.41262168713,-17759.341033608,-9509.95003420878,-17759.3451971279,-9507.48744673043,0,0,1,0
20140114102727.daq,120,3,722.983333333333,1,0,right,-0.117271423339844,180.11727142334,12,0.0001,62.7109870910645,1760.5677692316,-0.395504981279373,0.274639427661896,-0.0423388406634331,4.50643197934399,-17768.5336318088,-9512.41876418157,-17768.5386721687,-9509.9561783418,-17768.5437125287,-9507.49359250204,0,0,1,0
20140114102727.daq,120,3,723.083333333333,1,0,right,-0.138458251953125,180.138458251953,12,0.0001,62.6983413696289,1769.76447436014,-0.395504981279373,0.273916602134705,-0.0233552847057581,4.49763822774112,-17777.7284205198,-9512.42788469527,-17777.7343714942,-9509.96530088769,-17777.7403224685,-9507.50271708012,0,0,1,0
20140114102727.daq,120,3,723.183333333333,1,0,right,-0.157638549804688,180.157638549805,12,0.0001,62.6857566833496,1778.95932822885,-0.395504981279373,0.272956311702728,0.0525784716010094,4.48543429936134,-17786.921305295,-9512.43981085193,-17786.9280806419,-9509.97722917449,-17786.9348559888,-9507.51464749704,0,0,1,0
20140114102727.daq,120,3,723.283333333333,1,0,right,-0.176979064941406,180.176979064941,12,0.0001,62.6732063293457,1788.15234020918,-0.395504981279373,0.274621933698654,-0.0233552847057581,4.47076472833726,-17796.1102794543,-9512.45467642512,-17796.1178860593,-9509.99209717503,-17796.1254926642,-9507.52951792493,0,0,1,0
20140114102727.daq,120,3,723.383333333333,1,0,right,-0.197364807128906,180.197364807129,12,0.0001,62.6606254577637,1797.34350838955,-0.395504981279373,0.273890614509583,-0.0328471772372723,4.45173804014959,-17805.2992272926,-9512.47351258471,-17805.3077100786,-9510.0109361969,-17805.3161928646,-9507.5483598091,0,0,1,0
20140114102727.daq,120,3,723.483333333333,1,0,right,-0.217391967773438,180.217391967773,12,0.0001,62.6481323242188,1806.53283747899,-0.395504981279373,0.273755997419357,0.00511969998478889,4.43016983883427,-17814.486230458,-9512.49525612805,-17814.4955740121,-9510.03268285575,-17814.5049175663,-9507.57010958346,0,0,1,0
20140114102727.daq,120,3,723.583333333333,1,0,right,-0.237098693847656,180.237098693848,12,0.0001,62.635669708252,1815.72033703545,-0.395504981279373,0.274261355400085,-0.0138636231422424,4.40530762441844,-17823.6712880261,-9512.51990941761,-17823.681478575,-9510.05733950466,-17823.6916691239,-9507.59476959172,0,0,1,0
20140114102727.daq,120,3,723.683333333333,1,0,right,-0.256439208984375,180.256439208984,12,0.0001,62.6232376098633,1824.9060104159,-0.307614982128143,0.273679196834564,0.00511969998478889,4.37705942642555,-17832.8544011555,-9512.5484462004,-17832.8654229582,-9510.08587986762,-17832.876444761,-9507.62331353485,0,0,1,0
20140114102727.daq,120,3,723.783333333333,1,0,right,-0.273460388183594,180.273460388184,12,0.0001,62.6108818054199,1834.08986601268,-0.175779983401299,0.273816823959351,-0.0233552847057581,4.34636462986057,-17842.0375715883,-9512.5787929041,-17842.0493249589,-9510.11622995431,-17842.0610783296,-9507.65366700451,0,0,1,0
20140114102727.daq,120,3,723.883333333333,1,0,right,-0.284645080566406,180.284645080566,12,0.0001,62.5985412597656,1843.27191128566,-0.0439449958503246,0.273887038230896,0.0146115934476256,4.31302056080996,-17851.2169807549,-9512.61268580772,-17851.2292148415,-9510.15012519921,-17851.2414489281,-9507.68756459071,0,0,1,0
20140114102727.daq,120,3,723.983333333333,1,0,right,-0.295272827148438,180.295272827148,12,0.0001,62.586181640625,1852.45214460298,-0.0439449958503246,0.274574428796768,-0.00437196157872677,4.27564408558698,-17860.3944505314,-9512.6494740007,-17860.4071413961,-9510.18691570385,-17860.4198322609,-9507.724357407,0,0,1,0
20140114102727.daq,120,3,724.083333333333,1,0,right,-0.304489135742188,180.304489135742,12,0.0001,62.573860168457,1861.63056703701,-0.175779983401299,0.27443853020668,0.00511969998478889,4.23844116090927,-17869.57195535,-9512.6871516774,-17869.5850423292,-9510.22459545379,-17869.5981293084,-9507.76203923019,0,0,1,0
20140114102727.daq,120,3,724.183333333333,1,0,right,-0.316352844238281,180.316352844238,12,0.0001,62.5616416931152,1870.80719038367,-0.263669967651367,0.274306356906891,-0.0328471772372723,4.19728929251028,-17878.7454878436,-9512.72792223282,-17878.7590847214,-9510.26536877181,-17878.7726815991,-9507.8028153108,0,0,1,0
20140114102727.daq,120,3,724.283333333333,1,0,right,-0.330528259277344,180.330528259277,12,0.0001,62.549488067627,1879.98202704499,-0.219724982976913,0.274228751659393,-0.0423388406634331,4.15445202178614,-17887.9189625333,-9512.77078836824,-17887.9331686652,-9510.30823834656,-17887.9473747971,-9507.84568832489,0,0,1,0
20140114102727.daq,120,3,724.383333333333,1,0,right,-0.344139099121094,180.344139099121,12,0.0001,62.5373687744141,1889.15508401459,-0.175779983401299,0.273945659399033,-0.00437196157872677,4.11098121688512,-17897.088544846,-9512.81459617644,-17897.1033359661,-9510.35204959897,-17897.1181270861,-9507.8895030215,0,0,1,0
20140114102727.daq,120,3,724.483333333333,1,0,right,-0.357704162597656,180.357704162598,12,0.0001,62.5252532958984,1898.32636353043,-0.175779983401299,0.274118781089783,-0.00437196157872677,4.06375655037547,-17906.2581281025,-9512.86133076991,-17906.2735022424,-9510.39878776334,-17906.2888763822,-9507.93624475676,0,0,1,0
20140114102727.daq,120,3,724.583333333333,1,0,right,-0.369354248046875,180.369354248047,12,0.0001,62.5131530761719,1907.49586713113,-0.131834983825684,0.273826569318771,-0.00437196157872677,4.01554923716508,-17915.4258058787,-9512.90990038437,-17915.4416807329,-9510.44736055475,-17915.4575555871,-9507.98482072514,0,0,1,0
20140114102727.daq,120,3,724.683333333333,1,0,right,-0.375946044921875,180.375946044922,12,0.0001,62.5011024475098,1916.66359943247,0.219724997878075,0.274030745029449,-0.00437196157872677,3.96524405215286,-17924.5916568015,-9512.96011133045,-17924.6078149673,-9510.49757334351,-17924.6239731331,-9508.03503535657,0,0,1,0
20140114102727.daq,120,3,724.783333333333,1,0,right,-0.373863220214844,180.373863220215,12,0.0001,62.4891128540039,1925.82956840718,0.659174978733063,0.27420574426651,-0.0423388406634331,3.91334089202048,-17933.7557713479,-9513.01174077857,-17933.7718399951,-9510.54920220588,-17933.7879086423,-9508.08666363318,0,0,1,0
20140114102727.daq,120,3,724.883333333333,1,0,right,-0.358619689941406,180.358619689941,12,0.0001,62.4771728515625,1934.99378305373,1.01073491573334,0.27442854642868,-0.0138636231422424,3.86195909480461,-17942.9182614915,-9513.063535638,-17942.9336749802,-9510.6009928774,-17942.949088469,-9508.1384501168,0,0,1,0
20140114102727.daq,120,3,724.983333333333,1,0,right,-0.333961486816406,180.333961486816,12,0.0001,62.4652824401855,1944.15624971301,1.01073491573334,0.274087607860565,-0.0138636231422424,3.8107186508935,-17952.0790331502,-9513.11475002169,-17952.0933868408,-9510.65220085568,-17952.1077405315,-9508.18965168968,0,0,1,0
20140114102727.daq,120,3,725.083333333333,1,0,right,-0.30426025390625,180.304260253906,12,0.0001,62.4534568786621,1953.31697761663,1.01073491573334,0.27409365773201,-0.108780935406685,3.76141679849975,-17961.239929802,-9513.16370006439,-17961.253006944,-9510.70114378853,-17961.2660840859,-9508.23858751267,0,0,1,0
20140114102727.daq,120,3,725.183333333333,1,0,right,-0.275566101074219,180.275566101074,12,0.0001,62.4416351318359,1962.47597198645,0.92284494638443,0.274197906255722,-0.00437196157872677,3.71555652459092,-17970.3988473225,-9513.20978214608,-17970.4106911963,-9510.7472196299,-17970.4225350701,-9508.28465711372,0,0,1,0
20140114102727.daq,120,3,725.283333333333,1,0,right,-0.248756408691406,180.248756408691,12,0.0001,62.4297904968262,1971.63323044468,0.878899991512299,0.273819774389267,0.100037008523941,3.67282148395553,-17979.5557639998,-9513.25305042608,-17979.5664555965,-9510.79048263753,-17979.5771471932,-9508.32791484898,0,0,1,0
20140114102727.daq,120,3,725.383333333333,1,0,right,-0.223869323730469,180.22386932373,12,0.0001,62.4179763793945,1980.78875345753,0.834954977035522,0.274330347776413,-0.0423388406634331,3.63275175656617,-17988.71067905,-9513.29253076154,-17988.720301001,-9510.82995856128,-17988.7299229519,-9508.36738636102,0,0,1,0
20140114102727.daq,120,3,725.483333333333,1,0,right,-0.202888488769531,180.20288848877,12,0.0001,62.406192779541,1989.94254596718,0.615229964256287,0.273802310228348,-0.0138636231422424,3.59779203598833,-17997.863543429,-9513.32736905338,-17997.8722636232,-9510.86479349482,-17997.8809838174,-9508.40221793625,0,0,1,0
20140114102727.daq,120,3,725.583333333333,1,0,right,-0.188949584960938,180.188949584961,12,0.0001,62.3945083618164,1999.09461711197,0.351559996604919,0.274018287658691,-0.0423388406634331,3.56673069194267,-18007.0142796789,-9513.35873547807,-18007.022400778,-9510.89615787093,-18007.0305218771,-9508.43358026379,0,0,1,0
20140114102727.daq,120,3,725.683333333333,1,0,right,-0.180305480957031,180.180305480957,12,0.0001,62.3828926086426,2008.24498087917,0.351559996604919,0.27389594912529,-0.00437196157872677,3.53837188448013,-18016.1648845354,-9513.38749890299,-18016.1726341101,-9510.92492009866,-18016.1803836848,-9508.46234129434,0,0,1,0
20140114102727.daq,120,3,725.783333333333,1,0,right,-0.173057556152344,180.173057556152,12,0.0001,62.3712615966797,2017.39364015947,0.351559996604919,0.27409416437149,-0.0233552847057581,3.51290086103631,-18025.3115484776,-9513.41244221484,-18025.3189865356,-9510.9498624499,-18025.3264245936,-9508.48728268495,0,0,1,0
20140114102727.daq,120,3,725.883333333333,1,0,right,-0.168411254882813,180.168411254883,12,0.0001,62.3596572875977,2026.54059425349,0.351559996604919,0.274266749620438,-0.0328471772372723,3.48859126140882,-18034.4581479349,-9513.43656951413,-18034.4653862943,-9510.9739891541,-18034.4726246536,-9508.51140879407,0,0,1,0
20140114102727.daq,120,3,725.983333333333,1,0,right,-0.163108825683594,180.163108825684,12,0.0001,62.3481369018555,2035.68585197321,0.351559996604919,0.27408629655838,-0.0233552847057581,3.46659496807895,-18043.6008573651,-9513.45870318171,-18043.6078678253,-9510.99612216236,-18043.6148782855,-9508.533541143,0,0,1,0
20140114102727.daq,120,3,726.083333333333,1,0,right,-0.15826416015625,180.158264160156,12,0.0001,62.3366775512695,2044.82942553417,0.395504981279373,0.274941325187683,-0.0233552847057581,3.44583408996385,-18052.7435554331,-9513.47988852969,-18052.7503576689,-9511.01730692637,-18052.7571599046,-9508.55472532304,0,0,1,0
20140114102727.daq,120,3,726.183333333333,1,0,right,-0.153648376464844,180.153648376465,12,0.0001,62.3252220153809,2053.97131787368,0.395504981279373,0.274831116199493,-0.0518305003643036,3.42568036450866,-18061.884294686,-9513.50011143299,-18061.8908985346,-9511.03752928967,-18061.8975023833,-9508.57494714635,0,0,1,0
20140114102727.daq,120,3,726.283333333333,1,0,right,-0.14776611328125,180.147766113281,12,0.0001,62.3138236999512,2063.1115346799,0.395504981279373,0.274482071399689,-0.00437196157872677,3.40609987141905,-18071.0231121294,-9513.51927958703,-18071.0294631573,-9511.0566967787,-18071.0358141853,-9508.59411397037,0,0,1,0
20140114102727.daq,120,3,726.383333333333,1,0,right,-0.142440795898438,180.142440795898,12,0.0001,62.3024406433105,2072.2500818741,0.395504981279373,0.273766279220581,0.0335949175059795,3.38768498504806,-18080.1599626328,-9513.53750554442,-18080.1660847777,-9511.07492215643,-18080.1722069225,-9508.61233876845,0,0,1,0
20140114102727.daq,120,3,726.483333333333,1,0,right,-0.137733459472656,180.137733459473,12,0.0001,62.2911033630371,2081.3869617875,0.395504981279373,0.273495733737946,-0.00437196157872677,3.36941568869056,-18089.2948446964,-9513.55576963937,-18089.300764519,-9511.09318575671,-18089.3066843416,-9508.63060187405,0,0,1,0
20140114102727.daq,120,3,726.583333333333,1,0,right,-0.133819580078125,180.133819580078,12,0.0001,62.2798080444336,2090.52218229959,0.395504981279373,0.274392247200012,-0.0423388406634331,3.35321638690092,-18098.4297071152,-9513.5721295836,-18098.4354587185,-9511.10954530231,-18098.4412103218,-9508.64696102101,0,0,1,0
20140114102727.daq,120,3,726.683333333333,1,0,right,-0.128440856933594,180.128440856934,12,0.0001,62.2685012817383,2099.65574574155,0.395504981279373,0.274207383394241,-0.0233552847057581,3.33724148210986,-18107.562652609,-9513.58839908683,-18107.5681730337,-9511.12581427644,-18107.5736934583,-9508.66322946605,0,0,1,0
20140114102727.daq,120,3,726.783333333333,1,0,right,-0.124160766601563,180.124160766602,12,0.0001,62.2572593688965,2108.78765416487,0.395504981279373,0.273327469825745,-0.0803057178854942,3.32223028163152,-18116.6916646659,-9513.6037598435,-18116.6970011313,-9511.1411746276,-18116.7023375968,-9508.6785894117,0,0,1,0
20140114102727.daq,120,3,726.883333333333,1,0,right,-0.120414733886719,180.120414733887,12,0.0001,62.2460708618164,2117.91791964521,0.395504981279373,0.274038314819336,0.0335949175059795,3.30764320821327,-18125.8206635043,-9513.61817700273,-18125.8258389644,-9511.15559144319,-18125.8310144245,-9508.69300588365,0,0,1,0
20140114102727.daq,120,3,726.983333333333,1,0,right,-0.117042541503906,180.117042541504,12,0.0001,62.2348327636719,2127.04653999124,0.395504981279373,0.27394437789917,-0.0138636231422424,3.29390587244179,-18134.9476999647,-9513.631640675,-18134.9527304872,-9511.16905481512,-18134.9577610097,-9508.70646895525,0,0,1,0
20140114102727.daq,120,3,727.083333333333,1,0,right,-0.113380432128906,180.113380432129,12,0.0001,62.2236328125,2136.17351403733,0.395504981279373,0.274168312549591,-0.00437196157872677,3.28026081813716,-18144.0747435759,-9513.64508644194,-18144.0796167001,-9511.18250026556,-18144.0844898243,-9508.71991408918,0,0,1,0
20140114102727.daq,120,3,727.183333333333,1,0,right,-0.109260559082031,180.109260559082,12,0.0001,62.212516784668,2145.29885110832,0.395504981279373,0.274001926183701,-0.0233552847057581,3.26771966873088,-18153.1978922305,-9513.65752737596,-18153.2025882816,-9511.19494085554,-18153.2072843326,-9508.73235433513,0,0,1,0
20140114102727.daq,120,3,727.283333333333,1,0,right,-0.106796264648438,180.106796264648,12,0.0001,62.2014808654785,2154.42256411915,0.395504981279373,0.274384409189224,-0.0138636231422424,3.25511829713439,-18162.3209999761,-9513.67007052894,-18162.3255901112,-9511.20748380883,-18162.3301802463,-9508.74489708871,0,0,1,0
20140114102727.daq,120,3,727.383333333333,1,0,right,-0.104255676269531,180.10425567627,12,0.0001,62.1904602050781,2163.54466001677,0.395504981279373,0.274113595485687,-0.0138636231422424,3.24354201412226,-18171.4402033493,-9513.68163240586,-18171.4446842893,-9511.21904548463,-18171.4491652293,-9508.75645856341,0,0,1,0
20140114102727.daq,120,3,727.483333333333,1,0,right,-0.102798461914063,180.102798461914,12,0.0001,62.1794815063477,2172.66514239128,0.395504981279373,0.273748338222504,-0.0233552847057581,3.23289540672075,-18180.5593799619,-9513.69228461386,-18180.5637982705,-9511.22969757946,-18180.568216579,-9508.76711054506,0,0,1,0
20140114102727.daq,120,3,727.583333333333,1,0,right,-0.0994720458984375,180.099472045898,12,0.0001,62.1685371398926,2181.78401711731,0.395504981279373,0.274031281471252,-0.0138636231422424,3.22238458481688,-18189.6786027281,-9513.70282139968,-18189.6828780664,-9511.24023411292,-18189.6871534047,-9508.77764682616,0,0,1,0
20140114102727.daq,120,3,727.683333333333,1,0,right,-0.0965042114257813,180.096504211426,12,0.0001,62.1576499938965,2190.901290629,0.395504981279373,0.273896932601929,-0.0897973775863647,3.21184720977989,-18198.7939103795,-9513.7133803234,-18198.7980581595,-9511.25079281849,-18198.8022059395,-9508.78820531358,0,0,1,0
20140114102727.daq,120,3,727.783333333333,1,0,right,-0.0950546264648438,180.095054626465,12,0.0001,62.1467933654785,2200.0169701531,0.351559996604919,0.273992955684662,-0.0138636231422424,3.20218535599057,-18207.9072274166,-9513.72305643515,-18207.9113128931,-9511.26046882609,-18207.9153983695,-9508.79788121703,0,0,1,0
20140114102727.daq,120,3,727.883333333333,1,0,right,-0.0953369140625,180.095336914063,12,0.0001,62.1359710693359,2209.13105983916,0.26366999745369,0.274146974086761,0.00511969998478889,3.19241878899297,-18217.0205016977,-9513.73283949175,-18217.024599307,-9511.27025190285,-18217.0286969162,-9508.80766431394,0,0,1,0
20140114102727.daq,120,3,727.983333333333,1,0,right,-0.0987014770507813,180.098701477051,12,0.0001,62.1251945495605,2218.24356523546,0.17577999830246,0.273638606071472,0.00511969998478889,3.18342626967126,-18226.1317467545,-9513.74183631742,-18226.1359889736,-9511.27924897338,-18226.1402311926,-9508.81666162935,0,0,1,0
20140114102727.daq,120,3,728.083333333333,1,0,right,-0.103767395019531,180.10376739502,12,0.0001,62.1144638061523,2227.35449436137,0.219724997878075,0.274149596691132,-0.0613221637904644,3.1733384317773,-18235.2409966583,-9513.75191475577,-18235.2454566118,-9511.28932779644,-18235.2499165653,-9508.82674083711,0,0,1,0
20140114102727.daq,120,3,728.183333333333,1,0,right,-0.10888671875,180.10888671875,12,0.0001,62.1037521362305,2236.46385062043,0.219724997878075,0.274412512779236,-0.0233552847057581,3.1632352123508,-18244.3482920902,-9513.7619964806,-18244.3529720735,-9511.2994099296,-18244.3576520568,-9508.83682337859,0,0,1,0
20140114102727.daq,120,3,728.283333333333,1,0,right,-0.113479614257813,180.113479614258,12,0.0001,62.0930709838867,2245.57163806896,0.219724997878075,0.273827880620956,-0.0423388406634331,3.15315812873586,-18253.4536473754,-9513.77204569078,-18253.4585247624,-9511.30945952284,-18253.4634021495,-9508.8468733549,0,0,1,0
20140114102727.daq,120,3,728.383333333333,1,0,right,-0.117454528808594,180.117454528809,12,0.0001,62.0824546813965,2254.67786356072,0.219724997878075,0.273949861526489,-0.00437196157872677,3.14215092555554,-18262.5590179091,-9513.7830332993,-18262.5640661389,-9511.32044747566,-18262.5691143688,-9508.85786165201,0,0,1,0
20140114102727.daq,120,3,728.483333333333,1,0,right,-0.122528076171875,180.122528076172,12,0.0001,62.0718650817871,2263.78253362309,0.219724997878075,0.27394911646843,0.00511969998478889,3.13010596139733,-18271.6624081469,-9513.79506529272,-18271.667674439,-9511.33247992575,-18271.672940731,-9508.86989455878,0,0,1,0
20140114102727.daq,120,3,728.583333333333,1,0,right,-0.127388000488281,180.127388000488,12,0.0001,62.061279296875,2272.88565124001,0.219724997878075,0.27372732758522,-0.0138636231422424,3.11809415939222,-18280.7638505132,-9513.80708408653,-18280.7693256859,-9511.34449917511,-18280.7748008585,-9508.8819142637,0,0,1,0
20140114102727.daq,120,3,728.683333333333,1,0,right,-0.131767272949219,180.131767272949,12,0.0001,62.0506896972656,2281.98721687773,0.26366999745369,0.273858398199081,-0.0233552847057581,3.1051730332104,-18289.8633516141,-9513.82004975945,-18289.8690150088,-9511.35746527371,-18289.8746784035,-9508.89488078797,0,0,1,0
20140114102727.daq,120,3,728.783333333333,1,0,right,-0.133949279785156,180.133949279785,12,0.0001,62.0401229858398,2291.08723011662,0.307614982128143,0.274330705404282,0.0146115934476256,3.09147171357768,-18298.9609539079,-9513.83385634055,-18298.9667110857,-9511.37127207228,-18298.9724682635,-9508.90868780401,0,0,1,0
20140114102727.daq,120,3,728.883333333333,1,0,right,-0.136650085449219,180.136650085449,12,0.0001,62.029598236084,2300.18569631849,0.351559996604919,0.274098694324493,-0.00437196157872677,3.07681823238423,-18308.0585433659,-9513.84867150934,-18308.0644166249,-9511.38608751519,-18308.0702898839,-9508.92350352104,0,0,1,0
20140114102727.daq,120,3,728.983333333333,1,0,right,-0.1380615234375,180.138061523438,12,0.0001,62.0191421508789,2309.28262401555,0.351559996604919,0.273911714553833,-0.0233552847057581,3.06234100344326,-18317.1542115824,-9513.86340707917,-18317.1601455052,-9511.40082323045,-18317.1660794281,-9508.93823938173,0,0,1,0
20140114102727.daq,120,3,729.083333333333,1,0,right,-0.137977600097656,180.137977600098,12,0.0001,62.0087127685547,2318.37802052778,0.351559996604919,0.275329262018204,-0.0423388406634331,3.04710845214445,-18326.2479636581,-9513.87902689836,-18326.2538939739,-9511.41644304094,-18326.2598242897,-9508.95385918353,0,0,1,0
20140114102727.daq,120,3,729.183333333333,1,0,right,-0.139114379882813,180.139114379883,12,0.0001,61.9983253479004,2327.47188846616,0.351559996604919,0.290180802345276,-0.0138636231422424,3.03106438319479,-18335.3397324161,-9513.89472207462,-18335.3457115909,-9511.43213833536,-18335.3516907657,-9508.96955459609,0,0,1,0
20140114102727.daq,120,3,729.283333333333,1,0,right,-0.139389038085938,180.139389038086,12,0.0001,61.9889869689941,2336.56428601766,0.351559996604919,0.292995572090149,-0.00437196157872677,3.01507141571628,-18344.4295693725,-9513.91036402988,-18344.4355603522,-9511.4477803193,-18344.4415513319,-9508.98519660873,0,0,1,0
20140114102727.daq,120,3,729.383333333333,1,0,right,-0.139991760253906,180.139991760254,12,0.0001,61.9827423095703,2345.65552453858,0.351559996604919,0.292964696884155,-0.0423388406634331,2.99920232125067,-18353.5193982141,-9513.92602623713,-18353.5254150989,-9511.46344258971,-18353.5314319837,-9509.0008589423,0,0,1,0
20140114102727.daq,120,3,729.483333333333,1,0,right,-0.140335083007813,180.140335083008,12,0.0001,61.9796562194824,2354.74608878055,0.351559996604919,0.294022381305695,-0.0233552847057581,2.98251882018979,-18362.6092334718,-9513.94264899356,-18362.6152651127,-9511.48006538225,-18362.6212967536,-9509.01748177093,0,0,1,0
20140114102727.daq,120,3,729.583333333333,1,0,right,-0.142303466796875,180.142303466797,12,0.0001,61.9788780212402,2363.83637826622,0.307614982128143,0.293869405984879,-0.0423388406634331,2.96687477783943,-18371.6970754051,-9513.95839550447,-18371.7031916475,-9511.49581210182,-18371.7093078899,-9509.03322869917,0,0,1,0
20140114102727.daq,120,3,729.683333333333,1,0,right,-0.144378662109375,180.144378662109,12,0.0001,61.9798011779785,2372.92668472308,0.307614982128143,0.293923676013947,-0.0423388406634331,2.95039546136108,-18380.7868678167,-9513.97512516969,-18380.7930732514,-9511.51254199018,-18380.7992786861,-9509.04995881066,0,0,1,0
20140114102727.daq,120,3,729.783333333333,1,0,right,-0.14849853515625,180.148498535156,12,0.0001,61.9818992614746,2382.01721898571,0.26366999745369,0.294651091098785,-0.0233552847057581,2.93496021374572,-18389.8746565061,-9513.99100448574,-18389.8810390137,-9511.5284217588,-18389.8874215213,-9509.06583903186,0,0,1,0
20140114102727.daq,120,3,729.883333333333,1,0,right,-0.151008605957031,180.151008605957,12,0.0001,61.984806060791,2391.1081233511,0.307614982128143,0.295497238636017,-0.0518305003643036,2.91818883655571,-18398.964438142,-9514.00776098905,-18398.9709285328,-9511.54517854409,-18398.9774189237,-9509.08259609912,0,0,1,0
20140114102727.daq,120,3,729.983333333333,1,0,right,-0.153244018554688,180.153244018555,12,0.0001,61.9884071350098,2400.19950524138,0.307614982128143,0.304938614368439,0.0146115934476256,2.90006408860765,-18408.0542265688,-9514.02547709857,-18408.0608130381,-9511.5628949087,-18408.0673995074,-9509.10031271883,0,0,1,0
20140114102727.daq,120,3,730.083333333333,1,0,right,-0.156234741210938,180.156234741211,12,0.0001,61.992992401123,2409.2914756221,0.307614982128143,0.316544651985168,-0.00437196157872677,2.88203990255654,-18417.1439962944,-9514.04323982746,-18417.1507113054,-9511.58065798475,-18417.1574263165,-9509.11807614204,0,0,1,0
20140114102727.daq,120,3,730.183333333333,1,0,right,-0.15869140625,180.15869140625,12,0.0001,62.0004386901855,2418.38430164985,0.395504981279373,0.319704651832581,-0.0138636231422424,2.86420182199059,-18426.2357323565,-9514.06096958848,-18426.2425529553,-9511.59838803595,-18426.2493735542,-9509.13580648342,0,0,1,0
20140114102727.daq,120,3,730.283333333333,1,0,right,-0.15252685546875,180.152526855469,12,0.0001,62.0120811462402,2427.47852360566,0.92284494638443,0.320398479700089,-0.00437196157872677,2.84604864603505,-18435.3276818181,-9514.07914376823,-18435.3342374636,-9511.61656149612,-18435.3407931091,-9509.153979224,0,0,1,0
20140114102727.daq,120,3,730.383333333333,1,0,right,-0.13409423828125,180.134094238281,12,0.0001,62.0274963378906,2436.57474093664,1.31834995746613,0.320967882871628,-0.0328471772372723,2.82875587322039,-18444.4238409482,-9514.09656060199,-18444.4296043564,-9511.63397634829,-18444.4353677645,-9509.17139209459,0,0,1,0
20140114102727.daq,120,3,730.483333333333,1,0,right,-0.106834411621094,180.106834411621,12,0.0001,62.0456848144531,2445.67343396517,1.31834995746613,0.321257889270782,-0.0518305003643036,2.81305965648934,-18453.5221709089,-9514.11245569687,-18453.5267626835,-9511.64986897981,-18453.5313544582,-9509.18728226275,0,0,1,0
20140114102727.daq,120,3,730.583333333333,1,0,right,-0.0777511596679688,180.077751159668,12,0.0001,62.0658187866211,2454.77494570533,1.14256989955902,0.321311205625534,-0.0233552847057581,2.79947192405923,-18462.6224981764,-9514.12628473472,-18462.6258399452,-9511.66369600414,-18462.629181714,-9509.20110727355,0,0,1,0
20140114102727.daq,120,3,730.683333333333,1,0,right,-0.0575714111328125,180.057571411133,12,0.0001,62.0873184204102,2463.87951599195,0.703119993209839,0.321172803640366,-0.0613221637904644,2.78919339371252,-18471.7265113837,-9514.13675712172,-18471.728985821,-9511.67416736689,-18471.7314602583,-9509.21157761206,0,0,1,0
20140114102727.daq,120,3,730.783333333333,1,0,right,-0.0444793701171875,180.044479370117,12,0.0001,62.1097297668457,2472.98731141322,0.483394980430603,0.321453124284744,-0.0233552847057581,2.78132078422743,-18480.8342558409,-9514.14473748601,-18480.8361675784,-9511.68214723007,-18480.8380793158,-9509.21955697412,0,0,1,0
20140114102727.daq,120,3,730.883333333333,1,0,right,-0.0403671264648438,180.040367126465,12,0.0001,62.1327476501465,2482.09844116298,0.395504981279373,0.334272354841232,-0.0423388406634331,2.77576309494626,-18489.9437321267,-9514.15034283162,-18489.9454671186,-9511.68775244481,-18489.9472021105,-9509.22516205799,0,0,1,0
20140114102727.daq,120,3,730.983333333333,1,0,right,-0.0397872924804688,180.03978729248,12,0.0001,62.1567802429199,2491.21300487712,0.351559996604919,0.345904499292374,0.00511969998478889,2.77281090597801,-18499.0570276567,-9514.15323669992,-18499.0587377272,-9511.69064629568,-18499.0604477977,-9509.22805589143,0,0,1,0
20140114102727.daq,120,3,731.083333333333,1,0,right,-0.0416641235351563,180.041664123535,12,0.0001,62.1840133666992,2500.33129875908,0.307614982128143,0.348536342382431,-0.0518305003643036,2.77090144013947,-18508.1741689333,-9514.15432920299,-18508.1759596705,-9511.69173885609,-18508.1777504078,-9509.22914850918,0,0,1,0
20140114102727.daq,120,3,731.183333333333,1,0,right,-0.04803466796875,180.048034667969,12,0.0001,62.2157783508301,2509.45391740705,0.0878899991512299,0.348743289709091,-0.0138636231422424,2.76991766020371,-18517.2951057582,-9514.15569929232,-18517.2971703034,-9511.69310915974,-18517.2992348486,-9509.23051902716,0,0,1,0
20140114102727.daq,120,3,731.283333333333,1,0,right,-0.0608673095703125,180.06086730957,12,0.0001,62.2516288757324,2518.58150558689,-0.131834983825684,0.349269777536392,-0.00437196157872677,2.76796459922583,-18526.41978952,-9514.15746851096,-18526.4224056161,-9511.69487890255,-18526.4250217121,-9509.23228929413,0,0,1,0
20140114102727.daq,120,3,731.383333333333,1,0,right,-0.0766067504882813,180.076606750488,12,0.0001,62.2905464172363,2527.71458861327,-0.175779983401299,0.349039673805237,-0.0138636231422424,2.76611985535211,-18535.5522139064,-9514.1594171822,-18535.5555064882,-9511.69682838536,-18535.5587990699,-9509.23423958851,0,0,1,0
20140114102727.daq,120,3,731.483333333333,1,0,right,-0.0960235595703125,180.09602355957,12,0.0001,62.3316230773926,2536.85354777877,-0.131834983825684,0.348875045776367,-0.0138636231422424,2.76165683598123,-18544.688453496,-9514.16354595529,-18544.6925806175,-9511.70095841567,-18544.6967077389,-9509.23837087605,0,0,1,0
20140114102727.daq,120,3,731.583333333333,1,0,right,-0.115211486816406,180.115211486816,12,0.0001,62.374137878418,2545.99864506466,-0.0878899917006493,0.348977327346802,-0.0328471772372723,2.75592938226775,-18553.8305577096,-9514.1696135592,-18553.8355095329,-9511.70702753981,-18553.8404613563,-9509.24444152042,0,0,1,0
20140114102727.daq,120,3,731.683333333333,1,0,right,-0.132148742675781,180.132148742676,12,0.0001,62.4175682067871,2555.15004948363,0,0.349115937948227,-0.0328471772372723,2.74762386497131,-18562.9805296815,-9514.17847174711,-18562.9862094719,-9511.71588729914,-18562.9918892622,-9509.25330285116,0,0,1,0
20140114102727.daq,120,3,731.783333333333,1,0,right,-0.142829895019531,180.14282989502,12,0.0001,62.4615936279297,2564.30787013625,0.395504981279373,0.349179148674011,-0.0423388406634331,2.73541097764226,-18572.1365155072,-9514.18987331379,-18572.1426543756,-9511.72728996744,-18572.148793244,-9509.26470662109,0,0,1,0
20140114102727.daq,120,3,731.883333333333,1,0,right,-0.138534545898438,180.138534545898,12,0.0001,62.5059928894043,2573.47217686557,1.09862494468689,0.350073784589767,-0.0328471772372723,2.722984189039,-18581.2987311328,-9514.20230346759,-18581.3046853862,-9511.73971966794,-18581.3106396397,-9509.27713586829,0,0,1,0
20140114102727.daq,120,3,731.983333333333,1,0,right,-0.121086120605469,180.121086120605,12,0.0001,62.5506591796875,2582.64301554976,1.23045992851257,0.354778796434402,-0.0233552847057581,2.71029509640872,-18590.4690844111,-9514.21587470427,-18590.4742887276,-9511.75328920555,-18590.479493044,-9509.29070370682,0,0,1,0
20140114102727.daq,120,8,1130.11666666667,1,0,right,0.214110653130831,198.32559967041,12,0.000499540075164374,58.4110260009766,0,-6.63569450378418,0.350096732378006,-0.0518305003643036,2.67907747041751,-33313.2851790989,-25515.9483709068,-33314.059458653,-25513.6106699859,-33314.8337382071,-25511.272969065,1,0,0,0
20140114102727.daq,120,8,1130.21666666667,1,0,right,0.157169746582667,198.58805847168,12,0.000499609685187165,58.4684295654297,8.57117936828581,-6.63569450378418,0.349739342927933,-0.0518305003643036,2.74990038744929,-33321.4184554021,-25518.610149301,-33322.203435266,-25516.276019691,-33322.9884151299,-25513.9418900809,1,0,0,0
20140114102727.daq,120,8,1130.31666666667,1,0,right,0.125607028692116,198.852058410645,12,0.00049963097180631,58.5253639221191,17.1507524417248,-6.63569450378418,0.349096685647964,-0.0423388406634331,2.81968293494139,-33329.547697836,-25521.3129695041,-33330.3434242238,-25518.9824815854,-33331.1391506115,-25516.6519936667,1,0,0,0
20140114102727.daq,120,8,1130.41666666667,1,0,right,0.0973241875942108,199.116088867188,12,0.000499601856632982,58.5821075439453,25.7386539930885,-6.63569450378418,0.349814087152481,-0.0138636231422424,2.88742792300625,-33337.6729712234,-25524.0548011544,-33338.4794284806,-25521.7280048342,-33339.2858857379,-25519.401208514,1,0,0,0
20140114102727.daq,120,8,1130.51666666667,1,0,right,0.0598672438734411,199.381011962891,12,0.000499517730087893,58.6388816833496,34.3348805722053,-6.67963981628418,0.349244236946106,-0.0138636231422424,2.95222822005098,-33345.7942381144,-25526.8356871712,-33346.6114453074,-25524.5126445915,-33347.4286525005,-25522.1896020118,1,0,0,0
20140114102727.daq,120,8,1130.61666666667,1,0,right,0.0331815897368983,199.64608001709,12,0.000499372506380836,58.6952247619629,42.9394094730815,-6.67963981628418,0.350368738174438,-0.0328471772372723,3.00922479587437,-33353.9076247283,-25529.6575425243,-33354.7355702537,-25527.3383054449,-33355.563515779,-25525.0190683655,1,0,0,0
20140114102727.daq,120,8,1130.71666666667,1,0,right,0.00604293329320171,199.911445617676,12,0.000499160261107589,58.751335144043,51.5521771935746,-6.63569450378418,0.350299924612045,-0.0328471772372723,3.0626509529325,-33362.0170307252,-25532.5203744292,-33362.8557088866,-25530.2049968434,-33363.694387048,-25527.8896192576,1,0,0,0
20140114102727.daq,120,8,1130.81666666667,1,0,right,-0.0277001141648157,200.176811218262,12,0.000498876845117472,58.8075103759766,60.1731796307577,-6.63569450378418,0.349738508462906,-0.0233552847057581,3.11341469510878,-33370.1224693573,-25535.4222145607,-33370.9718621645,-25533.1107461351,-33371.8212549718,-25530.7992777095,1,0,0,0
20140114102727.daq,120,8,1130.91666666667,1,0,right,-0.05290531244259,200.441268920898,12,0.000498520948892386,58.863224029541,68.8023954307428,-6.63569450378418,0.349720507860184,-0.0328471772372723,3.15811301223152,-33378.2200751352,-25538.3649709885,-33379.0801278035,-25536.0574476774,-33379.9401804719,-25533.7499243664,1,0,0,0
20140114102727.daq,120,8,1131.01666666667,1,0,right,-0.0824251758941159,200.708724975586,12,0.000498094620394686,58.9187774658203,77.4397618840449,-6.67963981628418,0.349487751722336,-0.0138636231422424,3.20092061832579,-33386.3135800039,-25541.3468826958,-33387.1843947557,-25539.0433992269,-33388.0552095075,-25536.7399157581,1,0,0,0
20140114102727.daq,120,8,1131.11666666667,1,0,right,-0.118910386335699,200.974449157715,12,0.00049760309687547,58.9744110107422,86.0852814617101,-6.63569450378418,0.349830478429794,-0.0233552847057581,3.23790674904075,-33394.3992891285,-25544.3696693543,-33395.2807774847,-25542.070249275,-33396.162265841,-25539.7708291957,1,0,0,0
20140114102727.daq,120,8,1131.21666666667,1,0,right,-0.149691617151689,201.240951538086,12,0.000497054207010116,59.0296211242676,94.7389379384986,-6.63569450378418,0.349390476942062,-0.0233552847057581,3.26998119922715,-33402.4809964903,-25547.4334539788,-33403.3731706663,-25545.1381588642,-33404.2653448423,-25542.8428637496,1,0,0,0
20140114102727.daq,120,8,1131.31666666667,1,0,right,-0.18043412812915,201.507652282715,12,0.000496457333466981,59.0846672058105,103.400672288262,-6.59174966812134,0.35010227560997,-0.0233552847057581,3.29754478232574,-33410.5509157185,-25550.5362545643,-33411.4537643442,-25548.2451371988,-33412.3566129699,-25545.9540198333,1,0,0,0
20140114102727.daq,120,8,1131.41666666667,1,0,right,-0.209506513021324,201.770355224609,12,0.000495822181185382,59.1397361755371,112.07048148039,-6.5038595199585,0.350112468004227,-0.0423388406634331,3.32114773946996,-33418.617051419,-25553.6798213005,-33419.5303953626,-25551.3928675922,-33420.4437393063,-25549.1059138838,1,0,0,0
20140114102727.daq,120,8,1131.51666666667,1,0,right,-0.236186871995756,202.032676696777,12,0.000495157805307602,59.1943435668945,120.748339172234,-6.37202453613281,0.350194543600082,-0.0518305003643036,3.33785741076152,-33426.6753340181,-25556.8643302247,-33427.5991388806,-25554.5815821004,-33428.5229437432,-25552.298833976,1,0,0,0
20140114102727.daq,120,8,1131.61666666667,1,0,right,-0.259528353744486,202.292144775391,12,0.00049447226543314,59.2488212585449,129.434188435625,-6.37202453613281,0.349851131439209,-0.0423388406634331,3.35370411553954,-33434.7297844429,-25560.0877099128,-33435.6639173874,-25557.8091686984,-33436.5980503318,-25555.530627484,1,0,0,0
20140114102727.daq,120,8,1131.71666666667,1,0,right,-0.279810132862053,202.548736572266,12,0.000493772743912675,59.3035125732422,138.128043630844,-6.28413486480713,0.349901914596558,-0.0518305003643036,3.36557751448373,-33442.7725933596,-25563.3499608052,-33443.7169210571,-25561.0756258203,-33444.6612487545,-25558.8012908355,1,0,0,0
20140114102727.daq,120,8,1131.81666666667,1,0,right,-0.288397936442266,202.798194885254,12,0.000493066053036949,59.3576889038086,146.829889511777,-5.93257474899292,0.350188344717026,-0.0423388406634331,3.37292061961985,-33450.8117737766,-25566.6528356224,-33451.7659946487,-25564.3826336598,-33452.7202155208,-25562.1124316973,1,0,0,0
20140114102727.daq,120,8,1131.91666666667,1,0,right,-0.289870406248383,203.036521911621,12,0.000492359154794856,59.4118690490723,155.539674045838,-5.44917964935303,0.349217683076859,-0.00437196157872677,3.37848491175491,-33458.839704965,-25569.9941964809,-33459.8033606671,-25567.7279833154,-33460.7670163693,-25565.46177015,1,0,0,0
20140114102727.daq,120,8,1132.01666666667,1,0,right,-0.282123225399801,203.261093139648,12,0.000491659437035247,59.4662895202637,164.257424648051,-5.18550968170166,0.350104540586472,-0.0613221637904644,3.38373095218039,-33466.8643295205,-25573.3719730397,-33467.836860237,-25571.1095543276,-33468.8093909534,-25568.8471356155,1,0,0,0
20140114102727.daq,120,8,1132.11666666667,1,0,right,-0.261021106126861,203.479148864746,12,0.00049097455744431,59.5202598571777,172.983127098036,-5.18550968170166,0.349869728088379,-0.0423388406634331,3.38843966496591,-33474.8853137438,-25576.7884653012,-33475.8664476877,-25574.5297642127,-33476.8475816316,-25572.2710631241,1,0,0,0
20140114102727.daq,120,8,1132.21666666667,1,0,right,-0.240298489409383,203.693641662598,12,0.000490312663369894,59.5741958618164,181.716737335912,-5.18550968170166,0.349496722221375,-0.0233552847057581,3.39338028966358,-33482.8947089972,-25580.2379551455,-33483.8842917322,-25577.9829428542,-33484.8738744672,-25575.7279305628,1,0,0,0
20140114102727.daq,120,8,1132.31666666667,1,0,right,-0.214299902730204,203.903785705566,12,0.000489682570965393,59.628246307373,190.458269209106,-5.18550968170166,0.3497713804245,-0.0233552847057581,3.40136754293378,-33490.9003671332,-25583.7223608831,-33491.8982139146,-25581.4709932489,-33492.896060696,-25579.2196256147,1,0,0,0
20140114102727.daq,120,8,1132.41666666667,1,0,right,-0.183498788196175,204.117523193359,12,0.000489093825581707,59.6817359924316,199.207688169103,-5.2733998298645,0.34962010383606,-0.0708140581846237,3.41403597714659,-33498.9019117994,-25587.2400996959,-33499.9081501716,-25584.9924701086,-33500.9143885438,-25582.7448405213,1,0,0,0
20140114102727.daq,120,8,1132.51666666667,1,0,right,-0.164138266950772,204.334228515625,12,0.000488556416900705,59.7351150512695,207.964939572295,-5.44917964935303,0.350217670202255,-0.0423388406634331,3.42782834797249,-33506.891558713,-25590.7911406458,-33507.9062909004,-25588.5473329421,-33508.9210230879,-25586.3035252384,1,0,0,0
20140114102727.daq,120,8,1132.61666666667,1,0,right,-0.149556154773222,204.55322265625,12,0.000488079961659522,59.7885818481445,216.730030598876,-5.53706979751587,0.349876046180725,-0.0138636231422424,3.447121839512,-33514.8810578334,-25594.3754507537,-33515.9043587997,-25592.1355379081,-33516.9276597659,-25589.8956250625,1,0,0,0
20140114102727.daq,120,8,1132.71666666667,1,0,right,-0.133265126766617,204.779022216797,12,0.000487672574157212,59.8413963317871,225.502914065131,-5.62495946884155,0.350446820259094,-0.0328471772372723,3.46723116411092,-33522.8584715752,-25597.9932354785,-33523.8905919472,-25595.7573727902,-33524.9227123192,-25593.5215101019,1,0,0,0
20140114102727.daq,120,8,1132.81666666667,1,0,right,-0.124191544338373,205.00936126709,12,0.000487339862880659,59.8941230773926,234.28353420856,-6.02046489715576,0.349840134382248,-0.0423388406634331,3.49224793188275,-33530.8317185948,-25601.6443874515,-33531.8728191611,-25599.4126921241,-33532.9139197273,-25597.1809967967,1,0,0,0
20140114102727.daq,120,8,1132.91666666667,1,0,right,-0.141798477585667,205.262351989746,12,0.000487084619505141,59.9468002319336,243.0718898169,-6.94330978393555,0.349588006734848,-0.0518305003643036,3.51883434638746,-33538.7960101255,-25605.3297261218,-33539.8469546085,-25603.1026495364,-33540.8978990914,-25600.875572951,1,0,0,0
20140114102727.daq,120,8,1133.01666666667,1,0,right,-0.169621801483231,205.535705566406,12,0.000486907404328722,59.9986114501953,251.867903307546,-7.29486989974976,0.349446922540665,-0.0328471772372723,3.54420026834765,-33546.7514444998,-25609.0530396015,-33547.8130021859,-25606.831002315,-33548.874559872,-25604.6089650285,1,0,0,0
20140114102727.daq,120,8,1133.11666666667,1,0,right,-0.214498938921565,205.818916320801,12,0.000486807921252615,60.0502853393555,260.671504977319,-7.16303491592407,0.350485950708389,-0.0328471772372723,3.56939040115517,-33554.6985240972,-25612.813841579,-33555.7710522119,-25610.5970786538,-33556.8435803266,-25608.3803157286,1,0,0,0
20140114102727.daq,120,8,1133.21666666667,1,0,right,-0.266581128431255,206.102508544922,12,0.000486786601923312,60.1018943786621,269.482686760268,-6.81147480010986,0.34995099902153,-0.0518305003643036,3.59028018933883,-33562.6338032734,-25616.6136544435,-33563.7172903354,-25614.402227255,-33564.8007773973,-25612.1908000665,1,0,0,0
20140114102727.daq,120,8,1133.31666666667,1,0,right,-0.299244131738021,206.379371643066,12,0.000486846062266866,60.1529312133789,278.30138622658,-6.41596984863281,0.350073248147964,-0.0138636231422424,3.60423511821384,-33570.5576339655,-25620.4560679206,-33571.6517943342,-25618.2499021265,-33572.7459547028,-25616.0437363324,1,0,0,0
20140114102727.daq,120,8,1133.41666666667,1,0,right,-0.320609218189588,206.638938903809,12,0.000486991769606905,60.2040634155273,287.127578059328,-5.88862991333008,0.349599003791809,-0.0613221637904644,3.61378623012978,-33578.4666395908,-25624.3367131823,-33579.5707832975,-25622.1355268889,-33580.6749270041,-25619.9343405954,1,0,0,0
20140114102727.daq,120,8,1133.51666666667,1,0,right,-0.327419920201748,206.883338928223,12,0.000487231809912664,60.2553291320801,295.961291538493,-5.44917964935303,0.350116491317749,-0.0328471772372723,3.62104633922656,-33586.3685371854,-25628.2596015511,-33587.482060166,-25626.0631450878,-33588.5955831466,-25623.8666886246,1,0,0,0
20140114102727.daq,120,8,1133.61666666667,1,0,right,-0.311193444297714,207.114120483398,12,0.000487575999263221,60.3062515258789,304.802491929091,-5.36128950119019,0.348986178636551,-0.0803057178854942,3.62352591783643,-33594.2593517742,-25632.2209040719,-33595.3817128006,-25630.0289505711,-33596.504073827,-25627.8369970702,1,0,0,0
20140114102727.daq,120,8,1133.71666666667,1,0,right,-0.295819146998269,207.338569641113,12,0.000488034328662694,60.3573875427246,313.651176899904,-5.36128950119019,0.3502277135849,-0.0613221637904644,3.62768268624009,-33602.1426311579,-25636.218993372,-33603.2735702584,-25634.0314533896,-33604.4045093589,-25631.8439134073,1,0,0,0
20140114102727.daq,120,8,1133.81666666667,1,0,right,-0.279155125080422,207.562019348145,12,0.000488615151932307,60.4084663391113,322.507370369101,-5.36128950119019,0.34989595413208,-0.0423388406634331,3.63096844298271,-33610.0142038151,-25640.2541045145,-33611.1536655531,-25638.0709917435,-33612.293127291,-25635.8878789724,1,0,0,0
20140114102727.daq,120,8,1133.91666666667,1,0,right,-0.249342519548975,207.781593322754,12,0.000489324047217044,60.4591484069824,331.371017460056,-5.36128950119019,0.349317580461502,-0.0613221637904644,3.63491919601911,-33617.8742158309,-25644.3261136579,-33619.0220354997,-25642.1473836537,-33620.1698551685,-25639.9686536495,1,0,0,0
20140114102727.daq,120,8,1134.01666666667,1,0,right,-0.233892427210606,208.003036499023,12,0.000490163267796765,60.5100173950195,340.24210936077,-5.36128950119019,0.349592536687851,-0.0803057178854942,3.6446785888615,-33625.726284184,-25648.4294106681,-33626.88251586,-25646.2551331479,-33628.0387475359,-25644.0808556276,1,0,0,0
20140114102727.daq,120,8,1134.11666666667,1,0,right,-0.218906312209242,208.225547790527,12,0.000491131803943473,60.5605850219727,349.120654090613,-5.49312448501587,0.349559545516968,-0.0423388406634331,3.65252097429706,-33633.5665426215,-25652.5698193797,-33634.7312094827,-25650.4000485333,-33635.8958763439,-25648.2302776869,1,0,0,0
20140114102727.daq,120,8,1134.21666666667,1,0,right,-0.205651466459813,208.45573425293,12,0.000492225991160618,60.6107215881348,358.006575372434,-5.88862991333008,0.350256323814392,-0.0328471772372723,3.66619907696815,-33641.3985597091,-25656.7417612055,-33642.5719342274,-25654.5766869197,-33643.7453087457,-25652.4116126339,1,0,0,0
20140114102727.daq,120,8,1134.31666666667,1,0,right,-0.211289160907143,208.698226928711,12,0.00049344006598516,60.6609649658203,366.89985320445,-6.32807970046997,0.349189639091492,-0.0138636231422424,3.68164208713318,-33649.2220944124,-25660.9493338699,-33650.4046216288,-25658.7892450278,-33651.5871488453,-25656.6291561857,1,0,0,0
20140114102727.daq,120,8,1134.41666666667,1,0,right,-0.223457684089851,208.952331542969,12,0.000494766919846495,60.710765838623,375.800483110725,-6.41596984863281,0.349907398223877,-0.0328471772372723,3.69817731611867,-33657.0332697662,-25665.1905467945,-33658.225365234,-25663.0357236419,-33659.4174607018,-25660.8809004893,1,0,0,0
20140114102727.daq,120,8,1134.51666666667,1,0,right,-0.236663841929612,209.210006713867,12,0.000496199019014734,60.760196685791,384.708378789888,-6.37202453613281,0.350083023309708,-0.0328471772372723,3.71444181550137,-33664.8324945637,-25669.4689608854,-33666.0342687868,-25667.3195206931,-33667.23604301,-25665.1700805009,1,0,0,0
20140114102727.daq,120,8,1134.61666666667,1,0,right,-0.252837635361061,209.468452453613,12,0.000497729079201079,60.8097496032715,393.623529378572,-6.10835456848145,0.350106865167618,-0.0423388406634331,3.7303932210573,-33672.6199120962,-25673.7844566754,-33673.8313696029,-25671.6404592097,-33675.0428271096,-25669.4964617439,1,0,0,0
20140114102727.daq,120,8,1134.71666666667,1,0,right,-0.252766484240851,209.714424133301,12,0.000499350712649853,60.8589057922363,402.5459290953,-5.58101463317871,0.349354535341263,-0.0613221637904644,3.74316332846231,-33680.3923044797,-25678.1384372111,-33681.6129550093,-25675.9996602923,-33682.8336055388,-25673.8608833736,1,0,0,0
20140114102727.daq,120,8,1134.81666666667,1,0,right,-0.238770254251904,209.945823669434,12,0.000501058731929839,60.9079856872559,411.475521991117,-5.18550968170166,0.350067228078842,-0.0613221637904644,3.75889818630964,-33688.1536942944,-25682.5269178026,-33689.3829726892,-25680.3930881347,-33690.612251084,-25678.2592584668,1,0,0,0
20140114102727.daq,120,8,1134.91666666667,1,0,right,-0.220357731204729,210.166206359863,12,0.000502848850798163,60.9572715759277,420.41232559667,-5.14156484603882,0.35015395283699,-0.0897973775863647,3.77504411241059,-33695.9078093333,-25686.953959756,-33697.1452861844,-25684.824874162,-33698.3827630356,-25682.6957885681,1,0,0,0
20140114102727.daq,120,8,1135.01666666667,1,0,right,-0.19750176255809,210.383453369141,12,0.000504717065581118,61.0061798095703,429.356340331593,-5.14156484603882,0.349632233381271,-0.0328471772372723,3.79020728617975,-33703.6464290647,-25691.4159854661,-33704.8919698029,-25689.2916072764,-33706.1375105411,-25687.1672290867,1,0,0,0
20140114102727.daq,120,8,1135.11666666667,1,0,right,-0.168452490131756,210.59733581543,12,0.000506658650194499,61.0550346374512,438.307515422144,-5.14156484603882,0.348957419395447,-0.0328471772372723,3.80712066380402,-33711.3734734059,-25695.9129873638,-33712.6269356511,-25693.7932735097,-33713.8803978964,-25691.6735596556,1,0,0,0
20140114102727.daq,120,8,1135.21666666667,1,0,right,-0.1396538685471,210.81143951416,12,0.000508667254305512,61.1040344238281,447.26586737328,-5.14156484603882,0.349079012870789,-0.0138636231422424,3.82914461472625,-33719.0887548472,-25700.4412062098,-33720.3501292999,-25698.3261911003,-33721.6115037526,-25696.2111759908,1,0,0,0
20140114102727.daq,120,8,1135.31666666667,1,0,right,-0.107737317392775,211.027069091797,12,0.000510734605476467,61.1524925231934,456.231369329485,-5.2294545173645,0.349444776773453,-0.0518305003643036,3.8533146385562,-33726.7922044087,-25705.0046005524,-33728.0615296552,-25702.8943475245,-33729.3308549018,-25700.7840944965,1,0,0,0
20140114102727.daq,120,8,1135.41666666667,1,0,right,-0.0875092612191111,211.251556396484,12,0.000512850362943449,61.200855255127,465.203966134315,-5.80073976516724,0.349791139364243,-0.00437196157872677,3.88508968890601,-33734.4873386883,-25709.5995569314,-33735.7649222323,-25707.4942933585,-33737.0425057762,-25705.3890297855,1,0,0,0
20140114102727.daq,120,8,1135.51666666667,1,0,right,-0.0868125069983421,211.494964599609,12,0.000515001999385886,61.2492027282715,474.183658953392,-6.5478048324585,0.349488735198975,-0.00437196157872677,3.91957498654716,-33742.1697116624,-25714.2284238371,-33743.4562273883,-25712.1286067712,-33744.7427431142,-25710.0287897053,1,0,0,0
20140114102727.daq,120,8,1135.61666666667,1,0,right,-0.103046547067265,211.75749206543,12,0.000517175235391192,61.2967720031738,483.170384284618,-6.85541963577271,0.349409461021423,-0.0233552847057581,3.95365732541288,-33749.8353970828,-25718.8911961288,-33751.1315205662,-25716.7972958592,-33752.4276440496,-25714.7033955895,1,0,0,0
20140114102727.daq,120,8,1135.71666666667,1,0,right,-0.1335253898323,212.030776977539,12,0.000519354792005215,61.344181060791,492.164071632171,-6.85541963577271,0.350232243537903,-0.0518305003643036,3.98859291593519,-33757.4887393977,-25723.5914368466,-33758.7948354209,-25721.5037425199,-33760.1009314441,-25719.4160481933,1,0,0,0
20140114102727.daq,120,8,1135.81666666667,1,0,right,-0.169842264081353,212.309921264648,12,0.000521525210774966,61.391529083252,501.164713722726,-6.85541963577271,0.350273698568344,-0.0423388406634331,4.02312753262081,-33765.1260901681,-25728.3269929543,-33766.4423418695,-25726.2456866621,-33767.758593571,-25724.16438037,1,0,0,0
20140114102727.daq,120,8,1135.91666666667,1,0,right,-0.20886604025668,212.593246459961,12,0.000523671475678183,61.4382095336914,510.172242531567,-6.85541963577271,0.349276810884476,-0.0897973775863647,4.05378008107101,-33772.7475370272,-25733.1017006889,-33774.0740645651,-25731.0269286255,-33775.4005921029,-25728.9521565622,1,0,0,0
20140114102727.daq,120,8,1136.01666666667,1,0,right,-0.244862589878323,212.875389099121,12,0.000525779454755591,61.4849243164063,519.186621412082,-6.81147480010986,0.349544793367386,-0.0328471772372723,4.08059516095195,-33780.3533685835,-25737.9173028063,-33781.6900968342,-25735.8490881155,-33783.0268250848,-25733.7808734246,1,0,0,0
20140114102727.daq,120,8,1136.11666666667,1,0,right,-0.287728414151672,213.159400939941,12,0.000527835857565444,61.5315361022949,528.207859316171,-6.81147480010986,0.349908977746964,-0.0423388406634331,4.10161085565835,-33787.939513683,-25742.7719636951,-33789.2864774889,-25740.7104004704,-33790.6334412947,-25738.6488372458,1,0,0,0
20140114102727.daq,120,8,1136.21666666667,1,0,right,-0.321421976865963,213.441589355469,12,0.000529828051526776,61.5776100158691,537.235885468239,-6.81147480010986,0.349496632814407,-0.127764254808426,4.11700907695207,-33795.5100793881,-25747.6694474626,-33796.8671802564,-25745.6145431688,-33798.2242811247,-25743.559638875,1,0,0,0
20140114102727.daq,120,8,1136.31666666667,1,0,right,-0.362975642360652,213.726142883301,12,0.00053174407835994,61.6239433288574,546.270684808725,-6.81147480010986,0.349597722291946,-0.0328471772372723,4.12601134801159,-33803.0570252599,-25752.6060071603,-33804.4243148181,-25750.5578680812,-33805.7916043764,-25748.5097290021,1,0,0,0
20140114102727.daq,120,8,1136.41666666667,1,0,right,-0.397597383985499,214.009094238281,12,0.000533572679930722,61.6700630187988,555.312279157733,-6.72358465194702,0.350366711616516,-0.0423388406634331,4.13053019845268,-33810.5883808198,-25757.5853981923,-33811.9657682613,-25755.5440363284,-33813.3431557028,-25753.5026744645,1,0,0,0
20140114102727.daq,120,8,1136.51666666667,1,0,right,-0.426113009411665,214.287460327148,12,0.000535303102680907,61.7159004211426,564.360605572627,-6.5478048324585,0.346079558134079,-0.0423388406634331,4.12954720283464,-33818.1043117777,-25762.6036043712,-33819.4916006864,-25760.5689584789,-33820.8788895952,-25758.5343125866,1,0,0,0
20140114102727.daq,120,8,1136.61666666667,1,0,right,-0.459735457664976,214.566047668457,12,0.000536925087595147,61.7618713378906,573.415668202957,-6.5478048324585,0.330506801605225,-0.0423388406634331,4.12278921226962,-33825.596742684,-25767.6627597988,-33826.9939081452,-25765.6348832993,-33828.3910736064,-25763.6070067997,1,0,0,0
20140114102727.daq,120,8,1136.71666666667,1,0,right,-0.490036200542136,214.841239929199,12,0.000538428980779265,61.806079864502,582.477385036764,-6.5478048324585,0.3098264336586,-0.0328471772372723,4.10982742590668,-33833.0697806697,-25772.7627314485,-33834.4766698911,-25770.7415889147,-33835.8835591125,-25768.7204463809,1,0,0,0
20140114102727.daq,120,8,1136.81666666667,1,0,right,-0.522335945268139,215.11646270752,12,0.00053980574089043,61.8454284667969,591.545262976695,-6.5478048324585,0.294200032949448,-0.0328471772372723,4.09187527663879,-33840.5232372385,-25777.9016933791,-33841.9398188377,-25775.887332191,-33843.3564004369,-25773.8729710029,1,0,0,0
20140114102727.daq,120,8,1136.91666666667,1,0,right,-0.554040009663026,215.393264770508,12,0.000541046828028171,61.8769721984863,600.618364690163,-6.5478048324585,0.28752800822258,-0.0233552847057581,4.06791833538951,-33847.9570262598,-25783.0816544228,-33849.3833228852,-25781.0741603731,-33850.8096195105,-25779.0666663233,1,0,0,0
20140114102727.daq,120,8,1137.01666666667,1,0,right,-0.580859209375149,215.665946960449,12,0.000542144068126034,61.8990592956543,609.69540563428,-6.19624471664429,0.286983102560043,-0.0518305003643036,4.043001583324,-33855.3714664361,-25788.2965492955,-33856.8073009424,-25786.2958659887,-33858.2431354487,-25784.295182682,1,0,0,0
20140114102727.daq,120,8,1137.11666666667,1,0,right,-0.596759909615798,215.92951965332,12,0.000543089517518333,61.9134902954102,618.775088724273,-5.62495946884155,0.286769568920135,-0.00437196157872677,4.0123354331804,-33862.7629342358,-25793.5501096476,-33864.2079570831,-25791.5560526288,-33865.6529799304,-25789.56199561,1,0,0,0
20140114102727.daq,120,8,1137.21666666667,1,0,right,-0.59321793413892,216.174606323242,12,0.00054387544378579,61.9227104187012,627.856480963615,-5.09761953353882,0.286815524101257,-0.0138636231422424,3.97758861320165,-33870.1280563082,-25798.838104485,-33871.5815956264,-25796.850246876,-33873.0351349447,-25794.862389267,1,0,0,0
20140114102727.daq,120,8,1137.31666666667,1,0,right,-0.57153534452857,216.405555725098,12,0.000544494537574133,61.9278564453125,636.938912922225,-4.83394956588745,0.286927491426468,-0.0233552847057581,3.94347685930515,-33877.4744083018,-25804.1606998212,-33878.9359485012,-25802.1787173115,-33880.3974887006,-25800.1967348017,1,0,0,0
20140114102727.daq,120,8,1137.41666666667,1,0,right,-0.542680941895981,216.625122070313,12,0.000544939781809791,61.9308319091797,646.021920083382,-4.79000473022461,0.286683589220047,-0.0423388406634331,3.90919332032603,-33884.7979343364,-25809.5160482328,-33886.267059051,-25807.539681112,-33887.7361837656,-25805.5633139911,1,0,0,0
20140114102727.daq,120,8,1137.51666666667,1,0,right,-0.513668383992012,216.839126586914,12,0.000545204074730776,61.9325866699219,655.105270678294,-4.83394956588745,0.287207961082458,-0.0138636231422424,3.87668576942024,-33892.0983089847,-25814.9004528454,-33893.5748053305,-25812.9295868012,-33895.0513016763,-25810.958720757,1,0,0,0
20140114102727.daq,120,8,1137.61666666667,1,0,right,-0.478742194457539,217.053031921387,12,0.000545279895428955,61.9327735900879,664.188752986534,-4.83394956588745,0.287582993507385,-0.0233552847057581,3.84636963333584,-33899.3791302746,-25820.3160586951,-33900.8629742511,-25818.350718654,-33902.3468182276,-25816.385378613,1,0,0,0
20140114102727.daq,120,8,1137.71666666667,1,0,right,-0.446170977286442,217.265594482422,12,0.000545159154761321,61.9325294494629,673.272227322013,-4.87789487838745,0.287231087684631,-0.0613221637904644,3.81934784919762,-33906.6365630255,-25825.7589168493,-33908.1276880214,-25823.7990952579,-33909.6188130173,-25821.8392736665,1,0,0,0
20140114102727.daq,120,8,1137.81666666667,1,0,right,-0.419444910149991,217.480491638184,12,0.000544832953337491,61.9319725036621,682.355655499559,-5.00972986221313,0.286241739988327,-0.00437196157872677,3.79710582735475,-33913.87430416,-25831.229153376,-33915.3727692806,-25829.2749382636,-33916.8712344013,-25827.3207231512,1,0,0,0
20140114102727.daq,120,8,1137.91666666667,1,0,right,-0.393444680381322,217.698524475098,12,0.000544291452154284,61.9306030273438,691.438931355893,-5.00972986221313,0.2868592441082,-0.0518305003643036,3.78102262788433,-33921.0923070998,-25836.7248406724,-33922.5981979052,-25834.7763419412,-33924.1040887107,-25832.8278432101,1,0,0,0
20140114102727.daq,120,8,1138.01666666667,1,0,right,-0.36291368176569,217.916168212891,12,0.000543524094072149,61.9293823242188,700.522015073962,-5.00972986221313,0.2868871986866,-0.0328471772372723,3.76644737670586,-33928.2868667684,-25842.2497642634,-33929.8001482585,-25840.3069998528,-33931.3134297486,-25838.3642354422,1,0,0,0
20140114102727.daq,120,8,1138.11666666667,1,0,right,-0.329352632527957,218.135391235352,12,0.000542519943729206,61.9277801513672,709.604909591115,-5.00972986221313,0.286254853010178,-0.0138636231422424,3.75939719386115,-33935.4617765743,-25847.8000838351,-33936.9824803037,-25845.8631236933,-33938.5031840332,-25843.9261635516,1,0,0,0
20140114102727.daq,120,8,1138.21666666667,1,0,right,-0.296046415110823,218.353576660156,12,0.000541268087463908,61.9258079528809,718.687527953196,-5.00972986221313,0.287546783685684,-0.0708140581846237,3.75789282196556,-33942.6171868856,-25853.3776644809,-33944.14525562,-25851.4465092913,-33945.6733243545,-25849.5153541018,1,0,0,0
20140114102727.daq,120,8,1138.31666666667,1,0,right,-0.269161776840008,218.572769165039,12,0.000539757913757471,61.9241943359375,727.769879811472,-5.00972986221313,0.286808878183365,-0.0233552847057581,3.76167273763679,-33949.7490739534,-25858.9825742165,-33951.2845193749,-25857.0572789713,-33952.8199647963,-25855.1319837261,1,0,0,0
20140114102727.daq,120,8,1138.41666666667,1,0,right,-0.244563918527092,218.792434692383,12,0.000537979246839457,61.9222679138184,736.851987918504,-5.00972986221313,0.286289930343628,-0.00437196157872677,3.76915580065816,-33956.8613747388,-25864.6147947733,-33958.4041902215,-25862.6954003871,-33959.9470057042,-25860.7760060009,1,0,0,0
20140114102727.daq,120,8,1138.51666666667,1,0,right,-0.215098284541227,219.01008605957,12,0.000535922380002792,61.9202156066895,745.933790590527,-5.05367469787598,0.286840319633484,0.0241032540798187,3.78079971804337,-33963.9503272544,-25870.2742448017,-33965.5004228546,-25868.3607249942,-33967.0505184548,-25866.4472051868,1,0,0,0
20140114102727.daq,120,8,1138.61666666667,1,0,right,-0.191585272944849,219.234344482422,12,0.000533577963605192,61.9183959960938,755.015308248912,-5.2733998298645,0.288447350263596,-0.0613221637904644,3.79467821257232,-33971.0154313401,-25875.9612041395,-33972.5730046558,-25874.0537661222,-33974.1305779715,-25872.1463281049,1,0,0,0
20140114102727.daq,120,8,1138.71666666667,1,0,right,-0.176120852462532,219.469985961914,12,0.000530936480112307,61.916145324707,764.096537816455,-5.80073976516724,0.287327736616135,-0.0233552847057581,3.81525654937171,-33978.0603126969,-25881.6738682386,-33979.6257175755,-25879.7728521973,-33981.1911224542,-25877.871836156,1,0,0,0
20140114102727.daq,120,8,1138.81666666667,1,0,right,-0.183672775050809,219.721298217773,12,0.000527987779747662,61.9140472412109,773.177435513033,-6.24018955230713,0.286697745323181,-0.0233552847057581,3.83842516472589,-33985.0808103969,-25887.4143183557,-33986.654538477,-25885.5201867992,-33988.2282665572,-25883.6260552427,1,0,0,0
20140114102727.daq,120,8,1138.91666666667,1,0,right,-0.20320521130202,219.982849121094,12,0.000524721257994185,61.9121475219727,782.258043300477,-6.32807970046997,0.286743193864822,-0.0233552847057581,3.85950891903153,-33992.0733299058,-25893.184324062,-33993.6556881262,-25891.2973961658,-33995.2380463467,-25889.4104682695,1,0,0,0
20140114102727.daq,120,8,1139.01666666667,1,0,right,-0.231444626889925,220.253204345703,12,0.000521126520845592,61.9095993041992,791.338329287784,-6.28413486480713,0.287089467048645,-0.0328471772372723,3.88327357429601,-33999.0457637828,-25898.9838321303,-34000.6370079915,-25897.1043917104,-34002.2282522001,-25895.2249512906,1,0,0,0
20140114102727.daq,120,8,1139.11666666667,1,0,right,-0.257023465275893,220.524230957031,12,0.000517194006792424,61.9070434570313,800.418230532334,-6.15229988098145,0.287450551986694,-0.0233552847057581,3.9029926993091,-34005.9868682611,-25904.8125830125,-34007.5869849636,-25902.9406906647,-34009.1871016661,-25901.0687983169,1,0,0,0
20140114102727.daq,120,8,1139.21666666667,1,0,right,-0.2719144927554,220.787338256836,12,0.000512915454321925,61.9048271179199,809.49778354085,-5.80073976516724,0.28758579492569,-0.0138636231422424,3.92182245031528,-34012.9049625981,-25910.674218296,-34014.5136582951,-25908.8096935366,-34016.122353992,-25906.9451687773,1,0,0,0
20140114102727.daq,120,8,1139.31666666667,1,0,right,-0.281236076770142,221.044647216797,12,0.000508284183789535,61.9022216796875,818.576976797165,-5.53706979751587,0.287227272987366,-0.0328471772372723,3.93878826595031,-34019.7960188533,-25916.5668557185,-34021.4130716729,-25914.7095742098,-34023.0301244924,-25912.8522927012,1,0,0,0
20140114102727.daq,120,8,1139.41666666667,1,0,right,-0.278198000183124,221.289825439453,12,0.000503294931823517,61.9000358581543,827.655818973377,-5.36128950119019,0.287362098693848,-0.0423388406634331,3.95423212543454,-34026.6604149096,-25922.4903084726,-34028.2854005179,-25920.6399635869,-34029.9103861262,-25918.7896187012,1,0,0,0
20140114102727.daq,120,8,1139.51666666667,1,0,right,-0.268213324573708,221.528747558594,12,0.000497943260913511,61.8981895446777,836.734381451111,-5.2294545173645,0.287820339202881,-0.0328471772372723,3.96785951282465,-34033.4978069747,-25928.4447616574,-34035.1304943292,-25926.6012089932,-34036.7631816838,-25924.7576563291,1,0,0,0
20140114102727.daq,120,8,1139.61666666667,1,0,right,-0.253063384521795,221.763488769531,12,0.000492224925541548,61.896053314209,845.812640125674,-5.2294545173645,0.28755795955658,-0.0518305003643036,3.98121563182866,-34040.3080741876,-25934.4283283334,-34041.9483008666,-25932.5914802545,-34043.5885275456,-25930.7546321756,1,0,0,0
20140114102727.daq,120,8,1139.71666666667,1,0,right,-0.237927094140673,221.995956420898,12,0.000486135240789436,61.8944129943848,854.890622132327,-5.18550968170166,0.287664592266083,-0.0328471772372723,3.99410253289809,-34047.0911046108,-25940.4410676571,-34048.73877046,-25938.6108896131,-34050.3864363093,-25936.7807115691,1,0,0,0
20140114102727.daq,120,8,1139.81666666667,1,0,right,-0.221509912331896,222.226806640625,12,0.000479668405808187,61.8927993774414,863.968384865439,-5.18550968170166,0.287992298603058,-0.0423388406634331,4.01256297526928,-34053.8546725986,-25946.4810472196,-34055.5096990179,-25944.6575226174,-34057.1647254373,-25942.8339980152,1,0,0,0
20140114102727.daq,120,8,1139.91666666667,1,0,right,-0.200763690772703,222.454345703125,12,0.00047281752846899,61.8910446166992,873.045887761968,-5.18550968170166,0.287577986717224,-0.0423388406634331,4.02800023329561,-34060.5871615667,-25952.550172092,-34062.2494166899,-25950.7332344682,-34063.9116718131,-25948.9162968444,1,0,0,0
20140114102727.daq,120,8,1140.01666666667,1,0,right,-0.184615976705572,222.68244934082,12,0.000465574987416503,61.889762878418,882.123164158227,-5.18550968170166,0.287566602230072,-0.0138636231422424,4.05042808009494,-34067.3000592287,-25958.6446497448,-34068.9695346783,-25956.8343442052,-34070.6390101279,-25955.0240386656,1,0,0,0
20140114102727.daq,120,8,1140.11666666667,1,0,right,-0.171693642646574,222.910552978516,12,0.000457933139764061,61.8882064819336,891.200249488582,-5.2294545173645,0.287230312824249,-0.108780935406685,4.07113722659293,-34073.9855870252,-25964.7683698187,-34075.6622563406,-25962.9647250559,-34077.338925656,-25961.1610802931,1,0,0,0
20140114102727.daq,120,8,1140.21666666667,1,0,right,-0.156251525576124,223.139556884766,12,0.000449885437034686,61.8865699768066,900.277087664115,-5.2733998298645,0.287691712379456,-0.0233552847057581,4.09704456158179,-34080.6475972349,-25970.9154982939,-34082.3314620763,-25969.1185693528,-34084.0153269177,-25967.3216404117,1,0,0,0
20140114102727.daq,120,8,1140.31666666667,1,0,right,-0.142602967206017,223.371231079102,12,0.000441427536690253,61.8852119445801,909.353706099893,-5.40523481369019,0.287943840026855,0.0430865772068501,4.12177732595227,-34087.2820767811,-25977.091943417,-34088.973193679,-25975.3018378165,-34090.664310577,-25973.511732216,1,0,0,0
20140114102727.daq,120,8,1140.41666666667,1,0,right,-0.12628568301227,223.606735229492,12,0.000432557785411867,61.8834571838379,918.43010670747,-5.58101463317871,0.28876593708992,-0.0803057178854942,4.152426364008,-34093.8928611633,-25983.291875979,-34095.5913216669,-25981.508736517,-34097.2897821706,-25979.725597055,1,0,0,0
20140114102727.daq,120,8,1140.51666666667,1,0,right,-0.121664900132885,223.851119995117,12,0.000423276750664693,61.8818054199219,927.506242909309,-5.84468460083008,0.288467407226563,-0.0138636231422424,4.18481192334258,-34100.4796435543,-25989.5212914467,-34102.1856942432,-25987.7454126585,-34103.8917449321,-25985.9695338703,1,0,0,0
20140114102727.daq,120,8,1140.61666666667,1,0,right,-0.131558989158179,224.107421875,12,0.000413586275792053,61.8805465698242,936.582167017725,-6.32807970046997,0.28868967294693,-0.0233552847057581,4.21838948608384,-34107.0383306379,-25995.7763593481,-34108.7523082902,-25994.008129999,-34110.4662859425,-25992.23990065,1,0,0,0
20140114102727.daq,120,8,1140.71666666667,1,0,right,-0.154829114602194,224.377960205078,12,0.000403488579999598,61.8788032531738,945.657875862278,-6.5478048324585,0.288525491952896,-0.0518305003643036,4.25140771361322,-34113.5687773577,-26002.0590855341,-34115.2910850704,-26000.2989688998,-34117.013392783,-25998.5388522655,1,0,0,0
20140114102727.daq,120,8,1140.81666666667,1,0,right,-0.185741972636038,224.655624389648,12,0.000392985850521063,61.8772048950195,954.733331537544,-6.5478048324585,0.288517951965332,-0.0423388406634331,4.28304364380602,-34120.0714117907,-26008.3712210616,-34121.8022290423,-26006.6194716318,-34123.5330462939,-26004.867722202,1,0,0,0
20140114102727.daq,120,8,1140.91666666667,1,0,right,-0.22225156455238,224.937606811523,12,0.000382080228675964,61.8759307861328,963.808580061537,-6.5478048324585,0.288823902606964,-0.0423388406634331,4.3146686314843,-34126.5464029588,-26014.7107322763,-34128.2858204871,-26012.9675222815,-34130.0252380154,-26011.2243122868,1,0,0,0
20140114102727.daq,120,8,1141.01666666667,1,0,right,-0.260270544400214,225.221084594727,12,0.00037077433360902,61.8740653991699,972.883591315069,-6.5038595199585,0.288672536611557,-0.0423388406634331,4.33666142598391,-34132.986109789,-26021.0834008846,-34134.7341307343,-26019.3488181688,-34136.4821516797,-26017.614235453,1,0,0,0
20140114102727.daq,120,8,1141.11666666667,1,0,right,-0.295764297412347,225.503158569336,12,0.000359071993804284,61.8724250793457,981.95834534298,-6.41596984863281,0.288557529449463,-0.0613221637904644,4.35759546599416,-34139.3985223621,-26027.4852443842,-34141.1550616477,-26025.7592883704,-34142.9116009334,-26024.0333323566,1,0,0,0
20140114102727.daq,120,8,1141.21666666667,1,0,right,-0.32860153372792,225.779388427734,12,0.000346978876718049,61.8710517883301,991.032889748574,-6.0644097328186,0.28864911198616,-0.0328471772372723,4.37374249527937,-34145.780008156,-26033.9181038797,-34147.5448480376,-26032.200636379,-34149.3096879192,-26030.4831688783,1,0,0,0
20140114102727.daq,120,8,1141.31666666667,1,0,right,-0.362256830628894,226.045989990234,12,0.000334503224793376,61.8693199157715,1000.10719702355,-5.75679492950439,0.288478195667267,-0.0233552847057581,4.38237110845613,-34152.1308026413,-26040.3818890763,-34153.9036148939,-26038.672652071,-34155.6764271465,-26036.9634150656,1,0,0,0
20140114102727.daq,120,8,1141.41666666667,1,0,right,-0.348594520396091,226.302764892578,12,0.000321656110367066,61.8680992126465,1009.18128647037,-5.58101463317871,0.28857684135437,-0.0328471772372723,4.38637349277048,-34158.4470155596,-26046.8766031498,-34160.2274700446,-26045.1753282601,-34162.0079245296,-26043.4740533704,1,0,0,0
20140114102727.daq,120,8,1141.51666666667,1,0,right,-0.30814680526538,226.551071166992,12,0.00030845101437193,61.8669166564941,1018.25522196412,-5.40523481369019,0.288413822650909,-0.0138636231422424,4.39572708890617,-34164.7363791575,-26053.4003344567,-34166.5241898202,-26051.7067915851,-34168.3120004829,-26050.0132487135,1,0,0,0
20140114102727.daq,120,8,1141.61666666667,1,0,right,-0.323817812613186,226.790130615234,12,0.000294903149728163,61.8654899597168,1027.32895156545,-5.2733998298645,0.288454473018646,-0.0708140581846237,4.40225412767669,-34170.9950383487,-26059.9530706969,-34172.7898995243,-26058.2670019604,-34174.5847606998,-26056.580933224,1,0,0,0
20140114102727.daq,120,8,1141.71666666667,1,0,right,-0.339459738166624,227.02685546875,12,0.000281028728241079,61.8646659851074,1036.40251276027,-5.2294545173645,0.288394033908844,0.00511969998478889,4.40542399107927,-34177.226474139,-26066.5330326376,-34179.0282861843,-26064.8543939698,-34180.8300982295,-26063.175755302,1,0,0,0
20140114102727.daq,120,8,1141.81666666667,1,0,right,-0.353377002831166,227.25959777832,12,0.000266844119766054,61.8642158508301,1045.47597986749,-5.2294545173645,0.288520753383636,-0.00437196157872677,4.40370879901777,-34183.426883515,-26073.1401826191,-34185.2354995069,-26071.4688769566,-34187.0441154988,-26069.7975712942,1,0,0,0
20140114102727.daq,120,8,1141.91666666667,1,0,right,-0.357073513057458,227.490325927734,12,0.000252365186879066,61.8641395568848,1054.54939848556,-5.2294545173645,0.288653075695038,-0.146747812628746,4.3990454261595,-34189.6039580204,-26079.772616951,-34191.4192896203,-26078.108608055,-34193.2346212202,-26076.4445991591,1,0,0,0
20140114102727.daq,120,8,1142.01666666667,1,0,right,-0.29724562475883,227.716217041016,12,0.000237606627941527,61.8654747009277,1063.62293422355,-5.2294545173645,0.288518905639648,-0.0423388406634331,4.39955836182191,-34195.7500617072,-26086.4302710451,-34197.5719396095,-26084.7734320871,-34199.3938175117,-26083.1165931291,1,0,0,0
20140114102727.daq,120,8,1142.11666666667,1,0,right,-0.275930983952207,227.9384765625,12,0.000222581357762273,61.8661308288574,1072.69662074417,-5.2294545173645,0.288785457611084,-0.0423388406634331,4.4087434897609,-34201.8768397348,-26093.1112231525,-34203.7051310574,-26091.4614639994,-34205.5334223801,-26089.8117048464,1,0,0,0
20140114102727.daq,120,8,1142.21666666667,1,0,right,-0.289742349650567,228.155883789063,12,0.000207300195637165,61.8657875061035,1081.77033150935,-5.09761953353882,0.288283437490463,-0.0423388406634331,4.42085981578859,-34207.9765570078,-26099.8134947411,-34209.8110951183,-26098.1706848481,-34211.6456332288,-26096.5278749551,1,0,0,0
20140114102727.daq,120,8,1142.31666666667,1,0,right,-0.288416284808022,228.361602783203,12,0.000191771979059821,61.8642997741699,1090.84389205142,-4.4823899269104,0.288500934839249,-0.0423388406634331,4.43162054984634,-34214.0535486024,-26106.5388872756,-34215.8939733411,-26104.9026748186,-34217.7343980798,-26103.2664623615,1,0,0,0
20140114102727.daq,120,8,1142.41666666667,1,0,right,-0.277811518802991,228.547576904297,12,0.000176004186803778,61.8631019592285,1099.91724893906,-3.8232147693634,0.288552910089493,-0.0233552847057581,4.44146037680826,-34220.1044155707,-26113.2852743578,-34221.9501415229,-26111.6550442719,-34223.7958674751,-26110.024814186,1,0,0,0
20140114102727.daq,120,8,1142.51666666667,1,0,right,-0.265375573162828,228.718322753906,12,0.000160003649046616,61.8625106811523,1108.99047420663,-3.77926993370056,0.288059890270233,-0.0423388406634331,4.44925684427572,-34226.1327856445,-26120.0547217958,-34227.9833616052,-26118.4299993466,-34229.833937566,-26116.8052768974,1,0,0,0
20140114102727.daq,120,8,1142.61666666667,1,0,right,-0.253802332086707,228.882446289063,12,0.000143776885867596,61.8621635437012,1118.06364427114,-3.77926993370056,0.288158804178238,-0.0138636231422424,4.45544762090866,-34232.1381222266,-26126.8435221819,-34233.9933445998,-26125.2241073587,-34235.8485669729,-26123.6046925356,1,0,0,0
20140114102727.daq,120,8,1142.71666666667,1,0,right,-0.248369156036631,229.040557861328,12,0.000127329848892912,61.8621253967285,1127.13677773568,-3.77926993370056,0.288340210914612,-0.0233552847057581,4.45824308744354,-34238.1203883477,-26133.6516924454,-34239.9800725358,-26132.0374033932,-34241.8397567239,-26130.4231143411,1,0,0,0
20140114102727.daq,120,8,1142.81666666667,1,0,right,-0.249083029935662,229.192398071289,12,0.000110667824301108,61.8624725341797,1136.20993325347,-3.38376474380493,0.288574635982513,-0.0423388406634331,4.4626782515525,-34244.08741398,-26140.4772769096,-34245.9513696788,-26138.8679218909,-34247.8153253777,-26137.2585668723,1,0,0,0
20140114102727.daq,120,8,1142.91666666667,1,0,right,-0.244605047239361,229.326644897461,12,0.0001,61.8629951477051,1145.28315329913,-2.63669991493225,0.288538992404938,-0.0233552847057581,4.4657864363013,-34250.0360060777,-26147.3180807676,-34251.9037274545,-26145.7130975023,-34253.7714488314,-26144.108114237,1,0,0,0
20140114102727.daq,120,8,1143.01666666667,1,0,right,-0.231532943388629,229.439910888672,12,0.0001,61.863525390625,1154.35645241941,-2.15330481529236,0.288092017173767,-0.0138636231422424,4.46757477305621,-34255.9663805498,-26154.1759920695,-34257.8372711095,-26152.5747041699,-34259.7081616692,-26150.9734162704,1,0,0,0
20140114102727.daq,120,8,1143.11666666667,1,0,right,-0.201616497893156,229.533920288086,12,0.0001,61.8636703491211,1163.4298057636,-1.75779986381531,0.288282603025436,-0.0328471772372723,4.46813406924943,-34261.8823377904,-26161.0451961572,-34263.7558531814,-26159.4469801195,-34265.6293685724,-26157.8487640817,1,0,0,0
20140114102727.daq,120,8,1143.21666666667,1,0,right,-0.161808992137537,229.609802246094,12,0.0001,61.8638076782227,1172.50317206934,-1.45018494129181,0.288089573383331,-0.0423388406634331,4.47177205101936,-34267.7877149698,-26167.9276761862,-34269.6633453784,-26166.3319428144,-34271.5389757871,-26164.7362094427,1,0,0,0
20140114102727.daq,120,8,1143.31666666667,1,0,right,-0.123902217677028,229.672302246094,12,0.0001,61.8642120361328,1181.57657725961,-1.14256989955902,0.288260281085968,0.109528675675392,4.47769919500401,-34273.6822145901,-26174.8215844047,-34275.5595845575,-26173.2278979773,-34277.436954525,-26171.6342115499,1,0,0,0
20140114102727.daq,120,8,1143.41666666667,1,0,right,-0.085819465869065,229.719345092773,12,0.0001,61.8648872375488,1190.65006203738,-0.74706494808197,0.287910372018814,-0.0233552847057581,4.48368386626972,-34279.5659683992,-26181.722973338,-34281.444646234,-26180.130828867,-34283.3233240688,-26178.5386843961,1,0,0,0
20140114102727.daq,120,8,1143.51666666667,1,0,right,-0.0468572677639827,229.750228881836,12,0.0001,61.8657722473145,1199.723662583,-0.0878899917006493,0.288829207420349,-0.0328471772372723,4.49647472986018,-34285.4468339601,-26188.629877407,-34287.3263697257,-26187.0387458193,-34289.2059054914,-26185.4476142317,1,0,0,0
20140114102727.daq,120,8,1143.61666666667,1,0,right,-0.00164305709387236,229.759582519531,12,0.0001,61.8667182922363,1208.79739871176,0.615229964256287,0.288434267044067,-0.0423388406634331,4.5074422861399,-34291.3173379797,-26195.5441377949,-34293.1971334753,-26193.953313066,-34295.076928971,-26192.3624883372,1,0,0,0
20140114102727.daq,120,8,1143.71666666667,1,0,right,0.0472894573655367,229.750457763672,12,0.0001,61.8677024841309,1217.87127779023,0.791009962558746,0.288491070270538,-0.00437196157872677,4.52506561304299,-34297.1890070299,-26202.4599603754,-34299.0685491517,-26200.868836296,-34300.9480912735,-26199.2777122167,1,0,0,0
20140114102727.daq,120,8,1143.81666666667,1,0,right,0.0878385223385294,229.733673095703,12,0.0001,61.8686218261719,1226.94529678789,0.74706494808197,0.288717806339264,-0.0328471772372723,4.54542586012017,-34303.0611589441,-26209.3795269125,-34304.9402348691,-26207.7878522939,-34306.8193107941,-26206.1961776753,1,0,0,0
20140114102727.daq,120,8,1143.91666666667,1,0,right,0.117349058491072,229.712585449219,12,0.0001,61.8694496154785,1236.01944400206,0.615229964256287,0.288748472929001,-0.0613221637904644,4.56694491238718,-34308.9296757355,-26216.2970487896,-34310.8081657192,-26214.704682687,-34312.6866557029,-26213.1123165845,1,0,0,0
20140114102727.daq,120,8,1144.01666666667,1,0,right,0.125596537667093,229.697616577148,12,-0.000105090780351208,61.8701667785645,1245.09370437311,0.26366999745369,0.288512647151947,-0.0423388406634331,4.59121130838187,-34314.801712971,-26223.2147000341,-34316.6797868752,-26221.6218432189,-34318.5578607794,-26220.0289864037,1,0,0,0
20140114102727.daq,120,8,1144.11666666667,1,0,right,0.110703024952841,229.69970703125,12,-0.000124412180657289,61.8708190917969,1254.16806577877,-0.57128494977951,0.288442373275757,-0.0328471772372723,4.61648257137312,-34320.676581215,-26230.1307600146,-34322.5547132338,-26228.5379717226,-34324.4328452527,-26226.9451834306,1,0,0,0
20140114102727.daq,120,8,1144.21666666667,1,0,right,0.163550315519615,229.723571777344,12,-0.000143967149453146,61.8690071105957,1263.2423035371,-1.31834995746613,0.288533568382263,-0.0328471772372723,4.64912127777734,-34326.5461707164,-26237.0453285393,-34328.4249659979,-26235.453322662,-34330.3037612794,-26233.8613167846,1,0,0,0
20140114102727.daq,120,8,1144.31666666667,1,0,right,0.133663306876201,229.767227172852,12,-0.000163768631498535,61.8681869506836,1272.31635312022,-1.45018494129181,0.288249731063843,-0.0233552847057581,4.68299646243565,-34332.4145122237,-26243.9603150806,-34334.2945199574,-26242.3697411765,-34336.1745276911,-26240.7791672723,1,0,0,0
20140114102727.daq,120,8,1144.41666666667,1,0,right,0.0880326389861921,229.824798583984,12,-0.000183831030180388,61.8686332702637,1281.39039524346,-1.53807497024536,0.288637578487396,-0.0423388406634331,4.71562744585184,-34338.2819753246,-26250.8794992215,-34340.1635803347,-26249.2908151718,-34342.0451853447,-26247.7021311221,1,0,0,0
20140114102727.daq,120,8,1144.51666666667,1,0,right,0.0365002365597888,229.886444091797,12,-0.000204169613326697,61.8698539733887,1290.46456479061,-1.58201992511749,0.290584862232208,-0.0423388406634331,4.74256478947149,-34344.1413676473,-26257.8007184505,-34346.0246808603,-26256.2140597709,-34347.9079940732,-26254.6274010913,1,0,0,0
20140114102727.daq,120,8,1144.61666666667,1,0,right,-0.0191500866379215,229.950500488281,12,-0.000224800084348581,61.8714218139648,1299.53894372696,-1.58201992511749,0.289488852024078,-0.0328471772372723,4.76388642062433,-34349.996700152,-26264.7278433589,-34351.881786064,-26263.1432912053,-34353.7668719761,-26261.5587390517,1,0,0,0
20140114102727.daq,120,8,1144.71666666667,1,0,right,-0.0731164828285955,230.010894775391,12,-0.00024573824398889,61.8730010986328,1308.61355760257,-1.36229491233826,0.28903603553772,-0.0138636231422424,4.7772816700649,-34355.8444498928,-26271.6607466852,-34357.7312050007,-26270.0781824413,-34359.6179601086,-26268.4956181974,1,0,0,0
20140114102727.daq,120,8,1144.81666666667,1,0,right,-0.123707259720732,230.06608581543,12,-0.000266999714066453,61.8743133544922,1317.68838520347,-1.09862494468689,0.289592891931534,-0.00437196157872677,4.78544688974605,-34361.6886207083,-26278.5974439589,-34363.5768993699,-26277.0166978948,-34365.4651780316,-26275.4359518306,1,0,0,0
20140114102727.daq,120,8,1144.91666666667,1,0,right,-0.170373083428615,230.115524291992,12,-0.000288599455208899,61.8753128051758,1326.76338046491,-1.01073491573334,0.289418667554855,-0.0423388406634331,4.78348851605065,-34367.525341371,-26285.5418309754,-34369.4149832988,-26283.9627148276,-34371.3046252265,-26282.3835986797,1,0,0,0
20140114102727.daq,120,8,1145.01666666667,1,0,right,-0.212431500705634,230.158508300781,12,-0.000310551160078301,61.8761901855469,1335.83851140273,-0.878899931907654,0.289376854896545,-0.0992890447378159,4.77173749986766,-34373.3546565504,-26292.4938941373,-34375.2454826189,-26290.9161960666,-34377.1363086874,-26289.338497996,1,0,0,0
20140114102727.daq,120,8,1145.11666666667,1,0,right,-0.249519012966914,230.194732666016,12,-0.000332867029812859,61.8771133422852,1344.91377326126,-0.483394980430603,0.289543092250824,-0.0233552847057581,4.75500951511641,-34379.1804920891,-26299.4497218034,-34381.0723152547,-26297.8732194934,-34382.9641384202,-26296.2967171834,1,0,0,0
20140114102727.daq,120,8,1145.21666666667,1,0,right,-0.274354459133974,230.216857910156,12,-0.000355557667120289,61.8782196044922,1353.98918245221,0.0439449995756149,0.289331495761871,-0.0708140581846237,4.73044904207636,-34384.9994059909,-26306.4091632737,-34386.891837795,-26304.8333916245,-34388.7842695991,-26303.2576199754,1,0,0,0
20140114102727.daq,120,8,1145.31666666667,1,0,right,-0.283254359332773,230.221130371094,12,-0.000378632227634176,61.8795356750488,1363.06476988739,0.659174978733063,0.289323687553406,-0.0708140581846237,4.69952568839318,-34390.8155421465,-26313.3740952282,-34392.7080914482,-26311.7984646992,-34394.60064075,-26310.2228341702,1,0,0,0
20140114102727.daq,120,8,1145.41666666667,1,0,right,-0.274543564288933,230.206024169922,12,-0.000402098562285345,61.8809928894043,1372.14056148991,1.31834995746613,0.290289372205734,-0.0423388406634331,4.66733574339715,-34396.6329033438,-26320.3405801471,-34398.5250371601,-26318.7644506967,-34400.4171709765,-26317.1883212463,1,0,0,0
20140114102727.daq,120,8,1145.51666666667,1,0,right,-0.241232181293753,230.164489746094,12,-0.000425963598113189,61.8825569152832,1381.21657409104,2.28513979911804,0.290197193622589,-0.0803057178854942,4.63148987743749,-34402.4480285423,-26327.3084711279,-34404.3390193057,-26325.7309704604,-34406.2300100692,-26324.1534697928,1,0,0,0
20140114102727.daq,120,8,1145.61666666667,1,0,right,-0.180466815871,230.093673706055,12,-0.000450233520024009,61.8842124938965,1390.292823916,3.16403985023499,0.28987780213356,-0.0328471772372723,4.59734983444289,-34408.2650030578,-26334.2737989906,-34410.154042629,-26332.6939623149,-34412.0430822003,-26331.1141256392,1,0,0,0
20140114102727.daq,120,8,1145.71666666667,1,0,right,-0.0914692713548106,229.992797851563,12,-0.000474913993240603,61.8858604431152,1399.36931758546,3.8232147693634,0.28929603099823,-0.0708140581846237,4.56936823909449,-34414.0916862615,-26341.2384937432,-34415.977941421,-26339.6553336449,-34417.8641965805,-26338.0721735466,1,0,0,0
20140114102727.daq,120,8,1145.81666666667,1,0,right,0.022525570277935,229.865097045898,12,-0.000500010540798979,61.8873176574707,1408.44604325689,4.39449977874756,0.262070327997208,-0.0613221637904644,4.54783056874575,-34419.9239644908,-26348.1967540421,-34421.8066864217,-26346.6093937949,-34423.6894083526,-26345.0220335477,1,0,0,0
20140114102727.daq,120,8,1145.91666666667,1,0,right,0.156940072809107,229.715148925781,12,-0.000525528703709386,61.886791229248,1417.5228810128,4.70211458206177,0.245456114411354,-0.0328471772372723,4.54030210961244,-34425.7693579017,-26355.1467125139,-34427.6479191277,-26353.5544304587,-34429.5264803538,-26351.9621484034,1,0,0,0
20140114102727.daq,120,8,1146.01666666667,1,0,right,0.307654349633935,229.547073364258,12,-0.000551474255690643,61.8799095153809,1426.59922063595,4.92183971405029,0.240904211997986,-0.0992890447378159,4.54899463545498,-34431.6315095592,-26362.0845400283,-34433.5053917945,-26360.4867541253,-34435.3792740297,-26358.8889682223,1,0,0,0
20140114102727.daq,120,8,1146.11666666667,1,0,right,0.473468854742464,229.361740112305,12,-0.000577853647235381,61.8651542663574,1435.67396813647,5.2294545173645,0.237825810909271,-0.0897973775863647,4.57860941491403,-34437.5103612652,-26369.0063390929,-34439.3790653873,-26367.4025001584,-34441.2477695094,-26365.798661224,1,0,0,0
20140114102727.daq,120,8,1146.21666666667,1,0,right,0.650603420505661,229.163558959961,12,-0.000604674261888227,61.8434028625488,1444.74602691361,5.31734466552734,0.236040592193604,-0.0233552847057581,4.62754086613851,-34443.4056322496,-26375.9121953797,-34445.2687776638,-26374.3019023663,-34447.1319230779,-26372.6916093528,1,0,0,0
20140114102727.daq,120,8,1146.31666666667,1,0,right,0.823896152166469,228.967391967773,12,-0.000631944544377756,61.8158226013184,1453.81445086935,4.57027959823608,0.235821470618248,-0.0328471772372723,4.69872663862007,-34449.3163868955,-26382.7965685802,-34451.1740081438,-26381.1799060547,-34453.0316293921,-26379.5632435292,1,0,0,0
20140114102727.daq,120,8,1146.41666666667,1,0,right,0.969436524120908,228.797149658203,12,-0.000659674188129,61.7840232849121,1462.87850147669,3.16403985023499,0.235817983746529,-0.0897973775863647,4.79758177306378,-34455.2489392724,-26389.6580382163,-34457.1017487564,-26388.035863306,-34458.9545582404,-26386.4136883958,1,0,0,0
20140114102727.daq,120,8,1146.51666666667,1,0,right,1.15329581229116,228.655578613281,12,-0.000687874021052747,61.7519798278809,1471.93779417932,2.72458982467651,0.235772237181664,-0.00437196157872677,4.92314304072062,-34461.199216124,-26396.4986333642,-34463.0480117551,-26394.871885339,-34464.8968073864,-26393.2451373138,1,0,0,0
20140114102727.daq,120,8,1146.61666666667,1,0,right,1.27713407617773,228.534713745117,12,-0.000716555155064525,61.718563079834,1480.99234445651,2.76853489875793,0.235937371850014,-0.0613221637904644,5.08129956223447,-34467.1638143738,-26403.3162351035,-34469.0091742855,-26401.685590685,-34470.8545341972,-26400.0549462664,1,0,0,0
20140114102727.daq,120,8,1146.71666666667,1,0,right,1.31301990347856,228.395767211914,12,-0.000745727818980092,61.6824226379395,1490.04179917663,3.8232147693634,0.236130058765411,-0.0897973775863647,5.26120764346559,-34473.1490688261,-26410.1119272168,-34474.9904688812,-26408.4768124623,-34476.8318689363,-26406.8416977078,1,0,0,0
20140114102727.daq,120,8,1146.81666666667,1,0,right,1.27113107395371,228.228546142578,12,-0.000775399689005417,61.6440238952637,1499.08578077711,5.00972986221313,0.234745398163795,-0.0138636231422424,5.44382518716551,-34479.1517069005,-26416.885468866,-34480.9883269422,-26415.2449868498,-34482.824946984,-26413.6045048336,1,0,0,0
20140114102727.daq,120,8,1146.91666666667,1,0,right,1.16635427832892,228.020477294922,12,-0.000805573921616618,61.6044769287109,1508.12402886181,6.32807970046997,0.227882266044617,-0.0613221637904644,5.60905175296062,-34485.1686009637,-26423.6385079505,-34486.99925152,-26421.9913671052,-34488.8299020762,-26420.3442262598,1,0,0,0
20140114102727.daq,120,8,1147.01666666667,1,0,right,1.08727806194236,227.735076904297,12,-0.000836247278325873,61.5635757446289,1517.15639134272,9.36028480529785,0.0810780748724937,-0.0613221637904644,5.75380725942759,-34491.2098250003,-26430.3682119041,-34493.0322481801,-26428.7119727374,-34494.8546713599,-26427.0557335707,0,1,0,1
20140114102727.daq,120,8,1147.11666666667,1,0,right,1.05910318823703,227.333679199219,12,-0.000867408873928963,61.5121688842773,1526.18222000379,13.1834993362427,0,-0.0518305003643036,5.87632158214432,-34497.2777530838,-26437.0677300464,-34499.0885285025,-26435.398764257,-34500.8993039212,-26433.7297984675,0,1,0,1
20140114102727.daq,120,8,1147.21666666667,1,0,right,1.09691031569264,226.806015014648,12,-0.000899039716048789,61.4263076782227,1535.19829451262,15.995979309082,0,-0.0803057178854942,5.97715488275174,-34503.3807742834,-26443.728848589,-34505.1761028274,-26442.0432775158,-34506.9714313713,-26440.3577064426,0,1,0,1
20140114102727.daq,120,8,1147.31666666667,1,0,right,1.17845445976718,226.171524047852,12,-0.000931113176599234,61.3108787536621,1544.19918580944,17.2703838348389,0,-0.0897973775863647,6.06019021603043,-34509.5254166076,-26450.3401209857,-34511.3019695107,-26448.6347722806,-34513.0785224137,-26446.9294235755,0,1,0,1
20140114102727.daq,120,8,1147.41666666667,1,0,right,1.25460364406672,225.468368530273,12,-0.000963597274071343,61.1881713867188,1553.18252906902,17.3582744598389,0,1.8844803571701,6.12817464142735,-34515.7170611859,-26456.8866908653,-34517.472552146,-26455.1596685978,-34519.2280431061,-26453.4326463303,0,1,0,1
20140114102727.daq,120,8,1147.51666666667,1,0,right,1.29115459452703,224.734405517578,12,-0.000996458170628301,61.0616493225098,1562.14758501825,17.2703838348389,0,1.97939741611481,6.18028955305493,-34521.9611423847,-26463.3596474806,-34523.6943666375,-26461.6102795624,-34525.4275908903,-26459.8609116443,0,1,0,1
20140114102727.daq,120,8,1147.61666666667,1,0,right,1.26387226089469,224.0029296875,12,-0.00102966322298321,60.9325904846191,1571.09387934937,16.3475379943848,0,1.38141918182373,6.21832658327463,-34528.2634165626,-26469.7500678221,-34529.9741665887,-26467.9787155782,-34531.6849166147,-26466.2073633344,0,1,0,1
20140114102727.daq,120,8,1147.71666666667,1,0,right,1.12434888408211,223.288848876953,12,-0.00106318322112163,60.8022766113281,1580.0211408961,15.644419670105,0,0.859374821186066,6.23764536474235,-34534.6268869315,-26476.0525208741,-34536.3154281956,-26474.2599855682,-34538.0039694597,-26472.4674502623,0,1,0,1
20140114102727.daq,120,8,1147.81666666667,1,0,right,0.934647685136042,222.584625244141,12,-0.00109699347419518,60.6712913513184,1588.92922414436,15.8201990127563,0,0.261396169662476,6.22803378644608,-34541.0559227164,-26482.2609721324,-34542.7223049044,-26480.4478188495,-34544.3886870923,-26478.6346655667,0,1,1,1
20140114102727.daq,120,8,1147.91666666667,1,0,right,0.692366459555728,221.859313964844,12,-0.00113107322387145,60.5396919250488,1597.81804950672,17.0946044921875,0,4.41876935958862,6.19161643516144,-34547.5484644647,-26488.372577363,-34549.1917609127,-26486.5384750737,-34550.8350573607,-26484.7043727844,0,1,1,1
20140114102727.daq,120,8,1148.01666666667,1,0,right,0.346678711629352,221.105651855469,12,-0.00116540366701444,60.406810760498,1606.68751520252,18.8963489532471,0,5.99439525604248,6.10971425157434,-34554.104911439,-26494.3890245082,-34555.7239408483,-26492.5334657795,-34557.3429702576,-26490.6779070509,0,1,1,1
20140114102727.daq,120,8,1148.11666666667,1,0,right,0.138096573125779,220.284912109375,12,-0.00119996506192963,60.2645950317383,1615.53697749171,19.7752494812012,0,7.75985479354858,5.98838221577906,-34560.7314025527,-26500.303182613,-34562.3236866092,-26498.4246230832,-34563.9159706656,-26496.5460635534,0,1,1,1
20140114102727.daq,120,8,1148.21666666667,1,0,right,-0.126712827278652,219.411682128906,12,-0.00123473447605032,60.0933151245117,1624.36355705118,20.5223140716553,0,8.35783290863037,5.8082245829967,-34567.4191771526,-26506.1134027728,-34568.9826467589,-26504.2107947696,-34570.5461163652,-26502.3081867665,0,1,1,1
20140114102727.daq,120,8,1148.31666666667,1,0,right,-0.406848423222982,218.53254699707,12,-0.00126968411411322,59.8871307373047,1633.16260801416,21.7527732849121,0,9.59175682067871,5.5783193936434,-34574.165458758,-26511.8132780651,-34575.6995522261,-26509.8869053975,-34577.2336456942,-26507.9605327299,0,0,1,0
20140114102727.daq,120,8,1148.41666666667,1,0,right,-0.539589736630319,217.573776245117,12,-0.00130478054067649,59.6337890625,1641.92810979979,23.2029590606689,0,10.4460115432739,5.30905751152822,-34580.9744429056,-26517.3924840836,-34582.4760877424,-26515.4407112466,-34583.9777325792,-26513.4889384095,0,0,1,0
20140114102727.daq,120,8,1148.51666666667,1,0,right,-0.640248683214168,216.552680969238,12,-0.00133998523015106,59.3270950317383,1650.65254491122,23.7742443084717,0,9.81955814361572,5.00897329691101,-34587.8410949845,-26522.8396875059,-34589.307719734,-26520.8614644984,-34590.7743444835,-26518.8832414908,0,0,1,0
20140114102727.daq,120,8,1148.61666666667,1,0,right,-0.706860299174082,215.484062194824,12,-0.00137525569340502,58.9750518798828,1659.32847865611,23.7302989959717,0,8.66156768798828,4.68797983323837,-34594.7644544127,-26528.1435250001,-34596.1939305498,-26526.1382937424,-34597.6234066868,-26524.1330624846,0,0,1,0
20140114102727.daq,120,8,1148.71666666667,1,0,right,-0.679656489302602,214.36661529541,12,-0.00141054692824654,58.6100158691406,1667.95126633327,23.5105743408203,0,8.52868366241455,4.34297331426501,-34601.7288527678,-26533.299905645,-34603.1189512453,-26531.2671782539,-34604.5090497227,-26529.2344508629,0,0,1,0
20140114102727.daq,120,8,1148.81666666667,1,0,right,-0.647647441462823,213.266105651855,12,-0.00144581217303709,58.260814666748,1676.52158152231,23.1150684356689,0,7.66493797302246,3.98417257035455,-34608.7423010877,-26538.307293202,-34610.0931019048,-26536.2482420671,-34611.4439027218,-26534.1891909322,0,0,1,0
20140114102727.daq,120,8,1148.91666666667,1,0,right,-0.689039408836834,212.175628662109,12,-0.00148100404792547,57.9342956542969,1685.04230359294,23.2469043731689,0,8.37681674957275,3.61821909802251,-34615.7973722478,-26543.1557201197,-34617.1087420725,-26541.0713344533,-34618.4201118972,-26538.9869487869,0,0,1,0
20140114102727.daq,120,8,1149.01666666667,1,0,right,-0.670239708717872,211.109962463379,12,-0.00151607617536697,57.6206970214844,1693.51635396984,23.5105743408203,0,8.55715942382813,3.25480120362856,-34622.9050029923,-26547.8458268836,-34624.1773799438,-26545.7374124754,-34625.4497568953,-26543.6289980672,0,0,1,0
20140114102727.daq,120,8,1149.11666666667,1,0,right,-0.691001761917732,210.053855895996,12,-0.00155098410420974,57.3016548156738,1701.94412672066,23.950023651123,0,9.81006622314453,2.9022653141157,-34630.0660251893,-26552.3712147947,-34631.2993247709,-26550.2397067451,-34632.5326243525,-26548.1081986955,0,0,1,0
20140114102727.daq,120,8,1149.21666666667,1,0,right,-0.654798847975485,208.970031738281,12,-0.00158568512934938,56.9634666442871,1710.32394486673,25.0047035217285,0,11.907735824585,2.55470773431628,-34637.2706406774,-26556.7303555462,-34638.4634017707,-26554.5759007665,-34639.656162864,-26552.4214459868,0,0,1,0
20140114102727.daq,120,8,1149.31666666667,1,0,right,-0.624313797759669,207.847045898438,12,-0.00162013632179315,56.5857086181641,1718.65148457456,26.3669986724854,0,12.4107971191406,2.22113406601424,-34644.5193429463,-26560.9226900049,-34645.669650766,-26558.7452726486,-34646.8199585858,-26556.5678552924,0,0,1,0
20140114102727.daq,120,8,1149.41666666667,1,0,right,-0.457142101418526,206.658065795898,12,-0.00165429184868705,56.1573104858398,1726.91990561012,27.3337879180908,0,11.9931631088257,1.8970398951746,-34651.7977204675,-26564.9469336234,-34652.9025989286,-26562.7461160459,-34654.0074773896,-26560.5452984683,0,0,1,0
20140114102727.daq,120,8,1149.51666666667,1,0,right,-0.271520462550029,205.417068481445,12,-0.00168810073622171,55.6881484985352,1735.12227817437,28.6521396636963,0,10.1707525253296,1.5894201096385,-34659.0970745621,-26568.7957230308,-34660.1540290082,-26566.5714924397,-34661.2109834543,-26564.3472618486,0,0,1,0
20140114102727.daq,120,8,1149.61666666667,1,0,right,0.0100197187839512,204.093971252441,12,-0.00172150598490523,55.2176971435547,1743.25509351774,30.6296634674072,0,8.77546882629395,1.30478019120286,-34666.414753456,-26572.4616640174,-34667.4200678351,-26570.2136209968,-34668.4253822141,-26567.9655779761,0,0,1,0
20140114102727.daq,120,8,1149.71666666667,1,0,right,0.371487474425749,202.739555358887,12,-0.00175444516250252,54.7827453613281,1751.32129558445,31.0691146850586,0,7.87375593185425,1.05111968252303,-34673.7520053951,-26575.9430212052,-34674.7039023233,-26573.6718438318,-34675.6557992514,-26571.4006664584,0,0,1,0
20140114102727.daq,120,8,1149.81666666667,1,0,right,0.694556379684229,201.389472961426,12,-0.00178685310703364,54.3954238891602,1759.32710553257,29.7068195343018,0,5.8994779586792,0.83263696961662,-34681.1070714378,-26579.2375513923,-34682.0051924458,-26576.9445766697,-34682.9033134538,-26574.6516019471,0,0,1,0
20140114102727.daq,120,8,1149.91666666667,1,0,right,0.995965564603239,200.099105834961,12,-0.00181866615074178,54.0665054321289,1767.280223719,28.0808544158936,0,5.46285915374756,0.657093436164002,-34688.4813847693,-26582.3402392169,-34689.3276419486,-26580.0276209583,-34690.173899128,-26577.7150026998,0,0,1,0
20140114102727.daq,120,8,1150.01666666667,1,0,right,1.17448837408233,198.896774291992,12,-0.00184982627056018,53.8028793334961,1775.18991464881,27.5535144805908,0,3.70689058303833,0.520643022278668,-34695.8856075311,-26585.2585877728,-34696.6831524809,-26582.9287215799,-34697.4806974307,-26580.5988553871,0,0,1,0
20140114102727.daq,120,8,1150.11666666667,1,0,right,1.32134846053725,197.749465942383,12,-0.00188028372069725,53.5948257446289,1783.06525026918,27.5974578857422,0,0.00511969998478889,0.436345030833046,-34703.3174827264,-26587.9931246124,-34704.0682169435,-26585.647756292,-34704.8189511606,-26583.3023879715,0,0,1,0
20140114102727.daq,120,8,1150.21666666667,1,0,right,1.39810135500522,196.677742004395,12,-0.00190999761481515,53.4213562011719,1790.91277437749,26.9822292327881,0,-0.478957831859589,0.376611278939304,-34710.7802165282,-26590.5548523606,-34711.4869515978,-26588.19585258,-34712.1936866673,-26585.8368527994,0,0,1,0
20140114102727.daq,120,25,1848.03333333333,1,0,right,0.112350463867188,269.887649536133,12,0.0001,61.5144271850586,0,0.834954977035522,0.225320979952812,0.0241032540798187,2.72529881009717,-43233.7975728306,-46652.2931838153,-43236.2601590942,-46652.2883549594,-43238.7227453578,-46652.2835261035,1,0,0,0
20140114102727.daq,120,25,1848.13333333333,1,0,right,0.12908935546875,269.870910644531,12,0.0001,61.4689178466797,9.01880538050318,0.834954977035522,0.226449862122536,-0.0423388406634331,2.74331359213971,-43233.8181392772,-46661.3092181532,-43236.280724025,-46661.303669856,-43238.7433087727,-46661.2981215587,1,0,0,0
20140114102727.daq,120,25,1848.23333333333,1,0,right,0.145980834960938,269.854019165039,12,0.0001,61.423038482666,18.0309053175733,0.834954977035522,0.227425590157509,-0.0613221637904644,2.76433005951865,-43233.8387152816,-46670.321349666,-43236.3012982867,-46670.3150753696,-43238.7638812917,-46670.3088010733,1,0,0,0
20140114102727.daq,120,25,1848.33333333333,1,0,right,0.162353515625,269.837646484375,12,0.0001,61.3770637512207,27.0362662417465,0.834954977035522,0.224917307496071,-0.0897973775863647,2.7925001906551,-43233.8670718139,-46679.3256557073,-43236.3296529255,-46679.3186777104,-43238.792234037,-46679.3116997135,1,0,0,0
20140114102727.daq,120,25,1848.43333333333,1,0,right,0.180145263671875,269.819854736328,12,0.0001,61.3310585021973,36.0348835372424,0.834954977035522,0.22549295425415,-0.0233552847057581,2.82085630405408,-43233.8955162564,-46688.3221835716,-43236.3580950824,-46688.3144408831,-43238.8206739084,-46688.3066981945,1,0,0,0
20140114102727.daq,120,25,1848.53333333333,1,0,right,0.1981201171875,269.801879882813,12,0.0001,61.2848587036133,45.0267399997392,0.834954977035522,0.225614070892334,-0.0423388406634331,2.84947168819629,-43233.9239721637,-46697.3148093064,-43236.3865484394,-46697.3062940572,-43238.8491247152,-46697.2977788079,1,0,0,0
20140114102727.daq,120,25,1848.63333333333,1,0,right,0.214691162109375,269.785308837891,12,0.0001,61.2385330200195,54.0118097061641,0.834954977035522,0.225657716393471,-0.0423388406634331,2.88554897612367,-43233.9601538349,-46706.2995880067,-43236.4227275449,-46706.2903605332,-43238.8853012549,-46706.2811330598,1,0,0,0
20140114102727.daq,120,25,1848.73333333333,1,0,right,0.232162475585938,269.767837524414,12,0.0001,61.1922035217285,62.9900837047317,0.834954977035522,0.225625529885292,-0.0328471772372723,2.92162454420178,-43233.9963913414,-46715.276575818,-43236.4589621231,-46715.2665974275,-43238.9215329049,-46715.2566190371,1,0,0,0
20140114102727.daq,120,25,1848.83333333333,1,0,right,0.248809814453125,269.751190185547,12,0.0001,61.1459007263184,71.9615648861218,0.834954977035522,0.225779429078102,-0.0613221637904644,2.9586583642883,-43234.0325779747,-46724.2457307641,-43236.4951457533,-46724.235036872,-43238.9577135319,-46724.2243429799,1,0,0,0
20140114102727.daq,120,25,1848.93333333333,1,0,right,0.266571044921875,269.733428955078,12,0.0001,61.0996589660645,80.9262584255775,0.834954977035522,0.225953534245491,-0.0613221637904644,3.00188363882221,-43234.0766461818,-46733.2110062255,-43236.539210527,-46733.1995489577,-43239.0017748723,-46733.18809169,1,0,0,0
20140114102727.daq,120,25,1849.03333333333,1,0,right,0.2840576171875,269.715942382813,12,0.0001,61.0534896850586,89.8841749068233,0.834954977035522,0.226344868540764,-0.0613221637904644,3.04586029145853,-43234.1206975177,-46742.1684621779,-43236.5832582515,-46742.1562533404,-43239.0458189853,-46742.1440445028,1,0,0,0
20140114102727.daq,120,25,1849.13333333333,1,0,right,0.30120849609375,269.698791503906,12,0.0001,61.007438659668,98.8353284103796,0.791009962558746,0.225730255246162,-0.0708140581846237,3.09414415154491,-43234.1686344468,-46751.1180971563,-43236.6311914157,-46751.1051511781,-43239.0937483846,-46751.0922051999,1,0,0,0
20140114102727.daq,120,25,1849.23333333333,1,0,right,0.317138671875,269.682861328125,12,0.0001,60.9615173339844,107.779737819015,0.703119993209839,0.225353956222534,-0.0613221637904644,3.14250651537344,-43234.2164959053,-46760.0598897252,-43236.6790491796,-46760.0462590728,-43239.1416024539,-46760.0326284205,1,0,0,0
20140114102727.daq,120,25,1849.33333333333,1,0,right,0.326217651367188,269.673782348633,12,0.0001,60.915657043457,116.717416840227,0.439449995756149,0.228740870952606,-0.0613221637904644,3.19338669402917,-43234.2678394091,-46768.9976097746,-43236.7303904926,-46768.983588911,-43239.1929415761,-46768.9695680473,1,0,0,0
20140114102727.daq,120,25,1849.43333333333,1,0,right,0.329788208007813,269.670211791992,12,0.0001,60.8699951171875,125.648379647784,0.219724997878075,0.240821182727814,-0.0518305003643036,3.24807528184837,-43234.3227480404,-46777.9273837906,-43236.7852982453,-46777.9132094659,-43239.2478484503,-46777.8990351411,1,0,0,0
20140114102727.daq,120,25,1849.53333333333,1,0,right,0.326629638671875,269.673370361328,12,0.0001,60.8256568908691,134.5727175785,0.219724997878075,0.256458669900894,-0.0708140581846237,3.30248600584217,-43234.377239924,-46786.8491822579,-43236.8397909066,-46786.8351436872,-43239.3023418892,-46786.8211051165,1,0,0,0
20140114102727.daq,120,25,1849.63333333333,1,0,right,0.32183837890625,269.678161621094,12,0.0001,60.7856025695801,143.490827404108,0.219724997878075,0.261084228754044,-0.0423388406634331,3.36075070552718,-43234.43553695,-46795.7670348942,-43236.898089098,-46795.7532022501,-43239.3606412459,-46795.739369606,1,0,0,0
20140114102727.daq,120,25,1849.73333333333,1,0,right,0.315139770507813,269.684860229492,12,0.0001,60.7519798278809,152.403525653965,0.219724997878075,0.261357635259628,-0.0233552847057581,3.41505864551694,-43234.4898096197,-46804.6770287653,-43236.952363368,-46804.6634840251,-43239.4149171163,-46804.6499392849,1,0,0,0
20140114102727.daq,120,25,1849.83333333333,1,0,right,0.30926513671875,269.690734863281,12,0.0001,60.724250793457,161.311742993392,0.219724997878075,0.262289226055145,-0.0708140581846237,3.46946295023061,-43234.5441333319,-46813.5831363203,-43237.0066884561,-46813.5698440699,-43239.4692435802,-46813.5565518196,1,0,0,0
20140114102727.daq,120,25,1849.93333333333,1,0,right,0.302627563476563,269.697372436523,12,0.0001,60.7008094787598,170.216225176235,0.219724997878075,0.26381129026413,-0.108780935406685,3.52388926095292,-43234.5984098166,-46822.4853190809,-43237.0609664641,-46822.4723121116,-43239.5235231116,-46822.4593051422,1,0,0,0
20140114102727.daq,120,25,1850.03333333333,1,0,right,0.295181274414063,269.704818725586,12,0.0001,60.6804809570313,179.1175074481,0.219724997878075,0.277566343545914,-0.0708140581846237,3.5783696792717,-43234.6526362458,-46831.3835759201,-43237.1151945629,-46831.3708889903,-43239.57775288,-46831.3582020605,1,0,0,0
20140114102727.daq,120,25,1850.13333333333,1,0,right,0.2886962890625,269.711303710938,12,0.0001,60.6633262634277,188.016026677622,0.219724997878075,0.287222862243652,-0.0423388406634331,3.63262419938873,-43234.7069222175,-46840.2779497835,-43237.1694819548,-46840.2655415768,-43239.6320416922,-46840.2531333702,1,0,0,0
20140114102727.daq,120,25,1850.23333333333,1,0,right,0.281097412109375,269.718902587891,12,0.0001,60.6507911682129,196.912353871099,0.219724997878075,0.289911240339279,-0.0613221637904644,3.68263699847148,-43234.7572329936,-46849.1722965556,-43237.2197943549,-46849.1602149471,-43239.6823557162,-46849.1481333385,1,0,0,0
20140114102727.daq,120,25,1850.33333333333,1,0,right,0.274658203125,269.725341796875,12,0.0001,60.6433029174805,205.807218044356,0.219724997878075,0.290741980075836,-0.0613221637904644,3.73673705583107,-43234.811521838,-46858.0666714322,-43237.2740845416,-46858.0548665796,-43239.7366472451,-46858.0430617271,1,0,0,0
20140114102727.daq,120,25,1850.43333333333,1,0,right,0.266677856445313,269.733322143555,12,0.0001,60.6399803161621,214.701303593727,0.17577999830246,0.291169822216034,-0.0613221637904644,3.78303226003466,-43234.8579027941,-46866.9571025706,-43237.3204671179,-46866.9456407121,-43239.7830314418,-46866.9341788536,1,0,0,0
20140114102727.daq,120,25,1850.53333333333,1,0,right,0.259796142578125,269.740203857422,12,0.0001,60.6396636962891,223.595134388568,0.17577999830246,0.29140317440033,-0.0613221637904644,3.83342750802684,-43234.9082580355,-46875.8514665923,-43237.3708237183,-46875.8403005089,-43239.833389401,-46875.8291344256,1,0,0,0
20140114102727.daq,120,25,1850.63333333333,1,0,right,0.252731323242188,269.747268676758,12,0.0001,60.6414642333984,232.489083282475,0.17577999830246,0.291321337223053,-0.0518305003643036,3.88004188563947,-43234.9546957127,-46884.7419198611,-43237.4172627536,-46884.7310574229,-43239.8798297945,-46884.7201949848,1,0,0,0
20140114102727.daq,120,25,1850.73333333333,1,0,right,0.247039794921875,269.752960205078,12,0.0001,60.6447410583496,241.383411184361,0.17577999830246,0.291471034288406,-0.0138636231422424,3.92687830227734,-43235.0012184142,-46893.6324064726,-43237.4637865219,-46893.6217886558,-43239.9263546297,-46893.611170839,1,0,0,0
20140114102727.daq,120,25,1850.83333333333,1,0,right,0.24151611328125,269.758483886719,12,0.0001,60.6489906311035,250.27829545259,0.219724997878075,0.292009174823761,-0.0518305003643036,3.97345974618361,-43235.0477515182,-46902.5268033818,-43237.5103206382,-46902.5164229725,-43239.9728897581,-46902.5060425631,1,0,0,0
20140114102727.daq,120,25,1850.93333333333,1,0,right,0.236557006835938,269.763442993164,12,0.0001,60.6539306640625,259.173856191133,0.219724997878075,0.294425219297409,-0.0328471772372723,4.01974144527776,-43235.0943195785,-46911.4212139939,-43237.5568895876,-46911.4110467267,-43240.0194595968,-46911.4008794595,1,0,0,0
20140114102727.daq,120,25,1851.03333333333,1,0,right,0.233978271484375,269.766021728516,12,0.0001,60.6595344543457,268.0701879072,0.219724997878075,0.302231013774872,-0.0233552847057581,4.06236446531424,-43235.1371287239,-46920.3156825017,-43237.5996991882,-46920.3056260684,-43240.0622696525,-46920.2955696351,1,0,0,0
20140114102727.daq,120,25,1851.13333333333,1,0,right,0.232330322265625,269.767669677734,12,0.0001,60.6664581298828,276.967424598639,0.219724997878075,0.305596500635147,-0.0518305003643036,4.1051444922389,-43235.1799954796,-46929.2101736523,-43237.6425662321,-46929.2001880478,-43240.1051369846,-46929.1902024434,1,0,0,0
20140114102727.daq,120,25,1851.23333333333,1,0,right,0.23284912109375,269.767150878906,12,0.0001,60.6756858825684,285.86583855073,0.26366999745369,0.309560775756836,-0.0518305003643036,4.1481459260109,-43235.2229963388,-46938.1086237765,-43237.6855670008,-46938.0986158741,-43240.1481376628,-46938.0886079717,1,0,0,0
20140114102727.daq,120,25,1851.33333333333,1,0,right,0.234588623046875,269.765411376953,12,0.0001,60.6874580383301,294.765792266495,0.26366999745369,0.314313262701035,0.0430865772068501,4.19128498839766,-43235.2660727499,-46947.0071036026,-43237.7286431069,-46946.9970209364,-43240.1912134639,-46946.9869382703,1,0,0,0
20140114102727.daq,120,25,1851.43333333333,1,0,right,0.236846923828125,269.763153076172,12,0.0001,60.7019081115723,303.66766643236,0.26366999745369,0.316298425197601,-0.0708140581846237,4.23061094578326,-43235.3052750224,-46955.9055960473,-43237.7678449801,-46955.8954163195,-43240.2304149378,-46955.8852365917,1,0,0,0
20140114102727.daq,120,25,1851.53333333333,1,0,right,0.242523193359375,269.757476806641,12,0.0001,60.7190780639648,312.571861503471,0.351559996604919,0.317597180604935,-0.0518305003643036,4.27406490895365,-43235.3485951019,-46964.8080778774,-43237.811164039,-46964.7976541838,-43240.2737329761,-46964.7872304902,1,0,0,0
20140114102727.daq,120,25,1851.63333333333,1,0,right,0.248794555664063,269.751205444336,12,0.0001,60.7386245727539,321.478754762706,0.351559996604919,0.318691104650497,-0.0518305003643036,4.31753190478037,-43235.3919520302,-46973.714480393,-43237.8545198116,-46973.7037871568,-43240.3170875931,-46973.6930939205,1,0,0,0
20140114102727.daq,120,25,1851.73333333333,1,0,right,0.257461547851563,269.742538452148,12,0.0001,60.7601127624512,330.388662042329,0.395504981279373,0.319506227970123,-0.0613221637904644,4.3611019864767,-43235.4354572683,-46982.6248473491,-43237.898023404,-46982.6137816063,-43240.3605895397,-46982.6027158636,1,0,0,0
20140114102727.daq,120,25,1851.83333333333,1,0,right,0.268585205078125,269.731414794922,12,0.0001,60.7831573486328,339.301839075924,0.439449995756149,0.319476842880249,-0.0613221637904644,4.40873540273043,-43235.483020871,-46991.5352739109,-43237.9455848119,-46991.5237300749,-43240.4081487529,-46991.5121862388,1,0,0,0
20140114102727.daq,120,25,1851.93333333333,1,0,right,0.28082275390625,269.719177246094,12,0.0001,60.8073806762695,348.218487046892,0.439449995756149,0.319864094257355,-0.0423388406634331,4.45631429733015,-43235.530653489,-47000.4535398866,-43237.9932149082,-47000.4414700828,-43240.4557763273,-47000.429400279,1,0,0,0
20140114102727.daq,120,25,1852.03333333333,1,0,right,0.2940673828125,269.705932617188,12,0.0001,60.8324546813965,357.138753380859,0.483394980430603,0.31977653503418,-0.0708140581846237,4.50395847809148,-43235.5783485261,-47009.3718301399,-43238.0409070894,-47009.3591910849,-43240.5034656527,-47009.3465520298,1,0,0,0
20140114102727.daq,120,25,1852.13333333333,1,0,right,0.307464599609375,269.692535400391,12,0.0001,60.8581504821777,366.062744753988,0.483394980430603,0.319951713085175,-0.0708140581846237,4.55156116345954,-43235.6260530863,-47018.2940301543,-43238.0886086269,-47018.2808152905,-43240.5511641676,-47018.2676004267,1,0,0,0
20140114102727.daq,120,25,1852.23333333333,1,0,right,0.322952270507813,269.677047729492,12,0.0001,60.8842697143555,374.990538282698,0.439449995756149,0.319056957960129,-0.0328471772372723,4.6031668562085,-43235.6777934327,-47027.220186891,-43238.1403453113,-47027.2063063723,-43240.6028971899,-47027.1924258535,1,0,0,0
20140114102727.daq,120,25,1852.33333333333,1,0,right,0.338836669921875,269.661163330078,12,0.0001,60.9106369018555,383.922183668299,0.439449995756149,0.319501996040344,-0.0518305003643036,4.65869701587127,-43235.7334647026,-47036.1502592268,-43238.1960126383,-47036.1356960029,-43240.6585605741,-47036.1211327789,1,0,0,0
20140114102727.daq,120,25,1852.43333333333,1,0,right,0.353729248046875,269.646270751953,12,0.0001,60.9370880126953,392.857702964102,0.439449995756149,0.319643616676331,-0.0803057178854942,4.71418242560775,-43235.7890746428,-47045.0881197858,-43238.25161871,-47045.0729164857,-43240.7141627772,-47045.0577131856,1,0,0,0
20140114102727.daq,120,25,1852.53333333333,1,0,right,0.370391845703125,269.629608154297,12,0.0001,60.9636306762695,401.797108292376,0.439449995756149,0.319705545902252,-0.00437196157872677,4.77378691852433,-43235.8487005783,-47054.0260229138,-43238.31124012,-47054.0101034643,-43240.7737796617,-47053.9941840147,1,0,0,0
20140114102727.daq,120,25,1852.63333333333,1,0,right,0.387496948242188,269.612503051758,12,0.0001,60.9901847839355,410.740408651531,0.439449995756149,0.319393873214722,-0.0518305003643036,4.83354395300894,-43235.9083540472,-47062.9678426854,-43238.3708887266,-47062.9511880691,-43240.8334234059,-47062.9345334528,1,0,0,0
20140114102727.daq,120,25,1852.73333333333,1,0,right,0.40460205078125,269.595397949219,12,0.0001,61.0166397094727,419.687598120363,0.439449995756149,0.3201904296875,-0.0423388406634331,4.89738940298289,-43235.9719138895,-47071.9135683905,-43238.4344434871,-47071.896178609,-43240.8969730846,-47071.8787888275,1,0,0,0
20140114102727.daq,120,25,1852.83333333333,1,0,right,0.421463012695313,269.578536987305,12,0.0001,61.0430145263672,428.638659960736,0.439449995756149,0.320176005363464,-0.0423388406634331,4.96470304675035,-43236.0393649754,-47080.8631941384,-43238.5018893489,-47080.8450796861,-43240.9644137224,-47080.8269652339,1,0,0,0
20140114102727.daq,120,25,1852.93333333333,1,0,right,0.440277099609375,269.559722900391,12,0.0001,61.069450378418,437.593593753118,0.439449995756149,0.320396661758423,-0.0233552847057581,5.03199980781967,-43236.1069372334,-47089.8167729187,-43238.5694555259,-47089.7978498538,-43241.0319738185,-47089.7789267889,1,0,0,0
20140114102727.daq,120,25,1853.03333333333,1,0,right,0.459014892578125,269.540985107422,12,0.0001,61.095947265625,446.552409381751,0.439449995756149,0.320187658071518,-0.0138636231422424,5.10351789509123,-43236.1784111611,-47098.7781619782,-43238.6409231334,-47098.7584335818,-43241.1034351057,-47098.7387051854,1,0,0,0
20140114102727.daq,120,25,1853.13333333333,1,0,right,0.477310180664063,269.522689819336,12,0.0001,61.1224746704102,455.515114399808,0.439449995756149,0.320032715797424,-0.0708140581846237,5.17930866338969,-43236.2537640534,-47107.7395400074,-43238.7162696006,-47107.7190252999,-43241.1787751479,-47107.6985105924,1,0,0,0
20140114102727.daq,120,25,1853.23333333333,1,0,right,0.49609375,269.50390625,12,0.0001,61.1489410400391,464.481706103019,0.439449995756149,0.320243537425995,-0.0328471772372723,5.258123483143,-43236.333053611,-47116.704835667,-43238.7955523004,-47116.6835136648,-43241.2580509899,-47116.6621916626,1,0,0,0
20140114102727.daq,120,25,1853.33333333333,1,0,right,0.515350341796875,269.484649658203,12,0.0001,61.1753082275391,473.452172369172,0.439449995756149,0.320244133472443,-0.0423388406634331,5.33741590583306,-43236.4123726491,-47125.6740485607,-43238.8748640333,-47125.6518989362,-43241.3373554176,-47125.6297493117,1,0,0,0
20140114102727.daq,120,25,1853.43333333333,1,0,right,0.534515380859375,269.465484619141,12,0.0001,61.201602935791,482.426500283327,0.439449995756149,0.32020515203476,-0.0518305003643036,5.42099606246107,-43236.4955924147,-47134.6471651051,-43238.9580762523,-47134.6241917956,-43241.4205600899,-47134.6012184862,1,0,0,0
20140114102727.daq,120,25,1853.53333333333,1,0,right,0.554214477539063,269.445785522461,12,0.0001,61.2278480529785,491.404681173386,0.439449995756149,0.320347785949707,-0.0708140581846237,5.50770902741165,-43236.5827517102,-47143.6242003118,-43239.0452275037,-47143.6003803671,-43241.5077032972,-47143.5765604223,1,0,0,0
20140114102727.daq,120,25,1853.63333333333,1,0,right,0.572799682617188,269.427200317383,12,0.0001,61.2539863586426,500.386704082688,0.439449995756149,0.321006566286087,-0.0613221637904644,5.5989726716974,-43236.6737483178,-47152.605114654,-43239.1362162552,-47152.5804959499,-43241.5986841926,-47152.5558772457,1,0,0,0
20140114102727.daq,120,25,1853.73333333333,1,0,right,0.593338012695313,269.406661987305,12,0.0001,61.2800331115723,509.372553811729,0.439449995756149,0.321107864379883,-0.0613221637904644,5.68984216598175,-43236.7648662476,-47161.5899816387,-43239.227325202,-47161.5644802362,-43241.6897841563,-47161.5389788337,1,0,0,0
20140114102727.daq,120,25,1853.83333333333,1,0,right,0.613739013671875,269.386260986328,12,0.0001,61.3059883117676,518.36221674626,0.439449995756149,0.32049036026001,-0.0708140581846237,5.78497071737359,-43236.8598820821,-47170.5787511315,-43239.3223318003,-47170.5523729361,-43241.7847815184,-47170.5259947407,0,1,0,1
20140114102727.daq,120,25,1853.93333333333,1,0,right,0.633834838867188,269.366165161133,12,0.0001,61.3318672180176,527.355680857232,0.439449995756149,0.320567488670349,-0.0518305003643036,5.88373219441752,-43236.9587854011,-47179.5714191301,-43239.421225716,-47179.5441772608,-43241.8836660308,-47179.5169353916,0,1,0,1
20140114102727.daq,120,25,1854.03333333333,1,0,right,0.652999877929688,269.34700012207,12,0.0001,61.3576354980469,536.352932950016,0.351559996604919,0.320225954055786,-0.0518305003643036,5.98662939348876,-43237.0615373661,-47188.5679707157,-43239.5239684309,-47188.5399051789,-43241.9863994958,-47188.5118396421,0,1,0,1
20140114102727.daq,120,25,1854.13333333333,1,0,right,0.66412353515625,269.335876464844,12,0.0001,61.3833312988281,545.353958011605,-0.0878899917006493,0.319627940654755,-0.0328471772372723,6.09256346332622,-43237.1676965684,-47197.5682362674,-43239.6301221381,-47197.5396926638,-43242.0925477078,-47197.5111490602,0,1,0,1
20140114102727.daq,120,25,1854.23333333333,1,0,right,0.66064453125,269.33935546875,12,0.0001,61.4089698791504,554.358748395636,-0.703119933605194,0.319665849208832,-0.0233552847057581,6.1982201202734,-43237.2729493689,-47206.5681532286,-43239.7353766672,-47206.5397591437,-43242.1978039655,-47206.5113650589,0,1,0,1
20140114102727.daq,120,25,1854.33333333333,1,0,right,0.642959594726563,269.357040405273,12,0.0001,61.4345169067383,563.367292492709,-1.23045992851257,0.319587677717209,-0.0423388406634331,6.30611668193586,-43237.3812267037,-47215.5755434119,-43239.8436626489,-47215.5479093821,-43242.306098594,-47215.5202753523,0,1,0,1
20140114102727.daq,120,25,1854.43333333333,1,0,right,0.602569580078125,269.397430419922,12,0.0001,61.4599800109863,572.379577434534,-2.10935974121094,0.31912687420845,-0.0613221637904644,6.41310764404324,-43237.4880952733,-47224.5862963771,-43239.9505500869,-47224.5603982205,-43242.4130049005,-47224.5345000639,0,1,0,1
20140114102727.daq,120,25,1854.53333333333,1,0,right,0.52001953125,269.47998046875,12,0.0001,61.4853401184082,581.395590865694,-3.69137978553772,0.319931298494339,-0.0233552847057581,6.51375693520435,-43237.5884434436,-47233.5960357391,-43240.0509330147,-47233.5736854395,-43242.5134225857,-47233.55133514,0,1,0,1
20140114102727.daq,120,25,1854.63333333333,1,0,right,0.415298461914063,269.584701538086,12,0.0001,61.5104522705078,590.415304345428,-3.69137978553772,0.319954305887222,0.00511969998478889,6.60860503169081,-43237.6835142082,-47242.6091391212,-43240.1460405164,-47242.5912896163,-43242.6085668246,-47242.5734401114,0,1,0,1
20140114102727.daq,120,25,1854.73333333333,1,0,right,0.293350219726563,269.706649780273,12,0.0001,61.5354804992676,599.43869526108,-3.73532485961914,0.320242166519165,-0.0423388406634331,6.69484716272982,-43237.7697103713,-47251.6257189862,-43240.2322690926,-47251.6131107546,-43242.6948278139,-47251.6005025231,0,1,0,1
20140114102727.daq,120,25,1854.83333333333,1,0,right,0.165313720703125,269.834686279297,12,0.0001,61.5603179931641,608.465743470879,-3.73532485961914,0.319437593221664,-0.0423388406634331,6.76135426954989,-43237.8360049387,-47260.6460404593,-43240.2985856864,-47260.6389352324,-43242.7611664342,-47260.6318300054,0,1,0,1
20140114102727.daq,120,25,1854.93333333333,1,0,right,0.035797119140625,269.964202880859,12,0.0001,61.5849533081055,617.496420487558,-3.73532485961914,0.319902539253235,-0.0518305003643036,6.81604058004917,-43237.8904962572,-47269.670214153,-43240.3530867746,-47269.6686755815,-43242.8156772919,-47269.6671370099,0,1,0,1
20140114102727.daq,120,25,1855.03333333333,1,0,right,-0.0954437255859375,270.095443725586,12,0.0001,61.6093521118164,626.530692881526,-3.69137978553772,0.318781435489655,-0.0328471772372723,6.85067377651476,-43237.9253570375,-47278.6982334358,-43240.3879446188,-47278.7023356359,-43242.8505322,-47278.7064378359,0,1,0,1
20140114102727.daq,120,25,1855.13333333333,1,0,right,-0.22296142578125,270.222961425781,12,0.0001,61.6335868835449,635.568530673452,-3.33981990814209,0.319829434156418,0.00511969998478889,6.86343190137274,-43237.9370174395,-47287.7302328389,-43240.3995897919,-47287.7398157684,-43242.8621621443,-47287.7493986978,0,1,0,1
20140114102727.daq,120,25,1855.23333333333,1,0,right,-0.3380126953125,270.338012695313,12,0.0001,61.6576919555664,644.6099120898,-2.8564248085022,0.319855540990829,-0.0233552847057581,6.85892496227707,-43237.9338283588,-47296.7625258368,-43240.3963765038,-47296.7770536467,-43242.8589246487,-47296.7915814566,0,1,1,1
20140114102727.daq,120,25,1855.33333333333,1,0,right,-0.437774658203125,270.437774658203,12,0.0001,61.6817817687988,653.654828085535,-2.37302994728088,0.320004761219025,-0.0423388406634331,6.83711928159247,-43237.9120556003,-47305.8030003067,-43240.3745747169,-47305.821815819,-43242.8370938336,-47305.8406313313,0,1,1,1
20140114102727.daq,120,25,1855.43333333333,1,0,right,-0.518356323242188,270.518356323242,12,0.0001,61.705940246582,662.703280525602,-1.80174493789673,0.320353031158447,-0.0992890447378159,6.79310851332337,-43237.8680304903,-47314.8439465159,-43240.3305207091,-47314.8662253331,-43242.7930109279,-47314.8885041504,0,1,1,1
20140114102727.daq,120,25,1855.53333333333,1,0,right,-0.581588745117188,270.581588745117,12,0.0001,61.7302017211914,671.755283910112,-1.45018494129181,0.320341974496841,-0.0613221637904644,6.73845217527808,-43237.8133570757,-47323.8931357922,-43240.2758212077,-47323.918132234,-43242.7382853397,-47323.9431286757,0,1,1,1
20140114102727.daq,120,25,1855.63333333333,1,0,right,-0.636016845703125,270.636016845703,12,0.0001,61.754524230957,680.810851153976,-1.58201992511749,0.32023611664772,-0.0423388406634331,6.66874121501477,-43237.7436020049,-47332.9425432917,-43240.2060412805,-47332.9698789386,-43242.6684805561,-47332.9972145854,0,1,1,1
20140114102727.daq,120,25,1855.73333333333,1,0,right,-0.688232421875,270.688232421875,12,0.0001,61.7788124084473,689.869984448538,-1.62596487998962,0.320204079151154,-0.0613221637904644,6.587391872468,-43237.662265543,-47341.9998161455,-43240.1246788841,-47342.0293958846,-43242.5870922252,-47342.0589756237,0,1,1,1
20140114102727.daq,120,25,1855.83333333333,1,0,right,-0.740463256835938,270.740463256836,12,0.0001,61.8030548095703,698.932675261545,-1.58201992511749,0.319792658090591,-0.0613221637904644,6.49432385437125,-43237.5692105981,-47351.0570856857,-43240.0315959512,-47351.0889101483,-43242.4939813043,-47351.1207346109,0,1,1,1
20140114102727.daq,120,25,1855.93333333333,1,0,right,-0.7911376953125,270.791137695313,12,0.0001,61.8272247314453,707.998917392018,-1.58201992511749,0.320826649665833,-0.0708140581846237,6.39350108408247,-43237.4684399968,-47360.1182981381,-43239.9307962402,-47360.1523004097,-43242.3931524835,-47360.1863026814,0,1,1,1
20140114102727.daq,120,25,1856.03333333333,1,0,right,-0.840866088867188,270.840866088867,12,0.0001,61.8513336181641,717.06869913722,-1.45018494129181,0.319577395915985,-0.0708140581846237,6.28093931144545,-43237.3560098958,-47369.1873444505,-43239.8183357003,-47369.2234838476,-43242.2806615048,-47369.2596232447,0,1,1,1
20140114102727.daq,120,25,1856.13333333333,1,0,right,-0.883163452148438,270.883163452148,12,0.0001,61.8754234313965,726.142015321966,-1.01073491573334,0.319839239120483,-0.0423388406634331,6.16494576819917,-43237.2401309414,-47378.2565778857,-43239.7024293958,-47378.2945350313,-43242.1647278502,-47378.3324921769,0,1,1,1
20140114102727.daq,120,25,1856.23333333333,1,0,right,-0.909942626953125,270.909942626953,12,0.0001,61.899471282959,735.218862216221,-0.439449965953827,0.320445567369461,-0.0708140581846237,6.04212542750998,-43237.117392953,-47387.3262062203,-43239.5796733979,-47387.3653142025,-43242.0419538428,-47387.4044221847,0,1,1,1
20140114102727.daq,120,25,1856.33333333333,1,0,right,-0.92193603515625,270.921936035156,12,0.0001,61.923511505127,744.299235110986,-0.0439449958503246,0.320014119148254,-0.0138636231422424,5.91238313998057,-43236.9877504128,-47396.4040245586,-43239.4500226174,-47396.4436479555,-43241.9122948221,-47396.4832713524,0,1,1,1
20140114102727.daq,120,25,1856.43333333333,1,0,right,-0.92095947265625,270.920959472656,12,0.0001,61.9475440979004,753.383133726515,0.17577999830246,0.318772554397583,-0.0613221637904644,5.77565946211552,-43236.8510916128,-47405.4860807843,-43239.3133644924,-47405.5256622136,-43241.7756373721,-47405.565243643,0,1,1,1
20140114102727.daq,120,25,1856.53333333333,1,0,right,-0.909103393554688,270.909103393555,12,0.0001,61.9714965820313,762.470552141604,0.483394980430603,0.320074081420898,-0.0423388406634331,5.63966392202411,-43236.715100727,-47414.5723214231,-43239.1773817444,-47414.6113933393,-43241.6396627619,-47414.6504652555,0,0,1,0
20140114102727.daq,120,25,1856.63333333333,1,0,right,-0.89111328125,270.89111328125,12,0.0001,61.9953079223633,771.561472732195,0.57128494977951,0.320352673530579,-0.0613221637904644,5.50413784319977,-43236.5794865394,-47423.6626248604,-43239.0417797035,-47423.7009236513,-43241.5040728677,-47423.7392224421,0,0,1,0
20140114102727.daq,120,25,1856.73333333333,1,0,right,-0.869171142578125,270.869171142578,12,0.0001,62.0190696716309,780.655881324579,0.527339994907379,0.320484161376953,-0.0803057178854942,5.36895990851768,-43236.4441151949,-47432.7530288113,-43238.9064228454,-47432.7903846333,-43241.368730496,-47432.8277404552,0,0,1,0
20140114102727.daq,120,25,1856.83333333333,1,0,right,-0.846649169921875,270.846649169922,12,0.0001,62.0428009033203,789.753773209755,0.527339994907379,0.320217311382294,-0.0708140581846237,5.23390280942391,-43236.3087796793,-47441.8512595292,-43238.7711018235,-47441.887647458,-43241.2334239678,-47441.9240353869,0,0,1,0
20140114102727.daq,120,25,1856.93333333333,1,0,right,-0.824020385742188,270.824020385742,12,0.0001,62.0665473937988,798.855145776732,0.57128494977951,0.320878982543945,-0.0518305003643036,5.10218773847218,-43236.1773572011,-47450.9494924238,-43238.6396935246,-47450.9849078637,-43241.1020298481,-47451.0203233035,0,0,1,0
20140114102727.daq,120,25,1857.03333333333,1,0,right,-0.7930908203125,270.793090820313,12,0.0001,62.0903244018555,807.960003408167,1.05467998981476,0.320910423994064,-0.0423388406634331,4.97115562437994,-43236.0464449844,-47460.0557484575,-43238.5088000672,-47460.0898346671,-43240.97115515,-47460.1239208766,0,0,1,0
20140114102727.daq,120,25,1857.13333333333,1,0,right,-0.750747680664063,270.750747680664,12,0.0001,62.1141700744629,817.068353284209,1.53807497024536,0.320646107196808,-0.0613221637904644,4.84893346370403,-43235.9240471956,-47469.1622933495,-43238.3864267966,-47469.1945598026,-43240.8488063976,-47469.2268262556,0,0,1,0
20140114102727.daq,120,25,1857.23333333333,1,0,right,-0.69866943359375,270.698669433594,12,0.0001,62.138053894043,826.18020361074,1.62596487998962,0.321511775255203,-0.0803057178854942,4.73157166630543,-43235.8061550204,-47478.2729892697,-43238.2685629324,-47478.303017562,-43240.7309708444,-47478.3330458544,0,0,1,0
20140114102727.daq,120,25,1857.33333333333,1,0,right,-0.63970947265625,270.639709472656,12,0.0001,62.1619491577148,835.295557138568,1.58201992511749,0.321948945522308,-0.0613221637904644,4.61757488086937,-43235.6925936044,-47487.3877624756,-43238.1550311131,-47487.4152568229,-43240.6174686218,-47487.4427511702,0,0,1,0
20140114102727.daq,120,25,1857.43333333333,1,0,right,-0.580581665039063,270.580581665039,12,0.0001,62.1859321594238,844.414420768007,1.58201992511749,0.322475612163544,-0.0708140581846237,4.51573869228847,-43235.5907628011,-47496.5103486807,-43238.053227372,-47496.53530184,-43240.515691943,-47496.5602549993,0,0,1,0
20140114102727.daq,120,25,1857.53333333333,1,0,right,-0.519760131835938,270.519760131836,12,0.0001,62.2100524902344,853.536811330501,1.58201992511749,0.322259426116943,-0.0423388406634331,4.41851520727419,-43235.4929440622,-47505.6329737194,-43237.9554337344,-47505.6553128704,-43240.4179234066,-47505.6776520213,0,0,1,0
20140114102727.daq,120,25,1857.63333333333,1,0,right,-0.4635009765625,270.463500976563,12,0.0001,62.234317779541,862.66275092584,1.36229491233826,0.322879195213318,0.00511969998478889,4.33164570574095,-43235.4065646897,-47514.7593866034,-43237.8690751098,-47514.7793078069,-43240.3315855299,-47514.7992290104,0,0,1,0
20140114102727.daq,120,25,1857.73333333333,1,0,right,-0.4156494140625,270.415649414063,12,0.0001,62.2587623596191,871.79226207349,0.791009962558746,0.323382198810577,-0.0328471772372723,4.25269917489161,-43235.3274811774,-47523.8894919128,-43237.7900073763,-47523.9073565013,-43240.2525335751,-47523.9252210899,0,0,1,0
20140114102727.daq,120,25,1857.83333333333,1,0,right,-0.386337280273438,270.386337280273,12,0.0001,62.2833671569824,880.925370276935,0.17577999830246,0.323506832122803,-0.00437196157872677,4.18041614719545,-43235.255068599,-47533.023037697,-43237.717603615,-47533.0396424715,-43240.180138631,-47533.056247246,0,0,1,0
20140114102727.daq,120,25,1857.93333333333,1,0,right,-0.375335693359375,270.375335693359,12,0.0001,62.3081855773926,890.06210276467,-0.263669967651367,0.324410915374756,-0.0518305003643036,4.11445755524228,-43235.1893403478,-47542.1561251787,-43237.6518785067,-47542.1722571119,-43240.1144166656,-47542.1883890451,0,0,1,0
20140114102727.daq,120,25,1858.03333333333,1,0,right,-0.37725830078125,270.377258300781,12,0.0001,62.3332176208496,899.202490122145,-0.307614982128143,0.32470378279686,-0.0613221637904644,4.05611289201346,-43235.1306281088,-47551.296702133,-43237.593165725,-47551.3129166987,-43240.0557033412,-47551.3291312645,0,0,1,0
20140114102727.daq,120,25,1858.13333333333,1,0,right,-0.382904052734375,270.382904052734,12,0.0001,62.3585166931152,908.346567970293,-0.307614982128143,0.328955978155136,-0.0518305003643036,3.99679763205912,-43235.0716864241,-47560.4371860236,-43237.5342224306,-47560.4536432402,-43239.9967584372,-47560.4701004568,0,0,1,0
20140114102727.daq,120,25,1858.23333333333,1,0,right,-0.390213012695313,270.390213012695,12,0.0001,62.38427734375,917.494385124563,-0.307614982128143,0.33817657828331,-0.0613221637904644,3.94193518552878,-43235.0165485104,-47569.5854407931,-43237.4790823976,-47569.602212144,-43239.9416162847,-47569.618983495,0,0,1,0
20140114102727.daq,120,25,1858.33333333333,1,0,right,-0.397796630859375,270.397796630859,12,0.0001,62.4114875793457,926.646069008915,-0.263669967651367,0.343264192342758,-0.0518305003643036,3.88659818402398,-43234.9613936956,-47578.7336886353,-43237.4239253413,-47578.7507859248,-43239.8864569871,-47578.7678832144,0,0,1,0
20140114102727.daq,120,25,1858.43333333333,1,0,right,-0.402862548828125,270.402862548828,12,0.0001,62.4414482116699,935.801934849384,-0.175779983401299,0.343972116708755,-0.0897973775863647,3.8315496765573,-43234.9063940396,-47587.8898119078,-43237.368924164,-47587.9071269268,-43239.8314542884,-47587.9244419458,0,0,1,0
20140114102727.daq,120,25,1858.53333333333,1,0,right,-0.404220581054688,270.404220581055,12,0.0001,62.4744262695313,944.962419701129,0.0878899991512299,0.344136834144592,-0.0708140581846237,3.77331318976513,-43234.8477166111,-47597.046027931,-43237.3102463244,-47597.0634013172,-43239.7727760377,-47597.0807747034,0,0,1,0
20140114102727.daq,120,25,1858.63333333333,1,0,right,-0.394744873046875,270.394744873047,12,0.0001,62.5098571777344,954.127929753973,0.439449995756149,0.343667179346085,-0.0613221637904644,3.71478648717842,-43234.7897067469,-47606.2103274638,-43237.2522392997,-47606.2272935909,-43239.7147718526,-47606.2442597181,0,0,1,0
20140114102727.daq,120,25,1858.73333333333,1,0,right,-0.376556396484375,270.376556396484,12,0.0001,62.5470237731934,963.298771422153,0.659174978733063,0.343707412481308,-0.0423388406634331,3.66138814555579,-43234.7361401165,-47615.382657174,-43237.1986779311,-47615.3988415723,-43239.6612157458,-47615.4150259706,0,0,1,0
20140114102727.daq,120,25,1858.83333333333,1,0,right,-0.35321044921875,270.353210449219,12,0.0001,62.585334777832,972.475154281274,0.74706494808197,0.342744678258896,-0.0233552847057581,3.6048169071879,-43234.678985278,-47624.5590215489,-43237.1415294828,-47624.5742025513,-43239.6040736876,-47624.5893835536,0,0,1,0
20140114102727.daq,120,25,1858.93333333333,1,0,right,-0.326416015625,270.326416015625,12,0.0001,62.6243705749512,981.657214007748,0.74706494808197,0.343617051839828,-0.0613221637904644,3.55121943426155,-43234.6259495273,-47633.739377586,-43237.0885005623,-47633.7534069753,-43239.5510515972,-47633.7674363646,0,0,1,0
20140114102727.daq,120,25,1859.03333333333,1,0,right,-0.296951293945313,270.296951293945,12,0.0001,62.6637992858887,990.845030375553,0.74706494808197,0.343959540128708,-0.0423388406634331,3.50210259806325,-43234.5769849979,-47642.9276118566,-43237.0395429219,-47642.9403748614,-43239.5021008459,-47642.9531378662,0,0,1,0
20140114102727.daq,120,25,1859.13333333333,1,0,right,-0.269607543945313,270.269607543945,12,0.0001,62.703540802002,1000.03865350568,0.615229964256287,0.345128059387207,-0.0423388406634331,3.45700352091618,-43234.5317962823,-47652.1196986859,-43236.9943600169,-47652.131286462,-43239.4569237515,-47652.142874238,0,0,1,0
20140114102727.daq,120,25,1859.23333333333,1,0,right,-0.247802734375,270.247802734375,12,0.0001,62.7435340881348,1009.23812349496,0.395504981279373,0.3449886739254,-0.0423388406634331,3.41557060932396,-43234.4901724638,-47661.3194595756,-43236.95274043,-47661.3301101835,-43239.4153083962,-47661.3407607913,0,0,1,0
20140114102727.daq,120,25,1859.33333333333,1,0,right,-0.2294921875,270.2294921875,12,0.0001,62.7837562561035,1018.44347698995,0.395504981279373,0.345016360282898,-0.0708140581846237,3.37395795864755,-43234.4483332768,-47670.5230394409,-43236.910904521,-47670.5329030624,-43239.3734757651,-47670.542766684,0,0,1,0
20140114102727.daq,120,25,1859.43333333333,1,0,right,-0.21343994140625,270.213439941406,12,0.0001,62.8241004943848,1027.65473944749,0.395504981279373,0.344942331314087,-0.0613221637904644,3.33992478734825,-43234.4141673966,-47679.7343754092,-43236.8767413075,-47679.7435491052,-43239.3393152184,-47679.7527228012,0,0,1,0
20140114102727.daq,120,25,1859.53333333333,1,0,right,-0.196929931640625,270.196929931641,12,0.0001,62.8644981384277,1036.87192401561,0.395504981279373,0.34489369392395,-0.0803057178854942,3.30976114173545,-43234.3839361252,-47688.9496287013,-43236.8465125774,-47688.9580927963,-43239.3090890295,-47688.9665568913,0,0,1,0
20140114102727.daq,120,25,1859.63333333333,1,0,right,-0.180389404296875,270.180389404297,12,0.0001,62.904899597168,1046.09503363157,0.395504981279373,0.344838172197342,-0.0423388406634331,3.2794463683589,-43234.3537068552,-47698.1726949559,-43236.8162856482,-47698.1804481376,-43239.2788644412,-47698.1882013193,0,0,1,0
20140114102727.daq,120,25,1859.73333333333,1,0,right,-0.164505004882813,270.164505004883,12,0.0001,62.9452819824219,1055.32406792245,0.395504981279373,0.344785302877426,-0.0613221637904644,3.25293549519687,-43234.3273434564,-47707.3996509191,-43236.7899243042,-47707.4067213873,-43239.252505152,-47707.4137918555,0,0,1,0
20140114102727.daq,120,25,1859.83333333333,1,0,right,-0.147109985351563,270.147109985352,12,0.0001,62.985595703125,1064.55902068719,0.395504981279373,0.344622492790222,-0.0423388406634331,3.23034966568629,-43234.3049796649,-47716.6344564892,-43236.7675625458,-47716.6407793167,-43239.2301454267,-47716.6471021441,0,0,1,0
20140114102727.daq,120,25,1859.93333333333,1,0,right,-0.131546020507813,270.131546020508,12,0.0001,63.025806427002,1073.79987929066,0.351559996604919,0.343645542860031,-0.0613221637904644,3.20787422703509,-43234.2825029622,-47725.8770289599,-43236.7450874698,-47725.8826828451,-43239.2076719774,-47725.8883367303,0,0,1,0
20140114102727.daq,120,25,1860.03333333333,1,0,right,-0.119384765625,270.119384765625,12,0.0001,63.0658760070801,1083.04662601565,0.17577999830246,0.344578742980957,-0.0423388406634331,3.19273763079042,-43234.2676287756,-47735.1234233337,-43236.7302144278,-47735.1285545255,-43239.1928000799,-47735.1336857174,0,0,1,0
20140114102727.daq,120,25,1860.13333333333,1,0,right,-0.1121826171875,270.112182617188,12,0.0001,63.1057739257813,1092.29923652436,-0.175779983401299,0.344524532556534,-0.0518305003643036,3.17450086378115,-43234.248542203,-47744.3736012942,-43236.7111284807,-47744.3784229361,-43239.1737147584,-47744.3832445779,0,0,1,0
20140114102727.daq,120,25,1860.23333333333,1,0,right,-0.11492919921875,270.114929199219,12,0.0001,63.1455993652344,1101.55769216709,-0.395504981279373,0.344717025756836,-0.0518305003643036,3.16239883617458,-43234.23665387,-47753.6313459345,-43236.6992399137,-47753.6362856251,-43239.1618259575,-47753.6412253157,0,0,1,0
20140114102727.daq,120,25,1860.33333333333,1,0,right,-0.12347412109375,270.123474121094,12,0.0001,63.1853370666504,1110.82198305952,-0.439449965953827,0.344694495201111,-0.0233552847057581,3.14570608134293,-43234.2205012992,-47762.8928535134,-43236.6830865789,-47762.8981604667,-43239.1456718586,-47762.9034674199,0,0,1,0
20140114102727.daq,120,25,1860.43333333333,1,0,right,-0.134918212890625,270.134918212891,12,0.0001,63.2249755859375,1120.09209526103,-0.439449965953827,0.344553738832474,-0.0613221637904644,3.13348502809108,-43234.2080760306,-47772.1621018217,-43236.6706602011,-47772.1679006445,-43239.1332443717,-47772.1736994672,0,0,1,0
20140114102727.daq,120,25,1860.53333333333,1,0,right,-0.147613525390625,270.147613525391,12,0.0001,63.2644882202148,1129.36801203352,-0.439449965953827,0.344839781522751,-0.0518305003643036,3.11731413662955,-43234.191667332,-47781.43522528,-43236.6542501572,-47781.4415697496,-43239.1168329825,-47781.4479142193,0,0,1,0
20140114102727.daq,120,25,1860.63333333333,1,0,right,-0.160568237304688,270.160568237305,12,0.0001,63.3038558959961,1138.64971300223,-0.439449965953827,0.344943732023239,-0.0423388406634331,3.10432952627497,-43234.1791489421,-47790.7161546425,-43236.6417302699,-47790.7230559078,-43239.1043115977,-47790.7299571732,0,0,1,0
20140114102727.daq,120,25,1860.73333333333,1,0,right,-0.172622680664063,270.172622680664,12,0.0001,63.3431053161621,1147.93717919113,-0.439449965953827,0.344873338937759,-0.0423388406634331,3.0848591136845,-43234.1588736872,-47800.0010123749,-43236.6214535085,-47800.0084317419,-43239.0840333298,-47800.0158511089,0,0,1,0
20140114102727.daq,120,25,1860.83333333333,1,0,right,-0.18597412109375,270.185974121094,12,0.0001,63.3822822570801,1157.23039596024,-0.439449965953827,0.344599008560181,-0.0423388406634331,3.06758602916774,-43234.1424247044,-47809.2936503055,-43236.6050027299,-47809.3016435189,-43239.0675807555,-47809.3096367323,0,0,1,0
20140114102727.daq,120,25,1860.93333333333,1,0,right,-0.197418212890625,270.197418212891,12,0.0001,63.4213638305664,1166.52935230621,-0.439449965953827,0.344696044921875,-0.0613221637904644,3.04780956351103,-43234.1221872448,-47818.5902415933,-43236.5847636247,-47818.5987266747,-43239.0473400046,-47818.6072117561,0,0,1,0
20140114102727.daq,120,25,1861.03333333333,1,0,right,-0.209182739257813,270.209182739258,12,0.0001,63.4603309631348,1175.83403186398,-0.439449965953827,0.344573020935059,-0.00437196157872677,3.02324062362113,-43234.0980238204,-47827.8907310401,-43236.5605984062,-47827.8997217614,-43239.0231729919,-47827.9087124827,0,0,1,0
20140114102727.daq,120,25,1861.13333333333,1,0,right,-0.221542358398438,270.221542358398,12,0.0001,63.4991874694824,1185.14441929417,-0.439449965953827,0.344582408666611,-0.0613221637904644,2.99916552076814,-43234.0738237407,-47837.2029243159,-43236.5363963297,-47837.2124462539,-43238.9989689187,-47837.2219681918,0,0,1,0
20140114102727.daq,120,25,1861.23333333333,1,0,right,-0.234649658203125,270.234649658203,12,0.0001,63.5379371643066,1194.46049729924,-0.483394980430603,0.344868779182434,-0.0897973775863647,2.97146389121169,-43234.0456713519,-47846.515098857,-43236.5082416982,-47846.5251841465,-43238.9708120444,-47846.5352694359,0,0,1,0
20140114102727.daq,120,25,1861.33333333333,1,0,right,-0.249923706054688,270.249923706055,12,0.0001,63.5765495300293,1203.78224909448,-0.527339935302734,0.344851821660995,-0.0708140581846237,2.93865602632602,-43234.0134791322,-47855.8350318637,-43236.4760467024,-47855.8457736308,-43238.9386142726,-47855.8565153978,0,0,1,0
20140114102727.daq,120,25,1861.43333333333,1,0,right,-0.264556884765625,270.264556884766,12,0.0001,63.6150550842285,1213.10965565717,-0.527339935302734,0.344642788171768,-0.0423388406634331,2.91048789370997,-43233.9852327911,-47865.1588868076,-43236.4477975376,-47865.170257507,-43238.9103622841,-47865.1816282064,0,0,1,0
20140114102727.daq,120,25,1861.53333333333,1,0,right,-0.280181884765625,270.280181884766,12,0.0001,63.6534652709961,1222.44270267375,-0.527339935302734,0.344492077827454,-0.0423388406634331,2.87490184990479,-43233.949112876,-47874.4905293386,-43236.41167443,-47874.5025715979,-43238.8742359841,-47874.5146138573,0,0,1,0
20140114102727.daq,120,25,1861.63333333333,1,0,right,-0.294845581054688,270.294845581055,12,0.0001,63.6917343139648,1231.78137401221,-0.527339935302734,0.344724774360657,-0.0423388406634331,2.8387665506677,-43233.9130523453,-47883.8261017959,-43236.3756107367,-47883.8387742977,-43238.8381691281,-47883.8514467995,0,0,1,0
20140114102727.daq,120,25,1861.73333333333,1,0,right,-0.310684204101563,270.310684204102,12,0.0001,63.7298965454102,1241.12564929784,-0.527339935302734,0.344970256090164,-0.0708140581846237,2.80224933644738,-43233.8769194642,-47893.1694572442,-43236.3394742584,-47893.1828104856,-43238.8020290526,-47893.196163727,0,0,1,0
20140114102727.daq,120,25,1861.83333333333,1,0,right,-0.323226928710938,270.323226928711,12,0.0001,63.7679405212402,1250.47551281823,-0.439449965953827,0.345088362693787,-0.0613221637904644,2.75832592256547,-43233.8331773902,-47902.5168008542,-43236.2957292022,-47902.5306931777,-43238.7582810142,-47902.5445855012,0,0,1,0
20140114102727.daq,120,25,1861.93333333333,1,0,right,-0.3258056640625,270.325805664063,12,0.0001,63.8059310913086,1259.83095175173,0.395504981279373,0.345655202865601,-0.108780935406685,2.71515434298965,-43233.7900496562,-47911.8722053057,-43236.2526008405,-47911.8862084623,-43238.7151520247,-47911.9002116188,0,0,1,0
20140114102727.daq,120,25,1862.03333333333,1,0,right,-0.3050537109375,270.305053710938,12,0.0001,63.8439521789551,1269.19196302118,1.36229491233826,0.345506101846695,-0.0423388406634331,2.67755801612302,-43233.7483603856,-47921.2320975348,-43236.2109164802,-47921.2452087793,-43238.6734725747,-47921.2583200238,0,0,1,0
