daqname,subject,instance,time,road_type,oncoming,direction,heading_local,heading,width,curvature,speed,distance,steer,throttle,brake,lat_dist,front_left_x,front_left_y,front_center_x,front_center_y,front_right_x,front_right_y,pre_phase,ld_phase,post_phase,exceed
20140128091000.daq,120,4,680.05,1,0,right,0.49066162109375,269.509338378906,12,0.0001,63.7254676818848,0,1.01073491573334,0.270038217306137,0.0774480029940605,2.76270522173677,22714.1692363144,-3983.66075970343,22711.7067356145,-3983.63967116719,22709.2442349146,-3983.61858263095,1,0,0,0
20140128091000.daq,120,4,680.15,1,0,right,0.50677490234375,269.493225097656,12,0.0001,63.7060852050781,9.34499847331608,0.92284494638443,0.271155804395676,0.086939662694931,2.83692463783238,22714.088159105,-3993.00465301906,22711.6256644332,-3992.98287195506,22709.1631697614,-3992.96109089106,1,0,0,0
20140128091000.daq,120,4,680.25,1,0,right,0.517837524414063,269.482162475586,12,0.0001,63.6870269775391,18.6871766963923,0.834954977035522,0.275423586368561,0.0679563358426094,2.91993063599928,22714.0054418675,-4002.34525089691,22711.5429514471,-4002.32299437687,22709.0804610267,-4002.30073785682,1,0,0,0
20140128091000.daq,120,4,680.35,1,0,right,0.527511596679688,269.47248840332,12,0.0001,63.668586730957,28.0265981247321,0.791009962558746,0.283553302288055,0.0964315533638,3.00895938699211,22713.9169513163,-4011.68312975098,22711.4544646888,-4011.66045745351,22708.9919780614,-4011.63778515604,1,0,0,0
20140128091000.daq,120,4,680.45,1,0,right,0.533782958984375,269.466217041016,12,0.0001,63.6517639160156,37.3634168979006,0.791009962558746,0.287485241889954,0.0584646798670292,3.09672000705156,22713.8286717591,-4021.01824127151,22711.366187628,-4020.99529944043,22708.9037034969,-4020.97235760935,1,0,0,0
20140128091000.daq,120,4,680.55,1,0,right,0.540679931640625,269.459320068359,12,0.0001,63.6377143859863,46.6979643739614,0.834954977035522,0.289608836174011,0.086939662694931,3.18857350666472,22713.7364471343,-4030.35117049892,22711.2739657827,-4030.32793224677,22708.8114844311,-4030.30469399462,1,0,0,0
20140128091000.daq,120,4,680.65,1,0,right,0.550155639648438,269.449844360352,12,0.0001,63.6265602111816,56.0306665114513,1.01073491573334,0.292141556739807,0.0774480029940605,3.28092727611319,22713.6440625441,-4039.68196427692,22711.1815850693,-4039.65831877425,22708.7191075946,-4039.63467327159,1,0,0,0
20140128091000.daq,120,4,680.75,1,0,right,0.57623291015625,269.423767089844,12,0.0001,63.617977142334,65.3619246047274,1.97752487659454,0.297039568424225,0.0584646798670292,3.37663416144645,22713.5486949501,-4049.01193520818,22711.0862284923,-4048.98716895022,22708.6237620345,-4048.96240269225,1,0,0,0
20140128091000.daq,120,4,680.85,1,0,right,0.626068115234375,269.373931884766,12,0.0001,63.6118507385254,74.6921030684061,2.72458982467651,0.303874492645264,0.086939662694931,3.47560170094323,22713.4498997166,-4058.34149714857,22710.9874557316,-4058.31458907545,22708.5250117467,-4058.28768100233,1,0,0,0
20140128091000.daq,120,4,680.95,1,0,right,0.692916870117188,269.307083129883,12,0.0001,63.6085510253906,84.0215825889427,2.76853489875793,0.306976944208145,0.0774480029940605,3.57876950576169,22713.346140972,-4067.67146208192,22710.8837300575,-4067.64168101835,22708.4213191431,-4067.61189995477,1,0,0,0
20140128091000.daq,120,4,681.05,1,0,right,0.765975952148438,269.234024047852,12,0.0001,63.6085472106934,93.3508182650075,2.68064475059509,0.307790815830231,0.0679563358426094,3.68863942701099,22713.2361352452,-4077.00132558761,22710.7737643071,-4076.96840467593,22708.311393369,-4076.93548376424,1,0,0,0
20140128091000.daq,120,4,681.15,1,0,right,0.840057373046875,269.159942626953,12,0.0001,63.6114959716797,102.680278576387,2.59275484085083,0.308005720376968,0.0774480029940605,3.80876441563196,22713.1162981464,-4086.33169579336,22710.653971832,-4086.29559115136,22708.1916455177,-4086.25948650935,1,0,0,0
20140128091000.daq,120,4,681.25,1,0,right,0.913833618164063,269.086166381836,12,0.0001,63.6166496276855,112.010342018206,2.54880976676941,0.308483570814133,0.0489727854728699,3.9383061571035,22712.9867121294,-4095.66254112688,22710.5244343461,-4095.6232659298,22708.0621565628,-4095.58399073272,1,0,0,0
20140128091000.daq,120,4,681.35,1,0,right,0.9832763671875,269.016723632813,12,0.0001,63.6233825683594,121.341282460919,2.46091985702515,0.308483302593231,0.0489727854728699,4.07688456818725,22712.8476278146,-4104.9937669191,22710.3853994415,-4104.95150745956,22707.9231710683,-4104.90924800003,1,0,0,0
20140128091000.daq,120,4,681.45,1,0,right,1.04960632324219,268.950393676758,12,0.0001,63.6312484741211,130.673298756668,2.37302994728088,0.309084951877594,0.0774480029940605,4.22932483683573,22712.6950633628,-4114.32589105323,22710.2328855624,-4114.28078115965,22707.770707762,-4114.23567126607,1,0,0,0
20140128091000.daq,120,4,681.55,1,0,right,1.09809875488281,268.901901245117,12,0.0001,63.6398696899414,140.006527094702,1.2744048833847,0.309425115585327,0.086939662694931,4.39074845823769,22712.5338419707,-4123.65856982023,22710.071703231,-4123.61137607249,22707.6095644913,-4123.56418232474,1,0,0,0
20140128091000.daq,120,4,681.65,1,0,right,1.09788513183594,268.902114868164,12,0.0001,63.6491203308105,149.341068136622,-1.36229491233826,0.309840679168701,0.124906539916992,4.56091049902673,22712.3639333942,-4132.99108435357,22709.9017944785,-4132.94389978572,22707.4396555629,-4132.89671521788,1,0,0,0
20140128091000.daq,120,4,681.75,1,0,right,1.05101013183594,268.948989868164,12,0.0001,63.6589775085449,158.677010095387,-1.93357992172241,0.309989631175995,0.134398430585861,4.73543179889072,22712.1891166254,-4142.32250600064,22709.726939931,-4142.27733578105,22707.2647632365,-4142.23216556146,1,0,0,0
20140128091000.daq,120,4,681.85,1,0,right,0.97833251953125,269.021667480469,12,0.0001,63.6693382263184,168.014435449171,-1.49412989616394,0.311028659343719,0.0774480029940605,4.91054140426356,22712.0139509662,-4151.6542951551,22709.5517189558,-4151.6122481526,22707.0894869454,-4151.57020115009,1,0,0,0
20140128091000.daq,120,4,681.95,1,0,right,0.901947021484375,269.098052978516,12,0.0001,63.6801376342773,177.353413994395,-1.36229491233826,0.311851382255554,0.0774480029940605,5.08165879006349,22711.8429199157,-4160.98696760632,22709.3806340374,-4160.94820323484,22706.918348159,-4160.90943886336,1,0,0,0
20140128091000.daq,120,4,682.05,1,0,right,0.825164794921875,269.174835205078,12,0.0001,63.6913223266602,186.694004104527,-1.45018494129181,0.322845250368118,0.124906539916992,5.24699838677062,22711.6777704887,-4170.32108917077,22709.2154348731,-4170.28562454897,22706.7530992574,-4170.25015992717,1,0,0,0
20140128091000.daq,120,4,682.15,1,0,right,0.747512817382813,269.252487182617,12,0.0001,63.703498840332,196.036291055203,-1.71385490894318,0.328127890825272,0.105923220515251,5.40258580005556,22711.5224382671,-4179.65762506847,22709.0600568483,-4179.62549763903,22706.5976754295,-4179.59337020959,1,0,0,0
20140128091000.daq,120,4,682.25,1,0,right,0.662933349609375,269.337066650391,12,0.0001,63.7182693481445,205.380539112288,-1.88963496685028,0.328811228275299,0.0394811220467091,5.54607203305807,22711.3792523096,-4188.99545395462,22708.9168261475,-4188.96696150216,22706.4543999855,-4188.9384690497,1,0,0,0
20140128091000.daq,120,4,682.35,1,0,right,0.573348999023438,269.426651000977,12,0.0001,63.7359771728516,214.727173488343,-1.88963496685028,0.328698635101318,0.086939662694931,5.67724669348806,22711.2480926054,-4198.33608484979,22708.7856249041,-4198.31144253701,22706.3231572028,-4198.28680022424,1,0,0,0
20140128091000.daq,120,4,682.45,1,0,right,0.480743408203125,269.519256591797,12,0.0001,63.7559394836426,224.07657953224,-1.88963496685028,0.328348755836487,0.0679563358426094,5.79252168739632,22711.1327418519,-4207.67907576016,22708.6702375383,-4207.65841349658,22706.2077332248,-4207.637751233,0,1,0,1
20140128091000.daq,120,4,682.55,1,0,right,0.390167236328125,269.609832763672,12,0.0001,63.7774543762207,233.429035217367,-1.75779986381531,0.329336851835251,0.105923220515251,5.89625333225632,22711.0289805083,-4217.02552439943,22708.5664466078,-4217.00875501595,22706.1039127073,-4216.99198563248,0,1,0,1
20140128091000.daq,120,4,682.65,1,0,right,0.304412841796875,269.695587158203,12,0.0001,63.8000526428223,242.784729418287,-1.62596487998962,0.329634010791779,0.0774480029940605,5.98273329591875,22710.9424952613,-4226.37549910494,22708.4799390202,-4226.36241540482,22706.0173827792,-4226.34933170471,0,1,0,1
20140128091000.daq,120,4,682.75,1,0,right,0.219894409179688,269.78010559082,12,0.0001,63.8235282897949,252.143804338768,-1.62596487998962,0.329349964857101,0.105923220515251,6.05758985867382,22710.8676491626,-4235.72891392469,22708.4050763007,-4235.71946281559,22705.9425034388,-4235.71001170649,0,1,0,1
20140128091000.daq,120,4,682.85,1,0,right,0.136978149414063,269.863021850586,12,0.0001,63.8476219177246,261.506370664614,-1.62596487998962,0.329368829727173,0.105923220515251,6.11693793473266,22710.8083259333,-4245.08675471333,22708.3457419729,-4245.0808673541,22705.8831580124,-4245.07497999487,0,1,0,1
20140128091000.daq,120,4,682.95,1,0,right,0.056610107421875,269.943389892578,12,0.0001,63.8721046447754,270.872502155285,-1.53807497024536,0.329336762428284,0.086939662694931,6.16473366618945,22710.7605610016,-4254.44758026248,22708.2979712056,-4254.44514714229,22705.8353814096,-4254.44271402209,0,1,0,1
20140128091000.daq,120,4,683.05,1,0,right,-0.0250244140625,270.025024414063,12,0.0001,63.8968124389648,280.242241565167,-1.58201992511749,0.329513937234879,0.134398430585861,6.19684873414748,22710.7284965506,-4263.81227392386,22708.2659057874,-4263.81334948118,22705.8033150243,-4263.81442503849,0,1,0,1
20140128091000.daq,120,4,683.15,1,0,right,-0.10906982421875,270.109069824219,12,0.0001,63.9216346740723,289.615614211179,-1.93357992172241,0.329527258872986,0.0774480029940605,6.21517973797864,22710.710249974,-4273.18080709835,22708.247663438,-4273.18549495158,22705.7850769019,-4273.19018280481,0,1,0,1
20140128091000.daq,120,4,683.25,1,0,right,-0.200103759765625,270.200103759766,12,0.0001,63.9464950561523,298.992631935867,-2.02146983146667,0.328632950782776,0.0489727854728699,6.22039632150305,22710.7061034709,-4282.55257733883,22708.2435274914,-4282.56117784518,22705.7809515119,-4282.56977835154,0,1,0,1
20140128091000.daq,120,4,683.35,1,0,right,-0.296096801757813,270.296096801758,12,0.0001,63.9713478088379,308.373296137961,-1.93357992172241,0.330248385667801,0.0774480029940605,6.21148200606559,22710.7139779356,-4291.92763313687,22708.2514198215,-4291.94035941582,22705.7888617075,-4291.95308569478,0,1,1,1
20140128091000.daq,120,4,683.45,1,0,right,-0.386734008789063,270.386734008789,12,0.0001,63.9961242675781,317.7575987981,-1.66990995407104,0.329911202192307,0.0679563358426094,6.18612135083665,22710.7390964743,-4301.30671918472,22708.2765615734,-4301.32334101036,22705.8140266724,-4301.339962836,0,1,1,1
20140128091000.daq,120,4,683.55,1,0,right,-0.469589233398438,270.469589233398,12,0.0001,64.0209503173828,327.145538191191,-1.31834995746613,0.329641699790955,0.086939662694931,6.14959002906177,22710.7754509104,-4310.68940964926,22708.3129426211,-4310.70959251931,22705.8504343317,-4310.72977538936,0,1,1,1
20140128091000.daq,120,4,683.65,1,0,right,-0.539230346679688,270.53923034668,12,0.0001,64.0458221435547,336.53712247646,-0.92284494638443,0.329173445701599,0.0774480029940605,6.09835946619365,22710.8266139441,-4320.07584333012,22708.3641320053,-4320.09901928141,22705.9016500665,-4320.12219523269,0,1,1,1
20140128091000.daq,120,4,683.75,1,0,right,-0.595962524414063,270.595962524414,12,0.0001,64.070671081543,345.932354358116,-0.57128494977951,0.328999847173691,0.086939662694931,6.03245958404731,22710.8926055577,-4329.46699206109,22708.430147774,-4329.49260625984,22705.9676899904,-4329.51822045859,0,1,1,1
20140128091000.daq,120,4,683.85,1,0,right,-0.644989013671875,270.644989013672,12,0.0001,64.0954971313477,355.331228987241,-0.703119933605194,0.329335808753967,0.115414880216122,5.95748177150836,22710.9678874041,-4338.86175012501,22708.5054524393,-4338.88947137438,22706.0430174745,-4338.91719262376,0,1,1,1
20140128091000.daq,120,4,683.95,1,0,right,-0.69873046875,270.69873046875,12,0.0001,64.1202697753906,364.733740955424,-1.18651497364044,0.329967141151428,0.0679563358426094,5.86977596831695,22711.0551768575,-4348.26029241077,22708.5927689775,-4348.29032332625,22706.1303610975,-4348.32035424173,0,1,1,1
20140128091000.daq,120,4,684.05,1,0,right,-0.764541625976563,270.764541625977,12,0.0001,64.1449432373047,374.139879818857,-1.53807497024536,0.31543904542923,0.0774480029940605,5.77177175672003,22711.152972478,-4357.66194299051,22708.6906007165,-4357.6948022599,22706.228228955,-4357.72766152928,0,1,1,1
20140128091000.daq,120,4,684.15,1,0,right,-0.83758544921875,270.837585449219,12,0.0001,64.1689453125,383.549607065961,-1.53807497024536,0.282093286514282,0.0774480029940605,5.66389341724002,22711.2609760895,-4367.06633431402,22708.7986482198,-4367.10233272333,22706.3363203501,-4367.13833113264,0,0,1,0
20140128091000.daq,120,4,684.25,1,0,right,-0.909408569335938,270.909408569336,12,0.0001,64.1882781982422,392.962584391658,-1.23045992851257,0.256476134061813,0.086939662694931,5.5461884086934,22711.378668009,-4376.4741690909,22708.9163871997,-4376.51325412204,22706.4541063905,-4376.55233915317,0,0,1,0
20140128091000.daq,120,4,684.35,1,0,right,-0.976303100585938,270.976303100586,12,0.0001,64.1972732543945,402.377693468286,-0.966789960861206,0.241977527737617,0.086939662694931,5.41669570941229,22711.5077739433,-4385.8845660982,22709.0455404451,-4385.92652588832,22706.583306947,-4385.96848567844,0,0,1,0
20140128091000.daq,120,4,684.45,1,0,right,-1.03787231445313,271.037872314453,12,0.0001,64.193229675293,411.793174512644,-0.878899931907654,0.237797036767006,0.105923220515251,5.2782586768332,22711.6463168695,-4395.29509518751,22709.1841298823,-4395.33970083331,22706.7219428952,-4395.3843064791,0,0,1,0
20140128091000.daq,120,4,684.55,1,0,right,-1.09590148925781,271.095901489258,12,0.0001,64.1770477294922,421.207144653716,-0.92284494638443,0.238113403320313,0.0679563358426094,5.12827384634664,22711.7963598062,-4404.70424657974,22709.3342192584,-4404.75134590561,22706.8720787107,-4404.79844523148,0,0,1,0
20140128091000.daq,120,4,684.65,1,0,right,-1.15718078613281,271.157180786133,12,0.0001,64.1515731811523,430.618025662865,-1.14256989955902,0.237397372722626,0.0964315533638,4.96782866241799,22711.9563660335,-4414.11038074442,22709.4942772679,-4414.16011336494,22707.0321885023,-4414.20984598546,0,0,1,0
20140128091000.daq,120,4,684.75,1,0,right,-1.22602844238281,271.226028442383,12,0.0001,64.1193466186523,440.024647925831,-1.40623986721039,0.237297356128693,0.115414880216122,4.79559278596665,22712.128552908,-4423.51143208219,22709.6665256794,-4423.56412315697,22707.2044984509,-4423.61681423175,0,0,1,0
20140128091000.daq,120,4,684.85,1,0,right,-1.30120849609375,271.301208496094,12,0.0001,64.0824737548828,449.426181532152,-1.53807497024536,0.237406179308891,0.153381749987602,4.61351082338453,22712.31089093,-4432.90694275571,22709.8489349589,-4432.9628643073,22707.3869789879,-4433.01878585889,0,0,1,0
20140128091000.daq,120,4,684.95,1,0,right,-1.38188171386719,271.381881713867,12,0.0001,64.0425186157227,458.822065406388,-1.53807497024536,0.237177357077599,0.0964315533638,4.4207982583168,22712.5033280997,-4442.29546827538,22710.0414533073,-4442.35485623707,22707.5795785149,-4442.41424419876,0,0,1,0
20140128091000.daq,120,4,685.05,1,0,right,-1.46603393554688,271.466033935547,12,0.0001,64.0005493164063,468.211930471516,-1.53807497024536,0.237177193164825,0.153381749987602,4.21404628049076,22712.7096469027,-4451.67803647525,22710.2478619907,-4451.74104020917,22707.7860770787,-4451.80404394309,0,0,1,0
20140128091000.daq,120,4,685.15,1,0,right,-1.55039978027344,271.550399780273,12,0.0001,63.9572410583496,477.595536379857,-1.53807497024536,0.236785069108009,0.124906539916992,3.99766093745275,22712.925741151,-4461.05375557349,22710.4640516783,-4461.12038412197,22708.0023622056,-4461.18701267044,0,0,1,0
20140128091000.daq,120,4,685.25,1,0,right,-1.63650512695313,271.636505126953,12,0.0001,63.9129943847656,486.972718408171,-1.53807497024536,0.236641839146614,0.086939662694931,3.76561014694208,22713.1575633618,-4470.42258532802,22710.6959767997,-4470.49291328048,22708.2343902376,-4470.56324123293,0,0,1,0
20140128091000.daq,120,4,685.35,1,0,right,-1.72077941894531,271.720779418945,12,0.0001,63.8680458068848,496.343355520086,-1.49412989616394,0.236513391137123,0.086939662694931,3.52197323583382,22713.400989173,-4479.78461963794,22710.9395087165,-4479.85856817175,22708.47802826,-4479.93251670556,0,0,1,0
20140128091000.daq,120,4,685.45,1,0,right,-1.80242919921875,271.802429199219,12,0.0001,63.8226432800293,505.707364771166,-1.23045992851257,0.236411511898041,0.0774480029940605,3.26482185058491,22713.6579235203,-4489.13988004089,22711.196550944,-4489.21733624961,22708.7351783678,-4489.29479245833,0,0,1,0
20140128091000.daq,120,4,685.55,1,0,right,-1.864013671875,271.864013671875,12,0.0001,63.7770233154297,515.064696273541,-0.175779983401299,0.236860021948814,0.0964315533638,2.9952854237245,22713.9273035743,-4498.48883098978,22711.4660156738,-4498.56893276403,22709.0047277733,-4498.64903453828,0,0,1,0
20140128091000.daq,120,4,685.65,1,0,right,-1.89297485351563,271.892974853516,12,0.0001,63.7313766479492,524.415332403278,1.01073491573334,0.23717212677002,0.086939662694931,2.71622336584978,22714.2064125965,-4507.83181071251,22711.7451654993,-4507.91315657868,22709.2839184021,-4507.99450244486,0,0,1,0
20140128091000.daq,120,5,1122.31666666667,1,0,right,0.22406005859375,359.775939941406,12,0.0001,70.2822799682617,0,2.63669991493225,0.286346614360809,0.086939662694931,2.72857922970918,23570.3623161185,-41305.8005773866,23570.3526859698,-41308.2631495548,23570.3430558211,-41310.7257217231,1,0,0,0
20140128091000.daq,120,5,1122.41666666667,1,0,right,0.30517578125,359.69482421875,12,0.0001,70.262077331543,10.3066413304914,3.20798492431641,0.28657478094101,0.105923220515251,2.76196835248972,23580.6709277667,-41305.8368488565,23580.6578112756,-41308.2994049231,23580.6446947846,-41310.7619609897,1,0,0,0
20140128091000.daq,120,5,1122.51666666667,1,0,right,0.402496337890625,359.597503662109,12,0.0001,70.2397003173828,20.6101499820943,3.42770981788635,0.286182552576065,0.0774480029940605,2.80703717940732,23590.9760175403,-41305.8819396616,23590.9587182607,-41308.3444698966,23590.9414189812,-41310.8070001316,1,0,0,0
20140128091000.daq,120,5,1122.61666666667,1,0,right,0.511383056640625,359.488616943359,12,0.0001,70.2158432006836,30.9102617821336,3.47165489196777,0.286465108394623,0.086939662694931,2.86854704799566,23601.2794219771,-41305.943376638,23601.257442861,-41308.4058695501,23601.2354637449,-41310.8683624621,1,0,0,0
20140128091000.daq,120,5,1122.71666666667,1,0,right,0.62469482421875,359.375305175781,12,0.0001,70.1909561157227,41.206793684134,3.33981990814209,0.285895496606827,0.0964315533638,2.94203798083927,23611.5770600182,-41306.0168119364,23611.550210966,-41308.4792565656,23611.5233619139,-41310.9417011948,1,0,0,0
20140128091000.daq,120,5,1122.81666666667,1,0,right,0.728851318359375,359.271148681641,12,0.0001,70.1653671264648,51.4996200825117,2.76853489875793,0.285964071750641,0.0774480029940605,3.03449890086077,23621.8725132095,-41306.109215284,23621.8411877907,-41308.5716070363,23621.8098623719,-41311.0339987885,1,0,0,0
20140128091000.daq,120,5,1122.91666666667,1,0,right,0.822723388671875,359.177276611328,12,0.0001,70.1393585205078,61.7886605039239,2.37302994728088,0.28581640124321,0.105923220515251,3.1419027800893,23632.163804763,-41306.2166090541,23632.1284450627,-41308.6789461787,23632.0930853625,-41311.1412833032,1,0,0,0
20140128091000.daq,120,5,1123.01666666667,1,0,right,0.89306640625,359.10693359375,12,0.0001,70.1131286621094,72.0738670187275,1.62596487998962,0.285901755094528,0.115414880216122,3.26735046883536,23642.4506250902,-41306.3420748546,23642.4122423636,-41308.8043667117,23642.373859637,-41311.2666585689,1,0,0,0
20140128091000.daq,120,5,1123.11666666667,1,0,right,0.93206787109375,359.067932128906,12,0.0001,70.0869216918945,82.3552265721228,0.57128494977951,0.28575587272644,0.0964315533638,3.40643120579861,23652.7308422942,-41306.4812185536,23652.6907834847,-41308.943483713,23652.6507246753,-41311.4057488724,1,0,0,0
20140128091000.daq,120,5,1123.21666666667,1,0,right,0.939788818359375,359.060211181641,12,0.0001,70.0607223510742,92.6327445725328,0.131834998726845,0.286454558372498,0.105923220515251,3.55919563368964,23663.0064149169,-41306.6340424343,23662.9660243029,-41309.0963021732,23662.9256336889,-41311.5585619121,1,0,0,0
20140128091000.daq,120,5,1123.31666666667,1,0,right,0.930328369140625,359.069671630859,12,0.0001,70.0344924926758,102.906417196791,0.131834998726845,0.286533236503601,0.0774480029940605,3.72258779744681,23673.2776762818,-41306.7975166353,23673.2376922268,-41309.2597830097,23673.1977081719,-41311.7220493842,1,0,0,0
20140128091000.daq,120,5,1123.41666666667,1,0,right,0.917572021484375,359.082427978516,12,0.0001,70.0083465576172,113.176247522046,0.439449995756149,0.286344021558762,0.105923220515251,3.88961480204054,23683.5430004241,-41306.9646921888,23683.5035645698,-41309.4269674043,23683.4641287154,-41311.8892426198,1,0,0,0
20140128091000.daq,120,5,1123.51666666667,1,0,right,0.90838623046875,359.091613769531,12,0.0001,69.982307434082,123.442250561347,0.57128494977951,0.283355951309204,0.115414880216122,4.05687153953057,23693.8064555434,-41307.1320898029,23693.7674144472,-41309.5943713092,23693.728373351,-41312.0566528155,1,0,0,0
20140128091000.daq,120,5,1123.61666666667,1,0,right,0.90069580078125,359.099304199219,12,0.0001,69.9562225341797,133.704438436907,0.527339994907379,0.227457419037819,0.105923220515251,4.22813106233333,23704.0640865031,-41307.3034866693,23704.0253759029,-41309.7657733937,23703.9866653026,-41312.228060118,1,0,0,0
20140128091000.daq,120,5,1123.71666666667,1,0,right,0.897491455078125,359.102508544922,12,0.0001,69.9262771606445,143.962614581222,0.527339994907379,0.150041729211807,0.0584646798670292,4.39974265848665,23714.3198702174,-41307.4751624542,23714.281297324,-41309.9374513397,23714.2427244306,-41312.3997402251,1,0,0,0
20140128091000.daq,120,5,1123.81666666667,1,0,right,0.89422607421875,359.105773925781,12,0.0001,69.8814468383789,154.215450671283,0.57128494977951,0.124233551323414,0.105923220515251,4.56755906734251,23724.569793104,-41307.6429281989,23724.5313605406,-41310.1052192786,23724.4929279771,-41312.5675103584,1,0,0,0
20140128091000.daq,120,5,1123.91666666667,1,0,right,0.892974853515625,359.107025146484,12,0.0001,69.813720703125,164.460084168721,0.57128494977951,0.11554803699255,0.0774480029940605,4.73571953597324,23734.8119510529,-41307.810819163,23734.7735722608,-41310.2731110814,23734.7351934686,-41312.7354029999,1,0,0,0
20140128091000.daq,120,5,1124.01666666667,1,0,right,0.89166259765625,359.108337402344,12,0.0001,69.7164611816406,174.692688533527,0.57128494977951,0.096292607486248,0.086939662694931,4.90351403547471,23745.0423888084,-41307.9787063333,23745.0040664106,-41310.4409991301,23744.9657440128,-41312.9032919269,1,0,0,0
20140128091000.daq,120,5,1124.11666666667,1,0,right,0.89642333984375,359.103576660156,12,0.0001,69.5943298339844,184.90907141233,0.74706494808197,0.062475461512804,0.124906539916992,5.07157762280819,23755.2553918697,-41308.1469710501,23755.2168648786,-41310.6092606542,23755.1783378875,-41313.0715502583,1,0,0,0
20140128091000.daq,120,5,1124.21666666667,-1,0,right,0.879048785392342,359.092620849609,12,-0.000100793646212131,69.4607086181641,195.106513309802,1.01073491573334,0.0220001172274351,0.191348642110825,5.2361094475518,23765.4509630239,-41308.3117146888,23765.4119652069,-41310.7739968809,23765.3729673899,-41313.236279073,1,0,0,0
20140128091000.daq,120,5,1124.31666666667,-1,0,right,0.727739242187738,359.067413330078,12,-0.000102646783830903,69.3251342773438,205.284171447172,1.58201992511749,0,0.0774480029940605,5.38000908202273,23775.6273389003,-41308.4773445646,23775.5872577956,-41310.9396093612,23775.547176691,-41313.4018741578,1,0,0,0
20140128091000.daq,120,5,1124.41666666667,-1,0,right,0.638914661320143,359.020172119141,12,-0.000104499968709978,69.1894226074219,215.441926466505,2.2411949634552,0,0.134398430585861,5.50170673187703,23785.7827483024,-41308.648251425,23785.7406370381,-41311.1104823372,23785.6985257739,-41313.5727132494,1,0,0,0
20140128091000.daq,120,5,1124.51666666667,-1,0,right,0.610354185654273,358.950317382813,12,-0.000106351301714079,69.0539474487305,225.579793753815,2.68064475059509,0,0.124906539916992,5.60816507762528,23795.919154561,-41308.8244726351,23795.8740413888,-41311.2866503755,23795.8289282166,-41313.7488281158,1,0,0,0
20140128091000.daq,120,5,1124.61666666667,-1,0,right,0.637201427779928,358.862701416016,12,-0.000108197969474722,68.9187850952148,235.697813592386,2.81247997283936,0,0.115414880216122,5.7057078793476,23806.0364392231,-41309.0057079829,23805.9875609747,-41311.467813858,23805.9386827263,-41313.9299197331,0,1,0,1
20140128091000.daq,120,5,1124.71666666667,-1,0,right,0.713260520263589,358.763519287109,12,-0.000110036342384246,68.7838745117188,245.796028876459,2.81247997283936,0,2.77309656143188,5.8046992569867,23816.1344532255,-41309.1954795998,23816.0813130125,-41311.6574971751,23816.0281727995,-41314.1195147504,0,1,0,1
20140128091000.daq,120,5,1124.81666666667,-1,0,right,0.569787896138962,358.658905029297,12,-0.000111862357752915,68.6491775512695,255.874473268719,2.8564248085022,0,3.18124055862427,5.89815692638614,23826.2130509502,-41309.4012188982,23826.1554155209,-41311.8631353429,23826.0977800915,-41314.3250517876,0,1,0,1
20140128091000.daq,120,5,1124.91666666667,-1,0,right,0.465904571569808,358.544738769531,12,-0.000113672044032988,68.5146255493164,265.933172971927,3.16403985023499,0,3.84566068649292,5.96026499300299,23836.2723253309,-41309.6192773588,23836.2097844608,-41312.0810740732,23836.1472435908,-41314.5428707875,0,1,0,1
20140128091000.daq,120,5,1125.01666666667,-1,0,right,0.422454940084833,358.423889160156,12,-0.00011546190456208,68.3802719116211,275.972152323913,3.12009477615356,0,2.43139433860779,6.00560878383617,23846.3122071777,-41309.8533833857,23846.2444739709,-41312.3150427114,23846.1767407641,-41314.7767020372,0,1,0,1
20140128091000.daq,120,5,1125.11666666667,-1,0,right,0.442018437971967,358.298522949219,12,-0.000117229171144569,68.2461853027344,285.991444800864,3.16403985023499,0,1.71951544284821,6.04735116083702,23856.3306914464,-41310.1073087539,23856.2575721646,-41312.5688139832,23856.1844528828,-41315.0303192126,0,1,0,1
20140128091000.daq,120,5,1125.21666666667,-1,0,right,0.520514565444159,358.169921875,12,-0.00011897192275305,68.1124114990234,295.991093670003,3.16403985023499,0,1.22594618797302,6.09582955781143,23866.3297004315,-41310.3809739344,23866.2510564601,-41312.8423088465,23866.1724124887,-41315.3036437585,0,1,0,1
20140128091000.daq,120,5,1125.31666666667,-1,0,right,0.519597903027318,358.041900634766,12,-0.00012068903376284,67.9789886474609,305.971147513745,3.12009477615356,0,1.8239244222641,6.15338846591116,23876.3091470908,-41310.6741405926,23876.2250037329,-41313.1352936392,23876.140860375,-41315.5964466858,0,1,0,1
20140128091000.daq,120,5,1125.41666666667,-1,0,right,0.464917115862249,357.910888671875,12,-0.000122379952552396,67.8459320068359,315.931659856637,3.12009477615356,0,2.02325034141541,6.19918608783369,23886.2691113394,-41310.9870322839,23886.1793405581,-41313.4479864953,23886.0895697769,-41315.9089407066,0,1,0,1
20140128091000.daq,120,5,1125.51666666667,-1,0,right,0.441269856399629,357.779937744141,12,-0.000124044480092412,67.7132110595703,325.872681798777,3.12009477615356,0,3.61785936355591,6.23964927302075,23896.2075710924,-41311.3233643336,23896.1121759785,-41313.7841069442,23896.0167808646,-41316.2448495548,0,1,0,1
20140128091000.daq,120,5,1125.61666666667,-1,0,right,0.448921133857198,357.650360107422,12,-0.000125682596743611,67.5808181762695,335.79426229556,3.0322048664093,0,3.27615761756897,6.28023554583091,23906.126450577,-41311.6830543475,23906.0254906036,-41314.143574924,23905.9245306302,-41316.6040955005,0,1,0,1
20140128091000.daq,120,5,1125.71666666667,-1,0,right,0.478300768238114,357.528076171875,12,-0.000127294489858804,67.4487991333008,345.696452447082,2.54880976676941,0,2.74462127685547,6.32152569424948,23916.0236676205,-41312.0618240496,23915.917456497,-41314.5221235478,23915.8112453735,-41316.9824230459,0,1,0,1
20140128091000.daq,120,5,1125.81666666667,-1,0,right,0.493649250167664,357.420562744141,12,-0.000128880842213245,67.3171920776367,355.579309787616,2.15330481529236,0,2.30800223350525,6.36852448114975,23925.9029685873,-41312.4592025562,23925.7921409918,-41314.9192984217,23925.6813133963,-41317.3793942872,0,1,0,1
20140128091000.daq,120,5,1125.91666666667,-1,0,right,0.419424102150231,357.320129394531,12,-0.000130442900515003,67.1859970092773,365.442894182605,2.19724988937378,0,2.21308493614197,6.41458739728442,23935.7586659898,-41312.879577794,23935.6435262828,-41315.3394756113,23935.5283865759,-41317.7993734285,0,1,0,1
20140128091000.daq,120,5,1126.01666666667,-1,0,right,0.362760912383294,357.225433349609,12,-0.000131982401760314,67.0552139282227,375.287266803003,2.19724988937378,0,2.44088625907898,6.448270855289,23945.5966504938,-41313.315220908,23945.4774453307,-41315.7749250675,23945.3582401677,-41318.2346292271,0,1,0,1
20140128091000.daq,120,5,1126.11666666667,-1,0,right,0.325532640272797,357.131866455078,12,-0.000133501426112409,66.9248580932617,385.112489565698,2.19724988937378,0,2.58326196670532,6.47827808675168,23955.4131165439,-41313.7703275726,23955.2898947208,-41316.2298337843,23955.1666728976,-41318.6893399961,0,1,0,1
20140128091000.daq,120,5,1126.21666666667,-1,0,right,0.308766076881852,357.038391113281,12,-0.00013500225007621,66.7948989868164,394.918622522615,2.28513979911804,0,2.59275388717651,6.5082406904917,23965.2100397706,-41314.2449630005,23965.0828055457,-41316.7042649087,23964.9555713208,-41319.1635668168,0,1,0,1
20140128091000.daq,120,5,1126.31666666667,-1,0,right,0.322552042188534,356.936096191406,12,-0.000136487030423465,66.6652908325195,404.705721809281,2.8564248085022,0,3.12429022789001,6.53387679801889,23974.985656447,-41314.7318762122,23974.8540316309,-41317.190947039,23974.7224068148,-41319.6500178658,0,1,0,1
20140128091000.daq,120,5,1126.41666666667,-1,0,right,0.288631732920294,356.819641113281,12,-0.000137957418705501,66.5359954833984,414.47383526215,3.20798492431641,0,3.98803663253784,6.56187984368916,23984.7439826408,-41315.2392174695,23984.6073599782,-41317.6980156865,23984.4707373157,-41320.1568139034,0,1,0,1
20140128091000.daq,120,5,1126.51666666667,-1,0,right,0.273465245802186,356.684143066406,12,-0.000139414340734988,66.4069671630859,424.223005402426,3.69137978553772,0,4.97517585754395,6.58083814872066,23994.4831621759,-41315.7633904736,23994.3407251208,-41318.221858718,23994.1982880656,-41320.6803269624,0,1,0,1
20140128091000.daq,120,5,1126.61666666667,-1,0,right,0.286585508202052,356.533660888672,12,-0.000140857786998546,66.2781600952148,433.953267478035,3.95504975318909,0,5.22196054458618,6.59301490622986,24004.201148959,-41316.3041416366,24004.0522554583,-41318.7622273041,24003.9033619576,-41321.2203129717,0,1,0,1
20140128091000.daq,120,5,1126.71666666667,-1,0,right,0.330342161939996,356.369934082031,12,-0.000142286777197828,66.1495819091797,443.664654592067,3.95504975318909,0,5.42128658294678,6.60838847619782,24013.9018058919,-41316.869175878,24013.7458888522,-41319.3268260362,24013.5899718125,-41321.7844761944,0,1,0,1
20140128091000.daq,120,5,1126.81666666667,-1,0,right,0.39459530505485,356.200927734375,12,-0.000143699479398819,66.0197677612305,453.357143992034,3.91110491752625,0,5.56366205215454,6.6259142839903,24023.5810567791,-41317.4540851302,24023.4178910553,-41319.9112646861,24023.2547253314,-41322.368444242,0,1,0,1
20140128091000.daq,120,5,1126.91666666667,-1,0,right,0.449623495452045,356.029602050781,14,-0.000145093384863483,65.8854827880859,463.030250413358,3.91110491752625,0,5.33586168289185,6.65489060589455,24033.2407918299,-41318.0664952403,24033.0702793949,-41320.523175914,24032.8997669598,-41322.9798565878,0,0,0,0
20140128091000.daq,120,5,1127.01666666667,-1,0,right,0.469563924834063,355.855895996094,14,-0.000146465806368406,65.7526702880859,472.683688982288,3.77926993370056,0,5.07958507537842,6.68462895027786,24042.8790577948,-41318.7025041544,24042.7010981314,-41321.158656589,24042.5231384679,-41323.6148090235,0,0,0,0
20140128091000.daq,120,5,1127.11666666667,-1,0,right,0.495843419764412,355.691223144531,14,-0.000147814376819645,65.6232070922852,482.317911580438,3.29587483406067,0,4.71889925003052,6.71753872583562,24052.495626525,-41319.3652940777,24052.3106084193,-41321.8209248977,24052.1255903135,-41324.2765557176,0,1,0,1
20140128091000.daq,120,5,1127.21666666667,-1,0,right,0.5204996531657,355.539276123047,14,-0.000149137481207789,65.4954681396484,491.933289989043,2.81247997283936,0,4.45313119888306,6.75213629208654,24062.0904301816,-41320.0507225714,24061.8989004606,-41322.5058540932,24061.7073707395,-41324.960985615,0,1,0,1
20140128091000.daq,120,5,1127.31666666667,-1,0,right,0.535295184899894,355.412139892578,14,-0.00015043469552428,65.3686141967773,501.530001752966,2.02146983146667,0,4.35821390151978,6.79783062820323,24071.6651919572,-41320.7658319111,24071.4682149083,-41323.220532395,24071.2712378594,-41325.6752328789,0,1,0,1
20140128091000.daq,120,5,1127.41666666667,-1,0,right,0.534445708588237,355.312133789063,14,-0.000151706851686202,65.242431640625,511.108158770294,1.40623998641968,0,4.0639705657959,6.8491145946035,24081.2179240948,-41321.5026588139,24081.0166628261,-41323.957011748,24080.8154015574,-41326.4113646821,0,1,0,1
20140128091000.daq,120,5,1127.51666666667,-1,0,right,0.476123209861157,355.232513427734,14,-0.000152955815118008,65.1167984008789,520.667851305421,1.09862494468689,0,3.68430161476135,6.90071851133091,24090.748766242,-41322.2577233178,24090.5440945079,-41324.711794202,24090.3394227739,-41327.1658650862,0,1,0,1
20140128091000.daq,120,5,1127.61666666667,-1,0,right,0.400037367950915,355.168487548828,14,-0.000154183976780569,64.9916763305664,530.209156101715,1.05467998981476,0,3.54192566871643,6.94846028042737,24100.2597693753,-41323.0313286901,24100.0523554377,-41325.4851693292,24099.8449415,-41327.9390099682,0,1,0,1
20140128091000.daq,120,5,1127.71666666667,-1,0,right,0.331302024756667,355.106658935547,14,-0.000155393626161179,64.8669815063477,539.732141323766,1.40623998641968,0,3.73176026344299,6.98683529527264,24109.7511944676,-41323.8165143052,24109.5411326802,-41326.2701296926,24109.3310708928,-41328.7237450799,0,1,0,1
20140128091000.daq,120,5,1127.81666666667,-1,0,right,0.272439929523955,355.044494628906,14,-0.000156586546511018,64.7426834106445,549.236867210057,1.49412989616394,0,4.33923006057739,7.02166127975688,24119.2230904924,-41324.6173475815,24119.0103667256,-41327.0707336136,24118.7976429588,-41329.5241196457,0,1,0,1
20140128091000.daq,120,5,1127.91666666667,-1,0,right,0.225634514423234,354.9814453125,14,-0.000157763883150903,64.6187744140625,558.723391481253,1.49412989616394,0,4.87076711654663,7.05034391611287,24128.6754678626,-41325.42995728,24128.4600444746,-41327.8831077416,24128.2446210866,-41330.3362582032,0,1,0,1
20140128091000.daq,120,5,1128.01666666667,-1,0,right,0.177056503901269,354.917572021484,14,-0.000158926144442918,64.4952163696289,568.191767941724,1.45018494129181,0,5.09856796264648,7.07076822768164,24138.1083252302,-41326.2504333119,24137.8901672064,-41328.7033420954,24137.6720091825,-41331.1562508789,0,1,0,1
20140128091000.daq,120,5,1128.11666666667,-1,0,right,0.0970865715502782,354.856872558594,14,-0.00016007318283665,64.3720169067383,577.642049276779,1.36229491233826,0,4.86127519607544,7.07746956189093,24147.5235398084,-41327.0785208734,24147.3027832824,-41329.5311971626,24147.0820267565,-41331.9838734518,0,1,0,1
20140128091000.daq,120,5,1128.21666666667,-1,0,right,0.0222736509262518,354.795532226563,14,-0.000161204255224614,64.2491607666016,587.074286586518,1.36229491233826,0,4.79483270645142,7.07376459322664,24156.9192311358,-41327.9144630197,24156.6958489243,-41330.3669015635,24156.4724667129,-41332.8193401073,0,1,1,1
20140128091000.daq,120,5,1128.31666666667,-1,0,right,-0.0455538874578565,354.735900878906,14,-0.000162318326375707,64.1266174316406,596.488527614114,1.36229491233826,0,4.70940780639648,7.06017959622065,24166.2953548785,-41328.7620161442,24166.0694203803,-41331.2142208718,24165.8434858821,-41333.6664255994,0,1,1,1
20140128091000.daq,120,5,1128.41666666667,-1,0,right,-0.10711780288176,354.676544189453,14,-0.000163414267301417,64.0044097900391,605.884820755455,1.31834995746613,0,4.65245723724365,7.03568607202204,24175.6538913888,-41329.6173654112,24175.4254166026,-41332.0693347616,24175.1969418164,-41334.5213041121,0,1,1,1
20140128091000.daq,120,5,1128.51666666667,-1,0,right,-0.167371335824612,354.622406005859,14,-0.00016449109368334,63.8825340270996,615.263214080056,1.05467998981476,0,4.49109792709351,7.00125819681554,24184.9927952316,-41330.4801952594,24184.7620037075,-41332.9319476319,24184.5312121834,-41335.3837000044,0,1,1,1
20140128091000.daq,120,5,1128.61666666667,-1,0,right,-0.273405063824384,354.581481933594,14,-0.000165548105174582,63.7610015869141,624.623756962959,0.483394980430603,0,4.27278900146484,6.9557293166488,24194.3119183503,-41331.3499949788,24194.079375697,-41333.8015818808,24193.8468330438,-41336.2531687827,0,1,1,1
20140128091000.daq,120,5,1128.71666666667,-1,0,right,-0.401459642319992,354.554443359375,14,-0.000166584651650888,63.639820098877,633.966500038005,0.219724997878075,0,3.74125218391418,6.89285075565031,24203.6132031828,-41332.2267211737,24203.3795036218,-41334.6781980629,24203.1458040609,-41337.1296749522,0,1,1,1
20140128091000.daq,120,5,1128.81666666667,-1,0,right,-0.509952796083439,354.536437988281,14,-0.00016759994313816,63.5189628601074,643.291494451958,0.219724997878075,0,3.50395894050598,6.81172698213005,24212.8947880736,-41333.1067770531,24212.6603181403,-41335.5581803805,24212.4258482069,-41338.009583708,0,1,1,1
20140128091000.daq,120,5,1128.91666666667,-1,0,right,-0.598542938787148,354.523101806641,14,-0.0001685928336168,63.3984489440918,652.598788460833,0.26366999745369,0,3.59887599945068,6.71802058112013,24222.158707762,-41333.9904411261,24221.9236672457,-41336.4417898118,24221.6886267293,-41338.8931384976,0,1,1,1
20140128091000.daq,120,5,1129.01666666667,-1,0,right,-0.657885591059369,354.508270263672,14,-0.000169561503202078,63.2782592773438,661.888430973384,0.439449995756149,0,3.68430161476135,6.6154354867921,24231.4050768795,-41334.8781070021,24231.1694018167,-41337.3293947633,24230.9337267539,-41339.7806825245,0,0,1,0
20140128091000.daq,120,5,1129.11666666667,-1,0,right,-0.688073760589248,354.490234375,14,-0.000170503219666097,63.1583938598633,671.160469732771,0.615229964256287,0,3.88362765312195,6.50526625238299,24240.6339270345,-41335.7659776001,24240.3974803533,-41338.2171910528,24240.161033672,-41340.6684045054,0,0,1,0
20140128091000.daq,120,5,1129.21666666667,-1,0,right,-0.683310235539636,354.463195800781,14,-0.000171414091679848,63.0388488769531,680.414951503088,0.966789960861206,0,3.84566068649292,6.39598643712286,24249.8434122423,-41336.6583295948,24249.60580883,-41339.1094311924,24249.3682054177,-41341.56053279,0,0,1,0
20140128091000.daq,120,5,1129.31666666667,-1,0,right,-0.755031148778073,354.417510986328,14,-0.000172289279411062,62.919605255127,689.651923048354,1.80174493789673,0,3.7222683429718,6.27855553522793,24259.0376159805,-41337.5518730894,24258.798058257,-41340.0027844547,24258.5585005335,-41342.45369582,0,0,1,0
20140128091000.daq,120,5,1129.41666666667,-1,0,right,-0.795117009513547,354.357238769531,14,-0.000173123543587402,62.8006439208984,698.871426004,1.88963496685028,0,3.49446702003479,6.15021817051569,24268.2125545175,-41338.4502557531,24267.9704186942,-41340.9009137599,24267.7282828709,-41343.3515717668,0,0,1,0
20140128091000.daq,120,5,1129.51666666667,-1,0,right,-0.802443600803144,354.285919189453,14,-0.000173911621941947,62.6819610595703,708.073501539126,1.84568989276886,0,3.14327359199524,6.01411791084604,24277.3720663489,-41339.3532521026,24277.1268802293,-41341.8036068096,24276.8816941096,-41344.2539615166,0,0,1,0
20140128091000.daq,120,5,1129.61666666667,-1,0,right,-0.603568827661434,354.211791992188,14,-0.000174648508294871,62.563549041748,717.258189470842,1.80174493789673,0,2.63072061538696,5.88674936153947,24286.5120924345,-41340.2642421416,24286.2637363411,-41342.714277585,24286.0153802476,-41345.1643130285,0,0,1,0
20140128091000.daq,120,5,1129.71666666667,1,0,right,-0.533831368192068,354.135833740234,14,-0.000175329813213761,62.4454040527344,726.42553050202,1.80174493789673,0,2.63072061538696,5.78051609246187,24295.6345674834,-41341.1792573301,24295.3829635443,-41343.6289613696,24295.1313596051,-41346.0786654091,0,0,1,0
20140128091000.daq,120,5,1129.81666666667,1,0,right,-0.463771642710128,354.058624267578,14,-0.000175952053283551,62.3275413513184,735.575563983482,1.80174493789673,0,2.71614623069763,5.68607570071764,24304.7394805578,-41342.1060731796,24304.4845757261,-41344.5554359437,24304.2296708945,-41347.0047987078,0,0,1,0
20140128091000.daq,120,5,1129.91666666667,1,0,right,-0.394558486181438,353.983367919922,14,-0.000176512886023645,62.2099685668945,744.708332063514,1.71385490894318,0,2.60224580764771,5.60445321651018,24313.8248206229,-41343.0444846013,24313.566698845,-41345.4935104425,24313.308577067,-41347.9425362838,0,0,1,0
20140128091000.daq,120,5,1130.01666666667,1,0,right,-0.320745185573401,353.909240722656,14,-0.000177010916894226,62.0926895141602,753.823877776216,1.66990995407104,0,2.21308493614197,5.53225314484786,24322.8925560349,-41343.9906379751,24322.6312660132,-41346.4393278182,24322.3699759916,-41348.8880176614,0,0,1,0
20140128091000.daq,120,5,1130.11666666667,1,0,right,-0.257011663984144,353.839477539063,14,-0.000177445512851989,61.9757118225098,762.922244668574,1.45018494129181,0,1.71951544284821,5.46898266937423,24331.9426294606,-41344.9443259437,24331.6783581153,-41347.3926958258,24331.4140867701,-41349.8410657078,0,0,1,0
20140128091000.daq,120,5,1130.21666666667,1,0,right,-0.208210213922086,353.778930664063,14,-0.000177816871212406,61.8590621948242,772.003478292419,1.01073491573334,0,0.466608673334122,5.42148512158883,24340.9730027099,-41345.9130497171,24340.7061442166,-41348.3611389655,24340.4392857234,-41350.8092282139,0,0,1,0
20140128091000.daq,120,5,1130.31666666667,1,0,right,-0.178399686442788,353.731658935547,14,-0.000178126329049877,61.742748260498,781.067627603145,0.659174978733063,0,0.0584646798670292,5.3769632595881,24349.9855589843,-41346.8848298192,24349.7166807926,-41349.3326980635,24349.4478026009,-41351.7805663078,0,0,1,0
20140128091000.daq,120,5,1130.41666666667,1,0,right,-0.176664055293031,353.696441650391,14,-0.000178376341280274,61.6267623901367,790.114741369645,0.57128494977951,0,0.115414880216122,5.34141433134779,24358.978368812,-41347.8675564341,24358.7079860705,-41350.315258948,24358.4376033289,-41352.7629614619,0,0,1,0
20140128091000.daq,120,5,1130.51666666667,1,0,right,-0.15795748889434,353.666625976563,14,-0.000178570066076841,61.5102767944336,799.144857497391,0.57128494977951,0,0.124906539916992,5.30689843382832,24367.9535039775,-41348.8538432874,24367.6818475331,-41351.3014047676,24367.4101910886,-41353.7489662479,0,0,1,0
20140128091000.daq,120,5,1130.61666666667,1,0,right,-0.152608494375215,353.639129638672,14,-0.000178710973239798,61.3910865783691,808.15763162011,0.57128494977951,0,0.115414880216122,5.27667221500671,24376.9110192353,-41349.8438879115,24376.6381882335,-41352.2913187416,24376.3653572316,-41354.7387495716,0,0,1,0
20140128091000.daq,120,5,1130.71666666667,1,0,right,-0.161389701547421,353.612945556641,14,-0.000178802522392297,61.2668647766113,817.152520006654,0.527339994907379,0,0.124906539916992,5.25192322093992,24385.8470262323,-41350.8416610948,24385.5730767869,-41353.2889669859,24385.2991273415,-41355.7362728771,0,0,1,0
20140128091000.daq,120,5,1130.81666666667,1,0,right,-0.187071181378997,353.587524414063,14,-0.00017884796801731,61.1406555175781,826.129094273972,0.527339994907379,0,0.124906539916992,5.22245011537971,24394.7615347131,-41351.8393855446,24394.4864994676,-41354.2865696482,24394.2114642221,-41356.7337537519,0,0,1,0
20140128091000.daq,120,5,1130.91666666667,1,0,right,-0.188420639222954,353.561920166016,14,-0.000178850146638696,61.0162620544434,835.087357918921,0.57128494977951,0,0.134398430585861,5.19299414173732,24403.6545612999,-41352.8410281899,24403.3784324881,-41355.2880891419,24403.1023036763,-41357.7351500939,0,0,1,0
20140128091000.daq,120,5,1131.01666666667,1,0,right,-0.206395970314645,353.535400390625,14,-0.000178811343535205,60.8955612182617,844.027620712543,0.57128494977951,0,0.134398430585861,5.16026521615374,24412.5300250233,-41353.8427297822,24412.2527636009,-41356.2896626638,24411.9755021784,-41358.7365955454,0,0,1,0
20140128091000.daq,120,5,1131.11666666667,1,0,right,-0.23207033151283,353.507385253906,14,-0.000178733294401905,60.7771339416504,852.950227021036,0.659174978733063,0,0.143890097737312,5.1261698302822,24421.387935914,-41354.8484338045,24421.1094780813,-41357.2952308248,24420.8310202486,-41359.7420278452,0,0,1,0
20140128091000.daq,120,5,1131.21666666667,1,0,right,-0.268305164851256,353.47900390625,14,-0.000178617406709226,60.6589317321777,861.855468758484,0.74706494808197,0,0.0964315533638,5.08483560900901,24430.2282741757,-41355.8541615707,24429.9486043613,-41358.3008203573,24429.6689345469,-41360.747479144,0,0,1,0
20140128091000.daq,120,5,1131.31666666667,1,0,right,-0.278817584380704,353.449340820313,14,-0.000178464821991284,60.5392608642578,870.743396465405,0.791009962558746,0,0.086939662694931,5.04058680368817,24439.0510556808,-41356.8638781104,24438.7701192233,-41359.310391779,24438.4891827659,-41361.7569054475,0,0,1,0
20140128091000.daq,120,5,1131.41666666667,1,0,right,-0.335169219143495,353.416839599609,14,-0.000178276660814572,60.4227447509766,879.613914562302,0.791009962558746,0,0.115414880216122,4.99445337471984,24447.8563072879,-41357.8776833832,24447.5739830828,-41360.324037296,24447.2916588776,-41362.7703912088,0,0,1,0
20140128091000.daq,120,5,1131.51666666667,1,0,right,-0.371658718459685,353.385406494141,14,-0.000178053806287693,60.307258605957,888.467482716966,0.834954977035522,0,0.105923220515251,4.93502659395376,24456.6439611053,-41358.8914203888,24456.3602948456,-41361.3376190472,24456.0766285859,-41363.7838177057,0,0,1,0
20140128091000.daq,120,5,1131.61666666667,1,0,right,-0.386048940902015,353.352813720703,14,-0.0001777962141766,60.1935615539551,897.304193012169,0.878899991512299,0,0.086939662694931,4.87481352798386,24465.4160088396,-41359.9091384195,24465.1309511028,-41362.3551753182,24464.845893366,-41364.801212217,0,0,1,0
20140128091000.daq,120,5,1131.71666666667,1,0,right,-0.41280099374859,353.315856933594,14,-0.000177502477601518,60.0815963745117,906.124388089054,1.23045992851257,0,0.086939662694931,4.80825590197185,24474.1725055645,-41360.927137084,24473.8858701502,-41363.3729896067,24473.5992347359,-41365.8188421293,0,0,1,0
20140128091000.daq,120,5,1131.81666666667,1,0,right,-0.4250293029923,353.247650146484,14,-0.000177169636362532,59.969165802002,914.928141054319,2.98825979232788,0,0.0584646798670292,4.74213103432264,24482.9139122,-41361.9549564543,24482.624365366,-41364.4004660238,24482.3348185319,-41366.8459755933,0,0,1,0
20140128091000.daq,120,5,1131.91666666667,1,0,right,-0.415867508462043,353.141326904297,14,-0.000176793008443779,59.8557777404785,923.715336140129,3.91110491752625,0,0.0964315533638,4.67050340170802,24491.6403385321,-41362.9891335993,24491.3462540899,-41365.4341016491,24491.0521696478,-41367.8790696988,0,0,1,0
20140128091000.daq,120,5,1132.01666666667,1,0,right,-0.369167253375679,353.008880615234,14,-0.000176366223515693,59.7415008544922,932.485822843606,3.8232147693634,0,0.0964315533638,4.59208794377587,24500.3496154138,-41364.0289006195,24500.0498799161,-41366.4731823248,24499.7501444183,-41368.9174640301,0,0,1,0
20140128091000.daq,120,5,1132.11666666667,1,0,right,-0.303002300427067,352.86083984375,14,-0.000175881542819465,59.6269340515137,941.23952763842,3.95504975318909,0,0.0015142448246479,4.52045310917513,24509.0415552662,-41365.0853015649,24508.7355052436,-41367.5288006558,24508.429455221,-41369.9722997467,0,0,1,0
20140128091000.daq,120,5,1132.21666666667,1,0,right,-0.239351644346016,352.704711914063,14,-0.000175330664415066,59.5125770568848,949.976439474645,4.08688449859619,0,0.0964315533638,4.44930702394816,24517.7140730373,-41366.1539485684,24517.4013657551,-41368.5966046185,24517.0886584729,-41371.0392606686,0,0,1,0
20140128091000.daq,120,5,1132.31666666667,1,0,right,-0.173977100086745,352.539337158203,14,-0.000174705619761554,59.3987426757813,958.696615140536,4.08688449859619,0,0.0964315533638,4.39032447087373,24526.3691365406,-41367.2466361577,24526.0493802496,-41369.6883794566,24525.7296239585,-41372.1301227555,0,0,1,0
20140128091000.daq,120,5,1132.41666666667,1,0,right,-0.110883625279598,352.365325927734,14,-0.000173999192453825,59.2855186462402,967.400141963168,4.4823899269104,0,0.0679563358426094,4.33401741212756,24535.0028244826,-41368.3555136861,24534.675653935,-41370.7962746036,24534.3484833874,-41373.237035521,0,0,1,0
20140128091000.daq,120,5,1132.51666666667,1,0,right,-0.0269439384987891,352.168518066406,14,-0.00017320487144429,59.1726226806641,976.087085496139,5.44917964935303,0,0.086939662694931,4.28728543762664,24543.6192637745,-41369.4893090614,24543.2837112936,-41371.9289317691,24542.9481588127,-41374.3685544768,0,0,1,0
20140128091000.daq,120,5,1132.61666666667,1,0,right,0.0801182712968966,351.951690673828,14,-0.000172316769044574,59.0599098205566,984.757488353993,5.71284961700439,0,0.086939662694931,4.25129596330599,24552.2144893962,-41370.6478464274,24551.8697069492,-41373.0861818202,24551.5249245022,-41375.524517213,0,0,1,0
20140128091000.daq,120,5,1132.71666666667,1,0,right,0.197049760925779,351.727233886719,14,-0.000171329721253978,58.9471435546875,993.411358649289,5.44917964935303,0,0.124906539916992,4.22896088823178,24560.7922016776,-41371.8342339299,24560.4378696975,-41374.271199927,24560.0835377174,-41376.7081659242,0,0,1,0
20140128091000.daq,120,5,1132.81666666667,1,0,right,0.308189375941367,351.510803222656,14,-0.000170239794660722,58.8343276977539,1002.0486856119,4.79000473022461,0,0.0679563358426094,4.22428812857168,24569.3482507979,-41373.0513653521,24568.9847159049,-41375.4869755025,24568.6211810118,-41377.922585653,0,0,1,0
20140128091000.daq,120,5,1132.91666666667,1,0,right,0.408668127578665,351.308990478516,14,-0.000169044992896748,58.7216110229492,1010.66947031414,4.26266479492188,0,0.105923220515251,4.2325502528632,24577.8825439734,-41374.2949057133,24577.5104324112,-41376.7292202798,24577.138320849,-41379.1635348463,0,0,1,0
20140128091000.daq,120,5,1133.01666666667,1,0,right,0.465832070741499,351.127044677734,14,-0.000167745404875856,58.6091537475586,1019.27373457616,3.91110491752625,0,0.105923220515251,4.25337453624189,24586.3969668397,-41375.564512146,24586.0171268711,-41377.9976327804,24585.6372869025,-41380.4307534148,0,0,1,0
20140128091000.daq,120,5,1133.11666666667,1,0,right,0.492549803018676,350.955017089844,14,-0.000166342893106514,58.4972991943359,1027.86155215737,3.64743494987488,0,0.0964315533638,4.28324857874624,24594.8897234669,-41376.8608272639,24594.5025799037,-41379.2927964835,24594.1154363404,-41381.724765703,0,0,1,0
20140128091000.daq,120,5,1133.21666666667,1,0,right,0.497817032139722,350.796295166016,14,-0.000164840731591146,58.3859825134277,1036.43300646845,3.38376474380493,0,0.0964315533638,4.31949457744111,24603.3607709062,-41378.1836297115,24602.9668917469,-41380.6145171279,24602.5730125875,-41383.0454045443,0,0,1,0
20140128091000.daq,120,5,1133.31666666667,1,0,right,0.486894300389793,350.659118652344,14,-0.000163243487885909,58.275089263916,1044.98816847143,2.59275484085083,0,0.086939662694931,4.35813883590866,24611.8099991106,-41379.5284762708,24611.4103010993,-41381.9584137028,24611.0106030879,-41384.3883511347,0,0,1,0
20140128091000.daq,120,5,1133.41666666667,1,0,right,0.482790981434675,350.543304443359,14,-0.000161556781708812,58.1648788452148,1053.52711919915,2.15330481529236,0,0.086939662694931,4.40229323189564,24620.2393738254,-41380.8953765753,24619.834764906,-41383.3245011183,24619.4301559866,-41385.7536256614,0,0,1,0
20140128091000.daq,120,5,1133.51666666667,1,0,right,0.465910992545787,350.438903808594,14,-0.000159786592623225,58.0550727844238,1062.04993422936,2.19724988937378,0,0.0964315533638,4.45003820063249,24628.6490425944,-41382.2810693348,24628.2400081567,-41384.7094525938,24627.830973719,-41387.1378358527,0,0,1,0
20140128091000.daq,120,5,1133.61666666667,1,0,right,0.442288661646273,350.339874267578,14,-0.000157938701966762,57.9455413818359,1070.55666195803,2.37302994728088,0,0.086939662694931,4.49379378281434,24637.0390932802,-41383.6781341572,24636.6258622585,-41386.1058068176,24636.2126312368,-41388.533479478,0,0,1,0
20140128091000.daq,120,5,1133.71666666667,1,0,right,0.420399588881367,350.237731933594,14,-0.000156018187352793,57.8362808227539,1079.04734551247,2.59275484085083,0,0.0964315533638,4.53759953603173,24645.4115975182,-41385.0910288887,24644.9940392947,-41387.5179610166,24644.5764810713,-41389.9448931445,0,0,1,0
20140128091000.daq,120,5,1133.81666666667,1,0,right,0.401069605346265,350.129791259766,14,-0.000154029137667373,57.7270812988281,1087.52202345092,2.63669991493225,0,0.115414880216122,4.58201644626527,24653.7646376998,-41386.5199285441,24653.3425080736,-41388.9460697194,24652.9203784475,-41391.3722108946,0,0,1,0
20140128091000.daq,120,5,1133.91666666667,1,0,right,0.338699441478525,350.029388427734,14,-0.000151974307151599,57.6186141967773,1095.98073018198,2.68064475059509,0,0.105923220515251,4.61917168993209,24662.0999846829,-41387.9600588838,24661.6736042343,-41390.3854566113,24661.2472237858,-41392.8108543388,0,0,1,0
20140128091000.daq,120,5,1134.01666666667,1,0,right,0.298970702295776,349.921142578125,14,-0.000149854865220036,57.5103492736816,1104.42353680756,2.68064475059509,0,0.0964315533638,4.64400985618362,24670.4178471479,-41389.4085149955,24669.9868852889,-41391.8331028573,24669.5559234298,-41394.257690719,0,0,1,0
20140128091000.daq,120,5,1134.11666666667,1,0,right,0.26904563249866,349.812683105469,14,-0.000147670286561619,57.4023475646973,1112.85048426372,2.68064475059509,0,0.105923220515251,4.66696410687118,24678.7161678757,-41390.8726127667,24678.2806171076,-41393.2963804849,24677.8450663395,-41395.7201482031,0,0,1,0
20140128091000.daq,120,5,1134.21666666667,1,0,right,0.254017815124143,349.703674316406,14,-0.000145418698399086,57.2945823669434,1121.26160952341,2.68064475059509,0,0.172365307807922,4.68860746546135,24686.9969043196,-41392.3523740726,24686.5567429735,-41394.7753087421,24686.1165816274,-41397.1982434117,0,0,1,0
20140128091000.daq,120,5,1134.31666666667,1,0,right,0.229248073174347,349.594421386719,14,-0.000143097450288059,57.1870079040527,1129.65693039705,2.68064475059509,0,0.086939662694931,4.70298614254499,24695.2580991717,-41393.8399665264,24694.8133185202,-41396.2620574817,24694.3685378688,-41398.6841484369,0,0,1,0
20140128091000.daq,120,5,1134.41666666667,1,0,right,0.210375360060709,349.486602783203,14,-0.000140703658661489,57.0798034667969,1138.03651173892,2.63669991493225,0,0.086939662694931,4.71644311480579,24703.5016838154,-41395.343093116,24703.0523460885,-41397.7643427997,24702.6030083616,-41400.1855924833,0,0,1,0
20140128091000.daq,120,5,1134.51666666667,1,0,right,0.200176473451904,349.381591796875,14,-0.000138234913516017,56.9728775024414,1146.4003910348,2.59275484085083,0,0.0964315533638,4.72701337765582,24711.727641228,-41396.8577578347,24711.2738666222,-41399.2781799116,24710.8200920164,-41401.6986019886,0,0,1,0
20140128091000.daq,120,5,1134.61666666667,1,0,right,0.200750146357734,349.277282714844,14,-0.000135689812180587,56.8661994934082,1154.74860586385,2.54880976676941,0,0.143890097737312,4.7396268743732,24719.9340459449,-41398.388004187,24719.4758656258,-41400.8075961399,24719.0176853067,-41403.2271880929,0,0,1,0
20140128091000.daq,120,5,1134.71666666667,1,0,right,0.211083358532051,349.174682617188,14,-0.000133068040568684,56.7597999572754,1163.08119417816,2.41697478294373,0,0.105923220515251,4.75266068708659,24728.1228387072,-41399.9298600793,24727.6603263387,-41402.3486276855,24727.1978139702,-41404.7673952916,0,0,1,0
20140128091000.daq,120,5,1134.81666666667,1,0,right,0.198679425629734,349.080230712891,14,-0.000130370205098507,56.6536483764648,1171.39818805511,2.28513979911804,0,0.0964315533638,4.76378830699221,24736.2939400697,-41401.4789984436,24735.827441001,-41403.8970003134,24735.3609419323,-41406.3150021831,0,0,1,0
20140128091000.daq,120,5,1134.91666666667,1,0,right,0.177797201075293,348.988586425781,14,-0.000127597836912189,56.5479393005371,1179.699650857,2.0654149055481,0,0.0964315533638,4.7759769962729,24744.4454653984,-41403.0435802644,24743.9750993473,-41405.4608328788,24743.5047332961,-41407.8780854931,0,0,1,0
20140128091000.daq,120,5,1135.01666666667,1,0,right,0.155112485025768,348.907775878906,14,-0.000124753299069348,56.4425468444824,1187.98563419677,1.7577999830246,0,0.115414880216122,4.78288664065546,24752.5812236405,-41404.6152682048,24752.1074487407,-41407.031855006,24751.633673841,-41409.4484418072,0,0,1,0
20140128091000.daq,120,5,1135.11666666667,1,0,right,0.13293906580401,348.839111328125,14,-0.000121839564895618,56.3374977111816,1196.25618567776,1.40623998641968,0,1.2923880815506,4.79097470477481,24760.6972955853,-41406.1978821423,24760.2206249346,-41408.6138994258,24759.7439542838,-41411.0299167093,0,0,1,0
20140128091000.daq,120,5,1135.21666666667,1,0,right,0.114609845050097,348.77734375,14,-0.000118860159256231,56.2327194213867,1204.51135001254,1.31834995746613,0,2.39342784881592,4.79931314504635,24768.7957006792,-41407.7917647961,24768.3164257243,-41410.2072668021,24767.8371507694,-41412.6227688081,0,0,1,0
20140128091000.daq,120,5,1135.31666666667,1,0,right,0.0928100473190625,348.725189208984,14,-0.000115818795781548,56.1281356811523,1212.75116589919,1.31834995746613,0,2.92496418952942,4.80417673641924,24776.8764077131,-41409.3889257425,24776.3949342017,-41411.8039904789,24775.9134606903,-41414.2190552154,0,0,1,0
20140128091000.daq,120,5,1135.41666666667,1,0,right,0.0670735997591692,348.672790527344,14,-0.000112718735929172,56.0240783691406,1220.97568243295,1.23045992851257,0,4.00701999664307,4.80761226396298,24784.9414895639,-41410.9939157309,24784.4578076062,-41413.4085391358,24783.9741256485,-41415.8231625406,0,0,1,0
20140128091000.daq,120,5,1135.51666666667,1,0,right,0.037651409902594,348.632202148438,14,-0.000109562654684003,55.9203643798828,1229.18496013206,0.791009962558746,0,4.6144905090332,4.80786772674893,24792.9888494247,-41412.6020398314,24792.5034570672,-41415.0163199897,24792.0180647098,-41417.430600148,0,0,1,0
20140128091000.daq,120,5,1135.61666666667,1,0,right,0.00298682287029806,348.60498046875,14,-0.000106352874100834,55.8169212341309,1237.37904314957,0.17577999830246,0,4.96568393707275,4.80702004750177,24801.0184704307,-41414.2131959052,24800.5319310843,-41416.6272451772,24800.045391738,-41419.0412944493,0,0,1,0
20140128091000.daq,120,5,1135.71666666667,1,0,right,-0.0397280882045266,348.593933105469,14,-0.000103091412943674,55.713737487793,1245.55797302767,-0.175779983401299,0,5.02263450622559,4.80217512443067,24809.0322736062,-41415.8272000115,24808.5452688092,-41418.2411554277,24808.0582640121,-41420.6551108438,0,0,1,0
20140128091000.daq,120,5,1135.81666666667,1,0,right,-0.0867400037940342,348.595306396484,14,0.0001,55.6108245849609,1253.7217883245,-0.219724982976913,0,4.73788213729858,4.79269930178028,24817.0322572919,-41417.4403914023,24816.5453103538,-41419.8543584905,24816.0583634157,-41422.2683255787,0,0,1,0
20140128091000.daq,120,5,1135.91666666667,1,0,right,-0.132506734686558,348.604156494141,14,0.0001,55.5082015991211,1261.87053188772,-0.307614982128143,0,4.55753993988037,4.78362807987621,24825.0145739786,-41419.056999819,24824.5279999157,-41421.4710420938,24824.0414258528,-41423.8850843687,0,0,1,0
20140128091000.daq,120,5,1136.01666666667,1,0,right,-0.178737209455278,348.620849609375,14,0.0001,55.4058609008789,1270.00424465339,-0.659174978733063,0,4.58601474761963,4.76548914159733,24832.9811722033,-41420.6652825923,24832.4953014918,-41423.079466528,24832.0094307804,-41425.4936504636,0,0,1,0
20140128091000.daq,120,5,1136.11666666667,1,0,right,-0.231151662694515,348.652160644531,14,0.0001,55.3038101196289,1278.12296876973,-1.09862494468689,0,4.9277172088623,4.74481151303678,24840.9339237395,-41422.2726090748,24840.4493724054,-41424.6870581689,24839.9648210712,-41427.101507263,0,0,1,0
20140128091000.daq,120,5,1136.21666666667,1,0,right,-0.286290108578044,348.694030761719,14,0.0001,55.201904296875,1286.22674200234,-1.23045992851257,0,5.85790538787842,4.71652431818793,24848.8728757075,-41423.8714325511,24848.390088913,-41426.2862350968,24847.9073021184,-41428.7010376424,0,0,1,0
20140128091000.daq,120,5,1136.31666666667,1,0,right,-0.339849651618806,348.742156982422,14,0.0001,55.0949172973633,1294.31531547135,-1.23045992851257,0,6.13316583633423,4.68593137425485,24856.7961253219,-41425.4659409745,24856.3153670374,-41427.8811481903,24855.8346087528,-41430.2963554061,0,0,1,0
20140128091000.daq,120,5,1136.41666666667,1,0,right,-0.386916963202566,348.791625976563,14,0.0001,54.9760398864746,1302.38735381349,-1.23045992851257,0,6.21859073638916,4.64662618151875,24864.7037310396,-41427.0486433277,24864.2250582163,-41429.4642647284,24863.7463853929,-41431.8798861291,0,0,1,0
20140128091000.daq,120,5,1136.51666666667,1,0,right,-0.427949713789189,348.842895507813,14,0.0001,54.8453216552734,1310.4410648418,-1.23045992851257,0,6.33249187469482,4.60353788250073,24872.595687066,-41428.6234159759,24872.1191759855,-41431.0394647365,24871.642664905,-41433.4555134971,0,0,1,0
20140128091000.daq,120,5,1136.61666666667,1,0,right,-0.45849215185757,348.891510009766,14,0.0001,54.7049446105957,1318.47487051412,-1.09862494468689,0,6.41791677474976,4.55484320274486,24880.4700944127,-41430.1866439934,24879.9956334801,-41432.6030961959,24879.5211725474,-41435.0195483984,0,0,1,0
20140128091000.daq,120,5,1136.71666666667,1,0,right,-0.496297675217988,348.936248779297,14,0.0001,54.5574111938477,1326.48752997443,-0.878899931907654,0,6.52232599258423,4.5051308152289,24888.3250153754,-41431.742313337,24887.8524414469,-41434.1591352803,24887.3798675184,-41436.5759572236,0,0,1,0
20140128091000.daq,120,5,1136.81666666667,1,0,right,-0.546467412805214,348.975524902344,14,0.0001,54.4043388366699,1334.47814346924,-0.703119933605194,0,6.63622665405273,4.44348007662969,24896.1585169662,-41433.2827151066,24895.6875998745,-41435.6998604304,24895.2166827827,-41438.1170057541,0,0,1,0
20140128091000.daq,120,5,1136.91666666667,1,0,right,-0.590635188154408,349.009490966797,14,0.0001,54.245719909668,1342.44589246438,-0.615229964256287,0,6.72165203094482,4.37745621171793,24903.9705980348,-41434.8156516945,24903.501113957,-41437.2330757624,24903.0316298791,-41439.6504998303,0,0,1,0
20140128091000.daq,120,5,1137.01666666667,1,0,right,-0.629613952865441,349.038757324219,14,0.0001,54.0804862976074,1350.38996168939,-0.57128494977951,0,7.43353080749512,4.30333621242749,24911.7612516384,-41436.3371768549,24911.2930024282,-41438.7548404173,24910.824753218,-41441.1725039796,0,0,1,0
20140128091000.daq,120,5,1137.11666666667,1,0,right,-0.664868550037568,349.064788818359,14,0.0001,53.8989944458008,1358.30871165145,-0.57128494977951,0,7.7182822227478,4.22505362882886,24919.5285069362,-41437.8511010453,24919.0613562041,-41440.2689771002,24918.594205472,-41442.6868531551,0,0,1,0
20140128091000.daq,120,5,1137.21666666667,1,0,right,-0.697497607813489,349.088684082031,14,0.0001,53.6970520019531,1366.19934960862,-0.483394980430603,0,8.03150939941406,4.13933841460264,24927.270397421,-41439.3534461889,24926.8042551072,-41441.7715168593,24926.3381127934,-41444.1895875296,0,0,1,0
20140128091000.daq,120,5,1137.31666666667,1,0,right,-0.72658996536336,349.109680175781,14,0.0001,53.4740982055664,1374.05885631862,-0.439449965953827,0,9.0281400680542,4.05169739189599,24934.9810734047,-41440.8481683412,24934.5158172266,-41443.2664096675,24934.0505610484,-41445.6846509938,0,0,1,0
20140128091000.daq,120,5,1137.41666666667,1,0,right,-0.752298549223894,349.127624511719,14,0.0001,53.2241668701172,1381.88377217378,-0.351559966802597,0,9.51221752166748,3.96154396306706,24942.6585838763,-41442.3352774296,24942.1940850844,-41444.7536643498,24941.7295862926,-41447.17205127,0,0,1,0
20140128091000.daq,120,5,1137.51666666667,1,0,right,-0.770307477248423,349.138488769531,14,0.0001,52.9433822631836,1389.66978229235,0.0878899991512299,0,9.55018424987793,3.86319656011846,24950.2990731372,-41443.8072240377,24949.8350329212,-41446.2256989913,24949.3709927052,-41448.6441739449,0,0,1,0
20140128091000.daq,120,5,1137.61666666667,1,0,right,-0.764133419700954,349.125762939453,14,0.0001,52.635440826416,1397.4124821344,1.2744048833847,0,8.7813549041748,3.76652707802101,24957.8988414964,-41445.2728990282,24957.4342641301,-41447.6912708553,24956.9696867638,-41450.1096426824,0,0,1,0
20140128091000.daq,120,5,1137.71666666667,1,0,right,-0.73222783180239,349.087646484375,14,0.0001,52.3259735107422,1405.10947283905,1.88963496685028,0,7.74675798416138,3.67089257255671,24965.4540040817,-41446.7324202239,24964.9878179779,-41449.1504824522,24964.5216318742,-41451.5685446806,0,0,1,0
20140128091000.daq,120,5,1137.81666666667,1,0,right,-0.683389546072704,349.033172607422,14,0.0001,52.0416412353516,1412.76275201938,1.80174493789673,0,7.84167528152466,3.57367399546036,24972.9644457961,-41448.1812917605,24972.4959609344,-41450.5989096703,24972.0274760726,-41453.0165275801,0,0,1,0
20140128091000.daq,120,5,1137.91666666667,1,0,right,-0.628940058839873,348.973541259766,14,0.0001,51.7839126586914,1420.37640390731,1.62596487998962,0,8.04100131988525,3.48408619024849,24980.4358851415,-41449.6305009942,24979.9648843658,-41452.0476300128,24979.4938835901,-41454.4647590314,0,0,1,0
20140128091000.daq,120,5,1138.01666666667,1,0,right,-0.579534915857437,348.919494628906,14,0.0001,51.5390472412109,1427.95335006743,1.40623998641968,0,7.96506786346436,3.40161997400274,24987.8681895328,-41451.0793459432,24987.3949089094,-41453.4960295954,24986.9216282859,-41455.9127132476,0,0,1,0
20140128091000.daq,120,5,1138.11666666667,1,0,right,-0.533830257730187,348.869506835938,14,0.0001,51.2990226745605,1435.49478011577,1.2744048833847,0,7.90811729431152,3.32064725791002,24995.2672379847,-41452.5240199155,24994.7918491022,-41454.9402897336,24994.3164602197,-41457.3565595517,0,0,1,0
20140128091000.daq,120,5,1138.21666666667,1,0,right,-0.493126190904889,348.825042724609,14,0.0001,51.0599098205566,1443.00116560933,1.23045992851257,0,8.33524417877197,3.25018710527811,25002.629107155,-41453.9722394995,25002.1518432814,-41456.3881396668,25001.6745794078,-41458.8040398341,0,0,1,0
20140128091000.daq,120,5,1138.31666666667,1,0,right,-0.453969321906584,348.782562255859,14,0.0001,50.8121643066406,1450.47194966885,1.18651497364044,0,8.72440528869629,3.18661484359237,25009.9557938307,-41455.4203297834,25009.4767388819,-41457.8358754318,25008.9976839332,-41460.2514210802,0,0,1,0
20140128091000.daq,120,5,1138.41666666667,1,0,right,-0.414506703833581,348.740264892578,14,0.0001,50.5499687194824,1457.90537321055,1.18651497364044,0,8.94271373748779,3.1260995601807,25017.245366866,-41456.8645022226,25016.7645288239,-41459.2796935609,25016.2836907818,-41461.6948848992,0,0,1,0
20140128091000.daq,120,5,1138.51666666667,1,0,right,-0.376591222986576,348.699890136719,14,0.0001,50.2726211547852,1465.29923976908,1.14256989955902,0,9.15153217315674,3.07309007757285,25024.4958522901,-41458.3085492768,25024.0133124488,-41460.7234011822,25023.5307726075,-41463.1382530876,0,0,1,0
20140128091000.daq,120,5,1138.61666666667,1,0,right,-0.339088843196237,348.660400390625,14,0.0001,49.9802055358887,1472.65127184636,1.14256989955902,0,9.00915622711182,3.02482962036391,25031.7014033985,-41459.7486325252,25031.217199293,-41462.163151278,25030.7329951875,-41464.5776700308,0,0,1,0
20140128091000.daq,120,5,1138.71666666667,1,0,right,-0.30080402783301,348.620574951172,14,0.0001,49.6834030151367,1479.95988655131,1.09862494468689,0,8.27829360961914,2.98533793167153,25038.8659410993,-41461.1887380627,25038.380058815,-41463.6029196692,25037.8941765307,-41466.0171012757,0,0,1,0
20140128091000.daq,120,5,1138.81666666667,1,0,right,-0.261952253522168,348.58056640625,14,0.0001,49.4002914428711,1487.22579177894,1.05467998981476,0,7.10132122039795,2.9457045920905,25045.9855572862,-41462.6210434116,25045.4979893438,-41465.0348851473,25045.0104214013,-41467.448726883,0,0,1,0
20140128091000.daq,120,5,1138.91666666667,1,0,right,-0.22566107166773,348.543548583984,14,0.0001,49.1463279724121,1494.45211041709,1.05467998981476,0,6.41791677474976,2.91499716284558,25053.0641206707,-41464.0531533661,25052.5749932883,-41466.4666795887,25052.0858659059,-41468.8802058113,0,0,1,0
20140128091000.daq,120,5,1139.01666666667,1,0,right,-0.189577363345165,348.507141113281,14,0.0001,48.9330253601074,1501.64416638801,1.05467998981476,0,7.68031549453735,2.88697836081234,25060.1094721753,-41465.4813174048,25059.6188112642,-41467.8945323338,25059.1281503531,-41470.3077472629,0,0,1,0
20140128091000.daq,120,5,1139.11666666667,1,0,right,-0.154311474602309,348.471954345703,14,0.0001,48.737979888916,1508.80681331585,0.966789960861206,0,8.7813549041748,2.86142446526893,25067.1235578361,-41466.9054955602,25066.6314150021,-41469.318408707,25066.1392721681,-41471.7313218539,0,0,1,0
20140128091000.daq,120,5,1139.21666666667,1,0,right,-0.122745922189949,348.440856933594,14,0.0001,48.5215454101563,1515.93954267066,0.834954977035522,0,8.69592952728271,2.84601102730666,25074.1082973548,-41468.3333125073,25073.6148449794,-41470.7459581872,25073.121392604,-41473.1586038671,0,0,1,0
20140128091000.daq,120,5,1139.31666666667,1,0,right,-0.0956241467086443,348.414611816406,14,0.0001,48.2777137756348,1523.03845867551,0.659174978733063,0,8.84779739379883,2.83216670263357,25081.0597760109,-41469.7569057175,25080.5652185419,-41472.1693251117,25080.0706610729,-41474.5817445058,0,0,1,0
20140128091000.daq,120,5,1139.41666666667,1,0,right,-0.0734091683360703,348.393646240234,14,0.0001,48.0130271911621,1530.10000637625,0.439449995756149,0,9.07559871673584,2.82176521742108,25087.9760361386,-41471.1762471387,25087.4805959542,-41473.5884854037,25086.9851557698,-41476.0007236687,0,0,1,0
20140128091000.daq,120,5,1139.51666666667,1,0,right,-0.0574299009329593,348.379302978516,14,0.0001,47.7324371337891,1537.12152222653,0.219724997878075,0,8.67694664001465,2.81604574698392,25094.8512031218,-41472.591248781,25094.3551590801,-41475.0033629434,25093.8591150384,-41477.4154771057,0,0,1,0
20140128091000.daq,120,5,1139.61666666667,1,0,right,-0.0454741200198896,348.369323730469,14,0.0001,47.4494323730469,1544.10139032542,0.0878899991512299,0,7.40505647659302,2.8104752438171,25101.6853035358,-41473.998152209,25101.1888393819,-41476.4101799384,25100.6923752281,-41478.8222076678,0,0,1,0
20140128091000.daq,120,5,1139.71666666667,1,0,right,-0.0422113978635821,348.368408203125,14,0.0001,47.1902923583984,1551.0412503988,-0.219724982976913,0,6.1901159286499,2.80886679237693,25108.4763298008,-41475.4005559075,25107.9798271054,-41477.8125757036,25107.4833244099,-41480.2245954997,0,0,1,0
20140128091000.daq,120,5,1139.81666666667,1,0,right,-0.0488319169619444,348.377746582031,14,0.0001,46.972053527832,1557.94596609501,-0.659174978733063,0,6.47486734390259,2.80642898862303,25115.2320806021,-41476.7944756905,25114.7359710373,-41479.2065763773,25114.2398614726,-41481.618677064,0,0,1,0
20140128091000.daq,120,5,1139.91666666667,1,0,right,-0.0677465634772716,348.399749755859,14,0.0001,46.7919044494629,1564.82168467283,-0.966789960861206,0,7.53794002532959,2.80386611850854,25121.9603400106,-41478.1797537663,25121.4651567962,-41480.5920447951,25120.9699735818,-41483.0043358239,0,0,1,0
20140128091000.daq,120,5,1140.01666666667,1,0,right,-0.0959646191217871,348.431427001953,14,0.0001,46.6167984008789,1571.67181878934,-1.05467987060547,0,7.41454744338989,2.80087743959507,25128.6611420475,-41479.5604923481,25128.1672925975,-41481.9730567812,25127.6734431474,-41484.3856212144,0,0,1,0
20140128091000.daq,120,5,1140.11666666667,1,0,right,-0.128444474124763,348.467651367188,14,0.0001,46.4299354553223,1578.49535492806,-1.18651497364044,0,6.97792863845825,2.79441516704393,25135.3404052157,-41480.9331209797,25134.8480811706,-41483.3459971593,25134.3557571255,-41485.7588733389,0,0,1,0
20140128091000.daq,120,5,1140.21666666667,1,0,right,-0.165389532984136,348.5087890625,14,0.0001,46.2452278137207,1585.29144084555,-1.31834995746613,0,6.80707740783691,2.78335035994096,25141.9922652613,-41482.2937095443,25141.5016737596,-41484.7069385848,25141.0110822579,-41487.1201676253,0,0,1,0
20140128091000.daq,120,5,1140.31666666667,1,0,right,-0.208626152476938,348.556488037109,14,0.0001,46.0701446533203,1592.06115421318,-1.58201992511749,0,7.03487873077393,2.77245639008583,25148.6206082378,-41483.6499628232,25148.1320259291,-41486.0635994469,25147.6434436205,-41488.4772360705,0,0,1,0
20140128091000.daq,120,5,1140.41666666667,1,0,right,-0.272151140206745,348.611175537109,14,0.000101805652911886,45.8965950012207,1598.8054593589,-1.80174493789673,0,7.3291220664978,2.75158421772135,25155.2234748648,-41484.9901343076,25154.7371965388,-41487.4042361723,25154.2509182128,-41489.818338037,0,0,1,0
20140128091000.daq,120,5,1140.51666666667,1,0,right,-0.371403606893182,348.670867919922,14,0.000107534847433214,45.7157363891602,1605.52380928786,-1.88963496685028,0,7.36708879470825,2.72403997608104,25161.8028406984,-41486.3221665029,25161.3190777163,-41488.736773676,25160.8353147342,-41491.1513808492,0,0,1,0
20140128091000.daq,120,5,1140.61666666667,1,0,right,-0.438607187725779,348.7353515625,14,0.000113311052427953,45.5276756286621,1612.21508865626,-1.97752487659454,0,7.47149753570557,2.68690250570296,25168.3548010383,-41487.642167322,25167.8737558861,-41490.0573174177,25167.392710734,-41492.4724675135,0,0,1,0
20140128091000.daq,120,9,1239.71666666667,1,0,right,0.546580095852619,319.272369384766,12,0.0001,52.9917144775391,0,-1.18651497364044,0.246360257267952,0.153381749987602,2.7515422620111,26887.896983464,-46856.3402000686,26886.2902316521,-46858.2064002289,26884.6834798401,-46860.0726003892,1,0,0,0
20140128091000.daq,120,9,1239.81666666667,1,0,right,0.578057808996903,319.328414916992,12,0.0001,53.0022583007813,7.77301213543979,-1.2744048833847,0.246901229023933,0.181856974959373,2.83590574307906,26893.7771034209,-46861.4226135135,26892.1721778553,-46863.2903844717,26890.5672522896,-46865.1581554298,1,0,0,0
20140128091000.daq,120,9,1239.91666666667,1,0,right,0.508746834897806,319.388885498047,12,0.0001,53.0070686340332,15.5471096352412,-1.31834995746613,0.245773866772652,0.143890097737312,2.9237912221986,26899.6612215886,-46866.4930286387,26898.058268182,-46868.362492412,26896.4553147754,-46870.2319561853,1,0,0,0
20140128091000.daq,120,9,1240.01666666667,1,0,right,0.454712226177321,319.453277587891,12,0.0001,53.008544921875,23.3216400872188,-1.31834995746613,0.246811345219612,0.172365307807922,3.00580996709603,26905.5512793895,-46871.5592893368,26903.950427999,-46873.4305534147,26902.3495766086,-46875.3018174925,1,0,0,0
20140128091000.daq,120,9,1240.11666666667,1,0,right,0.39893232750336,319.518295288086,12,-0.000104654395677724,53.0078315734863,31.096212127959,-1.23045992851257,0.244838580489159,0.153381749987602,3.08063760212475,26911.4491585345,-46876.6216028413,26909.8504316341,-46878.4946823168,26908.2517047338,-46880.3677617923,1,0,0,0
20140128091000.daq,120,9,1240.21666666667,1,0,right,0.34601195548089,319.579040527344,12,-0.000124393586596725,53.0057373046875,38.8705727746419,-0.834954977035522,0.246728792786598,0.153381749987602,3.14602920591146,26917.3508480785,-46881.6724651116,26915.7541079235,-46883.5472385114,26914.1573677684,-46885.4220119113,1,0,0,0
20140128091000.daq,120,9,1240.31666666667,1,0,right,0.303314108434904,319.628402709961,12,-0.000144416572301881,53.0025215148926,46.6445408457221,-0.175779983401299,0.245448231697083,0.115414880216122,3.20431391299346,26923.2601037308,-46886.7201369292,26921.6649793466,-46888.5962852768,26920.0698549623,-46890.4724336245,1,0,0,0
20140128091000.daq,120,9,1240.41666666667,1,0,right,0.291913259281216,319.645095825195,12,-0.000164723220041851,52.9984245300293,54.417971013565,1.09862494468689,0.246478363871574,0.153381749987602,3.26205648756544,26929.1706153143,-46891.7659601882,26927.5760376132,-46893.6425731954,26925.9814599122,-46895.5191862026,1,0,0,0
20140128091000.daq,120,9,1240.51666666667,1,0,right,0.298964360237903,319.642135620117,12,-0.000185312741146881,52.9935607910156,62.1907415890892,1.31834995746613,0.246674403548241,0.134398430585861,3.31089906393681,26935.08656795,-46896.8052092019,26933.4918932953,-46898.6817398222,26931.8972186405,-46900.5582704425,1,0,0,0
20140128091000.daq,120,9,1240.61666666667,1,0,right,0.317242216194131,319.626617431641,12,-0.000206183976650783,52.9882278442383,69.9627611888864,1.2744048833847,0.245748043060303,0.134398430585861,3.36196385215726,26941.0022532108,-46901.8452494036,26939.4070703685,-46903.7213480479,26937.8118875261,-46905.5974466921,1,0,0,0
20140128091000.daq,120,9,1240.71666666667,1,0,right,0.338611362716165,319.60676574707,12,-0.000227335763731105,52.9827041625977,77.7339821164496,1.31834995746613,0.245441541075706,0.191348642110825,3.40835876290581,26946.9197989555,-46906.8816562507,26945.3239661834,-46908.7572020878,26943.7281334113,-46910.6327479248,1,0,0,0
20140128091000.daq,120,9,1240.81666666667,1,0,right,0.360780577745004,319.584823608398,12,-0.00024876724134894,52.9769897460938,85.5043792879151,1.31834995746613,0.246444717049599,0.134398430585861,3.4601846781483,26952.8353465271,-46911.9221008695,26951.2387956082,-46913.7970354249,26949.6422446893,-46915.6719699802,1,0,0,0
20140128091000.daq,120,9,1240.91666666667,1,0,right,0.381331051764732,319.563217163086,12,-0.000270478275895752,52.97119140625,93.273928924973,1.36229491233826,0.245434939861298,0.314741164445877,3.50930225251291,26958.7489476172,-46916.958617918,26957.1516897673,-46918.832950275,26955.5544319173,-46920.7072826319,1,0,0,0
20140128091000.daq,120,9,1241.01666666667,1,0,right,0.403866851405155,319.538375854492,12,-0.000292469619401238,52.9654960632324,101.042636109662,1.53807497024536,0.245987355709076,0.172365307807922,3.56464583547878,26964.6585727421,-46921.9992447367,26963.0605024019,-46923.8728844062,26961.4624320616,-46925.7465240757,1,0,0,0
20140128091000.daq,120,9,1241.11666666667,1,0,right,0.431868911091954,319.506744384766,12,-0.000314743158460714,52.959831237793,108.810511239149,1.80174493789673,0.246325299143791,0.134398430585861,3.62365710626304,26970.5660985819,-46927.0442050652,26968.9669940988,-46928.9169621972,26967.3678896157,-46930.7897193292,1,0,0,0
20140128091000.daq,120,9,1241.21666666667,1,0,right,0.463209398267054,319.470565795898,12,-0.000337301598552147,52.9540824890137,116.577550303802,1.88963496685028,0.246112450957298,0.143890097737312,3.68407737910583,26976.4715725871,-46932.0894512302,26974.8712858976,-46933.9611982576,26973.270999208,-46935.832945285,1,0,0,0
20140128091000.daq,120,9,1241.31666666667,1,0,right,0.499380198813412,319.428192138672,12,-0.000360147917174799,52.9483032226563,124.343743046265,2.19724988937378,0.245818898081779,0.124906539916992,3.74935798443642,26982.373005636,-46937.1389929965,26980.7713351153,-46939.0095560043,26979.1696645946,-46940.8801190122,1,0,0,0
20140128091000.daq,120,9,1241.41666666667,1,0,right,0.550633761631502,319.369567871094,12,-0.000383285281919604,52.9425354003906,132.109088953672,2.94431495666504,0.245395004749298,0.153381749987602,3.8160522915056,26988.272133048,-46942.1895563752,26986.6685494312,-46944.0584795966,26985.0649658144,-46945.927402818,1,0,0,0
20140128091000.daq,120,9,1241.51666666667,1,0,right,0.618807516083564,319.292617797852,12,-0.000406717143520797,52.9366683959961,139.873583503489,3.42770981788635,0.24606628715992,0.143890097737312,3.89270880785984,26994.1650004809,-46947.2490832672,26992.5589082871,-46949.1158511394,26990.9528160934,-46950.9826190115,1,0,0,0
20140128091000.daq,120,9,1241.61666666667,1,0,right,0.693971948369949,319.207550048828,12,-0.000430447566229575,52.9306831359863,147.637207626438,3.20798492431641,0.246361210942268,0.153381749987602,3.97493295390609,27000.051825456,-46952.3130243239,26998.4429634202,-46954.1774055546,26996.8341013844,-46956.0417867853,1,0,0,0
20140128091000.daq,120,9,1241.71666666667,1,0,right,0.748989807317287,319.141372680664,12,-0.000454481956413316,52.9247283935547,155.399954282213,1.71385490894318,0.244938790798187,0.143890097737312,4.06500518836784,27005.9331956945,-46957.383588543,27004.3221813479,-46959.246110274,27002.7111670013,-46961.108632005,1,0,0,0
20140128091000.daq,120,9,1241.81666666667,1,0,right,0.772679483384252,319.105056762695,12,-0.000478827849533729,52.9188957214355,163.161836712155,0.703119993209839,0.245693683624268,0.124906539916992,4.16176477009899,27011.8074021893,-46962.4600883381,27010.1952076398,-46964.3215885821,27008.5830130904,-46966.183088826,1,0,0,0
20140128091000.daq,120,9,1241.91666666667,1,0,right,0.77435293542851,319.089691162109,12,-0.000503494899159419,52.9129829406738,170.922860464503,0.834954977035522,0.24612320959568,0.115414880216122,4.26414319248633,27017.6742535146,-46967.5391783179,27016.0615598054,-46969.4002461361,27014.4488660962,-46971.2613139542,1,0,0,0
20140128091000.daq,120,9,1242.01666666667,1,0,right,0.76855260434121,319.080291748047,12,-0.000528494311077175,52.9070281982422,178.68301145875,0.966789960861206,0.232157170772552,0.191348642110825,4.36511161520373,27023.539282118,-46972.6178935689,27021.926283121,-46974.4786967985,27020.313284124,-46976.339500028,1,0,0,0
20140128091000.daq,120,9,1242.11666666667,1,0,right,0.764611120098778,319.068008422852,12,-0.000553837614877229,52.9006652832031,186.442279997078,1.2744048833847,0.159603700041771,0.143890097737312,4.47398753257885,27029.3983880659,-46977.7046023688,27027.7849901787,-46979.5650597537,27026.1715922914,-46981.4255171385,1,0,0,0
20140128091000.daq,120,9,1242.21666666667,1,0,right,0.773510228676855,319.04133605957,12,-0.000579535186518408,52.8869323730469,194.200226180299,2.02146983146667,0.135841891169548,0.134398430585861,4.57869189360662,27035.2571782692,-46982.7883082427,27033.6429144757,-46984.6480143561,27032.0286506821,-46986.5077204695,1,0,0,0
20140128091000.daq,120,9,1242.31666666667,1,0,right,0.811240788823682,318.984848022461,12,-0.000605594865655904,52.8534469604492,201.954811226125,3.33981990814209,0.0685996264219284,0.143890097737312,4.68902464457827,27041.1094528098,-46987.8777914432,27039.4933563126,-46989.7359051468,27037.8772598155,-46991.5940188503,1,0,0,0
20140128091000.daq,120,9,1242.41666666667,1,0,right,0.893857719252765,318.882217407227,12,-0.000632021093696003,52.7974548339844,209.702828975947,4.92183971405029,0,0.172365307807922,4.8007052878164,27046.9548452454,-46992.9662615818,27045.3354230111,-46994.8214774858,27043.7160007768,-46996.6766933898,1,0,0,0
20140128091000.daq,120,9,1242.51666666667,1,0,right,1.0342804711928,318.728225708008,12,-0.000658814598473431,52.7165489196777,217.4407655049,6.37202453613281,0,0.0964315533638,4.92341670824798,27052.7873643875,-46998.0618526539,27051.1629618146,-46999.9127094027,27049.5385592417,-47001.7635661515,1,0,0,0
20140128091000.daq,120,9,1242.61666666667,1,0,right,1.29847611492448,318.522552490234,12,-0.000685972928633267,52.6273918151855,225.166083524906,7.29486989974976,0,0.115414880216122,5.06478824234616,27058.6011177168,-47003.1606691878,27056.9700816501,-47005.0056829472,27055.3390455834,-47006.8506967067,1,0,0,0
20140128091000.daq,120,9,1242.71666666667,1,0,right,1.52144159506383,318.281265258789,12,-0.000713491871685193,52.5355415344238,232.878086610581,7.3388147354126,0,4.97517585754395,5.23065300225259,27064.392530206,-47008.2695071381,27062.7537387988,-47010.107635846,27061.1149473915,-47011.945764554,1,0,0,0
20140128091000.daq,120,9,1242.81666666667,1,0,right,1.68033467621274,318.027206420898,12,-0.000741367233394285,52.4356918334961,240.576233501706,6.85541963577271,0,7.49997329711914,5.42157484289712,27070.1523349397,-47013.3947436983,27068.5054091072,-47015.225587691,27066.8584832748,-47017.0564316838,1,0,0,0
20140128091000.daq,120,9,1242.91666666667,1,0,right,1.74316253855812,317.792358398438,12,-0.000769596313577444,52.3085632324219,248.257853938048,5.49312448501587,0,7.77523279190063,5.62066881863287,27075.8793141435,-47018.5265702907,27074.224897773,-47020.3506483857,27072.5704814026,-47022.1747264807,1,0,0,0
20140128091000.daq,120,9,1243.01666666667,1,0,right,1.70423308796114,317.582397460938,12,-0.000798178137700829,52.1518363952637,255.918661571952,5.00972986221313,0,7.42403936386108,5.8229821111013,27081.5697099711,-47023.6685453289,27079.9086203721,-47025.4865485652,27078.247530773,-47027.3045518016,0,1,0,1
20140128091000.daq,120,9,1243.11666666667,1,0,right,1.61002083526677,317.378479003906,12,-0.000827112827051104,51.9673461914063,263.554326555342,5.62495994567871,0,6.68368530273438,6.01748429552263,27087.2191858589,-47028.8140331802,27085.5516364323,-47030.6261130165,27083.8840870056,-47032.4381928528,0,1,0,1
20140128091000.daq,120,9,1243.21666666667,1,0,right,1.49551484762384,317.160934448242,12,-0.000856400237691823,51.7817802429199,271.162396642612,6.37202453613281,0,5.3928108215332,6.20294059849384,27092.8292274028,-47033.9681615066,27091.1548097831,-47035.7738968301,27089.4803921635,-47037.5796321536,0,1,0,1
20140128091000.daq,120,9,1243.31666666667,1,0,right,1.36560018513336,316.916610717773,12,-0.000886038718241927,51.6242828369141,278.745154274104,7.29486989974976,0,5.30738592147827,6.3691177015153,27098.3995061452,-47039.1239284257,27096.7174036593,-47040.9225072119,27095.0353011735,-47042.7210859982,0,1,0,1
20140128091000.daq,120,9,1243.41666666667,1,0,right,1.21633821198958,316.642456054688,12,-0.000916024102870749,51.4933280944824,286.306856610739,8.34954929351807,0,5.76298809051514,6.51751658748522,27103.9318791788,-47044.2932327648,27102.2411899594,-47046.0837422976,27100.5505007401,-47047.8742518304,0,1,0,1
20140128091000.daq,120,9,1243.51666666667,1,0,right,1.06423790633841,316.330947875977,12,-0.00094634916404223,51.3777275085449,293.850716478424,9.58000946044922,0,6.56978464126587,6.64065020472694,27109.4261330067,-47049.4726213765,27107.7257341032,-47051.2539124791,27106.0253351996,-47053.0352035817,0,1,0,1
20140128091000.daq,120,9,1243.61666666667,1,0,right,0.888953207815916,315.990234375,12,-0.000977003643961921,51.2532157897949,301.377211821644,10.2391843795776,0,7.72777414321899,6.73912709579676,27114.8843891515,-47054.6732960842,27113.1734277983,-47056.4444442066,27111.4624664451,-47058.2155923289,0,1,0,1
20140128091000.daq,120,9,1243.71666666667,1,0,right,0.680274065729805,315.623504638672,12,-0.00100797451434738,51.1066665649414,308.883937998107,10.7665243148804,0,9.13254928588867,6.80717907383191,27120.3008382354,-47059.8911411466,27118.5785755231,-47061.6513018135,27116.8563128108,-47063.4114624803,0,1,0,1
20140128091000.daq,120,9,1243.81666666667,1,0,right,0.480590370768255,315.219161987305,12,-0.00103924635863182,50.9212074279785,316.366553410509,11.9969844818115,0,10.3379974365234,6.84386080405801,27125.6692882528,-47065.1268524106,27123.9346468817,-47066.8748151496,27122.2000055106,-47068.6227778886,0,1,0,1
20140128091000.daq,120,9,1243.91666666667,1,0,right,0.266075778235404,314.77424621582,12,-0.001070802146196,50.6845016479492,323.818286921844,13.095609664917,0,10.1007041931152,6.85266825590128,27130.9798467279,-47070.3805885298,27129.2316844325,-47072.1150287888,27127.483522137,-47073.8494690478,0,1,1,1
20140128091000.daq,120,9,1244.01666666667,1,0,right,0.033710300626467,314.296112060547,12,-0.00110262371393974,50.3989753723145,331.231581591215,13.447169303894,0,8.68643760681152,6.82298400155152,27136.2267963078,-47075.6440636897,27134.4642211199,-47077.3638552848,27132.701645932,-47079.0836468798,0,1,1,1
20140128091000.daq,120,9,1244.11666666667,1,0,right,-0.199915041010058,313.778930664063,12,-0.0011346920447174,50.0920372009277,338.600900936683,14.5018491744995,0,8.53456974029541,6.75994113570338,27141.4001607637,-47080.9215124802,27139.6221338615,-47082.6253243122,27137.8441069594,-47084.3291361441,0,1,1,1
20140128091000.daq,120,9,1244.21666666667,1,0,right,-0.42895862594105,313.224945068359,12,-0.00116698801734684,49.7972259521484,345.925885206045,15.3807497024536,0,7.08233737945557,6.66633138548899,27146.496034135,-47086.2127683208,27144.7016166606,-47087.8993092633,27142.9071991861,-47089.5858502058,0,1,1,1
20140128091000.daq,120,9,1244.31666666667,1,0,right,-0.68324927317633,312.634140014648,12,-0.00119949271972285,49.5312995910645,353.209534525624,16.3914833068848,0,6.51283407211304,6.53446615441317,27151.5143529912,-47091.5177991973,27149.7026404657,-47093.1857476822,27147.8909279402,-47094.8536961671,0,1,1,1
20140128091000.daq,120,9,1244.41666666667,1,0,right,-0.915133492217137,312.007400512695,12,-0.00123218680326896,49.3059577941895,360.457162047576,18.105339050293,0,7.48098945617676,6.36696948193849,27156.4570298971,-47096.8521410897,27154.6271809896,-47098.5001724605,27152.7973320821,-47100.1482038313,0,1,1,1
20140128091000.daq,120,9,1244.51666666667,1,0,right,-1.19522125219692,311.321350097656,12,-0.00126504923530105,49.0992126464844,367.673710308256,20.5662593841553,0,8.94271373748779,6.1697743364294,27161.3193852207,-47102.213234405,27159.4699346968,-47103.8392378439,27157.620484173,-47105.4652412828,0,1,1,1
20140128091000.daq,120,9,1244.61666666667,1,0,right,-1.33263404621505,310.572189331055,12,-0.00129805541573631,48.8677558898926,374.858388887966,22.7635097503662,0,9.63561058044434,5.94017037075347,27166.0992245914,-47107.612952108,27164.2286722473,-47109.2146350828,27162.3581199033,-47110.8163180575,0,1,1,1
20140128091000.daq,120,9,1244.71666666667,1,0,right,-1.44218978811614,309.764541625977,12,-0.00133117512329278,48.5998420715332,382.006463240716,24.3455295562744,0,9.8064603805542,5.6885198071573,27170.7906932917,-47113.0470345493,27168.8977500299,-47114.6221917577,27167.0048067681,-47116.197348966,0,0,1,0
20140128091000.daq,120,9,1244.81666666667,1,0,right,-1.44968788815868,308.871627807617,12,-0.00136437166791001,48.2955017089844,389.112538109213,26.3230533599854,0,9.92036151885986,5.42226319905673,27175.3810578327,-47118.5169459326,27173.4637977289,-47120.0624128904,27171.5465376251,-47121.6078798482,0,0,1,0
20140128091000.daq,120,9,1244.91666666667,1,0,right,-1.3816343458011,307.90234375,12,-0.00139760290552076,47.9628982543945,396.171747327389,28.2566337585449,0,9.03763103485107,5.14991358079625,27179.8645334729,-47124.018128527,27177.9214039907,-47125.5309412182,27175.9782745084,-47127.0437539094,0,0,1,0
20140128091000.daq,120,9,1245.01666666667,1,0,right,-1.26957792905853,306.882202148438,12,-0.00143082330174262,47.6293449401855,403.181651611245,28.2566337585449,0,7.17725467681885,4.88106188587947,27184.232025353,-47129.5568024924,27182.2622699109,-47131.0347801383,27180.2925144688,-47132.5127577842,0,0,1,0
20140128091000.daq,120,9,1245.11666666667,1,0,right,-1.1382441308084,305.849014282227,12,-0.00146398683639064,47.327522277832,410.144619609171,27.1140632629395,0,5.66807126998901,4.61822535081496,27188.4788803354,-47135.1268288901,27186.4827949074,-47136.5690484946,27184.4867094795,-47138.0112680992,0,0,1,0
20140128091000.daq,120,9,1245.21666666667,1,0,right,-0.996245049331606,304.844390869141,12,-0.00149704991510822,47.0800018310547,417.067159171347,26.8064479827881,0,6.00977277755737,4.36357821720037,27192.6065969884,-47140.7297621036,27190.5855318285,-47142.1367624742,27188.5644666686,-47143.5437628447,0,0,1,0
20140128091000.daq,120,9,1245.31666666667,1,0,right,-0.935546973028863,303.884201049805,12,-0.00152997313674313,46.8843383789063,423.957396846337,26.8064479827881,0,7.3291220664978,4.12855714921911,27196.6139138729,-47146.3803937438,27194.5695544356,-47147.7533281613,27192.5251949984,-47149.1262625788,0,0,1,0
20140128091000.daq,120,9,1245.41666666667,1,0,right,-0.869454562542387,302.946090698242,12,-0.00156272241086717,46.707763671875,430.820918677593,26.8064479827881,0,7.87964153289795,3.91418151204426,27200.5040104684,-47152.0800044016,27198.4374468419,-47153.4192837605,27196.3708832154,-47154.7585631194,0,0,1,0
20140128091000.daq,120,9,1245.51666666667,1,0,right,-0.801642942289504,302.005508422852,12,-0.00159526880619443,46.5135612487793,437.657433963323,26.8064479827881,0,7.95557594299316,3.71534093223556,27204.2779423293,-47157.8260314486,27202.1896721919,-47159.131206631,27200.1014020545,-47160.4363818133,0,0,1,0
20140128091000.daq,120,9,1245.61666666667,1,0,right,-0.696271072697243,301.062210083008,12,-0.00162758660880844,46.2975082397461,444.463822566569,26.9382839202881,0,7.59489059448242,3.53199668173024,27207.9376560588,-47163.6106569044,27205.8281819379,-47164.8812761852,27203.718707817,-47166.151895466,0,0,1,0
20140128091000.daq,120,9,1245.71666666667,1,0,right,-0.609616621918008,300.112915039063,12,-0.00165965099947675,46.0720901489258,451.237560114096,27.2019538879395,0,6.81656885147095,3.3617832794913,27211.4830198001,-47169.4262207853,27209.3527841389,-47170.6617168197,27207.2225484777,-47171.8972128542,0,0,1,0
20140128091000.daq,120,9,1245.81666666667,1,0,right,-0.543612608188312,299.157470703125,12,-0.00169143591633524,45.8598823547363,457.979024075321,27.2898445129395,0,6.00977277755737,3.19610252772331,27214.9179283204,-47175.2727051265,27212.7673870934,-47176.4725079663,27210.6168458664,-47177.6723108062,0,0,1,0
20140128091000.daq,120,9,1245.91666666667,1,0,right,-0.436076393268536,298.202514648438,12,-0.00172291274864226,45.6740760803223,464.691104030659,27.2898445129395,0,0.523559093475342,3.04508236507823,27218.2407079229,-47181.1497457254,27216.0704690509,-47182.3135402356,27213.9002301789,-47183.4773347458,0,0,1,0
20140128091000.daq,120,9,1246.01666666667,1,0,right,-0.360809604397446,297.262069702148,12,-0.00175405021010979,45.5220947265625,471.378515829783,27.2898445129395,0,-0.0839111730456352,2.90478565548846,27221.4519835308,-47187.0566267433,27219.2629354962,-47188.1846440861,27217.0738874616,-47189.3126614289,0,0,1,0
20140128091000.daq,120,9,1246.11666666667,1,0,right,-0.260856743036868,296.341522216797,12,-0.00178481488105401,45.3947143554688,478.045510479264,27.2898445129395,0,-0.00797741673886776,2.77592847938486,27224.5559479779,-47192.9970061856,27222.349059866,-47194.0897089289,27220.1421717542,-47195.1824116722,0,0,1,0
20140128091000.daq,120,10,1265.91666666667,1,0,right,1.22711181640625,178.772888183594,12,0.0001,46.7754402160645,0,3.20798492431641,0.306532859802246,0.086939662694931,2.77200914002997,26483.9341239811,-47846.164479142,26483.986861609,-47843.7024529102,26484.0395992368,-47841.2404266784,1,0,0,0
20140128091000.daq,120,10,1266.01666666667,1,0,right,1.30197143554688,178.698028564453,12,0.0001,46.8405303955078,6.86518598825205,2.98825979232788,0.307039678096771,0.0774480029940605,2.90865757403639,26477.0691048729,-47846.0152826683,26477.1250592075,-47843.5533274421,26477.181013542,-47841.0913722159,1,0,0,0
20140128091000.daq,120,10,1266.11666666667,1,0,right,1.36858367919922,178.631416320801,12,0.0001,46.9057083129883,13.7399238263606,2.63669991493225,0.307210117578506,0.0679563358426094,3.06566080944725,26470.1945167279,-47845.858785762,26470.2533333005,-47843.3968972523,26470.312149873,-47840.9350087426,1,0,0,0
20140128091000.daq,120,10,1266.21666666667,1,0,right,1.43022918701172,178.569770812988,12,0.0001,46.971019744873,20.6242320707825,2.63669991493225,0.307444483041763,0.105923220515251,3.2289468357616,26463.3102821807,-47845.6947844289,26463.3717475066,-47843.2329606258,26463.4332128324,-47840.7711368228,1,0,0,0
20140128091000.daq,120,10,1266.31666666667,1,0,right,1.49067687988281,178.509323120117,12,0.0001,47.0363922119141,27.5181241959217,2.63669991493225,0.308173805475235,0.0774480029940605,3.40048018502058,26456.4163136578,-47845.5230438248,26456.4803762008,-47843.0612862384,26456.5444387438,-47840.599528652,1,0,0,0
20140128091000.daq,120,10,1266.41666666667,1,0,right,1.54904174804688,178.450958251953,12,0.0001,47.1018409729004,34.4216088738322,2.59275484085083,0.30858439207077,0.086939662694931,3.58378523001405,26449.5126311951,-47845.3397130461,26449.5792013963,-47842.8780219949,26449.6457715974,-47840.4163309436,1,0,0,0
20140128091000.daq,120,10,1266.51666666667,1,0,right,1.60655212402344,178.393447875977,12,0.0001,47.1674346923828,41.3347026094998,2.59275484085083,0.309013962745667,0.0964315533638,3.77095294719093,26442.6011594627,-47845.1525280249,26442.670200541,-47842.6909050333,26442.7392416193,-47840.2292820416,1,0,0,0
20140128091000.daq,120,10,1266.61666666667,1,0,right,1.66461944580078,178.335380554199,12,0.0001,47.2332344055176,48.2574314192025,2.59275484085083,0.30895209312439,0.086939662694931,3.96587144200918,26435.6799130237,-47844.9574943871,26435.7514488372,-47842.4959426304,26435.8229846508,-47840.0343908737,1,0,0,0
20140128091000.daq,120,10,1266.71666666667,1,0,right,1.72189331054688,178.278106689453,12,0.0001,47.2992401123047,55.1898271006357,2.63669991493225,0.30905556678772,0.0679563358426094,4.16844695994183,26428.7489226611,-47844.7546965022,26428.8229190487,-47842.2932174838,26428.8969154363,-47839.8317384654,1,0,0,0
20140128091000.daq,120,10,1266.81666666667,1,0,right,1.78196716308594,178.218032836914,12,0.0001,47.3653335571289,62.1319113340724,2.68064475059509,0.308845520019531,0.086939662694931,4.37895313828535,26421.8081068246,-47844.5439097443,26421.8846839986,-47842.082509663,26421.9612611727,-47839.6211095818,1,0,0,0
20140128091000.daq,120,10,1266.91666666667,1,0,right,1.84112548828125,178.158874511719,12,0.0001,47.4314346313477,69.0836912530212,2.59275484085083,0.3096704185009,0.0394811220467091,4.59727363593093,26414.8575499796,-47844.325366326,26414.9366685265,-47841.8640466233,26415.0157870735,-47839.4027269206,1,0,0,0
20140128091000.daq,120,10,1267.01666666667,1,0,right,1.89502716064453,178.104972839355,12,0.0001,47.4975090026855,76.0451629876334,2.2411949634552,0.309923827648163,0.0774480029940605,4.82330054544604,26407.8973497357,-47844.0993379493,26407.9787837625,-47841.6380937675,26408.0602177893,-47839.1768495856,1,0,0,0
20140128091000.daq,120,10,1267.11666666667,1,0,right,1.93229675292969,178.06770324707,12,0.0001,47.5636367797852,83.0163287292526,1.09862494468689,0.30981320142746,0.086939662694931,5.0521424845606,26400.9297140196,-47843.8704431691,26401.0127490121,-47841.4092524789,26401.0957840045,-47838.9480617887,1,0,0,0
20140128091000.daq,120,10,1267.21666666667,1,0,right,1.93894195556641,178.061058044434,12,0.0001,47.629825592041,89.9971971499908,0,0.309715747833252,0.143890097737312,5.28672112576287,26393.9530021129,-47843.6356522641,26394.0363225553,-47841.1744712209,26394.1196429977,-47838.7132901777,1,0,0,0
20140128091000.daq,120,10,1267.31666666667,1,0,right,1.92722320556641,178.072776794434,12,0.0001,47.6960487365723,96.9877776213107,-0.131834983825684,0.309870481491089,0.0679563358426094,5.52842324230337,26386.9669374977,-47843.3941981968,26387.0497545511,-47840.9330001636,26387.1325716045,-47838.4718021303,1,0,0,0
20140128091000.daq,120,10,1267.41666666667,1,0,right,1.89208221435547,178.107917785645,12,0.0001,47.7622146606445,103.988067811995,-1.49412989616394,0.309989601373672,0.086939662694931,5.76444246301032,26379.9735879584,-47843.1581159668,26380.0548954796,-47840.6968676025,26380.1362030007,-47838.2356192383,0,1,0,1
20140128091000.daq,120,10,1267.51666666667,1,0,right,1.78984832763672,178.210151672363,12,0.0001,47.8282127380371,110.998052196199,-4.87789487838745,0.309736013412476,0.105923220515251,6.00046570036478,26372.9719908409,-47842.9223231985,26373.0489065854,-47840.4609336739,26373.1258223299,-47837.9995441493,0,1,0,1
20140128091000.daq,120,10,1267.61666666667,1,0,right,1.62667083740234,178.373329162598,12,0.0001,47.8937568664551,118.017684009857,-6.67963981628418,0.309674143791199,0.124906539916992,6.2251481537773,26365.9620282469,-47842.6981463878,26366.0319336898,-47840.2365477909,26366.1018391327,-47837.7749491939,0,1,0,1
20140128091000.daq,120,10,1267.71666666667,1,0,right,1.38687133789063,178.613128662109,12,0.0001,47.9587631225586,125.04689434242,-8.8768892288208,0.309375315904617,0.134398430585861,6.43344702406584,26358.9460475591,-47842.4904577454,26359.0056499138,-47840.0285881342,26359.0652522685,-47837.5667185229,0,1,0,1
20140128091000.daq,120,10,1267.81666666667,1,0,right,1.09168243408203,178.908317565918,12,0.0001,48.0229225158691,132.0855771239,-10.0194597244263,0.309994548559189,0.0964315533638,6.61871064838259,26351.9216584423,-47842.3057257657,26351.9685764649,-47839.8435817564,26352.0154944875,-47837.3814377471,0,1,0,1
20140128091000.daq,120,10,1267.91666666667,1,0,right,0.751152038574219,179.248847961426,12,0.0001,48.0862121582031,139.13360702846,-10.8544139862061,0.309991896152496,0.115414880216122,6.76980939748254,26344.8906282552,-47842.1550247411,26344.9229120862,-47839.6926453678,26344.9551959171,-47837.2302659946,0,1,0,1
20140128091000.daq,120,10,1268.01666666667,1,0,right,0.389533996582031,179.610466003418,12,0.0001,48.1487312316895,146.190859476308,-10.7225790023804,0.309017181396484,0.143890097737312,6.88433509219444,26337.8504674644,-47842.0407384926,26337.8672096316,-47839.5782044069,26337.8839517989,-47837.1156703212,0,1,0,1
20140128091000.daq,120,10,1268.11666666667,1,0,right,0.026580810546875,179.973419189453,12,0.0001,48.2107582092285,153.257242664389,-10.1952390670776,0.309746563434601,0.153381749987602,6.95968209035511,26330.8007152407,-47841.9655421114,26330.8018576925,-47839.5029513785,26330.8030001442,-47837.0403606455,0,1,0,1
20140128091000.daq,120,10,1268.21666666667,1,0,right,-0.331840515136719,180.331840515137,12,0.0001,48.2723426818848,160.332690805997,-10.063404083252,0.310553967952728,0.124906539916992,6.99239020042055,26323.7412264461,-47841.9329786425,26323.726963914,-47839.4704289468,26323.7127013818,-47837.0078792512,0,1,0,1
20140128091000.daq,120,10,1268.31666666667,1,0,right,-0.682540893554688,180.682540893555,12,0.0001,48.3336982727051,167.41715056308,-9.7557897567749,0.310291767120361,0.086939662694931,6.98198931142304,26316.673867859,-47841.9428532143,26316.6445327261,-47839.480436947,26316.6151975932,-47837.0180206797,0,1,0,1
20140128091000.daq,120,10,1268.41666666667,1,0,right,-1.01428985595703,181.014289855957,12,0.0001,48.3951301574707,174.510611398568,-8.56927490234375,0.309416830539703,0.0015142448246479,6.92619211732709,26309.594435765,-47841.9983858999,26309.5508435383,-47839.5361807619,26309.5072513116,-47837.073975624,0,1,0,1
20140128091000.daq,120,10,1268.51666666667,1,0,right,-1.30833435058594,181.308334350586,12,0.0001,48.4568099975586,181.613101147086,-7.03119945526123,0.309986591339111,0.124906539916992,6.82938752506718,26302.5082814737,-47842.0945302735,26302.45205373,-47839.6325812764,26302.3958259863,-47837.1706322793,0,1,0,1
20140128091000.daq,120,10,1268.61666666667,1,0,right,-1.55074310302734,181.550743103027,12,0.0001,48.518726348877,188.724653238169,-5.2294545173645,0.310045838356018,0.105923220515251,6.69315936484218,26295.4091440629,-47842.2304496295,26295.3425007637,-47839.768760556,26295.2758574645,-47837.3070714826,0,1,0,1
20140128091000.daq,120,10,1268.71666666667,1,0,right,-1.73473358154297,181.734733581543,12,0.0001,48.5809669494629,195.845309866738,-3.25192975997925,0.309814363718033,0.086939662694931,6.52889763187185,26288.3007101979,-47842.3940281952,26288.2261621823,-47839.9325658215,26288.1516141668,-47837.4711034479,0,1,0,1
20140128091000.daq,120,10,1268.81666666667,1,0,right,-1.85990905761719,181.859909057617,12,0.0001,48.6435050964355,202.975118076545,-1.71385490894318,0.309808701276779,0.0774480029940605,6.33356273659451,26281.1809817875,-47842.5891627291,26281.1010563377,-47840.1278690965,26281.0211308879,-47837.6665754639,0,1,0,1
20140128091000.daq,120,10,1268.91666666667,1,0,right,-1.93199920654297,181.931999206543,12,0.0001,48.7061767578125,210.114108965936,-0.439449965953827,0.309853315353394,0.0964315533638,6.12197756117158,26274.0500879998,-47842.8005875084,26273.9670657888,-47840.339396387,26273.8840435777,-47837.8782052657,0,1,0,1
20140128091000.daq,120,10,1269.01666666667,1,0,right,-1.98133087158203,181.981330871582,12,0.0001,48.7688941955566,217.262298154077,-0.659174978733063,0.310295879840851,0.0774480029940605,5.89601231804076,26266.9088260447,-47843.0262488806,26266.8236847792,-47840.5651301536,26266.7385435137,-47838.1040114266,0,1,0,1
20140128091000.daq,120,10,1269.11666666667,1,0,right,-2.02611541748047,182.02611541748,12,0.0001,48.8315505981445,224.41968153794,-0.878899931907654,0.310824364423752,0.105923220515251,5.65484909253876,26259.7596325127,-47843.267257275,26259.67256757,-47840.8062058495,26259.5855026273,-47838.3451544239,0,0,0,0
20140128091000.daq,120,10,1269.21666666667,1,0,right,-2.06657409667969,182.06657409668,12,0.0001,48.8942031860352,231.586252636829,-0.307614982128143,0.310664355754852,0.0964315533638,5.41010053776227,26252.5986064324,-47843.5119076917,26252.5098036717,-47841.0509183595,26252.421000911,-47838.5899290273,0,0,0,0
20140128091000.daq,120,10,1269.31666666667,1,0,right,-2.07725524902344,182.077255249023,12,0.0001,48.9569282531738,238.762017511865,1.66990995407104,0.310639351606369,0.134398430585861,5.15944082097058,26245.428970839,-47843.7625577777,26245.3397092991,-47841.301585043,26245.2504477591,-47838.8406123083,0,0,0,0
20140128091000.daq,120,10,1269.41666666667,1,0,right,-2.03361511230469,182.033615112305,12,0.0001,49.0196914672852,245.946986094015,4.04293966293335,0.311533808708191,0.115414880216122,4.9122296648584,26238.2481144382,-47844.0099013757,26238.1607273585,-47841.5488613675,26238.0733402788,-47839.0878213594,0,0,0,0
20140128091000.daq,120,10,1269.51666666667,1,0,right,-1.93538665771484,181.935386657715,12,0.0001,49.0823974609375,253.141156937912,5.36128950119019,0.311704486608505,0.086939662694931,4.66457085890563,26231.0560376694,-47844.257825147,26230.9728699475,-47841.7966389384,26230.8897022256,-47839.3354527297,0,0,0,0
20140128091000.daq,120,10,1269.61666666667,1,0,right,-1.79148864746094,181.791488647461,12,0.0001,49.1450462341309,260.34451987948,6.5478048324585,0.311503797769547,0.0584646798670292,4.42372152751555,26223.8529939863,-47844.499053122,26223.7760077747,-47842.0376658004,26223.6990215632,-47839.5762784789,0,0,0,0
20140128091000.daq,120,10,1269.71666666667,1,0,right,-1.60733795166016,181.60733795166,12,0.0001,49.2075004577637,267.557060931504,7.29486989974976,0.311676412820816,0.0774480029940605,4.19721617205317,26216.6371937598,-47844.7260945776,26216.5681189197,-47842.2644725331,26216.4990440795,-47839.8028504886,0,0,0,0
20140128091000.daq,120,10,1269.81666666667,1,0,right,-1.42155456542969,181.42155456543,12,0.0001,49.2696800231934,274.778739297748,6.10835456848145,0.311791926622391,0.0774480029940605,3.99058645950563,26209.4116214277,-47844.9334893524,26209.3505288244,-47842.4716562717,26209.2894362211,-47840.009823191,0,0,0,0
20140128091000.daq,120,10,1269.91666666667,1,0,right,-1.24188232421875,181.241882324219,12,0.0001,49.3316535949707,282.009523180575,5.97651958465576,0.310418546199799,0.086939662694931,3.80241203980342,26202.1764786846,-47845.1217114325,26202.1231063629,-47842.659698878,26202.0697340412,-47840.1976863235,0,0,0,0
20140128091000.daq,120,10,1270.01666666667,1,0,right,-1.07351684570313,181.073516845703,12,0.0001,49.3933639526367,289.249377565211,5.62495994567871,0.310902327299118,0.086939662694931,3.63724057254441,26194.9318957677,-47845.287174777,26194.8857583686,-47842.8250160161,26194.8396209695,-47840.3628572552,0,0,0,0
20140128091000.daq,120,10,1270.11666666667,1,0,right,-0.920913696289063,180.920913696289,12,0.0001,49.4549331665039,296.498269348507,5.00972986221313,0.330356001853943,0.0964315533638,3.49067751357199,26187.677980545,-47845.4340618271,26187.6384010829,-47842.9717889158,26187.5988216208,-47840.5095160045,0,0,0,0
20140128091000.daq,120,10,1270.21666666667,1,0,right,-0.774551391601563,180.774551391602,12,0.0001,49.5172157287598,303.756218392315,5.09761953353882,0.354522377252579,0.105923220515251,3.36704120145168,26180.4164363801,-47845.5578845169,26180.3831469266,-47843.0955185336,26180.3498574731,-47840.6331525503,0,0,0,0
20140128091000.daq,120,10,1270.31666666667,1,0,right,-0.631980895996094,180.631980895996,12,0.0001,49.5842704772949,311.023589670804,5.05367469787598,0.364091664552689,0.086939662694931,3.26249066640537,26173.1432922328,-47845.6623997183,26173.1161300418,-47843.1999585233,26173.0889678507,-47840.7375173283,0,0,0,0
20140128091000.daq,120,10,1270.41666666667,1,0,right,-0.490219116210938,180.490219116211,12,0.0001,49.6603660583496,318.30142658652,5.18550968170166,0.363590449094772,0.105923220515251,3.17786446574452,26165.8623777178,-47845.7474245072,26165.8413081999,-47843.2849236445,26165.8202386819,-47840.8224227818,0,0,0,0
20140128091000.daq,120,10,1270.51666666667,1,0,right,-0.34130859375,180.34130859375,12,0.0001,49.7460823059082,325.591144090256,5.75679492950439,0.363599807024002,0.105923220515251,3.10936065989767,26158.5676345223,-47845.8163748178,26158.5529650561,-47843.3538275127,26158.53829559,-47840.8912802075,0,0,0,0
20140128091000.daq,120,10,1270.61666666667,1,0,right,-0.179611206054688,180.179611206055,12,0.0001,49.8394432067871,332.894022575289,6.24018955230713,0.363385885953903,0.086939662694931,3.06063381671099,26151.2589263865,-47845.8649951186,26151.2512066518,-47843.4024162205,26151.2434869172,-47840.9398373225,0,0,0,0
20140128091000.daq,120,10,1270.71666666667,1,0,right,-0.00449371337890625,180.004493713379,12,0.0001,49.938175201416,340.211012522239,6.5478048324585,0.362814664840698,0.0774480029940605,3.0324758269766,26143.9362444488,-47845.8932436698,26143.9360513076,-47843.4306526794,26143.9358581663,-47840.968061689,0,0,0,0
20140128091000.daq,120,10,1270.81666666667,1,0,right,0.179206848144531,179.820793151855,12,0.0001,50.040397644043,347.542758976691,6.76752948760986,0.364404588937759,0.0489727854728699,3.02581103971507,26136.597761192,-47845.8975105523,26136.6054635473,-47843.4349315999,26136.6131659026,-47840.9723526474,0,0,0,0
20140128091000.daq,120,10,1270.91666666667,1,0,right,0.366996765136719,179.633003234863,12,0.0001,50.1447410583496,354.889665843963,6.5478048324585,0.363279730081558,0.115414880216122,3.03925437866699,26129.243590451,-47845.8858847438,26129.2593639819,-47843.4233442631,26129.2751375129,-47840.9608037824,0,0,0,0
20140128091000.daq,120,10,1271.01666666667,1,0,right,0.541168212890625,179.458831787109,12,0.0001,50.250415802002,362.251981864028,5.84468460083008,0.362933784723282,0.153381749987602,3.07737773440392,26121.8741595792,-47845.8477449754,26121.8974188169,-47843.3852638219,26121.9206780546,-47840.9227826684,0,0,0,0
20140128091000.daq,120,10,1271.11666666667,1,0,right,0.708343505859375,179.291656494141,12,0.0001,50.3568496704102,369.629859031789,5.75679492950439,0.36399245262146,0.0489727854728699,3.138364174032,26114.4893031583,-47845.786589411,26114.5197472141,-47843.3241866042,26114.5501912698,-47840.8617837974,0,0,0,0
20140128091000.daq,120,10,1271.21666666667,1,0,right,0.870033264160156,179.12996673584,12,0.0001,50.463565826416,377.023371526258,5.80073976516724,0.364086538553238,0.0584646798670292,3.22267260816742,26107.0909348298,-47845.7023257061,26107.1283277017,-47843.2400186179,26107.1657205737,-47840.7777115297,0,0,0,0
20140128091000.daq,120,10,1271.31666666667,1,0,right,1.03291320800781,178.967086791992,12,0.0001,50.5703392028809,384.432541960239,5.97651958465576,0.363235026597977,0.0679563358426094,3.32599188872233,26099.6749888081,-47845.5984459035,26099.7193813447,-47843.1362550648,26099.7637738813,-47840.6740642262,0,0,0,0
20140128091000.daq,120,10,1271.41666666667,1,0,right,1.19618225097656,178.803817749023,12,0.0001,50.677074432373,391.857370660029,5.75679492950439,0.363025337457657,0.086939662694931,3.45301609332927,26092.2453906619,-47845.4710934975,26092.2967992244,-47843.0090391554,26092.3482077868,-47840.5469848134,0,0,0,0
20140128091000.daq,120,10,1271.51666666667,1,0,right,1.347412109375,178.652587890625,12,0.0001,50.7835960388184,399.297839348947,4.96578454971313,0.362457036972046,0.0774480029940605,3.59887101044597,26084.800474821,-47845.3249497164,26084.8583816882,-47842.8630396412,26084.9162885554,-47840.4011295661,0,0,0,0
20140128091000.daq,120,10,1271.61666666667,1,0,right,1.47408294677734,178.525917053223,12,0.0001,50.8899269104004,406.753916882109,4.04293966293335,0.363509982824326,0.086939662694931,3.76280047233355,26077.3405230747,-47845.1607981597,26077.4038726438,-47842.6990221229,26077.467222213,-47840.2372460861,0,0,0,0
20140128091000.daq,120,10,1271.71666666667,1,0,right,1.5902099609375,178.409790039063,12,0.0001,50.9959564208984,414.225569083937,4.30660963058472,0.36391818523407,0.0489727854728699,3.94973695568813,26069.8671579039,-47844.9738611557,26069.9354968641,-47842.512218572,26070.0038358243,-47840.0505759883,0,0,0,0
20140128091000.daq,120,10,1271.81666666667,1,0,right,1.71269226074219,178.287307739258,12,0.0001,51.1015510559082,421.712742476477,5.09761953353882,0.364391952753067,0.0584646798670292,4.15221014049948,26062.3780379748,-47844.7708965782,26062.451639076,-47842.3094057086,26062.5252401771,-47839.8479148389,0,0,0,0
20140128091000.daq,120,10,1271.91666666667,1,0,right,1.85147857666016,178.14852142334,12,0.0001,51.2066955566406,429.21536880199,5.58101463317871,0.3631691634655,0.0774480029940605,4.37141054656478,26054.8748943221,-47844.5512812183,26054.9544576171,-47842.0899758521,26055.0340209121,-47839.628670486,0,0,0,0
20140128091000.daq,120,10,1272.01666666667,1,0,right,1.99860382080078,178.001396179199,12,0.0001,51.3114013671875,436.733385071144,5.31734466552734,0.363889843225479,0.0584646798670292,4.61065242391199,26047.3540066222,-47844.3116049162,26047.4398898369,-47841.8505119686,26047.5257730517,-47839.3894190209,0,0,0,0
20140128091000.daq,120,10,1272.11666666667,1,0,right,2.12676239013672,177.873237609863,12,0.0001,51.4156227111816,444.266722280183,3.73532485961914,0.363651484251022,0.0584646798670292,4.86471486429726,26039.8198929777,-47844.0574837041,26039.9112809186,-47841.5965890157,26040.0026688595,-47839.1356943272,0,0,0,0
20140128091000.daq,120,10,1272.21666666667,1,0,right,2.20789337158203,177.792106628418,12,0.0001,51.5194931030273,451.81531837229,1.7577999830246,0.36389097571373,0.0679563358426094,5.13494288773677,26032.2731675522,-47843.7867736037,26032.368040034,-47841.3260107879,26032.4629125157,-47838.8652479721,0,0,0,0
20140128091000.daq,120,10,1272.31666666667,1,0,right,2.24662780761719,177.753372192383,12,0.0001,51.6230163574219,459.379124718471,0.878899991512299,0.363486409187317,0.086939662694931,5.4184479582534,26024.7137152714,-47843.5030949202,26024.8102513139,-47841.0423968046,26024.9067873565,-47838.5816986891,0,0,0,0
20140128091000.daq,120,10,1272.41666666667,1,0,right,2.24933624267578,177.750663757324,12,0.0001,51.7260971069336,466.958082245881,-0.0878899917006493,0.364170104265213,0.086939662694931,5.71168018529872,26017.1394365516,-47843.2099563272,26017.236088914,-47840.7492627778,26017.3327412763,-47838.2885692283,0,1,0,1
20140128091000.daq,120,10,1272.51666666667,1,0,right,2.16905975341797,177.830940246582,12,0.0001,51.828784942627,474.552127965217,-4.96578454971313,0.363657355308533,0.124906539916992,6.00760815077622,26009.5552799293,-47842.9142079228,26009.6484845471,-47840.4533813701,26009.7416891649,-47837.9925548174,0,1,0,1
20140128091000.daq,120,10,1272.61666666667,1,0,right,1.97482299804688,178.025177001953,12,0.0001,51.9308967590332,482.161200612332,-9.00872421264648,0.362302333116531,0.105923220515251,6.29666960690897,26001.9580555935,-47842.6255937689,26002.0429173152,-47840.1644653871,26002.1277790369,-47837.7033370053,0,1,0,1
20140128091000.daq,120,10,1272.71666666667,1,0,right,1.67046356201172,178.329536437988,12,0.0001,52.0317726135254,489.785164277724,-11.1180839538574,0.363648384809494,0.134398430585861,6.5715965111536,25994.3516549182,-47842.3516604886,25994.4234418073,-47839.8901160414,25994.4952286965,-47837.4285715941,0,1,0,1
20140128091000.daq,120,10,1272.81666666667,1,0,right,1.28779602050781,178.712203979492,12,0.0001,52.1310539245605,497.423808779538,-12.3485441207886,0.363647788763046,0.105923220515251,6.81416060165065,25986.7334959859,-47842.1099162492,25986.7888412121,-47839.6479472548,25986.8441864383,-47837.1859782604,0,1,0,1
20140128091000.daq,120,10,1272.91666666667,1,0,right,0.856132507324219,179.143867492676,12,0.0001,52.228816986084,505.076900623899,-12.8758840560913,0.362945318222046,0.0774480029940605,7.01835983302978,25979.1010292213,-47841.9063147138,25979.1378247021,-47839.443998626,25979.1746201828,-47836.9816825382,0,1,0,1
20140128091000.daq,120,10,1273.01666666667,1,0,right,0.412193298339844,179.58780670166,12,0.0001,52.3251914978027,512.744227018062,-12.1288194656372,0.363656520843506,0.172365307807922,7.17481467023583,25971.4534358303,-47841.7502719628,25971.4711518778,-47839.2877446908,25971.4888679253,-47836.8252174189,0,1,0,1
20140128091000.daq,120,10,1273.11666666667,1,0,right,-0.0082244873046875,180.008224487305,12,0.0001,52.4205894470215,520.425610230566,-10.458909034729,0.362964063882828,0.105923220515251,7.27786560870168,25963.7918049438,-47841.6473804421,25963.7914514527,-47839.1847894695,25963.7910979616,-47836.7221984969,0,1,0,1
20140128091000.daq,120,10,1273.21666666667,1,0,right,-0.394889831542969,180.394889831543,12,0.0001,52.5156021118164,528.120951744582,-9.62395477294922,0.363059729337692,0.115414880216122,7.32431580749545,25956.1158480366,-47841.6009271857,25956.0988756792,-47839.1383946757,25956.0819033219,-47836.6758621658,0,1,0,1
20140128091000.daq,120,10,1273.31666666667,1,0,right,-0.751472473144531,180.751472473145,12,0.0001,52.6104011535645,535.830210390908,-8.9647798538208,0.363205879926682,0.105923220515251,7.31762577542952,25948.4217094297,-47841.6072473534,25948.3894118276,-47839.1448681608,25948.3571142254,-47836.6824889682,0,1,1,1
20140128091000.daq,120,10,1273.41666666667,1,0,right,-1.07810974121094,181.078109741211,12,0.0001,52.7053413391113,543.553379595542,-7.95404481887817,0.362478166818619,0.124906539916992,7.26185535353469,25940.7152171157,-47841.6624564118,25940.6688823472,-47839.2003013572,25940.6225475788,-47836.7381463027,0,1,1,1
20140128091000.daq,120,10,1273.51666666667,1,0,right,-1.37153625488281,181.371536254883,12,0.0001,52.8004760742188,551.290488638464,-7.07514476776123,0.362281948328018,0.115414880216122,7.15768862734232,25932.9923480382,-47841.7663670019,25932.9334045993,-47839.3044815264,25932.8744611604,-47836.8425960509,0,1,1,1
20140128091000.daq,120,10,1273.61666666667,1,0,right,-1.63047790527344,181.630477905273,12,0.0001,52.8957595825195,559.041561857521,-5.97651958465576,0.362147450447083,0.134398430585861,7.01208822097798,25925.256943439,-47841.9111015521,25925.1868744332,-47839.4495076055,25925.1168054274,-47836.987913659,0,1,1,1
20140128091000.daq,120,10,1273.71666666667,1,0,right,-1.85939025878906,181.859390258789,12,0.0001,52.9911804199219,566.806621958705,-5.40523481369019,0.363699942827225,0.0964315533638,6.82576389784451,25917.5051867494,-47842.0969436022,25917.4252835861,-47839.635649246,25917.3453804227,-47837.1743548898,0,1,1,1
20140128091000.daq,120,10,1273.81666666667,1,0,right,-2.077392578125,182.077392578125,12,0.0001,53.0864944458008,574.585672019195,-5.84468460083008,0.363063931465149,0.124906539916992,6.60492408425398,25909.7395213956,-47842.3172536356,25909.6502539571,-47839.8562811149,25909.5609865185,-47837.3953085941,0,1,1,1
20140128091000.daq,120,10,1273.91666666667,1,0,right,-2.29199981689453,182.291999816895,12,0.0001,53.1815643310547,582.378683691437,-5.58101463317871,0.36323419213295,0.0584646798670292,6.34885487445043,25901.9601428526,-47842.5724914017,25901.861658236,-47840.1118705037,25901.7631736193,-47837.6512496057,0,1,1,1
20140128091000.daq,120,10,1274.01666666667,1,0,right,-2.47259521484375,182.472595214844,12,0.0001,53.2764930725098,590.185625597427,-3.51559972763062,0.362764626741409,0.086939662694931,6.06766910500596,25894.1681677313,-47842.8529878262,25894.0619277783,-47840.3926895728,25893.9556878252,-47837.9323913193,0,1,1,1
20140128091000.daq,120,10,1274.11666666667,1,0,right,-2.55274200439453,182.552742004395,12,0.0001,53.371395111084,598.006488785293,2.2411949634552,0.362965106964111,0.0394811220467091,5.76172049268237,25886.3598064509,-47843.1586303738,25886.2501250754,-47840.6984831385,25886.1404436998,-47838.2383359032,0,1,1,1
20140128091000.daq,120,10,1274.21666666667,1,0,right,-2.48900604248047,182.48900604248,12,0.0001,53.4663619995117,605.841276052466,7.25092458724976,0.364575654268265,0.0584646798670292,5.4416408385515,25878.5318959492,-47843.4789834726,25878.4249513146,-47841.0187157496,25878.31800668,-47838.5584480267,0,0,1,0
20140128091000.daq,120,10,1274.31666666667,1,0,right,-2.310546875,182.310546875,12,0.0001,53.561149597168,613.68998143106,8.52532958984375,0.363534718751907,0.0489727854728699,5.11729381808608,25870.6852538499,-47843.8040869806,25870.5859727177,-47841.3434980917,25870.4866915855,-47838.8829092028,0,0,1,0
20140128091000.daq,120,10,1274.41666666667,1,0,right,-2.07787322998047,182.07787322998,12,0.0001,53.6556053161621,621.552567248786,8.48138427734375,0.362675577402115,0.0584646798670292,4.80420220707708,25862.8215655312,-47844.1180641382,25862.7322774477,-47841.6570923664,25862.6429893642,-47839.1961205946,0,0,1,0
20140128091000.daq,120,10,1274.51666666667,1,0,right,-1.83060455322266,181.830604553223,12,0.0001,53.7491569519043,629.428948369823,7.95404481887817,0.362206101417542,0.086939662694931,4.50718372892251,25854.9399690402,-47844.4155010785,25854.8613024543,-47841.9541668892,25854.7826358684,-47839.4928326998,0,0,1,0
20140128091000.daq,120,10,1274.61666666667,1,0,right,-1.61736297607422,181.617362976074,12,0.0001,53.8417320251465,637.318972845955,5.84468460083008,0.363701701164246,0.0394811220467091,4.23583606759246,25847.045660678,-47844.6876443653,25846.9761551297,-47842.2260344445,25846.9066495814,-47839.7644245237,0,0,1,0
20140128091000.daq,120,10,1274.71666666667,1,0,right,-1.44440460205078,181.444404602051,12,0.0001,53.933895111084,645.222539875758,4.70211458206177,0.363039404153824,0.0489727854728699,3.98873470102783,25839.1387808195,-47844.9348868151,25839.0767064214,-47842.4730782944,25839.0146320233,-47840.0112697737,0,0,1,0
20140128091000.daq,120,10,1274.81666666667,1,0,right,-1.29769897460938,181.297698974609,12,0.0001,54.0257759094238,653.139604420212,4.70211458206177,0.363741546869278,0.0489727854728699,3.77169924201522,25831.218942631,-47845.1524729566,25831.163171881,-47842.6905135648,25831.107401131,-47840.228554173,0,0,1,0
20140128091000.daq,120,10,1274.91666666667,1,0,right,-1.16815185546875,181.168151855469,12,0.0001,54.1173782348633,661.070122606005,4.21871995925903,0.363623112440109,0.086939662694931,3.57702130770531,25823.2858987684,-47845.3476633469,25823.2356947049,-47842.8855841493,25823.1854906413,-47840.4235049516,0,0,1,0
20140128091000.daq,120,10,1275.01666666667,1,0,right,-1.06029510498047,181.06029510498,12,0.0001,54.2089004516602,669.014068416785,3.47165489196777,0.362895399332047,0.0584646798670292,3.40011045098418,25815.3397586861,-47845.5246452215,25815.2941894631,-47843.0624758793,25815.2486202401,-47840.6003065372,0,0,1,0
20140128091000.daq,120,10,1275.11666666667,1,0,right,-0.954330444335938,180.954330444336,12,0.0001,54.3002471923828,676.971428005229,4.26266479492188,0.362850904464722,0.0584646798670292,3.24673288276188,25807.3800076353,-47845.6783004993,25807.338992103,-47843.2160510908,25807.2979765707,-47840.7538016823,0,0,1,0
20140128091000.daq,120,10,1275.21666666667,1,0,right,-0.820785522460938,180.820785522461,12,0.0001,54.3911209106445,684.942153814613,5.97651958465576,0.363749235868454,0.0584646798670292,3.11047265541362,25799.4058939377,-47845.8146315719,25799.370617519,-47843.3522932528,25799.3353411003,-47840.8899549337,0,0,1,0
20140128091000.daq,120,10,1275.31666666667,1,0,right,-0.656272888183594,180.656272888184,12,0.0001,54.4813690185547,692.926161641706,6.59174966812134,0.363246202468872,0.086939662694931,2.98760950612148,25791.4173437775,-47845.9373314637,25791.3891375748,-47843.4749020062,25791.3609313721,-47841.0124725486,0,0,1,0
20140128091000.daq,120,10,1275.41666666667,1,0,right,-0.472816467285156,180.472816467285,12,0.0001,54.5711441040039,700.923368868418,6.5478048324585,0.363292664289474,0.0774480029940605,2.88966668787816,25783.4146752344,-47846.0354152939,25783.3943536615,-47843.5729081452,25783.3740320886,-47841.1104009966,0,0,1,0
20140128091000.daq,120,10,1275.51666666667,1,0,right,-0.286506652832031,180.286506652832,12,0.0001,54.660457611084,708.933709987832,6.0644097328186,0.363311678171158,0.0774480029940605,2.81180639117322,25775.3963468338,-47846.1137771712,25775.3840327372,-47843.6512169615,25775.3717186406,-47841.1886567518,0,0,1,0
20140128091000.daq,120,10,1275.61666666667,1,0,right,-0.124534606933594,180.124534606934,12,0.0001,54.7492752075195,716.957113525015,4.65816974639893,0.363148838281631,0.0774480029940605,2.7550500112727,25767.3669383249,-47846.1701891739,25767.3615857917,-47843.7076039929,25767.3562332586,-47841.2450188118,0,0,1,0
20140128091000.daq,120,10,1275.71666666667,1,0,right,0.00049591064453125,179.999504089355,12,0.0001,54.8376998901367,724.993514346017,3.42770981788635,0.36310350894928,0.105923220515251,2.71983768378193,25759.3247936454,-47846.2054353546,25759.3248149598,-47843.7428443567,25759.3248362742,-47841.2802533588,0,0,1,0
20140128091000.daq,120,10,1275.81666666667,1,0,right,0.0857772827148438,179.914222717285,12,0.0001,54.9258193969727,733.04286065136,2.41697478294373,0.363488167524338,0.0774480029940605,2.70610931546919,25751.2719197594,-47846.21969531,25751.2756064932,-47843.7571070717,25751.2792932269,-47841.2945188334,0,0,1,0
20140128091000.daq,120,10,1275.91666666667,1,0,right,0.141685485839844,179.85831451416,12,0.0001,55.0137481689453,741.105116074177,2.0654149055481,0.362659126520157,0.105923220515251,2.70941324528773,25743.2080521416,-47846.2162379014,25743.2141418231,-47843.7536544329,25743.2202315045,-47841.2910709645,0,0,1,0
20140128091000.daq,120,10,1276.01666666667,1,0,right,0.185012817382813,179.814987182617,12,0.0001,55.1014671325684,749.180252779843,2.10935997962952,0.364269763231277,0.086939662694931,2.72372912853809,25735.1327758459,-47846.2018388372,25735.1407277423,-47843.7392606779,25735.1486796388,-47841.2766825186,0,0,1,0
20140128091000.daq,120,10,1276.11666666667,1,0,right,0.225074768066406,179.774925231934,12,0.0001,55.1889686584473,757.268238597651,2.15330481529236,0.363365560770035,0.0584646798670292,2.74583033152223,25727.0439091812,-47846.179828565,25727.0535829421,-47843.7172565677,25727.063256703,-47841.2546845704,0,0,1,0
20140128091000.daq,120,10,1276.21666666667,1,0,right,0.263404846191406,179.736595153809,12,0.0001,55.2762603759766,765.369044061095,2.15330481529236,0.363450437784195,0.0584646798670292,2.77905599917462,25718.9414144584,-47846.1462060723,25718.9527356434,-47843.6836410977,25718.9640568284,-47841.2210761231,0,0,1,0
20140128091000.daq,120,10,1276.31666666667,1,0,right,0.301933288574219,179.698066711426,12,0.0001,55.3631629943848,773.482625390112,2.0654149055481,0.362374156713486,0.115414880216122,2.81646943928031,25710.8271977609,-47846.1086644236,25710.8401748906,-47843.6461076186,25710.8531520202,-47841.1835508137,0,0,1,0
20140128091000.daq,120,10,1276.41666666667,1,0,right,0.323898315429688,179.67610168457,12,0.0001,55.4496002197266,781.608918056809,1.09862494468689,0.363374382257462,0.115414880216122,2.8614223679198,25702.7016651812,-47846.0643354788,25702.7155863607,-47843.6017838297,25702.7295075401,-47841.1392321807,0,0,1,0
20140128091000.daq,120,10,1276.51666666667,1,0,right,0.321800231933594,179.678199768066,12,0.0001,55.5355834960938,789.747855248745,0.131834998726845,0.363710761070251,0.086939662694931,2.90751417877515,25694.5630441553,-47846.0175904124,25694.5768751599,-47843.5550382552,25694.5907061645,-47841.0924860981,0,0,1,0
20140128091000.daq,120,10,1276.61666666667,1,0,right,0.30072021484375,179.699279785156,12,0.0001,55.6211280822754,797.899371225809,0.0878899991512299,0.362130254507065,0.115414880216122,2.95743677034331,25686.4131646892,-47845.9681145378,25686.4260896812,-47843.5055574587,25686.4390146733,-47841.0430003795,0,0,1,0
20140128091000.daq,120,10,1276.71666666667,1,0,right,0.2767333984375,179.723266601563,12,0.0001,55.7063026428223,806.063405656299,0.527339994907379,0.362059980630875,0.124906539916992,3.00266120762085,25678.2516375427,-47845.9227246872,25678.2635315868,-47843.4601624128,25678.2754256308,-47840.9976001385,0,0,1,0
20140128091000.daq,120,10,1276.81666666667,1,0,right,0.264205932617188,179.735794067383,12,0.0001,55.7911491394043,814.239908046249,1.2744048833847,0.363326460123062,0.0964315533638,3.05244701150296,25670.0761606172,-47845.8727189813,25670.0875162328,-47843.4101541652,25670.0988718483,-47840.9475893491,0,0,1,0
20140128091000.daq,120,10,1276.91666666667,1,0,right,0.264114379882813,179.735885620117,12,0.0001,55.8756561279297,822.428829673387,1.53807497024536,0.363823503255844,0.143890097737312,3.09928022703724,25661.8886628419,-47845.8258496488,25661.9000145225,-47843.3632848146,25661.9113662031,-47840.9007199804,0,0,1,0
20140128091000.daq,120,10,1277.01666666667,1,0,right,0.270355224609375,179.729644775391,12,0.0001,55.9598159790039,830.630121116046,1.31834995746613,0.36432746052742,0.0679563358426094,3.1426328840608,25653.6892924638,-47845.7824945523,25653.7009123751,-47843.3199309692,25653.7125322863,-47840.857367386,0,0,1,0
20140128091000.daq,120,10,1277.11666666667,1,0,right,0.265838623046875,179.734161376953,12,0.0001,56.0435638427734,838.843726192121,0.57128494977951,0.364194512367249,0.0679563358426094,3.18924742467579,25645.4765115703,-47845.7358991593,25645.4879373587,-47843.2733346678,25645.4993631471,-47840.8107701763,0,0,1,0
20140128091000.daq,120,10,1277.21666666667,1,0,right,0.24951171875,179.75048828125,12,0.0001,56.1269111633301,847.069584057026,0.307614982128143,0.364030092954636,0.0679563358426094,3.23138312959751,25637.2522990437,-47845.6939410785,25637.2630231036,-47843.2313734311,25637.2737471635,-47840.7688057837,0,0,1,0
20140128091000.daq,120,10,1277.31666666667,1,0,right,0.223739624023438,179.776260375977,12,0.0001,56.2098541259766,855.307636850193,0.307614982128143,0.363888025283813,0.0584646798670292,3.27306569546434,25629.0165979318,-47845.6525674443,25629.0262143082,-47843.1899952223,25629.0358306846,-47840.7274230003,0,0,1,0
20140128091000.daq,120,10,1277.41666666667,1,0,right,0.192253112792969,179.807746887207,12,0.0001,56.2924118041992,863.557825964963,0.26366999745369,0.363415271043777,0.105923220515251,3.31361239285178,25620.7673649454,-47845.6115471103,25620.7756280304,-47843.1489699755,25620.7838911154,-47840.6863928407,0,0,1,0
20140128091000.daq,120,10,1277.51666666667,1,0,right,0.160614013671875,179.839385986328,12,0.0001,56.3746032714844,871.820097177435,0.26366999745369,0.363401770591736,0.105923220515251,3.35116466789603,25612.5083711294,-47845.5744420437,25612.5152743623,-47843.1118607215,25612.5221775951,-47840.6492793992,0,0,1,0
20140128091000.daq,120,10,1277.61666666667,1,0,right,0.124343872070313,179.87565612793,12,0.0001,56.4563941955566,880.094393559484,0.0439449995756149,0.363438636064529,0.134398430585861,3.38364128033482,25604.2358197385,-47845.5415292136,25604.2411640739,-47843.0789440148,25604.2465084092,-47840.6163588159,0,0,1,0
20140128091000.daq,120,10,1277.71666666667,1,0,right,0.082855224609375,179.917144775391,12,0.0001,56.5378684997559,888.38066205279,-0.219724982976913,0.363730698823929,0.105923220515251,3.40869526193194,25595.9536319561,-47845.5167509757,25595.957193099,-47843.0541625526,25595.9607542419,-47840.5915741295,0,0,1,0
20140128091000.daq,120,10,1277.81666666667,1,0,right,0.0341415405273438,179.965858459473,12,0.0001,56.6189880371094,896.678854634447,-0.263669967651367,0.362984389066696,0.143890097737312,3.43321511879392,25587.6579514862,-47845.4924185694,25587.6594189005,-47843.0298280086,25587.6608863147,-47840.5672374478,0,0,1,0
20140128091000.daq,120,10,1277.91666666667,1,0,right,-0.0163421630859375,180.016342163086,12,0.0001,56.6997528076172,904.988919644849,-0.263669967651367,0.363251686096191,0.0774480029940605,3.44938433450248,25579.3505983707,-47845.4760070078,25579.3498959793,-47843.01341611,25579.3491935879,-47840.5508252122,0,0,1,0
20140128091000.daq,120,10,1278.01666666667,1,0,right,-0.0674209594726563,180.067420959473,12,0.0001,56.7801170349121,913.3108009485,-0.263669967651367,0.363869786262512,0.0774480029940605,3.45788351859872,25571.0315439268,-47845.4674436069,25571.028646153,-47843.0048543138,25571.0257483791,-47840.5422650207,0,0,1,0
20140128091000.daq,120,10,1278.11666666667,1,0,right,-0.119979858398438,180.119979858398,12,0.0001,56.8600997924805,921.644440778007,-0.307614982128143,0.362902671098709,0.0774480029940605,3.46179259010652,25562.7008101232,-47845.4628767158,25562.6956533541,-47843.0002911171,25562.6904965851,-47840.5377055183,0,0,1,0
20140128091000.daq,120,10,1278.21666666667,1,0,right,-0.173843383789063,180.173843383789,12,0.0001,56.9397163391113,929.989784489808,-0.307614982128143,0.363512009382248,0.0774480029940605,3.45546664062983,25554.3603459885,-47845.4701079016,25554.3528741555,-47843.0075282389,25554.3454023225,-47840.5449485762,0,0,1,0
20140128091000.daq,120,10,1278.31666666667,1,0,right,-0.226936340332031,180.226936340332,12,0.0001,57.0189514160156,938.346777067418,-0.263669967651367,0.36313185095787,0.0774480029940605,3.44424443755127,25546.0061939712,-47845.4811965434,25545.9964401999,-47843.0186248618,25545.9866864286,-47840.5560531801,0,0,1,0
20140128091000.daq,120,10,1278.41666666667,1,0,right,-0.276565551757813,180.276565551758,12,0.0001,57.0978202819824,946.715364053787,0.0878899991512299,0.363413125276566,0.086939662694931,3.42524469033178,25537.6402400459,-47845.4998828477,25537.6283532158,-47843.0373205385,25537.6164663858,-47840.5747582293,0,0,1,0
20140128091000.daq,120,10,1278.51666666667,1,0,right,-0.315887451171875,180.315887451172,12,0.0001,57.1762657165527,955.095487868035,0.483394980430603,0.363617986440659,0.086939662694931,3.39576019302776,25529.2642661814,-47845.5296513513,25529.2506893061,-47843.0670977799,25529.2371124308,-47840.6045442085,0,0,1,0
20140128091000.daq,120,10,1278.61666666667,1,0,right,-0.345588684082031,180.345588684082,12,0.0001,57.2543449401855,963.487088691312,0.74706494808197,0.363386183977127,0.0964315533638,3.3624174433044,25520.8743819549,-47845.5627324083,25520.8595285323,-47843.1001862058,25520.8446751098,-47840.6376400033,0,0,1,0
20140128091000.daq,120,10,1278.71666666667,1,0,right,-0.365829467773438,180.365829467773,12,0.0001,57.3321266174316,971.890119153468,0.966789960861206,0.363090395927429,0.0774480029940605,3.32639198202541,25512.4725435706,-47845.5991362661,25512.4568202095,-47843.1365954645,25512.4410968484,-47840.674054663,0,0,1,0
20140128091000.daq,120,10,1278.81666666667,1,0,right,-0.375511169433594,180.375511169434,12,0.0001,57.409595489502,980.304534961513,1.31834995746613,0.363362342119217,0.0774480029940605,3.28238868678241,25504.0606760813,-47845.6427017168,25504.0445366062,-47843.1801636072,25504.0283971311,-47840.7176254977,0,0,1,0
20140128091000.daq,120,10,1278.91666666667,1,0,right,-0.377059936523438,180.377059936523,12,0.0001,57.4867324829102,988.730288791936,1.45018494129181,0.363276094198227,0.0964315533638,3.23549209187184,25495.6368866597,-47845.6896721663,25495.6206806195,-47843.2271344939,25495.6044745794,-47840.7645968216,0,0,1,0
20140128091000.daq,120,10,1279.01666666667,1,0,right,-0.375022888183594,180.375022888184,12,0.0001,57.5635223388672,997.16733057033,1.58201992511749,0.361685633659363,0.086939662694931,3.18898842065155,25487.2012888797,-47845.7364216241,25487.1851703907,-47843.2738833771,25487.1690519016,-47840.8113451302,0,0,1,0
20140128091000.daq,120,10,1279.11666666667,1,0,right,-0.368423461914063,180.368423461914,12,0.0001,57.6398849487305,1005.61560635254,1.66990995407104,0.358644008636475,0.153381749987602,3.13879831800743,25478.7538583686,-47845.7867961426,25478.738023519,-47843.3242560554,25478.7221886695,-47840.8617159683,0,0,1,0
20140128091000.daq,120,10,1279.21666666667,1,0,right,-0.358642578125,180.358642578125,12,0.0001,57.7154846191406,1014.07503212176,1.71385490894318,0.355085521936417,0.086939662694931,3.09252405577087,25470.2946297051,-47845.8330682988,25470.2792152326,-47843.3705255443,25470.2638007601,-47840.9079827899,0,0,1,0
20140128091000.daq,120,10,1279.31666666667,1,0,right,-0.347938537597656,180.347938537598,12,0.0001,57.7896041870117,1022.54544674483,1.80174493789673,0.352159351110458,0.086939662694931,3.04224092047434,25461.8256124777,-47845.8831897584,25461.8106580595,-47843.4206441672,25461.7957036414,-47840.958098576,0,0,1,0
20140128091000.daq,120,10,1279.41666666667,1,0,right,-0.333236694335938,180.333236694336,12,0.0001,57.8615264892578,1031.02657849599,1.84568989276886,0.348496556282043,0.086939662694931,2.99603187797591,25453.3447768957,-47845.9291584647,25453.3304543563,-47843.4666091173,25453.316131817,-47841.00405977,0,0,1,0
20140128091000.daq,120,10,1279.51666666667,1,0,right,-0.317031860351563,180.317031860352,12,0.0001,57.9307861328125,1039.51806752982,1.88963496685028,0.343940109014511,0.0964315533638,2.95008984799695,25444.8521853313,-47845.9750344103,25444.8385592697,-47843.5124811106,25444.8249332081,-47841.0499278109,0,0,1,0
20140128091000.daq,120,10,1279.61666666667,1,0,right,-0.300086975097656,180.300086975098,12,0.0001,57.9970474243164,1048.01949833157,1.97752487659454,0.337666422128677,0.0964315533638,2.90861410847962,25436.3517631162,-47846.0169583583,25436.3388653406,-47843.5544011364,25436.3259675651,-47841.0918439146,0,0,1,0
20140128091000.daq,120,10,1279.71666666667,1,0,right,-0.282180786132813,180.282180786133,12,0.0001,58.0598258972168,1056.53039976388,1.93357992172241,0.328959167003632,0.0774480029940605,2.8664120239155,25427.8415516591,-47846.0588228977,25427.8294234873,-47843.5962617653,25427.8172953156,-47841.1337006329,0,0,1,0
20140128091000.daq,120,10,1279.81666666667,1,0,right,-0.268043518066406,180.268043518066,12,0.0001,58.1183319091797,1065.05020725451,1.62596487998962,0.31719434261322,0.0964315533638,2.82833988951607,25419.3216686602,-47846.0970135047,25419.3101481057,-47843.6344494547,25419.2986275513,-47841.1718854047,0,0,1,0
20140128091000.daq,120,10,1279.91666666667,1,0,right,-0.261398315429688,180.26139831543,12,0.0001,58.1714782714844,1073.57821813038,1.18651497364044,0.293990612030029,0.0964315533638,2.79346606694421,25410.7941596454,-47846.1317598926,25410.7829247009,-47843.669194523,25410.7716897563,-47841.2066291534,0,0,1,0
20140128091000.daq,120,10,1280.01666666667,1,0,right,-0.266731262207031,180.266731262207,12,0.0001,58.2174377441406,1082.11352727622,0.92284494638443,0.267865300178528,0.0394811220467091,2.75839102259637,25402.2610891459,-47846.167245069,25402.249624992,-47843.7046807558,25402.2381608381,-47841.2421164426,0,0,1,0
20140128091000.daq,120,10,1280.11666666667,1,0,right,-0.277442932128906,180.277442932129,12,0.0001,58.2530746459961,1090.65486026659,0.92284494638443,0.252876907587051,0.124906539916992,2.72207677504474,25393.7203400027,-47846.203061958,25393.708415463,-47843.7404998311,25393.6964909233,-47841.2779377042,0,0,1,0
20140128091000.daq,120,10,1280.21666666667,1,0,right,-0.288360595703125,180.288360595703,12,0.0001,58.2759857177734,1099.20049853408,1.14256989955902,0.237342059612274,0.0774480029940605,2.68640968311024,25385.1756898613,-47846.2388915002,25385.1632960827,-47843.7763316902,25385.150902304,-47841.3137718803,0,0,1,0
20140128091000.daq,120,12,1377.38333333333,1,0,right,0.48602838605791,296.90266418457,12,0.000370007617560205,46.5533142089844,0,1.40623998641968,0.438039183616638,0.086939662694931,2.76660336425513,20932.9167016549,-53084.1644483194,20930.720620896,-53085.278712078,20928.5245401371,-53086.3929758367,1,0,0,0
20140128091000.daq,120,12,1377.48333333333,1,0,right,0.502573293028377,296.877288818359,12,0.000359020273057234,46.6267318725586,6.83321154270379,1.36229491233826,0.437905579805374,0.105923220515251,2.8249617558305,20935.9995697194,-53090.2555576316,20933.8029956867,-53091.3688486726,20931.6064216539,-53092.4821397137,1,0,0,0
20140128091000.daq,120,12,1377.58333333333,1,0,right,0.541469705068209,296.851745605469,12,0.000348351582686289,46.7023887634277,13.677331792278,1.2744048833847,0.43827685713768,0.0964315533638,2.88996432110741,20939.0882892091,-53096.3583935655,20936.8912190749,-53097.4707052343,20934.6941489406,-53098.5830169031,1,0,0,0
20140128091000.daq,120,12,1377.68333333333,1,0,right,0.57196235651702,296.830535888672,12,0.000338016771082792,46.7805404663086,20.5327603645856,1.09862494468689,0.437869936227798,0.0964315533638,2.95727521658953,20942.1811052522,-53102.4727318258,20939.9836235137,-53103.5842301084,20937.7861417751,-53104.6957283909,1,0,0,0
20140128091000.daq,120,12,1377.78333333333,1,0,right,0.574978028678174,296.81298828125,12,0.000328026491232623,46.8605155944824,27.399760872795,0.878899991512299,0.437484055757523,0.115414880216122,3.02874196419371,20945.2760353833,-53108.5986060694,20943.0782133365,-53109.7094312913,20940.8803912896,-53110.8202565133,1,0,0,0
20140128091000.daq,120,12,1377.88333333333,1,0,right,0.579855509382867,296.800979614258,12,0.000318387472128205,46.9420394897461,34.2786288209754,0.791009962558746,0.43901464343071,0.0774480029940605,3.10106301362246,20948.3731624824,-53114.7359229697,20946.175107665,-53115.846287524,20943.9770528477,-53116.9566520783,1,0,0,0
20140128091000.daq,120,12,1377.98333333333,1,0,right,0.596889211592668,296.79248046875,12,0.000309103701021911,47.0251693725586,41.1695459968032,0.57128494977951,0.438651353120804,0.162873417139053,3.17375912655246,20951.4763035245,-53120.884783744,20949.278084022,-53121.9948222309,20947.0798645195,-53123.1048607178,1,0,0,0
20140128091000.daq,120,12,1378.08333333333,1,0,right,0.604388955710135,296.788070678711,12,0.000300178017540355,47.1095275878906,48.0727663622092,0.439449995756149,0.437911868095398,0.115414880216122,3.25089500127462,20954.5815778971,-53127.0451595885,20952.3832729666,-53128.1550288853,20950.1849680361,-53129.2648981821,1,0,0,0
20140128091000.daq,120,12,1378.18333333333,1,0,right,0.602582458600466,296.789978027344,12,0.000291614034773436,47.195930480957,54.9884877902514,0.17577999830246,0.438661098480225,0.124906539916992,3.32788618908315,20957.6929900974,-53133.21693961,20955.4947221152,-53134.3268820867,20953.2964541329,-53135.4368245635,1,0,0,0
20140128091000.daq,120,12,1378.28333333333,1,0,right,0.597686191839443,296.793380737305,12,0.000283417358861378,47.283634185791,61.9169800950622,0.17577999830246,0.438716381788254,0.124906539916992,3.40842031986327,20960.808374455,-53139.4042701615,20958.6101723944,-53140.5143431881,20956.4119703339,-53141.6244162147,1,0,0,0
20140128091000.daq,120,12,1378.38333333333,1,0,right,0.583138718256862,296.79899597168,12,0.000275595917698589,47.3733215332031,68.8584665598464,0.17577999830246,0.438663989305496,0.115414880216122,3.48484812888318,20963.9316688129,-53145.599303014,20961.7335755548,-53146.7095914686,20959.5354822968,-53147.8198799231,1,0,0,0
20140128091000.daq,120,12,1378.48333333333,1,0,right,0.580415343688742,296.804626464844,12,0.000268159442625428,47.4644584655762,75.8132217078091,0.17577999830246,0.4383684694767,0.086939662694931,3.56106565453315,20967.0608231908,-53151.8060538322,20964.8628390521,-53152.9165582895,20962.6648549134,-53154.0270627467,1,0,0,0
20140128091000.daq,120,12,1378.58333333333,1,0,right,0.591177037458124,296.809387207031,12,0.00026111784813589,47.557373046875,82.7814680295414,0.219724997878075,0.438388735055923,0.0774480029940605,3.63721329365098,20970.1977517184,-53158.0245667001,20967.9998598599,-53159.1352537854,20965.8019680013,-53160.2459408707,1,0,0,0
20140128091000.daq,120,12,1378.68333333333,1,0,right,0.585781102310534,296.813552856445,12,0.000254479437918566,47.6516151428223,89.7634513277735,0.307614982128143,0.438128381967545,0.143890097737312,3.71403135180308,20973.3405133828,-53164.2548279453,20971.1427022817,-53165.3656748238,20968.9448911807,-53166.4765217024,1,0,0,0
20140128091000.daq,120,12,1378.78333333333,1,0,right,0.577986294993821,296.814636230469,12,0.000248249591470367,47.7476768493652,96.7593893840531,0.351559996604919,0.438023895025253,0.115414880216122,3.79281687189855,20976.4889986139,-53170.5008677266,20974.2912085177,-53171.6117561622,20972.0934184214,-53172.7226445977,1,0,0,0
20140128091000.daq,120,12,1378.88333333333,1,0,right,0.572133537755519,296.816467285156,12,0.000242430526882928,47.8449211120605,103.769512754952,0.351559996604919,0.438727140426636,0.086939662694931,3.86925033226516,20979.6453292841,-53176.75858901,20977.4475746906,-53177.8695476817,20975.2498200972,-53178.9805063535,1,0,0,0
20140128091000.daq,120,12,1378.98333333333,1,0,right,0.564919996722836,296.816467285156,12,0.000237021918625776,47.9442138671875,110.794055260776,0.351559996604919,0.437830567359924,0.105923220515251,3.94320825410434,20982.8093917841,-53183.02812026,20980.6116371906,-53184.1390789317,20978.4138825972,-53185.2500376035,1,0,0,0
20140128091000.daq,120,12,1379.08333333333,1,0,right,0.574683646823928,296.817337036133,12,0.000232021496307259,48.0444831848145,117.833233564059,0.307614982128143,0.437938690185547,0.115414880216122,4.01759211669838,20985.9793519763,-53189.3093269311,20983.7816142475,-53190.4203189647,20981.5838765187,-53191.5313109984,1,0,0,0
20140128091000.daq,120,12,1379.18333333333,1,0,right,0.585097646892962,296.818359375,12,0.0002274256778936,48.1469764709473,124.887299109047,0.351559996604919,0.438532829284668,0.181856974959373,4.0958605383645,20989.1551782651,-53195.606151,20986.9574603603,-53196.7171822481,20984.7597424554,-53197.8282134961,1,0,0,0
20140128091000.daq,120,12,1379.28333333333,1,0,right,0.570402800327258,296.819213867188,12,0.000223230188820543,48.2506980895996,131.956451960112,0.307614982128143,0.437414258718491,0.0964315533638,4.17068557089501,20992.3407627838,-53201.9147021801,20990.1430614488,-53203.0257662042,20987.9453601138,-53204.1368302282,1,0,0,0
20140128091000.daq,120,12,1379.38333333333,1,0,right,0.558058273488484,296.823654174805,12,0.000219430743385764,48.3560829162598,139.040967013483,-0.0439449958503246,0.438544899225235,0.0774480029940605,4.24759194801474,20995.5304115111,-53208.2386997096,20993.3327962879,-53209.3499340477,20991.1351810647,-53210.4611683859,1,0,0,0
20140128091000.daq,120,12,1379.48333333333,1,0,right,0.537963318764128,296.844528198242,12,0.000216023145306043,48.4631881713867,146.141032397689,-0.878899931907654,0.438583016395569,0.115414880216122,4.31921623633758,20998.7305495639,-53214.573597042,20996.533339332,-53215.6856319425,20994.3361291,-53216.797666843,1,0,0,0
20140128091000.daq,120,12,1379.58333333333,1,0,right,0.497932542052013,296.887268066406,12,0.000213003071563002,48.5714988708496,153.256910840049,-1.71385490894318,0.438382238149643,0.105923220515251,4.39225450030185,21001.9375087923,-53220.923028739,20999.7411286956,-53222.0367023421,20997.5447485989,-53223.1503759451,1,0,0,0
20140128091000.daq,120,12,1379.68333333333,1,0,right,0.458978501644765,296.942108154297,12,0.000210365847768071,48.6816444396973,160.388790562356,-1.62596487998962,0.438734143972397,0.124906539916992,4.46191463724856,21005.1567170068,-53227.2874801233,21002.9614038576,-53228.4032554594,21000.7660907085,-53229.5190307955,1,0,0,0
20140128091000.daq,120,12,1379.78333333333,1,0,right,0.404360500669895,296.995147705078,12,0.000208106834337011,48.7930488586426,167.536921330349,-1.23045992851257,0.437636852264404,0.086939662694931,4.52645459985244,21008.3875623086,-53233.6598316468,21006.1932829897,-53234.7776387383,21003.9990036707,-53235.8954458299,1,0,0,0
20140128091000.daq,120,12,1379.88333333333,1,0,right,0.345886881728973,297.036972045898,12,0.000206222124009874,48.9062461853027,174.701515750348,-0.74706494808197,0.437798649072647,0.105923220515251,4.58512645408197,21011.6296320209,-53240.0444604203,21009.4361692549,-53241.1638689774,21007.2427064889,-53242.2832775345,1,0,0,0
20140128091000.daq,120,12,1379.98333333333,1,0,right,0.325401296981681,297.060348510742,12,0.000204708906834237,49.020679473877,181.882820091283,0.17577999830246,0.438097834587097,0.134398430585861,4.63896683965088,21014.884563413,-53246.445635457,21012.691557544,-53247.5659388455,21010.4985516751,-53248.686242234,1,0,0,0
20140128091000.daq,120,12,1380.08333333333,1,0,right,0.323153520666779,297.071136474609,12,0.000203565391076909,49.1371002197266,189.081058382348,0.219724997878075,0.438478350639343,0.115414880216122,4.68963954841079,21018.1506613432,-53252.8591584685,21015.95786645,-53253.9798747483,21013.7650715568,-53255.1005910282,1,0,0,0
20140128091000.daq,120,12,1380.18333333333,1,0,right,0.312810923247639,297.075561523438,12,0.000202790071913635,49.2545509338379,196.296453533752,0.219724997878075,0.437624335289001,0.105923220515251,4.73599598399259,21021.4281990521,-53259.2847184032,21019.2354907203,-53260.4056040329,21017.0427823885,-53261.5264896627,1,0,0,0
20140128091000.daq,120,12,1380.28333333333,1,0,right,0.304181379187014,297.078430175781,12,0.000202381365374153,49.3741989135742,203.529254891619,0.219724997878075,0.434906333684921,0.0679563358426094,4.78338195042999,21024.7134810319,-53265.7298874219,21022.5208288227,-53266.8508828335,21020.3281766135,-53267.9718782451,1,0,0,0
20140128091000.daq,120,12,1380.38333333333,1,0,right,0.306233807302249,297.083068847656,12,0.000202337634539642,49.4949913024902,210.779655480117,0.131834998726845,0.403293341398239,0.115414880216122,4.82574849862981,21028.0105593245,-53272.1866866462,21025.8179978783,-53273.3078595715,21023.6254364322,-53274.4290324967,1,0,0,0
20140128091000.daq,120,12,1380.48333333333,1,0,right,0.299729231204935,297.093978881836,12,0.000202657699670734,49.6159400939941,218.047840164101,-0.175779983401299,0.369575828313828,0.124906539916992,4.87039799390773,21031.3137717641,-53278.6587971131,21029.121423847,-53279.7803875168,21026.9290759299,-53280.9019779205,1,0,0,0
20140128091000.daq,120,12,1380.58333333333,1,0,right,0.292848799487103,297.108779907227,12,0.000203341201841872,49.7341995239258,225.33358225679,-0.307614982128143,0.341585844755173,0.086939662694931,4.91422257939666,21034.6288732862,-53285.1502440344,21032.4368151789,-53286.2724007426,21030.2447570716,-53287.3945574507,1,0,0,0
20140128091000.daq,120,12,1380.68333333333,1,0,right,0.271928935651658,297.127227783203,12,0.000204388796931788,49.8454666137695,232.636194238003,-0.307614982128143,0.326807826757431,0.0964315533638,4.95865548868508,21037.9499936751,-53291.6532269989,21035.7582969891,-53292.7760894394,21033.5666003032,-53293.8989518798,1,0,0,0
20140128091000.daq,120,12,1380.78333333333,1,0,right,0.238370590066665,297.146179199219,12,0.000205801835308044,49.9483489990234,239.954507659044,-0.307614982128143,0.319890052080154,0.115414880216122,4.99827565825641,21041.2809014309,-53298.1679032412,21039.089576268,-53299.2914905559,21036.8982511051,-53300.4150778707,1,0,0,0
20140128091000.daq,120,12,1380.88333333333,1,0,right,0.220670926357968,297.162857055664,12,0.000207582055837757,50.0401763916016,247.287164357433,-0.175779983401299,0.315866500139236,0.0964315533638,5.03557302082665,21044.6214750232,-53304.698318077,21042.4304770108,-53305.8225432027,21040.2394789985,-53306.9467683284,1,0,0,0
20140128091000.daq,120,12,1380.98333333333,1,0,right,0.206554569215882,297.176040649414,12,0.000209731438204002,50.1203804016113,254.632428188459,0,0.309487283229828,0.105923220515251,5.0700494323511,21047.9697080304,-53311.2367202419,21045.778968757,-53312.3614494802,21043.5882294836,-53313.4861787184,1,0,0,0
20140128091000.daq,120,12,1381.08333333333,1,0,right,0.20861654635479,297.185470581055,12,0.000212251654720652,50.1896476745605,261.988627581901,0.0439449995756149,0.302739083766937,0.105923220515251,5.10311012251471,21051.3236361038,-53317.7831228375,21049.1330819718,-53318.9082126197,21046.9425278398,-53320.033302402,1,0,0,0
20140128091000.daq,120,12,1381.18333333333,1,0,right,0.208819649923271,297.194885253906,12,0.000215143413548173,50.251220703125,269.354426754857,-0.0878899917006493,0.296366810798645,0.172365307807922,5.13853400722726,21054.6834228073,-53324.3412448798,21052.4930535762,-53325.4666945922,21050.3026843452,-53326.5921443046,1,0,0,0
20140128091000.daq,120,12,1381.28333333333,1,0,right,0.173766668316205,297.213317871094,12,0.000218405821693115,50.3060569763184,276.728695397265,-0.703119933605194,0.287325024604797,0.181856974959373,5.16920544280792,21058.0494630158,-53330.902821146,21055.8594559664,-53332.0289754635,21053.669448917,-53333.1551297811,1,0,0,0
20140128091000.daq,120,12,1381.38333333333,1,0,right,0.13818857932074,297.244552612305,12,0.000222035993494984,50.3548126220703,284.110583550282,-1.09862494468689,0.285448789596558,0.105923220515251,5.19604416617962,21061.4199684764,-53337.4676615037,21059.2305756744,-53338.5950095342,21057.0411828723,-53339.7223575647,1,0,0,0
20140128091000.daq,120,12,1381.48333333333,1,0,right,0.109952062377999,297.283645629883,12,0.000226029172943635,50.3985977172852,291.499223397972,-1.09862494468689,0.284766912460327,0.105923220515251,5.22095199247477,21064.7966754848,-53344.0399193542,21062.608052384,-53345.168760949,21060.4194292832,-53346.2976025437,1,0,0,0
20140128091000.daq,120,12,1381.58333333333,1,0,right,0.0645791033033447,297.326950073242,12,0.000230379604820435,50.4372863769531,298.893913665961,-1.09862494468689,0.285047799348831,0.134398430585861,5.2432078626922,21068.1794241989,-53350.6158708512,21065.9916549074,-53351.7463662959,21063.8038856159,-53352.8768617407,1,0,0,0
20140128091000.daq,120,12,1381.68333333333,1,0,right,0.0138886947907508,297.369018554688,12,0.000235081388688461,50.4731788635254,306.294055839608,-1.09862494468689,0.284103989601135,0.0774480029940605,5.25956768128532,21071.5679767904,-53357.1918830158,21069.3810381361,-53358.3239844892,21067.1940994819,-53359.4560859626,1,0,0,0
20140128091000.daq,120,12,1381.78333333333,1,0,right,-0.0222548978714485,297.410720825195,12,0.000240128767879663,50.506519317627,313.699275433479,-1.09862494468689,0.283615589141846,0.134398430585861,5.2701696457313,21074.9643243864,-53363.7718184945,21072.7782103023,-53364.9055114135,21070.5920962182,-53366.0392043325,1,0,0,0
20140128091000.daq,120,12,1381.88333333333,1,0,right,-0.0588729597801603,297.452850341797,12,0.000245516131888471,50.5402030944824,321.109422550842,-1.09862494468689,0.28219336271286,0.153381749987602,5.27655218814435,21078.3665484168,-53370.3517311598,21076.1812685266,-53371.4870312193,21073.9959886364,-53372.6223312787,1,0,0,0
20140128091000.daq,120,12,1381.98333333333,1,0,right,-0.109484746404121,297.49430847168,12,0.000251237605426967,50.5732803344727,328.524427861514,-1.09862494468689,0.279020845890045,0.124906539916992,5.27616777760224,21081.7785073334,-53376.935582522,21079.5940494966,-53378.0724635108,21077.4095916598,-53379.2093444996,1,0,0,0
20140128091000.daq,120,12,1382.08333333333,1,0,right,-0.134469967769064,297.536224365234,12,0.000257286218883752,50.6053695678711,335.944236069219,-1.14256989955902,0.27814120054245,0.134398430585861,5.27230620828177,21085.1943908692,-53383.5194095244,21083.0107653253,-53384.6578882934,21080.8271397814,-53385.7963670625,1,0,0,0
20140128091000.daq,120,12,1382.18333333333,1,0,right,-0.17176084162395,297.586929321289,12,0.000263652779087826,50.634220123291,343.36853609739,-1.53807497024536,0.27841317653656,0.134398430585861,5.26510297090464,21088.6184666815,-53390.1066984611,21086.4358495104,-53391.2471092237,21084.2532323392,-53392.3875199863,1,0,0,0
20140128091000.daq,120,12,1382.28333333333,1,0,right,-0.231350074397994,297.651977539063,12,0.000270325726100317,50.6611976623535,350.796896952073,-2.19724988937378,0.279044389724731,0.124906539916992,5.24924258900839,21092.0509742406,-53396.6893555998,21089.8696531905,-53397.8322435644,21087.6883321403,-53398.9751315289,1,0,0,0
20140128091000.daq,120,12,1382.38333333333,1,0,right,-0.291852355411208,297.727691650391,12,0.000277291878500016,50.6879539489746,358.229184495503,-2.19724988937378,0.278759747743607,0.115414880216122,5.22360643974914,21095.4937051343,-53403.2675645816,21093.3138962696,-53404.4133340772,21091.1340874049,-53405.5591035727,1,0,0,0
20140128091000.daq,120,12,1382.48333333333,1,0,right,-0.348862294424748,297.809631347656,12,0.000284537286008919,50.7150039672852,365.665413880561,-2.15330481529236,0.27918353676796,0.115414880216122,5.19327348104186,21098.9464654727,-53409.8493606515,21096.7682974216,-53410.9982463571,21094.5901293705,-53412.1471320627,1,0,0,0
20140128091000.daq,120,12,1382.58333333333,1,0,right,-0.398656666998761,297.894073486328,12,0.00029204763473821,50.7422409057617,373.105628840713,-2.15330481529236,0.278045743703842,0.115414880216122,5.1544485788243,21102.4110465207,-53416.4271186971,21100.2345740547,-53417.5792133234,21098.0581015886,-53418.7313079497,1,0,0,0
20140128091000.daq,120,12,1382.68333333333,1,0,right,-0.438839752829267,297.978622436523,12,0.000299808479029523,50.7692909240723,380.549829748954,-2.19724988937378,0.277809202671051,0.162873417139053,5.11206292149939,21105.8853914888,-53423.0048659622,21103.7106214889,-53424.160171061,21101.5358514891,-53425.3154761598,1,0,0,0
20140128091000.daq,120,12,1382.78333333333,1,0,right,-0.432437023059379,298.068023681641,12,0.000307805068400121,50.7957878112793,387.997961215748,-2.46091985702515,0.279245138168335,0.105923220515251,5.0656113649691,21109.3736104577,-53429.5823615275,21107.2006457804,-53430.7410586124,21105.027681103,-53431.8997556972,1,0,0,0
20140128091000.daq,120,12,1382.88333333333,1,0,right,-0.451050424398773,298.166519165039,12,0.000316022247366277,50.8215866088867,395.449927381749,-2.8564248085022,0.278382241725922,0.134398430585861,5.02031388182963,21112.8719778754,-53436.1554825182,21110.7010082898,-53437.3179133686,21108.5300387042,-53438.480344219,1,0,0,0
20140128091000.daq,120,12,1382.98333333333,1,0,right,-0.501935852728309,298.282592773438,12,0.00032444425295281,50.846866607666,402.905636723735,-3.64743494987488,0.278179943561554,0.153381749987602,4.97131535687634,21116.3847604572,-53442.7277011455,21114.2161502548,-53443.8945277023,21112.0475400525,-53445.0613542592,1,0,0,0
20140128091000.daq,120,12,1383.08333333333,1,0,right,-0.533200641595727,298.426666259766,12,0.000333054544209288,50.8717842102051,410.365024946936,-4.79000473022461,0.278227806091309,0.153381749987602,4.9163989487442,21119.9123971631,-53449.2906685215,21117.7467278653,-53450.462944477,21115.5810585675,-53451.6352204325,1,0,0,0
20140128091000.daq,120,12,1383.18333333333,1,0,right,-0.593126940407899,298.593200683594,12,0.000341835784366265,50.8965759277344,417.828055311504,-5.00972986221313,0.277333676815033,0.153381749987602,4.86059282229442,21123.4546418474,-53455.8485653047,21121.2923889996,-53457.0271309776,21119.1301361517,-53458.2056966506,1,0,0,0
20140128091000.daq,120,12,1383.28333333333,1,0,right,-0.655514104586189,298.772216796875,12,0.000350770221162965,50.9213714599609,425.294722408973,-5.00972986221313,0.278103172779083,0.143890097737312,4.79952087322806,21127.0169214385,-53462.4018951216,21124.8583614735,-53463.5872108183,21122.6998015085,-53464.7725265149,1,0,0,0
20140128091000.daq,120,12,1383.38333333333,1,0,right,-0.692267340017054,298.957611083984,12,0.000359840514858479,50.946117401123,432.765022695967,-4.96578454971313,0.278042435646057,0.134398430585861,4.73227124599763,21130.6009256628,-53468.9470607582,21128.4462123654,-53470.139354778,21126.291499068,-53471.3316487977,1,0,0,0
20140128091000.daq,120,12,1383.48333333333,1,0,right,-0.75499240181631,299.137969970703,12,0.000369030591013479,50.9708786010742,440.23895155669,-4.4823899269104,0.277825593948364,0.124906539916992,4.6630448271504,21134.2042188015,-53475.4846482401,21132.0532693438,-53476.6837190695,21129.9023198862,-53477.8827898989,1,0,0,0
20140128091000.daq,120,12,1383.58333333333,1,0,right,-0.763698931718409,299.296173095703,12,0.000378326265188141,50.9957084655762,447.716516451008,-3.38376474380493,0.278316557407379,0.143890097737312,4.58699224909028,21137.8299929653,-53482.01554449,21135.6823625358,-53483.2205498682,21133.5347321062,-53484.4255552464,1,0,0,0
20140128091000.daq,120,12,1383.68333333333,1,0,right,-0.721679267994546,299.433502197266,12,0.000387715352288536,51.0205726623535,455.197724419151,-3.0322048664093,0.2790707051754,0.105923220515251,4.50685749865572,21141.4783110699,-53488.5357846536,21139.3335750176,-53489.7459341028,21137.1888389653,-53490.956083552,1,0,0,0
20140128091000.daq,120,12,1383.78333333333,1,0,right,-0.687941830593218,299.560928344727,12,0.000397187097214421,51.0454940795898,462.682582081761,-3.0322048664093,0.278318017721176,0.153381749987602,4.43213462467019,21145.1457312653,-53495.0526185266,21143.0036918944,-53496.2675348846,21140.8616525235,-53497.4824512425,1,0,0,0
20140128091000.daq,120,12,1383.88333333333,1,0,right,-0.623423994653422,299.686050415039,12,0.000406731253123816,51.0716819763184,470.171165482898,-3.33981990814209,0.278567343950272,0.134398430585861,4.36158043277216,21148.8325723791,-53501.565654077,21146.6931912384,-53502.785245303,21144.5538100977,-53504.0048365289,1,0,0,0
20140128091000.daq,120,12,1383.98333333333,1,0,right,-0.586783568848205,299.824310302734,12,0.000416337056494993,51.0996398925781,477.663705039246,-4.04293966293335,0.278452932834625,0.124906539916992,4.29623921276967,21152.5355680311,-53508.0701818902,21150.3991361001,-53509.2949320801,21148.2627041691,-53510.51968227,1,0,0,0
20140128091000.daq,120,12,1384.08333333333,1,0,right,-0.530465523294538,299.982223510742,12,0.000425992542391845,51.1293601989746,485.160477698519,-4.79000473022461,0.278074324131012,0.134398430585861,4.23611551069209,21156.2588881932,-53514.5697643916,21154.1258399129,-53515.800398154,21151.9927916325,-53517.0310319164,1,0,0,0
20140128091000.daq,120,12,1384.18333333333,1,0,right,-0.47242405412419,300.161926269531,12,0.000435684263493282,51.1604957580566,492.66172539354,-5.31734466552734,0.278284847736359,0.124906539916992,4.1844803935099,21160.0026120905,-53521.0642832023,21157.8734340609,-53522.3016010037,21155.7442560313,-53523.5389188052,1,0,0,0
20140128091000.daq,120,12,1384.28333333333,1,0,right,-0.475233448268,300.365997314453,12,0.0004453972187204,51.1927223205566,500.167631497228,-6.19624471664429,0.278307527303696,0.143890097737312,4.14228671129326,21163.7648812535,-53527.5496884788,21161.6401236889,-53528.7945819342,21159.5153661243,-53530.0394753896,1,0,0,0
20140128091000.daq,120,12,1384.38333333333,1,0,right,-0.461384691847968,300.596618652344,12,0.000455115174958977,51.2259941101074,507.678351734387,-6.94330978393555,0.278387159109116,0.172365307807922,4.10204559181947,21167.551630068,-53534.0258548884,21165.4319005246,-53535.2792906014,21163.3121709813,-53536.5327263144,1,0,0,0
20140128091000.daq,120,12,1384.48333333333,1,0,right,-0.467194355289962,300.849548339844,12,0.000464821032173983,51.2604598999023,515.19404318188,-7.29486989974976,0.278600811958313,0.124906539916992,4.06579860117269,21171.3646231134,-53540.4890872551,21169.2504474427,-53541.751868177,21167.136271772,-53543.014649099,1,0,0,0
20140128091000.daq,120,12,1384.58333333333,1,0,right,-0.480875546493735,301.120651245117,12,0.000474497179529096,51.2962913513184,522.714893129058,-7.77826452255249,0.279627799987793,0.153381749987602,4.032934897992,21175.2056315478,-53546.9434992073,21173.0974545439,-53548.2162694707,21170.9892775399,-53549.4890397341,1,0,0,0
20140128091000.daq,120,12,1384.68333333333,1,0,right,-0.495644916883975,301.413192749023,12,0.000484125603775576,51.3336601257324,530.241111804353,-8.39349460601807,0.291446924209595,0.162873417139053,3.99964663046981,21179.0786780962,-53553.3810944933,21176.9770270695,-53554.6646120762,21174.8753760429,-53555.9481296592,1,0,0,0
20140128091000.daq,120,12,1384.78333333333,1,0,right,-0.511378459450896,301.722320556641,12,0.000493687474886601,51.3731842041016,537.772952563624,-8.61321926116943,0.301483780145645,0.143890097737312,3.96699037412886,21182.9855058375,-53559.8060257488,21180.8908103259,-53561.1008636294,21178.7961148142,-53562.3957015099,1,0,0,0
20140128091000.daq,120,12,1384.88333333333,1,0,right,-0.574030380577199,302.038436889648,12,0.000503162592462853,51.4182586669922,545.310981237897,-8.78899955749512,0.306174635887146,0.134398430585861,3.93178397026203,21186.9296288317,-53566.2148911924,21184.8421091365,-53567.5212663092,21182.7545894414,-53568.827641426,1,0,0,0
20140128091000.daq,120,12,1384.98333333333,1,0,right,-0.604582887834908,302.369201660156,12,0.000512529122940917,51.4682846069336,552.855944326991,-9.62395477294922,0.307596564292908,0.143890097737312,3.89187228536053,21190.9093863678,-53572.6072743336,21188.8294430335,-53573.9256787289,21186.7494996992,-53575.2440831243,1,0,0,0
20140128091000.daq,120,12,1385.08333333333,1,0,right,-0.682218523388883,302.72900390625,12,0.000521763582509196,51.5233535766602,560.408602178126,-10.3270740509033,0.308266341686249,0.143890097737312,3.853015651341,21194.9272743127,-53578.9862938376,21192.8556511639,-53580.3177336421,21190.7840280151,-53581.6491734465,1,0,0,0
20140128091000.daq,120,12,1385.18333333333,1,0,right,-0.745237276470675,303.090957641602,12,0.000530841543031135,51.5833930969238,567.969708284712,-9.88762474060059,0.309453845024109,0.162873417139053,3.80650580435769,21198.986138174,-53585.3455777769,21196.9229673903,-53586.6900779595,21194.8597966066,-53588.034578142,1,0,0,0
20140128091000.daq,120,12,1385.28333333333,1,0,right,-0.819768767964149,303.441482543945,12,0.000539739378176233,51.6482582092285,575.539984389106,-8.9208345413208,0.312010943889618,0.0964315533638,3.75428589105061,21203.0874121523,-53591.6897727165,21201.0325053285,-53593.0468697541,21198.9775985048,-53594.4039667916,1,0,0,0
20140128091000.daq,120,12,1385.38333333333,1,0,right,-0.850936525098007,303.768859863281,12,0.000548435999166506,51.7177772521973,583.120123932778,-8.26165962219238,0.315476089715958,0.115414880216122,3.69280003676856,21207.2345716648,-53598.0195294209,21205.1874525402,-53599.3883455931,21203.1403334157,-53600.7571617653,1,0,0,0
20140128091000.daq,120,12,1385.48333333333,1,0,right,-0.86397403329039,304.069839477539,12,0.000556913687845976,51.7918090820313,590.710797324922,-7.3388147354126,0.321845352649689,0.124906539916992,3.62552888879248,21211.4236101547,-53604.3311359481,21209.38370975,-53605.710686876,21207.3438093454,-53607.0902378039,1,0,0,0
20140128091000.daq,120,12,1385.58333333333,1,0,right,-0.856437040524384,304.344528198242,12,0.000565158042149375,51.8706512451172,598.312682854114,-6.72358465194702,0.322784304618835,0.143890097737312,3.55526004824873,21215.6545541056,-53610.6324149919,21213.6212909929,-53612.0217297647,21211.5880278803,-53613.4110445376,1,0,0,0
20140128091000.daq,120,12,1385.68333333333,1,0,right,-0.833823070266419,304.604248046875,12,0.00057315701385347,51.9543533325195,605.926494942716,-6.63569450378418,0.322272330522537,0.105923220515251,3.48058983560274,21219.9258888116,-53616.9188483745,21217.8989442842,-53618.3173655557,21215.8719997568,-53619.7158827369,1,0,0,0
20140128091000.daq,120,12,1385.78333333333,1,0,right,-0.778745917978085,304.852462768555,12,0.000580899380944258,52.0423316955566,613.552912485495,-6.5038595199585,0.322691142559052,0.115414880216122,3.40984088355689,21224.233846053,-53623.1980642407,21222.2129791331,-53624.6053493274,21220.1921122131,-53626.0126344142,1,0,0,0
20140128091000.daq,120,12,1385.88333333333,1,0,right,-0.723724491796929,305.090789794922,12,0.000588372949642068,52.1337394714355,621.192496091666,-6.15229988098145,0.322359144687653,0.143890097737312,3.34570611752816,21228.5784928634,-53629.4699783577,21226.5634971401,-53630.8856572262,21224.5485014168,-53632.3013360946,1,0,0,0
20140128091000.daq,120,12,1385.98333333333,1,0,right,-0.67132309657336,305.321304321289,12,0.000595562939073811,52.2278709411621,628.845692747185,-6.0644097328186,0.322549879550934,0.134398430585861,3.28283637078932,21232.9579579546,-53635.7305734511,21230.9486741359,-53637.1543476465,21228.9393903173,-53638.578121842,1,0,0,0
20140128091000.daq,120,12,1386.08333333333,1,0,right,-0.59962859587165,305.547180175781,12,0.000602451055521499,52.3242149353027,636.512860619099,-6.0644097328186,0.322073757648468,0.143890097737312,3.22937661325914,21237.3723606545,-53641.9874881532,21235.3687053478,-53643.4191724184,21233.3650500411,-53644.8508566836,1,0,0,0
20140128091000.daq,120,12,1386.18333333333,1,0,right,-0.544915178138183,305.7734375,12,0.000609015681489916,52.4224662780762,644.194299500887,-6.10835456848145,0.321664243936539,0.105923220515251,3.18269131887952,21241.8199303207,-53648.2365369247,21239.8219442504,-53649.6761223115,21237.82395818,-53651.1157076984,1,0,0,0
20140128091000.daq,120,12,1386.28333333333,1,0,right,-0.477163237826119,305.999694824219,12,0.000615233336731424,52.5223731994629,651.890269648749,-6.0644097328186,0.322192281484604,0.124906539916992,3.14336065014469,21246.3006530158,-53654.4816474933,21244.3083673385,-53655.9291115528,21242.3160816613,-53657.3765756124,1,0,0,0
20140128091000.daq,120,12,1386.38333333333,1,0,right,-0.38786384352602,306.225479125977,12,0.000621080658900366,52.6237869262695,659.601002085532,-6.0644097328186,0.322295933961868,0.105923220515251,3.11854807226748,21250.8125587825,-53660.7189404618,21248.8259925514,-53662.1742442214,21246.8394263203,-53663.6295479811,1,0,0,0
20140128091000.daq,120,12,1386.48333333333,1,0,right,-0.346842698146702,306.451080322266,12,0.00062653658503406,52.7266159057617,667.326710070207,-6.0644097328186,0.322389543056488,0.115414880216122,3.09857484774525,21255.3595642364,-53666.9523060987,21253.3787436249,-53668.4154206289,21251.3979230135,-53669.8785351591,1,0,0,0
20140128091000.daq,120,12,1386.58333333333,1,0,right,-0.26299046331161,306.675552368164,12,0.000631584337655604,52.8308258056641,675.067599635062,-6.0644097328186,0.32201686501503,0.143890097737312,3.08707781910391,21259.9416363834,-53673.1778919976,21257.9665631144,-53674.6487556913,21255.9914898454,-53676.119619385,1,0,0,0
20140128091000.daq,120,12,1386.68333333333,1,0,right,-0.203952620625273,306.904678344727,12,0.000636212382898929,52.9362831115723,682.823865342827,-6.37202453613281,0.322835892438889,0.143890097737312,3.0867077299107,21264.5550699953,-53679.3992768071,21262.5858944912,-53680.8780270421,21260.6167189871,-53682.3567772771,1,0,0,0
20140128091000.daq,120,12,1386.78333333333,1,0,right,-0.153956952213321,307.152603149414,12,0.000640414079670122,53.0429000854492,690.595682920044,-7.3388147354126,0.322460025548935,0.200840294361115,3.09390095854342,21269.2023016245,-53685.6117475707,21267.2395432419,-53687.0990047627,21265.2767848593,-53688.5862619546,1,0,0,0
20140128091000.daq,120,12,1386.88333333333,1,0,right,-0.116224596657105,307.42008972168,12,0.000644186631519716,53.1505470275879,698.383212194429,-7.69037485122681,0.322278767824173,0.0774480029940605,3.11042150835333,21273.8852964083,-53691.8191588359,21271.9295026817,-53693.3155629666,21269.9737089551,-53694.8119670973,1,0,0,0
20140128091000.daq,120,12,1386.98333333333,1,0,right,-0.111537581094126,307.698883056641,12,0.00064752997320706,53.2593116760254,706.186611548299,-7.64642953872681,0.322943806648254,0.143890097737312,3.13145103120231,21278.6057121885,-53698.0180678251,21276.6572228818,-53699.523970825,21274.7087335752,-53701.029873825,1,0,0,0
20140128091000.daq,120,12,1387.08333333333,1,0,right,-0.0855096037916496,307.982299804688,12,0.000650445849595128,53.3691444396973,714.006040949273,-7.69037485122681,0.322860181331635,0.153381749987602,3.15716780242337,21283.3633149365,-53704.2049467297,21281.4222984703,-53705.7204695772,21279.4812820041,-53707.2359924247,1,0,0,0
20140128091000.daq,120,12,1387.18333333333,1,0,right,-0.0831145223527869,308.270858764648,12,0.000652937146958255,53.4801635742188,721.841664374559,-7.86615467071533,0.323019206523895,0.134398430585861,3.18890050951767,21288.1581177542,-53710.3836700151,21286.2247585056,-53711.90894915,21284.2913992571,-53713.434228285,1,0,0,0
20140128091000.daq,120,12,1387.28333333333,1,0,right,-0.0971303408475706,308.569442749023,12,0.000655006846830191,53.5922622680664,729.693648645523,-8.21771430969238,0.322304338216782,0.143890097737312,3.2179084603,21292.9961363758,-53716.5500472958,21291.0707519906,-53718.085380938,21289.1453676054,-53719.6207145801,1,0,0,0
20140128091000.daq,120,12,1387.38333333333,1,0,right,-0.0849129712574381,308.872909545898,12,0.000656657134422631,53.7054901123047,737.562156527172,-8.26165962219238,0.322058737277985,0.153381749987602,3.25101052701657,21297.8732872188,-53722.7043716941,21295.9560616884,-53724.2498815417,21294.038836158,-53725.7953913894,1,0,0,0
20140128091000.daq,120,12,1387.48333333333,1,0,right,-0.0923100887663395,309.182876586914,12,0.000657888410392475,53.8199119567871,745.447359549871,-8.26165962219238,0.322585970163345,0.172365307807922,3.28504357917144,21302.7935241156,-53728.846547189,21300.8846877245,-53730.402406455,21298.9758513334,-53731.9582657209,1,0,0,0
20140128091000.daq,120,12,1387.58333333333,1,0,right,-0.120732657209146,309.494873046875,12,0.000658698993318063,53.9355278015137,753.349431248833,-8.39349460601807,0.322611451148987,0.153381749987602,3.31588244298343,21307.754744256,-53734.9729251547,21305.8544083458,-53736.539155614,21303.9540724355,-53738.1053860733,1,0,0,0
20140128091000.daq,120,12,1387.68333333333,1,0,right,-0.127507712805652,309.817367553711,12,0.000659084937803825,54.0523147583008,761.268546184991,-8.8768892288208,0.322212725877762,0.153381749987602,3.34742363603403,21312.7611203192,-53741.0869163298,21310.8696301352,-53742.6638181363,21308.9781399512,-53744.2407199428,1,0,0,0
20140128091000.daq,120,12,1387.78333333333,1,0,right,-0.162228197004765,310.154708862305,12,0.000659039886382616,54.1702346801758,769.20487332443,-9.36028480529785,0.321337729692459,0.172365307807922,3.37928954210706,21317.8108249586,-53747.1882606666,21315.9286518562,-53748.7762716351,21314.0464787538,-53750.3642826036,1,0,0,0
20140128091000.daq,120,12,1387.88333333333,1,0,right,-0.225571791971504,310.507553100586,12,0.000658555073155807,54.2892074584961,777.158573846929,-9.62395477294922,0.322754502296448,0.143890097737312,3.40193563006447,21322.9077690506,-53753.2690994798,21321.0354110145,-53754.8686712375,21319.1630529784,-53756.4682429953,1,0,0,0
20140128091000.daq,120,12,1387.98333333333,1,0,right,-0.267121632026601,310.874542236328,12,0.000657619429456727,54.4091987609863,785.129800260198,-9.93156909942627,0.322567075490952,0.124906539916992,3.42625885880434,21328.0499406264,-53759.3373172836,21326.187866455,-53760.9488489164,21324.3257922836,-53762.5603805493,1,0,0,0
20140128091000.daq,120,12,1388.08333333333,1,0,right,-0.357885748239141,311.250411987305,12,0.000656219718099083,54.5302467346191,793.118701108862,-10.0194597244263,0.322771489620209,0.162873417139053,3.43981653406293,21333.2391171117,-53765.3814996303,21331.3876548452,-53767.0052120121,21329.5361925786,-53768.628924394,1,0,0,0
20140128091000.daq,120,12,1388.18333333333,1,0,right,-0.429616447034277,311.631103515625,12,0.000654341148377694,54.6524963378906,801.125443773766,-9.97551441192627,0.321832627058029,0.172365307807922,3.4467023872024,21338.4790727681,-53771.4096958611,21336.638439756,-53773.0456740205,21334.7978067438,-53774.6816521798,1,0,0,0
20140128091000.daq,120,12,1388.28333333333,1,0,right,-0.506382908997011,312.01220703125,12,0.000651968590782692,54.7760353088379,809.150212094071,-9.79973411560059,0.321243464946747,0.124906539916992,3.44335531003457,21343.7696714973,-53777.4143545158,21341.9399608489,-53779.0625393861,21340.1102502004,-53780.7107242563,1,0,0,0
20140128091000.daq,120,12,1388.38333333333,1,0,right,-0.578956714925084,312.386169433594,12,0.0006490879001916,54.9009056091309,817.19319802153,-9.40422916412354,0.319389998912811,0.162873417139053,3.43072811695897,21349.1106927879,-53783.3998344012,21347.2917785328,-53785.0599263734,21345.4728642778,-53786.7200183456,1,0,0,0
20140128091000.daq,120,12,1388.48333333333,1,0,right,-0.638234679824109,312.753036499023,12,0.000645687502728494,55.0269088745117,825.254588612355,-9.22844982147217,0.302619993686676,0.124906539916992,3.41002791221533,21354.5040989618,-53789.3661378141,21352.695851553,-53791.0378422534,21350.8876041443,-53792.7095466926,1,0,0,0
20140128091000.daq,120,12,1388.58333333333,1,0,right,-0.686561616228175,313.112548828125,12,0.000641759852200634,55.1527900695801,833.334478094053,-9.05266952514648,0.290145516395569,0.143890097737312,3.38057627928812,21359.9459841565,-53795.309378952,21358.1482616757,-53796.9923965709,21356.3505391948,-53798.6754141897,1,0,0,0
20140128091000.daq,120,12,1388.68333333333,1,0,right,-0.726586962018814,313.463150024414,12,0.000637303220311907,55.2760314941406,841.432669246264,-8.65716457366943,0.286702990531921,0.143890097737312,3.34098853361822,21365.4402190555,-53801.2296565401,21363.6528287964,-53802.9236431059,21361.8654385373,-53804.6176296717,1,0,0,0
20140128091000.daq,120,12,1388.78333333333,1,0,right,-0.761102943177434,313.800231933594,12,0.000632322582698647,55.395206451416,849.548644167604,-8.0419340133667,0.286074638366699,0.172365307807922,3.2984237119611,21370.9808266776,-53807.1311610801,21369.2034333369,-53808.8356338243,21367.4260399961,-53810.5401065685,1,0,0,0
20140128091000.daq,120,12,1388.88333333333,1,0,right,-0.772840652224147,314.119155883789,12,0.000626828932136357,55.5108337402344,857.681826862929,-7.42670488357544,0.285994499921799,0.143890097737312,3.24809592804134,21376.5716009957,-53813.0141813169,21374.8037227014,-53814.7285210614,21373.0358444071,-53816.442860806,1,0,0,0
20140128091000.daq,120,12,1388.98333333333,1,0,right,-0.744948482476843,314.413452148438,12,0.000620837131623127,55.6243667602539,865.831798786923,-6.59174966812134,0.28609973192215,0.191348642110825,3.1989687245591,21382.2045733785,-53818.8752133161,21380.4455239675,-53820.5986110047,21378.6864745565,-53822.3220086933,1,0,0,0
20140128091000.daq,120,12,1389.08333333333,1,0,right,-0.716749740409227,314.685195922852,12,0.000614362562844099,55.7371253967285,873.998354793162,-6.10835456848145,0.285890609025955,0.143890097737312,3.1461330774475,21387.8837282077,-53824.7180476396,21386.1328723216,-53826.4497687746,21384.3820164355,-53828.1814899097,1,0,0,0
20140128091000.daq,120,12,1389.18333333333,1,0,right,-0.663646186052347,314.943115234375,12,0.000607418155345682,55.8498725891113,882.181439398861,-6.0644097328186,0.286083400249481,0.0964315533638,3.0980306616482,21393.6034556765,-53830.546066669,21391.8604129177,-53832.2856517816,21390.1173701588,-53834.0252368943,1,0,0,0
20140128091000.daq,120,12,1389.28333333333,1,0,right,-0.604785626270939,315.193954467773,12,0.000600012493916684,55.963191986084,890.381096197656,-6.15229988098145,0.285942435264587,0.162873417139053,3.05107481073028,21399.3639431044,-53836.3549569048,21397.6285328777,-53838.1021563119,21395.8931226509,-53839.849355719,1,0,0,0
20140128091000.daq,120,12,1389.38333333333,1,0,right,-0.530078561205016,315.447052001953,12,0.000592149359732819,56.0773086547852,898.597425664644,-6.37202453613281,0.286247193813324,0.172365307807922,3.01213316016167,21405.1615310767,-53842.1480550856,21403.4338558095,-53843.9029033967,21401.7061805424,-53845.6577517077,1,0,0,0
20140128091000.daq,120,12,1389.48333333333,1,0,right,-0.506775276591725,315.709625244141,12,0.000583828595697342,56.1924057006836,906.830558907051,-6.81147480010986,0.285004705190659,0.134398430585861,2.98253360214751,21410.9983551996,-53847.9288238591,21409.2787401084,-53849.6915712492,21407.5591250172,-53851.4543186394,1,0,0,0
20140128091000.daq,120,12,1389.58333333333,1,0,right,-0.45171435874073,315.986145019531,12,0.000575047737812561,56.3085632324219,915.080643210633,-7.29486989974976,0.280982404947281,0.115414880216122,2.95665721770613,21416.8725671353,-53853.6930789204,21415.1614793748,-53855.4641049223,21413.4503916143,-53857.2351309241,1,0,0,0
20140128091000.daq,120,12,1389.68333333333,1,0,right,-0.423799441014864,316.277053833008,12,0.000565803673291678,56.4255523681641,923.347821525167,-7.60248470306396,0.262532413005829,0.115414880216122,2.94119653179924,21422.784165346,-53859.4407882577,21421.0820916618,-53861.2204791288,21419.3800179776,-53863.00017,1,0,0,0
20140128091000.daq,120,12,1389.78333333333,1,0,right,-0.419040350797843,316.581481933594,12,0.000556093852342004,56.5418663024902,931.632128585698,-7.86615467071533,0.228028491139412,0.153381749987602,2.93058710878567,21428.7370209877,-53865.1720005674,21427.0444272673,-53866.9607098565,21425.351833547,-53868.7494191457,1,0,0,0
20140128091000.daq,120,12,1389.88333333333,1,0,right,-0.423684162612233,316.90087890625,12,0.000545917108578063,56.6539001464844,939.933234059834,-8.17376899719238,0.1776192933321,0.162873417139053,2.92151962853372,21434.7292026041,-53870.8827150389,21433.0466063425,-53872.6808318993,21431.3640100808,-53874.4789487597,1,0,0,0
20140128091000.daq,120,12,1389.98333333333,1,0,right,-0.429326001927393,317.230316162109,12,0.000535274188436332,56.7541770935059,948.250030063733,-8.21771430969238,0.163121804594994,0.162873417139053,2.91670989054038,21440.7625297507,-53876.5732320191,21439.0902999941,-53878.3809936364,21437.4180702376,-53880.1887552536,1,0,0,0
20140128091000.daq,120,12,1390.08333333333,1,0,right,-0.477538886644538,317.567962646484,12,0.000524168076552268,56.8345947265625,956.580112468044,-8.21771430969238,0.162083432078362,0.124906539916992,2.9104564581649,21446.8369483159,-53882.2397556449,21445.1754007509,-53884.0573403369,21443.5138531859,-53885.8749250289,1,0,0,0
20140128091000.daq,120,12,1390.18333333333,1,0,right,-0.498452215115606,317.911239624023,12,0.000512603915453737,56.8978233337402,964.920649972511,-8.21771430969238,0.161848992109299,0.134398430585861,2.90151754782643,21452.9504361248,-53887.8785376982,21451.2998080356,-53889.7060445612,21449.6491799463,-53891.5335514242,1,0,0,0
20140128091000.daq,120,12,1390.28333333333,1,0,right,-0.515152322003928,318.260879516602,12,0.000500588686994459,56.9501609802246,973.269609995928,-8.1298246383667,0.161833390593529,0.115414880216122,2.89224583687829,21459.1010501574,-53893.4856245742,21457.4616048508,-53895.3231700866,21455.8221595442,-53897.160715599,1,0,0,0
20140128091000.daq,120,12,1390.38333333333,1,0,right,-0.54270404441047,318.607727050781,12,0.000488130680417612,56.9940643310547,981.625621880448,-7.73431968688965,0.161967724561691,0.191348642110825,2.88044587703129,21465.2905308069,-53899.0615876556,21463.6622392955,-53900.9090240354,21462.0339477841,-53902.7564604152,1,0,0,0
20140128091000.daq,120,12,1390.48333333333,1,0,right,-0.574588771421986,318.943313598633,12,0.000475239007597108,57.0311088562012,989.987541795053,-7.20697975158691,0.161216780543327,0.153381749987602,2.86805643416982,21471.5167411626,-53904.6069602381,21469.8992981204,-53906.4639019251,21468.2818550782,-53908.3208436121,1,0,0,0
20140128091000.daq,120,12,1390.58333333333,1,0,right,-0.579304476393816,319.268966674805,12,0.000461923181332059,57.0635757446289,998.354543279434,-6.94330978393555,0.16213470697403,0.181856974959373,2.84812529294266,21477.7777690399,-53910.1138514874,21476.1709063999,-53911.9799562218,21474.56404376,-53913.8460609562,1,0,0,0
20140128091000.daq,120,12,1390.68333333333,1,0,right,-0.552776570120045,319.585052490234,12,0.000448192733667538,57.092601776123,1006.72605117767,-6.72358465194702,0.162281274795532,0.153381749987602,2.82942199489266,21484.0755857871,-53915.5900552034,21482.4790423581,-53917.4649961365,21480.8824989291,-53919.3399370696,1,0,0,0
20140128091000.daq,120,12,1390.78333333333,1,0,right,-0.577106450777762,319.890274047852,12,0.000434057502261517,57.1192092895508,1015.10162628992,-6.41596984863281,0.162135720252991,0.134398430585861,2.80763306184856,21490.4062676653,-53921.0317509873,21488.81973488,-53922.9151702567,21487.2332020947,-53924.7985895262,1,0,0,0
20140128091000.daq,120,12,1390.88333333333,1,0,right,-0.527974840312709,320.181427001953,12,0.000419528641439364,57.1447830200195,1023.48101241631,-6.02046489715576,0.162400394678116,0.124906539916992,2.78499626034359,21496.7697591558,-53926.439145592,21495.1928175546,-53928.3306025992,21493.6158759534,-53930.2220596063,1,0,0,0
20140128091000.daq,120,12,1390.98333333333,1,0,right,-0.500626758072315,320.460311889648,12,0.0004046191970912,57.1700744628906,1031.8641221365,-5.75679492950439,0.162237986922264,0.153381749987602,2.76380090534452,21503.1661103391,-53931.8160362346,21501.5983939726,-53933.7151465046,21500.030677606,-53935.6142567745,1,0,0,0
20140128091000.daq,120,12,1391.08333333333,1,0,right,-0.436492669011102,320.730117797852,12,0.000389344082961538,57.1954917907715,1040.2509471048,-5.71284961700439,0.162174582481384,0.172365307807922,2.74837528768564,21509.5934433287,-53937.1622248287,21508.0346872238,-53939.068696394,21506.475931119,-53940.9751679592,1,0,0,0
20140128091000.daq,120,12,1391.18333333333,1,0,right,-0.38842923580728,320.993057250977,12,0.000373719436658421,57.2209701538086,1048.64150639046,-5.62495946884155,0.162379086017609,0.143890097737312,2.73784466277125,21516.0498567898,-53942.4814801247,21514.4998661697,-53944.3950849692,21512.9498755496,-53946.3086898138,1,0,0,0
20140128091000.daq,120,12,1391.28333333333,1,0,right,-0.326794127362064,321.254287719727,12,0.000357761572945328,57.2461891174316,1057.03578330198,-5.62495946884155,0.162441566586494,0.162873417139053,2.73524549934559,21522.5354571913,-53947.7734764501,21520.9942074106,-53949.6941283021,21519.4529576299,-53951.6147801542,1,0,0,0
20140128091000.daq,120,12,1391.38333333333,1,0,right,-0.274812875228974,321.512191772461,12,0.000341485939094972,57.2709999084473,1065.43373107538,-5.62495946884155,0.16257843375206,0.134398430585861,2.73635027721938,21529.0482617127,-53953.0344113371,21527.5156728987,-53954.9619812971,21525.9830840847,-53956.8895512571,1,0,0,0
20140128091000.daq,120,12,1391.48333333333,1,0,right,-0.189814464610265,321.768768310547,12,0.000324906491982099,57.2955894470215,1073.83529175677,-5.66890478134155,0.16299657523632,0.162873417139053,2.74769743996812,21535.5863578222,-53958.268064803,21534.0624162076,-53960.2024785071,21532.5384745929,-53962.1368922112,1,0,0,0
20140128091000.daq,120,12,1391.58333333333,1,0,right,-0.155984910644406,322.018112182617,12,0.000308035322283732,57.3216934204102,1082.24059351602,-5.66890478134155,0.162807747721672,0.143890097737312,2.77082939710422,21542.1535426967,-53963.4787207239,21540.6380338061,-53965.4197480875,21539.1225249156,-53967.3607754511,1,0,0,0
20140128091000.daq,120,12,1391.68333333333,1,0,right,-0.0950157036622272,322.270309448242,12,0.000290882900963541,57.3471298217773,1090.64967952715,-5.66890478134155,0.16269651055336,0.172365307807922,2.80046008015353,21548.7441482215,-53968.6618302814,21547.2371977517,-53970.6095095941,21545.730247282,-53972.5571889068,1,0,0,0
20140128091000.daq,120,12,1391.78333333333,1,0,right,-0.0722749283056601,322.518341064453,12,0.000273458326502363,57.3715934753418,1099.06241644498,-5.62495946884155,0.162753984332085,0.172365307807922,2.835796656001,21555.358044939,-53973.817842281,21553.859540005,-53975.7720268645,21552.3610350711,-53977.726211448,1,0,0,0
20140128091000.daq,120,12,1391.88333333333,1,0,right,-0.0306020953181019,322.763259887695,12,0.000255769618441086,57.3954238891602,1107.47868859493,-5.58101463317871,0.162585631012917,0.134398430585861,2.88080400934328,21561.9972081098,-53978.9505967982,21560.5070702765,-53980.9111690772,21559.0169324432,-53982.8717413562,1,0,0,0
20140128091000.daq,120,12,1391.98333333333,1,0,right,-0.0181468569506933,323.005661010742,12,0.000237824344702861,57.4190254211426,1115.89843219507,-5.40523481369019,0.16302715241909,0.172365307807922,2.9286856628231,21568.659697527,-53984.0561504134,21567.1778675934,-53986.0230094504,21565.6960376598,-53987.9898684874,1,0,0,0
20140128091000.daq,120,12,1392.08333333333,1,0,right,-0.0086977084529849,323.242965698242,12,0.000219630135954345,57.4426612854004,1124.32163377106,-5.2294545173645,0.162105917930603,0.153381749987602,2.97903135431024,21575.3474237276,-53989.1385758237,21573.8737527152,-53991.1115553397,21572.4000817027,-53993.0845348556,1,0,0,0
20140128091000.daq,120,12,1392.18333333333,1,0,right,-0.0180105331295408,323.473281860352,12,0.000201194849296261,57.4666213989258,1132.7483263328,-5.14156484603882,0.149400517344475,0.134398430585861,3.02648855673155,21582.0603584982,-53994.1901835315,21580.594630305,-53996.1690709176,21579.1289021118,-53998.1479583038,1,0,0,0
20140128091000.daq,120,12,1392.28333333333,1,0,right,-0.0317088385756392,323.703048706055,12,0.000182526312655272,57.4898910522461,1141.17850904107,-5.09761953353882,0.136516153812408,0.153381749987602,3.07431540058406,21588.794708916,-53999.2222795807,21587.3369281976,-54001.2070288848,21585.8791474791,-54003.191778189,1,0,0,0
20140128091000.daq,120,12,1392.38333333333,1,0,right,-0.0207810984741741,323.922943115234,12,0.000163631679470641,57.5094299316406,1149.61187077264,-4.70211458206177,0.130029872059822,0.124906539916992,3.11920507387136,21595.554227645,-54004.2276524207,21594.1040748764,-54006.2179818837,21592.6539221079,-54008.2083113467,1,0,0,0
20140128091000.daq,120,12,1392.48333333333,1,0,right,-0.0664502151896045,324.128890991211,12,0.000144517088596856,57.5239219665527,1158.04771006675,-4.26266479492188,0.127894639968872,0.172365307807922,3.16239459422341,21602.3329962325,-54009.2065668447,21600.8900069933,-54011.2020959673,21599.447017754,-54013.1976250898,1,0,0,0
20140128091000.daq,120,12,1392.58333333333,1,0,right,-0.038415477982312,324.32112121582,12,0.000125187820729046,57.5365600585938,1166.48551121324,-3.91110491752625,0.12713585793972,0.153381749987602,3.20235562633347,21609.1329811302,-54014.166823222,21607.6966951005,-54016.1671824058,21606.2604090708,-54018.1675415896,1,0,0,0
20140128091000.daq,120,12,1392.68333333333,1,0,right,-0.077340397908813,324.493118286133,12,0.000105648802358375,57.548770904541,1174.92512697294,-3.20798492431641,0.127089440822601,0.172365307807922,3.23940614261205,21615.9501815432,-54019.1010322061,21614.5199068846,-54021.1056939791,21613.0896322259,-54023.1103557522,1,0,0,0
20140128091000.daq,120,12,1392.78333333333,1,0,right,-0.0602679439122653,324.638519287109,12,0.0001,57.5610008239746,1183.36652550155,-2.41697478294373,0.126987025141716,0.143890097737312,3.27214899734918,21622.7864623826,-54024.0174204895,21621.3612796068,-54026.0257054491,21619.9360968309,-54028.0339904086,1,0,0,0
20140128091000.daq,120,12,1392.88333333333,1,0,right,-0.0384398487589692,324.751434326172,12,0.0001,57.5733947753906,1191.80973048415,-1.53807497024536,0.127275973558426,0.153381749987602,3.30192250984899,21629.6397918161,-54028.9163721275,21628.2185696111,-54030.9274618489,21626.7973474062,-54032.9385515703,1,0,0,0
20140128091000.daq,120,12,1392.98333333333,1,0,right,0.0223144310491534,324.826736450195,12,0.0001,57.5860977172852,1200.25477427796,-0.483394980430603,0.127473264932632,0.0679563358426094,3.33376749804982,21636.5061965487,-54033.8021279797,21635.0876186854,-54035.8150838334,21633.669040822,-54037.8280396871,1,0,0,0
20140128091000.daq,120,12,1393.08333333333,1,0,right,0.0944423494215698,324.860275268555,12,0.0001,57.5990524291992,1208.7016992643,0.483394980430603,0.127728059887886,0.124906539916992,3.36670312062259,21643.3836688794,-54038.6749588154,21641.9662695685,-54040.6887447069,21640.5488702576,-54042.7025305984,1,0,0,0
20140128091000.daq,120,12,1393.18333333333,1,0,right,0.179836234134541,324.856903076172,12,0.0001,57.6120567321777,1217.15053094663,1.14256989955902,0.127746179699898,0.143890097737312,3.40612721066306,21650.2703354828,-54043.5462706798,21648.8528176512,-54045.5599731456,21647.4352998197,-54047.5736756113,1,0,0,0
20140128091000.daq,120,12,1393.28333333333,1,0,right,0.304007337000996,324.831558227539,12,0.0001,57.625129699707,1225.60127673821,1.18651497364044,0.108746849000454,0.143890097737312,3.45123392890527,21657.1625212716,-54048.411191144,21655.7441128153,-54050.4242663723,21654.3257043591,-54052.4373416006,1,0,0,0
20140128091000.daq,120,12,1393.38333333333,1,0,right,0.416031359151305,324.793334960938,12,0.0001,57.6381683349609,1234.05393668564,1.09862494468689,0.0300441011786461,0.143890097737312,3.50693295707054,21664.0584125822,-54053.2769442096,21662.6386614752,-54055.2890727388,21661.2189103682,-54057.3012012679,1,0,0,0
20140128091000.daq,120,12,1393.48333333333,1,0,right,0.516919056036386,324.74967956543,12,0.0001,57.6510696411133,1242.50850104452,1.09862494468689,0,0.153381749987602,3.57752872858868,21670.954217592,-54058.1469543245,21669.5329337954,-54060.1580005182,21668.1116499988,-54062.1690467118,1,0,0,0
20140128091000.daq,120,12,1393.58333333333,1,0,right,0.605257182630453,324.701614379883,12,0.0001,57.6639442443848,1250.96495550114,1.09862494468689,0,0.143890097737312,3.65804398877034,21677.8479983644,-54063.0211552123,21676.4250280101,-54065.0310083895,21675.0020576557,-54067.0408615668,1,0,0,0
20140128091000.daq,120,12,1393.68333333333,1,0,right,0.67543301118468,324.650665283203,12,-0.000100060379543011,57.6767654418945,1259.42329264231,1.09862494468689,0,0.153381749987602,3.75098378621191,21684.7417312627,-54067.9033543397,21683.3169742504,-54069.9119413753,21681.8922172382,-54071.9205284109,1,0,0,0
20140128091000.daq,120,12,1393.78333333333,1,0,right,0.750027996245535,324.599075317383,12,-0.000121567408446071,57.6895599365234,1267.88350934419,1.05467998981476,0,0.143890097737312,3.84981585808019,21691.6334980105,-54072.7895004123,21690.2069330146,-54074.7968037616,21688.7803680187,-54076.8041071108,1,0,0,0
20140128091000.daq,120,12,1393.88333333333,1,0,right,0.811454481489363,324.54963684082,12,-0.000143244868257385,57.7016410827637,1276.34559478999,0.659174978733063,0,0.153381749987602,3.96167666644924,21698.5194364045,-54077.683319276,21697.0911399097,-54079.6893909463,21695.662843415,-54081.6954626166,1,0,0,0
20140128091000.daq,120,12,1393.98333333333,1,0,right,0.847321150811126,324.517837524414,12,-0.000165098808970005,57.7123489379883,1284.80931208222,0.219724997878075,0,0.153381749987602,4.07962743790185,21705.4056517656,-54082.5838107444,21703.9762421155,-54084.5890893972,21702.5468324654,-54086.5943680501,1,0,0,0
20140128091000.daq,120,12,1394.08333333333,1,0,right,0.865471036866552,324.502655029297,12,-0.000187136605659122,57.7238006591797,1293.27464709373,-0.0878899917006493,0,5.83892250061035,4.20258599226631,21712.2882235219,-54087.4871350573,21710.8582825542,-54089.4920348683,21709.4283415865,-54091.4969346793,1,0,0,0
20140128091000.daq,120,12,1394.18333333333,1,0,right,0.875569572784968,324.493515014648,12,-0.00020936642133838,57.7287330627441,1301.7413331342,0.131834998726845,0,8.16439342498779,4.3286410245463,21719.1708909665,-54092.3939753352,21717.7406301887,-54094.3986470117,21716.3103694108,-54096.4033186883,1,0,0,0
20140128091000.daq,120,12,1394.28333333333,1,0,right,0.89215732030658,324.475830078125,12,-0.000231796230506263,57.7107772827148,1310.2072978053,0.878899991512299,0,9.5786600112915,4.46065528065947,21726.0495162827,-54097.3052736432,21724.6186368103,-54099.3095037594,21723.1877573379,-54101.3137338757,1,0,0,0
20140128091000.daq,120,12,1394.38333333333,1,0,right,0.926512449831307,324.43830871582,12,-0.000254432743197787,57.6526184082031,1318.66793104763,1.66990995407104,0,10.4234228134155,4.59470390308524,21732.9258721953,-54102.2178526606,21731.493680517,-54104.2211453052,21730.0614888387,-54106.2244379499,1,0,0,0
20140128091000.daq,120,12,1394.48333333333,1,0,right,0.979384736273175,324.380310058594,12,-0.000277280445023706,57.5355834960938,1327.11580977829,2.19724988937378,0,11.0403842926025,4.7338015718331,21739.7882271827,-54107.1278468832,21738.3540083704,-54109.1296887406,21736.9197895581,-54111.1315305979,1,0,0,0
20140128091000.daq,120,12,1394.58333333333,1,0,right,1.04626769144801,324.306182861328,12,-0.000300341121176327,57.3589706420898,1335.54212398475,2.2411949634552,0,11.4105615615845,4.8786138813272,21746.6288346988,-54112.0310684486,21745.1920271773,-54114.0310530909,21743.7552196558,-54116.0310377333,1,0,0,0
20140128091000.daq,120,12,1394.68333333333,1,0,right,1.12118213116429,324.221969604492,12,-0.0003236138678617,57.1276168823242,1343.93843123963,2.28513979911804,0,11.600396156311,5.0281385819617,21753.443882252,-54116.9232203317,21752.0041367089,-54118.9210909969,21750.5643911658,-54120.918961662,1,0,0,0
20140128091000.daq,120,12,1394.78333333333,1,0,right,1.20149253025096,324.130493164063,12,-0.000347095538119713,56.8521118164063,1352.29740828239,2.37302994728088,0,11.2586946487427,5.18552569908528,21760.2197410743,-54121.8002135393,21758.776807637,-54123.7957830116,21757.3338741997,-54125.791352484,1,0,0,0
20140128091000.daq,120,12,1394.88333333333,1,0,right,1.28829675708528,324.036239624023,12,-0.000370781596071158,56.5518760681152,1360.61375771988,2.50486493110657,0,9.83493614196777,5.35111789309731,21766.9564824662,-54126.6617583584,21765.5102682019,-54128.6549514563,21764.0640539376,-54130.6481445541,1,0,0,0
20140128091000.daq,120,12,1394.98333333333,1,0,right,1.38730866582307,323.931488037109,12,-0.000394667175667643,56.2685928344727,1368.88688094422,2.46091985702515,0,7.54743194580078,5.5281556581965,21773.6500718726,-54131.5083519534,21772.2002159519,-54133.4988976657,21770.7503600313,-54135.4894433781,1,0,0,0
20140128091000.daq,120,12,1395.08333333333,1,0,right,1.4650358152079,323.822525024414,12,-0.000418748094867841,56.0323753356934,1377.12159656482,2.46091985702515,0,6.5508017539978,5.7167969531032,21780.3025632873,-54136.3434948136,21778.8489244439,-54138.3312796452,21777.3952856006,-54140.3190644767,0,1,0,1
20140128091000.daq,120,12,1395.18333333333,1,0,right,1.51714450491801,323.713684082031,12,-0.000443021821162442,55.8574523925781,1385.32616853167,2.46091985702515,0,7.39556455612183,5.91688669409843,21786.917934029,-54141.1747201213,21785.4605217495,-54143.1597399879,21784.00310947,-54145.1447598545,0,1,0,1
20140128091000.daq,120,12,1395.28333333333,1,0,right,1.41725422942966,323.602661132813,12,-0.000467487829561602,55.7290000915527,1393.50882013857,2.54880976676941,0,8.3921947479248,6.11565519913441,21793.5059108897,-54146.0060823253,21792.0446549438,-54147.988274416,21790.583398998,-54149.9704665066,0,1,0,1
20140128091000.daq,120,12,1395.38333333333,1,0,right,1.44977043956919,323.487319946289,12,-0.000492147138458933,55.6092224121094,1401.67377516358,2.94431495666504,0,8.02201747894287,6.30668036508962,21800.0703629814,-54150.837718528,21798.605119681,-54152.8169649741,21797.1398763807,-54154.7962114201,0,1,0,1
20140128091000.daq,120,12,1395.48333333333,1,0,right,1.41467959404474,323.359100341797,12,-0.000517001322467799,55.4812088012695,1409.82042502121,3.51559996604919,0,7.49048137664795,6.49450978959916,21806.6130949858,-54155.6779907901,21805.143426093,-54157.6539532819,21803.6737572002,-54159.6299157737,0,1,0,1
20140128091000.daq,120,12,1395.58333333333,1,0,right,1.31679889432507,323.207946777344,12,-0.000542051574320682,55.3612747192383,1417.94873544271,4.21871995925903,0,7.38607263565063,6.67459602633157,21813.1300209973,-54160.5236370048,21811.6551443841,-54162.4957154513,21810.1802677708,-54164.4677938978,0,1,0,1
20140128091000.daq,120,12,1395.68333333333,1,0,right,1.26657860905863,323.029586791992,12,-0.000567297950722568,55.253719329834,1426.06040079752,4.87789487838745,0,7.67082357406616,6.83626895337194,21819.6230076573,-54165.3749280712,21818.1419991811,-54167.3424057246,21816.6609907048,-54169.3098833781,0,1,0,1
20140128091000.daq,120,12,1395.78333333333,1,0,right,1.16276732845222,322.825744628906,12,-0.000592738840568485,55.1480598449707,1434.15662333685,5.49312448501587,0,7.92710018157959,6.99144198688759,21826.0881630439,-54170.2395614402,21824.6001642268,-54172.2017576444,21823.1121654097,-54174.1639538485,0,1,0,1
20140128091000.daq,120,12,1395.88333333333,1,0,right,1.07068376237601,322.602661132813,12,-0.000618370744065082,55.034008026123,1442.23677368082,5.71284961700439,0,7.84167528152466,7.127129955936,21832.5255821071,-54175.1132263546,21831.0299546957,-54177.0696141151,21829.5343272842,-54179.0260018756,0,1,0,1
20140128091000.daq,120,12,1395.98333333333,1,0,right,0.967016182274165,322.362945556641,12,-0.000644188239185098,54.915714263916,1450.29974133465,5.97651958465576,0,7.78472471237183,7.24751464644472,21838.9333450493,-54179.999657979,21837.4295455657,-54181.9497711901,21835.925746082,-54183.8998844013,0,1,0,1
20140128091000.daq,120,12,1396.08333333333,1,0,right,0.866444659475235,322.105545043945,12,-0.000670184029772596,54.8011054992676,1458.34560285523,6.41596984863281,0,7.55692386627197,7.34417714160766,21845.3094659327,-54184.8989194967,21843.7969207964,-54186.8422572528,21842.2843756602,-54188.7855950089,0,1,0,1
20140128091000.daq,120,12,1396.18333333333,1,0,right,0.775160131093912,321.829528808594,12,-0.000696348710025376,54.6924819946289,1466.37506585784,6.94330978393555,0,7.39556455612183,7.42529704293449,21851.6500058179,-54189.8188780445,21850.1281164489,-54191.7549067561,21848.6062270799,-54193.6909354676,0,1,0,1
20140128091000.daq,120,12,1396.28333333333,1,0,right,0.633845385239681,321.528015136719,12,-0.000722670136511911,54.5912017822266,1474.38914768212,7.91009950637817,0,7.67082357406616,7.4867910632239,21857.9567687111,-54194.7599663633,21856.4247122922,-54196.6879595045,21854.8926558732,-54198.6159526457,0,1,0,1
20140128091000.daq,120,12,1396.38333333333,1,0,right,0.499452293204683,321.181518554688,12,-0.000749132438585689,54.4879302978516,1482.38841886823,9.58000946044922,0,8.03150939941406,7.52341599997633,21864.2293478073,-54199.7234147283,21862.6856599243,-54201.6421075498,21861.1419720412,-54203.5608003713,0,1,0,1
20140128091000.daq,120,12,1396.48333333333,1,0,right,0.353755519687127,320.771896362305,12,-0.00077571506074628,54.3726615905762,1490.37168802838,11.5575342178345,0,7.93659210205078,7.54333176109692,21870.4595156564,-54204.7181695461,21868.9021501144,-54206.625777208,21867.3447845724,-54208.53338487,0,1,0,1
20140128091000.daq,120,12,1396.58333333333,1,0,right,0.329002147096332,320.312728881836,12,-0.000802391928268408,54.249340057373,1498.3373609885,11.9969844818115,0,7.8132004737854,7.54199357541578,21876.6474657983,-54209.7433436849,21875.0748628918,-54211.6384095206,21873.5022599853,-54213.5334753564,0,1,1,1
20140128091000.daq,120,12,1396.68333333333,1,0,right,0.254748890586711,319.821075439453,12,-0.000829130670896678,54.1266708374023,1506.28491844845,12.0409297943115,0,8.02201747894287,7.52653598024708,21882.7837176075,-54214.8017414057,21881.1949112923,-54216.6832431773,21879.6061049772,-54218.5647449488,0,1,1,1
20140128091000.daq,120,12,1396.78333333333,1,0,right,0.221640865818983,319.295425415039,12,-0.000855891969723011,53.9992256164551,1514.21433966042,13.403223991394,0,9.5786600112915,7.49078321815764,21888.8681863015,-54219.8973442354,21887.2621855854,-54221.7641908073,21885.6561848692,-54223.6310373792,0,1,1,1
20140128091000.daq,120,12,1396.88333333333,1,0,right,0.133416049493178,318.715194702148,12,-0.000882629104163303,53.8459358215332,1522.12342186492,15.5125846862793,0,11.0308923721313,7.44568706196102,21894.8944958055,-54225.0353253813,21893.269672327,-54226.8858126379,21891.6448488484,-54228.7362998945,0,1,1,1
20140128091000.daq,120,12,1396.98333333333,1,0,right,0.184974500432133,318.068344116211,12,-0.000909288638016777,53.6507225036621,1530.00706703376,17.0506591796875,0,10.4708814620972,7.38971455086475,21900.8525008897,-54230.2163958675,21899.2068900061,-54232.0484218616,21897.5612791224,-54233.8804478557,0,1,1,1
20140128091000.daq,120,12,1397.08333333333,1,0,right,0.210421911938852,317.375778198242,12,-0.00093581274811358,53.4156608581543,1537.85897185713,16.9188232421875,0,8.76237201690674,7.3237938746055,21906.7347467046,-54235.4392009441,21905.067111862,-54237.2512021735,21903.3994770194,-54239.0632034029,0,1,1,1
20140128091000.daq,120,12,1397.18333333333,1,0,right,0.255442461674022,316.655075073242,12,-0.000962142525810933,53.1820182800293,1545.67578461567,16.3914833068848,0,6.76911067962646,7.2549677371536,21912.5337513683,-54240.7065152927,21910.8434565379,-54242.4973971453,21909.1531617075,-54244.2882789978,0,1,1,1
20140128091000.daq,120,12,1397.28333333333,1,0,right,0.249155653488231,315.930923461914,12,-0.000988221195070076,52.9926452636719,1553.46130895689,16.0838680267334,0,6.30401611328125,7.17936572356699,21918.2461708969,-54246.0167880499,21916.5333770201,-54247.7861640865,21914.8205831432,-54249.5555401231,0,1,1,1
20140128091000.daq,120,12,1397.38333333333,1,0,right,0.162473719611626,315.20866394043,12,-0.00101399648813447,52.8553047180176,1561.22296917594,16.0838680267334,0,6.58876848220825,7.09797834667962,21923.8760456978,-54251.3814008822,21922.1410840845,-54253.1290457614,21920.4061224712,-54254.8766906406,0,1,1,1
20140128091000.daq,120,12,1397.48333333333,1,0,right,0.138036993057767,314.515670776367,12,-0.00103942166450999,52.7602386474609,1568.96776785223,16.2596492767334,0,7.3291220664978,7.01464593004004,21929.4260709492,-54256.8025892092,21927.6700989664,-54258.5291223884,21925.9141269836,-54260.2556555677,0,1,1,1
20140128091000.daq,120,12,1397.58333333333,1,0,right,0.154307842208198,313.814971923828,12,-0.00106445511797072,52.6811103820801,1576.70020030306,16.9188232421875,0,7.70879125595093,6.92417244582437,21934.8972487585,-54262.2826128128,21933.1202939716,-54263.9875427552,21931.3433391846,-54265.6924726977,0,1,1,1
20140128091000.daq,120,12,1397.68333333333,1,0,right,0.0571198842542913,313.109024047852,12,-0.00108905838721797,52.590217590332,1584.42030158979,17.9295597076416,0,7.83218336105347,6.83248371363392,21940.2915874986,-54267.8252160627,21938.4937614836,-54269.5081230842,21936.6959354685,-54271.1910301058,0,1,1,1
20140128091000.daq,120,12,1397.78333333333,1,0,right,0.0720151106622779,312.378814697266,12,-0.00111319336057424,52.4828872680664,1592.1258613065,18.105339050293,0,7.74675798416138,6.73993090592358,21945.606572724,-54273.4315243048,21943.7874453873,-54275.0913827796,21941.9683180506,-54276.7512412544,0,1,1,1
20140128091000.daq,120,12,1397.88333333333,1,0,right,0.0249451786602322,311.632217407227,12,-0.00113682028233477,52.3648986816406,1599.81477190022,17.9295597076416,0,7.42403936386108,6.64256050455141,21950.838481021,-54279.0893171667,21948.9978798144,-54280.7253311097,21947.1572786077,-54282.3613450526,0,1,1,1
20140128091000.daq,120,12,1397.98333333333,1,0,right,0.0631229152618289,310.881286621094,12,-0.00115989614871349,52.2504806518555,1607.48648721525,17.973503112793,0,7.43353080749512,6.54458350920992,21955.9915534707,-54284.8017629237,21954.1296690083,-54286.4135137333,21952.267784546,-54288.025264543,0,1,1,1
20140128091000.daq,120,12,1398.08333333333,1,0,right,0.0533271956194312,310.134140014648,12,-0.0011823740616636,52.1433219909668,1615.14199927439,18.061393737793,0,7.56641483306885,6.43609090094437,21961.0601794015,-54290.5605603965,21959.1774363338,-54292.1478955735,21957.2946932661,-54293.7352307506,0,1,1,1
20140128091000.daq,120,12,1398.18333333333,1,0,right,0.069423313786217,309.384963989258,12,-0.00120420411782103,52.0332489013672,1622.78173044609,18.061393737793,0,7.6138744354248,6.33153702742153,21966.0441845166,-54296.3738576218,21964.1408476439,-54297.9364398349,21962.2375107713,-54299.499022048,0,1,1,1
20140128091000.daq,120,12,1398.28333333333,1,0,right,0.0616602431509818,308.635406494141,12,-0.00122533564692522,51.9164505004883,1630.4048040558,18.061393737793,0,7.5284481048584,6.22631778595723,21970.9397162349,-54302.2376431123,21969.0161007313,-54303.7751924017,21967.0924852276,-54305.3127416911,0,1,1,1
20140128091000.daq,120,12,1398.38333333333,1,0,right,0.131138200482212,307.888259887695,12,-0.00124571992020055,51.7954063415527,1638.0103832927,17.973503112793,0,7.35759782791138,6.12925854563306,21975.7449187574,-54308.1556550501,21973.8014174697,-54309.6679900554,21971.857916182,-54311.1803250607,0,1,1,1
20140128091000.daq,120,12,1398.48333333333,1,0,right,0.0658644778087591,307.147048950195,12,-0.00126531281736159,51.6766014099121,1645.59826571458,17.3582744598389,0,6.00977277755737,6.03898697964679,21980.4560167804,-54314.1237824196,21978.4931142337,-54315.6108493366,21976.530211687,-54317.0979162536,0,1,1,1
20140128091000.daq,120,12,1398.58333333333,1,0,right,0.0964000722457286,306.407638549805,12,-0.00128407662831415,51.5772399902344,1653.16984109508,17.3143291473389,0,4.55753993988037,5.95239559730356,21985.0767886381,-54320.1422594543,21983.0948592597,-54321.603871702,21981.1129298814,-54323.0654839497,0,1,1,1
20140128091000.daq,120,12,1398.68333333333,1,0,right,0.0402036186779924,305.667526245117,12,-0.00130198001345122,51.5111198425293,1660.72935834274,17.973503112793,0,4.63347339630127,5.87088991551801,21989.6110590644,-54326.2112217428,21987.6104153353,-54327.6471113948,21985.6097716062,-54329.0830010468,0,1,1,1
20140128091000.daq,120,12,1398.78333333333,1,0,right,0.139296708531219,304.920562744141,12,-0.00131899659349157,51.4676933288574,1668.28093675074,18.5008430480957,0,5.15551805496216,5.79056859852704,21994.0625121612,-54332.3349091093,21992.0433193234,-54333.7445951408,21990.0241264857,-54335.1542811723,0,1,1,1
20140128091000.daq,120,12,1398.88333333333,1,0,right,0.10056794307792,304.177047729492,12,-0.0013351027476796,51.4378433227539,1675.82725068233,19.0721282958984,0,5.5921368598938,5.71174508184093,21998.4295687992,-54338.5088315444,21996.3922532928,-54339.8921969882,21994.3549377865,-54341.2755624319,0,1,1,1
20140128091000.daq,120,12,1398.98333333333,1,0,right,0.17162143720941,303.413681030273,12,-0.00135027599860119,51.4100914001465,1683.3695289178,20.0389194488525,0,6.10469007492065,5.63789131893744,22002.7152611816,-54344.7420707629,22000.6596960984,-54346.0981705425,21998.6041310152,-54347.4542703221,0,0,1,0
20140128091000.daq,120,12,1399.08333333333,1,0,right,0.218741090265894,302.640686035156,12,-0.00136449399545721,51.3685264587402,1690.90686643515,20.5662593841553,0,6.59825992584229,5.5619784944895,22006.9179942559,-54351.0262245976,22004.8443212377,-54352.3544695436,22002.7706482194,-54353.6827144897,0,0,1,0
20140128091000.daq,120,12,1399.18333333333,1,0,right,0.294614876352057,301.849136352539,12,-0.00137773389595226,51.3063926696777,1698.43663321082,20.3904781341553,0,6.00028085708618,5.49690590907042,22011.0315402,-54357.3617479408,22008.9397157504,-54358.6612189469,22006.8478913008,-54359.9606899529,0,0,1,0
20140128091000.daq,120,12,1399.28333333333,1,0,right,0.353763014234744,301.048080444336,12,-0.00138997256597208,51.2321739196777,1705.95611245363,20.3025894165039,0,2.38393592834473,5.43480452928321,22015.0542747944,-54363.7442173871,22012.9444873919,-54365.0143164146,22010.8346999893,-54366.284415442,0,0,1,0
20140128091000.daq,120,12,1399.38333333333,1,0,right,0.453791258785031,300.241119384766,12,-0.00140118702158257,51.1667404174805,1713.4652537628,20.3465347290039,0,0.0394811220467091,5.38240358043733,22018.9843776007,-54370.1734201522,22016.856911801,-54371.4136796794,22014.7294460014,-54372.6539392065,0,0,1,0
20140128091000.daq,120,12,1399.48333333333,1,0,right,0.532378442897766,299.429962158203,12,-0.00141135489438136,51.1112823486328,1720.96556272649,20.4344234466553,0,0.0584646798670292,5.33544331163536,22022.8199601948,-54376.6492491909,22020.6751493771,-54377.8592661246,22018.5303385594,-54379.0692830583,0,0,1,0
20140128091000.daq,120,12,1399.58333333333,1,0,right,0.592031264967204,298.619873046875,12,-0.00142045504239993,51.0606269836426,1728.45816056308,20.8299293518066,0,0.115414880216122,5.30220341840679,22026.5592904659,-54383.167513005,22024.3975864989,-54384.3470851234,22022.2358825318,-54385.5266572418,0,0,1,0
20140128091000.daq,120,12,1399.68333333333,1,0,right,0.687013292936399,297.802886962891,12,-0.00142846852514002,51.0101737976074,1735.94339406324,21.2693786621094,0,0.0679563358426094,5.28023663701839,22030.2020335664,-54389.7364204702,22028.023730293,-54390.8850497719,22025.8454270197,-54392.0336790737,0,0,1,0
20140128091000.daq,120,12,1399.78333333333,1,0,right,0.775959412484269,296.982940673828,12,-0.00143537922819583,50.956413269043,1743.42100063959,21.4451580047607,0,0.105923220515251,5.27299503821434,22033.7464013516,-54396.3518476336,22031.5518839305,-54397.4691872023,22029.3573665093,-54398.586526771,0,0,1,0
20140128091000.daq,120,12,1399.88333333333,1,0,right,0.908431479300305,296.15788269043,12,-0.00144117442481114,50.8990898132324,1750.89046961738,21.3133239746094,0,0.105923220515251,5.27842708278413,22037.1922987389,-54403.0099803577,22034.9819197312,-54404.0956041718,22032.7715407234,-54405.1812279858,0,0,1,0
20140128091000.daq,120,12,1399.98333333333,1,0,right,1.00585656886017,295.340454101563,12,-0.00144584453132711,50.8379402160645,1758.35124761425,20.917818069458,0.0563959926366806,0.105923220515251,5.29407709318627,22040.5402998958,-54409.7101803852,22038.3146579624,-54410.7641597057,22036.0890160291,-54411.8181390263,0,0,1,0
20140128091000.daq,120,12,1400.08333333333,1,0,right,1.11195365660899,294.5322265625,12,-0.00144938329687083,50.7729339599609,1765.80277998888,20.6980934143066,0.113400273025036,0.105923220515251,5.32300230019736,22043.7885474838,-54416.4484725276,22041.5482597989,-54417.4709526069,22039.3079721141,-54418.4934326862,0,0,1,0
20140128091000.daq,120,12,1400.18333333333,1,0,right,1.16627106671444,293.724563598633,12,-0.00145178816202289,50.7044906616211,1773.24451704213,20.6980934143066,0.129181236028671,0.143890097737312,5.36387070650365,22046.9347114376,-54423.2213696647,22044.6802335422,-54424.2121692622,22042.4257556467,-54425.2029688597,0,0,1,0
20140128091000.daq,120,12,1400.28333333333,1,0,right,1.23170291148546,292.927169799805,12,-0.0014530601443579,50.6321868896484,1780.67592972939,20.7420387268066,0.134415149688721,0.105923220515251,5.41597252096825,22049.9831659733,-54430.0284119454,22047.7151177471,-54430.987740704,22045.4470695209,-54431.9470694626,0,0,1,0
20140128091000.daq,120,12,1400.38333333333,1,0,right,1.30579561609545,292.127670288086,12,-0.00145320487083278,50.5566558837891,1788.09650574414,20.6541481018066,0.136062189936638,0.0964315533638,5.47954173924296,22052.9294385776,-54436.8701821726,22050.6482252131,-54437.7977704482,22048.3670118486,-54438.7253587237,0,0,1,0
20140128091000.daq,120,12,1400.48333333333,1,0,right,1.38055530319139,291.338516235352,12,-0.00145223392376243,50.4777946472168,1795.50575194242,20.2586441040039,0.139780044555664,0.124906539916992,5.55764843302987,22055.774137898,-54443.7421976574,22053.4803653271,-54444.6382790244,22051.1865927562,-54445.5343603914,0,0,1,0
20140128091000.daq,120,12,1400.58333333333,1,0,right,1.46476186777022,290.563980102539,12,-0.00145016592179294,50.3956298828125,1802.90319121891,19.8191947937012,0.149990797042847,0.105923220515251,5.63887913379053,22058.5214072532,-54450.6403748797,22056.2157312199,-54451.5053676272,22053.9100551867,-54452.3703603746,0,0,1,0
20140128091000.daq,120,12,1400.68333333333,1,0,right,1.48770701086931,289.80290222168,12,-0.00144702754282429,50.3105278015137,1810.28836115496,19.2479095458984,0.159056589007378,0.153381749987602,5.73399239808132,22061.1673162663,-54457.5647875574,22058.8503540111,-54458.3990778734,22056.5333917559,-54459.2333681894,0,1,1,1
20140128091000.daq,120,12,1400.78333333333,1,0,right,1.51726723718491,289.078308105469,12,-0.00144285357395851,50.2221908569336,1817.66080585933,18.061393737793,0.168201208114624,0.124906539916992,5.83241033857862,22063.7169614675,-54464.5105502286,22061.3896338763,-54465.3154730241,22059.0623062851,-54466.1203958197,0,1,1,1
20140128091000.daq,120,12,1400.88333333333,1,0,right,1.48743963394844,288.390213012695,12,-0.00143768597947903,50.1313972473145,1825.02012110032,16.8748798370361,0.187217593193054,0.115414880216122,5.93608097951944,22066.1704100126,-54471.4738202255,22063.8335837451,-54472.2507355484,22061.4967574776,-54473.0276508713,0,1,1,1
20140128091000.daq,120,12,1400.98333333333,1,0,right,1.44053428788129,287.735504150391,12,-0.00143157102043672,50.0399436950684,1832.36598997339,16.3475379943848,0.212096199393272,0.0964315533638,6.0396676439724,22068.5334231436,-54478.4547913021,22066.1878719544,-54479.2049539794,22063.8423207652,-54479.9551166566,0,1,1,1
20140128091000.daq,120,12,1401.08333333333,1,0,right,1.2789179467415,287.114898681641,12,-0.0014245561578377,49.9565048217773,1839.69893196515,15.644419670105,0.237206742167473,0.105923220515251,6.14326480176185,22070.8080442128,-54485.4456759253,22068.4545053069,-54486.1703890009,22066.1009664011,-54486.8951020766,0,1,1,1
20140128091000.daq,120,12,1401.18333333333,1,0,right,1.19469984765436,286.537628173828,12,-0.00141668736266221,49.8869781494141,1847.02063244661,14.4139595031738,0.254238069057465,0.115414880216122,6.22837422446967,22073.000665137,-54492.4539608003,22070.6399441281,-54493.1549249519,22068.2792231193,-54493.8558891035,0,1,1,1
20140128091000.daq,120,12,1401.28333333333,1,0,right,1.03288432032269,285.998840332031,12,-0.00140800671412818,49.8362045288086,1854.33339302063,13.8426742553711,0.258802831172943,0.153381749987602,6.30627680491071,22075.1149941578,-54499.4720964493,22072.7477860206,-54500.1508306082,22070.3805778833,-54500.8295647671,0,1,1,1
20140128091000.daq,120,12,1401.38333333333,1,0,right,0.841003867868721,285.485137939453,12,-0.00139855059572101,49.8072090148926,1861.64038781493,14.2381792068481,0.260236650705338,0.086939662694931,6.36738501005777,22077.158180912,-54506.5084888427,22074.7849826069,-54507.1659720957,22072.4117843018,-54507.8234553487,0,1,1,1
20140128091000.daq,120,12,1401.48333333333,1,0,right,0.65319701857868,284.968002319336,12,-0.00138834862531502,49.7912445068359,1868.94417766288,15.2489147186279,0.260370403528214,0.0584646798670292,6.40341778482206,22079.1365462934,-54513.56039854,22076.7575104736,-54514.1964354818,22074.3784746537,-54514.8324724237,0,1,1,1
20140128091000.daq,120,12,1401.58333333333,1,0,right,0.467446688858331,284.433746337891,12,-0.00137742325750939,49.7823486328125,1876.24619304102,16.039924621582,0.260170757770538,0.086939662694931,6.4155735397887,22081.0493537041,-54520.6283556882,22078.6644906512,-54521.2421819199,22076.2796275984,-54521.8560081516,0,1,1,1
20140128091000.daq,120,12,1401.68333333333,1,0,right,0.296254891537615,283.886520385742,12,-0.00136579029048068,49.7779769897461,1883.54725411537,16.3035945892334,0.260279476642609,0.0489727854728699,6.40507690345048,22082.8987643447,-54527.71607847,22080.5081475637,-54528.307099476,22078.1175307826,-54528.898120482,0,1,1,1
20140128091000.daq,120,12,1401.78333333333,1,0,right,0.136628650631337,283.320785522461,12,-0.00135346065391029,49.7769317626953,1890.8479307267,16.7869892120361,0.259762436151505,0.0964315533638,6.37276515314173,22084.6805585127,-54534.8198500407,22082.284222658,-54535.3872378226,22079.8878868034,-54535.9546256045,0,1,1,1
20140128091000.daq,120,12,1401.88333333333,1,0,right,0.0286491938437621,282.740097045898,12,-0.00134044294658363,49.7783203125,1898.14863922898,17.0506591796875,0.259835213422775,0.0394811220467091,6.32210717709905,22086.3910068976,-54541.9395048254,22083.9890437791,-54542.482577197,22081.5870806606,-54543.0256495686,0,1,1,1
20140128091000.daq,120,12,1401.98333333333,1,0,right,-0.0570395133377701,282.149917602539,12,-0.00132674636059653,49.7818336486816,1905.44971377771,17.0067138671875,0.257834017276764,0.115414880216122,6.25722763948939,22088.0303972708,-54549.0787196441,22085.622967719,-54549.5970220431,22083.2155381673,-54550.115324442,0,1,1,1
20140128091000.daq,120,12,1402.08333333333,1,0,right,-0.199179912305567,281.559799194336,12,-0.00131238333811424,49.7867965698242,1912.75141710018,17.0506591796875,0.258770048618317,0.0299894623458385,6.17333760603079,22089.5973002466,-54556.2332214641,22087.1846602177,-54556.7267014681,22084.7720201888,-54557.2201814721,0,1,1,1
20140128091000.daq,120,12,1402.18333333333,1,0,right,-0.330707368533183,280.96159362793,12,-0.00129737148825668,49.7923164367676,1920.05389913976,17.8856143951416,0.258770734071732,0.0299894623458385,6.07400821751383,22091.0912631676,-54563.4033005261,22088.6736024735,-54563.8715645451,22086.2559417794,-54564.3398285642,0,1,1,1
20140128091000.daq,120,12,1402.28333333333,1,0,right,-0.402081249409605,280.351135253906,12,-0.00128173407803851,49.7977104187012,1927.35718512016,17.9295597076416,0.260504931211472,0.0679563358426094,5.96058632990979,22092.5120457013,-54570.592993589,22090.089533202,-54571.0354725308,22087.6670207026,-54571.4779514725,0,1,1,1
20140128091000.daq,120,12,1402.38333333333,1,0,right,-0.528982793465843,279.767166137695,12,-0.00126550009749874,49.8035202026367,1934.66128306072,15.9080896377563,0.25988507270813,0.0584646798670292,5.82986153391693,22093.8598828119,-54577.7970259041,22091.4329863888,-54578.2147915984,22089.0060899658,-54578.6325572926,0,1,1,1
20140128091000.daq,120,12,1402.48333333333,1,0,right,-0.638653495257813,279.208755493164,12,-0.00124870423445562,49.809627532959,1941.96626434305,15.556529045105,0.258535623550415,0.0774480029940605,5.68544255784356,22095.1328000502,-54585.0115666839,22092.7019473639,-54585.405660126,22090.2710946777,-54585.799753568,0,0,1,0
20140128091000.daq,120,12,1402.58333333333,1,0,right,-0.836780541850203,278.661315917969,12,-0.00123138604677916,49.8155708312988,1949.27213078551,15.995979309082,0.259303599596024,0.0489727854728699,5.52345336040417,22096.3338953865,-54592.2410532453,22093.8993882997,-54592.6119031712,22091.4648812129,-54592.9827530972,0,0,1,0
20140128091000.daq,120,12,1402.68333333333,1,0,right,-1.01481178323309,278.096908569336,12,-0.00121358801463462,49.8211135864258,1956.57885935577,16.8309345245361,0.258126556873322,0.0964315533638,5.34541063163127,22097.4615701152,-54599.4825192084,22095.0235280498,-54599.8293697681,22092.5854859845,-54600.1762203279,0,0,1,0
20140128091000.daq,120,12,1402.78333333333,1,0,right,-1.0918075699629,277.509262084961,12,-0.00119535318670913,49.8244934082031,1963.88620462411,17.7098331451416,0.109062470495701,0.0679563358426094,5.14726848174058,22098.5193528947,-54606.7361374088,22096.0778816968,-54607.0579647123,22093.6364104989,-54607.3797920157,0,0,1,0
20140128091000.daq,120,12,1402.88333333333,1,0,right,-1.14780326520042,276.907699584961,12,-0.00117672215731811,49.820556640625,1971.19373676216,18.3690090179443,0,0.115414880216122,4.93609065221614,22099.5058151434,-54613.9976613969,22097.061099629,-54614.2938378259,22094.6163841146,-54614.5900142549,0,0,1,0
20140128091000.daq,120,12,1402.98333333333,1,0,right,-1.10889739313308,276.279769897461,12,-0.00115773044793916,49.7811660766602,1978.49846342983,19.1600189208984,0,0.0679563358426094,4.7205643534152,22100.4182622684,-54621.2713582789,22097.9704477062,-54621.5407247434,22095.5226331439,-54621.8100912079,0,0,1,0
20140128091000.daq,120,12,1403.08333333333,1,0,right,-1.04677192356331,275.630599975586,12,-0.00113840714504474,49.7058563232422,1985.79446466127,19.0721282958984,0,0.086939662694931,4.50517898822715,22101.2530680437,-54628.5452996519,22098.8023586978,-54628.786915308,22096.3516493519,-54629.028530964,0,0,1,0
20140128091000.daq,120,12,1403.18333333333,1,0,right,-0.961380837373326,274.980087280273,12,-0.00111877497862023,49.6145782470703,1993.0780747699,17.973503112793,0,0.105923220515251,4.29520076478448,22102.009444484,-54635.8188465614,22099.5561499437,-54636.0326228977,22097.1028554033,-54636.2463992339,0,0,1,0
20140128091000.daq,120,12,1403.28333333333,1,0,right,-0.837723712576235,274.356338500977,12,-0.00109885107324879,49.5190696716309,2000.3479140063,16.4793739318848,0,0.086939662694931,4.09697098171323,22102.6871215208,-54643.0833607597,22100.2316451318,-54643.2704172386,22097.7761687428,-54643.4574737175,0,0,1,0
20140128091000.daq,120,12,1403.38333333333,1,0,right,-0.740004116730006,273.770355224609,12,-0.00107864865708538,49.4226722717285,2007.60365973109,15.4686393737793,0,0.0964315533638,3.91222267629872,22103.2867899689,-54650.3385776163,22100.8295289418,-54650.5005117644,22098.3722679147,-54650.6624459124,0,0,1,0
20140128091000.daq,120,12,1403.48333333333,1,0,right,-0.603205303887535,273.229248046875,12,-0.00105817943360868,49.3265991210938,2014.84527697614,14.3700141906738,0,0.0679563358426094,3.74640975599573,22103.8108689805,-54657.5843654902,22101.3521882356,-54657.7230861383,22098.8935074907,-54657.8618067863,0,0,1,0
20140128091000.daq,120,12,1403.58333333333,1,0,right,-0.519390391218849,272.734527587891,12,-0.00103745668662325,49.2318077087402,2022.07289055435,12.8758840560913,0,0.086939662694931,3.59917492666801,22104.2614420762,-54664.8168517111,22101.8016552151,-54664.9343379708,22099.3418683539,-54665.0518242305,0,0,1,0
20140128091000.daq,120,12,1403.68333333333,1,0,right,-0.461030935504141,272.293548583984,12,-0.00101649787597147,49.1388206481934,2029.28673046285,11.1180839538574,0,0.115414880216122,3.47161950987739,22104.6448511284,-54672.0398152735,22102.1842328935,-54672.1383664034,22099.7236146585,-54672.2369175332,0,0,1,0
20140128091000.daq,120,12,1403.78333333333,1,0,right,-0.394559249016993,271.906356811523,12,-0.000995325474564234,49.047534942627,2036.48706054791,9.6678991317749,0,0.0964315533638,3.35918225827429,22104.966993761,-54679.2494232427,22102.50576573,-54679.3313439536,22100.044537699,-54679.4132646646,0,0,1,0
20140128091000.daq,120,12,1403.88333333333,1,0,right,-0.390929801372465,271.574005126953,12,-0.000973965888675746,48.9576721191406,2043.67411034036,8.26165962219238,0,0.0394811220467091,3.25938196081348,22105.2357771626,-54686.441807572,22102.7741153492,-54686.5094503088,22100.3124535358,-54686.5770930455,0,0,1,0
20140128091000.daq,120,12,1403.98333333333,1,0,right,-0.305845306073138,271.28596496582,12,-0.000952447178967898,48.8688354492188,2050.84806120829,7.29486989974976,0,0.105923220515251,3.17126216157689,22105.4583952,-54693.6251121175,22102.9964244382,-54693.6803786643,22100.5344536763,-54693.735645211,0,0,1,0
20140128091000.daq,120,12,1404.08333333333,1,0,right,-0.346229492360067,271.037780761719,12,-0.000930796723384415,48.7806396484375,2058.0090315305,6.5478048324585,0,0.115414880216122,3.08989863281488,22105.642405004,-54700.7955858216,22103.1802179455,-54700.8401875331,22100.7180308871,-54700.8847892446,0,0,1,0
20140128091000.daq,120,12,1404.18333333333,1,0,right,-0.309858841202754,270.825347900391,12,-0.0009090396951061,48.6929702758789,2065.15710681574,5.58101463317871,0,0.134398430585861,3.01508165419641,22105.7914743506,-54707.9494586102,22103.3291388484,-54707.9849311011,22100.8668033461,-54708.020403592,0,0,1,0
20140128091000.daq,120,12,1404.28333333333,1,0,right,-0.294426207940319,270.652313232422,12,-0.000887198455809723,48.6058502197266,2072.29236334116,4.30660963058472,0,0.162873417139053,2.94912735581425,22105.9116972907,-54715.0905688566,22103.4492658897,-54715.1186048831,22100.9868344887,-54715.1466409095,0,0,1,0
20140128091000.daq,120,12,1404.38333333333,1,0,right,-0.283109835179687,270.518798828125,12,-0.000865292543247266,48.5192337036133,2079.41487878269,3.29587483406067,0.0621497742831707,0.086939662694931,2.88741085889848,22106.0069967534,-54722.21502914,22103.5445067067,-54722.2373269755,22101.0820166601,-54722.259624811,0,0,1,0
20140128091000.daq,120,12,1404.48333333333,1,0,right,-0.333061316159046,270.420074462891,12,-0.000843338473270021,48.4331092834473,2086.52472815861,2.46091985702515,0.124229788780212,0.115414880216122,2.83095867848704,22106.0829477051,-54729.3307873837,22103.6204228933,-54729.3488421572,22101.1578980816,-54729.3668969307,0,0,1,0
20140128091000.daq,120,12,1404.58333333333,1,0,right,-0.309522853626561,270.345153808594,12,-0.000821349512908678,48.3474006652832,2093.62197730225,2.19724988937378,0.14728656411171,0.105923220515251,2.77983304640267,22106.1427837263,-54736.4303163981,22103.6802374112,-54736.4451511299,22101.2176910961,-54736.4599858617,0,0,1,0
20140128091000.daq,120,12,1404.68333333333,1,0,right,-0.2935791015625,270.293579101563,12,-0.000799335283081363,48.2619934082031,2100.70667880573,1.58201992511749,0.160896927118301,0.105923220515251,2.73107102910425,22106.1942914321,-54743.5136333331,22103.7317327612,-54743.526251402,22101.2691740903,-54743.5388694708,0,0,1,0
20140128091000.daq,120,12,1404.78333333333,1,0,right,-0.269683837890625,270.269683837891,12,-0.000777301231762929,48.177864074707,2107.77890680148,0.527339994907379,0.167375013232231,0.124906539916992,2.6894040158113,22106.2357865482,-54750.5845405381,22103.773222829,-54750.5961315932,22101.3106591099,-54750.6077226484,0,0,1,0
20140128091000.daq,120,17,1818.15,1,0,right,0.2813720703125,269.718627929688,12,0.0001,58.8756294250488,0,1.40623998641968,0.212341174483299,0.191348642110825,2.73936161617285,19466.1900156268,-83504.4535532246,19463.7274543234,-83504.4414598113,19461.26489302,-83504.429366398,1,0,0,0
20140128091000.daq,120,17,1818.25,1,0,right,0.290664672851563,269.709335327148,12,0.0001,58.8230285644531,8.63125206460245,1.40623998641968,0.212085723876953,0.181856974959373,2.78322219586365,19466.1425652837,-83513.0865913098,19463.6800059741,-83513.0740985024,19461.2174466646,-83513.0616056951,1,0,0,0
20140128091000.daq,120,17,1818.35,1,0,right,0.29937744140625,269.700622558594,12,0.0001,58.7706298828125,17.2548050311307,1.40623998641968,0.212230145931244,0.257790714502335,2.83004788255785,19466.0951508074,-83521.7118027343,19463.632593426,-83521.6989354543,19461.1700360446,-83521.6860681743,1,0,0,0
20140128091000.daq,120,17,1818.45,1,0,right,0.309005737304688,269.690994262695,12,0.0001,58.7184143066406,25.8706858017395,1.36229491233826,0.212099492549896,0.229315519332886,2.88002849270339,19466.0457264811,-83530.3214112796,19463.5831712968,-83530.3081301782,19461.1206161125,-83530.2948490768,1,0,0,0
20140128091000.daq,120,17,1818.55,1,0,right,0.309860229492188,269.690139770508,12,0.0001,58.6663475036621,34.478919600122,0.878899991512299,0.212143123149872,0.162873417139053,2.92827228254734,19465.9968454425,-83538.9308070015,19463.5342904565,-83538.9174891742,19461.0717354706,-83538.904171347,1,0,0,0
20140128091000.daq,120,17,1818.65,1,0,right,0.29803466796875,269.701965332031,12,0.0001,58.6143989562988,43.0795261949243,0.351559996604919,0.212177440524101,0.181856974959373,2.98103356923584,19465.9448433262,-83547.5320826558,19463.4822856439,-83547.5192730879,19461.0197279617,-83547.50646352,1,0,0,0
20140128091000.daq,120,17,1818.75,1,0,right,0.274551391601563,269.725448608398,12,0.0001,58.5625381469727,51.6725197598716,0.351559996604919,0.212068185210228,0.0489727854728699,3.0298322303453,19465.8955160246,-83556.1174500879,19463.432953299,-83556.1056498261,19460.9703905735,-83556.0938495643,1,0,0,0
20140128091000.daq,120,17,1818.85,1,0,right,0.245880126953125,269.754119873047,12,0.0001,58.5107955932617,60.2579160539754,0.395504981279373,0.212292268872261,0.172365307807922,3.07668798560591,19465.8484627412,-83564.7026907712,19463.385894419,-83564.6921227969,19460.9233260968,-83564.6815548225,1,0,0,0
20140128091000.daq,120,17,1818.95,1,0,right,0.2166748046875,269.783325195313,12,0.0001,58.4591674804688,68.8357309760759,0.439449995756149,0.214828535914421,0.153381749987602,3.12200478554854,19465.8033952839,-83573.2722925619,19463.3408218949,-83573.2629798315,19460.8782485058,-83573.253667101,1,0,0,0
20140128091000.daq,120,17,1819.05,1,0,right,0.190765380859375,269.809234619141,12,0.0001,58.4078674316406,77.4059935264086,0.615229964256287,0.219127759337425,0.172365307807922,3.16585252535917,19465.7600766622,-83581.8419737869,19463.2974993137,-83581.8337746447,19460.8349219651,-83581.8255755026,1,0,0,0
20140128091000.daq,120,17,1819.15,1,0,right,0.166976928710938,269.833023071289,12,0.0001,58.357364654541,85.9687825464644,0.74706494808197,0.229440808296204,0.181856974959373,3.20319162921568,19465.72248592,-83590.4038935503,19463.2599053796,-83590.3967168385,19460.7973248391,-83590.3895401266,1,0,0,0
20140128091000.daq,120,17,1819.25,1,0,right,0.1490478515625,269.850952148438,12,0.0001,58.3089942932129,94.524297214768,0.92284494638443,0.233649596571922,0.181856974959373,3.23897022441594,19465.6864856324,-83598.958143329,19463.2239029667,-83598.9517372117,19460.7613203011,-83598.9453310945,1,0,0,0
20140128091000.daq,120,17,1819.35,1,0,right,0.137313842773438,269.862686157227,12,0.0001,58.2644844055176,103.072986941828,1.05467998981476,0.23598875105381,0.181856974959373,3.26942078096817,19465.6559614204,-83607.5047316665,19463.1933774945,-83607.4988298791,19460.7307935685,-83607.4929280917,1,0,0,0
20140128091000.daq,120,17,1819.45,1,0,right,0.132034301757813,269.867965698242,12,0.0001,58.2242317199707,111.615463623413,1.2744048833847,0.237213432788849,0.153381749987602,3.30036978138691,19465.6250379587,-83616.0436651386,19463.1624534994,-83616.0379902669,19460.6998690401,-83616.0323153952,1,0,0,0
20140128091000.daq,120,17,1819.55,1,0,right,0.13250732421875,269.867492675781,12,0.0001,58.1876792907715,120.152317801461,1.45018494129181,0.237725332379341,0.172365307807922,3.32788154522715,19465.5976649529,-83624.5749267001,19463.1350805405,-83624.5692314978,19460.6724961281,-83624.5635362956,1,0,0,0
20140128091000.daq,120,17,1819.65,1,0,right,0.138565063476563,269.861434936523,12,0.0001,58.1539916992188,128.684030404402,1.53807497024536,0.238492548465729,0.172365307807922,3.35382111059958,19465.571899656,-83633.106324741,19463.1093158595,-83633.1003691759,19460.6467320631,-83633.0944136108,1,0,0,0
20140128091000.daq,120,17,1819.75,1,0,right,0.150543212890625,269.849456787109,12,0.0001,58.1224746704102,137.210968084823,1.71385490894318,0.239285424351692,0.181856974959373,3.38012154795388,19465.545768135,-83641.6300548501,19463.0831856374,-83641.6235844619,19460.6206031398,-83641.6171140738,1,0,0,0
20140128091000.daq,120,17,1819.85,1,0,right,0.166915893554688,269.833084106445,12,0.0001,58.0926284790039,145.733410727684,1.7577999830246,0.239239871501923,0.134398430585861,3.40812764369648,19465.5174115709,-83650.1538920608,19463.0548310228,-83650.1467179722,19460.5922504747,-83650.1395438837,1,0,0,0
20140128091000.daq,120,17,1819.95,1,0,right,0.185150146484375,269.814849853516,12,0.0001,58.0640830993652,154.251575741568,1.7577999830246,0.239967361092567,0.124906539916992,3.43629771275446,19465.4889397155,-83658.6699618779,19463.0263615753,-83658.662004079,19460.563783435,-83658.6540462801,1,0,0,0
20140128091000.daq,120,17,1820.05,1,0,right,0.203750610351563,269.796249389648,12,0.0001,58.0365295410156,162.765628875437,1.7577999830246,0.240181282162666,0.162873417139053,3.46666074744415,19465.4584919328,-83667.1860402586,19462.9959165058,-83667.1772830104,19460.5333410787,-83667.1685257622,1,0,0,0
20140128091000.daq,120,17,1820.15,1,0,right,0.223617553710938,269.776382446289,12,0.0001,58.0098075866699,171.275704033978,1.7577999830246,0.240223243832588,0.172365307807922,3.5012981419058,19465.424059374,-83675.6943365967,19462.9614871315,-83675.6847254668,19460.4989148889,-83675.675114337,1,0,0,0
20140128091000.daq,120,17,1820.25,1,0,right,0.2430419921875,269.756958007813,12,0.0001,57.9836959838867,179.781907333774,1.80174493789673,0.240694582462311,0.181856974959373,3.53625091169658,19465.3896540367,-83684.2026217458,19462.9270851941,-83684.1921757543,19460.4645163514,-83684.1817297628,1,0,0,0
20140128091000.daq,120,17,1820.35,1,0,right,0.262191772460938,269.737808227539,12,0.0001,57.9580574035645,188.284317010271,1.80174493789673,0.240862503647804,0.191348642110825,3.57587986799842,19465.3494061667,-83692.7030873128,19462.8868409529,-83692.6918182656,19460.4242757392,-83692.6805492184,1,0,0,0
20140128091000.daq,120,17,1820.45,1,0,right,0.282119750976563,269.717880249023,12,0.0001,57.9328651428223,196.782998756913,1.80174493789673,0.240691438317299,0.172365307807922,3.61602486878739,19465.3091099611,-83701.2035713786,19462.8465488158,-83701.1914458301,19460.3839876705,-83701.1793202816,1,0,0,0
20140128091000.daq,120,17,1820.55,1,0,right,0.303451538085938,269.696548461914,12,0.0001,57.908088684082,205.278017101577,1.80174493789673,0.24092073738575,0.172365307807922,3.6627421027677,19465.2628672868,-83709.6962765684,19462.8003108266,-83709.6832341848,19460.3377543664,-83709.6701918013,1,0,0,0
20140128091000.daq,120,17,1820.65,1,0,right,0.322708129882813,269.677291870117,12,0.0001,57.883617401123,213.769425242484,1.7577999830246,0.241247937083244,0.172365307807922,3.70855490822636,19465.2167529368,-83718.1889309741,19462.7542009991,-83718.1750609484,19460.2916490614,-83718.1611909227,1,0,0,0
20140128091000.daq,120,17,1820.75,1,0,right,0.337509155273438,269.662490844727,12,0.0001,57.8593978881836,222.257262996631,1.45018494129181,0.249155446887016,0.172365307807922,3.75813794324818,19465.1670081436,-83726.6736645752,19462.704459871,-83726.6591584073,19460.2419115985,-83726.6446522393,1,0,0,0
20140128091000.daq,120,17,1820.85,1,0,right,0.338409423828125,269.661590576172,12,0.0001,57.8358459472656,230.741583748735,0.615229964256287,0.259784549474716,0.124906539916992,3.81158147506838,19465.1142180095,-83735.1580613794,19462.6516699652,-83735.1435165183,19460.1891219209,-83735.1289716572,1,0,0,0
20140128091000.daq,120,17,1820.95,1,0,right,0.317428588867188,269.682571411133,12,0.0001,57.8149719238281,239.222616470142,0,0.2675661444664,0.191348642110825,3.86428801947664,19465.0608298909,-83743.6341155033,19462.5982766856,-83743.6204723905,19460.1357234803,-83743.6068292776,1,0,0,0
20140128091000.daq,120,17,1821.05,1,0,right,0.281219482421875,269.718780517578,12,0.0001,57.7987594604492,247.700914589921,-0.0878899917006493,0.270422488451004,0.162873417139053,3.91514968249146,19465.0103375738,-83752.1097995196,19462.5477762382,-83752.0977126645,19460.0852149027,-83752.0856258094,1,0,0,0
20140128091000.daq,120,17,1821.15,1,0,right,0.239364624023438,269.760635375977,12,0.0001,57.7875137329102,256.177206004868,-0.0439449958503246,0.271399080753326,0.181856974959373,3.96508990941653,19464.9601941477,-83760.5853447968,19462.4976246397,-83760.5750568583,19460.0350551317,-83760.5647689199,1,0,0,0
20140128091000.daq,120,17,1821.25,1,0,right,0.198440551757813,269.801559448242,12,0.0001,57.7802772521973,264.652157300865,0.219724997878075,0.275540083646774,0.172365307807922,4.01141958688275,19464.9138986339,-83769.0530983656,19462.4513224057,-83769.044569344,19459.9887461776,-83769.0360403225,1,0,0,0
20140128091000.daq,120,17,1821.35,1,0,right,0.160873413085938,269.839126586914,12,0.0001,57.7759704589844,273.126269081855,0.307614982128143,0.290219128131866,0.172365307807922,4.05213445732804,19464.8732541221,-83777.5209320778,19462.4106728311,-83777.5140176959,19459.9480915401,-83777.5071033141,1,0,0,0
20140128091000.daq,120,17,1821.45,1,0,right,0.12896728515625,269.871032714844,12,0.0001,57.7749671936035,281.599975045945,0.439449995756149,0.307104289531708,0.153381749987602,4.08710181686711,19464.8381182725,-83785.9967151692,19462.3755335129,-83785.9911721185,19459.9129487534,-83785.9856290679,1,0,0,0
20140128091000.daq,120,17,1821.55,1,0,right,0.10302734375,269.89697265625,12,0.0001,57.7791137695313,290.073886063168,0.659174978733063,0.32888650894165,0.229315519332886,4.11906610184233,19464.8065193196,-83794.4648306938,19462.3439323029,-83794.4604025478,19459.8813452862,-83794.4559744019,1,0,0,0
20140128091000.daq,120,17,1821.65,1,0,right,0.0789337158203125,269.92106628418,12,0.0001,57.7906532287598,298.548919697481,0.615229964256287,0.337015300989151,0.181856974959373,4.14451552890794,19464.780665305,-83802.9408032276,19462.3180766439,-83802.9374106322,19459.8554879828,-83802.9340180368,1,0,0,0
20140128091000.daq,120,17,1821.75,1,0,right,0.0565338134765625,269.943466186523,12,0.0001,57.8111457824707,307.026297269404,0.615229964256287,0.33770763874054,0.153381749987602,4.16518725827267,19464.7605657179,-83811.4168166727,19462.2979759186,-83811.4143868317,19459.8353861194,-83811.4119569906,1,0,0,0
20140128091000.daq,120,17,1821.85,1,0,right,0.0389862060546875,269.961013793945,12,0.0001,57.839958190918,315.50730877684,0.966789960861206,0.33763512969017,0.143890097737312,4.18309518525379,19464.7421191312,-83819.8929486767,19462.2795287033,-83819.8912730372,19459.8169382754,-83819.8895973976,1,0,0,0
20140128091000.daq,120,17,1821.95,1,0,right,0.0404510498046875,269.959548950195,12,0.0001,57.8752746582031,323.99304643787,1.97752487659454,0.33719190955162,0.172365307807922,4.19897382023751,19464.7264035904,-83828.3773596265,19462.2638132062,-83828.3756210275,19459.8012228219,-83828.3738824285,1,0,0,0
20140128091000.daq,120,17,1822.05,1,0,right,0.064117431640625,269.935882568359,12,0.0001,57.9152793884277,332.484327387967,2.59275484085083,0.33755162358284,0.172365307807922,4.21421252791518,19464.7112687889,-83836.8623151191,19462.2486793328,-83836.8595593319,19459.7860898767,-83836.8568035447,1,0,0,0
20140128091000.daq,120,17,1822.15,1,0,right,0.097747802734375,269.902252197266,12,0.0001,57.95849609375,340.981725617457,2.37302994728088,0.33622607588768,0.0679563358426094,4.22966258216423,19464.6955176557,-83845.3631389704,19462.2329302414,-83845.3589377405,19459.770342827,-83845.3547365106,1,0,0,0
20140128091000.daq,120,17,1822.25,1,0,right,0.123321533203125,269.876678466797,12,0.0001,58.0038375854492,349.485629832183,1.53807497024536,0.336507648229599,0.172365307807922,4.24701591358607,19464.6783111903,-83853.8637646393,19462.2157258965,-83853.8584642443,19459.7531406027,-83853.8531638493,1,0,0,0
20140128091000.daq,120,17,1822.35,1,0,right,0.129364013671875,269.870635986328,12,0.0001,58.0504913330078,357.996287746369,0.834954977035522,0.336792320013046,0.172365307807922,4.26722624075471,19464.6584062359,-83862.3795373673,19462.1958215147,-83862.3739772652,19459.7332367936,-83862.3684171631,1,0,0,0
20140128091000.daq,120,17,1822.45,1,0,right,0.122879028320313,269.87712097168,12,0.0001,58.0980072021484,366.513855830868,0.878899991512299,0.336580246686935,0.181856974959373,4.28828679652757,19464.6373229319,-83870.8950038193,19462.1747375973,-83870.8897224433,19459.7121522626,-83870.8844410672,1,0,0,0
20140128091000.daq,120,17,1822.55,1,0,right,0.1087646484375,269.891235351563,12,0.0001,58.1460800170898,375.038436565534,0.834954977035522,0.336589604616165,0.191348642110825,4.31063955722425,19464.6147582892,-83879.4180960874,19462.1521717283,-83879.4134213507,19459.6895851673,-83879.408746614,1,0,0,0
20140128091000.daq,120,17,1822.65,1,0,right,0.093841552734375,269.906158447266,12,0.0001,58.1944770812988,383.570093778966,0.834954977035522,0.337324261665344,0.153381749987602,4.33111634559724,19464.5941966914,-83887.9489808407,19462.1316089964,-83887.9449475025,19459.6690213014,-83887.9409141642,1,0,0,0
20140128091000.daq,120,17,1822.75,1,0,right,0.0787353515625,269.921264648438,12,0.0001,58.2429733276367,392.108859222135,0.834954977035522,0.337843865156174,0.134398430585861,4.35355625022235,19464.5716931941,-83896.4798608678,19462.1091045213,-83896.4764767981,19459.6465158484,-83896.4730927285,1,0,0,0
20140128091000.daq,120,17,1822.85,1,0,right,0.0650482177734375,269.934951782227,12,0.0001,58.2915267944336,400.654741427352,0.878899991512299,0.336970090866089,0.172365307807922,4.37423451263825,19464.5510549978,-83905.0264004372,19462.0884655869,-83905.0236046445,19459.6258761759,-83905.0208088518,1,0,0,0
20140128091000.daq,120,17,1822.95,1,0,right,0.0525054931640625,269.947494506836,12,0.0001,58.3401069641113,409.207748693661,0.878899991512299,0.337216764688492,0.153381749987602,4.39115749376168,19464.5342522305,-83913.5807803752,19462.0716622665,-83913.5785236726,19459.6090723025,-83913.5762669699,1,0,0,0
20140128091000.daq,120,17,1823.05,1,0,right,0.0389862060546875,269.961013793945,12,0.0001,58.3885269165039,417.76787053069,0.878899991512299,0.337088793516159,0.162873417139053,4.40806312820175,19464.5175097562,-83922.1351361767,19462.0549193283,-83922.1334605372,19459.5923289004,-83922.1317848976,1,0,0,0
20140128091000.daq,120,17,1823.15,1,0,right,0.025299072265625,269.974700927734,12,0.0001,58.4368095397949,426.335083160069,0.878899991512299,0.336980074644089,0.181856974959373,4.42092639177496,19464.5046838271,-83930.7051126592,19462.0420930691,-83930.704025297,19459.5795023112,-83930.7029379348,1,0,0,0
20140128091000.daq,120,17,1823.25,1,0,right,0.0120697021484375,269.987930297852,12,0.0001,58.4849815368652,434.909369004468,0.878899991512299,0.336976766586304,0.162873417139053,4.43346852534013,19464.4918295291,-83939.2751001876,19462.0292385857,-83939.274581428,19459.5666476424,-83939.2740626683,1,0,0,0
20140128091000.daq,120,17,1823.35,1,0,right,-0.00335693359375,270.003356933594,12,0.0001,58.5329666137695,443.490707455989,0.834954977035522,0.33723783493042,0.181856974959373,4.44216800094258,19464.4830171777,-83947.8528460032,19462.0204261839,-83947.8529902853,19459.5578351901,-83947.8531345674,1,0,0,0
20140128091000.daq,120,17,1823.45,1,0,right,-0.016876220703125,270.016876220703,12,0.0001,58.5807685852051,452.0790694678,0.834954977035522,0.33641991019249,0.172365307807922,4.44942767078878,19464.4760400046,-83956.4384509901,19462.0134491134,-83956.4391763355,19459.5508582222,-83956.4399016809,1,0,0,0
20140128091000.daq,120,17,1823.55,1,0,right,-0.0314178466796875,270.03141784668,12,0.0001,58.62841796875,460.674431261534,0.878899991512299,0.3369120657444,0.162873417139053,4.45611307754437,19464.469125912,-83965.0318431121,19462.0065352842,-83965.0331934612,19459.5439446564,-83965.0345438103,1,0,0,0
20140128091000.daq,120,17,1823.65,1,0,right,-0.0448760986328125,270.044876098633,12,0.0001,58.6758880615234,469.276768546028,0.878899991512299,0.337147206068039,0.153381749987602,4.45924268361541,19464.4660510556,-83973.6330741934,19462.0034608129,-83973.6350029824,19459.5408705703,-83973.6369317713,1,0,0,0
20140128091000.daq,120,17,1823.75,1,0,right,-0.058380126953125,270.058380126953,12,0.0001,58.7231979370117,477.886055351599,0.878899991512299,0.336407870054245,0.181856974959373,4.46035435960823,19464.4649320738,-83982.2421164512,19462.0023423542,-83982.2446256474,19459.5397526345,-83982.2471348435,1,0,0,0
20140128091000.daq,120,17,1823.85,1,0,right,-0.072052001953125,270.072052001953,12,0.0001,58.7703590393066,486.502272049445,0.878899991512299,0.33646559715271,0.181856974959373,4.45955852414121,19464.4657765051,-83990.8589668729,19462.0031874543,-83990.8620636903,19459.5405984035,-83990.8651605076,1,0,0,0
20140128091000.daq,120,17,1823.95,1,0,right,-0.0843505859375,270.084350585938,12,0.0001,58.8172645568848,495.12538721491,0.92284494638443,0.337787181138992,0.172365307807922,4.45681049429427,19464.4684891724,-83999.4758509808,19462.0059008431,-83999.4794763948,19459.5433125138,-83999.4831018087,1,0,0,0
20140128091000.daq,120,17,1824.05,1,0,right,-0.0959625244140625,270.095962524414,12,0.0001,58.8639869689941,503.755365739926,1.01073491573334,0.337078183889389,0.172365307807922,4.45214865479318,19464.4731124988,-84008.1083768778,19462.0105249548,-84008.112501376,19459.5479374108,-84008.1166258742,1,0,0,0
20140128091000.daq,120,17,1824.15,1,0,right,-0.103500366210938,270.103500366211,12,0.0001,58.9106674194336,512.392194429878,1.31834995746613,0.336420387029648,0.153381749987602,4.4461035489039,19464.4794373299,-84016.7410032529,19462.0168503498,-84016.7454517294,19459.5542633697,-84016.749900206,1,0,0,0
20140128091000.daq,120,17,1824.25,1,0,right,-0.100418090820313,270.10041809082,12,0.0001,58.9572105407715,521.035861115859,1.71385490894318,0.337511569261551,0.191348642110825,4.43863942245792,19464.4870595047,-84025.381704368,19462.0244722888,-84025.3860203676,19459.561885073,-84025.3903363672,1,0,0,0
20140128091000.daq,120,17,1824.35,1,0,right,-0.089508056640625,270.089508056641,12,0.0001,59.0035934448242,529.686341087043,1.7577999830246,0.336815506219864,0.172365307807922,4.43104539994494,19464.4941982958,-84034.0304112033,19462.0316103028,-84034.0342582868,19459.5690223098,-84034.0381053702,1,0,0,0
20140128091000.daq,120,17,1824.45,1,0,right,-0.073944091796875,270.073944091797,12,0.0001,59.0498428344727,538.343614621408,1.7577999830246,0.336818188428879,0.172365307807922,4.42280420162122,19464.503002737,-84042.6870452078,19462.0404137898,-84042.6902233477,19459.5778248426,-84042.6934014877,1,0,0,0
20140128091000.daq,120,17,1824.55,1,0,right,-0.057708740234375,270.057708740234,12,0.0001,59.0958251953125,547.007653231558,1.84568989276886,0.337300628423691,0.153381749987602,4.41716820501237,19464.5078593542,-84051.351507999,19462.0452696053,-84051.3539883387,19459.5826798564,-84051.3564686785,1,0,0,0
20140128091000.daq,120,17,1824.65,1,0,right,-0.0352935791015625,270.035293579102,12,0.0001,59.1416015625,555.678418778931,2.19724988937378,0.337378531694412,0.134398430585861,4.41260175213078,19464.5123340962,-84060.0239351896,19462.0497435654,-84060.0254521188,19459.5871530346,-84060.0269690481,1,0,0,0
20140128091000.daq,120,17,1824.75,1,0,right,-0.006195068359375,270.006195068359,12,0.0001,59.1872406005859,564.355888231148,2.32908487319946,0.337149620056152,0.172365307807922,4.41112765537096,19464.5144425463,-84068.7043387143,19462.0518515627,-84068.7046049804,19459.5892605791,-84068.7048712464,1,0,0,0
20140128091000.daq,120,17,1824.85,1,0,right,0.0277252197265625,269.972274780273,12,0.0001,59.2327575683594,573.040042565597,2.37302994728088,0.336799293756485,0.172365307807922,4.41321380598063,19464.5123463826,-84077.3848597355,19462.0497556729,-84077.3836680967,19459.5871649633,-84077.3824764579,1,0,0,0
20140128091000.daq,120,17,1824.95,1,0,right,0.0645904541015625,269.935409545898,12,0.0001,59.2781066894531,581.730861360847,2.32908487319946,0.337711602449417,0.172365307807922,4.41740567835821,19464.5081145467,-84086.0732642153,19462.0455251135,-84086.0704880974,19459.5829356803,-84086.0677119796,1,0,0,0
20140128091000.daq,120,17,1825.05,1,0,right,0.0989990234375,269.901000976563,12,0.0001,59.3232765197754,590.428317248516,2.32908487319946,0.336394041776657,0.191348642110825,4.42942156763224,19464.4962215374,-84094.7772320983,19462.0336342154,-84094.7729770906,19459.5710468934,-84094.768722083,1,0,0,0
20140128091000.daq,120,17,1825.15,1,0,right,0.134445190429688,269.86555480957,12,0.0001,59.3683662414551,599.132391672203,2.32908487319946,0.336075305938721,0.172365307807922,4.44542442160053,19464.4803575973,-84103.4812240626,19462.017773379,-84103.4754455704,19459.5551891607,-84103.4696670783,1,0,0,0
20140128091000.daq,120,17,1825.25,1,0,right,0.1705322265625,269.829467773438,12,0.0001,59.4132194519043,607.843064630084,2.32908487319946,0.337651491165161,0.181856974959373,4.46499996536203,19464.4605472241,-84112.1930428083,19461.9979671337,-84112.1857132893,19459.5353870433,-84112.1783837702,1,0,0,0
20140128091000.daq,120,17,1825.35,1,0,right,0.206512451171875,269.793487548828,12,0.0001,59.4579010009766,616.560300361438,2.32908487319946,0.337137669324875,0.124906539916992,4.49045890411782,19464.4348835308,-84120.9048575458,19461.9723085287,-84120.8959815935,19459.5097335266,-84120.8871056413,1,0,0,0
20140128091000.daq,120,17,1825.45,1,0,right,0.242141723632813,269.757858276367,12,0.0001,59.5025062561035,625.284085112115,2.19724988937378,0.336716175079346,0.162873417139053,4.52371789030762,19464.4014285094,-84129.6322873489,19461.938859503,-84129.6218800508,19459.4762904965,-84129.6114727528,1,0,0,0
20140128091000.daq,120,17,1825.55,1,0,right,0.263412475585938,269.736587524414,12,0.0001,59.5469169616699,634.014398227635,1.31834995746613,0.336826205253601,0.172365307807922,4.56024305816926,19464.3649556,-84138.359366977,19461.9023906269,-84138.3480454641,19459.4398256538,-84138.3367239512,1,0,0,0
20140128091000.daq,120,17,1825.65,1,0,right,0.271957397460938,269.728042602539,12,0.0001,59.5911979675293,642.751214391028,1.05467998981476,0.336895018815994,0.162873417139053,4.60036837177583,19464.3253641153,-84147.1017620809,19461.8628008581,-84147.0900733086,19459.4002376008,-84147.0783845362,1,0,0,0
20140128091000.daq,120,17,1825.75,1,0,right,0.27197265625,269.72802734375,12,0.0001,59.6353607177734,651.494516491235,1.05467998981476,0.336850643157959,0.181856974959373,4.64279404872299,19464.2823944207,-84155.8439499516,19461.8198311665,-84155.8322605234,19459.3572679124,-84155.8205710952,1,0,0,0
20140128091000.daq,120,17,1825.85,1,0,right,0.269790649414063,269.730209350586,12,0.0001,59.6793823242188,660.244286158311,1.09862494468689,0.337011694908142,0.181856974959373,4.68954963693403,19464.2356545037,-84164.586084446,19461.7730908061,-84164.5744888001,19459.3105271086,-84164.5628931542,1,0,0,0
20140128091000.daq,120,17,1825.95,1,0,right,0.269668579101563,269.730331420898,12,0.0001,59.7232818603516,669.000502831026,1.14256989955902,0.336768120527267,0.162873417139053,4.73667989139387,19464.1887870607,-84173.3438939804,19461.7262233384,-84173.3323035811,19459.2636596162,-84173.3207131818,1,0,0,0
20140128091000.daq,120,17,1826.05,1,0,right,0.273162841796875,269.726837158203,12,0.0001,59.7670783996582,677.763150890241,1.18651497364044,0.337165117263794,0.143890097737312,4.7834394783268,19464.1416957382,-84182.1017913615,19461.6791327274,-84182.0900507794,19459.2165697166,-84182.0783101972,1,0,0,0
20140128091000.daq,120,17,1826.15,1,0,right,0.27850341796875,269.721496582031,12,0.0001,59.8106689453125,686.532207909739,1.23045992851257,0.337709337472916,0.162873417139053,4.83099245030467,19464.0944901044,-84190.875358567,19461.6319281986,-84190.8633884478,19459.1693662928,-84190.8514183286,1,0,0,0
20140128091000.daq,120,17,1826.25,1,0,right,0.285751342773438,269.714248657227,12,0.0001,59.8541107177734,695.307646241403,1.23045992851257,0.33751168847084,0.143890097737312,4.87995988287436,19464.0452132426,-84199.6489720465,19461.5826528708,-84199.636690413,19459.120092499,-84199.6244087794,1,0,0,0
20140128091000.daq,120,17,1826.35,1,0,right,0.295928955078125,269.704071044922,12,0.0001,59.8974876403809,704.089450965446,1.23045992851257,0.337518334388733,0.181856974959373,4.929508795286,19463.9957549593,-84208.430469063,19461.5331968079,-84208.417749998,19459.0706386565,-84208.4050309331,1,0,0,0
20140128091000.daq,120,17,1826.45,1,0,right,0.306259155273438,269.693740844727,12,0.0001,59.9407157897949,712.877608281167,1.23045992851257,0.337386697530746,0.153381749987602,4.97908543076857,19463.9462871833,-84217.2119696684,19461.4837313652,-84217.1988066142,19459.0211755471,-84217.1856435601,1,0,0,0
20140128091000.daq,120,17,1826.55,1,0,right,0.3182373046875,269.681762695313,12,0.0001,59.9837760925293,721.67209287158,1.2744048833847,0.336817145347595,0.134398430585861,5.03034513160296,19463.8947641841,-84226.0091351077,19461.4322111716,-84225.9954572365,19458.9696581591,-84225.9817793653,1,0,0,0
20140128091000.daq,120,17,1826.65,1,0,right,0.332916259765625,269.667083740234,12,0.0001,60.0267105102539,730.472883988958,1.31834995746613,0.337287455797195,0.153381749987602,5.08413264130147,19463.8411207291,-84234.8063658233,19461.3785713017,-84234.7920570561,19458.9160218743,-84234.7777482889,1,0,0,0
20140128091000.daq,120,17,1826.75,1,0,right,0.350509643554688,269.649490356445,12,0.0001,60.0694732666016,739.279959813168,1.40623998641968,0.33746150135994,0.134398430585861,5.14025700090761,19463.7853435362,-84243.6114793574,19461.3227986185,-84243.5964144343,19458.8602537008,-84243.5813495113,1,0,0,0
20140128091000.daq,120,17,1826.85,1,0,right,0.369522094726563,269.630477905273,12,0.0001,60.112117767334,748.093297591608,1.36229491233826,0.337502598762512,0.172365307807922,5.19772751171151,19463.7275251775,-84252.4244393788,19461.2649853944,-84252.4085573107,19458.8024456113,-84252.3926752425,1,0,0,0
20140128091000.daq,120,17,1826.95,1,0,right,0.390518188476563,269.609481811523,12,0.0001,60.1546401977539,756.912881518685,1.36229491233826,0.336452722549438,0.181856974959373,5.25747529274767,19463.667630639,-84261.245259442,19461.2050968412,-84261.2284749748,19458.7425630434,-84261.2116905077,1,0,0,0
20140128091000.daq,120,17,1827.05,1,0,right,0.41162109375,269.58837890625,12,0.0001,60.1970252990723,765.738692198749,1.31834995746613,0.336646556854248,0.162873417139053,5.32123473333817,19463.6038230457,-84270.0738941069,19461.141295597,-84270.0562026523,19458.6787681482,-84270.0385111977,1,0,0,0
20140128091000.daq,120,17,1827.15,1,0,right,0.433029174804688,269.566970825195,12,0.0001,60.2392616271973,774.570708511004,1.31834995746613,0.336850792169571,0.172365307807922,5.38700566040958,19463.5380432263,-84278.90253565,19461.0755225597,-84278.8839240942,19458.6130018931,-84278.8653125385,1,0,0,0
20140128091000.daq,120,17,1827.25,1,0,right,0.454086303710938,269.545913696289,12,0.0001,60.2813339233398,783.408907516394,1.23045992851257,0.337043434381485,0.153381749987602,5.45667132262623,19463.4683787177,-84287.7389807416,19461.0058650575,-84287.7194641708,19458.5433513972,-84287.6999476,1,0,0,0
20140128091000.daq,120,17,1827.35,1,0,right,0.47100830078125,269.528991699219,12,0.0001,60.3233032226563,792.253268327288,1.05467998981476,0.336746782064438,0.162873417139053,5.5280170955343,19463.397017247,-84296.5831383064,19460.9345094583,-84296.5628944464,19458.4720016695,-84296.5426505864,1,0,0,0
20140128091000.daq,120,17,1827.45,1,0,right,0.483642578125,269.516357421875,12,0.0001,60.365177154541,801.103778261895,0.703119993209839,0.336782425642014,0.181856974959373,5.60494663268576,19463.3200621125,-84305.4350048998,19460.8575588476,-84305.4142180334,19458.3950555827,-84305.3934311669,1,0,0,0
20140128091000.daq,120,17,1827.55,1,0,right,0.482589721679688,269.51741027832,12,0.0001,60.4069061279297,809.960419836119,0.219724997878075,0.337142020463943,0.153381749987602,5.68105423849502,19463.2439555117,-84314.2865420653,19460.7814518653,-84314.2658004493,19458.3189482188,-84314.2450588334,1,0,0,0
20140128091000.daq,120,17,1827.65,1,0,right,0.472442626953125,269.527557373047,12,0.0001,60.4484939575195,818.823170437245,-0.0439449958503246,0.335956126451492,0.172365307807922,5.76059554490207,19463.1645064546,-84323.1534853378,19460.7019991734,-84323.1331798321,19458.2394918923,-84323.1128743264,0,1,0,1
20140128091000.daq,120,17,1827.75,1,0,right,0.450531005859375,269.549468994141,12,0.0001,60.4899024963379,827.692008524959,-0.439449965953827,0.336433798074722,0.162873417139053,5.83954041751683,19463.0857865903,-84332.0201450732,19460.6232717238,-84332.0007813055,19458.1607568573,-84331.9814175378,0,1,0,1
20140128091000.daq,120,17,1827.85,1,0,right,0.413650512695313,269.586349487305,12,0.0001,60.5311088562012,836.566905378684,-0.966789960861206,0.337428450584412,0.153381749987602,5.91543996508752,19463.0099472876,-84340.8864430948,19460.547420467,-84340.8686644174,19458.0848936464,-84340.85088574,0,1,0,1
20140128091000.daq,120,17,1827.95,1,0,right,0.358993530273438,269.641006469727,12,0.0001,60.5721740722656,845.447834049672,-1.49412989616394,0.337615102529526,0.162873417139053,5.98795058920781,19462.9371617674,-84349.7679346801,19460.4746191074,-84349.7525051239,19458.0120764474,-84349.7370755676,0,1,0,1
20140128091000.daq,120,17,1828.05,1,0,right,0.295669555664063,269.704330444336,12,0.0001,60.6131477355957,854.334778452583,-1.53807497024536,0.336712598800659,0.172365307807922,6.05636035421598,19462.8688178958,-84358.6492127686,19460.4062596869,-84358.6365048526,19457.943701478,-84358.6237969365,0,1,0,1
20140128091000.daq,120,17,1828.15,1,0,right,0.228530883789063,269.771469116211,12,0.0001,60.6540031433105,863.227725299526,-1.53807497024536,0.336600333452225,0.172365307807922,6.11701200006378,19462.8085209196,-84367.5382061898,19460.3459495103,-84367.5283838851,19457.883378101,-84367.5185615804,0,1,0,1
20140128091000.daq,120,17,1828.25,1,0,right,0.158554077148438,269.841445922852,12,0.0001,60.6946868896484,872.126652210878,-1.53807497024536,0.337202161550522,0.124906539916992,6.16700471705291,19462.7581632222,-84376.4349379577,19460.2955816533,-84376.4281232612,19457.8330000844,-84376.4213085648,0,1,0,1
20140128091000.daq,120,17,1828.35,1,0,right,0.08905029296875,269.910949707031,12,0.0001,60.735164642334,881.031530419554,-1.53807497024536,0.337009340524673,0.162873417139053,6.20982117494505,19462.7155866912,-84385.3316760224,19460.2529986675,-84385.3278486138,19457.7904106438,-84385.3240212051,0,1,0,1
20140128091000.daq,120,17,1828.45,1,0,right,0.02032470703125,269.979675292969,12,0.0001,60.7754898071289,889.942334095686,-1.53807497024536,0.33701479434967,0.162873417139053,6.24056171012853,19462.6846787524,-84394.236240489,19460.2220879093,-84394.2353669266,19457.7594970662,-84394.2344933642,0,1,0,1
20140128091000.daq,120,17,1828.55,1,0,right,-0.049407958984375,270.049407958984,12,0.0001,60.8156585693359,898.859040067124,-1.53807497024536,0.336958318948746,0.153381749987602,6.26178234090693,19462.6635966222,-84403.1485875493,19460.2010065398,-84403.150711119,19457.7384164574,-84403.1528346887,0,1,0,1
20140128091000.daq,120,17,1828.65,1,0,right,-0.116897583007813,270.116897583008,12,0.0001,60.8556861877441,907.781626979966,-1.49412989616394,0.336682677268982,0.181856974959373,6.27305088205924,19462.6521395375,-84412.0687972967,19460.1895536649,-84412.0738215889,19457.7269677923,-84412.078845881,0,1,0,1
20140128091000.daq,120,17,1828.75,1,0,right,-0.1783447265625,270.178344726563,12,0.0001,60.8955879211426,916.710075718307,-1.09862494468689,0.336888164281845,0.153381749987602,6.27355736720198,19462.6520263328,-84420.9969643686,19460.1894472647,-84421.0046296699,19457.7268681966,-84421.0122949711,0,1,1,1
20140128091000.daq,120,17,1828.85,1,0,right,-0.224594116210938,270.224594116211,12,0.0001,60.9354248046875,925.644370989408,-0.263669967651367,0.338240176439285,0.172365307807922,6.26443071977613,19462.6607395404,-84429.9255048062,19460.1981674621,-84429.9351579087,19457.7355953837,-84429.9448110112,0,1,1,1
20140128091000.daq,120,17,1828.95,1,0,right,-0.2559814453125,270.255981445313,12,0.0001,60.9753379821777,934.584512373651,0.0439449995756149,0.337944358587265,0.162873417139053,6.24496992840518,19462.6802539023,-84438.8622250358,19460.2176874816,-84438.8732271639,19457.7551210608,-84438.884229292,0,1,1,1
20140128091000.daq,120,17,1829.05,1,0,right,-0.275314331054688,270.275314331055,12,0.0001,61.0153732299805,943.530518054453,0.0439449995756149,0.33793231844902,0.172365307807922,6.22065135822717,19462.7048838061,-84447.8070567118,19460.2423212379,-84447.8188897646,19457.7797586697,-84447.8307228174,0,1,1,1
20140128091000.daq,120,17,1829.15,1,0,right,-0.289276123046875,270.289276123047,12,0.0001,61.0554351806641,952.482398149281,0.0439449995756149,0.338063269853592,0.105923220515251,6.19013369763206,19462.7350417084,-84456.752021721,19460.2724820968,-84456.7644548488,19457.8099224852,-84456.7768879766,0,1,1,1
20140128091000.daq,120,17,1829.25,1,0,right,-0.30120849609375,270.301208496094,12,0.0001,61.0954666137695,961.440151865521,0.0439449995756149,0.337890833616257,0.153381749987602,6.15613411744742,19462.7689806388,-84465.7126620734,19460.3064236699,-84465.7256080517,19457.843866701,-84465.7385540299,0,1,1,1
20140128091000.daq,120,17,1829.35,1,0,right,-0.314651489257813,270.314651489258,12,0.0001,61.135425567627,970.403772162899,-0.0439449958503246,0.338027805089951,0.153381749987602,6.11632274607234,19462.8088720219,-84474.6732646239,19460.3463181582,-84474.686788378,19457.8837642945,-84474.700312132,0,1,1,1
20140128091000.daq,120,17,1829.45,1,0,right,-0.33544921875,270.33544921875,12,0.0001,61.1753120422363,979.373247758413,-0.395504981279373,0.338731974363327,0.153381749987602,6.07611925499062,19462.8492167366,-84483.6414960385,19460.3866679441,-84483.6559136713,19457.9241191517,-84483.670331304,0,1,1,1
20140128091000.daq,120,17,1829.55,1,0,right,-0.364181518554688,270.364181518555,12,0.0001,61.2151184082031,988.3485669027,-0.659174978733063,0.338848978281021,0.172365307807922,6.03158649731414,19462.893956571,-84492.6095288413,19460.4314153182,-84492.6251813745,19457.9688740654,-84492.6408339077,0,1,1,1
20140128091000.daq,120,17,1829.65,1,0,right,-0.399276733398438,270.399276733398,12,0.0001,61.254940032959,997.3297241408,-0.703119933605194,0.338850945234299,0.143890097737312,5.98443781996026,19462.9410412577,-84501.5930266123,19460.4785100545,-84501.6101875156,19458.0159788513,-84501.6273484189,0,1,1,1
20140128091000.daq,120,17,1829.75,1,0,right,-0.439254760742188,270.439254760742,12,0.0001,61.2948112487793,1006.31672567368,-0.703119933605194,0.339571684598923,0.181856974959373,5.93307430648828,19462.9923324523,-84510.5764007202,19460.5298138225,-84510.5952798459,19458.0672951927,-84510.6141589716,0,1,1,1
20140128091000.daq,120,17,1829.85,1,0,right,-0.479217529296875,270.479217529297,12,0.0001,61.3347396850586,1015.30957840172,-0.703119933605194,0.340406686067581,0.0489727854728699,5.8759408124759,19463.0494813831,-84519.5675859927,19460.5869765202,-84519.5881826758,19458.1244716572,-84519.6087793589,0,1,1,1
20140128091000.daq,120,17,1829.95,1,0,right,-0.519241333007813,270.519241333008,12,0.0001,61.3748207092285,1024.30829729133,-0.659174978733063,0.342513412237167,0.143890097737312,5.81294576752322,19463.1124927471,-84528.558768014,19460.6500028727,-84528.5810848677,19458.1875129983,-84528.6034017214,0,1,1,1
20140128091000.daq,120,17,1830.05,1,0,right,-0.545883178710938,270.545883178711,12,0.0001,61.4152336120605,1033.31291567875,0.219724997878075,0.346087425947189,0.172365307807922,5.74471830955739,19463.1805390946,-84537.5659102628,19460.7180598635,-84537.5893721421,19458.2555806323,-84537.6128340215,0,1,1,1
20140128091000.daq,120,17,1830.15,1,0,right,-0.545501708984375,270.545501708984,12,0.0001,61.4564323425293,1042.32351231226,1.36229491233826,0.347918152809143,0.162873417139053,5.67428632282184,19463.2508281131,-84546.5737323652,19460.7883487259,-84546.5971778495,19458.3258693386,-84546.6206233339,0,0,1,0
20140128091000.daq,120,17,1830.25,1,0,right,-0.522415161132813,270.522415161133,12,0.0001,61.4989128112793,1051.34024179763,1.62596487998962,0.348271399736404,0.153381749987602,5.5994308078572,19463.3255787723,-84555.5899382074,19460.8630901379,-84555.6123914676,19458.4006015035,-84555.6348447278,0,0,1,0
20140128091000.daq,120,17,1830.35,1,0,right,-0.488250732421875,270.488250732422,12,0.0001,61.5427169799805,1060.36330084231,1.58201992511749,0.348735928535461,0.143890097737312,5.52535711778796,19463.3996470442,-84564.6064217108,19460.9371454591,-84564.6274066301,19458.474643874,-84564.6483915493,0,0,1,0
20140128091000.daq,120,17,1830.45,1,0,right,-0.450424194335938,270.450424194336,12,0.0001,61.5875663757324,1069.39286470658,1.40623998641968,0.348887413740158,0.153381749987602,5.45169508057776,19463.4734892327,-84573.6386207745,19461.0109743301,-84573.6579799516,19458.5484594274,-84573.6773391286,0,0,1,0
20140128091000.daq,120,17,1830.55,1,0,right,-0.416671752929688,270.41667175293,12,0.0001,61.6332015991211,1078.42906664236,1.2744048833847,0.348510593175888,0.153381749987602,5.38174514907876,19463.5436755608,-84582.6785288208,19461.0811496812,-84582.6964373487,19458.6186238015,-84582.7143458766,0,0,1,0
20140128091000.daq,120,17,1830.65,1,0,right,-0.387954711914063,270.387954711914,12,0.0001,61.6793785095215,1087.47200465373,1.23045992851257,0.348730474710464,0.153381749987602,5.31483056859367,19463.6102654496,-84591.7183097588,19461.1477309033,-84591.7349840494,19458.6851963571,-84591.7516583401,0,0,1,0
20140128091000.daq,120,17,1830.75,1,0,right,-0.362396240234375,270.362396240234,12,0.0001,61.7258682250977,1096.52174065755,1.23045992851257,0.348618060350418,0.172365307807922,5.25402478273246,19463.6711902853,-84600.7658234302,19461.208648546,-84600.7813992331,19458.7461068067,-84600.796975036,0,0,1,0
20140128091000.daq,120,17,1830.85,1,0,right,-0.337188720703125,270.337188720703,12,0.0001,61.7725410461426,1105.57830990171,1.18651497364044,0.349368214607239,0.124906539916992,5.19711410813888,19463.7282302213,-84609.8211401435,19461.2656818676,-84609.8356325393,19458.803133514,-84609.8501249351,0,0,1,0
20140128091000.daq,120,17,1830.95,1,0,right,-0.315780639648438,270.315780639648,12,0.0001,61.8192977905273,1114.64173122245,1.05467998981476,0.348647564649582,0.153381749987602,5.14549842615188,19463.7796447657,-84618.8841739809,19461.317091169,-84618.8977462654,19458.8545375724,-84618.91131855,0,0,1,0
20140128091000.daq,120,17,1831.05,1,0,right,-0.296539306640625,270.296539306641,12,0.0001,61.866096496582,1123.71201427092,0.92284494638443,0.348730593919754,0.153381749987602,5.09810176708798,19463.8272864723,-84627.9549658668,19461.3647284566,-84627.9677111645,19458.9021704409,-84627.9804564622,0,0,1,0
20140128091000.daq,120,17,1831.15,1,0,right,-0.281539916992188,270.281539916992,12,0.0001,61.9128379821777,1132.78915755513,0.834954977035522,0.348475456237793,0.153381749987602,5.05199587057621,19463.8732365001,-84637.033464291,19461.4106752321,-84637.0455649183,19458.9481139642,-84637.0576655457,0,0,1,0
20140128091000.daq,120,17,1831.25,1,0,right,-0.267547607421875,270.267547607422,12,0.0001,61.95947265625,1141.87314955892,0.834954977035522,0.348105162382126,0.153381749987602,5.01183183973394,19463.9133891686,-84646.1119374246,19461.450825019,-84646.1234366649,19458.9882608694,-84646.1349359052,0,0,1,0
20140128091000.daq,120,17,1831.35,1,0,right,-0.254776000976563,270.254776000977,12,0.0001,62.0059928894043,1150.96397228536,0.92284494638443,0.34937596321106,0.153381749987602,4.97202710671974,19463.9536170482,-84655.2060050028,19461.4910503965,-84655.216955321,19459.0284837448,-84655.2279056393,0,0,1,0
20140128091000.daq,120,17,1831.45,1,0,right,-0.241012573242188,270.241012573242,12,0.0001,62.0524520874023,1160.06161286619,0.92284494638443,0.348105520009995,0.162873417139053,4.93531512183768,19463.9898774235,-84664.3000970469,19461.5273082124,-84664.3104558141,19459.0647390013,-84664.3208145814,0,0,1,0
20140128091000.daq,120,17,1831.55,1,0,right,-0.227005004882813,270.227005004883,12,0.0001,62.0988006591797,1169.16606043796,0.878899991512299,0.348688453435898,0.172365307807922,4.90098289260021,19464.0241695296,-84673.409819949,19461.5615978597,-84673.4195766714,19459.0990261897,-84673.4293333939,0,0,1,0
20140128091000.daq,120,17,1831.65,1,0,right,-0.213363647460938,270.213363647461,12,0.0001,62.1449890136719,1178.27729415965,0.92284494638443,0.348898649215698,0.153381749987602,4.86879765183632,19464.0565310211,-84682.5195335524,19461.5939570979,-84682.5287039693,19459.1313831748,-84682.5378743862,0,0,1,0
20140128091000.daq,120,17,1831.75,1,0,right,-0.197189331054688,270.197189331055,12,0.0001,62.1910667419434,1187.39529328352,1.05467998981476,0.349123150110245,0.143890097737312,4.83883135413397,19464.0867830066,-84691.6371222689,19461.6242065928,-84691.645597513,19459.161630179,-84691.654072757,0,0,1,0
20140128091000.daq,120,17,1831.85,1,0,right,-0.173019409179688,270.17301940918,12,0.0001,62.2370376586914,1196.52004284319,1.49412989616394,0.348609566688538,0.191348642110825,4.81091683983082,19464.114588298,-84700.7549087975,19461.6520085281,-84700.762345216,19459.1894287582,-84700.7697816345,0,0,1,0
20140128091000.daq,120,17,1831.95,1,0,right,-0.13641357421875,270.136413574219,12,0.0001,62.2829055786133,1205.65152843179,1.93357992172241,0.349683374166489,0.143890097737312,4.78768098931464,19464.1377194087,-84709.8886273402,19461.6751353903,-84709.8944904339,19459.212551372,-84709.9003535276,0,0,1,0
20140128091000.daq,120,17,1832.05,1,0,right,-0.0917510986328125,270.091751098633,12,0.0001,62.3285713195801,1214.78972580476,1.93357992172241,0.349510699510574,0.162873417139053,4.76697935143068,19464.1583993108,-84719.03035584,19461.6958114703,-84719.03429933,19459.2332236297,-84719.03824282,0,0,1,0
20140128091000.daq,120,17,1832.15,1,0,right,-0.0432281494140625,270.043228149414,12,0.0001,62.3741073608398,1223.93461178985,1.93357992172241,0.349754482507706,0.143890097737312,4.75237328999717,19464.1729805065,-84728.1721772858,19461.7103902094,-84728.1740352454,19459.2477999123,-84728.1758932049,0,0,1,0
20140128091000.daq,120,17,1832.25,1,0,right,0.006744384765625,269.993255615234,12,0.0001,62.4194793701172,1233.08616442711,1.93357992172241,0.34981894493103,0.143890097737312,4.74504997335186,19464.1796586133,-84737.3296568211,19461.7170676324,-84737.3293669453,19459.2544766514,-84737.3290770695,0,0,1,0
20140128091000.daq,120,17,1832.35,1,0,right,0.056732177734375,269.943267822266,12,0.0001,62.4646873474121,1242.24435919218,1.84568989276886,0.34965643286705,0.153381749987602,4.74352832704749,19464.1824284557,-84746.4871340373,19461.7198386649,-84746.4846956705,19459.2572488741,-84746.4822573037,0,0,1,0
20140128091000.daq,120,17,1832.45,1,0,right,0.098846435546875,269.901153564453,12,0.0001,62.5097503662109,1251.40917375208,1.49412989616394,0.349577456712723,0.162873417139053,4.74969612148608,19464.1759184726,-84755.6522283633,19461.7133311393,-84755.6479799139,19459.250743806,-84755.6437314645,0,0,1,0
20140128091000.daq,120,17,1832.55,1,0,right,0.126754760742188,269.873245239258,12,0.0001,62.5546646118164,1260.5805864266,0.703119993209839,0.348614722490311,0.124906539916992,4.76087570870731,19464.1644269851,-84764.8247860805,19461.7018420134,-84764.8193381246,19459.2392570416,-84764.8138901688,0,0,1,0
20140128091000.daq,120,17,1832.65,1,0,right,0.133056640625,269.866943359375,12,0.0001,62.5994644165039,1269.75857786667,0.0878899991512299,0.348444491624832,0.172365307807922,4.77871236867741,19464.1464591033,-84773.9968151261,19461.6838747456,-84773.9910963141,19459.2212903879,-84773.9853775021,0,0,1,0
20140128091000.daq,120,17,1832.75,1,0,right,0.121658325195313,269.878341674805,12,0.0001,62.6441802978516,1278.94313333907,-0.307614982128143,0.348682194948196,0.200840294361115,4.80162804155416,19464.1237265506,-84783.1840364699,19461.661141104,-84783.1788075599,19459.1985556574,-84783.17357865,0,0,1,0
20140128091000.daq,120,17,1832.85,1,0,right,0.0965576171875,269.903442382813,12,0.0001,62.6888046264648,1288.134241281,-0.439449965953827,0.349164396524429,0.143890097737312,4.8237053905583,19464.1018412493,-84792.370922335,19461.6392537482,-84792.3667722596,19459.1766662472,-84792.3626221842,0,0,1,0
20140128091000.daq,120,17,1832.95,1,0,right,0.0650787353515625,269.934921264648,12,0.0001,62.7333335876465,1297.33188644634,-0.483394980430603,0.349408864974976,0.153381749987602,4.84678336746805,19464.0783968612,-84801.5654636853,19461.6158074518,-84801.562666581,19459.1532180423,-84801.5598694767,0,0,1,0
20140128091000.daq,120,17,1833.05,1,0,right,0.0321502685546875,269.967849731445,12,0.0001,62.7777671813965,1306.53605568707,-0.439449965953827,0.348991960287094,0.162873417139053,4.86856092929564,19464.0569947676,-84810.7677808805,19461.5944041573,-84810.7663990517,19459.131813547,-84810.7650172229,0,0,1,0
20140128091000.daq,120,17,1833.15,1,0,right,-0.0009765625,270.0009765625,12,0.0001,62.8220710754395,1315.74673375711,-0.395504981279373,0.349109053611755,0.172365307807922,4.88374974507519,19464.0414638417,-84819.9779045291,19461.578872844,-84819.9779465021,19459.1162818464,-84819.9779884751,0,0,1,0
20140128091000.daq,120,17,1833.25,1,0,right,-0.0306396484375,270.030639648438,12,0.0001,62.8661766052246,1324.96389482661,-0.351559966802597,0.349117636680603,0.162873417139053,4.89780876852034,19464.0276715858,-84829.1881122698,19461.5650809399,-84829.1894291717,19459.102490294,-84829.1907460735,0,0,1,0
20140128091000.daq,120,17,1833.35,1,0,right,-0.059112548828125,270.059112548828,12,0.0001,62.9101638793945,1334.1875157234,-0.307614982128143,0.348719388246536,0.181856974959373,4.90409043691772,19464.0216179383,-84838.4139733986,19461.5590282509,-84838.4165140744,19459.0964385635,-84838.4190547503,0,0,1,0
20140128091000.daq,120,17,1833.45,1,0,right,-0.0855865478515625,270.085586547852,12,0.0001,62.9539947509766,1343.41757658558,-0.263669967651367,0.349138408899307,0.162873417139053,4.9081865775593,19464.017393625,-84847.639882982,19461.5548053745,-84847.6435615179,19459.0922171239,-84847.6472400539,0,0,1,0
20140128091000.daq,120,17,1833.55,1,0,right,-0.110794067382813,270.110794067383,12,0.0001,62.9976387023926,1352.65405288879,-0.175779983401299,0.348765641450882,0.229315519332886,4.90627949600477,19464.0189501871,-84856.873635598,19461.5563637933,-84856.8783975596,19459.0937773994,-84856.8831595212,0,0,1,0
20140128091000.daq,120,17,1833.65,1,0,right,-0.129074096679688,270.12907409668,12,0.0001,63.0411529541016,1361.8969187566,0.307614982128143,0.348578661680222,0.162873417139053,4.89929003234456,19464.025938181,-84866.1153713282,19461.5633534318,-84866.1209189697,19459.1007686825,-84866.1264666111,0,0,1,0
20140128091000.daq,120,17,1833.75,1,0,right,-0.130203247070313,270.13020324707,12,0.0001,63.0845527648926,1371.14615926931,1.09862494468689,0.34882664680481,0.0110059063881636,4.89177859961225,19464.0338203906,-84875.3653434108,19461.5712357512,-84875.3709395833,19459.1086511118,-84875.3765357559,0,0,1,0
20140128091000.daq,120,17,1833.85,1,0,right,-0.107833862304688,270.107833862305,12,0.0001,63.1278457641602,1380.40175736246,1.84568989276886,0.348837375640869,0.143890097737312,4.88120222676532,19464.0441580339,-84884.6158962222,19461.5815713973,-84884.6205309535,19459.1189847608,-84884.6251656847,0,0,1,0
20140128091000.daq,120,17,1833.95,1,0,right,-0.067474365234375,270.067474365234,12,0.0001,63.171085357666,1389.66370063402,1.97752487659454,0.348777055740356,0.153381749987602,4.86986401504117,19464.0553375304,-84893.8825172564,19461.59274824,-84893.8854173256,19459.1301589496,-84893.8883173948,0,0,1,0
20140128091000.daq,120,17,1834.05,1,0,right,-0.0198974609375,270.019897460938,12,0.0001,63.2141723632813,1398.93197649543,1.84568989276886,0.348601371049881,0.134398430585861,4.86303560264605,19464.0621641696,-84903.1493141544,19461.5995733201,-84903.1501693536,19459.1369824706,-84903.1510245529,0,0,1,0
20140128091000.daq,120,17,1834.15,1,0,right,0.019012451171875,269.980987548828,12,0.0001,63.2570571899414,1408.20655627282,1.01073491573334,0.348642975091934,0.162873417139053,4.85974532711472,19464.0656192255,-84912.4237082556,19461.6030283631,-84912.4228910944,19459.1404375007,-84912.4220739332,0,0,1,0
20140128091000.daq,120,17,1834.25,1,0,right,0.0307159423828125,269.969284057617,12,0.0001,63.2998466491699,1417.48741758661,-0.0439449958503246,0.348954647779465,0.153381749987602,4.86048020630368,19464.064895917,-84921.7052456668,19461.6023052729,-84921.7039254858,19459.1397146288,-84921.7026053048,0,0,1,0
20140128091000.daq,120,17,1834.35,1,0,right,0.021148681640625,269.978851318359,12,0.0001,63.3425483703613,1426.77454878078,-0.263669967651367,0.348532557487488,0.162873417139053,4.86402298593585,19464.0615809549,-84930.9862607276,19461.5989901246,-84930.9853517505,19459.1363992944,-84930.9844427734,0,0,1,0
20140128091000.daq,120,17,1834.45,1,0,right,-0.0016326904296875,270.00163269043,12,0.0001,63.3851203918457,1436.06793442267,-0.219724982976913,0.348898619413376,0.124906539916992,4.86978903924014,19464.0551762599,-84940.2825758976,19461.5925852629,-84940.2826460712,19459.1299942659,-84940.2827162447,0,0,1,0
20140128091000.daq,120,17,1834.55,1,0,right,-0.0248260498046875,270.024826049805,12,0.0001,63.4275207519531,1445.36755115358,-0.0878899917006493,0.349561840295792,0.172365307807922,4.87619641946524,19464.0487967953,-84949.5788803684,19461.5862060285,-84949.5799473999,19459.1236152617,-84949.5810144315,0,0,1,0
20140128091000.daq,120,17,1834.65,1,0,right,-0.044891357421875,270.044891357422,12,0.0001,63.4698791503906,1454.67338134955,0.0878899991512299,0.347908169031143,0.134398430585861,4.88170237062006,19464.0441769982,-84958.8830738176,19461.581586756,-84958.8850032623,19459.1189965139,-84958.8869327071,0,0,1,0
20140128091000.daq,120,17,1834.75,1,0,right,-0.0611724853515625,270.061172485352,12,0.0001,63.5122032165527,1463.9854237984,0.0439449995756149,0.348623037338257,0.172365307807922,4.8858559000974,19464.0393232979,-84968.1951726223,19461.5767337035,-84968.1978018349,19459.114144109,-84968.2004310475,0,0,1,0
20140128091000.daq,120,17,1834.85,1,0,right,-0.0781402587890625,270.078140258789,12,0.0001,63.5543251037598,1473.30365966393,0,0.349058389663696,0.105923220515251,4.88513053481775,19464.040371265,-84977.5072542029,19461.5777825571,-84977.5106126953,19459.1151938493,-84977.5139711876,0,0,1,0
20140128091000.daq,120,17,1834.95,1,0,right,-0.100204467773438,270.100204467773,12,0.0001,63.5963249206543,1482.62806297647,-0.439449965953827,0.349018603563309,0.153381749987602,4.88371192226252,19464.0417338136,-84986.827022143,19461.5791465817,-84986.831328961,19459.1165593498,-84986.835635779,0,0,1,0
20140128091000.daq,120,17,1835.05,1,0,right,-0.132720947265625,270.132720947266,12,0.0001,63.6382217407227,1491.95861988865,-0.703119933605194,0.349016636610031,0.191348642110825,4.87590811898854,19464.0496008222,-84996.1543436575,19461.5870164311,-84996.1600480413,19459.12443204,-84996.1657524251,0,0,1,0
20140128091000.daq,120,17,1835.15,1,0,right,-0.173263549804688,270.173263549805,12,0.0001,63.6799736022949,1501.29531058519,-0.834954977035522,0.349574953317642,0.153381749987602,4.86525408521155,19464.0599158658,-85005.4892777499,19461.5973361276,-85005.4967246616,19459.1347563894,-85005.5041715732,0,0,1,0
20140128091000.daq,120,17,1835.25,1,0,right,-0.216888427734375,270.216888427734,12,0.0001,63.7215232849121,1510.6381102154,-0.834954977035522,0.349349528551102,0.162873417139053,4.84907951186843,19464.0762797479,-85014.8319460801,19461.6137063936,-85014.8412679921,19459.1511330392,-85014.8505899041,0,0,1,0
20140128091000.daq,120,17,1835.35,1,0,right,-0.262435913085938,270.262435913086,12,0.0001,63.7629737854004,1519.98699514077,-0.703119933605194,0.348839730024338,0.172365307807922,4.82675665988354,19464.0986207657,-85024.1745645529,19461.6360556,-85024.1858440932,19459.1734904343,-85024.1971236336,0,0,1,0
20140128091000.daq,120,17,1835.45,1,0,right,-0.295120239257813,270.295120239258,12,0.0001,63.8043594360352,1529.34195515068,0.0439449995756149,0.349368840456009,0.162873417139053,4.79910940680882,19464.1260270914,-85033.5253137062,19461.6634687608,-85033.5379980128,19459.2009104301,-85033.5506823193,0,0,1,0
20140128091000.daq,120,17,1835.55,1,0,right,-0.311538696289063,270.311538696289,12,0.0001,63.8456687927246,1538.70297900867,0.57128494977951,0.349488228559494,0.134398430585861,4.76728493078621,19464.1582894718,-85042.8842797005,19461.695734877,-85042.8976696677,19459.2331802823,-85042.9110596349,0,0,1,0
20140128091000.daq,120,17,1835.65,1,0,right,-0.314208984375,270.314208984375,12,0.0001,63.8868713378906,1548.07005412619,0.659174978733063,0.348976343870163,0.172365307807922,4.72955466447952,19464.1955634887,-85052.2514006526,19461.7330095206,-85052.2649053879,19459.2704555526,-85052.2784101233,0,0,1,0
20140128091000.daq,120,17,1835.75,1,0,right,-0.309478759765625,270.309478759766,12,0.0001,63.9279441833496,1557.44316362531,0.659174978733063,0.349408626556396,0.181856974959373,4.68915987175851,19464.2362874603,-85061.6265185322,19461.7737323857,-85061.639819964,19459.3111773111,-85061.6531213957,0,0,1,0
20140128091000.daq,120,17,1835.85,1,0,right,-0.302200317382813,270.302200317383,12,0.0001,63.9688377380371,1566.8222845203,0.659174978733063,0.34915754199028,0.134398430585861,4.64833996184676,19464.2768542963,-85071.0016998676,19461.8142975519,-85071.014688474,19459.3517408075,-85071.0276770805,0,0,1,0
20140128091000.daq,120,17,1835.95,1,0,right,-0.298171997070313,270.29817199707,12,0.0001,64.0095977783203,1576.20739210035,0.527339994907379,0.348836779594421,0.153381749987602,4.60369059835476,19464.3215277751,-85080.3846127048,19461.8589701235,-85080.3974281751,19459.396412472,-85080.4102436454,0,0,1,0
20140128091000.daq,120,17,1836.05,1,0,right,-0.296142578125,270.296142578125,12,0.0001,64.0503005981445,1585.59847331066,0.527339994907379,0.348729878664017,0.162873417139053,4.56126334015263,19464.3643713834,-85089.7752882469,19461.9018132795,-85089.7880164933,19459.4392551756,-85089.8007447397,0,0,1,0
20140128091000.daq,120,17,1836.15,1,0,right,-0.294647216796875,270.294647216797,12,0.0001,64.0909118652344,1594.99551850007,0.527339994907379,0.349176496267319,0.181856974959373,4.51794576547464,19464.4072479226,-85099.1737629856,19461.9446894873,-85099.1864269617,19459.482131052,-85099.1990909379,0,0,1,0
20140128091000.daq,120,17,1836.25,1,0,right,-0.293212890625,270.293212890625,12,0.0001,64.1313781738281,1604.39850948511,0.483394980430603,0.347822338342667,0.181856974959373,4.47501816383499,19464.4501282246,-85108.572236202,19461.9875694731,-85108.5848385312,19459.5250107215,-85108.5974408604,0,0,1,0
20140128091000.daq,120,17,1836.35,1,0,right,-0.297866821289063,270.297866821289,12,0.0001,64.1716918945313,1613.80742565791,0.17577999830246,0.340522021055222,0.181856974959373,4.43201714174638,19464.4933839569,-85117.9783703054,19462.0308262371,-85117.9911726594,19459.5682685174,-85118.0039750133,0,0,1,0
20140128091000.daq,120,17,1836.45,1,0,right,-0.307830810546875,270.307830810547,12,0.0001,64.2113647460938,1623.22221964831,0.0439449995756149,0.313066065311432,0.153381749987602,4.39071101197169,19464.5350139747,-85127.3921845943,19462.0724585185,-85127.4054151977,19459.6099030624,-85127.4186458011,0,0,1,0
20140128091000.daq,120,17,1836.55,1,0,right,-0.320159912109375,270.320159912109,12,0.0001,64.2478485107422,1632.64264957001,0.0439449995756149,0.277416497468948,0.172365307807922,4.34671378755575,19464.5787428937,-85136.8137523183,19462.1161903415,-85136.8275128225,19459.6536377894,-85136.8412733267,0,0,1,0
20140128091000.daq,120,17,1836.65,1,0,right,-0.335662841796875,270.335662841797,12,0.0001,64.2755737304688,1642.06786555742,0.0439449995756149,0.245004534721375,0.172365307807922,4.30259201643283,19464.6226674058,-85146.2352407095,19462.1601186671,-85146.2496675237,19459.6975699284,-85146.2640943379,0,0,1,0
20140128091000.daq,120,17,1836.75,1,0,right,-0.3499755859375,270.349975585938,12,0.0001,64.2886352539063,1651.49612908797,0.0878899991512299,0.22004459798336,0.172365307807922,4.25475182530173,19464.6704246997,-85155.6645710517,19462.2078796417,-85155.6796130212,19459.7453345837,-85155.6946549907,0,0,1,0
20140128091000.daq,120,17,1836.85,1,0,right,-0.36285400390625,270.362854003906,12,0.0001,64.2839279174805,1660.92502325724,0.0878899991512299,0.200349912047386,0.162873417139053,4.20699936126018,19464.7180934997,-85165.0861244975,19462.2555518849,-85165.1017199748,19459.7930102702,-85165.1173154521,0,0,1,0
20140128091000.daq,120,17,1836.95,1,0,right,-0.37518310546875,270.375183105469,12,0.0001,64.2611465454102,1670.35189570866,0.131834998726845,0.190271779894829,0.143890097737312,4.15739511924667,19464.7676814983,-85174.5155039917,19462.3051432964,-85174.5316293668,19459.8426050945,-85174.5477547418,0,0,1,0
20140128091000.daq,120,17,1837.05,1,0,right,-0.386825561523438,270.386825561523,12,0.0001,64.2213363647461,1679.77415031442,0.17577999830246,0.187926515936852,0.181856974959373,4.1039828186292,19464.8211333662,-85183.9370879895,19462.3585984919,-85183.9537137501,19459.8960636175,-85183.9703395106,0,0,1,0
20140128091000.daq,120,17,1837.15,1,0,right,-0.392364501953125,270.392364501953,12,0.0001,64.168327331543,1689.18954277285,0.483394980430603,0.185694992542267,0.172365307807922,4.0511174473078,19464.8742090704,-85193.3510119931,19462.4116758147,-85193.3678758135,19459.9491425591,-85193.384739634,0,0,1,0
20140128091000.daq,120,17,1837.25,1,0,right,-0.387969970703125,270.387969970703,12,0.0001,64.1059112548828,1698.59643946575,0.791009962558746,0.185090020298958,0.153381749987602,3.99508892768875,19464.9305788899,-85202.7573718773,19462.4680443481,-85202.7740468237,19460.0055098063,-85202.7907217702,0,0,1,0
20140128091000.daq,120,17,1837.35,1,0,right,-0.37371826171875,270.373718261719,12,0.0001,64.0356521606445,1707.99359748566,1.05467998981476,0.185399129986763,0.191348642110825,3.93877780390846,19464.9863412197,-85212.148353095,19462.5238026064,-85212.1644155119,19460.061263993,-85212.1804779289,0,0,1,0
20140128091000.daq,120,17,1837.45,1,0,right,-0.350997924804688,270.350997924805,12,0.0001,63.9586410522461,1717.37993552453,1.18651497364044,0.18509604036808,0.181856974959373,3.88365164797231,19465.0415814672,-85221.539545532,19462.579036678,-85221.5546314411,19460.1164918889,-85221.5697173503,0,0,1,0
20140128091000.daq,120,17,1837.55,1,0,right,-0.31719970703125,270.317199707031,12,0.0001,63.8769302368164,1726.75460884538,1.40623998641968,0.185346618294716,0.219824090600014,3.83113854869958,19465.0941853839,-85230.9075761099,19462.6316321241,-85230.9212093855,19460.1690788643,-85230.9348426611,0,0,1,0
20140128091000.daq,120,17,1837.65,1,0,right,-0.275848388671875,270.275848388672,12,0.0001,63.7923583984375,1736.11707091954,1.45018494129181,0.184897914528847,0.172365307807922,3.7809198113306,19465.1443698681,-85240.2757934237,19462.6818074103,-85240.2876494302,19460.2192449525,-85240.2995054367,0,0,1,0
20140128091000.daq,120,17,1837.75,1,0,right,-0.23126220703125,270.231262207031,12,0.0001,63.7060394287109,1745.46699118157,1.45018494129181,0.184322252869606,0.0489727854728699,3.73472343561131,19465.1904477956,-85249.6206517364,19462.7278768574,-85249.6305914333,19460.2653059191,-85249.6405311302,0,0,1,0
20140128091000.daq,120,17,1837.85,1,0,right,-0.185775756835938,270.185775756836,12,0.0001,63.6185493469238,1754.80416042871,1.45018494129181,0.18415854871273,0.200840294361115,3.69693940154927,19465.2286568042,-85258.957717722,19462.7660787509,-85258.9657024097,19460.3035006977,-85258.9736870973,0,0,1,0
20140128091000.daq,120,17,1837.95,1,0,right,-0.138015747070313,270.13801574707,12,0.0001,63.5302352905273,1764.1284338929,1.45018494129181,0.186256527900696,0.162873417139053,3.66281706159236,19465.2628183158,-85268.2870252146,19462.8002344623,-85268.2929571699,19460.3376506088,-85268.2988891253,0,0,1,0
20140128091000.daq,120,17,1838.05,1,0,right,-0.0885162353515625,270.088516235352,12,0.0001,63.4415550231934,1773.43972037724,1.45018494129181,0.183447763323784,0.172365307807922,3.6383842675601,19465.287105797,-85277.592935682,19462.8245177378,-85277.5967401367,19460.3619296785,-85277.6005445914,0,0,1,0
20140128091000.daq,120,17,1838.15,1,0,right,-0.0406646728515625,270.040664672852,12,0.0001,63.3528594970703,1782.73799974007,1.40623998641968,0.184143796563148,0.172365307807922,3.61982303766628,19465.30563465,-85286.8909904237,19462.8430442722,-85286.8927382042,19460.3804538944,-85286.8944859848,0,0,1,0
20140128091000.daq,120,17,1838.25,1,0,right,0.0037994384765625,269.996200561523,12,0.0001,63.2640113830566,1792.02325957938,1.18651497364044,0.185085475444794,0.200840294361115,3.60896023096103,19465.3165593445,-85296.1811469377,19462.8539683519,-85296.1809836366,19460.3913773593,-85296.1808203355,0,0,1,0
20140128091000.daq,120,17,1838.35,1,0,right,0.0357818603515625,269.964218139648,12,0.0001,63.1752319335938,1801.29548870532,0.483394980430603,0.184281393885612,0.162873417139053,3.60507675247116,19465.3204421859,-85305.4553700285,19462.8578516681,-85305.4538321127,19460.3952611504,-85305.452294197,0,0,1,0
20140128091000.daq,120,17,1838.45,1,0,right,0.046295166015625,269.953704833984,12,0.0001,63.086727142334,1810.5547169574,-0.0878899917006493,0.183522149920464,0.191348642110825,3.60569815836849,19465.3197923614,-85314.713440528,19462.8572021672,-85314.7114507471,19460.3946119731,-85314.7094609662,0,0,1,0
20140128091000.daq,120,17,1838.55,1,0,right,0.0421142578125,269.957885742188,12,0.0001,62.9984397888184,1819.80098158834,-0.219724982976913,0.184043705463409,0.172365307807922,3.61294257244938,19465.3122382878,-85323.9555254416,19462.8496479551,-85323.9537153575,19460.3870576223,-85323.9519052733,0,0,1,0
20140128091000.daq,120,17,1838.65,1,0,right,0.027130126953125,269.972869873047,12,0.0001,62.9102897644043,1829.03430744883,-0.307614982128143,0.184135243296623,0.181856974959373,3.62166455707502,19465.3033987867,-85333.1895326231,19462.8408080648,-85333.1883665615,19460.3782173428,-85333.1872005,0,0,1,0
20140128091000.daq,120,17,1838.75,1,0,right,0.0036773681640625,269.996322631836,12,0.0001,62.8223419189453,1838.25471845706,-0.351559966802597,0.184927091002464,0.143890097737312,3.63012842389,19465.2950825127,-85342.3998939372,19462.8324915197,-85342.3997358827,19460.3699005268,-85342.3995778282,0,0,1,0
20140128091000.daq,120,17,1838.85,1,0,right,-0.0222320556640625,270.022232055664,12,0.0001,62.7347640991211,1847.46225564233,-0.439449965953827,0.183741331100464,0.143890097737312,3.6388248705029,19465.2869177831,-85351.6101942064,19462.8243269705,-85351.6111497472,19460.3617361579,-85351.6121052881,0,0,1,0
20140128091000.daq,120,17,1838.95,1,0,right,-0.05218505859375,270.052185058594,12,0.0001,62.6475143432617,1856.65697388128,-0.439449965953827,0.18412946164608,0.162873417139053,3.64486038532559,19465.2809556645,-85360.7969566235,19462.8183656879,-85360.7991995537,19460.3557757113,-85360.801442484,0,0,1,0
20140128091000.daq,120,17,1839.05,1,0,right,-0.0850830078125,270.085083007813,12,0.0001,62.5604476928711,1865.83890991379,-0.439449965953827,0.184290707111359,0.191348642110825,3.64813414793457,19465.2771281537,-85369.9758329076,19462.8145398709,-85369.9794898013,19460.3519515881,-85369.9831466949,0,0,1,0
20140128091000.daq,120,17,1839.15,1,0,right,-0.118255615234375,270.118255615234,12,0.0001,62.4735870361328,1875.00809124812,-0.395504981279373,0.184821262955666,0.172365307807922,3.6464213220912,19465.2791765095,-85379.146888738,19462.8165907567,-85379.1519713987,19460.3540050039,-85379.1570540594,0,0,1,0
20140128091000.daq,120,17,1839.25,1,0,right,-0.1514892578125,270.151489257813,12,0.0001,62.3869934082031,1884.16455117393,-0.395504981279373,0.185551881790161,0.172365307807922,3.63869886181727,19465.2870875333,-85388.294504372,19462.8245051428,-85388.3010154214,19460.3619227524,-85388.3075264707,0,0,1,0
20140128091000.daq,120,17,1839.35,1,0,right,-0.184539794921875,270.184539794922,12,0.0001,62.3007202148438,1893.30833305174,-0.307614982128143,0.185863435268402,0.191348642110825,3.62700225830766,19465.29889303,-85397.4421233542,19462.8363148051,-85397.4500549201,19460.3737365803,-85397.457986486,0,0,1,0
20140128091000.daq,120,17,1839.45,1,0,right,-0.21356201171875,270.213562011719,12,0.0001,62.214973449707,1902.43949767946,-0.0439449958503246,0.186400055885315,0.172365307807922,3.6093775727861,19465.3163088852,-85406.5664036301,19462.8537349938,-85406.5755825727,19460.3911611024,-85406.5847615153,0,0,1,0
20140128091000.daq,120,17,1839.55,1,0,right,-0.228759765625,270.228759765625,12,0.0001,62.129768371582,1911.55812664944,0.527339994907379,0.186673387885094,0.172365307807922,3.58858130817051,19465.3367777876,-85415.683213878,19462.8742064176,-85415.6930460201,19460.4116350476,-85415.7028781621,0,0,1,0
20140128091000.daq,120,17,1839.65,1,0,right,-0.229080200195313,270.229080200195,12,0.0001,62.0450706481934,1920.66429572592,0.834954977035522,0.195830717682838,0.143890097737312,3.56295444954746,19465.3621881813,-85424.7847684212,19462.8996168663,-85424.7946143356,19460.4370455514,-85424.8044602499,0,0,1,0
20140128091000.daq,120,17,1839.75,1,0,right,-0.216644287109375,270.216644287109,12,0.0001,61.9614143371582,1929.75810477795,0.966789960861206,0.204850748181343,0.172365307807922,3.53670998995028,19465.3887646847,-85433.8788271393,19462.9261912907,-85433.8881385581,19460.4636178967,-85433.8974499769,0,0,1,0
20140128091000.daq,120,17,1839.85,1,0,right,-0.1976318359375,270.197631835938,12,0.0001,61.8805961608887,1938.83982846857,0.966789960861206,0.211473360657692,0.172365307807922,3.51041865666188,19465.4149353123,-85442.957423796,19462.952358964,-85442.9659180589,19460.4897826158,-85442.9744123218,0,0,1,0
20140128091000.daq,120,17,1839.95,1,0,right,-0.174591064453125,270.174591064453,12,0.0001,61.8039703369141,1947.90999752088,0.966789960861206,0.216825410723686,0.143890097737312,3.48447348726652,19465.4408571713,-85452.0283073647,19462.9782776063,-85452.0358113331,19460.5156980413,-85452.0433153015,0,0,1,0
20140128091000.daq,120,17,1840.05,1,0,right,-0.151458740234375,270.151458740234,12,0.0001,61.7318344116211,1956.96925656086,0.878899991512299,0.222327545285225,0.172365307807922,3.45850084640285,19465.4667731495,-85461.0835676273,19463.0041907556,-85461.090077365,19460.5416083617,-85461.0965871027,0,0,1,0
20140128091000.daq,120,17,1840.15,1,0,right,-0.130401611328125,270.130401611328,12,0.0001,61.6642150878906,1966.01826704577,0.878899991512299,0.226730272173882,0.153381749987602,3.43693118643425,19465.4889107618,-85470.1309635062,19463.0263261418,-85470.1365682045,19460.5637415218,-85470.1421729028,0,0,1,0
20140128091000.daq,120,17,1840.25,1,0,right,-0.110687255859375,270.110687255859,12,0.0001,61.601203918457,1975.05769514195,0.878899991512299,0.230706736445427,0.153381749987602,3.4180146822605,19465.5072248421,-85479.1705132367,19463.0446384394,-85479.1752706075,19460.5820520367,-85479.1800279783,0,0,1,0
20140128091000.daq,120,17,1840.35,1,0,right,-0.09039306640625,270.090393066406,12,0.0001,61.5429954528809,1984.08823233268,0.878899991512299,0.236261054873466,0.162873417139053,3.4016707324347,19465.5235498232,-85488.2022643599,19463.0609618899,-85488.2061494813,19460.5983739566,-85488.2100346027,0,0,1,0
20140128091000.daq,120,17,1840.45,1,0,right,-0.06964111328125,270.069641113281,12,0.0001,61.4898147583008,1993.11059677026,0.878899991512299,0.241671904921532,0.191348642110825,3.38958365666852,19465.5359401045,-85497.2262138277,19463.0733509256,-85497.2292070244,19460.6107617466,-85497.232200221,0,0,1,0
20140128091000.daq,120,17,1840.55,1,0,right,-0.0504302978515625,270.050430297852,12,0.0001,61.4419212341309,2002.12554814912,0.878899991512299,0.246030628681183,0.172365307807922,3.3812630769229,19465.5445191477,-85506.2344998605,19463.0819291036,-85506.2366673707,19460.6193390595,-85506.2388348808,0,0,1,0
20140128091000.daq,120,17,1840.65,1,0,right,-0.0313262939453125,270.031326293945,12,0.0001,61.3989868164063,2011.133847003,0.878899991512299,0.248919367790222,0.191348642110825,3.37655197945724,19465.5491983809,-85515.242782866,19463.086607751,-85515.2441292801,19460.6240171211,-85515.2454756942,0,0,1,0
20140128091000.daq,120,17,1840.75,1,0,right,-0.0130767822265625,270.013076782227,12,0.0001,61.3604049682617,2020.13617502403,0.834954977035522,0.251141041517258,0.191348642110825,3.37363237314522,19465.5519771286,-85524.243231959,19463.0893861947,-85524.2437940033,19460.6267952609,-85524.2443560476,0,0,1,0
20140128091000.daq,120,17,1840.85,1,0,right,0.00115966796875,269.998840332031,12,0.0001,61.325553894043,2029.13312531849,0.703119993209839,0.252139031887054,0.172365307807922,3.37258053441039,19465.5530505894,-85533.2435820472,19463.0904595919,-85533.2435322043,19460.6278685944,-85533.2434823614,0,0,1,0
20140128091000.daq,120,17,1840.95,1,0,right,0.008941650390625,269.991058349609,12,0.0001,61.2937660217285,2038.12519681171,0.351559996604919,0.252406984567642,0.162873417139053,3.37500610706494,19465.5506165822,-85542.2359608213,19463.0880256142,-85542.2355765063,19460.6254346462,-85542.2351921913,0,0,1,0
20140128091000.daq,120,17,1841.05,1,0,right,0.0095977783203125,269.99040222168,12,0.0001,61.264331817627,2047.11278748779,0.26366999745369,0.2530138194561,0.181856974959373,3.38102322439615,19465.544716661,-85551.2203519454,19463.0821256976,-85551.2199394298,19460.6195347341,-85551.2195269142,0,0,1,0
20140128091000.daq,120,17,1841.15,1,0,right,-0.000152587890625,270.000152587891,12,0.0001,61.2366027832031,2056.09619266425,-0.175779983401299,0.257220327854156,0.200840294361115,3.38633357290389,19465.5394598017,-85560.1966747867,19463.0768688037,-85560.196681345,19460.6142778057,-85560.1966879032,0,0,1,0
20140128091000.daq,120,17,1841.25,1,0,right,-0.0220794677734375,270.022079467773,12,0.0001,61.2103729248047,2065.07563837517,-0.615229964256287,0.26933428645134,0.162873417139053,3.3904559691126,19465.5349552308,-85569.1805104613,19463.0723644157,-85569.1814594439,19460.6097736005,-85569.1824084265,0,0,1,0
20140128091000.daq,120,17,1841.35,1,0,right,-0.0543670654296875,270.05436706543,12,0.0001,61.1867256164551,2074.05140343317,-0.615229964256287,0.278598427772522,0.181856974959373,3.39409947994027,19465.5310904454,-85578.1484653545,19463.068500556,-85578.150802068,19460.6059106667,-85578.1531387816,0,0,1,0
20140128091000.daq,120,17,1841.45,1,0,right,-0.085357666015625,270.085357666016,12,0.0001,61.1675720214844,2083.02401175418,-0.219724982976913,0.281247466802597,0.153381749987602,3.39423932426923,19465.5310513653,-85587.1164511301,19463.0684631001,-85587.1201198286,19460.6058748349,-85587.1237885271,0,0,1,0
20140128091000.daq,120,17,1841.55,1,0,right,-0.102249145507813,270.102249145508,12,0.0001,61.1532669067383,2091.99417375091,0.527339994907379,0.281340539455414,0.162873417139053,3.39308576172972,19465.5320944446,-85596.0847841524,19463.069507368,-85596.0891788511,19460.6069202914,-85596.0935735499,0,0,1,0
20140128091000.daq,120,17,1841.65,1,0,right,-0.104354858398438,270.104354858398,12,0.0001,61.1428375244141,2100.96253670687,0.74706494808197,0.281369537115097,0.153381749987602,3.38719174221123,19465.5380838426,-85605.0534821498,19463.0754969291,-85605.0579673527,19460.6129100157,-85605.0624525555,0,0,1,0
20140128091000.daq,120,17,1841.75,1,0,right,-0.103912353515625,270.103912353516,12,0.0001,61.1350860595703,2109.9295797322,0.26366999745369,0.281576335430145,0.191348642110825,3.38147623335742,19465.5439158941,-85614.0222430783,19463.081328946,-85614.0267092622,19460.618741998,-85614.031175446,0,0,1,0
20140128091000.daq,120,17,1841.85,1,0,right,-0.11639404296875,270.116394042969,12,0.0001,61.1291007995605,2118.89562299517,-0.439449965953827,0.281871467828751,0.181856974959373,3.37140402998043,19465.554452198,-85622.9828722393,19463.0918662813,-85622.9878748892,19460.6292803646,-85622.9928775391,0,0,1,0
20140128091000.daq,120,17,1841.95,1,0,right,-0.139938354492188,270.139938354492,12,0.0001,61.1243667602539,2127.86088474357,-0.527339935302734,0.281013518571854,0.162873417139053,3.35991540067203,19465.5656713778,-85631.9432276601,19463.1030877248,-85631.9492422495,19460.6405040717,-85631.9552568389,0,0,1,0
20140128091000.daq,120,17,1842.05,1,0,right,-0.171661376953125,270.171661376953,12,0.0001,61.1205291748047,2136.82552261377,-0.527339935302734,0.281794935464859,0.172365307807922,3.34597016576838,19465.5793482331,-85640.9111924364,19463.1167682876,-85640.9185704865,19460.6541883422,-85640.9259485365,0,0,1,0
20140128091000.daq,120,17,1842.15,1,0,right,-0.205245971679688,270.20524597168,12,0.0001,61.1172828674316,2145.78964318865,-0.527339935302734,0.281856685876846,0.162873417139053,3.32810746367098,19465.5970457699,-85649.8712974529,19463.1344705723,-85649.8801189718,19460.6718953746,-85649.8889404907,0,0,1,0
20140128091000.daq,120,17,1842.25,1,0,right,-0.238845825195313,270.238845825195,12,0.0001,61.1144828796387,2154.75332190614,-0.307614982128143,0.281918942928314,0.200840294361115,3.30657539283252,19465.6186500098,-85658.8314008757,19463.1560804087,-85658.8416665162,19460.6935108076,-85658.8519321567,0,0,1,0
20140128091000.daq,120,17,1842.35,1,0,right,-0.2548828125,270.2548828125,12,0.0001,61.1119956970215,2163.7166143889,0.57128494977951,0.281958341598511,0.181856974959373,3.28248718861724,19465.6430767615,-85667.7919398475,19463.1805101303,-85667.8028947565,19460.717943499,-85667.8138496655,0,0,1,0
20140128091000.daq,120,17,1842.45,1,0,right,-0.2574462890625,270.257446289063,12,0.0001,61.1097297668457,2172.67955980124,0.791009962558746,0.282095491886139,0.181856974959373,3.25523423229677,19465.6705786309,-85676.7528136181,19463.2080124922,-85676.763878705,19460.7454463535,-85676.7749437919,0,0,1,0
20140128091000.daq,120,17,1842.55,1,0,right,-0.249862670898438,270.249862670898,12,0.0001,61.1075744628906,2181.64218178163,0.791009962558746,0.281843602657318,0.181856974959373,3.22397332849451,19465.7013608529,-85685.7139396306,19463.2387932712,-85685.7246787744,19460.7762256896,-85685.7354179182,0,0,1,0
20140128091000.daq,120,17,1842.65,1,0,right,-0.237457275390625,270.237457275391,12,0.0001,61.1054954528809,2190.60449352466,0.791009962558746,0.281450986862183,0.229315519332886,3.19329768617362,19465.7318456009,-85694.6751853689,19463.2692757518,-85694.6853913296,19460.8067059027,-85694.6955972903,0,0,1,0
20140128091000.daq,120,17,1842.75,1,0,right,-0.22509765625,270.22509765625,12,0.0001,61.1034049987793,2199.56650029893,0.791009962558746,0.282370030879974,0.153381749987602,3.16096670556241,19465.7642862314,-85703.6364298049,19463.301714238,-85703.6461045495,19460.8391422446,-85703.6557792942,0,0,1,0
20140128091000.daq,120,17,1842.85,1,0,right,-0.212661743164063,270.212661743164,12,0.0001,61.1013450622559,2208.52820140505,0.791009962558746,0.282368838787079,0.153381749987602,3.13090313929,19465.7947689634,-85712.5976759696,19463.3321949281,-85712.6068162186,19460.8696208928,-85712.6159564676,0,0,1,0
20140128091000.daq,120,17,1842.95,1,0,right,-0.199325561523438,270.199325561523,12,0.0001,61.099292755127,2217.48960187841,0.791009962558746,0.282250165939331,0.172365307807922,3.10056572103237,19465.8251960763,-85721.5589442942,19463.3626199802,-85721.5675113536,19460.9000438842,-85721.5760784129,0,0,1,0
20140128091000.daq,120,17,1843.05,1,0,right,-0.187850952148438,270.187850952148,12,0.0001,61.097297668457,2226.45070512261,0.834954977035522,0.282185912132263,0.134398430585861,3.07347514490183,19465.8518317429,-85730.5201662864,19463.3892539805,-85730.5282401662,19460.9266762181,-85730.5363140459,0,0,1,0
20140128091000.daq,120,17,1843.15,1,0,right,-0.175460815429688,270.17546081543,12,0.0001,61.0953369140625,2235.41151831779,0.834954977035522,0.281589686870575,0.172365307807922,3.0467594790354,19465.8784108495,-85739.4735983182,19463.4158313987,-85739.4811396686,19460.9532519479,-85739.488681019,0,0,1,0
20140128091000.daq,120,17,1843.25,1,0,right,-0.16204833984375,270.162048339844,12,0.0001,61.0933952331543,2244.37204510059,0.834954977035522,0.281990051269531,0.162873417139053,3.02439895103784,19465.9010205388,-85748.4348679975,19463.4384393901,-85748.4418328779,19460.9758582414,-85748.4487977582,0,0,1,0
20140128091000.daq,120,17,1843.35,1,0,right,-0.150299072265625,270.150299072266,12,0.0001,61.0914688110352,2253.33228850162,0.791009962558746,0.28184574842453,0.267282634973526,3.00225862281308,19465.9237328165,-85757.3960963258,19463.4611502913,-85757.4025562208,19460.9985677662,-85757.4090161157,0,0,1,0
20140128091000.daq,120,17,1843.45,1,0,right,-0.13720703125,270.13720703125,12,0.0001,61.0895500183105,2262.29225103855,0.74706494808197,0.28181391954422,0.181856974959373,2.98310365077291,19465.9424558914,-85766.3573577164,19463.4798719544,-85766.363254913,19461.0172880175,-85766.3691521097,0,0,1,0
20140128091000.daq,120,17,1843.55,1,0,right,-0.125274658203125,270.125274658203,12,0.0001,61.0876197814941,2271.25193033359,0.791009962558746,0.281628370285034,0.124906539916992,2.96588813576246,19465.9592973635,-85775.3107777566,19463.4967122518,-85775.3161620973,19461.0341271401,-85775.3215464381,0,0,1,0
20140128091000.daq,120,17,1843.65,1,0,right,-0.11187744140625,270.111877441406,12,0.0001,61.0856742858887,2280.21132578058,0.878899991512299,0.281549334526062,0.191348642110825,2.94920321567249,19465.9760483292,-85784.2720463337,19463.5134620259,-85784.276854859,19461.0508757225,-85784.2816633843,0,0,1,0
20140128091000.daq,120,17,1843.75,1,0,right,-0.0949554443359375,270.094955444336,12,0.0001,61.0837364196777,2289.17043626057,1.23045992851257,0.282147228717804,0.181856974959373,2.93697620690855,19465.9886753105,-85793.2334017401,19463.5260876944,-85793.2374829537,19461.0635000783,-85793.2415641673,0,0,1,0
20140128091000.daq,120,17,1843.85,1,0,right,-0.07171630859375,270.071716308594,12,0.0001,61.0818405151367,2298.12926508384,1.2744048833847,0.281790763139725,0.172365307807922,2.92483038224488,19466.0009120222,-85802.1871001518,19463.5383229533,-85802.190182541,19461.0757338844,-85802.1932649301,0,0,1,0
20140128091000.daq,120,17,1843.95,1,0,right,-0.0442047119140625,270.044204711914,12,0.0001,61.0800094604492,2307.08782092256,1.2744048833847,0.282838225364685,0.153381749987602,2.9165584161796,19466.008978332,-85811.1487157314,19463.5463880669,-85811.1506156639,19461.0837978019,-85811.1525155965,0,0,1,0
20140128091000.daq,120,17,1844.05,1,0,right,-0.0144805908203125,270.01448059082,12,0.0001,61.0782318115234,2316.04611091013,1.2744048833847,0.288659065961838,0.162873417139053,2.91221620434032,19466.0130013646,-85820.1025724261,19463.5504104453,-85820.1031948066,19461.0878195259,-85820.103817187,0,0,1,0
20140128091000.daq,120,17,1844.15,1,0,right,0.015289306640625,269.984710693359,12,0.0001,61.076847076416,2325.00415989732,1.2744048833847,0.299918442964554,0.143890097737312,2.91243858538907,19466.013114939,-85829.0642417927,19463.5505240286,-85829.0635846534,19461.0879331183,-85829.0629275141,0,0,1,0
20140128091000.daq,120,17,1844.25,1,0,right,0.0445709228515625,269.955429077148,12,0.0001,61.0772933959961,2333.96211722135,1.2744048833847,0.306280195713043,0.162873417139053,2.91456576959392,19466.0113051896,-85838.0180857228,19463.5487149367,-85838.0161700504,19461.0861246838,-85838.014254378,0,0,1,0
20140128091000.daq,120,17,1844.35,1,0,right,0.074310302734375,269.925689697266,12,0.0001,61.081226348877,2342.92038217177,1.2744048833847,0.308600783348083,0.191348642110825,2.92173847616542,19466.0036073973,-85846.9797524452,19463.5410184705,-85846.9765585654,19461.0784295437,-85846.9733646857,0,0,1,0
20140128091000.daq,120,17,1844.45,1,0,right,0.102890014648438,269.897109985352,12,0.0001,61.0890007019043,2351.87950924995,1.2744048833847,0.309413313865662,0.162873417139053,2.9350648364169,19465.9901215615,-85855.9335773329,19463.5275345342,-85855.9291550894,19461.0649475069,-85855.9247328459,0,0,1,0
20140128091000.daq,120,17,1844.55,1,0,right,0.132217407226563,269.867782592773,12,0.0001,61.1000099182129,2360.84002349088,1.2744048833847,0.31013360619545,0.134398430585861,2.95276502608056,19465.9726828839,-85864.895232114,19463.5100984427,-85864.8895493725,19461.0475140016,-85864.8838666309,0,0,1,0
20140128091000.daq,120,17,1844.65,1,0,right,0.160842895507813,269.839157104492,12,0.0001,61.1134643554688,2369.80234054908,1.2744048833847,0.310544431209564,0.124906539916992,2.97466838523739,19465.9513810099,-85873.8568688328,19463.4887997152,-85873.8499557626,19461.0262184205,-85873.8430426924,0,0,1,0
20140128091000.daq,120,17,1844.75,1,0,right,0.190155029296875,269.809844970703,12,0.0001,61.1286849975586,2378.76676739819,1.2744048833847,0.310959279537201,0.124906539916992,2.99949230861892,19465.9261300518,-85882.8263339071,19463.4635526161,-85882.8181609979,19461.0009751803,-85882.8099880887,0,0,1,0
20140128091000.daq,120,17,1844.85,1,0,right,0.218551635742188,269.781448364258,12,0.0001,61.1451988220215,2387.73352596938,1.2744048833847,0.311249673366547,0.124906539916992,3.03014243687948,19465.8950760111,-85891.7879632622,19463.4325029284,-85891.7785698655,19460.9699298457,-85891.7691764688,0,0,1,0
20140128091000.daq,120,17,1844.95,1,0,right,0.246353149414063,269.753646850586,12,0.0001,61.1626319885254,2396.70277786202,1.23045992851257,0.311477482318878,0.181856974959373,3.06498597775852,19465.8601522124,-85900.7573897746,19463.3975839776,-85900.7468014698,19460.9350157428,-85900.7362131649,0,0,1,0
20140128091000.daq,120,17,1845.05,1,0,right,0.272933959960938,269.727066040039,12,0.0001,61.1807594299316,2405.67463968323,1.23045992851257,0.311735570430756,0.172365307807922,3.10580226059715,19465.819444283,-85909.726785802,19463.3568812253,-85909.7150550572,19460.8943181676,-85909.7033243123,0,0,1,0
20140128091000.daq,120,17,1845.15,1,0,right,0.299240112304688,269.700759887695,12,0.0001,61.1994094848633,2414.64920090481,1.23045992851257,0.311722755432129,0.162873417139053,3.14861711206394,19465.7767999357,-85918.7039869025,19463.3142425235,-85918.6911255249,19460.8516851113,-85918.6782641473,0,0,1,0
20140128091000.daq,120,17,1845.25,1,0,right,0.325424194335938,269.674575805664,12,0.0001,61.2184104919434,2423.62652507551,1.18651497364044,0.31150233745575,0.153381749987602,3.1973600546613,19465.7283034804,-85927.6811842969,19463.265752203,-85927.6671975358,19460.8032009256,-85927.6532107747,0,0,1,0
20140128091000.daq,120,17,1845.35,1,0,right,0.348678588867188,269.651321411133,12,0.0001,61.2376441955566,2432.60665383072,1.05467998981476,0.312706470489502,0.210332199931145,3.24984860690877,19465.6760819535,-85936.6583100329,19463.2135365556,-85936.6433238077,19460.7509911578,-85936.6283375825,0,0,1,0
20140128091000.daq,120,17,1845.45,1,0,right,0.362091064453125,269.637908935547,12,0.0001,61.257080078125,2441.58961794243,0.527339994907379,0.312608242034912,0.200840294361115,3.30518319284287,19465.6205636387,-85945.6430096257,19463.1580218165,-85945.627446939,19460.6954799943,-85945.6118842524,0,0,1,0
20140128091000.daq,120,17,1845.55,1,0,right,0.363418579101563,269.636581420898,12,0.0001,61.2767639160156,2450.57545144628,0.0878899991512299,0.312709540128708,0.172365307807922,3.36371778709072,19465.5618876538,-85954.627416742,19463.0993461928,-85954.6117969995,19460.6368047318,-85954.5961772571,0,0,1,0
20140128091000.daq,120,17,1845.65,1,0,right,0.34918212890625,269.650817871094,12,0.0001,61.2966270446777,2459.56418576694,-0.351559966802597,0.313370436429977,0.191348642110825,3.42328327990526,19465.5022226389,-85963.6114472225,19463.0396773728,-85963.5964393554,19460.5771321068,-85963.5814314883,0,0,1,0
20140128091000.daq,120,17,1845.75,1,0,right,0.32421875,269.67578125,12,0.0001,61.3166275024414,2468.55584286444,-0.57128494977951,0.313873648643494,0.153381749987602,3.48428189897497,19465.4412687592,-85972.6030300844,19462.978717188,-85972.5890951328,19460.5161656169,-85972.5751601812,0,0,1,0
20140128091000.daq,120,17,1845.85,1,0,right,0.290634155273438,269.709365844727,12,0.0001,61.3368377685547,2477.5504476827,-0.527339935302734,0.315095573663712,0.172365307807922,3.54280653440702,19465.3828015483,-85981.5944030691,19462.920242232,-85981.5819115734,19460.4576829158,-85981.5694200776,0,0,1,0
20140128091000.daq,120,17,1845.95,1,0,right,0.255752563476563,269.744247436523,12,0.0001,61.3573265075684,2486.54803556285,-0.527339935302734,0.31872546672821,0.153381749987602,3.59749023565312,19465.3283203956,-85990.5935558078,19462.8657539309,-85990.582563517,19460.4031874663,-85990.5715712263,0,0,1,0
20140128091000.daq,120,17,1846.05,1,0,right,0.221817016601563,269.778182983398,12,0.0001,61.3783645629883,2495.54866371278,-0.483394980430603,0.324830651283264,0.181856974959373,3.65013964151505,19465.2757333042,-85999.5849177641,19462.8131607609,-85999.5753840213,19460.3505882176,-85999.5658502786,0,0,1,0
20140128091000.daq,120,17,1846.15,1,0,right,0.18914794921875,269.810852050781,12,0.0001,61.4006538391113,2504.55245801776,-0.307614982128143,0.327892005443573,0.153381749987602,3.69668898940022,19465.228926738,-86008.5919343546,19462.766349159,-86008.5838047298,19460.30377158,-86008.575675105,0,0,1,0
20140128091000.daq,120,17,1846.25,1,0,right,0.165390014648438,269.834609985352,12,0.0001,61.4249610900879,2513.55966376765,0.0439449995756149,0.328814506530762,0.143890097737312,3.73804315602876,19465.1874278416,-86017.5913548213,19462.7248471033,-86017.5842463153,19460.262266365,-86017.5771378092,0,0,1,0
20140128091000.daq,120,17,1846.35,1,0,right,0.150039672851563,269.849960327148,12,0.0001,61.4514083862305,2522.57059446342,0.307614982128143,0.328983664512634,0.162873417139053,3.77597386668161,19465.1493149072,-86026.5987925525,19462.6867323528,-86026.5923438065,19460.2241497984,-86026.5858950606,0,0,1,0
20140128091000.daq,120,17,1846.45,1,0,right,0.143478393554688,269.856521606445,12,0.0001,61.4795799255371,2531.58553651745,0.483394980430603,0.329735100269318,0.124906539916992,3.8106063794041,19465.1145645045,-86035.6142572854,19462.6519812278,-86035.6080905444,19460.189397951,-86035.6019238034,0,0,1,0
20140128091000.daq,120,17,1846.55,1,0,right,0.142471313476563,269.857528686523,12,0.0001,61.5090484619141,2540.60471008916,0.483394980430603,0.329509437084198,0.153381749987602,3.84378872426641,19465.0814236707,-86044.6298576821,19462.618840286,-86044.6237342256,19460.1562569012,-86044.6176107692,0,0,1,0
20140128091000.daq,120,17,1846.65,1,0,right,0.142333984375,269.857666015625,12,0.0001,61.5394325256348,2549.62827696442,0.483394980430603,0.330591768026352,0.134398430585861,3.87336675585804,19465.0521352899,-86053.6532918271,19462.5895518905,-86053.647174273,19460.1269684911,-86053.641056719,0,0,1,0
20140128091000.daq,120,17,1846.75,1,0,right,0.143386840820313,269.85661315918,12,0.0001,61.5704765319824,2558.65635113941,0.483394980430603,0.330392718315125,0.172365307807922,3.90283808325284,19465.0227732923,-86062.6845675488,19462.5601900058,-86062.6784047427,19460.0976067192,-86062.6722419367,0,0,1,0
20140128091000.daq,120,17,1846.85,1,0,right,0.14404296875,269.85595703125,12,0.0001,61.6020317077637,2567.68901760998,0.439449995756149,0.330781280994415,0.181856974959373,3.93177615004025,19464.9934358334,-86071.7158335776,19462.5308526176,-86071.7096425711,19460.0682694018,-86071.7034515646,0,0,1,0
20140128091000.daq,120,17,1846.95,1,0,right,0.142684936523438,269.857315063477,12,0.0001,61.6339416503906,2576.72633945868,0.483394980430603,0.331214666366577,0.143890097737312,3.96100046561914,19464.9642229574,-86080.7470504011,19462.5016395956,-86080.7409177631,19460.0390562337,-86080.734785125,0,0,1,0
20140128091000.daq,120,17,1847.05,1,0,right,0.14166259765625,269.858337402344,12,0.0001,61.6661567687988,2585.76836354278,0.483394980430603,0.331239849328995,0.162873417139053,3.9907759894079,19464.9349893171,-86089.7860879242,19462.4724058462,-86089.7799992265,19460.0098223753,-86089.7739105287,0,0,1,0
20140128091000.daq,120,17,1847.15,1,0,right,0.1416015625,269.8583984375,12,0.0001,61.6986198425293,2594.81513215044,0.483394980430603,0.331778794527054,0.153381749987602,4.01759591670724,19464.9076493423,-86098.832961433,19462.4450658649,-86098.8268753586,19459.9824823875,-86098.8207892841,0,0,1,0
20140128091000.daq,120,17,1847.25,1,0,right,0.141326904296875,269.858673095703,12,0.0001,61.731273651123,2603.86667647325,0.527339994907379,0.332242846488953,0.153381749987602,4.04697980838224,19464.8783694556,-86107.8876422226,19462.4157859491,-86107.881567953,19459.9532024426,-86107.8754936834,0,0,1,0
20140128091000.daq,120,17,1847.35,1,0,right,0.147308349609375,269.852691650391,12,0.0001,61.7641220092773,2612.92302387959,0.878899991512299,0.332005977630615,0.181856974959373,4.07674972974383,19464.8487026051,-86116.9424758423,19462.3861197461,-86116.9361444891,19459.9235368872,-86116.9298131359,0,0,1,0
20140128091000.daq,120,17,1847.45,1,0,right,0.161361694335938,269.838638305664,12,0.0001,61.7971534729004,2621.98420350956,1.18651497364044,0.332804501056671,0.0774480029940605,4.10665083298535,19464.8185364165,-86125.9975064971,19462.3559551845,-86125.9905711288,19459.8933739525,-86125.9836357605,0,0,1,0
20140128091000.daq,120,17,1847.55,1,0,right,0.1820068359375,269.817993164063,12,0.0001,61.8303337097168,2631.05023834889,1.18651497364044,0.333057194948196,0.172365307807922,4.13759797855962,19464.787962319,-86135.0683227237,19462.3253837459,-86135.0605000246,19459.8628051727,-86135.0526773255,0,0,1,0
20140128091000.daq,120,17,1847.65,1,0,right,0.203018188476563,269.796981811523,12,0.0001,61.8636703491211,2640.12115124345,1.01073491573334,0.333121299743652,0.181856974959373,4.16978701153866,19464.7554122544,-86144.1391474131,19462.2928367156,-86144.1304216444,19459.8302611767,-86144.1216958758,0,0,1,0
20140128091000.daq,120,17,1847.75,1,0,right,0.213623046875,269.786376953125,12,0.0001,61.8971290588379,2649.19696284774,0.17577999830246,0.33344292640686,0.153381749987602,4.20390864273613,19464.7215528889,-86153.2097182445,19462.2589790074,-86153.2005366786,19459.7964051258,-86153.1913551127,0,0,1,0
20140128091000.daq,120,17,1847.85,1,0,right,0.20306396484375,269.796936035156,12,0.0001,61.9307060241699,2658.27768952685,-0.395504981279373,0.3337741792202,0.181856974959373,4.24020867033437,19464.6850969218,-86162.2875860285,19462.2225213899,-86162.2788582923,19459.7599458581,-86162.2701305562,0,0,1,0
20140128091000.daq,120,17,1847.95,1,0,right,0.179656982421875,269.820343017578,12,0.0001,61.9644165039063,2667.36335067642,-0.439449965953827,0.333531051874161,0.162873417139053,4.27575772097983,19464.6494358281,-86171.3729529122,19462.1868569362,-86171.3652312101,19459.7242780443,-86171.3575095079,0,0,1,0
20140128091000.daq,120,17,1848.05,1,0,right,0.14910888671875,269.850891113281,12,0.0001,61.9982490539551,2676.45396555224,-0.395504981279373,0.333671718835831,0.172365307807922,4.31152941427714,19464.614216232,-86180.4581448197,19462.1516335732,-86180.4517360792,19459.6890509144,-86180.4453273386,0,0,1,0
20140128091000.daq,120,17,1848.15,1,0,right,0.120132446289063,269.879867553711,12,0.0001,62.032112121582,2685.54954571713,-0.307614982128143,0.333788901567459,0.153381749987602,4.34444878758032,19464.5808521669,-86189.5511866559,19462.1182665819,-86189.5460233286,19459.6556809969,-86189.5408600012,0,0,1,0
20140128091000.daq,120,17,1848.25,1,0,right,0.092926025390625,269.907073974609,12,0.0001,62.0659561157227,2694.65009177722,-0.175779983401299,0.334404945373535,0.181856974959373,4.37584615795544,19464.5493314254,-86198.6520834251,19462.0867436663,-86198.6480894365,19459.6241559071,-86198.6440954478,0,0,1,0
20140128091000.daq,120,17,1848.35,1,0,right,0.071319580078125,269.928680419922,12,0.0001,62.0997848510742,2703.75559995591,0,0.334481120109558,0.162873417139053,4.40205910763914,19464.5233235438,-86207.7531166546,19462.0607344536,-86207.7500513169,19459.5981453634,-86207.7469859792,0,0,1,0
20140128091000.daq,120,17,1848.45,1,0,right,0.0572662353515625,269.942733764648,12,0.0001,62.1336479187012,2712.86607076607,0.26366999745369,0.334498971700668,0.124906539916992,4.42503115079127,19464.5007548171,-86216.862147134,19462.0381650491,-86216.8596858133,19459.5755752811,-86216.8572244925,0,0,1,0
20140128091000.daq,120,17,1848.55,1,0,right,0.0521392822265625,269.947860717773,12,0.0001,62.1675720214844,2721.98151348594,0.74706494808197,0.33435046672821,0.143890097737312,4.44590888533651,19464.4795873677,-86225.9792088927,19462.0169973893,-86225.9769679299,19459.5544074109,-86225.9747269672,0,0,1,0
20140128091000.daq,120,17,1848.65,1,0,right,0.0611114501953125,269.938888549805,12,0.0001,62.2015533447266,2731.10193580849,1.09862494468689,0.334447622299194,0.153381749987602,4.46381620384328,19464.4614546155,-86235.0966164214,19461.9988650183,-86235.0939898322,19459.536275421,-86235.0913632429,0,0,1,0
20140128091000.daq,120,17,1848.75,1,0,right,0.0788726806640625,269.921127319336,12,0.0001,62.2355346679688,2740.22734290904,1.14256989955902,0.334369987249374,0.181856974959373,4.48046035974049,19464.4447315786,-86244.2220517323,19461.9821429139,-86244.2186617602,19459.5195542492,-86244.2152717881,0,0,1,0
20140128091000.daq,120,17,1848.85,1,0,right,0.1015625,269.8984375,12,0.0001,62.2695007324219,2749.35773329558,1.09862494468689,0.335215479135513,0.181856974959373,4.49747463855778,19464.4277036496,-86253.3476073429,19461.9651165205,-86253.3432421563,19459.5025293913,-86253.3388769698,0,0,1,0
20140128091000.daq,120,17,1848.95,1,0,right,0.121383666992188,269.878616333008,12,0.0001,62.3034553527832,2758.49310337804,0.92284494638443,0.335399061441422,0.153381749987602,4.51823081232047,19464.4069466616,-86262.4887172536,19461.94436119,-86262.4835001485,19459.4817757183,-86262.4782830434,0,0,1,0
20140128091000.daq,120,17,1849.05,1,0,right,0.126739501953125,269.873260498047,12,0.0001,62.3374710083008,2767.63345777222,0.0439449995756149,0.335376232862473,0.181856974959373,4.54006803279038,19464.3851310538,-86271.6216607074,19461.9225460806,-86271.6162134074,19459.4599611074,-86271.6107661074,0,0,1,0
20140128091000.daq,120,17,1849.15,1,0,right,0.112258911132813,269.887741088867,12,0.0001,62.3715896606445,2776.77880929979,-0.483394980430603,0.336458891630173,0.162873417139053,4.56259048516102,19464.362589081,-86280.7697440756,19461.9000028097,-86280.7649191547,19459.4374165384,-86280.7600942337,0,0,1,0
20140128091000.daq,120,17,1849.25,1,0,right,0.085052490234375,269.914947509766,12,0.0001,62.4058036804199,2785.92916989652,-0.57128494977951,0.33648145198822,0.172365307807922,4.58434281378485,19464.340833873,-86289.9175156137,19461.8782455883,-86289.9138600317,19459.4156573035,-86289.9102044497,0,0,1,0
20140128091000.daq,120,17,1849.35,1,0,right,0.0500335693359375,269.949966430664,12,0.0001,62.4401893615723,2795.08456138255,-0.57128494977951,0.337139010429382,0.162873417139053,4.6056554791759,19464.3195612803,-86299.0729072408,19461.8569712212,-86299.0707567822,19459.3943811621,-86299.0686063236,0,0,1,0
20140128091000.daq,120,17,1849.45,1,0,right,0.0127410888671875,269.987258911133,12,0.0001,62.4747734069824,2804.24501019379,-0.615229964256287,0.338077753782272,0.172365307807922,4.62298592102888,19464.3023349141,-86308.2282416844,19461.839743977,-86308.2276940683,19459.3771530399,-86308.2271464522,0,0,1,0
20140128091000.daq,120,17,1849.55,1,0,right,-0.0240020751953125,270.024002075195,12,0.0001,62.5096206665039,2813.41054985298,-0.615229964256287,0.338969945907593,0.172365307807922,4.63855677730907,19464.2870271388,-86317.3914006471,19461.8244363569,-86317.392432264,19459.361845575,-86317.3934638809,0,0,1,0
20140128091000.daq,120,17,1849.65,1,0,right,-0.059661865234375,270.059661865234,12,0.0001,62.5448112487793,2822.58122460656,-0.57128494977951,0.33955180644989,0.153381749987602,4.64810291102452,19464.2775112427,-86326.5545848587,19461.8149215798,-86326.5571491443,19459.3523319169,-86326.55971343,0,0,1,0
20140128091000.daq,120,17,1849.75,1,0,right,-0.0955810546875,270.095581054688,12,0.0001,62.5803871154785,2831.75708877163,-0.57128494977951,0.339974999427795,0.172365307807922,4.65136061326221,19464.2738701927,-86335.7333862955,19461.8112826213,-86335.737494398,19459.3486950499,-86335.7416025005,0,0,1,0
20140128091000.daq,120,17,1849.85,1,0,right,-0.1317138671875,270.131713867188,12,0.0001,62.6163711547852,2840.93820025545,-0.57128494977951,0.340652078390121,0.153381749987602,4.64910297945165,19464.2761011499,-86344.9121810596,19461.8135166589,-86344.9178421589,19459.3509321679,-86344.9235032582,0,0,1,0
20140128091000.daq,120,17,1849.95,1,0,right,-0.16705322265625,270.167053222656,12,0.0001,62.6527404785156,2850.12461752475,-0.57128494977951,0.340767979621887,0.162873417139053,4.64139236245337,19464.2841419465,-86354.090994067,19461.8215614156,-86354.098174058,19459.3589808847,-86354.1053540489,0,0,1,0
20140128091000.daq,120,17,1850.05,1,0,right,-0.203338623046875,270.203338623047,12,0.0001,62.6894721984863,2859.31639708804,-0.57128494977951,0.34143939614296,0.153381749987602,4.62724473951446,19464.2980999537,-86363.2775947642,19461.8355244638,-86363.2863343051,19459.3729489738,-86363.2950738461,0,0,1,0
20140128091000.daq,120,17,1850.15,1,0,right,-0.239303588867188,270.239303588867,12,0.0001,62.7265090942383,2868.51358608236,-0.57128494977951,0.341454416513443,0.162873417139053,4.60726362660371,19464.3178969987,-86372.4720145038,19461.8553274798,-86372.482299819,19459.3927579608,-86372.4925851342,0,0,1,0
20140128091000.daq,120,17,1850.25,1,0,right,-0.27386474609375,270.273864746094,12,0.0001,62.7638320922852,2877.71622931356,-0.527339935302734,0.341441959142685,0.172365307807922,4.58221858077633,19464.34346628,-86381.6742802781,19461.8809034132,-86381.686051028,19459.4183405464,-86381.6978217779,0,0,1,0
20140128091000.daq,120,17,1850.35,1,0,right,-0.307022094726563,270.307022094727,12,0.0001,62.801342010498,2886.92436165651,-0.527339935302734,0.341757565736771,0.181856974959373,4.55225656132252,19464.3728547348,-86390.884392244,19461.9102990922,-86390.8975880891,19459.4477434495,-86390.9107839341,0,0,1,0
20140128091000.daq,120,17,1850.45,1,0,right,-0.340789794921875,270.340789794922,12,0.0001,62.8389358520508,2896.1380025535,-0.527339935302734,0.342194199562073,0.124906539916992,4.51558000139811,19464.4100928366,-86400.0944877977,19461.9475453987,-86400.1091349662,19459.4849979608,-86400.1237821346,0,0,1,0
20140128091000.daq,120,17,1850.55,1,0,right,-0.373992919921875,270.373992919922,12,0.0001,62.8766479492188,2905.35716529247,-0.527339935302734,0.342311471700668,0.162873417139053,4.4738788238904,19464.451201897,-86409.304596232,19461.9886633607,-86409.3206704537,19459.5261248244,-86409.3367446753,0,0,1,0
20140128091000.daq,120,17,1850.65,1,0,right,-0.405364990234375,270.405364990234,12,0.0001,62.9145202636719,2914.58187080765,-0.527339935302734,0.342268735170364,0.172365307807922,4.42557348381563,19464.5000101539,-86418.5303742973,19462.0374807881,-86418.5477968694,19459.5749514223,-86418.5652194415,0,0,1,0
20140128091000.daq,120,17,1850.75,1,0,right,-0.436172485351563,270.436172485352,12,0.0001,62.9524574279785,2923.81213611683,-0.439449965953827,0.342221349477768,0.153381749987602,4.3723920414751,19464.5526894513,-86427.7561654493,19462.0901698095,-86427.7749121017,19459.6276501677,-86427.7936587541,0,0,1,0
20140128091000.daq,120,17,1850.85,1,0,right,-0.461639404296875,270.461639404297,12,0.0001,62.9904098510742,2933.04796751431,-0.175779983401299,0.341964483261108,0.200840294361115,4.3162248094159,19464.608945653,-86436.9899020465,19462.146434587,-86437.0097432417,19459.6839235209,-86437.0295844368,0,0,1,0
20140128091000.daq,120,17,1850.95,1,0,right,-0.478988647460938,270.478988647461,12,0.0001,63.0283546447754,2942.28936537307,0,0.341963410377502,0.181856974959373,4.2549668699515,19464.6705610376,-86446.2316542377,19462.2080560923,-86446.2522410838,19459.7455511471,-86446.2728279298,0,0,1,0
20140128091000.daq,120,17,1851.05,1,0,right,-0.489425659179688,270.48942565918,12,0.0001,63.0662612915039,2951.53632521721,0.17577999830246,0.341591835021973,0.153381749987602,4.18743225108698,19464.7376100214,-86455.4735797074,19462.2751088671,-86455.4946151236,19459.8126077129,-86455.5156505397,0,0,1,0
20140128091000.daq,120,17,1851.15,1,0,right,-0.495758056640625,270.495758056641,12,0.0001,63.1040916442871,2960.78883995983,0.17577999830246,0.342256635427475,0.153381749987602,4.11869834488326,19464.8063593358,-86464.72342067,19462.3438605215,-86464.7447282446,19459.8813617071,-86464.7660358191,0,0,1,0
20140128091000.daq,120,17,1851.25,1,0,right,-0.49884033203125,270.498840332031,12,0.0001,63.1418304443359,2970.04689589344,0.17577999830246,0.343150228261948,0.143890097737312,4.0485095151328,19464.8768616314,-86473.9811557434,19462.4143639668,-86474.0025957902,19459.9518663023,-86474.0240358369,0,0,1,0
20140128091000.daq,120,17,1851.35,1,0,right,-0.5,270.5,12,0.0001,63.1795539855957,2979.31048425268,0.17577999830246,0.343107461929321,0.181856974959373,3.97627380484988,19464.9491986635,-86483.23893911,19462.4867014334,-86483.2604289977,19460.0242042033,-86483.2819188855,0,0,1,0
20140128091000.daq,120,17,1851.45,1,0,right,-0.5009765625,270.5009765625,12,0.0001,63.2173728942871,2988.57961217104,0.17577999830246,0.343159705400467,0.162873417139053,3.90176687622309,19465.0234775454,-86492.5123520754,19462.5609806819,-86492.5338839346,19460.0984838185,-86492.5554157937,0,0,1,0
20140128091000.daq,120,17,1851.55,1,0,right,-0.502151489257813,270.502151489258,12,0.0001,63.2552528381348,2997.85429144447,0.17577999830246,0.343082994222641,0.143890097737312,3.82731815560141,19465.0977686409,-86501.785760056,19462.6352722196,-86501.8073424119,19460.1727757982,-86501.8289247678,0,0,1,0
20140128091000.daq,120,17,1851.65,1,0,right,-0.501937866210938,270.501937866211,12,0.0001,63.293140411377,3007.13452804083,0.17577999830246,0.342709422111511,0.162873417139053,3.7530303410286,19465.1719742372,-86511.0592029233,19462.7094777354,-86511.080776098,19460.2469812336,-86511.1023492726,0,0,1,0
20140128091000.daq,120,17,1851.75,1,0,right,-0.502685546875,270.502685546875,12,0.0001,63.3309936523438,3016.42032014178,0.131834998726845,0.342940479516983,0.191348642110825,3.67876107649132,19465.2462390251,-86520.3482466375,19462.783742805,-86520.3698519465,19460.3212465849,-86520.3914572556,0,0,1,0
20140128091000.daq,120,17,1851.85,1,0,right,-0.501876831054688,270.501876831055,12,0.0001,63.368766784668,3025.71165786304,0.131834998726845,0.34302631020546,0.162873417139053,3.60263629831058,19465.322361104,-86529.6373294567,19462.8598645792,-86529.6589000082,19460.3973680544,-86529.6804705597,0,0,1,0
20140128091000.daq,120,17,1851.95,1,0,right,-0.500717163085938,270.500717163086,12,0.0001,63.4064598083496,3035.008529735,0.131834998726845,0.342556983232498,0.153381749987602,3.52850416110094,19465.3965084479,-86538.9342335925,19462.934011487,-86538.955754303,19460.4715145261,-86538.9772750135,0,0,1,0
20140128091000.daq,120,17,1852.05,1,0,right,-0.497970581054688,270.497970581055,12,0.0001,63.4440383911133,3044.31092237656,0.17577999830246,0.343483686447144,0.153381749987602,3.45448107611084,19465.4705580756,-86548.2311775925,19463.0080600859,-86548.2525802585,19460.5455620962,-86548.2739829245,0,0,1,0
20140128091000.daq,120,17,1852.15,1,0,right,-0.496063232421875,270.496063232422,12,0.0001,63.4815254211426,3053.61881844352,0.131834998726845,0.343076258897781,0.162873417139053,3.37852640052146,19465.5466125027,-86557.5359130045,19463.0841138018,-86557.5572336951,19460.621615101,-86557.5785543857,0,0,1,0
20140128091000.daq,120,17,1852.25,1,0,right,-0.493560791015625,270.493560791016,12,0.0001,63.5189437866211,3062.93220842454,0.131834998726845,0.343232244253159,0.143890097737312,3.3047367281875,19465.6206771585,-86566.848475859,19463.1581775289,-86566.8696889979,19460.6956778992,-86566.8909021367,0,0,1,0
20140128091000.daq,120,17,1852.35,1,0,right,-0.490203857421875,270.490203857422,12,0.0001,63.5562705993652,3072.2510792648,0.0878899991512299,0.343033879995346,0.172365307807922,3.23103490295942,19465.6946891926,-86576.1688726654,19463.2321883243,-86576.1899415275,19460.7696874559,-86576.2110103897,0,0,1,0
20140128091000.daq,120,17,1852.45,1,0,right,-0.48736572265625,270.487365722656,12,0.0001,63.5935440063477,3081.57542145305,0.0878899991512299,0.342859953641891,0.162873417139053,3.15651282048524,19465.7687331698,-86585.4892564332,19463.3062312608,-86585.5102033158,19460.8437293519,-86585.5311501985,0,0,1,0
20140128091000.daq,120,17,1852.55,1,0,right,-0.484786987304688,270.484786987305,12,0.0001,63.6306495666504,3090.90521885725,0.131834998726845,0.34250196814537,0.162873417139053,3.0822132640654,19465.8427931178,-86594.8174461798,19463.3802902686,-86594.8382822315,19460.9177874194,-86594.8591182833,0,0,1,0
20140128091000.daq,120,17,1852.65,1,0,right,-0.480438232421875,270.480438232422,12,0.0001,63.6676292419434,3100.24044839849,0.131834998726845,0.343595415353775,0.172365307807922,3.01052073855421,19465.914790934,-86604.1534928516,19463.4522865104,-86604.1741419991,19460.9897820868,-86604.1947911466,0,0,1,0
20140128091000.daq,120,17,1852.75,1,0,right,-0.474716186523438,270.474716186523,12,0.0001,63.7045288085938,3109.58109506374,0.131834998726845,0.343152016401291,0.134398430585861,2.93702043436441,19465.9886572914,-86613.4895739678,19463.5261508179,-86613.5099771885,19461.0636443444,-86613.5303804091,0,0,1,0
20140128091000.daq,120,17,1852.85,1,0,right,-0.46978759765625,270.469787597656,12,0.0001,63.7413864135742,3118.92715129993,0.131834998726845,0.342976897954941,0.153381749987602,2.86441436713444,19466.0606193774,-86622.833447641,19463.5981111579,-86622.8536390365,19461.1356029385,-86622.873830432,0,0,1,0
20140128091000.daq,120,17,1852.95,1,0,right,-0.46295166015625,270.462951660156,12,0.0001,63.7781257629395,3128.27860489147,0.131834998726845,0.342064738273621,0.219824090600014,2.79496245515835,19466.1305108522,-86632.1851816321,19463.6680002412,-86632.2050792266,19461.2054896302,-86632.224976821,0,0,1,0
20140128091000.daq,120,17,1853.05,1,0,right,-0.456573486328125,270.456573486328,12,0.0001,63.8147315979004,3137.63543774821,0.131834998726845,0.343379467725754,0.172365307807922,2.72477742862097,19466.2004305021,-86641.5447165941,19463.7379176914,-86641.5643400615,19461.2754048807,-86641.5839635288,0,0,1,0
